schema_version,experiment_id,run_id,sample_id,flow_id,artifact_flow_id,repeat_id,benchmark_name,record_type,counterexample_id,candidate_index,campaign_index,example_index,input_path,input_hash,input_valid,minimized_input_path,divergence_type,replay_count,replay_success_count,reproducible,used_for_repair,reference_behavior,candidate_behavior,reference_stdout,candidate_stdout,reference_stderr,candidate_stderr,reference_exit_code,candidate_exit_code,reference_signal,candidate_signal,reference_timeout,candidate_timeout,behavior_match,provenance,derived_from_flow_id,derived_from_run_id,independent_run
2.0,experiment_20260728_124405,60f40141152f3f1e9ffe,p00033,F5,F3,0,s763935897,counterexample,78600c7d8bd0ff81b315414b,1,1,1,/home/dungbv/clau/reports/experiment_20260728_124405/counterexample_inputs/78600c7d8bd0ff81b315414b.bin,dd3713b1849dc7b2f30a4348d943bfd3199e8ef3f57110f56eaf5487bc531ef8,True,,OUTPUT_MISMATCH,2,2,True,False,"{""exit_code"": 0, ""stderr_base64"": """", ""stdout_base64"": ""WUVTCllFUwpZRVMKWUVTCg=="", ""terminating_signal"": null, ""timeout_status"": false}","{""exit_code"": 0, ""stderr_base64"": """", ""stdout_base64"": ""Tk8KTk8KTk8KTk8K"", ""terminating_signal"": null, ""timeout_status"": false}",WUVTCllFUwpZRVMKWUVTCg==,Tk8KTk8KTk8KTk8K,,,0,0,,,False,False,False,confirmed historical mismatch; replay count from implementation default,,,
2.0,experiment_20260728_124405,60f40141152f3f1e9ffe,p00033,F5,F3,0,s763935897,counterexample,a2f9f54e1b7d1f006f19700f,1,1,2,/home/dungbv/clau/reports/experiment_20260728_124405/counterexample_inputs/a2f9f54e1b7d1f006f19700f.bin,ce859bb73abee23d7f9b94e4edfb60276c900bfed379bf26c382492997bf2141,True,,OUTPUT_MISMATCH,2,2,True,False,"{""exit_code"": 0, ""stderr_base64"": """", ""stdout_base64"": ""WUVTCg=="", ""terminating_signal"": null, ""timeout_status"": false}","{""exit_code"": 0, ""stderr_base64"": """", ""stdout_base64"": ""Tk8K"", ""terminating_signal"": null, ""timeout_status"": false}",WUVTCg==,Tk8K,,,0,0,,,False,False,False,confirmed historical mismatch; replay count from implementation default,,,
2.0,experiment_20260728_124405,60f40141152f3f1e9ffe,p00033,F5,F3,0,s763935897,counterexample,58acbbc8dead22cc7d7be9b9,1,1,3,/home/dungbv/clau/reports/experiment_20260728_124405/counterexample_inputs/58acbbc8dead22cc7d7be9b9.bin,b7e26108fbe2e64a3eb41078ddd24285fb6ee8e390b9ad2f3022c0502c07e9f9,True,,OUTPUT_MISMATCH,2,2,True,False,"{""exit_code"": 0, ""stderr_base64"": """", ""stdout_base64"": ""WUVTCllFUwo="", ""terminating_signal"": null, ""timeout_status"": false}","{""exit_code"": 0, ""stderr_base64"": """", ""stdout_base64"": ""Tk8KTk8K"", ""terminating_signal"": null, ""timeout_status"": false}",WUVTCllFUwo=,Tk8KTk8K,,,0,0,,,False,False,False,confirmed historical mismatch; replay count from implementation default,,,
2.0,experiment_20260728_124405,60f40141152f3f1e9ffe,p00033,F5,F3,0,s763935897,counterexample,4849ba0b3bb403a5c7486556,1,1,4,/home/dungbv/clau/reports/experiment_20260728_124405/counterexample_inputs/4849ba0b3bb403a5c7486556.bin,1bac6b8d156b6481a797f6a5120e41fb589d9a9df5d427ecb79db592182381dd,True,,OUTPUT_MISMATCH,2,2,True,False,"{""exit_code"": 0, ""stderr_base64"": """", ""stdout_base64"": ""WUVTCk5PCg=="", ""terminating_signal"": null, ""timeout_status"": false}","{""exit_code"": 0, ""stderr_base64"": """", ""stdout_base64"": ""Tk8KWUVTCg=="", ""terminating_signal"": null, ""timeout_status"": false}",WUVTCk5PCg==,Tk8KWUVTCg==,,,0,0,,,False,False,False,confirmed historical mismatch; replay count from implementation default,,,
2.0,experiment_20260728_124405,60f40141152f3f1e9ffe,p00033,F5,F3,0,s763935897,counterexample,ef1c1ad60ff0e1cc7c3d5522,1,1,5,/home/dungbv/clau/reports/experiment_20260728_124405/counterexample_inputs/ef1c1ad60ff0e1cc7c3d5522.bin,467eb128675e646167b6dddffe145950f24d512f552c43307d688460ba63146b,True,,OUTPUT_MISMATCH,2,2,True,False,"{""exit_code"": 0, ""stderr_base64"": """", ""stdout_base64"": ""WUVTCllFUwpZRVMKWUVTCg=="", ""terminating_signal"": null, ""timeout_status"": false}","{""exit_code"": 0, ""stderr_base64"": """", ""stdout_base64"": ""Tk8KTk8KTk8KTk8K"", ""terminating_signal"": null, ""timeout_status"": false}",WUVTCllFUwpZRVMKWUVTCg==,Tk8KTk8KTk8KTk8K,,,0,0,,,False,False,False,confirmed historical mismatch; replay count from implementation default,,,
2.0,experiment_20260728_124405,60f40141152f3f1e9ffe,p00033,F5,F3,0,s763935897,counterexample,64014d569a74ed447fc00dff,1,1,6,/home/dungbv/clau/reports/experiment_20260728_124405/counterexample_inputs/64014d569a74ed447fc00dff.bin,d19c787016a0ac4e46bb6c57a3901628e8703bf971d0787e94b81cacb485ab18,True,,OUTPUT_MISMATCH,2,2,True,False,"{""exit_code"": 0, ""stderr_base64"": """", ""stdout_base64"": ""WUVTCk5PCg=="", ""terminating_signal"": null, ""timeout_status"": false}","{""exit_code"": 0, ""stderr_base64"": """", ""stdout_base64"": ""Tk8KTk8K"", ""terminating_signal"": null, ""timeout_status"": false}",WUVTCk5PCg==,Tk8KTk8K,,,0,0,,,False,False,False,confirmed historical mismatch; replay count from implementation default,,,
2.0,experiment_20260728_124405,60f40141152f3f1e9ffe,p00033,F5,F3,0,s763935897,counterexample,d69cb57e1575d489c33e4689,1,1,7,/home/dungbv/clau/reports/experiment_20260728_124405/counterexample_inputs/d69cb57e1575d489c33e4689.bin,0bc8a8697dec13fdaff4e851e1e360ea385ebe134f86fb18e989008db5c88c53,True,,OUTPUT_MISMATCH,2,2,True,False,"{""exit_code"": 0, ""stderr_base64"": """", ""stdout_base64"": ""WUVTCllFUwpOTwpZRVMK"", ""terminating_signal"": null, ""timeout_status"": false}","{""exit_code"": 0, ""stderr_base64"": """", ""stdout_base64"": ""Tk8KTk8KTk8KTk8K"", ""terminating_signal"": null, ""timeout_status"": false}",WUVTCllFUwpOTwpZRVMK,Tk8KTk8KTk8KTk8K,,,0,0,,,False,False,False,confirmed historical mismatch; replay count from implementation default,,,
2.0,experiment_20260728_124405,8972b97b9fb0d3fd1c9e,p00033,F2,F5,0,s763935897,counterexample,776335586c0280cd20cfca45,1,1,1,/home/dungbv/clau/reports/experiment_20260728_124405/counterexample_inputs/776335586c0280cd20cfca45.bin,2c16a544d8c7a94ce1f25502fe22c790f51efa321652ed98219cd9ca710533c9,True,,MIXED_DIVERGENCE,2,2,True,False,"{""exit_code"": -6, ""stderr_base64"": ""bWFsbG9jKCk6IGNvcnJ1cHRlZCB0b3Agc2l6ZQo="", ""stdout_base64"": """", ""terminating_signal"": 6, ""timeout_status"": false}","{""exit_code"": 0, ""stderr_base64"": """", ""stdout_base64"": ""WUVTCllFUwpZRVMKWUVTCllFUwpZRVMKWUVTCllFUwpZRVMKWUVTCllFUwpZRVMKWUVTCllFUwpZRVMKWUVTCllFUwpZRVMKWUVTCllFUwpZRVMKWUVTCllFUwpZRVMKWUVTCllFUwpZRVMKWUVTCllFUwpZRVMKWUVTCllFUwpZRVMKWUVTCllFUwpZRVMKWUVTCllFUwpZRVMKWUVTCllFUwpZRVMKWUVTCllFUwpZRVMKWUVTCllFUwpZRVMKWUVTCllFUwpZRVMKWUVTCllFUwpZRVMKWUVTCllFUwpZRVMKWUVTCllFUwpZRVMKWUVTCllFUwpZRVMKWUVTCg=="", ""terminating_signal"": null, ""timeout_status"": false}",,WUVTCllFUwpZRVMKWUVTCllFUwpZRVMKWUVTCllFUwpZRVMKWUVTCllFUwpZRVMKWUVTCllFUwpZRVMKWUVTCllFUwpZRVMKWUVTCllFUwpZRVMKWUVTCllFUwpZRVMKWUVTCllFUwpZRVMKWUVTCllFUwpZRVMKWUVTCllFUwpZRVMKWUVTCllFUwpZRVMKWUVTCllFUwpZRVMKWUVTCllFUwpZRVMKWUVTCllFUwpZRVMKWUVTCllFUwpZRVMKWUVTCllFUwpZRVMKWUVTCllFUwpZRVMKWUVTCllFUwpZRVMKWUVTCllFUwpZRVMKWUVTCllFUwpZRVMKWUVTCg==,bWFsbG9jKCk6IGNvcnJ1cHRlZCB0b3Agc2l6ZQo=,,-6,0,6,,False,False,False,confirmed historical mismatch; replay count from implementation default,,,
2.0,experiment_20260728_124405,725eec3a005fc8d9d8a1,p00327,F5,F3,0,s356526576,counterexample,09d5fb7fce4756b5f48a9173,2,2,1,/home/dungbv/clau/reports/experiment_20260728_124405/counterexample_inputs/09d5fb7fce4756b5f48a9173.bin,3f11ad6bbc7ecca0b2416b713dee77f1a635c00aaeaa946e14cde1c2bfae56d5,True,,OUTPUT_MISMATCH,2,2,True,False,"{""exit_code"": 0, ""stderr_base64"": """", ""stdout_base64"": ""bm8K"", ""terminating_signal"": null, ""timeout_status"": false}","{""exit_code"": 0, ""stderr_base64"": """", ""stdout_base64"": ""eWVzCg=="", ""terminating_signal"": null, ""timeout_status"": false}",bm8K,eWVzCg==,,,0,0,,,False,False,False,confirmed historical mismatch; replay count from implementation default,,,
2.0,experiment_20260728_124405,725eec3a005fc8d9d8a1,p00327,F5,F3,0,s356526576,counterexample,6c26b8c821812209c97654a5,2,2,2,/home/dungbv/clau/reports/experiment_20260728_124405/counterexample_inputs/6c26b8c821812209c97654a5.bin,71e9e456c14b860b4d0fefcc66850bbd20f29c1a02cf405b68459bd8e4dfa7b8,True,,OUTPUT_MISMATCH,2,2,True,False,"{""exit_code"": 0, ""stderr_base64"": """", ""stdout_base64"": ""bm8K"", ""terminating_signal"": null, ""timeout_status"": false}","{""exit_code"": 0, ""stderr_base64"": """", ""stdout_base64"": ""eWVzCg=="", ""terminating_signal"": null, ""timeout_status"": false}",bm8K,eWVzCg==,,,0,0,,,False,False,False,confirmed historical mismatch; replay count from implementation default,,,
2.0,experiment_20260728_124405,725eec3a005fc8d9d8a1,p00327,F5,F3,0,s356526576,counterexample,1af30aa16cc767d805c3bdfa,2,2,3,/home/dungbv/clau/reports/experiment_20260728_124405/counterexample_inputs/1af30aa16cc767d805c3bdfa.bin,5eb6d903bb68d63aeabbc0dadca8c807b25fee3343298d8f22d634c375701391,True,,OUTPUT_MISMATCH,2,2,True,False,"{""exit_code"": 0, ""stderr_base64"": """", ""stdout_base64"": ""bm8K"", ""terminating_signal"": null, ""timeout_status"": false}","{""exit_code"": 0, ""stderr_base64"": """", ""stdout_base64"": ""eWVzCg=="", ""terminating_signal"": null, ""timeout_status"": false}",bm8K,eWVzCg==,,,0,0,,,False,False,False,confirmed historical mismatch; replay count from implementation default,,,
2.0,experiment_20260728_124405,725eec3a005fc8d9d8a1,p00327,F5,F3,0,s356526576,counterexample,16368f3bbd4b04b6c290af0e,2,2,4,/home/dungbv/clau/reports/experiment_20260728_124405/counterexample_inputs/16368f3bbd4b04b6c290af0e.bin,85603f70a2b561e11fdf08b33a6cfd04165183c8914892c3038d6c399f05f304,True,,OUTPUT_MISMATCH,2,2,True,False,"{""exit_code"": 0, ""stderr_base64"": """", ""stdout_base64"": ""bm8K"", ""terminating_signal"": null, ""timeout_status"": false}","{""exit_code"": 0, ""stderr_base64"": """", ""stdout_base64"": ""eWVzCg=="", ""terminating_signal"": null, ""timeout_status"": false}",bm8K,eWVzCg==,,,0,0,,,False,False,False,confirmed historical mismatch; replay count from implementation default,,,
2.0,experiment_20260728_124405,725eec3a005fc8d9d8a1,p00327,F5,F3,0,s356526576,counterexample,7a5e828ff59d46f511711e87,2,2,5,/home/dungbv/clau/reports/experiment_20260728_124405/counterexample_inputs/7a5e828ff59d46f511711e87.bin,9b26ab8f669ee0e81c3eff31208bf992bb72ed465b37ada5951df4e7a6cbd83c,True,,OUTPUT_MISMATCH,2,2,True,False,"{""exit_code"": 0, ""stderr_base64"": """", ""stdout_base64"": ""bm8K"", ""terminating_signal"": null, ""timeout_status"": false}","{""exit_code"": 0, ""stderr_base64"": """", ""stdout_base64"": ""eWVzCg=="", ""terminating_signal"": null, ""timeout_status"": false}",bm8K,eWVzCg==,,,0,0,,,False,False,False,confirmed historical mismatch; replay count from implementation default,,,
2.0,experiment_20260728_124405,725eec3a005fc8d9d8a1,p00327,F5,F3,0,s356526576,counterexample,4ea7e77868f18e929b82401b,2,2,6,/home/dungbv/clau/reports/experiment_20260728_124405/counterexample_inputs/4ea7e77868f18e929b82401b.bin,dd7d2aa5e2ff8c74265b0b379a97f5aa738482aaba53d519418f46dec2e42fd3,True,,OUTPUT_MISMATCH,2,2,True,False,"{""exit_code"": 0, ""stderr_base64"": """", ""stdout_base64"": ""bm8K"", ""terminating_signal"": null, ""timeout_status"": false}","{""exit_code"": 0, ""stderr_base64"": """", ""stdout_base64"": ""eWVzCg=="", ""terminating_signal"": null, ""timeout_status"": false}",bm8K,eWVzCg==,,,0,0,,,False,False,False,confirmed historical mismatch; replay count from implementation default,,,
2.0,experiment_20260728_124405,725eec3a005fc8d9d8a1,p00327,F5,F3,0,s356526576,counterexample,bf1c8e3c1301a671b42675a9,2,2,7,/home/dungbv/clau/reports/experiment_20260728_124405/counterexample_inputs/bf1c8e3c1301a671b42675a9.bin,dd15f8534f72daa6a0f754d92b71b2f4aa733798fbbc95db9a0cc3fa30cdd593,True,,OUTPUT_MISMATCH,2,2,True,False,"{""exit_code"": 0, ""stderr_base64"": """", ""stdout_base64"": ""bm8K"", ""terminating_signal"": null, ""timeout_status"": false}","{""exit_code"": 0, ""stderr_base64"": """", ""stdout_base64"": ""eWVzCg=="", ""terminating_signal"": null, ""timeout_status"": false}",bm8K,eWVzCg==,,,0,0,,,False,False,False,confirmed historical mismatch; replay count from implementation default,,,
2.0,experiment_20260728_124405,c9ab6a3b397091d574ac,p00693,F2,F5,0,s746355550,counterexample,0cef2f7a80da8015b1d968d8,1,1,1,/home/dungbv/clau/reports/experiment_20260728_124405/counterexample_inputs/0cef2f7a80da8015b1d968d8.bin,7811c38027b15cc11fa5e95a24d5eee961b30a9b4e91b09ec97202fd22ef6500,True,,OUTPUT_MISMATCH,2,2,True,False,"{""exit_code"": 0, ""stderr_base64"": """", ""stdout_base64"": ""MgoxOTIxNjg5MSAwMTIzNDM0NSBIZWxsbwoxOTIxNjgwOSAxMTIwMDM0MCBXb3JsZAoxCjEyMzQ1Njc4IDIzNDU2Nzg5IEhlbGxvCg=="", ""terminating_signal"": null, ""timeout_status"": false}","{""exit_code"": 0, ""stderr_base64"": """", ""stdout_base64"": ""MAoxCjEyMzQ1Njc4IDIzNDU2Nzg5IEhlbGxvCg=="", ""terminating_signal"": null, ""timeout_status"": false}",MgoxOTIxNjg5MSAwMTIzNDM0NSBIZWxsbwoxOTIxNjgwOSAxMTIwMDM0MCBXb3JsZAoxCjEyMzQ1Njc4IDIzNDU2Nzg5IEhlbGxvCg==,MAoxCjEyMzQ1Njc4IDIzNDU2Nzg5IEhlbGxvCg==,,,0,0,,,False,False,False,confirmed historical mismatch; replay count from implementation default,,,
2.0,experiment_20260728_124405,404b503852cfb90e2d6c,p00788,F5,F3,0,s998194081,counterexample,0ffd740670dd4c928aaff79c,2,2,1,/home/dungbv/clau/reports/experiment_20260728_124405/counterexample_inputs/0ffd740670dd4c928aaff79c.bin,0d42da9e70dec4cf937098b2196f8d7e6492535ecfe682efa06e5d620c2b1ef1,True,,OUTPUT_MISMATCH,2,2,True,False,"{""exit_code"": 0, ""stderr_base64"": """", ""stdout_base64"": ""NDIxLzE4IDMwNC8xMwo1MjYvMjMgMzQzLzE1CjY4Ny8yOCAzNjgvMTUKNjUvOCA1MjgvNjUKMTQxLzIwIDcvMQo="", ""terminating_signal"": null, ""timeout_status"": false}","{""exit_code"": 0, ""stderr_base64"": """", ""stdout_base64"": ""NDIxLzE4IDEyMTE1LzUxOAo1MjYvMjMgNzg2Ny8zNDQKNjg3LzI4IDIwOTc4Lzg1NQo2NS84IDEwNDgvMTI5CjE0MS8yMCA3LzEK"", ""terminating_signal"": null, ""timeout_status"": false}",NDIxLzE4IDMwNC8xMwo1MjYvMjMgMzQzLzE1CjY4Ny8yOCAzNjgvMTUKNjUvOCA1MjgvNjUKMTQxLzIwIDcvMQo=,NDIxLzE4IDEyMTE1LzUxOAo1MjYvMjMgNzg2Ny8zNDQKNjg3LzI4IDIwOTc4Lzg1NQo2NS84IDEwNDgvMTI5CjE0MS8yMCA3LzEK,,,0,0,,,False,False,False,confirmed historical mismatch; replay count from implementation default,,,
2.0,experiment_20260728_124405,404b503852cfb90e2d6c,p00788,F5,F3,0,s998194081,counterexample,643b80d06a9b9135f77f9565,2,2,2,/home/dungbv/clau/reports/experiment_20260728_124405/counterexample_inputs/643b80d06a9b9135f77f9565.bin,03ade87ecfc0f0b9d5df35ea6277388b8b0b50da431d4bfa900880634ecadd6d,True,,OUTPUT_MISMATCH,2,2,True,False,"{""exit_code"": 0, ""stderr_base64"": """", ""stdout_base64"": ""NTEvNSA5MjgvOTEKODYyLzEyMyA3LzEKMzQxLzI2IDExOC85Cg=="", ""terminating_signal"": null, ""timeout_status"": false}","{""exit_code"": 0, ""stderr_base64"": """", ""stdout_base64"": ""NTEvNSA2MjMxLzYxMQo4NjIvMTIzIDcvMQozNDEvMjYgMTk0MS8xNDgK"", ""terminating_signal"": null, ""timeout_status"": false}",NTEvNSA5MjgvOTEKODYyLzEyMyA3LzEKMzQxLzI2IDExOC85Cg==,NTEvNSA2MjMxLzYxMQo4NjIvMTIzIDcvMQozNDEvMjYgMTk0MS8xNDgK,,,0,0,,,False,False,False,confirmed historical mismatch; replay count from implementation default,,,
2.0,experiment_20260728_124405,404b503852cfb90e2d6c,p00788,F5,F3,0,s998194081,counterexample,4982865e821c6651b515414e,2,2,3,/home/dungbv/clau/reports/experiment_20260728_124405/counterexample_inputs/4982865e821c6651b515414e.bin,010d31cf116aa664b21de73a8bea53b39eb1ccda6dfe13e3fea434db69bb33fd,True,,OUTPUT_MISMATCH,2,2,True,False,"{""exit_code"": 0, ""stderr_base64"": """", ""stdout_base64"": ""My8yIDQvMwo3LzQgNS8zCjg1LzM4IDM4LzE3Cg=="", ""terminating_signal"": null, ""timeout_status"": false}","{""exit_code"": 0, ""stderr_base64"": """", ""stdout_base64"": ""My8yIDcvNQo3LzQgMTIvNwo4NS8zOCAxOTkvODkK"", ""terminating_signal"": null, ""timeout_status"": false}",My8yIDQvMwo3LzQgNS8zCjg1LzM4IDM4LzE3Cg==,My8yIDcvNQo3LzQgMTIvNwo4NS8zOCAxOTkvODkK,,,0,0,,,False,False,False,confirmed historical mismatch; replay count from implementation default,,,
2.0,experiment_20260728_124405,404b503852cfb90e2d6c,p00788,F5,F3,0,s998194081,counterexample,667cfa5d56c42495f02529a9,2,2,4,/home/dungbv/clau/reports/experiment_20260728_124405/counterexample_inputs/667cfa5d56c42495f02529a9.bin,ab771d11ac29cb0936729409cca561859d17470cc6e1a2f1109096b12e2ff66c,True,,OUTPUT_MISMATCH,2,2,True,False,"{""exit_code"": 0, ""stderr_base64"": """", ""stdout_base64"": ""MTQ3LzIwIDE2OS8yMwo1OS83IDQyLzUKNTIvMTUgNDUvMTMK"", ""terminating_signal"": null, ""timeout_status"": false}","{""exit_code"": 0, ""stderr_base64"": """", ""stdout_base64"": ""MTQ3LzIwIDE2MjQvMjIxCjU5LzcgNDU1LzU0CjUyLzE1IDE0Mi80MQo="", ""terminating_signal"": null, ""timeout_status"": false}",MTQ3LzIwIDE2OS8yMwo1OS83IDQyLzUKNTIvMTUgNDUvMTMK,MTQ3LzIwIDE2MjQvMjIxCjU5LzcgNDU1LzU0CjUyLzE1IDE0Mi80MQo=,,,0,0,,,False,False,False,confirmed historical mismatch; replay count from implementation default,,,
2.0,experiment_20260728_124405,404b503852cfb90e2d6c,p00788,F5,F3,0,s998194081,counterexample,0b721bd12d590d53e7ebb9d4,2,2,5,/home/dungbv/clau/reports/experiment_20260728_124405/counterexample_inputs/0b721bd12d590d53e7ebb9d4.bin,9abaa21a220cb87fe22c0aca75615d472625736315e3ddca104f0de615e2a055,True,,OUTPUT_MISMATCH,2,2,True,False,"{""exit_code"": 0, ""stderr_base64"": """", ""stdout_base64"": ""MzA2LzYxIDUvMQoyODcvMjQgNTYyLzQ3Cg=="", ""terminating_signal"": null, ""timeout_status"": false}","{""exit_code"": 0, ""stderr_base64"": """", ""stdout_base64"": ""MzA2LzYxIDUvMQoyODcvMjQgNjU4OS81NTEK"", ""terminating_signal"": null, ""timeout_status"": false}",MzA2LzYxIDUvMQoyODcvMjQgNTYyLzQ3Cg==,MzA2LzYxIDUvMQoyODcvMjQgNjU4OS81NTEK,,,0,0,,,False,False,False,confirmed historical mismatch; replay count from implementation default,,,
2.0,experiment_20260728_124405,404b503852cfb90e2d6c,p00788,F5,F3,0,s998194081,counterexample,d6d0c343392ead682cb60247,2,2,6,/home/dungbv/clau/reports/experiment_20260728_124405/counterexample_inputs/d6d0c343392ead682cb60247.bin,fd09c1fd0d24403b8b538f3578a5342c91e96ed1010da8f6f7ec3f0d0f08991f,True,,OUTPUT_MISMATCH,2,2,True,False,"{""exit_code"": 0, ""stderr_base64"": """", ""stdout_base64"": ""MTQ5LzcgNTMyLzI1CjI5Ny83MCAxNDAvMzMKNjEvMyA1NjkvMjgKMTk3LzkgMzcyLzE3Cjk2MS82MCAxNi8xCg=="", ""terminating_signal"": null, ""timeout_status"": false}","{""exit_code"": 0, ""stderr_base64"": """", ""stdout_base64"": ""MTQ5LzcgMTU3NS83NAoyOTcvNzAgMTI5NC8zMDUKNjEvMyAxMDUyNy81MTgKMTk3LzkgOTQxMS80MzAKOTYxLzYwIDE2LzEK"", ""terminating_signal"": null, ""timeout_status"": false}",MTQ5LzcgNTMyLzI1CjI5Ny83MCAxNDAvMzMKNjEvMyA1NjkvMjgKMTk3LzkgMzcyLzE3Cjk2MS82MCAxNi8xCg==,MTQ5LzcgMTU3NS83NAoyOTcvNzAgMTI5NC8zMDUKNjEvMyAxMDUyNy81MTgKMTk3LzkgOTQxMS80MzAKOTYxLzYwIDE2LzEK,,,0,0,,,False,False,False,confirmed historical mismatch; replay count from implementation default,,,
2.0,experiment_20260728_124405,404b503852cfb90e2d6c,p00788,F5,F3,0,s998194081,counterexample,532a3143f06b72ffc46e865e,2,2,7,/home/dungbv/clau/reports/experiment_20260728_124405/counterexample_inputs/532a3143f06b72ffc46e865e.bin,ad98f448f901de120b3e28ce02062fd83e579944d9e949b162f9d0a913484c46,True,,OUTPUT_MISMATCH,2,2,True,False,"{""exit_code"": 0, ""stderr_base64"": """", ""stdout_base64"": ""NjIvMyA0NzUvMjMKODU0LzI5IDI2NS85CjI1OS85IDYzMy8yMgo2MjcvMzEgMTgyLzkKOC8xIDg3LzExCg=="", ""terminating_signal"": null, ""timeout_status"": false}","{""exit_code"": 0, ""stderr_base64"": """", ""stdout_base64"": ""NjIvMyA1MTA0LzI0Nwo4NTQvMjkgMjM0OTcvNzk4CjI1OS85IDI1MDYzLzg3MQo2MjcvMzEgNDQyOS8yMTkKOC8xIDYyNy83OQo="", ""terminating_signal"": null, ""timeout_status"": false}",NjIvMyA0NzUvMjMKODU0LzI5IDI2NS85CjI1OS85IDYzMy8yMgo2MjcvMzEgMTgyLzkKOC8xIDg3LzExCg==,NjIvMyA1MTA0LzI0Nwo4NTQvMjkgMjM0OTcvNzk4CjI1OS85IDI1MDYzLzg3MQo2MjcvMzEgNDQyOS8yMTkKOC8xIDYyNy83OQo=,,,0,0,,,False,False,False,confirmed historical mismatch; replay count from implementation default,,,
2.0,experiment_20260728_124405,3c9198be5c4d2c97513b,p00867,F4,F1,0,p00867,counterexample,c3434ef6d0b3aefc2bfb9d05,1,1,1,/home/dungbv/clau/reports/experiment_20260728_124405/counterexample_inputs/c3434ef6d0b3aefc2bfb9d05.bin,7691ba2ab7d6c109656ecc682a09c4b4d903690a948d17127bdda26508440f92,True,,OUTPUT_MISMATCH,2,2,True,False,"{""exit_code"": 0, ""stderr_base64"": """", ""stdout_base64"": ""MCAxIDAgMCAwIDAgMCAwIDAgMAo="", ""terminating_signal"": null, ""timeout_status"": false}","{""exit_code"": 0, ""stderr_base64"": """", ""stdout_base64"": ""MAo="", ""terminating_signal"": null, ""timeout_status"": false}",MCAxIDAgMCAwIDAgMCAwIDAgMAo=,MAo=,,,0,0,,,False,False,False,confirmed historical mismatch; replay count from implementation default,,,
2.0,experiment_20260728_124405,3c9198be5c4d2c97513b,p00867,F4,F1,0,p00867,counterexample,cdce547da79aba19bb952ac5,1,1,2,/home/dungbv/clau/reports/experiment_20260728_124405/counterexample_inputs/cdce547da79aba19bb952ac5.bin,4a98ad38cb8f3a2c9b89b96cd82889aa2c3d46ff535ec622bfe4f865b0f05b39,True,,OUTPUT_MISMATCH,2,2,True,False,"{""exit_code"": 0, ""stderr_base64"": """", ""stdout_base64"": ""MCAwIDAgMCAwIDAgMCAwIDAgMAo="", ""terminating_signal"": null, ""timeout_status"": false}","{""exit_code"": 0, ""stderr_base64"": """", ""stdout_base64"": ""NAo="", ""terminating_signal"": null, ""timeout_status"": false}",MCAwIDAgMCAwIDAgMCAwIDAgMAo=,NAo=,,,0,0,,,False,False,False,confirmed historical mismatch; replay count from implementation default,,,
2.0,experiment_20260728_124405,3c9198be5c4d2c97513b,p00867,F4,F1,0,p00867,counterexample,f93bda02437ebc71c6bc4b9e,1,1,3,/home/dungbv/clau/reports/experiment_20260728_124405/counterexample_inputs/f93bda02437ebc71c6bc4b9e.bin,9d7f55f28d661332b2c2a0f9ac61767faa6ea0e3ccfcb75444cf3fcb31a18c31,True,,OUTPUT_MISMATCH,2,2,True,False,"{""exit_code"": 0, ""stderr_base64"": """", ""stdout_base64"": ""MCAyIDAgMCAwIDAgMCAwIDAgMAo="", ""terminating_signal"": null, ""timeout_status"": false}","{""exit_code"": 0, ""stderr_base64"": """", ""stdout_base64"": ""NAo="", ""terminating_signal"": null, ""timeout_status"": false}",MCAyIDAgMCAwIDAgMCAwIDAgMAo=,NAo=,,,0,0,,,False,False,False,confirmed historical mismatch; replay count from implementation default,,,
2.0,experiment_20260728_124405,3c9198be5c4d2c97513b,p00867,F4,F1,0,p00867,counterexample,1cec12fcdd077ef768251e38,1,1,4,/home/dungbv/clau/reports/experiment_20260728_124405/counterexample_inputs/1cec12fcdd077ef768251e38.bin,d41c135dcf308e8370d5565114d65083c4fc481d9f6831fff55927a28e5dbe60,True,,OUTPUT_MISMATCH,2,2,True,False,"{""exit_code"": 0, ""stderr_base64"": """", ""stdout_base64"": ""MCAxIDAgMSAwIDAgMCAwIDAgMQowIDAgMCAwIDAgMSAwIDEgMCAwCjEgMCAxIDAgMiAwIDAgMCAxIDAK"", ""terminating_signal"": null, ""timeout_status"": false}","{""exit_code"": 0, ""stderr_base64"": """", ""stdout_base64"": """", ""terminating_signal"": null, ""timeout_status"": false}",MCAxIDAgMSAwIDAgMCAwIDAgMQowIDAgMCAwIDAgMSAwIDEgMCAwCjEgMCAxIDAgMiAwIDAgMCAxIDAK,,,,0,0,,,False,False,False,confirmed historical mismatch; replay count from implementation default,,,
2.0,experiment_20260728_124405,3c9198be5c4d2c97513b,p00867,F4,F1,0,p00867,counterexample,94fee3f17b80567cc2fc3880,1,1,5,/home/dungbv/clau/reports/experiment_20260728_124405/counterexample_inputs/94fee3f17b80567cc2fc3880.bin,f3946128d17aba27f3dd5872e811e45f07dcfac0751d15748568500e14de87fb,True,,OUTPUT_MISMATCH,2,2,True,False,"{""exit_code"": 0, ""stderr_base64"": """", ""stdout_base64"": ""MiAwIDAgMCAwIDAgMCAwIDAgMAo="", ""terminating_signal"": null, ""timeout_status"": false}","{""exit_code"": 0, ""stderr_base64"": """", ""stdout_base64"": ""NAo="", ""terminating_signal"": null, ""timeout_status"": false}",MiAwIDAgMCAwIDAgMCAwIDAgMAo=,NAo=,,,0,0,,,False,False,False,confirmed historical mismatch; replay count from implementation default,,,
2.0,experiment_20260728_124405,3c9198be5c4d2c97513b,p00867,F4,F1,0,p00867,counterexample,877c80c17fbc21e437e62148,1,1,6,/home/dungbv/clau/reports/experiment_20260728_124405/counterexample_inputs/877c80c17fbc21e437e62148.bin,705828dd6bcd4a0aad49233c1c97ab2f16effb0dab37da4018b5e9965203e20f,True,,OUTPUT_MISMATCH,2,2,True,False,"{""exit_code"": 0, ""stderr_base64"": """", ""stdout_base64"": ""MCAtMTUgMCAwIDAgMCAwIDAgMCAwCg=="", ""terminating_signal"": null, ""timeout_status"": false}","{""exit_code"": 0, ""stderr_base64"": """", ""stdout_base64"": ""NAo="", ""terminating_signal"": null, ""timeout_status"": false}",MCAtMTUgMCAwIDAgMCAwIDAgMCAwCg==,NAo=,,,0,0,,,False,False,False,confirmed historical mismatch; replay count from implementation default,,,
2.0,experiment_20260728_124405,3c9198be5c4d2c97513b,p00867,F4,F1,0,p00867,counterexample,c9e411994c0c228f0071cea3,1,1,7,/home/dungbv/clau/reports/experiment_20260728_124405/counterexample_inputs/c9e411994c0c228f0071cea3.bin,6cc94f3ef2563ebbb03de31557d25414471635f454e5138dfba747a84e0c032f,True,,OUTPUT_MISMATCH,2,2,True,False,"{""exit_code"": 0, ""stderr_base64"": """", ""stdout_base64"": ""MCAzIDAgMCAwIDAgMCAwIDAgMAo="", ""terminating_signal"": null, ""timeout_status"": false}","{""exit_code"": 0, ""stderr_base64"": """", ""stdout_base64"": ""NAo="", ""terminating_signal"": null, ""timeout_status"": false}",MCAzIDAgMCAwIDAgMCAwIDAgMAo=,NAo=,,,0,0,,,False,False,False,confirmed historical mismatch; replay count from implementation default,,,
2.0,experiment_20260728_124405,0b2d23f92c8aabf92e04,p00867,F1,F2,0,p00867,counterexample,4f9eb23418f58b21a6ce22a1,1,1,1,/home/dungbv/clau/reports/experiment_20260728_124405/counterexample_inputs/4f9eb23418f58b21a6ce22a1.bin,d41c135dcf308e8370d5565114d65083c4fc481d9f6831fff55927a28e5dbe60,True,,OUTPUT_MISMATCH,2,2,True,False,"{""exit_code"": 0, ""stderr_base64"": """", ""stdout_base64"": ""MCAxIDAgMSAwIDAgMCAwIDAgMQowIDAgMCAwIDAgMSAwIDEgMCAwCjEgMCAxIDAgMiAwIDAgMCAxIDAK"", ""terminating_signal"": null, ""timeout_status"": false}","{""exit_code"": 0, ""stderr_base64"": """", ""stdout_base64"": ""MSAwIDAgMCAwIDAgMCAwIDUgMAowIDAgMCAwIDAgMCAwIDAgNiAwCjEgMCAwIDAgMCAwIDAgMSAxMyAwCg=="", ""terminating_signal"": null, ""timeout_status"": false}",MCAxIDAgMSAwIDAgMCAwIDAgMQowIDAgMCAwIDAgMSAwIDEgMCAwCjEgMCAxIDAgMiAwIDAgMCAxIDAK,MSAwIDAgMCAwIDAgMCAwIDUgMAowIDAgMCAwIDAgMCAwIDAgNiAwCjEgMCAwIDAgMCAwIDAgMSAxMyAwCg==,,,0,0,,,False,False,False,confirmed historical mismatch; replay count from implementation default,,,
2.0,experiment_20260728_124405,0b2d23f92c8aabf92e04,p00867,F1,F2,0,p00867,counterexample,65cf3517bb7b7a950c631a17,1,1,2,/home/dungbv/clau/reports/experiment_20260728_124405/counterexample_inputs/65cf3517bb7b7a950c631a17.bin,7691ba2ab7d6c109656ecc682a09c4b4d903690a948d17127bdda26508440f92,True,,OUTPUT_MISMATCH,2,2,True,False,"{""exit_code"": 0, ""stderr_base64"": """", ""stdout_base64"": ""MCAxIDAgMCAwIDAgMCAwIDAgMAo="", ""terminating_signal"": null, ""timeout_status"": false}","{""exit_code"": 0, ""stderr_base64"": """", ""stdout_base64"": ""MCAwIDAgMCAwIDAgMCAwIDEgMAo="", ""terminating_signal"": null, ""timeout_status"": false}",MCAxIDAgMCAwIDAgMCAwIDAgMAo=,MCAwIDAgMCAwIDAgMCAwIDEgMAo=,,,0,0,,,False,False,False,confirmed historical mismatch; replay count from implementation default,,,
2.0,experiment_20260728_124405,0b2d23f92c8aabf92e04,p00867,F1,F2,0,p00867,counterexample,abd9d60cbc5823f29b561687,1,1,3,/home/dungbv/clau/reports/experiment_20260728_124405/counterexample_inputs/abd9d60cbc5823f29b561687.bin,9d7f55f28d661332b2c2a0f9ac61767faa6ea0e3ccfcb75444cf3fcb31a18c31,True,,OUTPUT_MISMATCH,2,2,True,False,"{""exit_code"": 0, ""stderr_base64"": """", ""stdout_base64"": ""MCAyIDAgMCAwIDAgMCAwIDAgMAo="", ""terminating_signal"": null, ""timeout_status"": false}","{""exit_code"": 0, ""stderr_base64"": """", ""stdout_base64"": ""MCAwIDAgMCAwIDAgMCAwIDIgMAo="", ""terminating_signal"": null, ""timeout_status"": false}",MCAyIDAgMCAwIDAgMCAwIDAgMAo=,MCAwIDAgMCAwIDAgMCAwIDIgMAo=,,,0,0,,,False,False,False,confirmed historical mismatch; replay count from implementation default,,,
2.0,experiment_20260728_124405,0b2d23f92c8aabf92e04,p00867,F1,F2,0,p00867,counterexample,0ca173de43558848e2e83140,1,1,4,/home/dungbv/clau/reports/experiment_20260728_124405/counterexample_inputs/0ca173de43558848e2e83140.bin,4a98ad38cb8f3a2c9b89b96cd82889aa2c3d46ff535ec622bfe4f865b0f05b39,True,,OUTPUT_MISMATCH,2,2,True,False,"{""exit_code"": 0, ""stderr_base64"": """", ""stdout_base64"": ""MCAwIDAgMCAwIDAgMCAwIDAgMAo="", ""terminating_signal"": null, ""timeout_status"": false}","{""exit_code"": 0, ""stderr_base64"": """", ""stdout_base64"": ""MCAwIDAgMCAwIDAgMCAwIDIgMAo="", ""terminating_signal"": null, ""timeout_status"": false}",MCAwIDAgMCAwIDAgMCAwIDAgMAo=,MCAwIDAgMCAwIDAgMCAwIDIgMAo=,,,0,0,,,False,False,False,confirmed historical mismatch; replay count from implementation default,,,
2.0,experiment_20260728_124405,0b2d23f92c8aabf92e04,p00867,F1,F2,0,p00867,counterexample,cbd884cced0146f5e1cc0d84,1,1,5,/home/dungbv/clau/reports/experiment_20260728_124405/counterexample_inputs/cbd884cced0146f5e1cc0d84.bin,f3946128d17aba27f3dd5872e811e45f07dcfac0751d15748568500e14de87fb,True,,OUTPUT_MISMATCH,2,2,True,False,"{""exit_code"": 0, ""stderr_base64"": """", ""stdout_base64"": ""MiAwIDAgMCAwIDAgMCAwIDAgMAo="", ""terminating_signal"": null, ""timeout_status"": false}","{""exit_code"": 0, ""stderr_base64"": """", ""stdout_base64"": ""MCAwIDAgMCAwIDAgMCAwIDIgMAo="", ""terminating_signal"": null, ""timeout_status"": false}",MiAwIDAgMCAwIDAgMCAwIDAgMAo=,MCAwIDAgMCAwIDAgMCAwIDIgMAo=,,,0,0,,,False,False,False,confirmed historical mismatch; replay count from implementation default,,,
2.0,experiment_20260728_124405,0b2d23f92c8aabf92e04,p00867,F1,F2,0,p00867,counterexample,b2973ca1bfb6850f8dc3b6e0,1,1,6,/home/dungbv/clau/reports/experiment_20260728_124405/counterexample_inputs/b2973ca1bfb6850f8dc3b6e0.bin,6cc94f3ef2563ebbb03de31557d25414471635f454e5138dfba747a84e0c032f,True,,OUTPUT_MISMATCH,2,2,True,False,"{""exit_code"": 0, ""stderr_base64"": """", ""stdout_base64"": ""MCAzIDAgMCAwIDAgMCAwIDAgMAo="", ""terminating_signal"": null, ""timeout_status"": false}","{""exit_code"": 0, ""stderr_base64"": """", ""stdout_base64"": ""MCAwIDAgMCAwIDAgMCAwIDIgMAo="", ""terminating_signal"": null, ""timeout_status"": false}",MCAzIDAgMCAwIDAgMCAwIDAgMAo=,MCAwIDAgMCAwIDAgMCAwIDIgMAo=,,,0,0,,,False,False,False,confirmed historical mismatch; replay count from implementation default,,,
2.0,experiment_20260728_124405,0b2d23f92c8aabf92e04,p00867,F1,F2,0,p00867,counterexample,9b9733d4c666b18db9e86d86,1,1,7,/home/dungbv/clau/reports/experiment_20260728_124405/counterexample_inputs/9b9733d4c666b18db9e86d86.bin,705828dd6bcd4a0aad49233c1c97ab2f16effb0dab37da4018b5e9965203e20f,True,,OUTPUT_MISMATCH,2,2,True,False,"{""exit_code"": 0, ""stderr_base64"": """", ""stdout_base64"": ""MCAtMTUgMCAwIDAgMCAwIDAgMCAwCg=="", ""terminating_signal"": null, ""timeout_status"": false}","{""exit_code"": 0, ""stderr_base64"": """", ""stdout_base64"": ""MCAwIDAgMCAwIDAgMCAwIDIgMAo="", ""terminating_signal"": null, ""timeout_status"": false}",MCAtMTUgMCAwIDAgMCAwIDAgMCAwCg==,MCAwIDAgMCAwIDAgMCAwIDIgMAo=,,,0,0,,,False,False,False,confirmed historical mismatch; replay count from implementation default,,,
2.0,experiment_20260728_124405,e68e76370efb736bfd91,p00867,F5,F3,0,p00867,counterexample,a45af32b03a6dac3afe361c1,2,2,1,/home/dungbv/clau/reports/experiment_20260728_124405/counterexample_inputs/a45af32b03a6dac3afe361c1.bin,4a98ad38cb8f3a2c9b89b96cd82889aa2c3d46ff535ec622bfe4f865b0f05b39,True,,OUTPUT_MISMATCH,2,2,True,False,"{""exit_code"": 0, ""stderr_base64"": """", ""stdout_base64"": ""MCAwIDAgMCAwIDAgMCAwIDAgMAo="", ""terminating_signal"": null, ""timeout_status"": false}","{""exit_code"": 0, ""stderr_base64"": """", ""stdout_base64"": ""MCA0IDAgMCAwIDAgMCAwIDAgMAo="", ""terminating_signal"": null, ""timeout_status"": false}",MCAwIDAgMCAwIDAgMCAwIDAgMAo=,MCA0IDAgMCAwIDAgMCAwIDAgMAo=,,,0,0,,,False,False,False,confirmed historical mismatch; replay count from implementation default,,,
2.0,experiment_20260728_124405,e68e76370efb736bfd91,p00867,F5,F3,0,p00867,counterexample,d6bada8d4924d8bff28bc176,2,2,2,/home/dungbv/clau/reports/experiment_20260728_124405/counterexample_inputs/d6bada8d4924d8bff28bc176.bin,6cc94f3ef2563ebbb03de31557d25414471635f454e5138dfba747a84e0c032f,True,,OUTPUT_MISMATCH,2,2,True,False,"{""exit_code"": 0, ""stderr_base64"": """", ""stdout_base64"": ""MCAzIDAgMCAwIDAgMCAwIDAgMAo="", ""terminating_signal"": null, ""timeout_status"": false}","{""exit_code"": 0, ""stderr_base64"": """", ""stdout_base64"": ""MiAwIDAgMCAwIDAgMCAwIDAgMAo="", ""terminating_signal"": null, ""timeout_status"": false}",MCAzIDAgMCAwIDAgMCAwIDAgMAo=,MiAwIDAgMCAwIDAgMCAwIDAgMAo=,,,0,0,,,False,False,False,confirmed historical mismatch; replay count from implementation default,,,
2.0,experiment_20260728_124405,e68e76370efb736bfd91,p00867,F5,F3,0,p00867,counterexample,ee8e4ad8a1bb7da7b76f6d0c,2,2,3,/home/dungbv/clau/reports/experiment_20260728_124405/counterexample_inputs/ee8e4ad8a1bb7da7b76f6d0c.bin,d41c135dcf308e8370d5565114d65083c4fc481d9f6831fff55927a28e5dbe60,True,,OUTPUT_MISMATCH,2,2,True,False,"{""exit_code"": 0, ""stderr_base64"": """", ""stdout_base64"": ""MCAxIDAgMSAwIDAgMCAwIDAgMQowIDAgMCAwIDAgMSAwIDEgMCAwCjEgMCAxIDAgMiAwIDAgMCAxIDAK"", ""terminating_signal"": null, ""timeout_status"": false}","{""exit_code"": 0, ""stderr_base64"": """", ""stdout_base64"": ""MCAyIDAgMCAwIDAgMCAxIDAgMQowIDAgMSAwIDAgMCAwIDEgMCAwCjIgNyAxIDAgMCAwIDAgMCAwIDAK"", ""terminating_signal"": null, ""timeout_status"": false}",MCAxIDAgMSAwIDAgMCAwIDAgMQowIDAgMCAwIDAgMSAwIDEgMCAwCjEgMCAxIDAgMiAwIDAgMCAxIDAK,MCAyIDAgMCAwIDAgMCAxIDAgMQowIDAgMSAwIDAgMCAwIDEgMCAwCjIgNyAxIDAgMCAwIDAgMCAwIDAK,,,0,0,,,False,False,False,confirmed historical mismatch; replay count from implementation default,,,
2.0,experiment_20260728_124405,e68e76370efb736bfd91,p00867,F5,F3,0,p00867,counterexample,66574e1fac278a56583c0178,2,2,4,/home/dungbv/clau/reports/experiment_20260728_124405/counterexample_inputs/66574e1fac278a56583c0178.bin,705828dd6bcd4a0aad49233c1c97ab2f16effb0dab37da4018b5e9965203e20f,True,,OUTPUT_MISMATCH,2,2,True,False,"{""exit_code"": 0, ""stderr_base64"": """", ""stdout_base64"": ""MCAtMTUgMCAwIDAgMCAwIDAgMCAwCg=="", ""terminating_signal"": null, ""timeout_status"": false}","{""exit_code"": 0, ""stderr_base64"": """", ""stdout_base64"": ""MiAwIDAgMCAwIDAgMCAwIDAgMAo="", ""terminating_signal"": null, ""timeout_status"": false}",MCAtMTUgMCAwIDAgMCAwIDAgMCAwCg==,MiAwIDAgMCAwIDAgMCAwIDAgMAo=,,,0,0,,,False,False,False,confirmed historical mismatch; replay count from implementation default,,,
2.0,experiment_20260728_124405,e68e76370efb736bfd91,p00867,F5,F3,0,p00867,counterexample,a38611f2aa6add49b035664f,2,2,5,/home/dungbv/clau/reports/experiment_20260728_124405/counterexample_inputs/a38611f2aa6add49b035664f.bin,de1da11e6df4912d1e83883fab051f8a118a1eb0492cbd501bf8c211d4b1a087,True,,MIXED_DIVERGENCE,2,2,True,False,"{""exit_code"": -11, ""stderr_base64"": """", ""stdout_base64"": """", ""terminating_signal"": 11, ""timeout_status"": false}","{""exit_code"": 0, ""stderr_base64"": """", ""stdout_base64"": ""MSAwIDAgMCAwIDAgMSAwIDAgMAo="", ""terminating_signal"": null, ""timeout_status"": false}",,MSAwIDAgMCAwIDAgMSAwIDAgMAo=,,,-11,0,11,,False,False,False,confirmed historical mismatch; replay count from implementation default,,,
2.0,experiment_20260728_124405,063d0c43b793c300529e,p00867,F3,F4,0,p00867,counterexample,068913c6a779eaec1804f136,1,1,1,/home/dungbv/clau/reports/experiment_20260728_124405/counterexample_inputs/068913c6a779eaec1804f136.bin,d41c135dcf308e8370d5565114d65083c4fc481d9f6831fff55927a28e5dbe60,True,,OUTPUT_MISMATCH,2,2,True,False,"{""exit_code"": 0, ""stderr_base64"": """", ""stdout_base64"": ""MCAxIDAgMSAwIDAgMCAwIDAgMQowIDAgMCAwIDAgMSAwIDEgMCAwCjEgMCAxIDAgMiAwIDAgMCAxIDAK"", ""terminating_signal"": null, ""timeout_status"": false}","{""exit_code"": 0, ""stderr_base64"": """", ""stdout_base64"": ""MSA0IDQK"", ""terminating_signal"": null, ""timeout_status"": false}",MCAxIDAgMSAwIDAgMCAwIDAgMQowIDAgMCAwIDAgMSAwIDEgMCAwCjEgMCAxIDAgMiAwIDAgMCAxIDAK,MSA0IDQK,,,0,0,,,False,False,False,confirmed historical mismatch; replay count from implementation default,,,
2.0,experiment_20260728_124405,063d0c43b793c300529e,p00867,F3,F4,0,p00867,counterexample,777f4a689783792b7a5cd346,1,1,2,/home/dungbv/clau/reports/experiment_20260728_124405/counterexample_inputs/777f4a689783792b7a5cd346.bin,4a98ad38cb8f3a2c9b89b96cd82889aa2c3d46ff535ec622bfe4f865b0f05b39,True,,OUTPUT_MISMATCH,2,2,True,False,"{""exit_code"": 0, ""stderr_base64"": """", ""stdout_base64"": ""MCAwIDAgMCAwIDAgMCAwIDAgMAo="", ""terminating_signal"": null, ""timeout_status"": false}","{""exit_code"": 0, ""stderr_base64"": """", ""stdout_base64"": ""MiAyCg=="", ""terminating_signal"": null, ""timeout_status"": false}",MCAwIDAgMCAwIDAgMCAwIDAgMAo=,MiAyCg==,,,0,0,,,False,False,False,confirmed historical mismatch; replay count from implementation default,,,
2.0,experiment_20260728_124405,063d0c43b793c300529e,p00867,F3,F4,0,p00867,counterexample,fe87cd5971ca500b450e8ee8,1,1,3,/home/dungbv/clau/reports/experiment_20260728_124405/counterexample_inputs/fe87cd5971ca500b450e8ee8.bin,7691ba2ab7d6c109656ecc682a09c4b4d903690a948d17127bdda26508440f92,True,,OUTPUT_MISMATCH,2,2,True,False,"{""exit_code"": 0, ""stderr_base64"": """", ""stdout_base64"": ""MCAxIDAgMCAwIDAgMCAwIDAgMAo="", ""terminating_signal"": null, ""timeout_status"": false}","{""exit_code"": 0, ""stderr_base64"": """", ""stdout_base64"": ""MQo="", ""terminating_signal"": null, ""timeout_status"": false}",MCAxIDAgMCAwIDAgMCAwIDAgMAo=,MQo=,,,0,0,,,False,False,False,confirmed historical mismatch; replay count from implementation default,,,
2.0,experiment_20260728_124405,063d0c43b793c300529e,p00867,F3,F4,0,p00867,counterexample,0b3b12b792974de0577a10ac,1,1,4,/home/dungbv/clau/reports/experiment_20260728_124405/counterexample_inputs/0b3b12b792974de0577a10ac.bin,9d7f55f28d661332b2c2a0f9ac61767faa6ea0e3ccfcb75444cf3fcb31a18c31,True,,OUTPUT_MISMATCH,2,2,True,False,"{""exit_code"": 0, ""stderr_base64"": """", ""stdout_base64"": ""MCAyIDAgMCAwIDAgMCAwIDAgMAo="", ""terminating_signal"": null, ""timeout_status"": false}","{""exit_code"": 0, ""stderr_base64"": """", ""stdout_base64"": ""MSAxCg=="", ""terminating_signal"": null, ""timeout_status"": false}",MCAyIDAgMCAwIDAgMCAwIDAgMAo=,MSAxCg==,,,0,0,,,False,False,False,confirmed historical mismatch; replay count from implementation default,,,
2.0,experiment_20260728_124405,063d0c43b793c300529e,p00867,F3,F4,0,p00867,counterexample,4dd36993feca9e6bcb271680,1,1,5,/home/dungbv/clau/reports/experiment_20260728_124405/counterexample_inputs/4dd36993feca9e6bcb271680.bin,f3946128d17aba27f3dd5872e811e45f07dcfac0751d15748568500e14de87fb,True,,OUTPUT_MISMATCH,2,2,True,False,"{""exit_code"": 0, ""stderr_base64"": """", ""stdout_base64"": ""MiAwIDAgMCAwIDAgMCAwIDAgMAo="", ""terminating_signal"": null, ""timeout_status"": false}","{""exit_code"": 0, ""stderr_base64"": """", ""stdout_base64"": ""NCA0Cg=="", ""terminating_signal"": null, ""timeout_status"": false}",MiAwIDAgMCAwIDAgMCAwIDAgMAo=,NCA0Cg==,,,0,0,,,False,False,False,confirmed historical mismatch; replay count from implementation default,,,
2.0,experiment_20260728_124405,063d0c43b793c300529e,p00867,F3,F4,0,p00867,counterexample,aa8baad0db26857b80d45f7a,1,1,6,/home/dungbv/clau/reports/experiment_20260728_124405/counterexample_inputs/aa8baad0db26857b80d45f7a.bin,6cc94f3ef2563ebbb03de31557d25414471635f454e5138dfba747a84e0c032f,True,,OUTPUT_MISMATCH,2,2,True,False,"{""exit_code"": 0, ""stderr_base64"": """", ""stdout_base64"": ""MCAzIDAgMCAwIDAgMCAwIDAgMAo="", ""terminating_signal"": null, ""timeout_status"": false}","{""exit_code"": 0, ""stderr_base64"": """", ""stdout_base64"": ""OCA4Cg=="", ""terminating_signal"": null, ""timeout_status"": false}",MCAzIDAgMCAwIDAgMCAwIDAgMAo=,OCA4Cg==,,,0,0,,,False,False,False,confirmed historical mismatch; replay count from implementation default,,,
2.0,experiment_20260728_124405,063d0c43b793c300529e,p00867,F3,F4,0,p00867,counterexample,fdfbad49c07183a94374a4b0,1,1,7,/home/dungbv/clau/reports/experiment_20260728_124405/counterexample_inputs/fdfbad49c07183a94374a4b0.bin,705828dd6bcd4a0aad49233c1c97ab2f16effb0dab37da4018b5e9965203e20f,True,,OUTPUT_MISMATCH,2,2,True,False,"{""exit_code"": 0, ""stderr_base64"": """", ""stdout_base64"": ""MCAtMTUgMCAwIDAgMCAwIDAgMCAwCg=="", ""terminating_signal"": null, ""timeout_status"": false}","{""exit_code"": 0, ""stderr_base64"": """", ""stdout_base64"": ""MzIgMzIK"", ""terminating_signal"": null, ""timeout_status"": false}",MCAtMTUgMCAwIDAgMCAwIDAgMCAwCg==,MzIgMzIK,,,0,0,,,False,False,False,confirmed historical mismatch; replay count from implementation default,,,
2.0,experiment_20260728_124405,9b074479f09e4833c82a,p00867,F2,F5,0,p00867,counterexample,bd1bfd86b3e6f75b003b9d76,1,1,1,/home/dungbv/clau/reports/experiment_20260728_124405/counterexample_inputs/bd1bfd86b3e6f75b003b9d76.bin,9d7f55f28d661332b2c2a0f9ac61767faa6ea0e3ccfcb75444cf3fcb31a18c31,True,,OUTPUT_MISMATCH,2,2,True,False,"{""exit_code"": 0, ""stderr_base64"": """", ""stdout_base64"": ""MCAyIDAgMCAwIDAgMCAwIDAgMAo="", ""terminating_signal"": null, ""timeout_status"": false}","{""exit_code"": 0, ""stderr_base64"": """", ""stdout_base64"": ""Mgo="", ""terminating_signal"": null, ""timeout_status"": false}",MCAyIDAgMCAwIDAgMCAwIDAgMAo=,Mgo=,,,0,0,,,False,False,False,confirmed historical mismatch; replay count from implementation default,,,
2.0,experiment_20260728_124405,9b074479f09e4833c82a,p00867,F2,F5,0,p00867,counterexample,ce057a321de1af55852f499a,1,1,2,/home/dungbv/clau/reports/experiment_20260728_124405/counterexample_inputs/ce057a321de1af55852f499a.bin,7691ba2ab7d6c109656ecc682a09c4b4d903690a948d17127bdda26508440f92,True,,OUTPUT_MISMATCH,2,2,True,False,"{""exit_code"": 0, ""stderr_base64"": """", ""stdout_base64"": ""MCAxIDAgMCAwIDAgMCAwIDAgMAo="", ""terminating_signal"": null, ""timeout_status"": false}","{""exit_code"": 0, ""stderr_base64"": """", ""stdout_base64"": ""MQo="", ""terminating_signal"": null, ""timeout_status"": false}",MCAxIDAgMCAwIDAgMCAwIDAgMAo=,MQo=,,,0,0,,,False,False,False,confirmed historical mismatch; replay count from implementation default,,,
2.0,experiment_20260728_124405,9b074479f09e4833c82a,p00867,F2,F5,0,p00867,counterexample,aeae4170fb6a4fe862769db5,1,1,3,/home/dungbv/clau/reports/experiment_20260728_124405/counterexample_inputs/aeae4170fb6a4fe862769db5.bin,d41c135dcf308e8370d5565114d65083c4fc481d9f6831fff55927a28e5dbe60,True,,OUTPUT_MISMATCH,2,2,True,False,"{""exit_code"": 0, ""stderr_base64"": """", ""stdout_base64"": ""MCAxIDAgMSAwIDAgMCAwIDAgMQowIDAgMCAwIDAgMSAwIDEgMCAwCjEgMCAxIDAgMiAwIDAgMCAxIDAK"", ""terminating_signal"": null, ""timeout_status"": false}","{""exit_code"": 0, ""stderr_base64"": """", ""stdout_base64"": ""MwoyCjUK"", ""terminating_signal"": null, ""timeout_status"": false}",MCAxIDAgMSAwIDAgMCAwIDAgMQowIDAgMCAwIDAgMSAwIDEgMCAwCjEgMCAxIDAgMiAwIDAgMCAxIDAK,MwoyCjUK,,,0,0,,,False,False,False,confirmed historical mismatch; replay count from implementation default,,,
2.0,experiment_20260728_124405,9b074479f09e4833c82a,p00867,F2,F5,0,p00867,counterexample,374a1916428b5b1aa770fc31,1,1,4,/home/dungbv/clau/reports/experiment_20260728_124405/counterexample_inputs/374a1916428b5b1aa770fc31.bin,6cc94f3ef2563ebbb03de31557d25414471635f454e5138dfba747a84e0c032f,True,,OUTPUT_MISMATCH,2,2,True,False,"{""exit_code"": 0, ""stderr_base64"": """", ""stdout_base64"": ""MCAzIDAgMCAwIDAgMCAwIDAgMAo="", ""terminating_signal"": null, ""timeout_status"": false}","{""exit_code"": 0, ""stderr_base64"": """", ""stdout_base64"": ""Mgo="", ""terminating_signal"": null, ""timeout_status"": false}",MCAzIDAgMCAwIDAgMCAwIDAgMAo=,Mgo=,,,0,0,,,False,False,False,confirmed historical mismatch; replay count from implementation default,,,
2.0,experiment_20260728_124405,9b074479f09e4833c82a,p00867,F2,F5,0,p00867,counterexample,204b2b17e062fb32ce4559a4,1,1,5,/home/dungbv/clau/reports/experiment_20260728_124405/counterexample_inputs/204b2b17e062fb32ce4559a4.bin,f3946128d17aba27f3dd5872e811e45f07dcfac0751d15748568500e14de87fb,True,,OUTPUT_MISMATCH,2,2,True,False,"{""exit_code"": 0, ""stderr_base64"": """", ""stdout_base64"": ""MiAwIDAgMCAwIDAgMCAwIDAgMAo="", ""terminating_signal"": null, ""timeout_status"": false}","{""exit_code"": 0, ""stderr_base64"": """", ""stdout_base64"": ""Mgo="", ""terminating_signal"": null, ""timeout_status"": false}",MiAwIDAgMCAwIDAgMCAwIDAgMAo=,Mgo=,,,0,0,,,False,False,False,confirmed historical mismatch; replay count from implementation default,,,
2.0,experiment_20260728_124405,9b074479f09e4833c82a,p00867,F2,F5,0,p00867,counterexample,b0fcde6f419d20fb9d28e67c,1,1,6,/home/dungbv/clau/reports/experiment_20260728_124405/counterexample_inputs/b0fcde6f419d20fb9d28e67c.bin,4a98ad38cb8f3a2c9b89b96cd82889aa2c3d46ff535ec622bfe4f865b0f05b39,True,,OUTPUT_MISMATCH,2,2,True,False,"{""exit_code"": 0, ""stderr_base64"": """", ""stdout_base64"": ""MCAwIDAgMCAwIDAgMCAwIDAgMAo="", ""terminating_signal"": null, ""timeout_status"": false}","{""exit_code"": 0, ""stderr_base64"": """", ""stdout_base64"": ""Mgo="", ""terminating_signal"": null, ""timeout_status"": false}",MCAwIDAgMCAwIDAgMCAwIDAgMAo=,Mgo=,,,0,0,,,False,False,False,confirmed historical mismatch; replay count from implementation default,,,
2.0,experiment_20260728_124405,9b074479f09e4833c82a,p00867,F2,F5,0,p00867,counterexample,3df7506319a6cc5edea5a60f,1,1,7,/home/dungbv/clau/reports/experiment_20260728_124405/counterexample_inputs/3df7506319a6cc5edea5a60f.bin,41b1ac2771b406ddc47ea95f829df85172236ef029eff649237af8e47b8af2e8,True,,OUTPUT_MISMATCH,2,2,True,False,"{""exit_code"": 0, ""stderr_base64"": """", ""stdout_base64"": ""MCAxIDAgMCAwIDAgMCAwIDAgMAo="", ""terminating_signal"": null, ""timeout_status"": false}","{""exit_code"": 0, ""stderr_base64"": """", ""stdout_base64"": ""MQo="", ""terminating_signal"": null, ""timeout_status"": false}",MCAxIDAgMCAwIDAgMCAwIDAgMAo=,MQo=,,,0,0,,,False,False,False,confirmed historical mismatch; replay count from implementation default,,,
2.0,experiment_20260728_124405,998b303e44a5b2737c3a,p01296,F4,F1,0,p01296,counterexample,a0c3db2780270ee48c2739c6,1,1,1,/home/dungbv/clau/reports/experiment_20260728_124405/counterexample_inputs/a0c3db2780270ee48c2739c6.bin,f48ac68280599a6a6afb970191baf40589995e38f17174b3df7b2c3128a8ea42,True,,OUTPUT_MISMATCH,2,2,True,False,"{""exit_code"": 0, ""stderr_base64"": """", ""stdout_base64"": ""WWVzCk5vClllcwo="", ""terminating_signal"": null, ""timeout_status"": false}","{""exit_code"": 0, ""stderr_base64"": """", ""stdout_base64"": ""WWVzClllcwpZZXMK"", ""terminating_signal"": null, ""timeout_status"": false}",WWVzCk5vClllcwo=,WWVzClllcwpZZXMK,,,0,0,,,False,False,False,confirmed historical mismatch; replay count from implementation default,,,
2.0,experiment_20260728_124405,998b303e44a5b2737c3a,p01296,F4,F1,0,p01296,counterexample,31e61f65ac954e757cd088e4,1,1,2,/home/dungbv/clau/reports/experiment_20260728_124405/counterexample_inputs/31e61f65ac954e757cd088e4.bin,786fd765c14111cbd02afa9a5fa29c097734a3c2797a397e10e32b0d2fd5352f,True,,OUTPUT_MISMATCH,2,2,True,False,"{""exit_code"": 0, ""stderr_base64"": """", ""stdout_base64"": ""WWVzClllcwo="", ""terminating_signal"": null, ""timeout_status"": false}","{""exit_code"": 0, ""stderr_base64"": """", ""stdout_base64"": ""Tm8KWWVzCg=="", ""terminating_signal"": null, ""timeout_status"": false}",WWVzClllcwo=,Tm8KWWVzCg==,,,0,0,,,False,False,False,confirmed historical mismatch; replay count from implementation default,,,
2.0,experiment_20260728_124405,998b303e44a5b2737c3a,p01296,F4,F1,0,p01296,counterexample,51af052634bb04e62292183a,1,1,3,/home/dungbv/clau/reports/experiment_20260728_124405/counterexample_inputs/51af052634bb04e62292183a.bin,1ee5aa714f0ab93bb92bbf9610796cf221b5f6637d5c340c0b9acc7e60443ee7,True,,OUTPUT_MISMATCH,2,2,True,False,"{""exit_code"": 0, ""stderr_base64"": """", ""stdout_base64"": ""WWVzClllcwo="", ""terminating_signal"": null, ""timeout_status"": false}","{""exit_code"": 0, ""stderr_base64"": """", ""stdout_base64"": ""Tm8KWWVzCg=="", ""terminating_signal"": null, ""timeout_status"": false}",WWVzClllcwo=,Tm8KWWVzCg==,,,0,0,,,False,False,False,confirmed historical mismatch; replay count from implementation default,,,
2.0,experiment_20260728_124405,998b303e44a5b2737c3a,p01296,F4,F1,0,p01296,counterexample,8fe32ff45d80a1f5d4d96a08,1,1,4,/home/dungbv/clau/reports/experiment_20260728_124405/counterexample_inputs/8fe32ff45d80a1f5d4d96a08.bin,c310b15c7cd6bcf1e32ddb9f1a7b3976b001dc3cf5eb0ea3f134b8fe8aad07d3,True,,OUTPUT_MISMATCH,2,2,True,False,"{""exit_code"": 0, ""stderr_base64"": """", ""stdout_base64"": ""WWVzClllcwo="", ""terminating_signal"": null, ""timeout_status"": false}","{""exit_code"": 0, ""stderr_base64"": """", ""stdout_base64"": ""WWVzCk5vCg=="", ""terminating_signal"": null, ""timeout_status"": false}",WWVzClllcwo=,WWVzCk5vCg==,,,0,0,,,False,False,False,confirmed historical mismatch; replay count from implementation default,,,
2.0,experiment_20260728_124405,998b303e44a5b2737c3a,p01296,F4,F1,0,p01296,counterexample,f7bccc0b0a9d22546ba7876b,1,1,5,/home/dungbv/clau/reports/experiment_20260728_124405/counterexample_inputs/f7bccc0b0a9d22546ba7876b.bin,2bf4de1fefd263bab6f9bf0ca276599e6d8ffb46c9b9c85f43a6da3a473d463d,True,,OUTPUT_MISMATCH,2,2,True,False,"{""exit_code"": 0, ""stderr_base64"": """", ""stdout_base64"": ""WWVzClllcwo="", ""terminating_signal"": null, ""timeout_status"": false}","{""exit_code"": 0, ""stderr_base64"": """", ""stdout_base64"": ""WWVzCk5vCg=="", ""terminating_signal"": null, ""timeout_status"": false}",WWVzClllcwo=,WWVzCk5vCg==,,,0,0,,,False,False,False,confirmed historical mismatch; replay count from implementation default,,,
2.0,experiment_20260728_124405,3ad3d90f06c1c45176c9,p01296,F5,F3,0,p01296,counterexample,3d71a8d5f9da6c42c5f8919c,1,1,1,/home/dungbv/clau/reports/experiment_20260728_124405/counterexample_inputs/3d71a8d5f9da6c42c5f8919c.bin,8075ddd57340aaf679935265a107e7b135ea18c0ce1aeb3623e5a06c0dd32e12,True,,OUTPUT_MISMATCH,2,2,True,False,"{""exit_code"": 0, ""stderr_base64"": """", ""stdout_base64"": ""WWVzClllcwo="", ""terminating_signal"": null, ""timeout_status"": false}","{""exit_code"": 0, ""stderr_base64"": """", ""stdout_base64"": ""Tm8K"", ""terminating_signal"": null, ""timeout_status"": false}",WWVzClllcwo=,Tm8K,,,0,0,,,False,False,False,confirmed historical mismatch; replay count from implementation default,,,
2.0,experiment_20260728_124405,3ad3d90f06c1c45176c9,p01296,F5,F3,0,p01296,counterexample,a7a22033d6e093c24d88d489,1,1,2,/home/dungbv/clau/reports/experiment_20260728_124405/counterexample_inputs/a7a22033d6e093c24d88d489.bin,6c3b3eda30f9dfb575103c033628bcae2109b33cad1bdcf15e51758949dcf9fb,True,,OUTPUT_MISMATCH,2,2,True,False,"{""exit_code"": 0, ""stderr_base64"": """", ""stdout_base64"": ""WWVzClllcwo="", ""terminating_signal"": null, ""timeout_status"": false}","{""exit_code"": 0, ""stderr_base64"": """", ""stdout_base64"": ""Tm8K"", ""terminating_signal"": null, ""timeout_status"": false}",WWVzClllcwo=,Tm8K,,,0,0,,,False,False,False,confirmed historical mismatch; replay count from implementation default,,,
2.0,experiment_20260728_124405,3ad3d90f06c1c45176c9,p01296,F5,F3,0,p01296,counterexample,7321fe2de8efc9866e44d996,1,1,3,/home/dungbv/clau/reports/experiment_20260728_124405/counterexample_inputs/7321fe2de8efc9866e44d996.bin,c4eb840ad8da0d51e30f51edbc33c3e34f860c9c13ad2993eef66cda0bd09dd2,True,,OUTPUT_MISMATCH,2,2,True,False,"{""exit_code"": 0, ""stderr_base64"": """", ""stdout_base64"": ""WWVzClllcwpZZXMK"", ""terminating_signal"": null, ""timeout_status"": false}","{""exit_code"": 0, ""stderr_base64"": """", ""stdout_base64"": ""WWVzCjExMQo="", ""terminating_signal"": null, ""timeout_status"": false}",WWVzClllcwpZZXMK,WWVzCjExMQo=,,,0,0,,,False,False,False,confirmed historical mismatch; replay count from implementation default,,,
2.0,experiment_20260728_124405,3ad3d90f06c1c45176c9,p01296,F5,F3,0,p01296,counterexample,78a8af612bff6a4250f75418,1,1,4,/home/dungbv/clau/reports/experiment_20260728_124405/counterexample_inputs/78a8af612bff6a4250f75418.bin,f48ac68280599a6a6afb970191baf40589995e38f17174b3df7b2c3128a8ea42,True,,OUTPUT_MISMATCH,2,2,True,False,"{""exit_code"": 0, ""stderr_base64"": """", ""stdout_base64"": ""WWVzCk5vClllcwo="", ""terminating_signal"": null, ""timeout_status"": false}","{""exit_code"": 0, ""stderr_base64"": """", ""stdout_base64"": ""WWVzCjEwMDAK"", ""terminating_signal"": null, ""timeout_status"": false}",WWVzCk5vClllcwo=,WWVzCjEwMDAK,,,0,0,,,False,False,False,confirmed historical mismatch; replay count from implementation default,,,
2.0,experiment_20260728_124405,3ad3d90f06c1c45176c9,p01296,F5,F3,0,p01296,counterexample,8695601b0236aa6a40f6fd52,1,1,5,/home/dungbv/clau/reports/experiment_20260728_124405/counterexample_inputs/8695601b0236aa6a40f6fd52.bin,e793e860ba324a4e79f41cff1e29b11b0bbb58b85c7a77143d6ce585bfd83bfc,True,,OUTPUT_MISMATCH,2,2,True,False,"{""exit_code"": 0, ""stderr_base64"": """", ""stdout_base64"": ""WWVzClllcwpZZXMK"", ""terminating_signal"": null, ""timeout_status"": false}","{""exit_code"": 0, ""stderr_base64"": """", ""stdout_base64"": ""Tm8K"", ""terminating_signal"": null, ""timeout_status"": false}",WWVzClllcwpZZXMK,Tm8K,,,0,0,,,False,False,False,confirmed historical mismatch; replay count from implementation default,,,
2.0,experiment_20260728_124405,3ad3d90f06c1c45176c9,p01296,F5,F3,0,p01296,counterexample,33ef22659eb4b3c9a242f337,1,1,6,/home/dungbv/clau/reports/experiment_20260728_124405/counterexample_inputs/33ef22659eb4b3c9a242f337.bin,b0db5c2f0ffd7cd033367b71df6524195edd0bbc957cde66af7af1da2677dc0e,True,,OUTPUT_MISMATCH,2,2,True,False,"{""exit_code"": 0, ""stderr_base64"": """", ""stdout_base64"": ""WWVzClllcwo="", ""terminating_signal"": null, ""timeout_status"": false}","{""exit_code"": 0, ""stderr_base64"": """", ""stdout_base64"": ""Tm8K"", ""terminating_signal"": null, ""timeout_status"": false}",WWVzClllcwo=,Tm8K,,,0,0,,,False,False,False,confirmed historical mismatch; replay count from implementation default,,,
2.0,experiment_20260728_124405,3ad3d90f06c1c45176c9,p01296,F5,F3,0,p01296,counterexample,a31a5be6a56b14cb701f27f2,1,1,7,/home/dungbv/clau/reports/experiment_20260728_124405/counterexample_inputs/a31a5be6a56b14cb701f27f2.bin,1ed8750b0aa2b9780370ea4a790d365e9de575295a638b8f8451dd3c677fe350,True,,OUTPUT_MISMATCH,2,2,True,False,"{""exit_code"": 0, ""stderr_base64"": """", ""stdout_base64"": ""WWVzClllcwo="", ""terminating_signal"": null, ""timeout_status"": false}","{""exit_code"": 0, ""stderr_base64"": """", ""stdout_base64"": ""Tm8K"", ""terminating_signal"": null, ""timeout_status"": false}",WWVzClllcwo=,Tm8K,,,0,0,,,False,False,False,confirmed historical mismatch; replay count from implementation default,,,
2.0,experiment_20260728_124405,9fd2538f19fb726e663c,p01296,F3,F4,0,p01296,counterexample,98ba9bb00556738aab23b1e2,1,1,1,/home/dungbv/clau/reports/experiment_20260728_124405/counterexample_inputs/98ba9bb00556738aab23b1e2.bin,f48ac68280599a6a6afb970191baf40589995e38f17174b3df7b2c3128a8ea42,True,,OUTPUT_MISMATCH,2,2,True,False,"{""exit_code"": 0, ""stderr_base64"": """", ""stdout_base64"": ""WWVzCk5vClllcwo="", ""terminating_signal"": null, ""timeout_status"": false}","{""exit_code"": 0, ""stderr_base64"": """", ""stdout_base64"": ""Tm8KTm8KTm8K"", ""terminating_signal"": null, ""timeout_status"": false}",WWVzCk5vClllcwo=,Tm8KTm8KTm8K,,,0,0,,,False,False,False,confirmed historical mismatch; replay count from implementation default,,,
2.0,experiment_20260728_124405,9fd2538f19fb726e663c,p01296,F3,F4,0,p01296,counterexample,ef0b7ee278130f09c877d56a,1,1,2,/home/dungbv/clau/reports/experiment_20260728_124405/counterexample_inputs/ef0b7ee278130f09c877d56a.bin,df7f0751f8d43b8ca0ee95dc3445818607c683099d9d3be32bd5742ae922f838,True,,OUTPUT_MISMATCH,2,2,True,False,"{""exit_code"": 0, ""stderr_base64"": """", ""stdout_base64"": ""WWVzClllcwo="", ""terminating_signal"": null, ""timeout_status"": false}","{""exit_code"": 0, ""stderr_base64"": """", ""stdout_base64"": ""WWVzCk5vCg=="", ""terminating_signal"": null, ""timeout_status"": false}",WWVzClllcwo=,WWVzCk5vCg==,,,0,0,,,False,False,False,confirmed historical mismatch; replay count from implementation default,,,
2.0,experiment_20260728_124405,9fd2538f19fb726e663c,p01296,F3,F4,0,p01296,counterexample,11b92d234e7dd82c78637ba0,1,1,3,/home/dungbv/clau/reports/experiment_20260728_124405/counterexample_inputs/11b92d234e7dd82c78637ba0.bin,8c95d9ec16676c59407f96c0ce01d134f880d66a6020bb1afe77501f5eec1d70,True,,OUTPUT_MISMATCH,2,2,True,False,"{""exit_code"": 0, ""stderr_base64"": """", ""stdout_base64"": ""WWVzCg=="", ""terminating_signal"": null, ""timeout_status"": false}","{""exit_code"": 0, ""stderr_base64"": """", ""stdout_base64"": ""Tm8K"", ""terminating_signal"": null, ""timeout_status"": false}",WWVzCg==,Tm8K,,,0,0,,,False,False,False,confirmed historical mismatch; replay count from implementation default,,,
2.0,experiment_20260728_124405,9fd2538f19fb726e663c,p01296,F3,F4,0,p01296,counterexample,5f32724846a11aaa97b3554e,1,1,4,/home/dungbv/clau/reports/experiment_20260728_124405/counterexample_inputs/5f32724846a11aaa97b3554e.bin,6541d2830937a06350c2746305b9d5d0caef6d8c2732a1fd1a0456f79c7e5614,True,,OUTPUT_MISMATCH,2,2,True,False,"{""exit_code"": 0, ""stderr_base64"": """", ""stdout_base64"": ""WWVzClllcwo="", ""terminating_signal"": null, ""timeout_status"": false}","{""exit_code"": 0, ""stderr_base64"": """", ""stdout_base64"": ""Tm8KWWVzCg=="", ""terminating_signal"": null, ""timeout_status"": false}",WWVzClllcwo=,Tm8KWWVzCg==,,,0,0,,,False,False,False,confirmed historical mismatch; replay count from implementation default,,,
2.0,experiment_20260728_124405,9fd2538f19fb726e663c,p01296,F3,F4,0,p01296,counterexample,3306989112313dee4d253208,1,1,5,/home/dungbv/clau/reports/experiment_20260728_124405/counterexample_inputs/3306989112313dee4d253208.bin,5d92b40b1770d6fd50d7e4e96cff839fde5a1fd698705a0cf5327a48b1a8b386,True,,OUTPUT_MISMATCH,2,2,True,False,"{""exit_code"": 0, ""stderr_base64"": """", ""stdout_base64"": ""WWVzClllcwpZZXMK"", ""terminating_signal"": null, ""timeout_status"": false}","{""exit_code"": 0, ""stderr_base64"": """", ""stdout_base64"": ""Tm8KWWVzClllcwo="", ""terminating_signal"": null, ""timeout_status"": false}",WWVzClllcwpZZXMK,Tm8KWWVzClllcwo=,,,0,0,,,False,False,False,confirmed historical mismatch; replay count from implementation default,,,
2.0,experiment_20260728_124405,9fd2538f19fb726e663c,p01296,F3,F4,0,p01296,counterexample,577d74fb46142d0a71476bb4,1,1,6,/home/dungbv/clau/reports/experiment_20260728_124405/counterexample_inputs/577d74fb46142d0a71476bb4.bin,db3d5bd18499dd3c50d12f96a3fddcdb8b7b1f7e679c762988152f1eaa3eda23,True,,OUTPUT_MISMATCH,2,2,True,False,"{""exit_code"": 0, ""stderr_base64"": """", ""stdout_base64"": ""WWVzClllcwo="", ""terminating_signal"": null, ""timeout_status"": false}","{""exit_code"": 0, ""stderr_base64"": """", ""stdout_base64"": ""WWVzCk5vCg=="", ""terminating_signal"": null, ""timeout_status"": false}",WWVzClllcwo=,WWVzCk5vCg==,,,0,0,,,False,False,False,confirmed historical mismatch; replay count from implementation default,,,
2.0,experiment_20260728_124405,9fd2538f19fb726e663c,p01296,F3,F4,0,p01296,counterexample,b342862d532c207d4392455f,1,1,7,/home/dungbv/clau/reports/experiment_20260728_124405/counterexample_inputs/b342862d532c207d4392455f.bin,00ec5f07ed28b789a637e766d78e23645466840650e113aa2b0bc91755a78186,True,,OUTPUT_MISMATCH,2,2,True,False,"{""exit_code"": 0, ""stderr_base64"": """", ""stdout_base64"": ""WWVzCg=="", ""terminating_signal"": null, ""timeout_status"": false}","{""exit_code"": 0, ""stderr_base64"": """", ""stdout_base64"": ""Tm8K"", ""terminating_signal"": null, ""timeout_status"": false}",WWVzCg==,Tm8K,,,0,0,,,False,False,False,confirmed historical mismatch; replay count from implementation default,,,
2.0,experiment_20260728_124405,a032abc4ed98012beea2,p01296,F2,F5,0,p01296,counterexample,a7a8fc47b8efe137d3bfc916,1,1,1,/home/dungbv/clau/reports/experiment_20260728_124405/counterexample_inputs/a7a8fc47b8efe137d3bfc916.bin,f48ac68280599a6a6afb970191baf40589995e38f17174b3df7b2c3128a8ea42,True,,OUTPUT_MISMATCH,2,2,True,False,"{""exit_code"": 0, ""stderr_base64"": """", ""stdout_base64"": ""WWVzCk5vClllcwo="", ""terminating_signal"": null, ""timeout_status"": false}","{""exit_code"": 0, ""stderr_base64"": """", ""stdout_base64"": ""WWVzCg=="", ""terminating_signal"": null, ""timeout_status"": false}",WWVzCk5vClllcwo=,WWVzCg==,,,0,0,,,False,False,False,confirmed historical mismatch; replay count from implementation default,,,
2.0,experiment_20260728_124405,a032abc4ed98012beea2,p01296,F2,F5,0,p01296,counterexample,5e287fedc9c197367346e150,1,1,2,/home/dungbv/clau/reports/experiment_20260728_124405/counterexample_inputs/5e287fedc9c197367346e150.bin,55609f6c8609f3cc443a8e26af96322ad822b2afc094d487538e55188395e4e7,True,,MIXED_DIVERGENCE,2,2,True,False,"{""exit_code"": 0, ""stderr_base64"": """", ""stdout_base64"": ""WWVzClllcwpZZXMK"", ""terminating_signal"": null, ""timeout_status"": false}","{""exit_code"": -1, ""stderr_base64"": """", ""stdout_base64"": """", ""terminating_signal"": null, ""timeout_status"": true}",WWVzClllcwpZZXMK,,,,0,-1,,,False,True,False,confirmed historical mismatch; replay count from implementation default,,,
2.0,experiment_20260728_124405,a032abc4ed98012beea2,p01296,F2,F5,0,p01296,counterexample,4f44b4b097b61dae30549f28,1,1,3,/home/dungbv/clau/reports/experiment_20260728_124405/counterexample_inputs/4f44b4b097b61dae30549f28.bin,57c53a16e655a694bd9a55ac63fde9c71d1b4f2ff6e8ec1343ba2b3d33297852,True,,MIXED_DIVERGENCE,2,2,True,False,"{""exit_code"": 0, ""stderr_base64"": """", ""stdout_base64"": ""WWVzClllcwo="", ""terminating_signal"": null, ""timeout_status"": false}","{""exit_code"": -1, ""stderr_base64"": """", ""stdout_base64"": """", ""terminating_signal"": null, ""timeout_status"": true}",WWVzClllcwo=,,,,0,-1,,,False,True,False,confirmed historical mismatch; replay count from implementation default,,,
2.0,experiment_20260728_124405,a032abc4ed98012beea2,p01296,F2,F5,0,p01296,counterexample,3b2987ca5bae9339e8076017,1,1,4,/home/dungbv/clau/reports/experiment_20260728_124405/counterexample_inputs/3b2987ca5bae9339e8076017.bin,939a7397f20b0b51568ecb1c9d5b36dad53a530e37231347e9364abb293c8e77,True,,MIXED_DIVERGENCE,2,2,True,False,"{""exit_code"": 0, ""stderr_base64"": """", ""stdout_base64"": ""WWVzClllcwo="", ""terminating_signal"": null, ""timeout_status"": false}","{""exit_code"": -1, ""stderr_base64"": """", ""stdout_base64"": """", ""terminating_signal"": null, ""timeout_status"": true}",WWVzClllcwo=,,,,0,-1,,,False,True,False,confirmed historical mismatch; replay count from implementation default,,,
2.0,experiment_20260728_124405,a032abc4ed98012beea2,p01296,F2,F5,0,p01296,counterexample,b3b27e573080ebf71d7ca64a,1,1,5,/home/dungbv/clau/reports/experiment_20260728_124405/counterexample_inputs/b3b27e573080ebf71d7ca64a.bin,5c967ecc6340e88716badf5ad02c84668c06917cbec6241d29d59bea467de9eb,True,,MIXED_DIVERGENCE,2,2,True,False,"{""exit_code"": 0, ""stderr_base64"": """", ""stdout_base64"": ""WWVzCg=="", ""terminating_signal"": null, ""timeout_status"": false}","{""exit_code"": -1, ""stderr_base64"": """", ""stdout_base64"": """", ""terminating_signal"": null, ""timeout_status"": true}",WWVzCg==,,,,0,-1,,,False,True,False,confirmed historical mismatch; replay count from implementation default,,,
2.0,experiment_20260728_124405,a032abc4ed98012beea2,p01296,F2,F5,0,p01296,counterexample,37708f6715a570ff40b7a3ae,1,1,6,/home/dungbv/clau/reports/experiment_20260728_124405/counterexample_inputs/37708f6715a570ff40b7a3ae.bin,00672a5bd92a09bdaf055725f1b82b3b2eff5bd5d3689546a3a762127beab366,True,,MIXED_DIVERGENCE,2,2,True,False,"{""exit_code"": 0, ""stderr_base64"": """", ""stdout_base64"": ""WWVzClllcwpZZXMK"", ""terminating_signal"": null, ""timeout_status"": false}","{""exit_code"": -1, ""stderr_base64"": """", ""stdout_base64"": """", ""terminating_signal"": null, ""timeout_status"": true}",WWVzClllcwpZZXMK,,,,0,-1,,,False,True,False,confirmed historical mismatch; replay count from implementation default,,,
2.0,experiment_20260728_124405,a032abc4ed98012beea2,p01296,F2,F5,0,p01296,counterexample,d494a5af962ecb995951ebf5,1,1,7,/home/dungbv/clau/reports/experiment_20260728_124405/counterexample_inputs/d494a5af962ecb995951ebf5.bin,d8acbc90b7d2245b23ead0b1c807ad689c9af4f1e5a74dfa4e69596b5ebda40f,True,,MIXED_DIVERGENCE,2,2,True,False,"{""exit_code"": 0, ""stderr_base64"": """", ""stdout_base64"": ""WWVzCg=="", ""terminating_signal"": null, ""timeout_status"": false}","{""exit_code"": -1, ""stderr_base64"": """", ""stdout_base64"": """", ""terminating_signal"": null, ""timeout_status"": true}",WWVzCg==,,,,0,-1,,,False,True,False,confirmed historical mismatch; replay count from implementation default,,,
2.0,experiment_20260728_124405,2971083118e43922095e,p01571,F4,F1,0,p01571,counterexample,a6d305914387d3308fa1277e,2,2,1,/home/dungbv/clau/reports/experiment_20260728_124405/counterexample_inputs/a6d305914387d3308fa1277e.bin,2c10a563a8277d674e2bd68b6787f7f13e6b6fe00231b03e66f27a7530c4cb22,True,,OUTPUT_MISMATCH,2,2,True,False,"{""exit_code"": 0, ""stderr_base64"": """", ""stdout_base64"": ""OQo="", ""terminating_signal"": null, ""timeout_status"": false}","{""exit_code"": 0, ""stderr_base64"": """", ""stdout_base64"": ""OAo="", ""terminating_signal"": null, ""timeout_status"": false}",OQo=,OAo=,,,0,0,,,False,False,False,confirmed historical mismatch; replay count from implementation default,,,
2.0,experiment_20260728_124405,2971083118e43922095e,p01571,F4,F1,0,p01571,counterexample,c1b77562ecdc2f9f102a3416,2,2,2,/home/dungbv/clau/reports/experiment_20260728_124405/counterexample_inputs/c1b77562ecdc2f9f102a3416.bin,2bb4407feb5f16408cd0c19d3f9ef7392462d0896d918dc0cbcc6009330d7130,True,,OUTPUT_MISMATCH,2,2,True,False,"{""exit_code"": 0, ""stderr_base64"": """", ""stdout_base64"": ""OQo="", ""terminating_signal"": null, ""timeout_status"": false}","{""exit_code"": 0, ""stderr_base64"": """", ""stdout_base64"": ""OAo="", ""terminating_signal"": null, ""timeout_status"": false}",OQo=,OAo=,,,0,0,,,False,False,False,confirmed historical mismatch; replay count from implementation default,,,
2.0,experiment_20260728_124405,2971083118e43922095e,p01571,F4,F1,0,p01571,counterexample,ca7b67fd4cd358406521269c,2,2,3,/home/dungbv/clau/reports/experiment_20260728_124405/counterexample_inputs/ca7b67fd4cd358406521269c.bin,5d100748e1677c5a7d6ed674a5180189f765ada28c6edaab76c748b364d23ac0,True,,OUTPUT_MISMATCH,2,2,True,False,"{""exit_code"": 0, ""stderr_base64"": """", ""stdout_base64"": ""LTEK"", ""terminating_signal"": null, ""timeout_status"": false}","{""exit_code"": 0, ""stderr_base64"": """", ""stdout_base64"": ""NDAK"", ""terminating_signal"": null, ""timeout_status"": false}",LTEK,NDAK,,,0,0,,,False,False,False,confirmed historical mismatch; replay count from implementation default,,,
2.0,experiment_20260728_124405,2971083118e43922095e,p01571,F4,F1,0,p01571,counterexample,52248f602f90b369b28e1d80,2,2,4,/home/dungbv/clau/reports/experiment_20260728_124405/counterexample_inputs/52248f602f90b369b28e1d80.bin,f4d43fbbb46e0eb9c6beb42b2cb7a465973161c2781dc14553199dcd13b2b35b,True,,OUTPUT_MISMATCH,2,2,True,False,"{""exit_code"": 0, ""stderr_base64"": """", ""stdout_base64"": ""MTAK"", ""terminating_signal"": null, ""timeout_status"": false}","{""exit_code"": 0, ""stderr_base64"": """", ""stdout_base64"": ""OQo="", ""terminating_signal"": null, ""timeout_status"": false}",MTAK,OQo=,,,0,0,,,False,False,False,confirmed historical mismatch; replay count from implementation default,,,
2.0,experiment_20260728_124405,2971083118e43922095e,p01571,F4,F1,0,p01571,counterexample,813456b8137d7f7647b29344,2,2,5,/home/dungbv/clau/reports/experiment_20260728_124405/counterexample_inputs/813456b8137d7f7647b29344.bin,2af58a8aeed3d67408fe7a5b0c7cadccd3245744dbf21b180806b0edb696bb01,True,,OUTPUT_MISMATCH,2,2,True,False,"{""exit_code"": 0, ""stderr_base64"": """", ""stdout_base64"": ""LTEK"", ""terminating_signal"": null, ""timeout_status"": false}","{""exit_code"": 0, ""stderr_base64"": """", ""stdout_base64"": ""MjgK"", ""terminating_signal"": null, ""timeout_status"": false}",LTEK,MjgK,,,0,0,,,False,False,False,confirmed historical mismatch; replay count from implementation default,,,
2.0,experiment_20260728_124405,2971083118e43922095e,p01571,F4,F1,0,p01571,counterexample,ba65728b33b4e037de54d00d,2,2,6,/home/dungbv/clau/reports/experiment_20260728_124405/counterexample_inputs/ba65728b33b4e037de54d00d.bin,febe6e4f7274b4e776be03e211072fe4a4b83b2a262bd661ddac5aa64f556cc5,True,,OUTPUT_MISMATCH,2,2,True,False,"{""exit_code"": 0, ""stderr_base64"": """", ""stdout_base64"": ""MTAK"", ""terminating_signal"": null, ""timeout_status"": false}","{""exit_code"": 0, ""stderr_base64"": """", ""stdout_base64"": ""OQo="", ""terminating_signal"": null, ""timeout_status"": false}",MTAK,OQo=,,,0,0,,,False,False,False,confirmed historical mismatch; replay count from implementation default,,,
2.0,experiment_20260728_124405,2971083118e43922095e,p01571,F4,F1,0,p01571,counterexample,b540e580c63c3c5ee365cac3,2,2,7,/home/dungbv/clau/reports/experiment_20260728_124405/counterexample_inputs/b540e580c63c3c5ee365cac3.bin,6e10b035e4b78b42423ccd622c66c541bb652f500803960b4ce88a0a97f1c06c,True,,OUTPUT_MISMATCH,2,2,True,False,"{""exit_code"": 0, ""stderr_base64"": """", ""stdout_base64"": ""MTAK"", ""terminating_signal"": null, ""timeout_status"": false}","{""exit_code"": 0, ""stderr_base64"": """", ""stdout_base64"": ""OQo="", ""terminating_signal"": null, ""timeout_status"": false}",MTAK,OQo=,,,0,0,,,False,False,False,confirmed historical mismatch; replay count from implementation default,,,
2.0,experiment_20260728_124405,149c6b50d18508a263fd,p01571,F1,F2,0,p01571,counterexample,2afbfe489ed8d92720e3152b,1,1,1,/home/dungbv/clau/reports/experiment_20260728_124405/counterexample_inputs/2afbfe489ed8d92720e3152b.bin,29b8013e6f01b6710232ef614b541ba495707cdcc9087ad82c3a825cdc1ebc6f,True,,OUTPUT_MISMATCH,2,2,True,False,"{""exit_code"": 0, ""stderr_base64"": """", ""stdout_base64"": ""Mwo="", ""terminating_signal"": null, ""timeout_status"": false}","{""exit_code"": 0, ""stderr_base64"": """", ""stdout_base64"": ""NQo="", ""terminating_signal"": null, ""timeout_status"": false}",Mwo=,NQo=,,,0,0,,,False,False,False,confirmed historical mismatch; replay count from implementation default,,,
2.0,experiment_20260728_124405,149c6b50d18508a263fd,p01571,F1,F2,0,p01571,counterexample,72240d67848cb44da5408b6b,1,1,2,/home/dungbv/clau/reports/experiment_20260728_124405/counterexample_inputs/72240d67848cb44da5408b6b.bin,f7afafff3ae01291e3f8bd868ba43a6e0786f46556f8ed4c21545ab3576dd214,True,,OUTPUT_MISMATCH,2,2,True,False,"{""exit_code"": 0, ""stderr_base64"": """", ""stdout_base64"": ""NAo="", ""terminating_signal"": null, ""timeout_status"": false}","{""exit_code"": 0, ""stderr_base64"": """", ""stdout_base64"": ""NQo="", ""terminating_signal"": null, ""timeout_status"": false}",NAo=,NQo=,,,0,0,,,False,False,False,confirmed historical mismatch; replay count from implementation default,,,
2.0,experiment_20260728_124405,149c6b50d18508a263fd,p01571,F1,F2,0,p01571,counterexample,d46c4919ca81ec9055ce7477,1,1,3,/home/dungbv/clau/reports/experiment_20260728_124405/counterexample_inputs/d46c4919ca81ec9055ce7477.bin,16ff8bae1968fba5aa091bdc33b1da571ce8016e3e4e4fe1510b11200899e34f,True,,OUTPUT_MISMATCH,2,2,True,False,"{""exit_code"": 0, ""stderr_base64"": """", ""stdout_base64"": ""NAo="", ""terminating_signal"": null, ""timeout_status"": false}","{""exit_code"": 0, ""stderr_base64"": """", ""stdout_base64"": ""NQo="", ""terminating_signal"": null, ""timeout_status"": false}",NAo=,NQo=,,,0,0,,,False,False,False,confirmed historical mismatch; replay count from implementation default,,,
2.0,experiment_20260728_124405,149c6b50d18508a263fd,p01571,F1,F2,0,p01571,counterexample,e26a7762250853109d947e34,1,1,4,/home/dungbv/clau/reports/experiment_20260728_124405/counterexample_inputs/e26a7762250853109d947e34.bin,0a37701332125c8b2b71b9bfbe2c3ec677e7164c49a974de3feb801b8a21b546,True,,OUTPUT_MISMATCH,2,2,True,False,"{""exit_code"": 0, ""stderr_base64"": """", ""stdout_base64"": ""NAo="", ""terminating_signal"": null, ""timeout_status"": false}","{""exit_code"": 0, ""stderr_base64"": """", ""stdout_base64"": ""NQo="", ""terminating_signal"": null, ""timeout_status"": false}",NAo=,NQo=,,,0,0,,,False,False,False,confirmed historical mismatch; replay count from implementation default,,,
2.0,experiment_20260728_124405,149c6b50d18508a263fd,p01571,F1,F2,0,p01571,counterexample,87e4804a98852fc83a4a3a87,1,1,5,/home/dungbv/clau/reports/experiment_20260728_124405/counterexample_inputs/87e4804a98852fc83a4a3a87.bin,e7dea766eada6f20ab015b934a3264903a8ee28e9abd1ad655603d68e7c31435,True,,OUTPUT_MISMATCH,2,2,True,False,"{""exit_code"": 0, ""stderr_base64"": """", ""stdout_base64"": ""Ngo="", ""terminating_signal"": null, ""timeout_status"": false}","{""exit_code"": 0, ""stderr_base64"": """", ""stdout_base64"": ""NQo="", ""terminating_signal"": null, ""timeout_status"": false}",Ngo=,NQo=,,,0,0,,,False,False,False,confirmed historical mismatch; replay count from implementation default,,,
2.0,experiment_20260728_124405,149c6b50d18508a263fd,p01571,F1,F2,0,p01571,counterexample,01c412698fc8b08485095096,1,1,6,/home/dungbv/clau/reports/experiment_20260728_124405/counterexample_inputs/01c412698fc8b08485095096.bin,8cf8b512e3a7af369c9f66c02eca912b69c587f57d2eea49303eacd2fb56e95a,True,,OUTPUT_MISMATCH,2,2,True,False,"{""exit_code"": 0, ""stderr_base64"": """", ""stdout_base64"": ""Nwo="", ""terminating_signal"": null, ""timeout_status"": false}","{""exit_code"": 0, ""stderr_base64"": """", ""stdout_base64"": ""NQo="", ""terminating_signal"": null, ""timeout_status"": false}",Nwo=,NQo=,,,0,0,,,False,False,False,confirmed historical mismatch; replay count from implementation default,,,
2.0,experiment_20260728_124405,149c6b50d18508a263fd,p01571,F1,F2,0,p01571,counterexample,64d8fa5968b8dcfbb866b9ae,1,1,7,/home/dungbv/clau/reports/experiment_20260728_124405/counterexample_inputs/64d8fa5968b8dcfbb866b9ae.bin,1c8c88cfb8f749f432795cb692d4b41520f3458efa2c19e2bd5da6e7bcc78fc0,True,,OUTPUT_MISMATCH,2,2,True,False,"{""exit_code"": 0, ""stderr_base64"": """", ""stdout_base64"": ""NAo="", ""terminating_signal"": null, ""timeout_status"": false}","{""exit_code"": 0, ""stderr_base64"": """", ""stdout_base64"": ""NQo="", ""terminating_signal"": null, ""timeout_status"": false}",NAo=,NQo=,,,0,0,,,False,False,False,confirmed historical mismatch; replay count from implementation default,,,
2.0,experiment_20260728_124405,3d30089d5b9695aa2952,p01571,F5,F3,0,p01571,counterexample,e231083f3def53333f998b5d,1,1,1,/home/dungbv/clau/reports/experiment_20260728_124405/counterexample_inputs/e231083f3def53333f998b5d.bin,f485ba47e345f58aa5891cca1b12538a7aaf5226518b6bd81e7dc22711c8d914,True,,OUTPUT_MISMATCH,2,2,True,False,"{""exit_code"": 0, ""stderr_base64"": """", ""stdout_base64"": ""Mwo="", ""terminating_signal"": null, ""timeout_status"": false}","{""exit_code"": 0, ""stderr_base64"": """", ""stdout_base64"": ""MQo="", ""terminating_signal"": null, ""timeout_status"": false}",Mwo=,MQo=,,,0,0,,,False,False,False,confirmed historical mismatch; replay count from implementation default,,,
2.0,experiment_20260728_124405,3d30089d5b9695aa2952,p01571,F5,F3,0,p01571,counterexample,f0dc81a60d1075152c78f655,1,1,2,/home/dungbv/clau/reports/experiment_20260728_124405/counterexample_inputs/f0dc81a60d1075152c78f655.bin,29b8013e6f01b6710232ef614b541ba495707cdcc9087ad82c3a825cdc1ebc6f,True,,OUTPUT_MISMATCH,2,2,True,False,"{""exit_code"": 0, ""stderr_base64"": """", ""stdout_base64"": ""Mwo="", ""terminating_signal"": null, ""timeout_status"": false}","{""exit_code"": 0, ""stderr_base64"": """", ""stdout_base64"": ""MQo="", ""terminating_signal"": null, ""timeout_status"": false}",Mwo=,MQo=,,,0,0,,,False,False,False,confirmed historical mismatch; replay count from implementation default,,,
2.0,experiment_20260728_124405,3d30089d5b9695aa2952,p01571,F5,F3,0,p01571,counterexample,65f39dfb978ffadab2a35836,1,1,3,/home/dungbv/clau/reports/experiment_20260728_124405/counterexample_inputs/65f39dfb978ffadab2a35836.bin,d3c5c218ba20fba9cebb53be97e7efe5d03cf330462724fa617df010116eadf1,True,,OUTPUT_MISMATCH,2,2,True,False,"{""exit_code"": 0, ""stderr_base64"": """", ""stdout_base64"": ""NAo="", ""terminating_signal"": null, ""timeout_status"": false}","{""exit_code"": 0, ""stderr_base64"": """", ""stdout_base64"": ""MQo="", ""terminating_signal"": null, ""timeout_status"": false}",NAo=,MQo=,,,0,0,,,False,False,False,confirmed historical mismatch; replay count from implementation default,,,
2.0,experiment_20260728_124405,3d30089d5b9695aa2952,p01571,F5,F3,0,p01571,counterexample,95372c7e481e4f8ca1e6651d,1,1,4,/home/dungbv/clau/reports/experiment_20260728_124405/counterexample_inputs/95372c7e481e4f8ca1e6651d.bin,8af81fb310e5d13aa5f2b9c25dac9bad435b456245b21eeaba94c43fad75a345,True,,OUTPUT_MISMATCH,2,2,True,False,"{""exit_code"": 0, ""stderr_base64"": """", ""stdout_base64"": ""Mwo="", ""terminating_signal"": null, ""timeout_status"": false}","{""exit_code"": 0, ""stderr_base64"": """", ""stdout_base64"": ""MQo="", ""terminating_signal"": null, ""timeout_status"": false}",Mwo=,MQo=,,,0,0,,,False,False,False,confirmed historical mismatch; replay count from implementation default,,,
2.0,experiment_20260728_124405,3d30089d5b9695aa2952,p01571,F5,F3,0,p01571,counterexample,423b6303967e2369761d67ee,1,1,5,/home/dungbv/clau/reports/experiment_20260728_124405/counterexample_inputs/423b6303967e2369761d67ee.bin,8d9e73cc96019bda4cf5580e041935d4a80b914777813e033c384b9198680975,True,,OUTPUT_MISMATCH,2,2,True,False,"{""exit_code"": 0, ""stderr_base64"": """", ""stdout_base64"": ""Nwo="", ""terminating_signal"": null, ""timeout_status"": false}","{""exit_code"": 0, ""stderr_base64"": """", ""stdout_base64"": ""MQo="", ""terminating_signal"": null, ""timeout_status"": false}",Nwo=,MQo=,,,0,0,,,False,False,False,confirmed historical mismatch; replay count from implementation default,,,
2.0,experiment_20260728_124405,3d30089d5b9695aa2952,p01571,F5,F3,0,p01571,counterexample,923bc2bd19ac4fea4c11bec6,1,1,6,/home/dungbv/clau/reports/experiment_20260728_124405/counterexample_inputs/923bc2bd19ac4fea4c11bec6.bin,dc3f23500b4f42d1ad56ab0ad623f59104ec4f8d0768a950b1deee63d308bc75,True,,OUTPUT_MISMATCH,2,2,True,False,"{""exit_code"": 0, ""stderr_base64"": """", ""stdout_base64"": ""NAo="", ""terminating_signal"": null, ""timeout_status"": false}","{""exit_code"": 0, ""stderr_base64"": """", ""stdout_base64"": ""MQo="", ""terminating_signal"": null, ""timeout_status"": false}",NAo=,MQo=,,,0,0,,,False,False,False,confirmed historical mismatch; replay count from implementation default,,,
2.0,experiment_20260728_124405,3d30089d5b9695aa2952,p01571,F5,F3,0,p01571,counterexample,7380cc56b4569d9e8cf7afb3,1,1,7,/home/dungbv/clau/reports/experiment_20260728_124405/counterexample_inputs/7380cc56b4569d9e8cf7afb3.bin,467265243ed6b0b17a53ddea97eac79d1b7b4c4578662c0445c3a5b2c6a25396,True,,OUTPUT_MISMATCH,2,2,True,False,"{""exit_code"": 0, ""stderr_base64"": """", ""stdout_base64"": ""NAo="", ""terminating_signal"": null, ""timeout_status"": false}","{""exit_code"": 0, ""stderr_base64"": """", ""stdout_base64"": ""MQo="", ""terminating_signal"": null, ""timeout_status"": false}",NAo=,MQo=,,,0,0,,,False,False,False,confirmed historical mismatch; replay count from implementation default,,,
2.0,experiment_20260728_124405,cc088c322caa9e7f52f6,p01571,F3,F4,0,p01571,counterexample,cfe974e75be0406d28affd4c,1,1,1,/home/dungbv/clau/reports/experiment_20260728_124405/counterexample_inputs/cfe974e75be0406d28affd4c.bin,59f841276965e939f04b5cf52199ad8560b2b24e84324db2e9eb50076339d1e4,True,,OUTPUT_MISMATCH,2,2,True,False,"{""exit_code"": 0, ""stderr_base64"": """", ""stdout_base64"": ""Mwo="", ""terminating_signal"": null, ""timeout_status"": false}","{""exit_code"": 0, ""stderr_base64"": """", ""stdout_base64"": ""MQo="", ""terminating_signal"": null, ""timeout_status"": false}",Mwo=,MQo=,,,0,0,,,False,False,False,confirmed historical mismatch; replay count from implementation default,,,
2.0,experiment_20260728_124405,cc088c322caa9e7f52f6,p01571,F3,F4,0,p01571,counterexample,b94aa668a5fb5daac81172c9,1,1,2,/home/dungbv/clau/reports/experiment_20260728_124405/counterexample_inputs/b94aa668a5fb5daac81172c9.bin,29b8013e6f01b6710232ef614b541ba495707cdcc9087ad82c3a825cdc1ebc6f,True,,OUTPUT_MISMATCH,2,2,True,False,"{""exit_code"": 0, ""stderr_base64"": """", ""stdout_base64"": ""Mwo="", ""terminating_signal"": null, ""timeout_status"": false}","{""exit_code"": 0, ""stderr_base64"": """", ""stdout_base64"": ""MQo="", ""terminating_signal"": null, ""timeout_status"": false}",Mwo=,MQo=,,,0,0,,,False,False,False,confirmed historical mismatch; replay count from implementation default,,,
2.0,experiment_20260728_124405,cc088c322caa9e7f52f6,p01571,F3,F4,0,p01571,counterexample,30ba37c62a854775c149ea28,1,1,3,/home/dungbv/clau/reports/experiment_20260728_124405/counterexample_inputs/30ba37c62a854775c149ea28.bin,4289b5ce01cf439afc83d0c4db2cab33a5de1d953306cceccb878438ccd23551,True,,OUTPUT_MISMATCH,2,2,True,False,"{""exit_code"": 0, ""stderr_base64"": """", ""stdout_base64"": ""Mwo="", ""terminating_signal"": null, ""timeout_status"": false}","{""exit_code"": 0, ""stderr_base64"": """", ""stdout_base64"": ""MQo="", ""terminating_signal"": null, ""timeout_status"": false}",Mwo=,MQo=,,,0,0,,,False,False,False,confirmed historical mismatch; replay count from implementation default,,,
2.0,experiment_20260728_124405,cc088c322caa9e7f52f6,p01571,F3,F4,0,p01571,counterexample,e49da3531eba920db7416d06,1,1,4,/home/dungbv/clau/reports/experiment_20260728_124405/counterexample_inputs/e49da3531eba920db7416d06.bin,82feaac5efc3f7ba56d4783e2151e3771cc00f15d55da8dd650662bd549260ed,True,,OUTPUT_MISMATCH,2,2,True,False,"{""exit_code"": 0, ""stderr_base64"": """", ""stdout_base64"": ""NAo="", ""terminating_signal"": null, ""timeout_status"": false}","{""exit_code"": 0, ""stderr_base64"": """", ""stdout_base64"": ""MQo="", ""terminating_signal"": null, ""timeout_status"": false}",NAo=,MQo=,,,0,0,,,False,False,False,confirmed historical mismatch; replay count from implementation default,,,
2.0,experiment_20260728_124405,cc088c322caa9e7f52f6,p01571,F3,F4,0,p01571,counterexample,bd745f3a655452fe49be5867,1,1,5,/home/dungbv/clau/reports/experiment_20260728_124405/counterexample_inputs/bd745f3a655452fe49be5867.bin,e2333c627366f98c53aef58bf3ffe3be9baf4c160b95ccd73b7929941296cce5,True,,OUTPUT_MISMATCH,2,2,True,False,"{""exit_code"": 0, ""stderr_base64"": """", ""stdout_base64"": ""NAo="", ""terminating_signal"": null, ""timeout_status"": false}","{""exit_code"": 0, ""stderr_base64"": """", ""stdout_base64"": ""MQo="", ""terminating_signal"": null, ""timeout_status"": false}",NAo=,MQo=,,,0,0,,,False,False,False,confirmed historical mismatch; replay count from implementation default,,,
2.0,experiment_20260728_124405,cc088c322caa9e7f52f6,p01571,F3,F4,0,p01571,counterexample,3d040e48e3c6e561e6090028,1,1,6,/home/dungbv/clau/reports/experiment_20260728_124405/counterexample_inputs/3d040e48e3c6e561e6090028.bin,372f17d49c855a1186747107c375523cdff461bc036a701fbb4dd891b38e2ae7,True,,OUTPUT_MISMATCH,2,2,True,False,"{""exit_code"": 0, ""stderr_base64"": """", ""stdout_base64"": ""NAo="", ""terminating_signal"": null, ""timeout_status"": false}","{""exit_code"": 0, ""stderr_base64"": """", ""stdout_base64"": ""MQo="", ""terminating_signal"": null, ""timeout_status"": false}",NAo=,MQo=,,,0,0,,,False,False,False,confirmed historical mismatch; replay count from implementation default,,,
2.0,experiment_20260728_124405,cc088c322caa9e7f52f6,p01571,F3,F4,0,p01571,counterexample,72c2a0607bad7f9a607650f4,1,1,7,/home/dungbv/clau/reports/experiment_20260728_124405/counterexample_inputs/72c2a0607bad7f9a607650f4.bin,16d7d6b5ea513854409c7e642b8385a1667b9740872bbfdc7ffbc10cead4ddd6,True,,OUTPUT_MISMATCH,2,2,True,False,"{""exit_code"": 0, ""stderr_base64"": """", ""stdout_base64"": ""Ngo="", ""terminating_signal"": null, ""timeout_status"": false}","{""exit_code"": 0, ""stderr_base64"": """", ""stdout_base64"": ""MQo="", ""terminating_signal"": null, ""timeout_status"": false}",Ngo=,MQo=,,,0,0,,,False,False,False,confirmed historical mismatch; replay count from implementation default,,,
2.0,experiment_20260728_124405,df8a6d7c61bfd541543b,p01571,F2,F5,0,p01571,counterexample,9834099a1a4ca200ffa555fa,1,1,1,/home/dungbv/clau/reports/experiment_20260728_124405/counterexample_inputs/9834099a1a4ca200ffa555fa.bin,d6edd4a937226243681b678f2e894c6b14c10ff03820a1890e5267d919e6f219,True,,OUTPUT_MISMATCH,2,2,True,False,"{""exit_code"": 0, ""stderr_base64"": """", ""stdout_base64"": ""NAo="", ""terminating_signal"": null, ""timeout_status"": false}","{""exit_code"": 0, ""stderr_base64"": """", ""stdout_base64"": ""MAo="", ""terminating_signal"": null, ""timeout_status"": false}",NAo=,MAo=,,,0,0,,,False,False,False,confirmed historical mismatch; replay count from implementation default,,,
2.0,experiment_20260728_124405,df8a6d7c61bfd541543b,p01571,F2,F5,0,p01571,counterexample,d7f92e008f0204a7cbe59c8e,1,1,2,/home/dungbv/clau/reports/experiment_20260728_124405/counterexample_inputs/d7f92e008f0204a7cbe59c8e.bin,29b8013e6f01b6710232ef614b541ba495707cdcc9087ad82c3a825cdc1ebc6f,True,,OUTPUT_MISMATCH,2,2,True,False,"{""exit_code"": 0, ""stderr_base64"": """", ""stdout_base64"": ""Mwo="", ""terminating_signal"": null, ""timeout_status"": false}","{""exit_code"": 0, ""stderr_base64"": """", ""stdout_base64"": ""MAo="", ""terminating_signal"": null, ""timeout_status"": false}",Mwo=,MAo=,,,0,0,,,False,False,False,confirmed historical mismatch; replay count from implementation default,,,
2.0,experiment_20260728_124405,df8a6d7c61bfd541543b,p01571,F2,F5,0,p01571,counterexample,23e16b4a9feaccc6fa956d54,1,1,3,/home/dungbv/clau/reports/experiment_20260728_124405/counterexample_inputs/23e16b4a9feaccc6fa956d54.bin,bec521482f7c2a2f12937c6ab046cb854da954b984b8ab1ecaf1a9e744cff389,True,,OUTPUT_MISMATCH,2,2,True,False,"{""exit_code"": 0, ""stderr_base64"": """", ""stdout_base64"": ""Nwo="", ""terminating_signal"": null, ""timeout_status"": false}","{""exit_code"": 0, ""stderr_base64"": """", ""stdout_base64"": ""MAo="", ""terminating_signal"": null, ""timeout_status"": false}",Nwo=,MAo=,,,0,0,,,False,False,False,confirmed historical mismatch; replay count from implementation default,,,
2.0,experiment_20260728_124405,df8a6d7c61bfd541543b,p01571,F2,F5,0,p01571,counterexample,1f4bacad34d18c48f5fbe420,1,1,4,/home/dungbv/clau/reports/experiment_20260728_124405/counterexample_inputs/1f4bacad34d18c48f5fbe420.bin,aa5253ba34ce0a268e790ccaf60f408daa857f641287942aba59a06483ab06d1,True,,OUTPUT_MISMATCH,2,2,True,False,"{""exit_code"": 0, ""stderr_base64"": """", ""stdout_base64"": ""OAo="", ""terminating_signal"": null, ""timeout_status"": false}","{""exit_code"": 0, ""stderr_base64"": """", ""stdout_base64"": ""MAo="", ""terminating_signal"": null, ""timeout_status"": false}",OAo=,MAo=,,,0,0,,,False,False,False,confirmed historical mismatch; replay count from implementation default,,,
2.0,experiment_20260728_124405,df8a6d7c61bfd541543b,p01571,F2,F5,0,p01571,counterexample,104427d76253da3e248d7fd9,1,1,5,/home/dungbv/clau/reports/experiment_20260728_124405/counterexample_inputs/104427d76253da3e248d7fd9.bin,f355b6c87e17334d059fd85957b606333c2f21a29da9863a41108dce3b13be2c,True,,OUTPUT_MISMATCH,2,2,True,False,"{""exit_code"": 0, ""stderr_base64"": """", ""stdout_base64"": ""NAo="", ""terminating_signal"": null, ""timeout_status"": false}","{""exit_code"": 0, ""stderr_base64"": """", ""stdout_base64"": ""MAo="", ""terminating_signal"": null, ""timeout_status"": false}",NAo=,MAo=,,,0,0,,,False,False,False,confirmed historical mismatch; replay count from implementation default,,,
2.0,experiment_20260728_124405,df8a6d7c61bfd541543b,p01571,F2,F5,0,p01571,counterexample,753b27c4b0dcb72191d852b3,1,1,6,/home/dungbv/clau/reports/experiment_20260728_124405/counterexample_inputs/753b27c4b0dcb72191d852b3.bin,193cb4f897de94a97db3960330d624933ba8f8333049a3fbd175db18e01e863c,True,,OUTPUT_MISMATCH,2,2,True,False,"{""exit_code"": 0, ""stderr_base64"": """", ""stdout_base64"": ""Nwo="", ""terminating_signal"": null, ""timeout_status"": false}","{""exit_code"": 0, ""stderr_base64"": """", ""stdout_base64"": ""MAo="", ""terminating_signal"": null, ""timeout_status"": false}",Nwo=,MAo=,,,0,0,,,False,False,False,confirmed historical mismatch; replay count from implementation default,,,
2.0,experiment_20260728_124405,df8a6d7c61bfd541543b,p01571,F2,F5,0,p01571,counterexample,3de7a0a47f473e3b0077cb9b,1,1,7,/home/dungbv/clau/reports/experiment_20260728_124405/counterexample_inputs/3de7a0a47f473e3b0077cb9b.bin,3d1168c8700f1d13b5cb5df24a133239700717f7405ac045ad8aa4567484a33a,True,,OUTPUT_MISMATCH,2,2,True,False,"{""exit_code"": 0, ""stderr_base64"": """", ""stdout_base64"": ""LTEK"", ""terminating_signal"": null, ""timeout_status"": false}","{""exit_code"": 0, ""stderr_base64"": """", ""stdout_base64"": ""MAo="", ""terminating_signal"": null, ""timeout_status"": false}",LTEK,MAo=,,,0,0,,,False,False,False,confirmed historical mismatch; replay count from implementation default,,,
2.0,experiment_20260728_124405,afe5284203dbff05f335,p02029,F4,F1,0,p02029,counterexample,84476f502aac734050f669a4,3,3,1,/home/dungbv/clau/reports/experiment_20260728_124405/counterexample_inputs/84476f502aac734050f669a4.bin,7b132682236512605cdcb5fce6be2983f68f45c899b587529f8f0e42b56dde4e,True,,OUTPUT_MISMATCH,2,2,True,False,"{""exit_code"": 0, ""stderr_base64"": """", ""stdout_base64"": ""NAo="", ""terminating_signal"": null, ""timeout_status"": false}","{""exit_code"": 0, ""stderr_base64"": """", ""stdout_base64"": ""MQo="", ""terminating_signal"": null, ""timeout_status"": false}",NAo=,MQo=,,,0,0,,,False,False,False,confirmed historical mismatch; replay count from implementation default,,,
2.0,experiment_20260728_124405,afe5284203dbff05f335,p02029,F4,F1,0,p02029,counterexample,51ef924cab120b4346802454,3,3,2,/home/dungbv/clau/reports/experiment_20260728_124405/counterexample_inputs/51ef924cab120b4346802454.bin,60902b8fef5b51c0f83a4b83cf793d9043e02192f6db0be6e2be43f05353fb40,True,,OUTPUT_MISMATCH,2,2,True,False,"{""exit_code"": 0, ""stderr_base64"": """", ""stdout_base64"": ""MTY3OQo="", ""terminating_signal"": null, ""timeout_status"": false}","{""exit_code"": 0, ""stderr_base64"": """", ""stdout_base64"": ""MAo="", ""terminating_signal"": null, ""timeout_status"": false}",MTY3OQo=,MAo=,,,0,0,,,False,False,False,confirmed historical mismatch; replay count from implementation default,,,
2.0,experiment_20260728_124405,afe5284203dbff05f335,p02029,F4,F1,0,p02029,counterexample,8226eb4ef0962a987e7ca6b1,3,3,3,/home/dungbv/clau/reports/experiment_20260728_124405/counterexample_inputs/8226eb4ef0962a987e7ca6b1.bin,ab7e3502b724753d9d9b1273ffc30e02c06b1a1c43f63de1c60d8f25ede64851,True,,OUTPUT_MISMATCH,2,2,True,False,"{""exit_code"": 0, ""stderr_base64"": """", ""stdout_base64"": ""ODEwCg=="", ""terminating_signal"": null, ""timeout_status"": false}","{""exit_code"": 0, ""stderr_base64"": """", ""stdout_base64"": ""NjIK"", ""terminating_signal"": null, ""timeout_status"": false}",ODEwCg==,NjIK,,,0,0,,,False,False,False,confirmed historical mismatch; replay count from implementation default,,,
2.0,experiment_20260728_124405,afe5284203dbff05f335,p02029,F4,F1,0,p02029,counterexample,6f6343c89a82c25ae59e42ec,3,3,4,/home/dungbv/clau/reports/experiment_20260728_124405/counterexample_inputs/6f6343c89a82c25ae59e42ec.bin,7391a390f0fd72181e08fa0a97a286e2d7aaaa9a35b4bbd637e28bd0b1193151,True,,OUTPUT_MISMATCH,2,2,True,False,"{""exit_code"": 0, ""stderr_base64"": """", ""stdout_base64"": ""MTgwNwo="", ""terminating_signal"": null, ""timeout_status"": false}","{""exit_code"": 0, ""stderr_base64"": """", ""stdout_base64"": ""OTQ1Cg=="", ""terminating_signal"": null, ""timeout_status"": false}",MTgwNwo=,OTQ1Cg==,,,0,0,,,False,False,False,confirmed historical mismatch; replay count from implementation default,,,
2.0,experiment_20260728_124405,afe5284203dbff05f335,p02029,F4,F1,0,p02029,counterexample,5d722a256b2de5baa733524b,3,3,5,/home/dungbv/clau/reports/experiment_20260728_124405/counterexample_inputs/5d722a256b2de5baa733524b.bin,7636ed11a0868701ed9b5af57dab527a1e8acc2bb257889a72d9bc77604ef3ae,True,,OUTPUT_MISMATCH,2,2,True,False,"{""exit_code"": 0, ""stderr_base64"": """", ""stdout_base64"": ""MzUwMwo="", ""terminating_signal"": null, ""timeout_status"": false}","{""exit_code"": 0, ""stderr_base64"": """", ""stdout_base64"": ""MzM4Nwo="", ""terminating_signal"": null, ""timeout_status"": false}",MzUwMwo=,MzM4Nwo=,,,0,0,,,False,False,False,confirmed historical mismatch; replay count from implementation default,,,
2.0,experiment_20260728_124405,afe5284203dbff05f335,p02029,F4,F1,0,p02029,counterexample,09643c8b353370de57ab6520,3,3,6,/home/dungbv/clau/reports/experiment_20260728_124405/counterexample_inputs/09643c8b353370de57ab6520.bin,f4e098189f3d63efe7853a8613393f6c593b37279d9c62bc2950189433ade9e8,True,,OUTPUT_MISMATCH,2,2,True,False,"{""exit_code"": 0, ""stderr_base64"": """", ""stdout_base64"": ""MTYzMAo="", ""terminating_signal"": null, ""timeout_status"": false}","{""exit_code"": 0, ""stderr_base64"": """", ""stdout_base64"": ""MTQ2Ngo="", ""terminating_signal"": null, ""timeout_status"": false}",MTYzMAo=,MTQ2Ngo=,,,0,0,,,False,False,False,confirmed historical mismatch; replay count from implementation default,,,
2.0,experiment_20260728_124405,afe5284203dbff05f335,p02029,F4,F1,0,p02029,counterexample,16204bc4f2ac5afc8e3db14b,3,3,7,/home/dungbv/clau/reports/experiment_20260728_124405/counterexample_inputs/16204bc4f2ac5afc8e3db14b.bin,2b1a478a4305a3385c3a6436161fe1399997ba90eabd96ff4bc9298e332b7cfc,True,,OUTPUT_MISMATCH,2,2,True,False,"{""exit_code"": 0, ""stderr_base64"": """", ""stdout_base64"": ""MTI2Ngo="", ""terminating_signal"": null, ""timeout_status"": false}","{""exit_code"": 0, ""stderr_base64"": """", ""stdout_base64"": ""ODg1Cg=="", ""terminating_signal"": null, ""timeout_status"": false}",MTI2Ngo=,ODg1Cg==,,,0,0,,,False,False,False,confirmed historical mismatch; replay count from implementation default,,,
2.0,experiment_20260728_124405,6e23913cbe3c1f60dcd5,p02029,F5,F3,0,p02029,counterexample,7e75a624cfdad7103346b337,2,2,1,/home/dungbv/clau/reports/experiment_20260728_124405/counterexample_inputs/7e75a624cfdad7103346b337.bin,569853719f72124369bd62f08050bfd1e1873614dcab2ae329819474d4fb295c,True,,OUTPUT_MISMATCH,2,2,True,False,"{""exit_code"": 0, ""stderr_base64"": """", ""stdout_base64"": ""NjgzCg=="", ""terminating_signal"": null, ""timeout_status"": false}","{""exit_code"": 0, ""stderr_base64"": """", ""stdout_base64"": ""MTY2CjE2NgoxNjYK"", ""terminating_signal"": null, ""timeout_status"": false}",NjgzCg==,MTY2CjE2NgoxNjYK,,,0,0,,,False,False,False,confirmed historical mismatch; replay count from implementation default,,,
2.0,experiment_20260728_124405,6e23913cbe3c1f60dcd5,p02029,F5,F3,0,p02029,counterexample,9d718dff8dae43d7b0ea3ede,2,2,2,/home/dungbv/clau/reports/experiment_20260728_124405/counterexample_inputs/9d718dff8dae43d7b0ea3ede.bin,800abf7e808d6da31436ac9706cb59fc9a070edfc7c6f8704b1da80e7717020e,True,,OUTPUT_MISMATCH,2,2,True,False,"{""exit_code"": 0, ""stderr_base64"": """", ""stdout_base64"": ""MTk3Cg=="", ""terminating_signal"": null, ""timeout_status"": false}","{""exit_code"": 0, ""stderr_base64"": """", ""stdout_base64"": ""MTk3CjE5NwoxOTcKMTk3CjE5Nwo="", ""terminating_signal"": null, ""timeout_status"": false}",MTk3Cg==,MTk3CjE5NwoxOTcKMTk3CjE5Nwo=,,,0,0,,,False,False,False,confirmed historical mismatch; replay count from implementation default,,,
2.0,experiment_20260728_124405,6e23913cbe3c1f60dcd5,p02029,F5,F3,0,p02029,counterexample,05b018108d30b69b774abd1a,2,2,3,/home/dungbv/clau/reports/experiment_20260728_124405/counterexample_inputs/05b018108d30b69b774abd1a.bin,7b132682236512605cdcb5fce6be2983f68f45c899b587529f8f0e42b56dde4e,True,,OUTPUT_MISMATCH,2,2,True,False,"{""exit_code"": 0, ""stderr_base64"": """", ""stdout_base64"": ""NAo="", ""terminating_signal"": null, ""timeout_status"": false}","{""exit_code"": 0, ""stderr_base64"": """", ""stdout_base64"": ""MQo="", ""terminating_signal"": null, ""timeout_status"": false}",NAo=,MQo=,,,0,0,,,False,False,False,confirmed historical mismatch; replay count from implementation default,,,
2.0,experiment_20260728_124405,6e23913cbe3c1f60dcd5,p02029,F5,F3,0,p02029,counterexample,ffae2795f2d09e76b07a2e6d,2,2,4,/home/dungbv/clau/reports/experiment_20260728_124405/counterexample_inputs/ffae2795f2d09e76b07a2e6d.bin,b690e24271780cd4bd8292090bfe079a2aab301a67d8719a44705b1f8ac88fde,True,,OUTPUT_MISMATCH,2,2,True,False,"{""exit_code"": 0, ""stderr_base64"": """", ""stdout_base64"": ""MTEyNAo="", ""terminating_signal"": null, ""timeout_status"": false}","{""exit_code"": 0, ""stderr_base64"": """", ""stdout_base64"": ""MzAKMzAKMzAK"", ""terminating_signal"": null, ""timeout_status"": false}",MTEyNAo=,MzAKMzAKMzAK,,,0,0,,,False,False,False,confirmed historical mismatch; replay count from implementation default,,,
2.0,experiment_20260728_124405,6e23913cbe3c1f60dcd5,p02029,F5,F3,0,p02029,counterexample,f15fbdbbe184e525e99ed291,2,2,5,/home/dungbv/clau/reports/experiment_20260728_124405/counterexample_inputs/f15fbdbbe184e525e99ed291.bin,d0c9a00c5b13f47c0a972db07298a301b0578e497c47855fa0bc5018043c41ec,True,,OUTPUT_MISMATCH,2,2,True,False,"{""exit_code"": 0, ""stderr_base64"": """", ""stdout_base64"": ""MjQyNAo="", ""terminating_signal"": null, ""timeout_status"": false}","{""exit_code"": 0, ""stderr_base64"": """", ""stdout_base64"": ""OTcKOTcK"", ""terminating_signal"": null, ""timeout_status"": false}",MjQyNAo=,OTcKOTcK,,,0,0,,,False,False,False,confirmed historical mismatch; replay count from implementation default,,,
2.0,experiment_20260728_124405,6e23913cbe3c1f60dcd5,p02029,F5,F3,0,p02029,counterexample,651d446d4e1ad67e49bd8977,2,2,6,/home/dungbv/clau/reports/experiment_20260728_124405/counterexample_inputs/651d446d4e1ad67e49bd8977.bin,e919245e6429670a6b55ade577e1801e814acdadcf750ac3a1c99e1202548e4b,True,,OUTPUT_MISMATCH,2,2,True,False,"{""exit_code"": 0, ""stderr_base64"": """", ""stdout_base64"": ""MTA4MAo="", ""terminating_signal"": null, ""timeout_status"": false}","{""exit_code"": 0, ""stderr_base64"": """", ""stdout_base64"": ""Mjc1CjI3NQoyNzUK"", ""terminating_signal"": null, ""timeout_status"": false}",MTA4MAo=,Mjc1CjI3NQoyNzUK,,,0,0,,,False,False,False,confirmed historical mismatch; replay count from implementation default,,,
2.0,experiment_20260728_124405,6e23913cbe3c1f60dcd5,p02029,F5,F3,0,p02029,counterexample,7dd72ae5b6c7d44b16e945b2,2,2,7,/home/dungbv/clau/reports/experiment_20260728_124405/counterexample_inputs/7dd72ae5b6c7d44b16e945b2.bin,5184da800f1579b97ea8eaeee505948555e1ba00304adbe917c13eca057a4863,True,,OUTPUT_MISMATCH,2,2,True,False,"{""exit_code"": 0, ""stderr_base64"": """", ""stdout_base64"": ""NDg1MAo="", ""terminating_signal"": null, ""timeout_status"": false}","{""exit_code"": 0, ""stderr_base64"": """", ""stdout_base64"": ""MjgKMjgKMjgKMjgKMjgK"", ""terminating_signal"": null, ""timeout_status"": false}",NDg1MAo=,MjgKMjgKMjgKMjgKMjgK,,,0,0,,,False,False,False,confirmed historical mismatch; replay count from implementation default,,,
2.0,experiment_20260728_124405,4de7aae6649dc4ac0a33,p02029,F3,F4,0,p02029,counterexample,9b522355a76c6da90f43d50a,1,1,1,/home/dungbv/clau/reports/experiment_20260728_124405/counterexample_inputs/9b522355a76c6da90f43d50a.bin,1d39248f6f32415f1c7f54b1ac4522ef64ed6f124025b5a299369e1dfdcbfa36,True,,OUTPUT_MISMATCH,2,2,True,False,"{""exit_code"": 0, ""stderr_base64"": """", ""stdout_base64"": ""OTk3Cg=="", ""terminating_signal"": null, ""timeout_status"": false}","{""exit_code"": 0, ""stderr_base64"": """", ""stdout_base64"": ""MTA0MAo="", ""terminating_signal"": null, ""timeout_status"": false}",OTk3Cg==,MTA0MAo=,,,0,0,,,False,False,False,confirmed historical mismatch; replay count from implementation default,,,
2.0,experiment_20260728_124405,4de7aae6649dc4ac0a33,p02029,F3,F4,0,p02029,counterexample,21969eff48d047f520d6aefb,1,1,2,/home/dungbv/clau/reports/experiment_20260728_124405/counterexample_inputs/21969eff48d047f520d6aefb.bin,7b132682236512605cdcb5fce6be2983f68f45c899b587529f8f0e42b56dde4e,True,,OUTPUT_MISMATCH,2,2,True,False,"{""exit_code"": 0, ""stderr_base64"": """", ""stdout_base64"": ""NAo="", ""terminating_signal"": null, ""timeout_status"": false}","{""exit_code"": 0, ""stderr_base64"": """", ""stdout_base64"": ""NQo="", ""terminating_signal"": null, ""timeout_status"": false}",NAo=,NQo=,,,0,0,,,False,False,False,confirmed historical mismatch; replay count from implementation default,,,
2.0,experiment_20260728_124405,4de7aae6649dc4ac0a33,p02029,F3,F4,0,p02029,counterexample,a39869651f552c3bdd9d0197,1,1,3,/home/dungbv/clau/reports/experiment_20260728_124405/counterexample_inputs/a39869651f552c3bdd9d0197.bin,1ee7c6ae3dc3a6bc97786144395a56334fac66f6f7210c36987596b131377e35,True,,OUTPUT_MISMATCH,2,2,True,False,"{""exit_code"": 0, ""stderr_base64"": """", ""stdout_base64"": ""MTkzCg=="", ""terminating_signal"": null, ""timeout_status"": false}","{""exit_code"": 0, ""stderr_base64"": """", ""stdout_base64"": ""MTk4Cg=="", ""terminating_signal"": null, ""timeout_status"": false}",MTkzCg==,MTk4Cg==,,,0,0,,,False,False,False,confirmed historical mismatch; replay count from implementation default,,,
2.0,experiment_20260728_124405,4de7aae6649dc4ac0a33,p02029,F3,F4,0,p02029,counterexample,fabd7e380d7c77c231f95448,1,1,4,/home/dungbv/clau/reports/experiment_20260728_124405/counterexample_inputs/fabd7e380d7c77c231f95448.bin,14d85908d5c987566ebf614910d6941e3cae04e2b9c16f089a26fc6cf0e1ad98,True,,OUTPUT_MISMATCH,2,2,True,False,"{""exit_code"": 0, ""stderr_base64"": """", ""stdout_base64"": ""MTk5NQo="", ""terminating_signal"": null, ""timeout_status"": false}","{""exit_code"": 0, ""stderr_base64"": """", ""stdout_base64"": ""MTEK"", ""terminating_signal"": null, ""timeout_status"": false}",MTk5NQo=,MTEK,,,0,0,,,False,False,False,confirmed historical mismatch; replay count from implementation default,,,
2.0,experiment_20260728_124405,4de7aae6649dc4ac0a33,p02029,F3,F4,0,p02029,counterexample,bd906160c87f00571632911c,1,1,5,/home/dungbv/clau/reports/experiment_20260728_124405/counterexample_inputs/bd906160c87f00571632911c.bin,da35d3513fb53da024bca05ae9f1d77e6dd7912a9c87a8ccab53b949db190d4d,True,,OUTPUT_MISMATCH,2,2,True,False,"{""exit_code"": 0, ""stderr_base64"": """", ""stdout_base64"": ""MzA5MAo="", ""terminating_signal"": null, ""timeout_status"": false}","{""exit_code"": 0, ""stderr_base64"": """", ""stdout_base64"": ""MzEzMAo="", ""terminating_signal"": null, ""timeout_status"": false}",MzA5MAo=,MzEzMAo=,,,0,0,,,False,False,False,confirmed historical mismatch; replay count from implementation default,,,
2.0,experiment_20260728_124405,4de7aae6649dc4ac0a33,p02029,F3,F4,0,p02029,counterexample,208d3fc8e55fe87c7627b02e,1,1,6,/home/dungbv/clau/reports/experiment_20260728_124405/counterexample_inputs/208d3fc8e55fe87c7627b02e.bin,0f8176a231c35c139b1f0cb16bb22ae67c486fcf641132599805cc19c219f8c9,True,,OUTPUT_MISMATCH,2,2,True,False,"{""exit_code"": 0, ""stderr_base64"": """", ""stdout_base64"": ""MjU5Cg=="", ""terminating_signal"": null, ""timeout_status"": false}","{""exit_code"": 0, ""stderr_base64"": """", ""stdout_base64"": ""MjY1Cg=="", ""terminating_signal"": null, ""timeout_status"": false}",MjU5Cg==,MjY1Cg==,,,0,0,,,False,False,False,confirmed historical mismatch; replay count from implementation default,,,
2.0,experiment_20260728_124405,4de7aae6649dc4ac0a33,p02029,F3,F4,0,p02029,counterexample,e260a913d40f5aa5182f16f3,1,1,7,/home/dungbv/clau/reports/experiment_20260728_124405/counterexample_inputs/e260a913d40f5aa5182f16f3.bin,80e719c8a6ea318d2dc1689f3e5a92242b5b1e5ba80d37aae06a64a556be8511,True,,OUTPUT_MISMATCH,2,2,True,False,"{""exit_code"": 0, ""stderr_base64"": """", ""stdout_base64"": ""MjA3Mwo="", ""terminating_signal"": null, ""timeout_status"": false}","{""exit_code"": 0, ""stderr_base64"": """", ""stdout_base64"": ""OTAwCg=="", ""terminating_signal"": null, ""timeout_status"": false}",MjA3Mwo=,OTAwCg==,,,0,0,,,False,False,False,confirmed historical mismatch; replay count from implementation default,,,
2.0,experiment_20260728_124405,9768889e6484a16c28f6,p02100,F2,F5,0,s624710482,counterexample,539fcdf0a44a95b87ced2d96,1,1,1,/home/dungbv/clau/reports/experiment_20260728_124405/counterexample_inputs/539fcdf0a44a95b87ced2d96.bin,bdcc2915548a8fa4624356bbf5aa7bc12621d0cd2c4baf4bc2e707b9cd464ccf,True,,MIXED_DIVERGENCE,2,2,True,False,"{""exit_code"": 0, ""stderr_base64"": """", ""stdout_base64"": ""Cg=="", ""terminating_signal"": null, ""timeout_status"": false}","{""exit_code"": -1, ""stderr_base64"": """", ""stdout_base64"": """", ""terminating_signal"": null, ""timeout_status"": true}",Cg==,,,,0,-1,,,False,True,False,confirmed historical mismatch; replay count from implementation default,,,
2.0,experiment_20260728_124405,9768889e6484a16c28f6,p02100,F2,F5,0,s624710482,counterexample,d55f290ec76bafa48a722678,1,1,2,/home/dungbv/clau/reports/experiment_20260728_124405/counterexample_inputs/d55f290ec76bafa48a722678.bin,727be989bc7919c26396ecf63358d1938bc7d4c61b0e96f6360153818de1024e,True,,MIXED_DIVERGENCE,2,2,True,False,"{""exit_code"": 0, ""stderr_base64"": """", ""stdout_base64"": ""Cg=="", ""terminating_signal"": null, ""timeout_status"": false}","{""exit_code"": -1, ""stderr_base64"": """", ""stdout_base64"": """", ""terminating_signal"": null, ""timeout_status"": true}",Cg==,,,,0,-1,,,False,True,False,confirmed historical mismatch; replay count from implementation default,,,
2.0,experiment_20260728_124405,9768889e6484a16c28f6,p02100,F2,F5,0,s624710482,counterexample,4fcb41560539459b77b288ee,1,1,3,/home/dungbv/clau/reports/experiment_20260728_124405/counterexample_inputs/4fcb41560539459b77b288ee.bin,4c09bffbb37727e785d13a354f410878eeed9ab6e3e8a60059d752773b42bfb2,True,,MIXED_DIVERGENCE,2,2,True,False,"{""exit_code"": 0, ""stderr_base64"": """", ""stdout_base64"": ""Cg=="", ""terminating_signal"": null, ""timeout_status"": false}","{""exit_code"": -1, ""stderr_base64"": """", ""stdout_base64"": """", ""terminating_signal"": null, ""timeout_status"": true}",Cg==,,,,0,-1,,,False,True,False,confirmed historical mismatch; replay count from implementation default,,,
2.0,experiment_20260728_124405,9768889e6484a16c28f6,p02100,F2,F5,0,s624710482,counterexample,95d6aec37feb0d32b9a9456a,1,1,4,/home/dungbv/clau/reports/experiment_20260728_124405/counterexample_inputs/95d6aec37feb0d32b9a9456a.bin,08101d51b724da6d700a062c35915943f5b95c704b6ca24ed2a560e60be9d08f,True,,MIXED_DIVERGENCE,2,2,True,False,"{""exit_code"": 0, ""stderr_base64"": """", ""stdout_base64"": ""Cg=="", ""terminating_signal"": null, ""timeout_status"": false}","{""exit_code"": -1, ""stderr_base64"": """", ""stdout_base64"": """", ""terminating_signal"": null, ""timeout_status"": true}",Cg==,,,,0,-1,,,False,True,False,confirmed historical mismatch; replay count from implementation default,,,
2.0,experiment_20260728_124405,9768889e6484a16c28f6,p02100,F2,F5,0,s624710482,counterexample,7b3aee6ad8efde4c6ee15817,1,1,5,/home/dungbv/clau/reports/experiment_20260728_124405/counterexample_inputs/7b3aee6ad8efde4c6ee15817.bin,38d5a463abbd53c1c7749ea76788cd04e8af87a0a117bb1a17172547ae93c1de,True,,MIXED_DIVERGENCE,2,2,True,False,"{""exit_code"": 0, ""stderr_base64"": """", ""stdout_base64"": ""Cg=="", ""terminating_signal"": null, ""timeout_status"": false}","{""exit_code"": -1, ""stderr_base64"": """", ""stdout_base64"": """", ""terminating_signal"": null, ""timeout_status"": true}",Cg==,,,,0,-1,,,False,True,False,confirmed historical mismatch; replay count from implementation default,,,
2.0,experiment_20260728_124405,9768889e6484a16c28f6,p02100,F2,F5,0,s624710482,counterexample,cb45807c2906c3c1dd2f40f9,1,1,6,/home/dungbv/clau/reports/experiment_20260728_124405/counterexample_inputs/cb45807c2906c3c1dd2f40f9.bin,688ed37c3f8360851282701bc3cdbaa1aff70b4709c6aeaf3ac9939ae278518e,True,,MIXED_DIVERGENCE,2,2,True,False,"{""exit_code"": 0, ""stderr_base64"": """", ""stdout_base64"": ""Cg=="", ""terminating_signal"": null, ""timeout_status"": false}","{""exit_code"": -1, ""stderr_base64"": """", ""stdout_base64"": """", ""terminating_signal"": null, ""timeout_status"": true}",Cg==,,,,0,-1,,,False,True,False,confirmed historical mismatch; replay count from implementation default,,,
2.0,experiment_20260728_124405,9768889e6484a16c28f6,p02100,F2,F5,0,s624710482,counterexample,98ec2eb58442bc3d6ae4b241,1,1,7,/home/dungbv/clau/reports/experiment_20260728_124405/counterexample_inputs/98ec2eb58442bc3d6ae4b241.bin,2a128f44446a3ff015463607318b72934fe79f138f4b50d23b30a9d129087878,True,,MIXED_DIVERGENCE,2,2,True,False,"{""exit_code"": 0, ""stderr_base64"": """", ""stdout_base64"": ""Cg=="", ""terminating_signal"": null, ""timeout_status"": false}","{""exit_code"": -1, ""stderr_base64"": """", ""stdout_base64"": """", ""terminating_signal"": null, ""timeout_status"": true}",Cg==,,,,0,-1,,,False,True,False,confirmed historical mismatch; replay count from implementation default,,,
2.0,experiment_20260728_124405,7f515649811e12e8eb64,p02814,F2,F5,0,s915631953,counterexample,d17bd6d885e71593207430cd,1,1,1,/home/dungbv/clau/reports/experiment_20260728_124405/counterexample_inputs/d17bd6d885e71593207430cd.bin,6e3efc811d40b03baab295f398ccc5f3a0b8c8c98c77fcd857540eea09e69f33,True,,CRASH_MISMATCH,2,2,True,False,"{""exit_code"": -8, ""stderr_base64"": """", ""stdout_base64"": """", ""terminating_signal"": 8, ""timeout_status"": false}","{""exit_code"": 0, ""stderr_base64"": """", ""stdout_base64"": """", ""terminating_signal"": null, ""timeout_status"": false}",,,,,-8,0,8,,False,False,False,confirmed historical mismatch; replay count from implementation default,,,
2.0,experiment_20260728_124405,726901bf6942ca5c208a,p02950,F4,F1,0,s864110221,counterexample,004b9246aba8ebf045c6bc1a,4,4,1,/home/dungbv/clau/reports/experiment_20260728_124405/counterexample_inputs/004b9246aba8ebf045c6bc1a.bin,5eca71f10f4510f9fc2f57768da87c072e12e63dd86646771db394e617164f72,True,,OUTPUT_MISMATCH,2,2,True,False,"{""exit_code"": 0, ""stderr_base64"": """", ""stdout_base64"": ""MTMwNSAtMTggLTE4IC0xOSAwIC0xIC0xMyAtOSAtMTUgLTMgLTIwIC0xNiAtMTcgLTEyIC05IC0xMiAtNiAtNCAtNSAwIC01IC0xMyAtNSA="", ""terminating_signal"": null, ""timeout_status"": false}","{""exit_code"": 0, ""stderr_base64"": """", ""stdout_base64"": ""MTMwNSAtMTggNSAtMTkgMCAyMiAxMCAtOSAtMTUgMjAgLTIwIC0xNiAtMTcgLTEyIC05IC0xMiAxNyAtNCAxOCAwIDE4IDEwIDE4IA=="", ""terminating_signal"": null, ""timeout_status"": false}",MTMwNSAtMTggLTE4IC0xOSAwIC0xIC0xMyAtOSAtMTUgLTMgLTIwIC0xNiAtMTcgLTEyIC05IC0xMiAtNiAtNCAtNSAwIC01IC0xMyAtNSA=,MTMwNSAtMTggNSAtMTkgMCAyMiAxMCAtOSAtMTUgMjAgLTIwIC0xNiAtMTcgLTEyIC05IC0xMiAxNyAtNCAxOCAwIDE4IDEwIDE4IA==,,,0,0,,,False,False,False,confirmed historical mismatch; replay count from implementation default,,,
2.0,experiment_20260728_124405,726901bf6942ca5c208a,p02950,F4,F1,0,s864110221,counterexample,9e924fbf149259f11d6403c2,4,4,2,/home/dungbv/clau/reports/experiment_20260728_124405/counterexample_inputs/9e924fbf149259f11d6403c2.bin,624e0905b3b744f0143e44df8c527a82737250277b87fc42370fa2344d4d7d34,True,,OUTPUT_MISMATCH,2,2,True,False,"{""exit_code"": 0, ""stderr_base64"": """", ""stdout_base64"": ""MzcyIC0xNyAtMjEgLTIgLTkgLTIyIC0yNiAtMjMgLTEzIC05IC0yNyAtNCAtMjggLTE2IC0xNyAtNyAtMjggLTExIC0zOCAtMTMgLTM4IC0xMCAtNiAtMTcgLTQgLTggLTM1IC05IC0yOSAwIC0zNSAtMzYgLTI1IC0yOCAtMjMgLTMwIC0zOCAtMzIgLTkgLTI5IC0xIA=="", ""terminating_signal"": null, ""timeout_status"": false}","{""exit_code"": 0, ""stderr_base64"": """", ""stdout_base64"": ""MzcyIC0xNyAtMjEgLTIgLTkgMTkgLTI2IDE4IDI4IDMyIDE0IDM3IC0yOCAyNSAyNCAtNyAtMjggMzAgLTM4IDI4IC0zOCAzMSAzNSAyNCAzNyAtOCAtMzUgMzIgLTI5IDAgLTM1IC0zNiAtMjUgLTI4IC0yMyAxMSAtMzggLTMyIDMyIC0yOSA0MCA="", ""terminating_signal"": null, ""timeout_status"": false}",MzcyIC0xNyAtMjEgLTIgLTkgLTIyIC0yNiAtMjMgLTEzIC05IC0yNyAtNCAtMjggLTE2IC0xNyAtNyAtMjggLTExIC0zOCAtMTMgLTM4IC0xMCAtNiAtMTcgLTQgLTggLTM1IC05IC0yOSAwIC0zNSAtMzYgLTI1IC0yOCAtMjMgLTMwIC0zOCAtMzIgLTkgLTI5IC0xIA==,MzcyIC0xNyAtMjEgLTIgLTkgMTkgLTI2IDE4IDI4IDMyIDE0IDM3IC0yOCAyNSAyNCAtNyAtMjggMzAgLTM4IDI4IC0zOCAzMSAzNSAyNCAzNyAtOCAtMzUgMzIgLTI5IDAgLTM1IC0zNiAtMjUgLTI4IC0yMyAxMSAtMzggLTMyIDMyIC0yOSA0MCA=,,,0,0,,,False,False,False,confirmed historical mismatch; replay count from implementation default,,,
2.0,experiment_20260728_124405,726901bf6942ca5c208a,p02950,F4,F1,0,s864110221,counterexample,1786a112dd95ea7896af6631,4,4,3,/home/dungbv/clau/reports/experiment_20260728_124405/counterexample_inputs/1786a112dd95ea7896af6631.bin,83e7c59f6ed7c5e8d9837239cce6ecf4ff3fc571673d6c68e427edd1ff188365,True,,OUTPUT_MISMATCH,2,2,True,False,"{""exit_code"": 0, ""stderr_base64"": """", ""stdout_base64"": ""OTI1IDU1IDQxIDU5IDMgNCA1IDEzIDE0IDI2IDAgNTggNTAgNDAgMjAgMTggMTEgNjIgMSA1MSAxMCAzNyA1MCA2MiA1NCA0MCA1MiA0MCA1MiA2IDI2IDM5IDYzIDI0IDExIDggMTcgNjUgNSA1NSAzNCA5IDQgOSA1IDQ0IDU4IDY1IDMyIDY0IDYwIDIxIDM2IDE5IDM1IDMzIDQyIDkgNDMgNDAgMzcgMTYgNiAzOCAwIDQyIDQyIA=="", ""terminating_signal"": null, ""timeout_status"": false}","{""exit_code"": 0, ""stderr_base64"": """", ""stdout_base64"": ""OTI1IDU1IDQxIDU5IC02NCA0IDUgMTMgMTQgLTQxIDAgNTggNTAgNDAgLTQ3IC00OSAtNTYgNjIgMSA1MSAxMCAzNyA1MCA2MiA1NCA0MCA1MiA0MCA1MiAtNjEgMjYgMzkgNjMgMjQgMTEgOCAtNTAgNjUgLTYyIDU1IDM0IDkgNCAtNTggNSA0NCA1OCA2NSAzMiA2NCA2MCAyMSAzNiAxOSAzNSAtMzQgNDIgOSA0MyA0MCAzNyAxNiA2IDM4IDAgNDIgNDIg"", ""terminating_signal"": null, ""timeout_status"": false}",OTI1IDU1IDQxIDU5IDMgNCA1IDEzIDE0IDI2IDAgNTggNTAgNDAgMjAgMTggMTEgNjIgMSA1MSAxMCAzNyA1MCA2MiA1NCA0MCA1MiA0MCA1MiA2IDI2IDM5IDYzIDI0IDExIDggMTcgNjUgNSA1NSAzNCA5IDQgOSA1IDQ0IDU4IDY1IDMyIDY0IDYwIDIxIDM2IDE5IDM1IDMzIDQyIDkgNDMgNDAgMzcgMTYgNiAzOCAwIDQyIDQyIA==,OTI1IDU1IDQxIDU5IC02NCA0IDUgMTMgMTQgLTQxIDAgNTggNTAgNDAgLTQ3IC00OSAtNTYgNjIgMSA1MSAxMCAzNyA1MCA2MiA1NCA0MCA1MiA0MCA1MiAtNjEgMjYgMzkgNjMgMjQgMTEgOCAtNTAgNjUgLTYyIDU1IDM0IDkgNCAtNTggNSA0NCA1OCA2NSAzMiA2NCA2MCAyMSAzNiAxOSAzNSAtMzQgNDIgOSA0MyA0MCAzNyAxNiA2IDM4IDAgNDIgNDIg,,,0,0,,,False,False,False,confirmed historical mismatch; replay count from implementation default,,,
2.0,experiment_20260728_124405,726901bf6942ca5c208a,p02950,F4,F1,0,s864110221,counterexample,97ea31d8af4fbcb1c73b3e6c,4,4,4,/home/dungbv/clau/reports/experiment_20260728_124405/counterexample_inputs/97ea31d8af4fbcb1c73b3e6c.bin,1edddb23b7d139f0d2d8f7c633f2a167f7ecc0e3d892f1dcda1a587c87917fc0,True,,OUTPUT_MISMATCH,2,2,True,False,"{""exit_code"": 0, ""stderr_base64"": """", ""stdout_base64"": ""ODcxIC01IC04IC02IC00IC05IC01IC0xIC01IC00IC0zIA=="", ""terminating_signal"": null, ""timeout_status"": false}","{""exit_code"": 0, ""stderr_base64"": """", ""stdout_base64"": ""ODcxIC01IC04IC02IDcgLTkgLTUgLTEgLTUgLTQgLTMg"", ""terminating_signal"": null, ""timeout_status"": false}",ODcxIC01IC04IC02IC00IC05IC01IC0xIC01IC00IC0zIA==,ODcxIC01IC04IC02IDcgLTkgLTUgLTEgLTUgLTQgLTMg,,,0,0,,,False,False,False,confirmed historical mismatch; replay count from implementation default,,,
2.0,experiment_20260728_124405,726901bf6942ca5c208a,p02950,F4,F1,0,s864110221,counterexample,65570b85bc4539103a7f5579,4,4,5,/home/dungbv/clau/reports/experiment_20260728_124405/counterexample_inputs/65570b85bc4539103a7f5579.bin,ed7f50cd61dffa5b8724e1ab2e371d31154edef2666b052cad2ce8c716432000,True,,OUTPUT_MISMATCH,2,2,True,False,"{""exit_code"": 0, ""stderr_base64"": """", ""stdout_base64"": ""MjY3IC0xMyAtNyAtMTEgMCAtMTQgLTMgLTcgLTcgLTEgLTE1IC01IC0xNCAtMTQgLTcgLTExIC01IA=="", ""terminating_signal"": null, ""timeout_status"": false}","{""exit_code"": 0, ""stderr_base64"": """", ""stdout_base64"": ""MjY3IC0xMyAxMCAtMTEgMCAtMTQgMTQgMTAgMTAgMTYgLTE1IDEyIC0xNCAtMTQgLTcgLTExIC01IA=="", ""terminating_signal"": null, ""timeout_status"": false}",MjY3IC0xMyAtNyAtMTEgMCAtMTQgLTMgLTcgLTcgLTEgLTE1IC01IC0xNCAtMTQgLTcgLTExIC01IA==,MjY3IC0xMyAxMCAtMTEgMCAtMTQgMTQgMTAgMTAgMTYgLTE1IDEyIC0xNCAtMTQgLTcgLTExIC01IA==,,,0,0,,,False,False,False,confirmed historical mismatch; replay count from implementation default,,,
2.0,experiment_20260728_124405,726901bf6942ca5c208a,p02950,F4,F1,0,s864110221,counterexample,13ba809e2263b54905bda311,4,4,6,/home/dungbv/clau/reports/experiment_20260728_124405/counterexample_inputs/13ba809e2263b54905bda311.bin,0d8c3c3d88d41d2e440e294211f54b8a51420db90a7cc8f545bfa0e22bd58d5e,True,,OUTPUT_MISMATCH,2,2,True,False,"{""exit_code"": 0, ""stderr_base64"": """", ""stdout_base64"": ""MTI4NiAxOSAtMTYgMTUgMjMgNyAyNiAxMyAyMyAxIDE4IDE1IDIgMTcgOSAyNSAxIDEwIDIyIDIgMjcgMjEgMjUgMjggMjYgMTMgMTMgMTAgMjUg"", ""terminating_signal"": null, ""timeout_status"": false}","{""exit_code"": 0, ""stderr_base64"": """", ""stdout_base64"": ""MTI4NiAxOSAxMyAxNSAyMyA3IDI2IDEzIDIzIDEgMTggMTUgLTI3IDE3IDkgMjUgMSAtMTkgMjIgMiAyNyAyMSAyNSAyOCAyNiAxMyAtMTYgMTAgMjUg"", ""terminating_signal"": null, ""timeout_status"": false}",MTI4NiAxOSAtMTYgMTUgMjMgNyAyNiAxMyAyMyAxIDE4IDE1IDIgMTcgOSAyNSAxIDEwIDIyIDIgMjcgMjEgMjUgMjggMjYgMTMgMTMgMTAgMjUg,MTI4NiAxOSAxMyAxNSAyMyA3IDI2IDEzIDIzIDEgMTggMTUgLTI3IDE3IDkgMjUgMSAtMTkgMjIgMiAyNyAyMSAyNSAyOCAyNiAxMyAtMTYgMTAgMjUg,,,0,0,,,False,False,False,confirmed historical mismatch; replay count from implementation default,,,
2.0,experiment_20260728_124405,726901bf6942ca5c208a,p02950,F4,F1,0,s864110221,counterexample,9f2a3733ff25114244755b04,4,4,7,/home/dungbv/clau/reports/experiment_20260728_124405/counterexample_inputs/9f2a3733ff25114244755b04.bin,0e281af8017e51828f876661c4070c7cd1a6cb590fb429d411ad2c23c2db1695,True,,OUTPUT_MISMATCH,2,2,True,False,"{""exit_code"": 0, ""stderr_base64"": """", ""stdout_base64"": ""NjU0IDMgMyAwIDIwIDE4IDE5IDIgMTkgMTMgMyAyIDIyIDcgMjEgMTggMjEgMTkgMjAgMjAgNCAxOCAyIA=="", ""terminating_signal"": null, ""timeout_status"": false}","{""exit_code"": 0, ""stderr_base64"": """", ""stdout_base64"": ""NjU0IDMgLTIwIDAgMjAgMTggMTkgLTIxIDE5IDEzIC0yMCAtMjEgMjIgNyAyMSAxOCAyMSAxOSAyMCAyMCA0IDE4IC0yMSA="", ""terminating_signal"": null, ""timeout_status"": false}",NjU0IDMgMyAwIDIwIDE4IDE5IDIgMTkgMTMgMyAyIDIyIDcgMjEgMTggMjEgMTkgMjAgMjAgNCAxOCAyIA==,NjU0IDMgLTIwIDAgMjAgMTggMTkgLTIxIDE5IDEzIC0yMCAtMjEgMjIgNyAyMSAxOCAyMSAxOSAyMCAyMCA0IDE4IC0yMSA=,,,0,0,,,False,False,False,confirmed historical mismatch; replay count from implementation default,,,
2.0,experiment_20260728_124405,aeff373039923a61cac5,p02950,F1,F2,0,s864110221,counterexample,48df7a7699057e4231385688,3,3,1,/home/dungbv/clau/reports/experiment_20260728_124405/counterexample_inputs/48df7a7699057e4231385688.bin,13885944ed39e291046ce7615096f33864338552226ba31c02317cd96dd79201,True,,OUTPUT_MISMATCH,2,2,True,False,"{""exit_code"": 0, ""stderr_base64"": """", ""stdout_base64"": ""MSAxIA=="", ""terminating_signal"": null, ""timeout_status"": false}","{""exit_code"": 0, ""stderr_base64"": """", ""stdout_base64"": ""MSAxCg=="", ""terminating_signal"": null, ""timeout_status"": false}",MSAxIA==,MSAxCg==,,,0,0,,,False,False,False,confirmed historical mismatch; replay count from implementation default,,,
2.0,experiment_20260728_124405,aeff373039923a61cac5,p02950,F1,F2,0,s864110221,counterexample,53dad82052ca522702a85349,3,3,2,/home/dungbv/clau/reports/experiment_20260728_124405/counterexample_inputs/53dad82052ca522702a85349.bin,0ca1f24fe3756cca8ad493c0bc40f9b4b68413eec6f31f643a9ef82d33f06789,True,,OUTPUT_MISMATCH,2,2,True,False,"{""exit_code"": 0, ""stderr_base64"": """", ""stdout_base64"": ""OTY5IC0yNCAtMzIgLTIxIC0zNSAtMzYgLTMzIC00MCAtMjcgLTM1IC0yOCAtMjggLTggLTM0IC0zMyAtMzkgLTQxIC0yNCAtMzYgLTExIDAgLTM1IC0xNSAtMTMgLTE2IC0zIC0yMSAtMTMgLTExIC00MCAtMTQgLTEwIC0xIC0zMCAtMzIgLTE3IC0xOCAtMTIgLTIwIC0yNiAtMzcgLTI4IC0yMSA="", ""terminating_signal"": null, ""timeout_status"": false}","{""exit_code"": 0, ""stderr_base64"": """", ""stdout_base64"": ""OTY5IC0xMiA1IC0xNSAtMTAgLTEzIC0xNCAtNyAtOSAtOCAtMiAxMiAtOCAtMTMgLTEzIC0yMSAyIC0xNiAxNSAyMCAtOSA1IDEzIDQgLTIwIC0xIDEzIDkgLTE0IDYgMTYgMTkgLTQgLTEyIDkgMiAxNCAwIDAgLTE3IC0yIC0xIDIgCg=="", ""terminating_signal"": null, ""timeout_status"": false}",OTY5IC0yNCAtMzIgLTIxIC0zNSAtMzYgLTMzIC00MCAtMjcgLTM1IC0yOCAtMjggLTggLTM0IC0zMyAtMzkgLTQxIC0yNCAtMzYgLTExIDAgLTM1IC0xNSAtMTMgLTE2IC0zIC0yMSAtMTMgLTExIC00MCAtMTQgLTEwIC0xIC0zMCAtMzIgLTE3IC0xOCAtMTIgLTIwIC0yNiAtMzcgLTI4IC0yMSA=,OTY5IC0xMiA1IC0xNSAtMTAgLTEzIC0xNCAtNyAtOSAtOCAtMiAxMiAtOCAtMTMgLTEzIC0yMSAyIC0xNiAxNSAyMCAtOSA1IDEzIDQgLTIwIC0xIDEzIDkgLTE0IDYgMTYgMTkgLTQgLTEyIDkgMiAxNCAwIDAgLTE3IC0yIC0xIDIgCg==,,,0,0,,,False,False,False,confirmed historical mismatch; replay count from implementation default,,,
2.0,experiment_20260728_124405,aeff373039923a61cac5,p02950,F1,F2,0,s864110221,counterexample,9ded85105f2214bde545fcc1,3,3,3,/home/dungbv/clau/reports/experiment_20260728_124405/counterexample_inputs/9ded85105f2214bde545fcc1.bin,4dfbb36dce501326485499a1272eeb1c4f77316de498493eb04bb771e1c61c3d,True,,OUTPUT_MISMATCH,2,2,True,False,"{""exit_code"": 0, ""stderr_base64"": """", ""stdout_base64"": ""MTgxNiA2MiAxNSAyNyA1IDY2IDQ3IDM3IDgyIDEwIDEyIDcgMjkgMjAgNSAzMCAzNyA1NCA0MCAzNyA0NSA0NSAxNCA3MSAzOSA2IDgxIDEgNjMgNzkgMjUgNTcgNzcgMjkgOCAxNiA0OCAyOSAyMCAzIDczIDQ3IDc4IDI1IDYgNiA3NCAyIDQgNDEgMTkgNDMgNTYgNTAgMjkgNjcgMTYgMzggMjAgNDEgNDUgNjIgNDggNDEgNjMgMzAgNTMgMjggNDggMTQgNTYgNDQgNzIgNzIgNjggMTcgNzYgNCA1NiAyOCA3NSA4IDQ0IA=="", ""terminating_signal"": null, ""timeout_status"": false}","{""exit_code"": 0, ""stderr_base64"": """", ""stdout_base64"": ""MTgxNiAyNSAzMCAxNSAtMTQgLTI2IDQwIDkgMTMgMjIgMTAgMzkgMjMgMTUgMzMgLTM2IC0yNiAtMzMgNDAgLTI4IC0zNSAyNCAtOSAtMzQgOSA4IDQgLTEwIC0xIDM1IC0yMyA0IDMyIDE4IDE5IC0yNSAzMiAzMCA2IDAgLTMzIDUgMjggMTYgOSAxIDUgMTQgLTM5IDI5IC0zNyAtMTcgLTMwIDM5IC0xMyAyNiA0MSAzMCAtMzkgLTI4IC0xOCAtMjUgLTM5IC0xMCAzMyAtMjAgMzEgLTI1IDE3IC0xNyAtMzYgLTEgLTggLTUgMjAgMyA3IC0xNyAzMSAyIDExIC0yOSAtMTggCg=="", ""terminating_signal"": null, ""timeout_status"": false}",MTgxNiA2MiAxNSAyNyA1IDY2IDQ3IDM3IDgyIDEwIDEyIDcgMjkgMjAgNSAzMCAzNyA1NCA0MCAzNyA0NSA0NSAxNCA3MSAzOSA2IDgxIDEgNjMgNzkgMjUgNTcgNzcgMjkgOCAxNiA0OCAyOSAyMCAzIDczIDQ3IDc4IDI1IDYgNiA3NCAyIDQgNDEgMTkgNDMgNTYgNTAgMjkgNjcgMTYgMzggMjAgNDEgNDUgNjIgNDggNDEgNjMgMzAgNTMgMjggNDggMTQgNTYgNDQgNzIgNzIgNjggMTcgNzYgNCA1NiAyOCA3NSA4IDQ0IA==,MTgxNiAyNSAzMCAxNSAtMTQgLTI2IDQwIDkgMTMgMjIgMTAgMzkgMjMgMTUgMzMgLTM2IC0yNiAtMzMgNDAgLTI4IC0zNSAyNCAtOSAtMzQgOSA4IDQgLTEwIC0xIDM1IC0yMyA0IDMyIDE4IDE5IC0yNSAzMiAzMCA2IDAgLTMzIDUgMjggMTYgOSAxIDUgMTQgLTM5IDI5IC0zNyAtMTcgLTMwIDM5IC0xMyAyNiA0MSAzMCAtMzkgLTI4IC0xOCAtMjUgLTM5IC0xMCAzMyAtMjAgMzEgLTI1IDE3IC0xNyAtMzYgLTEgLTggLTUgMjAgMyA3IC0xNyAzMSAyIDExIC0yOSAtMTggCg==,,,0,0,,,False,False,False,confirmed historical mismatch; replay count from implementation default,,,
2.0,experiment_20260728_124405,aeff373039923a61cac5,p02950,F1,F2,0,s864110221,counterexample,07be12575101b6d86d623021,3,3,4,/home/dungbv/clau/reports/experiment_20260728_124405/counterexample_inputs/07be12575101b6d86d623021.bin,c41726ff0f66dade720a66f2e6a2a50e4f04c136f71eccbbbc024e6e3016cbf2,True,,OUTPUT_MISMATCH,2,2,True,False,"{""exit_code"": 0, ""stderr_base64"": """", ""stdout_base64"": ""MjAyOCAtNzAgLTMyIC00MyAtNjQgLTQ5IC01MiAtMTggLTE0IC0xNSAtMTUgLTYgMCAtMTIgLTMyIC0xMyAtNTEgLTYwIC01NiAtNzAgLTYzIC0xMSAtNTcgLTI1IC01MyAtNDEgLTEyIC0xNCAtNDIgLTIgLTQzIC0yOCAtNDAgLTcgLTM3IC00MSAtNjMgLTQxIC01IC0xMCAtMzAgLTI1IC0xNCAtNjIgLTY0IC0xNCAtMyAtMyAtMTMgLTQ0IC0yMyAtMzMgLTExIC0yNyAtMTAgLTYxIC00MyAtMjQgLTY4IC01MyAtNzAgLTMzIC0yMiAtNDggLTE4IC0xOSAtOCAtNTkgLTI0IC00NyAtMTgg"", ""terminating_signal"": null, ""timeout_status"": false}","{""exit_code"": 0, ""stderr_base64"": """", ""stdout_base64"": ""MjAyOCAtMSAxIC0zMyAtNSAtMjEgMjYgMTcgMjkgMTYgLTMzIDMxIDMyIC0xIDMxIC0yMCAtMTYgLTI1IC0yNiAtMzIgMzMgLTI2IDE5IC0yMiAzIDE5IDMwIC0xMSAtMjkgLTEyIDE2IC05IC0zNCAtNiAzIC0zMiAzIDI2IDM0IDEgMTkgMTcgLTE4IC0zMyAzMCAyOCAtMzAgMTggMCA4IDExIDIwIDE3IDIxIC0xNyAtMTIgMjAgMzQgLTkgMzIgMTEgOSAtNCAxMyAyNSAyMyAtMTUgNyAtMyAxMyAtMjYgCg=="", ""terminating_signal"": null, ""timeout_status"": false}",MjAyOCAtNzAgLTMyIC00MyAtNjQgLTQ5IC01MiAtMTggLTE0IC0xNSAtMTUgLTYgMCAtMTIgLTMyIC0xMyAtNTEgLTYwIC01NiAtNzAgLTYzIC0xMSAtNTcgLTI1IC01MyAtNDEgLTEyIC0xNCAtNDIgLTIgLTQzIC0yOCAtNDAgLTcgLTM3IC00MSAtNjMgLTQxIC01IC0xMCAtMzAgLTI1IC0xNCAtNjIgLTY0IC0xNCAtMyAtMyAtMTMgLTQ0IC0yMyAtMzMgLTExIC0yNyAtMTAgLTYxIC00MyAtMjQgLTY4IC01MyAtNzAgLTMzIC0yMiAtNDggLTE4IC0xOSAtOCAtNTkgLTI0IC00NyAtMTgg,MjAyOCAtMSAxIC0zMyAtNSAtMjEgMjYgMTcgMjkgMTYgLTMzIDMxIDMyIC0xIDMxIC0yMCAtMTYgLTI1IC0yNiAtMzIgMzMgLTI2IDE5IC0yMiAzIDE5IDMwIC0xMSAtMjkgLTEyIDE2IC05IC0zNCAtNiAzIC0zMiAzIDI2IDM0IDEgMTkgMTcgLTE4IC0zMyAzMCAyOCAtMzAgMTggMCA4IDExIDIwIDE3IDIxIC0xNyAtMTIgMjAgMzQgLTkgMzIgMTEgOSAtNCAxMyAyNSAyMyAtMTUgNyAtMyAxMyAtMjYgCg==,,,0,0,,,False,False,False,confirmed historical mismatch; replay count from implementation default,,,
2.0,experiment_20260728_124405,aeff373039923a61cac5,p02950,F1,F2,0,s864110221,counterexample,8e09eeef8a0f3b83f9a0f4a6,3,3,5,/home/dungbv/clau/reports/experiment_20260728_124405/counterexample_inputs/8e09eeef8a0f3b83f9a0f4a6.bin,899458acb842350c56f47331fbe7b59e96e66ade5a81f2971d2cd73a46ca18a1,True,,OUTPUT_MISMATCH,2,2,True,False,"{""exit_code"": 0, ""stderr_base64"": """", ""stdout_base64"": ""NDQyIC0xMiAtMTYgLTIgLTEzIC00MiAtMjQgLTIxIC0zMiAtMTMgLTExIC0zMyAtMTMgLTMzIC00MCAtMzQgLTQgLTggLTQwIC0yMSAtMjkgLTI3IC0yOSAtMjAgLTI2IC0zNCAwIC0xNSAtOCAtMjUgLTIzIC0zMCAtMzYgLTE1IC0yMiAtMjMgLTE1IC0xIC0yMSAtMzIgLTM3IC0zMSAtMTMg"", ""terminating_signal"": null, ""timeout_status"": false}","{""exit_code"": 0, ""stderr_base64"": """", ""stdout_base64"": ""NDQyIDE1IC0xMSAxOCAtOCA3IDEzIC0xIDIxIDIwIDEgMTggMSAtOSAwIC0xNiAtMTcgLTkgMTMgMiA3IDIgMTQgNSAwIC0xMiAxOSAtMjAgOSA4IDQgLTUgMTkgOSAxMSAxNiAtMTAgMTAgMiAtNiAzIDE4IC0yMSAK"", ""terminating_signal"": null, ""timeout_status"": false}",NDQyIC0xMiAtMTYgLTIgLTEzIC00MiAtMjQgLTIxIC0zMiAtMTMgLTExIC0zMyAtMTMgLTMzIC00MCAtMzQgLTQgLTggLTQwIC0yMSAtMjkgLTI3IC0yOSAtMjAgLTI2IC0zNCAwIC0xNSAtOCAtMjUgLTIzIC0zMCAtMzYgLTE1IC0yMiAtMjMgLTE1IC0xIC0yMSAtMzIgLTM3IC0zMSAtMTMg,NDQyIDE1IC0xMSAxOCAtOCA3IDEzIC0xIDIxIDIwIDEgMTggMSAtOSAwIC0xNiAtMTcgLTkgMTMgMiA3IDIgMTQgNSAwIC0xMiAxOSAtMjAgOSA4IDQgLTUgMTkgOSAxMSAxNiAtMTAgMTAgMiAtNiAzIDE4IC0yMSAK,,,0,0,,,False,False,False,confirmed historical mismatch; replay count from implementation default,,,
2.0,experiment_20260728_124405,aeff373039923a61cac5,p02950,F1,F2,0,s864110221,counterexample,b5baba46a3da7ad8e147c5ad,3,3,6,/home/dungbv/clau/reports/experiment_20260728_124405/counterexample_inputs/b5baba46a3da7ad8e147c5ad.bin,dbaa9e0c3e97313d18de8528e32f8f44e7d40660d1f40d81634232759bab961a,True,,OUTPUT_MISMATCH,2,2,True,False,"{""exit_code"": 0, ""stderr_base64"": """", ""stdout_base64"": ""MjgwMiAtMTMgLTEwIC0xOCAtMyAtMTUgLTE1IC0xMCAtMTggLTcgLTggLTEzIC00IC0xNiAtMTQgLTcgLTE4IC0xMSAtOSA="", ""terminating_signal"": null, ""timeout_status"": false}","{""exit_code"": 0, ""stderr_base64"": """", ""stdout_base64"": ""MjgwMiAwIDggNyAtOCAtNSAtMyAtOCAwIDIgLTYgNiAtOSAtNCAwIC04IC00IDEgLTYgCg=="", ""terminating_signal"": null, ""timeout_status"": false}",MjgwMiAtMTMgLTEwIC0xOCAtMyAtMTUgLTE1IC0xMCAtMTggLTcgLTggLTEzIC00IC0xNiAtMTQgLTcgLTE4IC0xMSAtOSA=,MjgwMiAwIDggNyAtOCAtNSAtMyAtOCAwIDIgLTYgNiAtOSAtNCAwIC04IC00IDEgLTYgCg==,,,0,0,,,False,False,False,confirmed historical mismatch; replay count from implementation default,,,
2.0,experiment_20260728_124405,aeff373039923a61cac5,p02950,F1,F2,0,s864110221,counterexample,65a1bed4337e078da6022c6f,3,3,7,/home/dungbv/clau/reports/experiment_20260728_124405/counterexample_inputs/65a1bed4337e078da6022c6f.bin,c584ba46855806ec16b19e6d1e49277256ed7e6f01fc8020f6e63275af65cd19,True,,OUTPUT_MISMATCH,2,2,True,False,"{""exit_code"": 0, ""stderr_base64"": """", ""stdout_base64"": ""MjU0MyAwIDAg"", ""terminating_signal"": null, ""timeout_status"": false}","{""exit_code"": 0, ""stderr_base64"": """", ""stdout_base64"": ""MjU0MyAxIDEgCg=="", ""terminating_signal"": null, ""timeout_status"": false}",MjU0MyAwIDAg,MjU0MyAxIDEgCg==,,,0,0,,,False,False,False,confirmed historical mismatch; replay count from implementation default,,,
2.0,experiment_20260728_124405,a8a15bea92f085d1a77e,p03006,F4,F1,0,p03006,counterexample,151975064613d6b4d5424abe,2,2,1,/home/dungbv/clau/reports/experiment_20260728_124405/counterexample_inputs/151975064613d6b4d5424abe.bin,46fbe56cc88ebc94fbef07b0cc0294d19017a383e7c8b51955623bc7e1b1470a,True,,OUTPUT_MISMATCH,2,2,True,False,"{""exit_code"": 0, ""stderr_base64"": """", ""stdout_base64"": ""MQo="", ""terminating_signal"": null, ""timeout_status"": false}","{""exit_code"": 0, ""stderr_base64"": """", ""stdout_base64"": ""Mgo="", ""terminating_signal"": null, ""timeout_status"": false}",MQo=,Mgo=,,,0,0,,,False,False,False,confirmed historical mismatch; replay count from implementation default,,,
2.0,experiment_20260728_124405,a8a15bea92f085d1a77e,p03006,F4,F1,0,p03006,counterexample,ad6a20180aa6d3c36814e31b,2,2,2,/home/dungbv/clau/reports/experiment_20260728_124405/counterexample_inputs/ad6a20180aa6d3c36814e31b.bin,62b8cf20190296458003bed74d9e10bedf437c727540aca5c5f97e883be1393b,True,,OUTPUT_MISMATCH,2,2,True,False,"{""exit_code"": 0, ""stderr_base64"": """", ""stdout_base64"": ""MQo="", ""terminating_signal"": null, ""timeout_status"": false}","{""exit_code"": 0, ""stderr_base64"": """", ""stdout_base64"": ""NAo="", ""terminating_signal"": null, ""timeout_status"": false}",MQo=,NAo=,,,0,0,,,False,False,False,confirmed historical mismatch; replay count from implementation default,,,
2.0,experiment_20260728_124405,a8a15bea92f085d1a77e,p03006,F4,F1,0,p03006,counterexample,a4e5e08d6867aaecbde55644,2,2,3,/home/dungbv/clau/reports/experiment_20260728_124405/counterexample_inputs/a4e5e08d6867aaecbde55644.bin,921e7692cd786450130c9764f6cd57eb25150acd343c5f37c7af080971b62f87,True,,OUTPUT_MISMATCH,2,2,True,False,"{""exit_code"": 0, ""stderr_base64"": """", ""stdout_base64"": ""MQo="", ""terminating_signal"": null, ""timeout_status"": false}","{""exit_code"": 0, ""stderr_base64"": """", ""stdout_base64"": ""NAo="", ""terminating_signal"": null, ""timeout_status"": false}",MQo=,NAo=,,,0,0,,,False,False,False,confirmed historical mismatch; replay count from implementation default,,,
2.0,experiment_20260728_124405,a8a15bea92f085d1a77e,p03006,F4,F1,0,p03006,counterexample,52b3e884d4f091a9fd961ec2,2,2,4,/home/dungbv/clau/reports/experiment_20260728_124405/counterexample_inputs/52b3e884d4f091a9fd961ec2.bin,6e3efc811d40b03baab295f398ccc5f3a0b8c8c98c77fcd857540eea09e69f33,True,,OUTPUT_MISMATCH,2,2,True,False,"{""exit_code"": 0, ""stderr_base64"": """", ""stdout_base64"": ""MQo="", ""terminating_signal"": null, ""timeout_status"": false}","{""exit_code"": 0, ""stderr_base64"": """", ""stdout_base64"": ""MAo="", ""terminating_signal"": null, ""timeout_status"": false}",MQo=,MAo=,,,0,0,,,False,False,False,confirmed historical mismatch; replay count from implementation default,,,
2.0,experiment_20260728_124405,a8a15bea92f085d1a77e,p03006,F4,F1,0,p03006,counterexample,8090afd81873db25d28a1dac,2,2,5,/home/dungbv/clau/reports/experiment_20260728_124405/counterexample_inputs/8090afd81873db25d28a1dac.bin,d03042c2303127dc599c1ecb4c812bc6073fadddfa40b6e13fb22baa53bd2aa9,True,,OUTPUT_MISMATCH,2,2,True,False,"{""exit_code"": 0, ""stderr_base64"": """", ""stdout_base64"": ""MQo="", ""terminating_signal"": null, ""timeout_status"": false}","{""exit_code"": 0, ""stderr_base64"": """", ""stdout_base64"": ""NAo="", ""terminating_signal"": null, ""timeout_status"": false}",MQo=,NAo=,,,0,0,,,False,False,False,confirmed historical mismatch; replay count from implementation default,,,
2.0,experiment_20260728_124405,a8a15bea92f085d1a77e,p03006,F4,F1,0,p03006,counterexample,f1be1dfc2073a22ec22a9104,2,2,6,/home/dungbv/clau/reports/experiment_20260728_124405/counterexample_inputs/f1be1dfc2073a22ec22a9104.bin,8096a73e8adafe57b7a0c868683662c278b9ae341b74cb435cbb05f5519eaa7c,True,,OUTPUT_MISMATCH,2,2,True,False,"{""exit_code"": 0, ""stderr_base64"": """", ""stdout_base64"": ""MQo="", ""terminating_signal"": null, ""timeout_status"": false}","{""exit_code"": 0, ""stderr_base64"": """", ""stdout_base64"": ""NAo="", ""terminating_signal"": null, ""timeout_status"": false}",MQo=,NAo=,,,0,0,,,False,False,False,confirmed historical mismatch; replay count from implementation default,,,
2.0,experiment_20260728_124405,a8a15bea92f085d1a77e,p03006,F4,F1,0,p03006,counterexample,761535740bf198f9638dbb99,2,2,7,/home/dungbv/clau/reports/experiment_20260728_124405/counterexample_inputs/761535740bf198f9638dbb99.bin,c3ca671c19cbcb3eb443866a469d4583437508cf9482f46594532a83d9f1115e,True,,OUTPUT_MISMATCH,2,2,True,False,"{""exit_code"": 0, ""stderr_base64"": """", ""stdout_base64"": ""Mgo="", ""terminating_signal"": null, ""timeout_status"": false}","{""exit_code"": 0, ""stderr_base64"": """", ""stdout_base64"": ""NAo="", ""terminating_signal"": null, ""timeout_status"": false}",Mgo=,NAo=,,,0,0,,,False,False,False,confirmed historical mismatch; replay count from implementation default,,,
2.0,experiment_20260728_124405,4f0bc0cde77eef2e5855,p03006,F1,F2,0,p03006,counterexample,447f39a8f405b878b126f635,1,1,1,/home/dungbv/clau/reports/experiment_20260728_124405/counterexample_inputs/447f39a8f405b878b126f635.bin,921e7692cd786450130c9764f6cd57eb25150acd343c5f37c7af080971b62f87,True,,OUTPUT_MISMATCH,2,2,True,False,"{""exit_code"": 0, ""stderr_base64"": """", ""stdout_base64"": ""MQo="", ""terminating_signal"": null, ""timeout_status"": false}","{""exit_code"": 0, ""stderr_base64"": """", ""stdout_base64"": ""Mgo="", ""terminating_signal"": null, ""timeout_status"": false}",MQo=,Mgo=,,,0,0,,,False,False,False,confirmed historical mismatch; replay count from implementation default,,,
2.0,experiment_20260728_124405,4f0bc0cde77eef2e5855,p03006,F1,F2,0,p03006,counterexample,9855fdcf54057f5765f2309b,1,1,2,/home/dungbv/clau/reports/experiment_20260728_124405/counterexample_inputs/9855fdcf54057f5765f2309b.bin,62b8cf20190296458003bed74d9e10bedf437c727540aca5c5f97e883be1393b,True,,OUTPUT_MISMATCH,2,2,True,False,"{""exit_code"": 0, ""stderr_base64"": """", ""stdout_base64"": ""MQo="", ""terminating_signal"": null, ""timeout_status"": false}","{""exit_code"": 0, ""stderr_base64"": """", ""stdout_base64"": ""NAo="", ""terminating_signal"": null, ""timeout_status"": false}",MQo=,NAo=,,,0,0,,,False,False,False,confirmed historical mismatch; replay count from implementation default,,,
2.0,experiment_20260728_124405,4f0bc0cde77eef2e5855,p03006,F1,F2,0,p03006,counterexample,1cdf0dae068590ec09d8d94f,1,1,3,/home/dungbv/clau/reports/experiment_20260728_124405/counterexample_inputs/1cdf0dae068590ec09d8d94f.bin,46fbe56cc88ebc94fbef07b0cc0294d19017a383e7c8b51955623bc7e1b1470a,True,,OUTPUT_MISMATCH,2,2,True,False,"{""exit_code"": 0, ""stderr_base64"": """", ""stdout_base64"": ""MQo="", ""terminating_signal"": null, ""timeout_status"": false}","{""exit_code"": 0, ""stderr_base64"": """", ""stdout_base64"": ""Mgo="", ""terminating_signal"": null, ""timeout_status"": false}",MQo=,Mgo=,,,0,0,,,False,False,False,confirmed historical mismatch; replay count from implementation default,,,
2.0,experiment_20260728_124405,4f0bc0cde77eef2e5855,p03006,F1,F2,0,p03006,counterexample,09e6316757145c2951396ff7,1,1,4,/home/dungbv/clau/reports/experiment_20260728_124405/counterexample_inputs/09e6316757145c2951396ff7.bin,8096a73e8adafe57b7a0c868683662c278b9ae341b74cb435cbb05f5519eaa7c,True,,OUTPUT_MISMATCH,2,2,True,False,"{""exit_code"": 0, ""stderr_base64"": """", ""stdout_base64"": ""MQo="", ""terminating_signal"": null, ""timeout_status"": false}","{""exit_code"": 0, ""stderr_base64"": """", ""stdout_base64"": ""MTYK"", ""terminating_signal"": null, ""timeout_status"": false}",MQo=,MTYK,,,0,0,,,False,False,False,confirmed historical mismatch; replay count from implementation default,,,
2.0,experiment_20260728_124405,4f0bc0cde77eef2e5855,p03006,F1,F2,0,p03006,counterexample,d133751b37f8321c34257ac9,1,1,5,/home/dungbv/clau/reports/experiment_20260728_124405/counterexample_inputs/d133751b37f8321c34257ac9.bin,d03042c2303127dc599c1ecb4c812bc6073fadddfa40b6e13fb22baa53bd2aa9,True,,OUTPUT_MISMATCH,2,2,True,False,"{""exit_code"": 0, ""stderr_base64"": """", ""stdout_base64"": ""MQo="", ""terminating_signal"": null, ""timeout_status"": false}","{""exit_code"": 0, ""stderr_base64"": """", ""stdout_base64"": ""OAo="", ""terminating_signal"": null, ""timeout_status"": false}",MQo=,OAo=,,,0,0,,,False,False,False,confirmed historical mismatch; replay count from implementation default,,,
2.0,experiment_20260728_124405,4f0bc0cde77eef2e5855,p03006,F1,F2,0,p03006,counterexample,6a7b2d6f6709b954e0a17ff2,1,1,6,/home/dungbv/clau/reports/experiment_20260728_124405/counterexample_inputs/6a7b2d6f6709b954e0a17ff2.bin,5ebc1dcb5e8920984de1a3d7dd16b3b8f38e73b77c0393424aad3f6121cf0148,True,,OUTPUT_MISMATCH,2,2,True,False,"{""exit_code"": 0, ""stderr_base64"": """", ""stdout_base64"": ""MQo="", ""terminating_signal"": null, ""timeout_status"": false}","{""exit_code"": 0, ""stderr_base64"": """", ""stdout_base64"": ""Mgo="", ""terminating_signal"": null, ""timeout_status"": false}",MQo=,Mgo=,,,0,0,,,False,False,False,confirmed historical mismatch; replay count from implementation default,,,
2.0,experiment_20260728_124405,4f0bc0cde77eef2e5855,p03006,F1,F2,0,p03006,counterexample,4a249930c8101c7d662acd5f,1,1,7,/home/dungbv/clau/reports/experiment_20260728_124405/counterexample_inputs/4a249930c8101c7d662acd5f.bin,afa5c546d85e7d8c2311c054de37f0b013a762e1eb7546333ba8da6d9dea18e2,True,,OUTPUT_MISMATCH,2,2,True,False,"{""exit_code"": 0, ""stderr_base64"": """", ""stdout_base64"": ""MQo="", ""terminating_signal"": null, ""timeout_status"": false}","{""exit_code"": 0, ""stderr_base64"": """", ""stdout_base64"": ""Mgo="", ""terminating_signal"": null, ""timeout_status"": false}",MQo=,Mgo=,,,0,0,,,False,False,False,confirmed historical mismatch; replay count from implementation default,,,
2.0,experiment_20260728_124405,5ed5bf5041b6b2785c60,p03006,F5,F3,0,p03006,counterexample,f1a48dd7715904aa54032170,2,2,1,/home/dungbv/clau/reports/experiment_20260728_124405/counterexample_inputs/f1a48dd7715904aa54032170.bin,62b8cf20190296458003bed74d9e10bedf437c727540aca5c5f97e883be1393b,True,,OUTPUT_MISMATCH,2,2,True,False,"{""exit_code"": 0, ""stderr_base64"": """", ""stdout_base64"": ""MQo="", ""terminating_signal"": null, ""timeout_status"": false}","{""exit_code"": 0, ""stderr_base64"": """", ""stdout_base64"": ""MSAyCjMgNAo1IDYKNyA4Cg=="", ""terminating_signal"": null, ""timeout_status"": false}",MQo=,MSAyCjMgNAo1IDYKNyA4Cg==,,,0,0,,,False,False,False,confirmed historical mismatch; replay count from implementation default,,,
2.0,experiment_20260728_124405,5ed5bf5041b6b2785c60,p03006,F5,F3,0,p03006,counterexample,d9584034ca6145dac3573848,2,2,2,/home/dungbv/clau/reports/experiment_20260728_124405/counterexample_inputs/d9584034ca6145dac3573848.bin,46fbe56cc88ebc94fbef07b0cc0294d19017a383e7c8b51955623bc7e1b1470a,True,,OUTPUT_MISMATCH,2,2,True,False,"{""exit_code"": 0, ""stderr_base64"": """", ""stdout_base64"": ""MQo="", ""terminating_signal"": null, ""timeout_status"": false}","{""exit_code"": 0, ""stderr_base64"": """", ""stdout_base64"": ""MSAxCjIgMgo="", ""terminating_signal"": null, ""timeout_status"": false}",MQo=,MSAxCjIgMgo=,,,0,0,,,False,False,False,confirmed historical mismatch; replay count from implementation default,,,
2.0,experiment_20260728_124405,5ed5bf5041b6b2785c60,p03006,F5,F3,0,p03006,counterexample,7f671b7f102ecd7d059aafce,2,2,3,/home/dungbv/clau/reports/experiment_20260728_124405/counterexample_inputs/7f671b7f102ecd7d059aafce.bin,6e3efc811d40b03baab295f398ccc5f3a0b8c8c98c77fcd857540eea09e69f33,True,,OUTPUT_MISMATCH,2,2,True,False,"{""exit_code"": 0, ""stderr_base64"": """", ""stdout_base64"": ""MQo="", ""terminating_signal"": null, ""timeout_status"": false}","{""exit_code"": 0, ""stderr_base64"": """", ""stdout_base64"": ""MSAyCg=="", ""terminating_signal"": null, ""timeout_status"": false}",MQo=,MSAyCg==,,,0,0,,,False,False,False,confirmed historical mismatch; replay count from implementation default,,,
2.0,experiment_20260728_124405,5ed5bf5041b6b2785c60,p03006,F5,F3,0,p03006,counterexample,1c11ed90176c1b640ef9cdbd,2,2,4,/home/dungbv/clau/reports/experiment_20260728_124405/counterexample_inputs/1c11ed90176c1b640ef9cdbd.bin,921e7692cd786450130c9764f6cd57eb25150acd343c5f37c7af080971b62f87,True,,OUTPUT_MISMATCH,2,2,True,False,"{""exit_code"": 0, ""stderr_base64"": """", ""stdout_base64"": ""MQo="", ""terminating_signal"": null, ""timeout_status"": false}","{""exit_code"": 0, ""stderr_base64"": """", ""stdout_base64"": ""MSAyCjMgNAo="", ""terminating_signal"": null, ""timeout_status"": false}",MQo=,MSAyCjMgNAo=,,,0,0,,,False,False,False,confirmed historical mismatch; replay count from implementation default,,,
2.0,experiment_20260728_124405,5ed5bf5041b6b2785c60,p03006,F5,F3,0,p03006,counterexample,cf3133f0ea2d0692cd898fb7,2,2,5,/home/dungbv/clau/reports/experiment_20260728_124405/counterexample_inputs/cf3133f0ea2d0692cd898fb7.bin,d03042c2303127dc599c1ecb4c812bc6073fadddfa40b6e13fb22baa53bd2aa9,True,,OUTPUT_MISMATCH,2,2,True,False,"{""exit_code"": 0, ""stderr_base64"": """", ""stdout_base64"": ""MQo="", ""terminating_signal"": null, ""timeout_status"": false}","{""exit_code"": 0, ""stderr_base64"": """", ""stdout_base64"": ""MSAyCjEgMgozIDQKMyA0CjUgNgo1IDYKNyA4CjcgOAo="", ""terminating_signal"": null, ""timeout_status"": false}",MQo=,MSAyCjEgMgozIDQKMyA0CjUgNgo1IDYKNyA4CjcgOAo=,,,0,0,,,False,False,False,confirmed historical mismatch; replay count from implementation default,,,
2.0,experiment_20260728_124405,5ed5bf5041b6b2785c60,p03006,F5,F3,0,p03006,counterexample,ebe32bfae32db553bc6cccb3,2,2,6,/home/dungbv/clau/reports/experiment_20260728_124405/counterexample_inputs/ebe32bfae32db553bc6cccb3.bin,8096a73e8adafe57b7a0c868683662c278b9ae341b74cb435cbb05f5519eaa7c,True,,OUTPUT_MISMATCH,2,2,True,False,"{""exit_code"": 0, ""stderr_base64"": """", ""stdout_base64"": ""MQo="", ""terminating_signal"": null, ""timeout_status"": false}","{""exit_code"": 0, ""stderr_base64"": """", ""stdout_base64"": ""MSAyCjEgMgoxIDIKMSAyCjMgNAozIDQKMyA0CjMgNAo1IDYKNSA2CjUgNgo1IDYKNyA4CjcgOAo3IDgKNyA4Cg=="", ""terminating_signal"": null, ""timeout_status"": false}",MQo=,MSAyCjEgMgoxIDIKMSAyCjMgNAozIDQKMyA0CjMgNAo1IDYKNSA2CjUgNgo1IDYKNyA4CjcgOAo3IDgKNyA4Cg==,,,0,0,,,False,False,False,confirmed historical mismatch; replay count from implementation default,,,
2.0,experiment_20260728_124405,5ed5bf5041b6b2785c60,p03006,F5,F3,0,p03006,counterexample,231e6f7bb4d38ef9d49f6d34,2,2,7,/home/dungbv/clau/reports/experiment_20260728_124405/counterexample_inputs/231e6f7bb4d38ef9d49f6d34.bin,0260e29adf256c0c5e0c8c66440eaf37d04fe7af9dd4da318fc2051257cfdf72,True,,OUTPUT_MISMATCH,2,2,True,False,"{""exit_code"": 0, ""stderr_base64"": """", ""stdout_base64"": ""MQo="", ""terminating_signal"": null, ""timeout_status"": false}","{""exit_code"": 0, ""stderr_base64"": """", ""stdout_base64"": ""LTU0Njk4NSAyCg=="", ""terminating_signal"": null, ""timeout_status"": false}",MQo=,LTU0Njk4NSAyCg==,,,0,0,,,False,False,False,confirmed historical mismatch; replay count from implementation default,,,
2.0,experiment_20260728_124405,8d1da874353c1ad81f8d,p03006,F3,F4,0,p03006,counterexample,c781ce3e5d7534e2996ac0ac,2,2,1,/home/dungbv/clau/reports/experiment_20260728_124405/counterexample_inputs/c781ce3e5d7534e2996ac0ac.bin,f75792371165f0b87cfd786ebf79c017736d83405fc70390e16a40bce8a3ed4e,True,,OUTPUT_MISMATCH,2,2,True,False,"{""exit_code"": 0, ""stderr_base64"": """", ""stdout_base64"": ""MTAK"", ""terminating_signal"": null, ""timeout_status"": false}","{""exit_code"": 0, ""stderr_base64"": """", ""stdout_base64"": ""OAo="", ""terminating_signal"": null, ""timeout_status"": false}",MTAK,OAo=,,,0,0,,,False,False,False,confirmed historical mismatch; replay count from implementation default,,,
2.0,experiment_20260728_124405,8d1da874353c1ad81f8d,p03006,F3,F4,0,p03006,counterexample,9be0af39cf8d760fc123c10a,2,2,2,/home/dungbv/clau/reports/experiment_20260728_124405/counterexample_inputs/9be0af39cf8d760fc123c10a.bin,5c5b5fa7be22382a3a6fa7fc100b03c7e9fdd03d535db8b2590b9ee1df394856,True,,OUTPUT_MISMATCH,2,2,True,False,"{""exit_code"": 0, ""stderr_base64"": """", ""stdout_base64"": ""MTAK"", ""terminating_signal"": null, ""timeout_status"": false}","{""exit_code"": 0, ""stderr_base64"": """", ""stdout_base64"": ""OAo="", ""terminating_signal"": null, ""timeout_status"": false}",MTAK,OAo=,,,0,0,,,False,False,False,confirmed historical mismatch; replay count from implementation default,,,
2.0,experiment_20260728_124405,8d1da874353c1ad81f8d,p03006,F3,F4,0,p03006,counterexample,9ba4675d3ce1e19b652a98f4,2,2,3,/home/dungbv/clau/reports/experiment_20260728_124405/counterexample_inputs/9ba4675d3ce1e19b652a98f4.bin,88e7786903f904f8457e5a0db031cc8ba018415b4465f698423317e080613b70,True,,OUTPUT_MISMATCH,2,2,True,False,"{""exit_code"": 0, ""stderr_base64"": """", ""stdout_base64"": ""MTEK"", ""terminating_signal"": null, ""timeout_status"": false}","{""exit_code"": 0, ""stderr_base64"": """", ""stdout_base64"": ""OQo="", ""terminating_signal"": null, ""timeout_status"": false}",MTEK,OQo=,,,0,0,,,False,False,False,confirmed historical mismatch; replay count from implementation default,,,
2.0,experiment_20260728_124405,8d1da874353c1ad81f8d,p03006,F3,F4,0,p03006,counterexample,0ee23dd4f7a229a394eb24d7,2,2,4,/home/dungbv/clau/reports/experiment_20260728_124405/counterexample_inputs/0ee23dd4f7a229a394eb24d7.bin,db0fc2e16c3a590894fcb95e8c646431ab5bbe8455952dddd01065d7973fe2bf,True,,OUTPUT_MISMATCH,2,2,True,False,"{""exit_code"": 0, ""stderr_base64"": """", ""stdout_base64"": ""MTAK"", ""terminating_signal"": null, ""timeout_status"": false}","{""exit_code"": 0, ""stderr_base64"": """", ""stdout_base64"": ""OAo="", ""terminating_signal"": null, ""timeout_status"": false}",MTAK,OAo=,,,0,0,,,False,False,False,confirmed historical mismatch; replay count from implementation default,,,
2.0,experiment_20260728_124405,8d1da874353c1ad81f8d,p03006,F3,F4,0,p03006,counterexample,43015b1bf5b332b179890408,2,2,5,/home/dungbv/clau/reports/experiment_20260728_124405/counterexample_inputs/43015b1bf5b332b179890408.bin,67ab41b1715a0d6a5653e6979c8dd92a71a071b8f130a6919b1bcb09c6c508e3,True,,OUTPUT_MISMATCH,2,2,True,False,"{""exit_code"": 0, ""stderr_base64"": """", ""stdout_base64"": ""MTEK"", ""terminating_signal"": null, ""timeout_status"": false}","{""exit_code"": 0, ""stderr_base64"": """", ""stdout_base64"": ""OQo="", ""terminating_signal"": null, ""timeout_status"": false}",MTEK,OQo=,,,0,0,,,False,False,False,confirmed historical mismatch; replay count from implementation default,,,
2.0,experiment_20260728_124405,8d1da874353c1ad81f8d,p03006,F3,F4,0,p03006,counterexample,255806191b8d8f371e6f5bea,2,2,6,/home/dungbv/clau/reports/experiment_20260728_124405/counterexample_inputs/255806191b8d8f371e6f5bea.bin,e61b0c9ffe9e3dcf4efdac2ae921877ed0b699e17c09688002be76c9cd7a1072,True,,OUTPUT_MISMATCH,2,2,True,False,"{""exit_code"": 0, ""stderr_base64"": """", ""stdout_base64"": ""MTIK"", ""terminating_signal"": null, ""timeout_status"": false}","{""exit_code"": 0, ""stderr_base64"": """", ""stdout_base64"": ""MTAK"", ""terminating_signal"": null, ""timeout_status"": false}",MTIK,MTAK,,,0,0,,,False,False,False,confirmed historical mismatch; replay count from implementation default,,,
2.0,experiment_20260728_124405,8d1da874353c1ad81f8d,p03006,F3,F4,0,p03006,counterexample,45ac07b2a335c3ad968b7739,2,2,7,/home/dungbv/clau/reports/experiment_20260728_124405/counterexample_inputs/45ac07b2a335c3ad968b7739.bin,994683867a9613bf3ce11b5879230a10365467e696ab123e5a06606a202589e4,True,,OUTPUT_MISMATCH,2,2,True,False,"{""exit_code"": 0, ""stderr_base64"": """", ""stdout_base64"": ""MTAK"", ""terminating_signal"": null, ""timeout_status"": false}","{""exit_code"": 0, ""stderr_base64"": """", ""stdout_base64"": ""OQo="", ""terminating_signal"": null, ""timeout_status"": false}",MTAK,OQo=,,,0,0,,,False,False,False,confirmed historical mismatch; replay count from implementation default,,,
2.0,experiment_20260728_124405,6b029af4e1955152ad8d,p03111,F2,F5,0,p03111,counterexample,acd9fb7499b2827c72222a58,1,1,1,/home/dungbv/clau/reports/experiment_20260728_124405/counterexample_inputs/acd9fb7499b2827c72222a58.bin,3bb0a0724d357dc49f5de305b1e31b4382707f6fb98adadba2e7ad75e5ee84e8,True,,OUTPUT_MISMATCH,2,2,True,False,"{""exit_code"": 0, ""stderr_base64"": """", ""stdout_base64"": ""MTE1MjkyMTUwNDYwNjg0Njk3Ngo="", ""terminating_signal"": null, ""timeout_status"": false}","{""exit_code"": 0, ""stderr_base64"": """", ""stdout_base64"": ""LTEK"", ""terminating_signal"": null, ""timeout_status"": false}",MTE1MjkyMTUwNDYwNjg0Njk3Ngo=,LTEK,,,0,0,,,False,False,False,confirmed historical mismatch; replay count from implementation default,,,
2.0,experiment_20260728_124405,6b029af4e1955152ad8d,p03111,F2,F5,0,p03111,counterexample,b0d9faa6150f680826ca75a2,1,1,2,/home/dungbv/clau/reports/experiment_20260728_124405/counterexample_inputs/b0d9faa6150f680826ca75a2.bin,81ac97519fe1658107f6a114120997c11a93e37cee4ee4c0b706479d8ec5eb5f,True,,OUTPUT_MISMATCH,2,2,True,False,"{""exit_code"": 0, ""stderr_base64"": """", ""stdout_base64"": ""MTE1MjkyMTUwNDYwNjg0Njk3Ngo="", ""terminating_signal"": null, ""timeout_status"": false}","{""exit_code"": 0, ""stderr_base64"": """", ""stdout_base64"": ""LTEK"", ""terminating_signal"": null, ""timeout_status"": false}",MTE1MjkyMTUwNDYwNjg0Njk3Ngo=,LTEK,,,0,0,,,False,False,False,confirmed historical mismatch; replay count from implementation default,,,
2.0,experiment_20260728_124405,6b029af4e1955152ad8d,p03111,F2,F5,0,p03111,counterexample,1e2338ed158b3216817bd530,1,1,3,/home/dungbv/clau/reports/experiment_20260728_124405/counterexample_inputs/1e2338ed158b3216817bd530.bin,980a600da713afbb172f4a3c8ea094359796a1af1e4500e876d40ed1421822f0,True,,OUTPUT_MISMATCH,2,2,True,False,"{""exit_code"": 0, ""stderr_base64"": """", ""stdout_base64"": ""MTE1MjkyMTUwNDYwNjg0Njk3Ngo="", ""terminating_signal"": null, ""timeout_status"": false}","{""exit_code"": 0, ""stderr_base64"": """", ""stdout_base64"": ""LTEK"", ""terminating_signal"": null, ""timeout_status"": false}",MTE1MjkyMTUwNDYwNjg0Njk3Ngo=,LTEK,,,0,0,,,False,False,False,confirmed historical mismatch; replay count from implementation default,,,
2.0,experiment_20260728_124405,6b029af4e1955152ad8d,p03111,F2,F5,0,p03111,counterexample,5d2d551059a966fdd00e5141,1,1,4,/home/dungbv/clau/reports/experiment_20260728_124405/counterexample_inputs/5d2d551059a966fdd00e5141.bin,4ab966828694d54a03fdb147566f4b92f8e626b57b22023f8100234e320ac05f,True,,OUTPUT_MISMATCH,2,2,True,False,"{""exit_code"": 0, ""stderr_base64"": """", ""stdout_base64"": ""MTE1MjkyMTUwNDYwNjg0Njk3Ngo="", ""terminating_signal"": null, ""timeout_status"": false}","{""exit_code"": 0, ""stderr_base64"": """", ""stdout_base64"": ""LTEK"", ""terminating_signal"": null, ""timeout_status"": false}",MTE1MjkyMTUwNDYwNjg0Njk3Ngo=,LTEK,,,0,0,,,False,False,False,confirmed historical mismatch; replay count from implementation default,,,
2.0,experiment_20260728_124405,6b029af4e1955152ad8d,p03111,F2,F5,0,p03111,counterexample,9c819f1ad8d25f812c38f3bb,1,1,5,/home/dungbv/clau/reports/experiment_20260728_124405/counterexample_inputs/9c819f1ad8d25f812c38f3bb.bin,03a5cf7c7ce0ca6ee1014f09f2f95a2d1761eb01bc9dddd2d698719e12fe7c73,True,,OUTPUT_MISMATCH,2,2,True,False,"{""exit_code"": 0, ""stderr_base64"": """", ""stdout_base64"": ""MTE1MjkyMTUwNDYwNjg0Njk3Ngo="", ""terminating_signal"": null, ""timeout_status"": false}","{""exit_code"": 0, ""stderr_base64"": """", ""stdout_base64"": ""LTEK"", ""terminating_signal"": null, ""timeout_status"": false}",MTE1MjkyMTUwNDYwNjg0Njk3Ngo=,LTEK,,,0,0,,,False,False,False,confirmed historical mismatch; replay count from implementation default,,,
2.0,experiment_20260728_124405,6b029af4e1955152ad8d,p03111,F2,F5,0,p03111,counterexample,9f2ec6652a0c51a898bac65a,1,1,6,/home/dungbv/clau/reports/experiment_20260728_124405/counterexample_inputs/9f2ec6652a0c51a898bac65a.bin,a93c854e8b64dc746912ead44f31b94e22d7a566a5162d257be0a586f033b919,True,,OUTPUT_MISMATCH,2,2,True,False,"{""exit_code"": 0, ""stderr_base64"": """", ""stdout_base64"": ""MTE1MjkyMTUwNDYwNjg0Njk3Ngo="", ""terminating_signal"": null, ""timeout_status"": false}","{""exit_code"": 0, ""stderr_base64"": """", ""stdout_base64"": ""LTEK"", ""terminating_signal"": null, ""timeout_status"": false}",MTE1MjkyMTUwNDYwNjg0Njk3Ngo=,LTEK,,,0,0,,,False,False,False,confirmed historical mismatch; replay count from implementation default,,,
2.0,experiment_20260728_124405,6b029af4e1955152ad8d,p03111,F2,F5,0,p03111,counterexample,c076026b5b008cb1d25d4dd8,1,1,7,/home/dungbv/clau/reports/experiment_20260728_124405/counterexample_inputs/c076026b5b008cb1d25d4dd8.bin,02e8cfa83f50f24ed00813515b9ff26476161484ae132cd7c6752c226e0f61a6,True,,OUTPUT_MISMATCH,2,2,True,False,"{""exit_code"": 0, ""stderr_base64"": """", ""stdout_base64"": ""MTE1MjkyMTUwNDYwNjg0Njk3Ngo="", ""terminating_signal"": null, ""timeout_status"": false}","{""exit_code"": 0, ""stderr_base64"": """", ""stdout_base64"": ""LTEK"", ""terminating_signal"": null, ""timeout_status"": false}",MTE1MjkyMTUwNDYwNjg0Njk3Ngo=,LTEK,,,0,0,,,False,False,False,confirmed historical mismatch; replay count from implementation default,,,
2.0,experiment_20260728_124405,f303f886aece150f9b66,p03142,F2,F5,0,p03142,counterexample,9a469fdd61cc5c4a01d65cdf,1,1,1,/home/dungbv/clau/reports/experiment_20260728_124405/counterexample_inputs/9a469fdd61cc5c4a01d65cdf.bin,c6c17993d8c51e3ebf4e3153e9554fa33d34fabb3df0a1939a09224fea14922b,True,,OUTPUT_MISMATCH,2,2,True,False,"{""exit_code"": 0, ""stderr_base64"": """", ""stdout_base64"": ""MAoxCjIK"", ""terminating_signal"": null, ""timeout_status"": false}","{""exit_code"": 0, ""stderr_base64"": """", ""stdout_base64"": ""MQo="", ""terminating_signal"": null, ""timeout_status"": false}",MAoxCjIK,MQo=,,,0,0,,,False,False,False,confirmed historical mismatch; replay count from implementation default,,,
2.0,experiment_20260728_124405,f303f886aece150f9b66,p03142,F2,F5,0,p03142,counterexample,cfea279bbfb98dfcb542fc42,1,1,2,/home/dungbv/clau/reports/experiment_20260728_124405/counterexample_inputs/cfea279bbfb98dfcb542fc42.bin,6ef2bf476e23d13fb12ad61b72afa246f1ab2cddbecb09a4b4a5d5c0a75bc872,True,,OUTPUT_MISMATCH,2,2,True,False,"{""exit_code"": 0, ""stderr_base64"": """", ""stdout_base64"": ""MAoxCjIKMwo0CjUKNgo3CjgKOQoxMAo="", ""terminating_signal"": null, ""timeout_status"": false}","{""exit_code"": 0, ""stderr_base64"": """", ""stdout_base64"": ""Ngo="", ""terminating_signal"": null, ""timeout_status"": false}",MAoxCjIKMwo0CjUKNgo3CjgKOQoxMAo=,Ngo=,,,0,0,,,False,False,False,confirmed historical mismatch; replay count from implementation default,,,
2.0,experiment_20260728_124405,f303f886aece150f9b66,p03142,F2,F5,0,p03142,counterexample,62d1e04c581f6185d0fb03b9,1,1,3,/home/dungbv/clau/reports/experiment_20260728_124405/counterexample_inputs/62d1e04c581f6185d0fb03b9.bin,b049213c407052d90dbf25eaf08604e6b69433480a8ca10c4e7a9080ae380a8e,True,,OUTPUT_MISMATCH,2,2,True,False,"{""exit_code"": 0, ""stderr_base64"": """", ""stdout_base64"": ""MAoxCjIKMwo0CjUKNgo3CjgK"", ""terminating_signal"": null, ""timeout_status"": false}","{""exit_code"": 0, ""stderr_base64"": """", ""stdout_base64"": ""NAo="", ""terminating_signal"": null, ""timeout_status"": false}",MAoxCjIKMwo0CjUKNgo3CjgK,NAo=,,,0,0,,,False,False,False,confirmed historical mismatch; replay count from implementation default,,,
2.0,experiment_20260728_124405,f303f886aece150f9b66,p03142,F2,F5,0,p03142,counterexample,22ce4d9c7b121f06181bcc66,1,1,4,/home/dungbv/clau/reports/experiment_20260728_124405/counterexample_inputs/22ce4d9c7b121f06181bcc66.bin,b2b02a3e84373b456ac9f8eb70d6c655618af628fbc3fd8b9ba8171eb07a9f19,True,,OUTPUT_MISMATCH,2,2,True,False,"{""exit_code"": 0, ""stderr_base64"": """", ""stdout_base64"": ""MAoxCjIKMwo0CjUK"", ""terminating_signal"": null, ""timeout_status"": false}","{""exit_code"": 0, ""stderr_base64"": """", ""stdout_base64"": ""NAo="", ""terminating_signal"": null, ""timeout_status"": false}",MAoxCjIKMwo0CjUK,NAo=,,,0,0,,,False,False,False,confirmed historical mismatch; replay count from implementation default,,,
2.0,experiment_20260728_124405,f303f886aece150f9b66,p03142,F2,F5,0,p03142,counterexample,06ee17a38a5eada1078b82c0,1,1,5,/home/dungbv/clau/reports/experiment_20260728_124405/counterexample_inputs/06ee17a38a5eada1078b82c0.bin,a5a526c5a5be9d4c0446b84bb9f27054b35168be6ebb55e59e28a11fb03374cd,True,,OUTPUT_MISMATCH,2,2,True,False,"{""exit_code"": 0, ""stderr_base64"": """", ""stdout_base64"": ""MAoxCjIKMwo0CjUK"", ""terminating_signal"": null, ""timeout_status"": false}","{""exit_code"": 0, ""stderr_base64"": """", ""stdout_base64"": ""MQo="", ""terminating_signal"": null, ""timeout_status"": false}",MAoxCjIKMwo0CjUK,MQo=,,,0,0,,,False,False,False,confirmed historical mismatch; replay count from implementation default,,,
2.0,experiment_20260728_124405,f303f886aece150f9b66,p03142,F2,F5,0,p03142,counterexample,ccc6d2c5fad3c2e03138c0a5,1,1,6,/home/dungbv/clau/reports/experiment_20260728_124405/counterexample_inputs/ccc6d2c5fad3c2e03138c0a5.bin,8ba26d491f4ee7077d00ab8fc92c3e87b903af1359c2abbdbc95036690c48022,True,,OUTPUT_MISMATCH,2,2,True,False,"{""exit_code"": 0, ""stderr_base64"": """", ""stdout_base64"": ""MAoxCjIKMwo0Cg=="", ""terminating_signal"": null, ""timeout_status"": false}","{""exit_code"": 0, ""stderr_base64"": """", ""stdout_base64"": ""MQo="", ""terminating_signal"": null, ""timeout_status"": false}",MAoxCjIKMwo0Cg==,MQo=,,,0,0,,,False,False,False,confirmed historical mismatch; replay count from implementation default,,,
2.0,experiment_20260728_124405,f303f886aece150f9b66,p03142,F2,F5,0,p03142,counterexample,25ed4b8da57b56264d01d7ce,1,1,7,/home/dungbv/clau/reports/experiment_20260728_124405/counterexample_inputs/25ed4b8da57b56264d01d7ce.bin,46d519841157263e9e14a9614fc8e9da93352396c431cd3aa35944995c0d2905,True,,OUTPUT_MISMATCH,2,2,True,False,"{""exit_code"": 0, ""stderr_base64"": """", ""stdout_base64"": ""MAoxCjIKMwo0CjUKNgo="", ""terminating_signal"": null, ""timeout_status"": false}","{""exit_code"": 0, ""stderr_base64"": """", ""stdout_base64"": ""NQo="", ""terminating_signal"": null, ""timeout_status"": false}",MAoxCjIKMwo0CjUKNgo=,NQo=,,,0,0,,,False,False,False,confirmed historical mismatch; replay count from implementation default,,,
2.0,experiment_20260728_124405,af0a0b845b6c4e56d133,p03199,F4,F1,0,p03199,counterexample,e13cdb9fcd957ebf49607b06,3,3,1,/home/dungbv/clau/reports/experiment_20260728_124405/counterexample_inputs/e13cdb9fcd957ebf49607b06.bin,95911e92e09f2048a892f5b09f8105d95965c12aa4f306ed797fb0c19891fba8,True,,OUTPUT_MISMATCH,2,2,True,False,"{""exit_code"": 0, ""stderr_base64"": """", ""stdout_base64"": ""OAo="", ""terminating_signal"": null, ""timeout_status"": false}","{""exit_code"": 0, ""stderr_base64"": """", ""stdout_base64"": ""MQo="", ""terminating_signal"": null, ""timeout_status"": false}",OAo=,MQo=,,,0,0,,,False,False,False,confirmed historical mismatch; replay count from implementation default,,,
2.0,experiment_20260728_124405,af0a0b845b6c4e56d133,p03199,F4,F1,0,p03199,counterexample,ae1b1ea56d469f81dc56cdf7,3,3,2,/home/dungbv/clau/reports/experiment_20260728_124405/counterexample_inputs/ae1b1ea56d469f81dc56cdf7.bin,27084254980eee19886e15ac2881f56bad5b64f788a9568a31d9fe035a9c885a,True,,OUTPUT_MISMATCH,2,2,True,False,"{""exit_code"": 0, ""stderr_base64"": """", ""stdout_base64"": ""MTYK"", ""terminating_signal"": null, ""timeout_status"": false}","{""exit_code"": 0, ""stderr_base64"": """", ""stdout_base64"": ""MQo="", ""terminating_signal"": null, ""timeout_status"": false}",MTYK,MQo=,,,0,0,,,False,False,False,confirmed historical mismatch; replay count from implementation default,,,
2.0,experiment_20260728_124405,af0a0b845b6c4e56d133,p03199,F4,F1,0,p03199,counterexample,ddb1319affa939ce9f55fa25,3,3,3,/home/dungbv/clau/reports/experiment_20260728_124405/counterexample_inputs/ddb1319affa939ce9f55fa25.bin,d56f355e29b914e83b902c5649ec6be975b5ceea42563d59fec527fd67e53ad0,True,,OUTPUT_MISMATCH,2,2,True,False,"{""exit_code"": 0, ""stderr_base64"": """", ""stdout_base64"": ""MzIK"", ""terminating_signal"": null, ""timeout_status"": false}","{""exit_code"": 0, ""stderr_base64"": """", ""stdout_base64"": ""MAo="", ""terminating_signal"": null, ""timeout_status"": false}",MzIK,MAo=,,,0,0,,,False,False,False,confirmed historical mismatch; replay count from implementation default,,,
2.0,experiment_20260728_124405,af0a0b845b6c4e56d133,p03199,F4,F1,0,p03199,counterexample,8668fe5d9e4da30e67281046,3,3,4,/home/dungbv/clau/reports/experiment_20260728_124405/counterexample_inputs/8668fe5d9e4da30e67281046.bin,01eb1a3aa732a32ef10a435d498bd66ebbde447421f4dd3b1603b387ebc2ce5f,True,,OUTPUT_MISMATCH,2,2,True,False,"{""exit_code"": 0, ""stderr_base64"": """", ""stdout_base64"": ""NjQK"", ""terminating_signal"": null, ""timeout_status"": false}","{""exit_code"": 0, ""stderr_base64"": """", ""stdout_base64"": ""MQo="", ""terminating_signal"": null, ""timeout_status"": false}",NjQK,MQo=,,,0,0,,,False,False,False,confirmed historical mismatch; replay count from implementation default,,,
2.0,experiment_20260728_124405,af0a0b845b6c4e56d133,p03199,F4,F1,0,p03199,counterexample,ff59c0a64fd02bb13f7dca25,3,3,5,/home/dungbv/clau/reports/experiment_20260728_124405/counterexample_inputs/ff59c0a64fd02bb13f7dca25.bin,d2af200fb4a27cf431838c1b1a9bb6788b1136c1e8933c2fd91dfa926625a6fd,True,,OUTPUT_MISMATCH,2,2,True,False,"{""exit_code"": 0, ""stderr_base64"": """", ""stdout_base64"": ""NjQK"", ""terminating_signal"": null, ""timeout_status"": false}","{""exit_code"": 0, ""stderr_base64"": """", ""stdout_base64"": ""MAo="", ""terminating_signal"": null, ""timeout_status"": false}",NjQK,MAo=,,,0,0,,,False,False,False,confirmed historical mismatch; replay count from implementation default,,,
2.0,experiment_20260728_124405,af0a0b845b6c4e56d133,p03199,F4,F1,0,p03199,counterexample,2005a47b61fd1af403fbd426,3,3,6,/home/dungbv/clau/reports/experiment_20260728_124405/counterexample_inputs/2005a47b61fd1af403fbd426.bin,cb3357e0d9b461c4f66dbb9fa3531d14e940f0b62c05a86e383dacb22d85cb13,True,,OUTPUT_MISMATCH,2,2,True,False,"{""exit_code"": 0, ""stderr_base64"": """", ""stdout_base64"": ""NzEyNjMyOTA3Cg=="", ""terminating_signal"": null, ""timeout_status"": false}","{""exit_code"": 0, ""stderr_base64"": """", ""stdout_base64"": ""MQo="", ""terminating_signal"": null, ""timeout_status"": false}",NzEyNjMyOTA3Cg==,MQo=,,,0,0,,,False,False,False,confirmed historical mismatch; replay count from implementation default,,,
2.0,experiment_20260728_124405,af0a0b845b6c4e56d133,p03199,F4,F1,0,p03199,counterexample,1f615b347870117c9e2c21ae,3,3,7,/home/dungbv/clau/reports/experiment_20260728_124405/counterexample_inputs/1f615b347870117c9e2c21ae.bin,17697f9c526f10050b3ea4eb5125fe71ecd8769cd6d815a237f37f7be98ce0d9,True,,OUTPUT_MISMATCH,2,2,True,False,"{""exit_code"": 0, ""stderr_base64"": """", ""stdout_base64"": ""MTYK"", ""terminating_signal"": null, ""timeout_status"": false}","{""exit_code"": 0, ""stderr_base64"": """", ""stdout_base64"": ""MQo="", ""terminating_signal"": null, ""timeout_status"": false}",MTYK,MQo=,,,0,0,,,False,False,False,confirmed historical mismatch; replay count from implementation default,,,
2.0,experiment_20260728_124405,d9f62ec2925e346354b9,p03199,F1,F2,0,p03199,counterexample,df443c3cf696d5927b597708,2,2,1,/home/dungbv/clau/reports/experiment_20260728_124405/counterexample_inputs/df443c3cf696d5927b597708.bin,28755b90382a72e18ab84488409012eaa5fbd8e95962e9571f4f30845680a4c8,True,,OUTPUT_MISMATCH,2,2,True,False,"{""exit_code"": 0, ""stderr_base64"": """", ""stdout_base64"": ""OAo="", ""terminating_signal"": null, ""timeout_status"": false}","{""exit_code"": 0, ""stderr_base64"": """", ""stdout_base64"": ""MAo="", ""terminating_signal"": null, ""timeout_status"": false}",OAo=,MAo=,,,0,0,,,False,False,False,confirmed historical mismatch; replay count from implementation default,,,
2.0,experiment_20260728_124405,d9f62ec2925e346354b9,p03199,F1,F2,0,p03199,counterexample,04aee19e638aebb8ba528d57,2,2,2,/home/dungbv/clau/reports/experiment_20260728_124405/counterexample_inputs/04aee19e638aebb8ba528d57.bin,ece312dd088f923f745a1ba26e827397b1d433331c514d21f3a90022afbe6a49,True,,OUTPUT_MISMATCH,2,2,True,False,"{""exit_code"": 0, ""stderr_base64"": """", ""stdout_base64"": ""OAo="", ""terminating_signal"": null, ""timeout_status"": false}","{""exit_code"": 0, ""stderr_base64"": """", ""stdout_base64"": ""MAo="", ""terminating_signal"": null, ""timeout_status"": false}",OAo=,MAo=,,,0,0,,,False,False,False,confirmed historical mismatch; replay count from implementation default,,,
2.0,experiment_20260728_124405,d9f62ec2925e346354b9,p03199,F1,F2,0,p03199,counterexample,cbee7eca59d8826a317bd0e2,2,2,3,/home/dungbv/clau/reports/experiment_20260728_124405/counterexample_inputs/cbee7eca59d8826a317bd0e2.bin,5602c13dd789d0288252e062a32b51d55248c04735e323cf2817eac81589d44b,True,,OUTPUT_MISMATCH,2,2,True,False,"{""exit_code"": 0, ""stderr_base64"": """", ""stdout_base64"": ""MzIK"", ""terminating_signal"": null, ""timeout_status"": false}","{""exit_code"": 0, ""stderr_base64"": """", ""stdout_base64"": ""MAo="", ""terminating_signal"": null, ""timeout_status"": false}",MzIK,MAo=,,,0,0,,,False,False,False,confirmed historical mismatch; replay count from implementation default,,,
2.0,experiment_20260728_124405,d9f62ec2925e346354b9,p03199,F1,F2,0,p03199,counterexample,068e07a533c9524630ec5698,2,2,4,/home/dungbv/clau/reports/experiment_20260728_124405/counterexample_inputs/068e07a533c9524630ec5698.bin,95911e92e09f2048a892f5b09f8105d95965c12aa4f306ed797fb0c19891fba8,True,,OUTPUT_MISMATCH,2,2,True,False,"{""exit_code"": 0, ""stderr_base64"": """", ""stdout_base64"": ""OAo="", ""terminating_signal"": null, ""timeout_status"": false}","{""exit_code"": 0, ""stderr_base64"": """", ""stdout_base64"": ""MAo="", ""terminating_signal"": null, ""timeout_status"": false}",OAo=,MAo=,,,0,0,,,False,False,False,confirmed historical mismatch; replay count from implementation default,,,
2.0,experiment_20260728_124405,d9f62ec2925e346354b9,p03199,F1,F2,0,p03199,counterexample,84c3cf468d5472e40d425a9b,2,2,5,/home/dungbv/clau/reports/experiment_20260728_124405/counterexample_inputs/84c3cf468d5472e40d425a9b.bin,71efcfdf0b1e5b9fadd5e9c201da240b58762781a787013cf8aaba3cb7c36118,True,,OUTPUT_MISMATCH,2,2,True,False,"{""exit_code"": 0, ""stderr_base64"": """", ""stdout_base64"": ""MzIK"", ""terminating_signal"": null, ""timeout_status"": false}","{""exit_code"": 0, ""stderr_base64"": """", ""stdout_base64"": ""MAo="", ""terminating_signal"": null, ""timeout_status"": false}",MzIK,MAo=,,,0,0,,,False,False,False,confirmed historical mismatch; replay count from implementation default,,,
2.0,experiment_20260728_124405,d9f62ec2925e346354b9,p03199,F1,F2,0,p03199,counterexample,949131066003437cb407eada,2,2,6,/home/dungbv/clau/reports/experiment_20260728_124405/counterexample_inputs/949131066003437cb407eada.bin,606857b2bc8bc26f70f39ddf08afe4534c16aae625cf773e56a8d41acf93f0f2,True,,OUTPUT_MISMATCH,2,2,True,False,"{""exit_code"": 0, ""stderr_base64"": """", ""stdout_base64"": ""MzIK"", ""terminating_signal"": null, ""timeout_status"": false}","{""exit_code"": 0, ""stderr_base64"": """", ""stdout_base64"": ""MAo="", ""terminating_signal"": null, ""timeout_status"": false}",MzIK,MAo=,,,0,0,,,False,False,False,confirmed historical mismatch; replay count from implementation default,,,
2.0,experiment_20260728_124405,d9f62ec2925e346354b9,p03199,F1,F2,0,p03199,counterexample,3e8e3a071e1b9f6cfa6ece07,2,2,7,/home/dungbv/clau/reports/experiment_20260728_124405/counterexample_inputs/3e8e3a071e1b9f6cfa6ece07.bin,f1b43a25e0cecbd29babedd64f679a827e5ac84b88ec93320e45e7e30e0a019b,True,,OUTPUT_MISMATCH,2,2,True,False,"{""exit_code"": 0, ""stderr_base64"": """", ""stdout_base64"": ""MTYK"", ""terminating_signal"": null, ""timeout_status"": false}","{""exit_code"": 0, ""stderr_base64"": """", ""stdout_base64"": ""MAo="", ""terminating_signal"": null, ""timeout_status"": false}",MTYK,MAo=,,,0,0,,,False,False,False,confirmed historical mismatch; replay count from implementation default,,,
2.0,experiment_20260728_124405,e939c5228b50d12017b4,p03199,F3,F4,0,p03199,counterexample,c88a00c3981191c6f93df870,1,1,1,/home/dungbv/clau/reports/experiment_20260728_124405/counterexample_inputs/c88a00c3981191c6f93df870.bin,95911e92e09f2048a892f5b09f8105d95965c12aa4f306ed797fb0c19891fba8,True,,OUTPUT_MISMATCH,2,2,True,False,"{""exit_code"": 0, ""stderr_base64"": """", ""stdout_base64"": ""OAo="", ""terminating_signal"": null, ""timeout_status"": false}","{""exit_code"": 0, ""stderr_base64"": """", ""stdout_base64"": ""Mwo="", ""terminating_signal"": null, ""timeout_status"": false}",OAo=,Mwo=,,,0,0,,,False,False,False,confirmed historical mismatch; replay count from implementation default,,,
2.0,experiment_20260728_124405,e939c5228b50d12017b4,p03199,F3,F4,0,p03199,counterexample,56200aa7521052cf336b6df9,1,1,2,/home/dungbv/clau/reports/experiment_20260728_124405/counterexample_inputs/56200aa7521052cf336b6df9.bin,fda2d615eb97827a2f78851d0f494540a2ce54b513f2180701f2f8599d2fb3c6,True,,OUTPUT_MISMATCH,2,2,True,False,"{""exit_code"": 0, ""stderr_base64"": """", ""stdout_base64"": ""MTYK"", ""terminating_signal"": null, ""timeout_status"": false}","{""exit_code"": 0, ""stderr_base64"": """", ""stdout_base64"": ""Mwo="", ""terminating_signal"": null, ""timeout_status"": false}",MTYK,Mwo=,,,0,0,,,False,False,False,confirmed historical mismatch; replay count from implementation default,,,
2.0,experiment_20260728_124405,e939c5228b50d12017b4,p03199,F3,F4,0,p03199,counterexample,8df0e91831d8be3b4de8ea27,1,1,3,/home/dungbv/clau/reports/experiment_20260728_124405/counterexample_inputs/8df0e91831d8be3b4de8ea27.bin,cbeaf3ae0a0deca9647241bb27d1ff2e63f5572118f6a3b419a0a618f4b9d406,True,,OUTPUT_MISMATCH,2,2,True,False,"{""exit_code"": 0, ""stderr_base64"": """", ""stdout_base64"": ""NjQK"", ""terminating_signal"": null, ""timeout_status"": false}","{""exit_code"": 0, ""stderr_base64"": """", ""stdout_base64"": ""Mwo="", ""terminating_signal"": null, ""timeout_status"": false}",NjQK,Mwo=,,,0,0,,,False,False,False,confirmed historical mismatch; replay count from implementation default,,,
2.0,experiment_20260728_124405,e939c5228b50d12017b4,p03199,F3,F4,0,p03199,counterexample,f73dd2f0e3b99072207bc6ba,1,1,4,/home/dungbv/clau/reports/experiment_20260728_124405/counterexample_inputs/f73dd2f0e3b99072207bc6ba.bin,b3e6c8ba507d72503d9e487260a1c3bd65197de6b8f8c23235efc4e74041a236,True,,OUTPUT_MISMATCH,2,2,True,False,"{""exit_code"": 0, ""stderr_base64"": """", ""stdout_base64"": ""OAo="", ""terminating_signal"": null, ""timeout_status"": false}","{""exit_code"": 0, ""stderr_base64"": """", ""stdout_base64"": ""Mwo="", ""terminating_signal"": null, ""timeout_status"": false}",OAo=,Mwo=,,,0,0,,,False,False,False,confirmed historical mismatch; replay count from implementation default,,,
2.0,experiment_20260728_124405,e939c5228b50d12017b4,p03199,F3,F4,0,p03199,counterexample,da4fb9f0d437abe2eb2ac6c8,1,1,5,/home/dungbv/clau/reports/experiment_20260728_124405/counterexample_inputs/da4fb9f0d437abe2eb2ac6c8.bin,9d925c038be1493d7893969581979653f230be74e9b006d9a1748c29645df1e7,True,,OUTPUT_MISMATCH,2,2,True,False,"{""exit_code"": 0, ""stderr_base64"": """", ""stdout_base64"": ""NjQK"", ""terminating_signal"": null, ""timeout_status"": false}","{""exit_code"": 0, ""stderr_base64"": """", ""stdout_base64"": ""Mwo="", ""terminating_signal"": null, ""timeout_status"": false}",NjQK,Mwo=,,,0,0,,,False,False,False,confirmed historical mismatch; replay count from implementation default,,,
2.0,experiment_20260728_124405,e939c5228b50d12017b4,p03199,F3,F4,0,p03199,counterexample,ccebcf0f92b0787b8e61d61b,1,1,6,/home/dungbv/clau/reports/experiment_20260728_124405/counterexample_inputs/ccebcf0f92b0787b8e61d61b.bin,4d5d71ca8219fc267ee354ebb324d5112a859f86243748c7ba0820c87230bcec,True,,OUTPUT_MISMATCH,2,2,True,False,"{""exit_code"": 0, ""stderr_base64"": """", ""stdout_base64"": ""NjQK"", ""terminating_signal"": null, ""timeout_status"": false}","{""exit_code"": 0, ""stderr_base64"": """", ""stdout_base64"": """", ""terminating_signal"": null, ""timeout_status"": false}",NjQK,,,,0,0,,,False,False,False,confirmed historical mismatch; replay count from implementation default,,,
2.0,experiment_20260728_124405,e939c5228b50d12017b4,p03199,F3,F4,0,p03199,counterexample,b0570ff4a7e31f4a1c2ac5a6,1,1,7,/home/dungbv/clau/reports/experiment_20260728_124405/counterexample_inputs/b0570ff4a7e31f4a1c2ac5a6.bin,9770f836370338264691785f40c2152a18de8be131ae0c74d273b75d6a9efa2e,True,,OUTPUT_MISMATCH,2,2,True,False,"{""exit_code"": 0, ""stderr_base64"": """", ""stdout_base64"": ""NjQK"", ""terminating_signal"": null, ""timeout_status"": false}","{""exit_code"": 0, ""stderr_base64"": """", ""stdout_base64"": ""Mwo="", ""terminating_signal"": null, ""timeout_status"": false}",NjQK,Mwo=,,,0,0,,,False,False,False,confirmed historical mismatch; replay count from implementation default,,,
2.0,experiment_20260728_124405,146dce024a523d26ffaa,p03261,F5,F3,0,p03261,counterexample,de6e89c4bc2481cfd72576ff,5,4,1,/home/dungbv/clau/reports/experiment_20260728_124405/counterexample_inputs/de6e89c4bc2481cfd72576ff.bin,2271d2727efdeb62604c8d7daa58fb438ce9460e0fbf7a920f0cbccbc3426b14,True,,MIXED_DIVERGENCE,2,2,True,False,"{""exit_code"": -11, ""stderr_base64"": """", ""stdout_base64"": """", ""terminating_signal"": 11, ""timeout_status"": false}","{""exit_code"": 0, ""stderr_base64"": """", ""stdout_base64"": ""WWVzCg=="", ""terminating_signal"": null, ""timeout_status"": false}",,WWVzCg==,,,-11,0,11,,False,False,False,confirmed historical mismatch; replay count from implementation default,,,
2.0,experiment_20260728_124405,c307f435bce14605243e,p03261,F3,F4,0,p03261,counterexample,3b9e5814f6ee252745245dc0,5,4,1,/home/dungbv/clau/reports/experiment_20260728_124405/counterexample_inputs/3b9e5814f6ee252745245dc0.bin,bf845b3653d121e3dd4aedc5d4f9f74399e9cccc8f6cbc65fff1097d17110dec,True,,MIXED_DIVERGENCE,2,2,True,False,"{""exit_code"": -11, ""stderr_base64"": """", ""stdout_base64"": """", ""terminating_signal"": 11, ""timeout_status"": false}","{""exit_code"": 0, ""stderr_base64"": """", ""stdout_base64"": ""Tm8K"", ""terminating_signal"": null, ""timeout_status"": false}",,Tm8K,,,-11,0,11,,False,False,False,confirmed historical mismatch; replay count from implementation default,,,
2.0,experiment_20260728_124405,e7e82398aa289b9d56c1,p03261,F2,F5,0,p03261,counterexample,ddf110ea481ad25dc80604cc,1,1,1,/home/dungbv/clau/reports/experiment_20260728_124405/counterexample_inputs/ddf110ea481ad25dc80604cc.bin,225b2be94b0b71d90fb9d1b8be545c370e8ad311cda73906d8a38687e5560f79,True,,OUTPUT_MISMATCH,2,2,True,False,"{""exit_code"": 0, ""stderr_base64"": """", ""stdout_base64"": ""Tm8K"", ""terminating_signal"": null, ""timeout_status"": false}","{""exit_code"": 0, ""stderr_base64"": """", ""stdout_base64"": """", ""terminating_signal"": null, ""timeout_status"": false}",Tm8K,,,,0,0,,,False,False,False,confirmed historical mismatch; replay count from implementation default,,,
2.0,experiment_20260728_124405,e7e82398aa289b9d56c1,p03261,F2,F5,0,p03261,counterexample,f2c84eda3975e465b9de642c,1,1,2,/home/dungbv/clau/reports/experiment_20260728_124405/counterexample_inputs/f2c84eda3975e465b9de642c.bin,61eafff1f5d434b09afc843de0c6182f7fbe6334b6545931276cec443500daf9,True,,OUTPUT_MISMATCH,2,2,True,False,"{""exit_code"": 0, ""stderr_base64"": """", ""stdout_base64"": ""Tm8K"", ""terminating_signal"": null, ""timeout_status"": false}","{""exit_code"": 0, ""stderr_base64"": """", ""stdout_base64"": """", ""terminating_signal"": null, ""timeout_status"": false}",Tm8K,,,,0,0,,,False,False,False,confirmed historical mismatch; replay count from implementation default,,,
2.0,experiment_20260728_124405,e7e82398aa289b9d56c1,p03261,F2,F5,0,p03261,counterexample,94be1237d34c0ad0f964009f,1,1,3,/home/dungbv/clau/reports/experiment_20260728_124405/counterexample_inputs/94be1237d34c0ad0f964009f.bin,c9f6cce3e08537a121b5d6afe551f2e208543bbadf64f6ba44e62161a8e6b753,True,,OUTPUT_MISMATCH,2,2,True,False,"{""exit_code"": 0, ""stderr_base64"": """", ""stdout_base64"": ""Tm8K"", ""terminating_signal"": null, ""timeout_status"": false}","{""exit_code"": 0, ""stderr_base64"": """", ""stdout_base64"": """", ""terminating_signal"": null, ""timeout_status"": false}",Tm8K,,,,0,0,,,False,False,False,confirmed historical mismatch; replay count from implementation default,,,
2.0,experiment_20260728_124405,e7e82398aa289b9d56c1,p03261,F2,F5,0,p03261,counterexample,bddd4c971c6f378c7031ad57,1,1,4,/home/dungbv/clau/reports/experiment_20260728_124405/counterexample_inputs/bddd4c971c6f378c7031ad57.bin,74f5962fb72d65b5afaba4f3dc773c9b9374e53d063f0c0adf9b5db1fe7b9730,True,,OUTPUT_MISMATCH,2,2,True,False,"{""exit_code"": 0, ""stderr_base64"": """", ""stdout_base64"": ""Tm8K"", ""terminating_signal"": null, ""timeout_status"": false}","{""exit_code"": 0, ""stderr_base64"": """", ""stdout_base64"": """", ""terminating_signal"": null, ""timeout_status"": false}",Tm8K,,,,0,0,,,False,False,False,confirmed historical mismatch; replay count from implementation default,,,
2.0,experiment_20260728_124405,e7e82398aa289b9d56c1,p03261,F2,F5,0,p03261,counterexample,bf1ff3400355215aafa762c0,1,1,5,/home/dungbv/clau/reports/experiment_20260728_124405/counterexample_inputs/bf1ff3400355215aafa762c0.bin,0bd1db995b3b75edad21ff71bf80f0b5ebbcfbeaceff3d4af612b03ae90f56fa,True,,OUTPUT_MISMATCH,2,2,True,False,"{""exit_code"": 0, ""stderr_base64"": """", ""stdout_base64"": ""Tm8K"", ""terminating_signal"": null, ""timeout_status"": false}","{""exit_code"": 0, ""stderr_base64"": """", ""stdout_base64"": """", ""terminating_signal"": null, ""timeout_status"": false}",Tm8K,,,,0,0,,,False,False,False,confirmed historical mismatch; replay count from implementation default,,,
2.0,experiment_20260728_124405,e7e82398aa289b9d56c1,p03261,F2,F5,0,p03261,counterexample,2d2c8277e68bf1e0875bf308,1,1,6,/home/dungbv/clau/reports/experiment_20260728_124405/counterexample_inputs/2d2c8277e68bf1e0875bf308.bin,89b97df9d7712f19c714f0deb62b6729fadd182241ca588c9c2b6c5f79668d40,True,,OUTPUT_MISMATCH,2,2,True,False,"{""exit_code"": 0, ""stderr_base64"": """", ""stdout_base64"": ""Tm8K"", ""terminating_signal"": null, ""timeout_status"": false}","{""exit_code"": 0, ""stderr_base64"": """", ""stdout_base64"": """", ""terminating_signal"": null, ""timeout_status"": false}",Tm8K,,,,0,0,,,False,False,False,confirmed historical mismatch; replay count from implementation default,,,
2.0,experiment_20260728_124405,e7e82398aa289b9d56c1,p03261,F2,F5,0,p03261,counterexample,2ff45beb597df68bf4112f1b,1,1,7,/home/dungbv/clau/reports/experiment_20260728_124405/counterexample_inputs/2ff45beb597df68bf4112f1b.bin,14a8147c60251755d918be0b963828f087109b1ac887d46418766c0e04decb88,True,,CRASH_MISMATCH,2,2,True,False,"{""exit_code"": -11, ""stderr_base64"": """", ""stdout_base64"": """", ""terminating_signal"": 11, ""timeout_status"": false}","{""exit_code"": 0, ""stderr_base64"": """", ""stdout_base64"": """", ""terminating_signal"": null, ""timeout_status"": false}",,,,,-11,0,11,,False,False,False,confirmed historical mismatch; replay count from implementation default,,,
2.0,experiment_20260728_124405,017e59409f060b7320ff,p03510,F5,F3,0,s583362876,counterexample,c65d25c2bbb2b2b6aba44d7d,1,1,1,/home/dungbv/clau/reports/experiment_20260728_124405/counterexample_inputs/c65d25c2bbb2b2b6aba44d7d.bin,921e7692cd786450130c9764f6cd57eb25150acd343c5f37c7af080971b62f87,True,,OUTPUT_MISMATCH,2,2,True,False,"{""exit_code"": 0, ""stderr_base64"": """", ""stdout_base64"": ""NAo="", ""terminating_signal"": null, ""timeout_status"": false}","{""exit_code"": 0, ""stderr_base64"": """", ""stdout_base64"": ""MAo="", ""terminating_signal"": null, ""timeout_status"": false}",NAo=,MAo=,,,0,0,,,False,False,False,confirmed historical mismatch; replay count from implementation default,,,
2.0,experiment_20260728_124405,017e59409f060b7320ff,p03510,F5,F3,0,s583362876,counterexample,7d31e2e322eb94fde3c7571a,1,1,2,/home/dungbv/clau/reports/experiment_20260728_124405/counterexample_inputs/7d31e2e322eb94fde3c7571a.bin,0bf3009dac7e7a7109a4b41c9caccd23fe7a0e1d2a1402ad60a0279623c3516f,True,,OUTPUT_MISMATCH,2,2,True,False,"{""exit_code"": 0, ""stderr_base64"": """", ""stdout_base64"": ""OTAK"", ""terminating_signal"": null, ""timeout_status"": false}","{""exit_code"": 0, ""stderr_base64"": """", ""stdout_base64"": ""NzQK"", ""terminating_signal"": null, ""timeout_status"": false}",OTAK,NzQK,,,0,0,,,False,False,False,confirmed historical mismatch; replay count from implementation default,,,
2.0,experiment_20260728_124405,017e59409f060b7320ff,p03510,F5,F3,0,s583362876,counterexample,ade7aee1ff85fe0699036dc0,1,1,3,/home/dungbv/clau/reports/experiment_20260728_124405/counterexample_inputs/ade7aee1ff85fe0699036dc0.bin,62b8cf20190296458003bed74d9e10bedf437c727540aca5c5f97e883be1393b,True,,OUTPUT_MISMATCH,2,2,True,False,"{""exit_code"": 0, ""stderr_base64"": """", ""stdout_base64"": ""MTQK"", ""terminating_signal"": null, ""timeout_status"": false}","{""exit_code"": 0, ""stderr_base64"": """", ""stdout_base64"": ""MAo="", ""terminating_signal"": null, ""timeout_status"": false}",MTQK,MAo=,,,0,0,,,False,False,False,confirmed historical mismatch; replay count from implementation default,,,
2.0,experiment_20260728_124405,017e59409f060b7320ff,p03510,F5,F3,0,s583362876,counterexample,25d6f562e353adb7f689e2af,1,1,4,/home/dungbv/clau/reports/experiment_20260728_124405/counterexample_inputs/25d6f562e353adb7f689e2af.bin,6e3efc811d40b03baab295f398ccc5f3a0b8c8c98c77fcd857540eea09e69f33,True,,OUTPUT_MISMATCH,2,2,True,False,"{""exit_code"": 0, ""stderr_base64"": """", ""stdout_base64"": ""Mgo="", ""terminating_signal"": null, ""timeout_status"": false}","{""exit_code"": 0, ""stderr_base64"": """", ""stdout_base64"": ""MAo="", ""terminating_signal"": null, ""timeout_status"": false}",Mgo=,MAo=,,,0,0,,,False,False,False,confirmed historical mismatch; replay count from implementation default,,,
2.0,experiment_20260728_124405,017e59409f060b7320ff,p03510,F5,F3,0,s583362876,counterexample,24f65f247a1a803a67bf87ff,1,1,5,/home/dungbv/clau/reports/experiment_20260728_124405/counterexample_inputs/24f65f247a1a803a67bf87ff.bin,d03042c2303127dc599c1ecb4c812bc6073fadddfa40b6e13fb22baa53bd2aa9,True,,OUTPUT_MISMATCH,2,2,True,False,"{""exit_code"": 0, ""stderr_base64"": """", ""stdout_base64"": ""MzQK"", ""terminating_signal"": null, ""timeout_status"": false}","{""exit_code"": 0, ""stderr_base64"": """", ""stdout_base64"": ""MAo="", ""terminating_signal"": null, ""timeout_status"": false}",MzQK,MAo=,,,0,0,,,False,False,False,confirmed historical mismatch; replay count from implementation default,,,
2.0,experiment_20260728_124405,017e59409f060b7320ff,p03510,F5,F3,0,s583362876,counterexample,ad7744233ac0182e0e427e96,1,1,6,/home/dungbv/clau/reports/experiment_20260728_124405/counterexample_inputs/ad7744233ac0182e0e427e96.bin,8199457bcbcf972b2ce5c2ce081d71b710098df9911e412e7db8f5b43c2eb285,True,,OUTPUT_MISMATCH,2,2,True,False,"{""exit_code"": 0, ""stderr_base64"": """", ""stdout_base64"": ""MzE0Cg=="", ""terminating_signal"": null, ""timeout_status"": false}","{""exit_code"": 0, ""stderr_base64"": """", ""stdout_base64"": ""MTAyNAo="", ""terminating_signal"": null, ""timeout_status"": false}",MzE0Cg==,MTAyNAo=,,,0,0,,,False,False,False,confirmed historical mismatch; replay count from implementation default,,,
2.0,experiment_20260728_124405,017e59409f060b7320ff,p03510,F5,F3,0,s583362876,counterexample,509246d1a3dd250c2105c94e,1,1,7,/home/dungbv/clau/reports/experiment_20260728_124405/counterexample_inputs/509246d1a3dd250c2105c94e.bin,8096a73e8adafe57b7a0c868683662c278b9ae341b74cb435cbb05f5519eaa7c,True,,OUTPUT_MISMATCH,2,2,True,False,"{""exit_code"": 0, ""stderr_base64"": """", ""stdout_base64"": ""NzQK"", ""terminating_signal"": null, ""timeout_status"": false}","{""exit_code"": 0, ""stderr_base64"": """", ""stdout_base64"": ""NjQK"", ""terminating_signal"": null, ""timeout_status"": false}",NzQK,NjQK,,,0,0,,,False,False,False,confirmed historical mismatch; replay count from implementation default,,,
2.0,experiment_20260728_124405,2d4cff4f3fa3d11f1029,p03510,F2,F5,0,s583362876,counterexample,da425cae32d3fccb21165cad,1,1,1,/home/dungbv/clau/reports/experiment_20260728_124405/counterexample_inputs/da425cae32d3fccb21165cad.bin,6e3efc811d40b03baab295f398ccc5f3a0b8c8c98c77fcd857540eea09e69f33,True,,OUTPUT_MISMATCH,2,2,True,False,"{""exit_code"": 0, ""stderr_base64"": """", ""stdout_base64"": ""Mgo="", ""terminating_signal"": null, ""timeout_status"": false}","{""exit_code"": 0, ""stderr_base64"": """", ""stdout_base64"": ""MAo="", ""terminating_signal"": null, ""timeout_status"": false}",Mgo=,MAo=,,,0,0,,,False,False,False,confirmed historical mismatch; replay count from implementation default,,,
2.0,experiment_20260728_124405,2d4cff4f3fa3d11f1029,p03510,F2,F5,0,s583362876,counterexample,2f5390022a096fcb80170abf,1,1,2,/home/dungbv/clau/reports/experiment_20260728_124405/counterexample_inputs/2f5390022a096fcb80170abf.bin,921e7692cd786450130c9764f6cd57eb25150acd343c5f37c7af080971b62f87,True,,MIXED_DIVERGENCE,2,2,True,False,"{""exit_code"": 0, ""stderr_base64"": """", ""stdout_base64"": ""NAo="", ""terminating_signal"": null, ""timeout_status"": false}","{""exit_code"": -6, ""stderr_base64"": ""ZnJlZSgpOiBpbnZhbGlkIHBvaW50ZXIK"", ""stdout_base64"": """", ""terminating_signal"": 6, ""timeout_status"": false}",NAo=,,,ZnJlZSgpOiBpbnZhbGlkIHBvaW50ZXIK,0,-6,,6,False,False,False,confirmed historical mismatch; replay count from implementation default,,,
2.0,experiment_20260728_124405,c04a2b97ebf5fc8537a7,p03776,F4,F1,0,p03776,counterexample,5e968e5b0761df88bbdc3bb4,4,4,1,/home/dungbv/clau/reports/experiment_20260728_124405/counterexample_inputs/5e968e5b0761df88bbdc3bb4.bin,270d2f8942f05af79c674572d3b2cacbbc1fcb24bdc9b0e2d167af3955276b03,True,,OUTPUT_MISMATCH,2,2,True,False,"{""exit_code"": 0, ""stderr_base64"": """", ""stdout_base64"": ""LW5hbgoxCg=="", ""terminating_signal"": null, ""timeout_status"": false}","{""exit_code"": 0, ""stderr_base64"": """", ""stdout_base64"": ""MC4wMDAwMDAKMQo="", ""terminating_signal"": null, ""timeout_status"": false}",LW5hbgoxCg==,MC4wMDAwMDAKMQo=,,,0,0,,,False,False,False,confirmed historical mismatch; replay count from implementation default,,,
2.0,experiment_20260728_124405,c04a2b97ebf5fc8537a7,p03776,F4,F1,0,p03776,counterexample,68b78baf8c26a1679e47ef78,4,4,2,/home/dungbv/clau/reports/experiment_20260728_124405/counterexample_inputs/68b78baf8c26a1679e47ef78.bin,118c4f727546b2d4b41ff824adbbe7645ca0e13bdc566464c768e8819406cbe8,True,,MIXED_DIVERGENCE,2,2,True,False,"{""exit_code"": -11, ""stderr_base64"": """", ""stdout_base64"": """", ""terminating_signal"": 11, ""timeout_status"": false}","{""exit_code"": 0, ""stderr_base64"": """", ""stdout_base64"": ""MC4wMDAwNjMKMAo="", ""terminating_signal"": null, ""timeout_status"": false}",,MC4wMDAwNjMKMAo=,,,-11,0,11,,False,False,False,confirmed historical mismatch; replay count from implementation default,,,
2.0,experiment_20260728_124405,2de16f7fa4a6be6089ad,p03776,F1,F2,0,p03776,counterexample,c79c09018ebfad915ecf8385,3,3,1,/home/dungbv/clau/reports/experiment_20260728_124405/counterexample_inputs/c79c09018ebfad915ecf8385.bin,40705ab9306766ebdc16151ac4a8e8f827b5826f2e304261e4211dfe2763770d,True,,MIXED_DIVERGENCE,2,2,True,False,"{""exit_code"": -11, ""stderr_base64"": """", ""stdout_base64"": """", ""terminating_signal"": 11, ""timeout_status"": false}","{""exit_code"": 0, ""stderr_base64"": """", ""stdout_base64"": ""LTAuMDAwMDAwCjEK"", ""terminating_signal"": null, ""timeout_status"": false}",,LTAuMDAwMDAwCjEK,,,-11,0,11,,False,False,False,confirmed historical mismatch; replay count from implementation default,,,
2.0,experiment_20260728_124405,adad3b3747df04dce817,p03776,F5,F3,0,p03776,counterexample,4d139a539d286767cccbb9d8,2,2,1,/home/dungbv/clau/reports/experiment_20260728_124405/counterexample_inputs/4d139a539d286767cccbb9d8.bin,7e100064cef64bcac5795740c77875f1745f4ea1a5749f9858cabb7f4a8b3cf3,True,,OUTPUT_MISMATCH,2,2,True,False,"{""exit_code"": 0, ""stderr_base64"": """", ""stdout_base64"": ""NC41MDAwMDAKMQo="", ""terminating_signal"": null, ""timeout_status"": false}","{""exit_code"": 0, ""stderr_base64"": """", ""stdout_base64"": ""MS41MDAwMDAKMQo="", ""terminating_signal"": null, ""timeout_status"": false}",NC41MDAwMDAKMQo=,MS41MDAwMDAKMQo=,,,0,0,,,False,False,False,confirmed historical mismatch; replay count from implementation default,,,
2.0,experiment_20260728_124405,adad3b3747df04dce817,p03776,F5,F3,0,p03776,counterexample,aa3ac891555635446682dfde,2,2,2,/home/dungbv/clau/reports/experiment_20260728_124405/counterexample_inputs/aa3ac891555635446682dfde.bin,b7ed88df8314279b2a106f1df5384deedc08a039da523912c12200cfc9d62682,True,,OUTPUT_MISMATCH,2,2,True,False,"{""exit_code"": 0, ""stderr_base64"": """", ""stdout_base64"": ""Mi4wMDAwMDAKMQo="", ""terminating_signal"": null, ""timeout_status"": false}","{""exit_code"": 0, ""stderr_base64"": """", ""stdout_base64"": ""MS4wMDAwMDAKMQo="", ""terminating_signal"": null, ""timeout_status"": false}",Mi4wMDAwMDAKMQo=,MS4wMDAwMDAKMQo=,,,0,0,,,False,False,False,confirmed historical mismatch; replay count from implementation default,,,
2.0,experiment_20260728_124405,adad3b3747df04dce817,p03776,F5,F3,0,p03776,counterexample,29075de3e27cd4046a76da66,2,2,3,/home/dungbv/clau/reports/experiment_20260728_124405/counterexample_inputs/29075de3e27cd4046a76da66.bin,135be42383798a9d06968262180fbc7f034c081a5e672a84e349b063f86f6e49,True,,OUTPUT_MISMATCH,2,2,True,False,"{""exit_code"": 0, ""stderr_base64"": """", ""stdout_base64"": ""OC4wMDAwMDAKMgo="", ""terminating_signal"": null, ""timeout_status"": false}","{""exit_code"": 0, ""stderr_base64"": """", ""stdout_base64"": ""MS4wMDAwMDAKMgo="", ""terminating_signal"": null, ""timeout_status"": false}",OC4wMDAwMDAKMgo=,MS4wMDAwMDAKMgo=,,,0,0,,,False,False,False,confirmed historical mismatch; replay count from implementation default,,,
2.0,experiment_20260728_124405,adad3b3747df04dce817,p03776,F5,F3,0,p03776,counterexample,f1e507878ef706e9f85aa5fb,2,2,4,/home/dungbv/clau/reports/experiment_20260728_124405/counterexample_inputs/f1e507878ef706e9f85aa5fb.bin,0a9ce9aa1dc63078558ca07f3071c8a6351ac09e1bd327466fbc3995c3ee0bd0,True,,OUTPUT_MISMATCH,2,2,True,False,"{""exit_code"": 0, ""stderr_base64"": """", ""stdout_base64"": ""OC4wMDAwMDAKMQo="", ""terminating_signal"": null, ""timeout_status"": false}","{""exit_code"": 0, ""stderr_base64"": """", ""stdout_base64"": ""MS4wMDAwMDAKMQo="", ""terminating_signal"": null, ""timeout_status"": false}",OC4wMDAwMDAKMQo=,MS4wMDAwMDAKMQo=,,,0,0,,,False,False,False,confirmed historical mismatch; replay count from implementation default,,,
2.0,experiment_20260728_124405,adad3b3747df04dce817,p03776,F5,F3,0,p03776,counterexample,482f0d1bad4f646051b98555,2,2,5,/home/dungbv/clau/reports/experiment_20260728_124405/counterexample_inputs/482f0d1bad4f646051b98555.bin,533ceea4f52796da2da53bfc15958eb29d6ff22fbcfbeabb54e40fc9e3c5ef94,True,,OUTPUT_MISMATCH,2,2,True,False,"{""exit_code"": 0, ""stderr_base64"": """", ""stdout_base64"": ""NC4wMDAwMDAKMQo="", ""terminating_signal"": null, ""timeout_status"": false}","{""exit_code"": 0, ""stderr_base64"": """", ""stdout_base64"": ""MS4wMDAwMDAKMQo="", ""terminating_signal"": null, ""timeout_status"": false}",NC4wMDAwMDAKMQo=,MS4wMDAwMDAKMQo=,,,0,0,,,False,False,False,confirmed historical mismatch; replay count from implementation default,,,
2.0,experiment_20260728_124405,adad3b3747df04dce817,p03776,F5,F3,0,p03776,counterexample,93de1bba08a24decaec93ace,2,2,6,/home/dungbv/clau/reports/experiment_20260728_124405/counterexample_inputs/93de1bba08a24decaec93ace.bin,b98338eddc6696703fbfdd9b02cce4836465b12bcd41e80b6bbdc04cf8712ae5,True,,OUTPUT_MISMATCH,2,2,True,False,"{""exit_code"": 0, ""stderr_base64"": """", ""stdout_base64"": ""Njg2ODU1LjAwMDAwMAoxCg=="", ""terminating_signal"": null, ""timeout_status"": false}","{""exit_code"": 0, ""stderr_base64"": """", ""stdout_base64"": ""Mi4wMDAwMDAKMQo="", ""terminating_signal"": null, ""timeout_status"": false}",Njg2ODU1LjAwMDAwMAoxCg==,Mi4wMDAwMDAKMQo=,,,0,0,,,False,False,False,confirmed historical mismatch; replay count from implementation default,,,
2.0,experiment_20260728_124405,adad3b3747df04dce817,p03776,F5,F3,0,p03776,counterexample,d2cfe89911c7bf7456a60710,2,2,7,/home/dungbv/clau/reports/experiment_20260728_124405/counterexample_inputs/d2cfe89911c7bf7456a60710.bin,03de70c94fd84c487c9419b0f6d3c031fec91817005b0c4f2fc0bf7e6329eb97,True,,OUTPUT_MISMATCH,2,2,True,False,"{""exit_code"": 0, ""stderr_base64"": """", ""stdout_base64"": ""OTU2ODkwLjAwMDAwMAoxCg=="", ""terminating_signal"": null, ""timeout_status"": false}","{""exit_code"": 0, ""stderr_base64"": """", ""stdout_base64"": ""MS4wMDAwMDAKMgo="", ""terminating_signal"": null, ""timeout_status"": false}",OTU2ODkwLjAwMDAwMAoxCg==,MS4wMDAwMDAKMgo=,,,0,0,,,False,False,False,confirmed historical mismatch; replay count from implementation default,,,
2.0,experiment_20260728_124405,d1b82f8867e7a7da1311,p03776,F3,F4,0,p03776,counterexample,6a66f6c10e642432b99464de,5,3,1,/home/dungbv/clau/reports/experiment_20260728_124405/counterexample_inputs/6a66f6c10e642432b99464de.bin,f395194f966b02d328d8d41ae7ab703c6042dcc16a7c31749f8e58f5a1abcde0,True,,MIXED_DIVERGENCE,2,2,True,False,"{""exit_code"": -11, ""stderr_base64"": """", ""stdout_base64"": """", ""terminating_signal"": 11, ""timeout_status"": false}","{""exit_code"": 0, ""stderr_base64"": """", ""stdout_base64"": ""MS43MzkyMDYKMAo="", ""terminating_signal"": null, ""timeout_status"": false}",,MS43MzkyMDYKMAo=,,,-11,0,11,,False,False,False,confirmed historical mismatch; replay count from implementation default,,,
2.0,experiment_20260728_124405,ebd0fccb467e079a0efc,p03776,F2,F5,0,p03776,counterexample,043a2641ea4e7666b99cf067,1,1,1,/home/dungbv/clau/reports/experiment_20260728_124405/counterexample_inputs/043a2641ea4e7666b99cf067.bin,2841ef7e3f2a18c25f4becd1e5de81308a93782b901ef2738c30b1c4c0b0b50b,True,,OUTPUT_MISMATCH,2,2,True,False,"{""exit_code"": 0, ""stderr_base64"": """", ""stdout_base64"": ""LTk5OTk5NC4wMDAwMDAKMQo="", ""terminating_signal"": null, ""timeout_status"": false}","{""exit_code"": 0, ""stderr_base64"": """", ""stdout_base64"": ""OC4wMDAwMDAKMgo="", ""terminating_signal"": null, ""timeout_status"": false}",LTk5OTk5NC4wMDAwMDAKMQo=,OC4wMDAwMDAKMgo=,,,0,0,,,False,False,False,confirmed historical mismatch; replay count from implementation default,,,
2.0,experiment_20260728_124405,ebd0fccb467e079a0efc,p03776,F2,F5,0,p03776,counterexample,551a1af7f3f9d67eeaedece4,1,1,2,/home/dungbv/clau/reports/experiment_20260728_124405/counterexample_inputs/551a1af7f3f9d67eeaedece4.bin,b35fd649028e5c963820b74125ff346f2e690a6a2ea079cca9117d8cbfff5fec,True,,OUTPUT_MISMATCH,2,2,True,False,"{""exit_code"": 0, ""stderr_base64"": """", ""stdout_base64"": ""LTQ0MDU5Ny4wMDAwMDAKMQo="", ""terminating_signal"": null, ""timeout_status"": false}","{""exit_code"": 0, ""stderr_base64"": """", ""stdout_base64"": ""NzUxMzM0LjAwMDAwMAoxCg=="", ""terminating_signal"": null, ""timeout_status"": false}",LTQ0MDU5Ny4wMDAwMDAKMQo=,NzUxMzM0LjAwMDAwMAoxCg==,,,0,0,,,False,False,False,confirmed historical mismatch; replay count from implementation default,,,
2.0,experiment_20260728_124405,ebd0fccb467e079a0efc,p03776,F2,F5,0,p03776,counterexample,b1b095bad1924f1c682e3d63,1,1,3,/home/dungbv/clau/reports/experiment_20260728_124405/counterexample_inputs/b1b095bad1924f1c682e3d63.bin,a41ce5512e317b3bfebd17e99d0270d43207f160551e68b7cb0854d2ad50aed8,True,,OUTPUT_MISMATCH,2,2,True,False,"{""exit_code"": 0, ""stderr_base64"": """", ""stdout_base64"": ""LTQ0MDU5Ny4wMDAwMDAKMQo="", ""terminating_signal"": null, ""timeout_status"": false}","{""exit_code"": 0, ""stderr_base64"": """", ""stdout_base64"": ""NzUxMzM0LjAwMDAwMAoxCg=="", ""terminating_signal"": null, ""timeout_status"": false}",LTQ0MDU5Ny4wMDAwMDAKMQo=,NzUxMzM0LjAwMDAwMAoxCg==,,,0,0,,,False,False,False,confirmed historical mismatch; replay count from implementation default,,,
2.0,experiment_20260728_124405,ebd0fccb467e079a0efc,p03776,F2,F5,0,p03776,counterexample,5db5578418319c452bab1e46,1,1,4,/home/dungbv/clau/reports/experiment_20260728_124405/counterexample_inputs/5db5578418319c452bab1e46.bin,55ea41bf24bab7476b620ac2b5bf3d262a0bba15c44ab2a809dcbd45424e53f6,True,,OUTPUT_MISMATCH,2,2,True,False,"{""exit_code"": 0, ""stderr_base64"": """", ""stdout_base64"": ""LTU3NDQ4LjAwMDAwMAoxCg=="", ""terminating_signal"": null, ""timeout_status"": false}","{""exit_code"": 0, ""stderr_base64"": """", ""stdout_base64"": ""OC4wMDAwMDAKMgo="", ""terminating_signal"": null, ""timeout_status"": false}",LTU3NDQ4LjAwMDAwMAoxCg==,OC4wMDAwMDAKMgo=,,,0,0,,,False,False,False,confirmed historical mismatch; replay count from implementation default,,,
2.0,experiment_20260728_124405,ebd0fccb467e079a0efc,p03776,F2,F5,0,p03776,counterexample,eb3accfdc5c4f3332bb5ee5a,1,1,5,/home/dungbv/clau/reports/experiment_20260728_124405/counterexample_inputs/eb3accfdc5c4f3332bb5ee5a.bin,d756d73ccbe76ce4e26317de50316dab8c9e143c8abbca5bcec766d399a5ecf4,True,,MIXED_DIVERGENCE,2,2,True,False,"{""exit_code"": -11, ""stderr_base64"": """", ""stdout_base64"": """", ""terminating_signal"": 11, ""timeout_status"": false}","{""exit_code"": 0, ""stderr_base64"": """", ""stdout_base64"": ""LTAuMDAwMDAwCjEK"", ""terminating_signal"": null, ""timeout_status"": false}",,LTAuMDAwMDAwCjEK,,,-11,0,11,,False,False,False,confirmed historical mismatch; replay count from implementation default,,,
2.0,experiment_20260728_124405,055078444b224163b464,p04028,F1,F2,0,s626776881,counterexample,7d21d071a4e1a19a6534bab3,4,4,1,/home/dungbv/clau/reports/experiment_20260728_124405/counterexample_inputs/7d21d071a4e1a19a6534bab3.bin,398ca7318d4eaa5951be293f53eac54977d20e8d53eb1d7726c6fdf4d369b738,True,,OUTPUT_MISMATCH,2,2,True,False,"{""exit_code"": 0, ""stderr_base64"": """", ""stdout_base64"": ""NTYyNTA4MTUwCg=="", ""terminating_signal"": null, ""timeout_status"": false}","{""exit_code"": 0, ""stderr_base64"": """", ""stdout_base64"": ""MAo="", ""terminating_signal"": null, ""timeout_status"": false}",NTYyNTA4MTUwCg==,MAo=,,,0,0,,,False,False,False,confirmed historical mismatch; replay count from implementation default,,,
2.0,experiment_20260728_124405,4c527e7a203fcca66d90,p04028,F5,F3,0,s626776881,counterexample,57a5ba151ae2d1648d6d0511,2,2,1,/home/dungbv/clau/reports/experiment_20260728_124405/counterexample_inputs/57a5ba151ae2d1648d6d0511.bin,0c2b7cd08e232a460db2c76518a940d33812083554b9b7156b7e3adbbccdd013,True,,OUTPUT_MISMATCH,2,2,True,False,"{""exit_code"": 0, ""stderr_base64"": """", ""stdout_base64"": ""NQo="", ""terminating_signal"": null, ""timeout_status"": false}","{""exit_code"": 0, ""stderr_base64"": """", ""stdout_base64"": ""Mgo="", ""terminating_signal"": null, ""timeout_status"": false}",NQo=,Mgo=,,,0,0,,,False,False,False,confirmed historical mismatch; replay count from implementation default,,,
2.0,experiment_20260728_124405,4c527e7a203fcca66d90,p04028,F5,F3,0,s626776881,counterexample,ff89b243abce5b4b22c02252,2,2,2,/home/dungbv/clau/reports/experiment_20260728_124405/counterexample_inputs/ff89b243abce5b4b22c02252.bin,a48ff92ccec3ac4a42d5f5bf19f90c7922a0a95314b742206b5fea5157f649fa,True,,OUTPUT_MISMATCH,2,2,True,False,"{""exit_code"": 0, ""stderr_base64"": """", ""stdout_base64"": ""MzE5Cg=="", ""terminating_signal"": null, ""timeout_status"": false}","{""exit_code"": 0, ""stderr_base64"": """", ""stdout_base64"": ""NjQK"", ""terminating_signal"": null, ""timeout_status"": false}",MzE5Cg==,NjQK,,,0,0,,,False,False,False,confirmed historical mismatch; replay count from implementation default,,,
2.0,experiment_20260728_124405,4c527e7a203fcca66d90,p04028,F5,F3,0,s626776881,counterexample,8487688ec089a4e4b393d507,2,2,3,/home/dungbv/clau/reports/experiment_20260728_124405/counterexample_inputs/8487688ec089a4e4b393d507.bin,2d65ba73dd83363826d117438319b05674f16d55faef1e57f780964edae7bba1,True,,OUTPUT_MISMATCH,2,2,True,False,"{""exit_code"": 0, ""stderr_base64"": """", ""stdout_base64"": ""NQo="", ""terminating_signal"": null, ""timeout_status"": false}","{""exit_code"": 0, ""stderr_base64"": """", ""stdout_base64"": ""Mgo="", ""terminating_signal"": null, ""timeout_status"": false}",NQo=,Mgo=,,,0,0,,,False,False,False,confirmed historical mismatch; replay count from implementation default,,,
2.0,experiment_20260728_124405,4c527e7a203fcca66d90,p04028,F5,F3,0,s626776881,counterexample,7c2497313ad0c9f4e761854d,2,2,4,/home/dungbv/clau/reports/experiment_20260728_124405/counterexample_inputs/7c2497313ad0c9f4e761854d.bin,eba887023fe300ff8ba6ec68b1b216a17b15462e6051bf884f080ce24f985f5c,True,,OUTPUT_MISMATCH,2,2,True,False,"{""exit_code"": 0, ""stderr_base64"": """", ""stdout_base64"": ""NDcK"", ""terminating_signal"": null, ""timeout_status"": false}","{""exit_code"": 0, ""stderr_base64"": """", ""stdout_base64"": ""MTYK"", ""terminating_signal"": null, ""timeout_status"": false}",NDcK,MTYK,,,0,0,,,False,False,False,confirmed historical mismatch; replay count from implementation default,,,
2.0,experiment_20260728_124405,4c527e7a203fcca66d90,p04028,F5,F3,0,s626776881,counterexample,4e049f467c5ef5bef7ed95f0,2,2,5,/home/dungbv/clau/reports/experiment_20260728_124405/counterexample_inputs/4e049f467c5ef5bef7ed95f0.bin,cd3602ca129d42c3fca802d222eb758a6d6ce1abbff61be26960e3e04a2e8d30,True,,OUTPUT_MISMATCH,2,2,True,False,"{""exit_code"": 0, ""stderr_base64"": """", ""stdout_base64"": ""NDcK"", ""terminating_signal"": null, ""timeout_status"": false}","{""exit_code"": 0, ""stderr_base64"": """", ""stdout_base64"": ""MTYK"", ""terminating_signal"": null, ""timeout_status"": false}",NDcK,MTYK,,,0,0,,,False,False,False,confirmed historical mismatch; replay count from implementation default,,,
2.0,experiment_20260728_124405,4c527e7a203fcca66d90,p04028,F5,F3,0,s626776881,counterexample,a690255bb05f2cc1f3c9f103,2,2,6,/home/dungbv/clau/reports/experiment_20260728_124405/counterexample_inputs/a690255bb05f2cc1f3c9f103.bin,1e5040b4db14ca674e235de801fd4c74b1f0448e6eb1f838d1e9d4e443d99074,True,,OUTPUT_MISMATCH,2,2,True,False,"{""exit_code"": 0, ""stderr_base64"": """", ""stdout_base64"": ""Nwo="", ""terminating_signal"": null, ""timeout_status"": false}","{""exit_code"": 0, ""stderr_base64"": """", ""stdout_base64"": ""NAo="", ""terminating_signal"": null, ""timeout_status"": false}",Nwo=,NAo=,,,0,0,,,False,False,False,confirmed historical mismatch; replay count from implementation default,,,
2.0,experiment_20260728_124405,4c527e7a203fcca66d90,p04028,F5,F3,0,s626776881,counterexample,2675751d2617b8d52e7f4b51,2,2,7,/home/dungbv/clau/reports/experiment_20260728_124405/counterexample_inputs/2675751d2617b8d52e7f4b51.bin,4d4387237135fde785bb110ed704c4b99fd9f425364b480ddd5cc90b43726b9e,True,,OUTPUT_MISMATCH,2,2,True,False,"{""exit_code"": 0, ""stderr_base64"": """", ""stdout_base64"": ""MjkK"", ""terminating_signal"": null, ""timeout_status"": false}","{""exit_code"": 0, ""stderr_base64"": """", ""stdout_base64"": ""OAo="", ""terminating_signal"": null, ""timeout_status"": false}",MjkK,OAo=,,,0,0,,,False,False,False,confirmed historical mismatch; replay count from implementation default,,,
2.0,experiment_20260728_124405,7aec7bf8c57b08609dd5,p04028,F2,F5,0,s626776881,counterexample,12520e3b3722c90c97293b9a,1,1,1,/home/dungbv/clau/reports/experiment_20260728_124405/counterexample_inputs/12520e3b3722c90c97293b9a.bin,7ed002109acddc3ec62a1041f23f2ea63acfa6751bfafbc544841e49c74cdd77,True,,OUTPUT_MISMATCH,2,2,True,False,"{""exit_code"": 0, ""stderr_base64"": """", ""stdout_base64"": ""MAo="", ""terminating_signal"": null, ""timeout_status"": false}","{""exit_code"": 0, ""stderr_base64"": """", ""stdout_base64"": """", ""terminating_signal"": null, ""timeout_status"": false}",MAo=,,,,0,0,,,False,False,False,confirmed historical mismatch; replay count from implementation default,,,
2.0,experiment_20260728_124405,7aec7bf8c57b08609dd5,p04028,F2,F5,0,s626776881,counterexample,925ca3936cb68712c39db22e,1,1,2,/home/dungbv/clau/reports/experiment_20260728_124405/counterexample_inputs/925ca3936cb68712c39db22e.bin,0c2b7cd08e232a460db2c76518a940d33812083554b9b7156b7e3adbbccdd013,True,,OUTPUT_MISMATCH,2,2,True,False,"{""exit_code"": 0, ""stderr_base64"": """", ""stdout_base64"": ""NQo="", ""terminating_signal"": null, ""timeout_status"": false}","{""exit_code"": 0, ""stderr_base64"": """", ""stdout_base64"": ""NTAwMDAwMDA1Cg=="", ""terminating_signal"": null, ""timeout_status"": false}",NQo=,NTAwMDAwMDA1Cg==,,,0,0,,,False,False,False,confirmed historical mismatch; replay count from implementation default,,,
2.0,experiment_20260728_124405,7aec7bf8c57b08609dd5,p04028,F2,F5,0,s626776881,counterexample,1fe1d41a815fd72c26a4fed7,1,1,3,/home/dungbv/clau/reports/experiment_20260728_124405/counterexample_inputs/1fe1d41a815fd72c26a4fed7.bin,19bd43594d611fd3c5de3402d3d8639fca3b0adfc196be7f0624897dba519324,True,,OUTPUT_MISMATCH,2,2,True,False,"{""exit_code"": 0, ""stderr_base64"": """", ""stdout_base64"": ""NQo="", ""terminating_signal"": null, ""timeout_status"": false}","{""exit_code"": 0, ""stderr_base64"": """", ""stdout_base64"": ""NTAwMDAwMDA1Cg=="", ""terminating_signal"": null, ""timeout_status"": false}",NQo=,NTAwMDAwMDA1Cg==,,,0,0,,,False,False,False,confirmed historical mismatch; replay count from implementation default,,,
2.0,experiment_20260728_124405,7aec7bf8c57b08609dd5,p04028,F2,F5,0,s626776881,counterexample,cb5a14d257e747d4cd947c22,1,1,4,/home/dungbv/clau/reports/experiment_20260728_124405/counterexample_inputs/cb5a14d257e747d4cd947c22.bin,7e6b616945bd870c214d18e51e75c9a6166eadc1567779f8be6ed4b4f3627adc,True,,OUTPUT_MISMATCH,2,2,True,False,"{""exit_code"": 0, ""stderr_base64"": """", ""stdout_base64"": ""MAo="", ""terminating_signal"": null, ""timeout_status"": false}","{""exit_code"": 0, ""stderr_base64"": """", ""stdout_base64"": """", ""terminating_signal"": null, ""timeout_status"": false}",MAo=,,,,0,0,,,False,False,False,confirmed historical mismatch; replay count from implementation default,,,
2.0,experiment_20260728_124405,7aec7bf8c57b08609dd5,p04028,F2,F5,0,s626776881,counterexample,c2834b4f47172386d18bd50c,1,1,5,/home/dungbv/clau/reports/experiment_20260728_124405/counterexample_inputs/c2834b4f47172386d18bd50c.bin,9f839594bd5da0169ad6b7ecf1aa9d13264f702d7df7111350ef33547198d31f,True,,OUTPUT_MISMATCH,2,2,True,False,"{""exit_code"": 0, ""stderr_base64"": """", ""stdout_base64"": ""NzU1NDc1MTUK"", ""terminating_signal"": null, ""timeout_status"": false}","{""exit_code"": 0, ""stderr_base64"": """", ""stdout_base64"": ""NjUxODkxNzAzCg=="", ""terminating_signal"": null, ""timeout_status"": false}",NzU1NDc1MTUK,NjUxODkxNzAzCg==,,,0,0,,,False,False,False,confirmed historical mismatch; replay count from implementation default,,,
2.0,experiment_20260728_124405,7aec7bf8c57b08609dd5,p04028,F2,F5,0,s626776881,counterexample,62520d088093bbf9f3d54154,1,1,6,/home/dungbv/clau/reports/experiment_20260728_124405/counterexample_inputs/62520d088093bbf9f3d54154.bin,5b1e711d96b4bdcdccf48f344ae9f87d73cb3d3aadf071b67d53c123971429ec,True,,OUTPUT_MISMATCH,2,2,True,False,"{""exit_code"": 0, ""stderr_base64"": """", ""stdout_base64"": ""MAo="", ""terminating_signal"": null, ""timeout_status"": false}","{""exit_code"": 0, ""stderr_base64"": """", ""stdout_base64"": """", ""terminating_signal"": null, ""timeout_status"": false}",MAo=,,,,0,0,,,False,False,False,confirmed historical mismatch; replay count from implementation default,,,
2.0,experiment_20260728_124405,7aec7bf8c57b08609dd5,p04028,F2,F5,0,s626776881,counterexample,7778a56a2f31f380c61c6fd7,1,1,7,/home/dungbv/clau/reports/experiment_20260728_124405/counterexample_inputs/7778a56a2f31f380c61c6fd7.bin,1b204cd1a6fe599c5b17cd573479faedaa1c6c0deb22175392cdbee39c695747,True,,OUTPUT_MISMATCH,2,2,True,False,"{""exit_code"": 0, ""stderr_base64"": """", ""stdout_base64"": ""MQo="", ""terminating_signal"": null, ""timeout_status"": false}","{""exit_code"": 0, ""stderr_base64"": """", ""stdout_base64"": ""MjgxMjUwMDAyCg=="", ""terminating_signal"": null, ""timeout_status"": false}",MQo=,MjgxMjUwMDAyCg==,,,0,0,,,False,False,False,confirmed historical mismatch; replay count from implementation default,,,
2.0,experiment_20260728_124405,dc1be900897656e52788,p01296,F6,F3,0,p01296,counterexample,0ae7caebb41d10f9deb6fa65,1,1,1,/home/dungbv/clau/reports/experiment_20260728_124405/counterexample_inputs/0ae7caebb41d10f9deb6fa65.bin,8075ddd57340aaf679935265a107e7b135ea18c0ce1aeb3623e5a06c0dd32e12,True,,OUTPUT_MISMATCH,2,2,True,False,"{""exit_code"": 0, ""stderr_base64"": """", ""stdout_base64"": ""WWVzClllcwo="", ""terminating_signal"": null, ""timeout_status"": false}","{""exit_code"": 0, ""stderr_base64"": """", ""stdout_base64"": ""Tm8K"", ""terminating_signal"": null, ""timeout_status"": false}",WWVzClllcwo=,Tm8K,,,0,0,,,False,False,False,confirmed historical mismatch; replay count from implementation default,F5,3ad3d90f06c1c45176c9,False
2.0,experiment_20260728_124405,dc1be900897656e52788,p01296,F6,F3,0,p01296,counterexample,ec6f83851bdd9cc7e4c9d2f7,1,1,2,/home/dungbv/clau/reports/experiment_20260728_124405/counterexample_inputs/ec6f83851bdd9cc7e4c9d2f7.bin,6c3b3eda30f9dfb575103c033628bcae2109b33cad1bdcf15e51758949dcf9fb,True,,OUTPUT_MISMATCH,2,2,True,False,"{""exit_code"": 0, ""stderr_base64"": """", ""stdout_base64"": ""WWVzClllcwo="", ""terminating_signal"": null, ""timeout_status"": false}","{""exit_code"": 0, ""stderr_base64"": """", ""stdout_base64"": ""Tm8K"", ""terminating_signal"": null, ""timeout_status"": false}",WWVzClllcwo=,Tm8K,,,0,0,,,False,False,False,confirmed historical mismatch; replay count from implementation default,F5,3ad3d90f06c1c45176c9,False
2.0,experiment_20260728_124405,dc1be900897656e52788,p01296,F6,F3,0,p01296,counterexample,80dc9211b9049f3424c1fcce,1,1,3,/home/dungbv/clau/reports/experiment_20260728_124405/counterexample_inputs/80dc9211b9049f3424c1fcce.bin,c4eb840ad8da0d51e30f51edbc33c3e34f860c9c13ad2993eef66cda0bd09dd2,True,,OUTPUT_MISMATCH,2,2,True,False,"{""exit_code"": 0, ""stderr_base64"": """", ""stdout_base64"": ""WWVzClllcwpZZXMK"", ""terminating_signal"": null, ""timeout_status"": false}","{""exit_code"": 0, ""stderr_base64"": """", ""stdout_base64"": ""WWVzCjExMQo="", ""terminating_signal"": null, ""timeout_status"": false}",WWVzClllcwpZZXMK,WWVzCjExMQo=,,,0,0,,,False,False,False,confirmed historical mismatch; replay count from implementation default,F5,3ad3d90f06c1c45176c9,False
2.0,experiment_20260728_124405,dc1be900897656e52788,p01296,F6,F3,0,p01296,counterexample,c05927e7be4bea485c1288b3,1,1,4,/home/dungbv/clau/reports/experiment_20260728_124405/counterexample_inputs/c05927e7be4bea485c1288b3.bin,f48ac68280599a6a6afb970191baf40589995e38f17174b3df7b2c3128a8ea42,True,,OUTPUT_MISMATCH,2,2,True,False,"{""exit_code"": 0, ""stderr_base64"": """", ""stdout_base64"": ""WWVzCk5vClllcwo="", ""terminating_signal"": null, ""timeout_status"": false}","{""exit_code"": 0, ""stderr_base64"": """", ""stdout_base64"": ""WWVzCjEwMDAK"", ""terminating_signal"": null, ""timeout_status"": false}",WWVzCk5vClllcwo=,WWVzCjEwMDAK,,,0,0,,,False,False,False,confirmed historical mismatch; replay count from implementation default,F5,3ad3d90f06c1c45176c9,False
2.0,experiment_20260728_124405,dc1be900897656e52788,p01296,F6,F3,0,p01296,counterexample,5b2a0f8985fb91f172a38d4d,1,1,5,/home/dungbv/clau/reports/experiment_20260728_124405/counterexample_inputs/5b2a0f8985fb91f172a38d4d.bin,e793e860ba324a4e79f41cff1e29b11b0bbb58b85c7a77143d6ce585bfd83bfc,True,,OUTPUT_MISMATCH,2,2,True,False,"{""exit_code"": 0, ""stderr_base64"": """", ""stdout_base64"": ""WWVzClllcwpZZXMK"", ""terminating_signal"": null, ""timeout_status"": false}","{""exit_code"": 0, ""stderr_base64"": """", ""stdout_base64"": ""Tm8K"", ""terminating_signal"": null, ""timeout_status"": false}",WWVzClllcwpZZXMK,Tm8K,,,0,0,,,False,False,False,confirmed historical mismatch; replay count from implementation default,F5,3ad3d90f06c1c45176c9,False
2.0,experiment_20260728_124405,dc1be900897656e52788,p01296,F6,F3,0,p01296,counterexample,43a1d8232f36ba40cdbe3227,1,1,6,/home/dungbv/clau/reports/experiment_20260728_124405/counterexample_inputs/43a1d8232f36ba40cdbe3227.bin,b0db5c2f0ffd7cd033367b71df6524195edd0bbc957cde66af7af1da2677dc0e,True,,OUTPUT_MISMATCH,2,2,True,False,"{""exit_code"": 0, ""stderr_base64"": """", ""stdout_base64"": ""WWVzClllcwo="", ""terminating_signal"": null, ""timeout_status"": false}","{""exit_code"": 0, ""stderr_base64"": """", ""stdout_base64"": ""Tm8K"", ""terminating_signal"": null, ""timeout_status"": false}",WWVzClllcwo=,Tm8K,,,0,0,,,False,False,False,confirmed historical mismatch; replay count from implementation default,F5,3ad3d90f06c1c45176c9,False
2.0,experiment_20260728_124405,dc1be900897656e52788,p01296,F6,F3,0,p01296,counterexample,8ed1d99beb967cd2c0b7ec0a,1,1,7,/home/dungbv/clau/reports/experiment_20260728_124405/counterexample_inputs/8ed1d99beb967cd2c0b7ec0a.bin,1ed8750b0aa2b9780370ea4a790d365e9de575295a638b8f8451dd3c677fe350,True,,OUTPUT_MISMATCH,2,2,True,False,"{""exit_code"": 0, ""stderr_base64"": """", ""stdout_base64"": ""WWVzClllcwo="", ""terminating_signal"": null, ""timeout_status"": false}","{""exit_code"": 0, ""stderr_base64"": """", ""stdout_base64"": ""Tm8K"", ""terminating_signal"": null, ""timeout_status"": false}",WWVzClllcwo=,Tm8K,,,0,0,,,False,False,False,confirmed historical mismatch; replay count from implementation default,F5,3ad3d90f06c1c45176c9,False
2.0,experiment_20260728_124405,fe4522d105c9a255e5fa,p03510,F6,F3,0,s583362876,counterexample,517b1c84b84d306284027320,1,1,1,/home/dungbv/clau/reports/experiment_20260728_124405/counterexample_inputs/517b1c84b84d306284027320.bin,921e7692cd786450130c9764f6cd57eb25150acd343c5f37c7af080971b62f87,True,,OUTPUT_MISMATCH,2,2,True,False,"{""exit_code"": 0, ""stderr_base64"": """", ""stdout_base64"": ""NAo="", ""terminating_signal"": null, ""timeout_status"": false}","{""exit_code"": 0, ""stderr_base64"": """", ""stdout_base64"": ""MAo="", ""terminating_signal"": null, ""timeout_status"": false}",NAo=,MAo=,,,0,0,,,False,False,False,confirmed historical mismatch; replay count from implementation default,F5,017e59409f060b7320ff,False
2.0,experiment_20260728_124405,fe4522d105c9a255e5fa,p03510,F6,F3,0,s583362876,counterexample,b4e2d644819baa8f8625f27b,1,1,2,/home/dungbv/clau/reports/experiment_20260728_124405/counterexample_inputs/b4e2d644819baa8f8625f27b.bin,0bf3009dac7e7a7109a4b41c9caccd23fe7a0e1d2a1402ad60a0279623c3516f,True,,OUTPUT_MISMATCH,2,2,True,False,"{""exit_code"": 0, ""stderr_base64"": """", ""stdout_base64"": ""OTAK"", ""terminating_signal"": null, ""timeout_status"": false}","{""exit_code"": 0, ""stderr_base64"": """", ""stdout_base64"": ""NzQK"", ""terminating_signal"": null, ""timeout_status"": false}",OTAK,NzQK,,,0,0,,,False,False,False,confirmed historical mismatch; replay count from implementation default,F5,017e59409f060b7320ff,False
2.0,experiment_20260728_124405,fe4522d105c9a255e5fa,p03510,F6,F3,0,s583362876,counterexample,510a7d2ad62f28e86bf814e2,1,1,3,/home/dungbv/clau/reports/experiment_20260728_124405/counterexample_inputs/510a7d2ad62f28e86bf814e2.bin,62b8cf20190296458003bed74d9e10bedf437c727540aca5c5f97e883be1393b,True,,OUTPUT_MISMATCH,2,2,True,False,"{""exit_code"": 0, ""stderr_base64"": """", ""stdout_base64"": ""MTQK"", ""terminating_signal"": null, ""timeout_status"": false}","{""exit_code"": 0, ""stderr_base64"": """", ""stdout_base64"": ""MAo="", ""terminating_signal"": null, ""timeout_status"": false}",MTQK,MAo=,,,0,0,,,False,False,False,confirmed historical mismatch; replay count from implementation default,F5,017e59409f060b7320ff,False
2.0,experiment_20260728_124405,fe4522d105c9a255e5fa,p03510,F6,F3,0,s583362876,counterexample,46c2265ae7d5c4ecbea37e95,1,1,4,/home/dungbv/clau/reports/experiment_20260728_124405/counterexample_inputs/46c2265ae7d5c4ecbea37e95.bin,6e3efc811d40b03baab295f398ccc5f3a0b8c8c98c77fcd857540eea09e69f33,True,,OUTPUT_MISMATCH,2,2,True,False,"{""exit_code"": 0, ""stderr_base64"": """", ""stdout_base64"": ""Mgo="", ""terminating_signal"": null, ""timeout_status"": false}","{""exit_code"": 0, ""stderr_base64"": """", ""stdout_base64"": ""MAo="", ""terminating_signal"": null, ""timeout_status"": false}",Mgo=,MAo=,,,0,0,,,False,False,False,confirmed historical mismatch; replay count from implementation default,F5,017e59409f060b7320ff,False
2.0,experiment_20260728_124405,fe4522d105c9a255e5fa,p03510,F6,F3,0,s583362876,counterexample,b0b0c6d87ae9bd58c3225583,1,1,5,/home/dungbv/clau/reports/experiment_20260728_124405/counterexample_inputs/b0b0c6d87ae9bd58c3225583.bin,d03042c2303127dc599c1ecb4c812bc6073fadddfa40b6e13fb22baa53bd2aa9,True,,OUTPUT_MISMATCH,2,2,True,False,"{""exit_code"": 0, ""stderr_base64"": """", ""stdout_base64"": ""MzQK"", ""terminating_signal"": null, ""timeout_status"": false}","{""exit_code"": 0, ""stderr_base64"": """", ""stdout_base64"": ""MAo="", ""terminating_signal"": null, ""timeout_status"": false}",MzQK,MAo=,,,0,0,,,False,False,False,confirmed historical mismatch; replay count from implementation default,F5,017e59409f060b7320ff,False
2.0,experiment_20260728_124405,fe4522d105c9a255e5fa,p03510,F6,F3,0,s583362876,counterexample,6af4596820bde030a03db15d,1,1,6,/home/dungbv/clau/reports/experiment_20260728_124405/counterexample_inputs/6af4596820bde030a03db15d.bin,8199457bcbcf972b2ce5c2ce081d71b710098df9911e412e7db8f5b43c2eb285,True,,OUTPUT_MISMATCH,2,2,True,False,"{""exit_code"": 0, ""stderr_base64"": """", ""stdout_base64"": ""MzE0Cg=="", ""terminating_signal"": null, ""timeout_status"": false}","{""exit_code"": 0, ""stderr_base64"": """", ""stdout_base64"": ""MTAyNAo="", ""terminating_signal"": null, ""timeout_status"": false}",MzE0Cg==,MTAyNAo=,,,0,0,,,False,False,False,confirmed historical mismatch; replay count from implementation default,F5,017e59409f060b7320ff,False
2.0,experiment_20260728_124405,fe4522d105c9a255e5fa,p03510,F6,F3,0,s583362876,counterexample,330aeec10329dd74025c2331,1,1,7,/home/dungbv/clau/reports/experiment_20260728_124405/counterexample_inputs/330aeec10329dd74025c2331.bin,8096a73e8adafe57b7a0c868683662c278b9ae341b74cb435cbb05f5519eaa7c,True,,OUTPUT_MISMATCH,2,2,True,False,"{""exit_code"": 0, ""stderr_base64"": """", ""stdout_base64"": ""NzQK"", ""terminating_signal"": null, ""timeout_status"": false}","{""exit_code"": 0, ""stderr_base64"": """", ""stdout_base64"": ""NjQK"", ""terminating_signal"": null, ""timeout_status"": false}",NzQK,NjQK,,,0,0,,,False,False,False,confirmed historical mismatch; replay count from implementation default,F5,017e59409f060b7320ff,False
