dataset,level,sample_id,stage,functions,blocks,instructions,conditional_branches,calls,direct_calls,indirect_calls,intrinsics,allocas,loads,stores,geps,phis,selects,switches,unreachable,memory_ops,scalar_cleanup_ops,vector_instructions,structural_sha256
public_v1,O1,p00001,raw_lift,33,170,3139,63,67,61,6,21,0,196,526,11,7,30,0,3,733,1168,0,1a17752fd7069e2796e970eac1a5d779b681c443424fd1aeb5c5dd3046b39418
public_v1,O1,p00001,brightened_main,4,32,338,8,15,15,0,4,2,22,130,56,13,6,1,0,210,54,0,e8b172a1c89c290fcbaf9ba1db96a7a89cdba982fbecce2dc4444b1a79f0545b
public_v1,O1,p00001,bundle_verified_input,4,32,338,8,15,15,0,4,2,22,130,56,13,6,1,0,210,54,0,0bc160e21347e0a65d88a6ad56cab19b93eb28822162f1ab64faa2348c00eeb0
public_v1,O1,p00001,bundle_pointer_opt,4,30,291,7,13,13,0,2,1,20,112,42,10,5,1,0,175,47,0,49cc484e5c93d6f4b456cd79e488abc9248081d2975acbf7140c2516fbc46e85
public_v1,O1,p00001,bundle_standard_opt_3,4,26,232,5,15,15,0,4,1,12,107,38,4,5,1,0,158,25,0,56d333698b6fa52db16958654b063aa7c9931b7ae7e03edc68783fd77587868f
public_v1,O1,p00001,bundle_storage_delift,4,26,232,5,15,15,0,4,1,12,107,38,4,5,1,0,158,25,0,56d333698b6fa52db16958654b063aa7c9931b7ae7e03edc68783fd77587868f
public_v1,O1,p00001,bundle_residual_strip,4,26,232,5,15,15,0,4,1,12,107,38,4,5,1,0,158,25,0,56d333698b6fa52db16958654b063aa7c9931b7ae7e03edc68783fd77587868f
public_v1,O1,p00001,final_clean,2,23,168,5,13,13,0,4,1,8,58,37,7,2,1,0,104,22,0,ef8992625d8f742c7147028722c88b5823d3eee0a83e87744981e0edde6d4908
public_v1,O1,p00008,raw_lift,24,200,3614,86,34,29,5,7,0,217,480,13,3,45,0,3,710,1502,0,241e767720614c0abc3b1d7acdd74b3991292840a9917f391d9dffe4e9162178
public_v1,O1,p00008,brightened_main,2,32,298,13,7,7,0,5,3,45,39,76,4,3,0,0,163,45,0,95d59a02e1e3e72e473891fe19f21abfa0dc9995b15e64f4f23f6905a65d3491
public_v1,O1,p00008,bundle_verified_input,2,32,298,13,7,7,0,5,3,45,39,76,4,3,0,0,163,45,0,390cf7605a1c3399b144644dff93e4dd7fd87bc77dc2e2803b3417cc214db5e5
public_v1,O1,p00008,bundle_pointer_opt,2,32,292,13,7,7,0,5,3,45,39,84,4,3,0,0,171,45,0,cec3227b9a15c6a699dfba4cb73761f121c7463896b47f19eb3ea77a0f7839d4
public_v1,O1,p00008,bundle_standard_opt_3,2,27,228,14,7,7,0,5,3,31,39,45,6,3,0,0,118,44,0,7551382fca1c13da53c198ceeb0ea9b89df6a0a9da98b0d6dc97469fcbc71271
public_v1,O1,p00008,bundle_storage_delift,2,27,228,14,7,7,0,5,3,31,39,45,6,3,0,0,118,44,0,7551382fca1c13da53c198ceeb0ea9b89df6a0a9da98b0d6dc97469fcbc71271
public_v1,O1,p00008,bundle_residual_strip,2,27,228,14,7,7,0,5,3,31,39,45,6,3,0,0,118,44,0,7551382fca1c13da53c198ceeb0ea9b89df6a0a9da98b0d6dc97469fcbc71271
public_v1,O1,p00008,final_clean,2,27,243,14,7,7,0,5,3,17,39,45,35,3,0,0,104,73,0,fad2a5a1047573680942f9c3371e723f3415ef7a5d9705d1f759e70eedaac85e
public_v1,O1,p00033,raw_lift,27,231,4099,99,54,49,5,17,0,202,590,14,3,49,0,3,806,1597,0,ac63ece6e04f27f7f81d56ffb6ba64769d108faee472dd93f32cf1d2c692aba6
public_v1,O1,p00033,brightened_main,4,88,559,4,18,18,0,3,13,82,116,67,5,17,2,0,278,78,0,54b58d91ee283fd9a999825c26a00c5a92f89612534089b0c83e46b91b040254
public_v1,O1,p00033,bundle_verified_input,4,88,559,4,18,18,0,3,13,82,116,67,5,17,2,0,278,78,0,8196ed3812e26bec3b33882be2d702f0184d3bb1f8a230422b999268535cd991
public_v1,O1,p00033,bundle_pointer_opt,4,87,555,4,18,18,0,3,13,82,116,66,5,17,2,0,277,77,0,a16c62e3f2a3ce08d5b7ac8126b21fd452eaee90137cb92f9c0b65f90a0be6aa
public_v1,O1,p00033,bundle_standard_opt_3,4,86,542,4,18,18,0,3,13,81,116,66,6,17,2,0,276,73,0,6ad523cfe7ec93767ce0cf920424d644d502ec53c7d66ff5a42f9595aca4ddc5
public_v1,O1,p00033,bundle_storage_delift,4,86,542,4,18,18,0,3,13,81,116,66,6,17,2,0,276,73,0,6ad523cfe7ec93767ce0cf920424d644d502ec53c7d66ff5a42f9595aca4ddc5
public_v1,O1,p00033,bundle_residual_strip,4,86,542,4,18,18,0,3,13,81,116,66,6,17,2,0,276,73,0,6ad523cfe7ec93767ce0cf920424d644d502ec53c7d66ff5a42f9595aca4ddc5
public_v1,O1,p00033,final_clean,4,86,520,4,18,18,0,3,13,79,95,65,9,16,2,0,252,75,0,d3e8b5b4d511219add58b170a4d5844ffbaf79ec3ebc1b7366baecc195528a48
public_v1,O1,p00165,raw_lift,24,148,2313,60,34,29,5,7,0,159,363,7,3,27,0,3,529,901,0,ed7f361748c31e90e9913f8f989e2010d889cfb13141019a8c850e0452d3e598
public_v1,O1,p00165,brightened_main,3,29,303,14,18,18,0,10,5,42,59,69,12,2,0,0,175,48,0,4178bcfb2a55fe5aa4f5b42924a39c119d7a2c69fec56c435a24b53bb1d98dac
public_v1,O1,p00165,bundle_verified_input,3,29,303,14,18,18,0,10,5,42,59,69,12,2,0,0,175,48,0,38f52cfe037b7a53c9d4a7e65ad333d639f93f5d9e9914e4d71e5a123cc46ea2
public_v1,O1,p00165,bundle_pointer_opt,3,28,296,13,18,18,0,10,5,40,59,69,11,2,0,0,173,44,0,eb33028e61a839c8b5c05a71b06be62c239d76413a88bec67d426d6375662073
public_v1,O1,p00165,bundle_standard_opt_3,3,27,268,14,18,18,0,10,5,37,59,45,10,2,0,0,146,44,0,0ae08b75470cbf8da992216232e72869504f53326adcd248f53ce874055d0424
public_v1,O1,p00165,bundle_storage_delift,3,27,268,14,18,18,0,10,5,37,59,45,10,2,0,0,146,44,0,0ae08b75470cbf8da992216232e72869504f53326adcd248f53ce874055d0424
public_v1,O1,p00165,bundle_residual_strip,3,27,268,14,18,18,0,10,5,37,59,45,10,2,0,0,146,44,0,0ae08b75470cbf8da992216232e72869504f53326adcd248f53ce874055d0424
public_v1,O1,p00165,final_clean,3,27,265,14,18,18,0,10,5,25,58,45,20,2,0,0,133,54,0,a1555cd8d0f7248598fde0a0084cbf39aa9032f38149c1e1f0575bd45a8bb48e
public_v1,O1,p00327,raw_lift,24,186,3741,79,35,30,5,8,0,186,420,18,3,42,0,3,624,1600,0,7c7094415b505476a616faeedb65d5f3b62fcfdd2f8242f66297f91b955dde3b
public_v1,O1,p00327,brightened_main,4,30,569,19,21,21,0,4,3,50,148,57,11,25,0,0,258,135,0,ffa08044cfb490287377ce5262605ebe05cf4929bb042780c472d1cd5d357a0c
public_v1,O1,p00327,bundle_verified_input,4,30,569,19,21,21,0,4,3,50,148,57,11,25,0,0,258,135,0,e4c1dfd633578bf08d743bb583b51092c39c9268b8c33a53511bdd040d48940c
public_v1,O1,p00327,bundle_pointer_opt,4,30,567,19,21,21,0,4,3,50,148,57,9,25,0,0,258,133,0,1fd39f623890b4821208ac79c1ad0fcbeba0fed7dc27308816c5a2037c4d7931
public_v1,O1,p00327,bundle_standard_opt_3,4,32,566,19,21,21,0,4,3,50,153,56,8,25,0,0,262,128,0,4636afe94cc18e863975d907d04bd803ad6b9a9f9f317105e41aad4882044c1b
public_v1,O1,p00327,bundle_storage_delift,4,32,566,19,21,21,0,4,3,50,153,56,8,25,0,0,262,128,0,4636afe94cc18e863975d907d04bd803ad6b9a9f9f317105e41aad4882044c1b
public_v1,O1,p00327,bundle_residual_strip,4,32,566,19,21,21,0,4,3,50,153,56,8,25,0,0,262,128,0,4636afe94cc18e863975d907d04bd803ad6b9a9f9f317105e41aad4882044c1b
public_v1,O1,p00327,final_clean,4,33,477,19,21,21,0,4,3,44,71,56,18,17,0,0,174,130,0,d58b5d39a80e545e078eaf278555df5a0f231ded65199daf6cea51f4ebedf26a
public_v1,O1,p00678,raw_lift,28,167,3083,78,60,55,5,18,0,200,552,15,15,30,0,6,767,1132,0,84bc8bf38ee2105603d036da87f960cde9ee388187b0c48d7cec09daa6c7b27d
public_v1,O1,p00678,brightened_main,5,78,1169,18,29,29,0,12,7,100,141,125,77,20,4,3,373,293,0,9b9609f7c10bdeaf700c0cc6eab4589218801a81ff19719c2e87833559d44000
public_v1,O1,p00678,bundle_verified_input,5,78,1169,18,29,29,0,12,7,100,141,125,77,20,4,3,373,293,0,6fabb3d45620b385a897b677f6c9fefdbf08be9c680c7c4a9edc5397ecbaaa90
public_v1,O1,p00678,bundle_pointer_opt,5,78,1169,18,29,29,0,12,7,100,141,125,77,20,4,3,373,293,0,6fabb3d45620b385a897b677f6c9fefdbf08be9c680c7c4a9edc5397ecbaaa90
public_v1,O1,p00678,bundle_standard_opt_3,5,78,1169,18,29,29,0,12,7,100,141,125,77,20,4,3,373,293,0,6fabb3d45620b385a897b677f6c9fefdbf08be9c680c7c4a9edc5397ecbaaa90
public_v1,O1,p00678,bundle_storage_delift,5,78,1169,18,29,29,0,12,7,100,141,125,77,20,4,3,373,293,0,6fabb3d45620b385a897b677f6c9fefdbf08be9c680c7c4a9edc5397ecbaaa90
public_v1,O1,p00678,bundle_residual_strip,5,78,1169,18,29,29,0,12,7,100,141,125,77,20,4,3,373,293,0,6fabb3d45620b385a897b677f6c9fefdbf08be9c680c7c4a9edc5397ecbaaa90
public_v1,O1,p00678,final_clean,5,78,1173,18,29,29,0,12,7,91,141,125,88,20,4,3,364,306,0,c859d5fd620366c9d0c37f4a1988553fe8c5d6825833a15858f277e37acf564e
public_v1,O1,p00693,raw_lift,25,217,3887,93,48,43,5,15,0,202,574,16,3,47,0,3,792,1592,0,3a179320ebcdd1bf6653c1ca9cead83697b6bd1c5ff5cd4c31d5ecac87140adc
public_v1,O1,p00693,brightened_main,5,41,676,19,32,32,0,10,5,52,194,109,9,49,0,0,360,154,0,89336755f06561c637accd5d5699fa803160fabec06f458f96897f91600d3e55
public_v1,O1,p00693,bundle_verified_input,5,41,676,19,32,32,0,10,5,52,194,109,9,49,0,0,360,154,0,fd85ce447433d359b320ec670257585cf0d41aa3791052712efd32dbbfa02cdd
public_v1,O1,p00693,bundle_pointer_opt,5,40,670,19,32,32,0,10,5,51,194,107,9,49,0,0,357,153,0,58f1cf76a19cd51b06c4925eaacec3d87cb36828c52b16ea98157fcc0609dd11
public_v1,O1,p00693,bundle_standard_opt_3,5,39,653,20,32,32,0,10,5,52,198,105,4,50,0,0,360,146,0,4950413e462f8e57f62b63cabd6c6e27f42bd36bfcd53c20fb26eb6dae80c070
public_v1,O1,p00693,bundle_storage_delift,5,39,653,20,32,32,0,10,5,52,198,105,4,50,0,0,360,146,0,4950413e462f8e57f62b63cabd6c6e27f42bd36bfcd53c20fb26eb6dae80c070
public_v1,O1,p00693,bundle_residual_strip,5,39,653,20,32,32,0,10,5,52,198,105,4,50,0,0,360,146,0,4950413e462f8e57f62b63cabd6c6e27f42bd36bfcd53c20fb26eb6dae80c070
public_v1,O1,p00693,final_clean,5,40,562,20,30,30,0,10,5,47,110,107,13,42,0,0,269,147,0,979b01f5781b19041300d933420db0df88eed0a439d5bc75a58d2df5d28cddec
public_v1,O1,p00788,raw_lift,26,153,2815,70,54,49,5,11,0,188,472,9,3,28,0,17,669,1052,0,508c0bbf7072bc9111c0f669f7d587353857794195753e695d8218c8bd85cc28
public_v1,O1,p00788,brightened_main,3,46,427,14,13,13,0,0,3,51,96,53,6,13,1,9,203,89,0,a445b801e6e854dc3d71cd9dd1c8701f585b5c47c3451f0d8feeb457c7dcdc10
public_v1,O1,p00788,bundle_verified_input,3,46,427,14,13,13,0,0,3,51,96,53,6,13,1,9,203,89,0,49db9f09b58b143bd242411f47614593c600505ae85e61dba2b7b3dbc185fa15
public_v1,O1,p00788,bundle_pointer_opt,3,45,423,14,13,13,0,0,3,51,96,54,6,13,1,9,204,88,0,b9fdb8783e2094645fb8f0353f1fdb141099d1e4fdd700219f56538be8cffc8a
public_v1,O1,p00788,bundle_standard_opt_3,2,46,428,15,11,11,0,0,3,51,120,60,5,14,1,9,234,75,0,9cab83ab6dbda0ad68005a948f4318cdb8f40cf06bfac2b17d71914e5a24f5c4
public_v1,O1,p00788,bundle_storage_delift,2,46,428,15,11,11,0,0,3,51,120,60,5,14,1,9,234,75,0,9cab83ab6dbda0ad68005a948f4318cdb8f40cf06bfac2b17d71914e5a24f5c4
public_v1,O1,p00788,bundle_residual_strip,2,46,428,15,11,11,0,0,3,51,120,60,5,14,1,9,234,75,0,9cab83ab6dbda0ad68005a948f4318cdb8f40cf06bfac2b17d71914e5a24f5c4
public_v1,O1,p00788,final_clean,2,45,204,15,11,11,0,0,8,4,9,0,29,6,1,9,21,77,0,6600c430478004ddf00048e55625c1571097116c97eb69946aa04e80ed2630f2
public_v1,O1,p00793,raw_lift,31,162,3671,76,67,62,5,22,0,374,736,43,14,26,0,7,1153,1167,0,049fa2556787982324b07d8a3223b30fa4bbcfbd315ecf3745236f9e8141eaeb
public_v1,O1,p00793,brightened_main,9,103,5116,42,101,101,0,38,6,620,2458,136,423,14,9,4,3220,970,0,79972484272f937bdb86949e76e9c7984eb2893109147d8b2bcbd41cf8bc59cc
public_v1,O1,p00793,bundle_verified_input,9,103,5116,42,101,101,0,38,6,620,2458,136,423,14,9,4,3220,970,0,d375dc643ad50dd0eda28bb3eb8dfb6c81c660534aa2e76f01102d8a76f09473
public_v1,O1,p00793,bundle_pointer_opt,9,103,5116,42,101,101,0,38,6,620,2458,136,423,14,9,4,3220,970,0,841067858394af89967a84bee5a2513d98b9d875c87af1863b98641d61bf7048
public_v1,O1,p00793,bundle_standard_opt_3,9,103,5061,42,101,101,0,38,6,601,2422,136,423,14,9,4,3165,970,0,31b3fe739133cb22aadbdbd6e41e5936c6d434c372525da2437140608d406575
public_v1,O1,p00793,bundle_storage_delift,9,103,5061,42,101,101,0,38,6,601,2422,136,423,14,9,4,3165,970,0,31b3fe739133cb22aadbdbd6e41e5936c6d434c372525da2437140608d406575
public_v1,O1,p00793,bundle_residual_strip,9,103,5061,42,101,101,0,38,6,601,2422,136,423,14,9,4,3165,970,0,31b3fe739133cb22aadbdbd6e41e5936c6d434c372525da2437140608d406575
public_v1,O1,p00793,final_clean,9,103,5023,42,101,101,0,38,6,598,2386,136,430,14,9,4,3126,971,0,04c11a49fca679d664b5d408dca10bf567c9ffedfee573ef9386d31c3e755bc1
public_v1,O1,p00859,raw_lift,37,245,4458,97,80,73,7,25,0,299,720,32,5,47,0,3,1051,1694,0,9c2db843153b25753dc495b08057cb4d545dd8640d23069e05395933a4855287
public_v1,O1,p00859,brightened_main,7,97,1274,6,42,42,0,2,2,140,201,120,31,21,2,0,463,278,0,c580b6f97e4f968598035fc2c4e6abf812ce20d39e92eaec76895310b2058f39
public_v1,O1,p00859,bundle_verified_input,7,97,1274,6,42,42,0,2,2,140,201,120,31,21,2,0,463,278,0,ad1ffc78bad109f767124e4e555ff8f815299a52bcb14c78390025ef73c7767f
public_v1,O1,p00859,bundle_pointer_opt,7,93,1218,5,40,40,0,0,1,137,183,109,30,20,2,0,430,268,0,5c40a84edfdf2a1ef08a548a782c3041abdf920932cf22db99681526008d2f71
public_v1,O1,p00859,bundle_standard_opt_3,7,92,876,5,40,40,0,0,1,98,172,100,28,20,2,0,371,169,0,2c259ca322150e29cff120e8c1f0d5630b46a6778ba78fc6a143077554caab1e
public_v1,O1,p00859,bundle_storage_delift,7,92,876,5,40,40,0,0,1,98,172,100,28,20,2,0,371,169,0,2c259ca322150e29cff120e8c1f0d5630b46a6778ba78fc6a143077554caab1e
public_v1,O1,p00859,bundle_residual_strip,7,92,876,5,40,40,0,0,1,98,172,100,28,20,2,0,371,169,0,2c259ca322150e29cff120e8c1f0d5630b46a6778ba78fc6a143077554caab1e
public_v1,O1,p00859,final_clean,7,92,836,5,40,40,0,0,1,94,162,75,36,19,2,0,332,176,0,47a0c6db168a32aa8ba39d036bae78bed9b4dbfd1edd6801f400fa3c1c1a6fc1
public_v1,O1,p00867,raw_lift,39,779,16443,356,139,134,5,51,0,1111,2277,100,13,199,0,3,3488,6642,0,7cea5cb9769a0b0359a5f256b39df12671ca3cf42206d9ef6e48dbbd6b0d63eb
public_v1,O1,p00867,brightened_main,15,376,5595,28,140,140,0,0,1,714,755,448,117,104,8,0,1918,1212,0,a261c6d350800fc7aa42c65e47bc4519e7a5352834ebe6e142bff98298a54aa0
public_v1,O1,p00867,bundle_verified_input,15,376,5595,28,140,140,0,0,1,714,755,448,117,104,8,0,1918,1212,0,310154a5e4427e2cb7fd026a2e138d5991308f1411cfa338a617044040f5b29d
public_v1,O1,p00867,bundle_pointer_opt,15,369,5461,28,140,140,0,0,1,714,755,435,117,104,8,0,1905,1206,0,aca05dba38c589ca367951611b35cdc2679a5688eeaf74266305aa4d62e7a261
public_v1,O1,p00867,bundle_standard_opt_3,15,363,4932,28,140,140,0,0,1,710,567,378,99,104,8,0,1656,1110,0,23d53779f8c8f0b37611e8af3ff8a12116d7d4852a5900922ebf7ee1b8dddffe
public_v1,O1,p00867,bundle_storage_delift,15,363,4932,28,140,140,0,0,1,710,567,378,99,104,8,0,1656,1110,0,23d53779f8c8f0b37611e8af3ff8a12116d7d4852a5900922ebf7ee1b8dddffe
public_v1,O1,p00867,bundle_residual_strip,15,363,4932,28,140,140,0,0,1,710,567,378,99,104,8,0,1656,1110,0,23d53779f8c8f0b37611e8af3ff8a12116d7d4852a5900922ebf7ee1b8dddffe
public_v1,O1,p00867,final_clean,15,376,4875,33,135,135,0,0,1,707,534,317,118,94,8,0,1559,1173,0,9cdc8a20066e37866e29fa371e005e1a6a7ca15e048cdc40038b7798fbbb16cf
public_v1,O1,p01296,raw_lift,35,653,14249,301,142,137,5,58,0,909,2031,54,5,156,0,6,2994,5874,0,8a6c0b46553906490109a62755152b979707623a2e275b427db75b28bf994041
public_v1,O1,p01296,brightened_main,10,285,4030,30,231,231,0,0,1,577,574,262,57,51,7,2,1414,795,0,15b81041718f89f5aa69237c68121c8e99433b2b91495a2c4b4f787ce5de2380
public_v1,O1,p01296,bundle_verified_input,10,285,4030,30,231,231,0,0,1,577,574,262,57,51,7,2,1414,795,0,c0f26a67ab01781e3de5c70f64ee52d55f07307a560f370caa62cdc507e24235
public_v1,O1,p01296,bundle_pointer_opt,10,278,3922,30,231,231,0,0,1,569,573,250,57,51,7,2,1393,784,0,8d9f97aa9a359573b97eeac7cae8a82399ccde7cddc1b117b4f05d5d5fce1b23
public_v1,O1,p01296,bundle_standard_opt_3,9,262,2399,33,222,222,0,0,1,439,404,214,55,53,6,2,1058,451,0,f4ad6f32513b7771f267cdb53a68be9ba615a9c9c0f0790d3fea1ae7fafebd01
public_v1,O1,p01296,bundle_storage_delift,9,262,2399,33,222,222,0,0,1,439,404,214,55,53,6,2,1058,451,0,f4ad6f32513b7771f267cdb53a68be9ba615a9c9c0f0790d3fea1ae7fafebd01
public_v1,O1,p01296,bundle_residual_strip,9,262,2399,33,222,222,0,0,1,439,404,214,55,53,6,2,1058,451,0,f4ad6f32513b7771f267cdb53a68be9ba615a9c9c0f0790d3fea1ae7fafebd01
public_v1,O1,p01296,final_clean,9,238,2224,33,222,222,0,0,1,420,320,186,64,50,7,2,927,448,0,a3063b1f2a4a0550379d51e3828532c7d4875f1c9f9bab3be613283a835f5be0
public_v1,O1,p01315,raw_lift,28,189,4160,77,66,61,5,23,0,289,652,35,3,37,0,3,976,1593,0,13142aa2549e673ac52c7185ad8a17dc2d42c206ac66327eae44911795515468
public_v1,O1,p01315,brightened_main,6,40,775,12,63,63,0,10,6,91,181,130,23,28,0,0,408,145,0,d534f1a5b6143c38b12dd8471d53391b89a0371c9472613052143039d3aa49fa
public_v1,O1,p01315,bundle_verified_input,6,40,775,12,63,63,0,10,6,91,181,130,23,28,0,0,408,145,0,12e74ff351b66aa5b61adde4dcfc135426c0535b37b357bfe20413ee2e3b7473
public_v1,O1,p01315,bundle_pointer_opt,6,38,755,12,63,63,0,10,6,91,181,128,23,28,0,0,406,143,0,553ff0da9aeb87c9aec6e7e0f8573b163f69dcbbdd705ac8ec5b4021dedb40de
public_v1,O1,p01315,bundle_standard_opt_3,6,36,764,14,66,66,0,10,6,98,190,125,28,30,0,0,419,146,0,580fe63d69c7e78f726317b0c0bc50ad7f030e71013a9144d768eac83e22b15e
public_v1,O1,p01315,bundle_storage_delift,6,36,764,14,66,66,0,10,6,98,190,125,28,30,0,0,419,146,0,580fe63d69c7e78f726317b0c0bc50ad7f030e71013a9144d768eac83e22b15e
public_v1,O1,p01315,bundle_residual_strip,6,36,764,14,66,66,0,10,6,98,190,125,28,30,0,0,419,146,0,580fe63d69c7e78f726317b0c0bc50ad7f030e71013a9144d768eac83e22b15e
public_v1,O1,p01315,final_clean,6,36,704,14,66,66,0,10,6,97,142,122,28,25,0,0,367,140,0,2e2c7009bb78c34090e253730bf6dd432d61003f9a8676f003970cfd7d67a2a1
public_v1,O1,p01571,raw_lift,43,611,13195,273,116,110,6,40,0,1023,1865,138,17,138,0,3,3026,5227,0,1591616c29b1fbd3a5b8463161afafc19bcc35f8093e24e0f9526b9a22582fe2
public_v1,O1,p01571,brightened_main,19,286,4395,22,270,270,0,10,6,714,537,397,117,69,9,0,1654,929,0,0c8cbfad0c89cd096418c0b725e891d2a1b45c50419deafc47962431ea9fbba0
public_v1,O1,p01571,bundle_verified_input,19,286,4395,22,270,270,0,10,6,714,537,397,117,69,9,0,1654,929,0,e129fd0c241da9c23c8622cc98f06d4384c1b3a6e056f6dee77885d4c9e14a56
public_v1,O1,p01571,bundle_pointer_opt,19,276,4268,21,268,268,0,8,5,709,519,374,116,68,9,0,1607,918,0,fc271d8b0ede4abb465649c5288de56ba28c4e5d2dd4eeaa2051a2001cfdc032
public_v1,O1,p01571,bundle_standard_opt_3,19,272,3552,21,268,268,0,9,5,644,432,351,109,68,9,0,1432,744,0,067a2eeb957970c868149b8bec4b524ba867ea9a7042b25b719da0209c1177ed
public_v1,O1,p01571,bundle_storage_delift,19,272,3552,21,268,268,0,9,5,644,432,351,109,68,9,0,1432,744,0,067a2eeb957970c868149b8bec4b524ba867ea9a7042b25b719da0209c1177ed
public_v1,O1,p01571,bundle_residual_strip,19,272,3552,21,268,268,0,9,5,644,432,351,109,68,9,0,1432,744,0,067a2eeb957970c868149b8bec4b524ba867ea9a7042b25b719da0209c1177ed
public_v1,O1,p01571,final_clean,19,273,3235,21,267,267,0,9,5,611,394,330,112,66,9,0,1340,677,0,b58b4ee49c238d848ee118150c7390033872fd384c217a480e51c0b6693b026e
public_v1,O1,p01687,raw_lift,31,166,2708,64,53,48,5,13,0,163,443,12,5,36,0,3,618,1030,0,4ec01ceec8256795666ffc75d2faca41e5dd26c1506c2e5656a7d1ae03b74a01
public_v1,O1,p01687,brightened_main,4,54,673,18,11,11,0,0,1,56,102,115,14,70,1,0,274,213,0,a4594cce966cbfd803db45a8bfe79520f970073423deec28cd5a02f921a99835
public_v1,O1,p01687,bundle_verified_input,4,54,673,18,11,11,0,0,1,56,102,115,14,70,1,0,274,213,0,3bd03471d5e9697fca41d442f48801fca2bace8200b04f0e571f7608aed693ca
public_v1,O1,p01687,bundle_pointer_opt,4,53,668,18,11,11,0,0,1,56,102,113,14,70,1,0,272,212,0,e57571baec6346e405b61962d89f406eee7a2effc460ca9e4eb716cb347c6e20
public_v1,O1,p01687,bundle_standard_opt_3,4,53,654,18,11,11,0,0,1,56,102,113,12,70,1,0,272,206,0,01f17ce339d196a5f79ab3e7859b733f4b74e56c2e39d6d5fb7d8ba4092c6c75
public_v1,O1,p01687,bundle_storage_delift,4,53,654,18,11,11,0,0,1,56,102,113,12,70,1,0,272,206,0,01f17ce339d196a5f79ab3e7859b733f4b74e56c2e39d6d5fb7d8ba4092c6c75
public_v1,O1,p01687,bundle_residual_strip,4,53,654,18,11,11,0,0,1,56,102,113,12,70,1,0,272,206,0,01f17ce339d196a5f79ab3e7859b733f4b74e56c2e39d6d5fb7d8ba4092c6c75
public_v1,O1,p01687,final_clean,4,53,623,18,11,11,0,0,1,55,80,107,14,66,1,0,243,204,0,b6366952e7e3ede45e31686ae37c194200490e8b23b75c5c244bec6ca1d1db05
public_v1,O1,p01766,raw_lift,26,144,2584,57,43,38,5,10,0,149,358,43,3,28,0,3,550,994,0,c2308046eb5f1d068574e0f8fd7a7ae67b0d5ef46da68c8ddd4de78b1ed33ddd
public_v1,O1,p01766,brightened_main,2,23,307,11,14,14,0,9,6,24,50,69,8,10,0,0,149,67,0,3e2d7899f284b5b1f5a229a4b1c56cd8fe2f16f8a8bad01d7588329b95e592c0
public_v1,O1,p01766,bundle_verified_input,2,23,307,11,14,14,0,9,6,24,50,69,8,10,0,0,149,67,0,ce4d79a3698eaac5c2267624e1298b286baad19b5ad9bb82d1a0cb0a1dae1bdf
public_v1,O1,p01766,bundle_pointer_opt,2,23,307,11,14,14,0,9,6,24,50,69,8,10,0,0,149,67,0,ab7b1f7f614da493b2a34870dc37458dfcbcb0bbebbd1648c4945627dae97d85
public_v1,O1,p01766,bundle_standard_opt_3,2,23,301,11,14,14,0,9,6,24,50,68,8,10,0,0,148,64,0,9d06d9f1dbba0cf5626f3f8ceb6f4aa613734ceeb1396fdd08353f04357c3089
public_v1,O1,p01766,bundle_storage_delift,2,23,301,11,14,14,0,9,6,24,50,68,8,10,0,0,148,64,0,9d06d9f1dbba0cf5626f3f8ceb6f4aa613734ceeb1396fdd08353f04357c3089
public_v1,O1,p01766,bundle_residual_strip,2,23,301,11,14,14,0,9,6,24,50,68,8,10,0,0,148,64,0,9d06d9f1dbba0cf5626f3f8ceb6f4aa613734ceeb1396fdd08353f04357c3089
public_v1,O1,p01766,final_clean,2,22,293,11,14,14,0,9,6,23,46,67,8,10,0,0,142,63,0,de51871a0f7ccfbb2fb35b1992908465d03bd75176b8648dc2a7638c9ff62b44
public_v1,O1,p01970,raw_lift,27,199,3585,82,46,41,5,13,0,185,496,34,5,42,0,3,715,1433,0,8fc35cc26657006371bbe31bcd544b306024bdb3eb0ab8596272c1508962bc83
public_v1,O1,p01970,brightened_main,2,68,294,4,6,6,0,0,0,19,13,23,27,13,2,0,55,93,0,44514ec5268333ce1f9f2c679b713901dde662d9022eb7e39a7faebf12b1728f
public_v1,O1,p01970,bundle_verified_input,2,68,294,4,6,6,0,0,0,19,13,23,27,13,2,0,55,93,0,db471dad511933ea296b3557e4be120634455f1f651e2e7e4434101bd8a20b0d
public_v1,O1,p01970,bundle_pointer_opt,2,68,294,4,6,6,0,0,0,19,13,23,27,13,2,0,55,93,0,db471dad511933ea296b3557e4be120634455f1f651e2e7e4434101bd8a20b0d
public_v1,O1,p01970,bundle_standard_opt_3,2,68,294,4,6,6,0,0,0,19,13,23,27,13,2,0,55,93,0,534495e20ff8c9866855a50354bec8f43ebdd15465841d65859ac6b8c67d2c76
public_v1,O1,p01970,bundle_storage_delift,2,68,294,4,6,6,0,0,0,19,13,23,27,13,2,0,55,93,0,534495e20ff8c9866855a50354bec8f43ebdd15465841d65859ac6b8c67d2c76
public_v1,O1,p01970,bundle_residual_strip,2,68,294,4,6,6,0,0,0,19,13,23,27,13,2,0,55,93,0,534495e20ff8c9866855a50354bec8f43ebdd15465841d65859ac6b8c67d2c76
public_v1,O1,p01970,final_clean,2,68,294,4,6,6,0,0,0,19,13,23,27,13,2,0,55,93,0,6acce94a871ff41f20af4f3c4033e62fef2402f480e72c8d31d638c544e40055
public_v1,O1,p02029,raw_lift,30,295,5775,126,75,70,5,25,0,415,860,58,7,64,0,3,1333,2263,0,5d6edbe855ff5485dffce8ef6cb579227584e78c52079356622604ba53105b0b
public_v1,O1,p02029,brightened_main,7,134,1551,7,89,89,0,0,1,229,257,148,35,26,3,0,635,309,0,3564fdc1a33aff1823ec6e6ccfb2ef2100850cf78241acc6cfe2c83b444bf904
public_v1,O1,p02029,bundle_verified_input,7,134,1551,7,89,89,0,0,1,229,257,148,35,26,3,0,635,309,0,0a5ecb8c31c2b0cbafab2a133068304ea22cbb93f333437c0d074d9a767c2a71
public_v1,O1,p02029,bundle_pointer_opt,7,130,1519,7,89,89,0,0,1,228,257,150,35,26,3,0,636,305,0,36f9f0d95fa00387616a32c678a9f4996546b68102a07b085881c5ce83f73dc6
public_v1,O1,p02029,bundle_standard_opt_3,7,130,1403,9,92,92,0,0,1,225,259,145,39,27,3,0,630,259,0,9b8849146a319081914f9ae7d58de396183c470af4f104c2065a4dcf54d29d63
public_v1,O1,p02029,bundle_storage_delift,7,130,1403,9,92,92,0,0,1,225,259,145,39,27,3,0,630,259,0,9b8849146a319081914f9ae7d58de396183c470af4f104c2065a4dcf54d29d63
public_v1,O1,p02029,bundle_residual_strip,7,130,1403,9,92,92,0,0,1,225,259,145,39,27,3,0,630,259,0,9b8849146a319081914f9ae7d58de396183c470af4f104c2065a4dcf54d29d63
public_v1,O1,p02029,final_clean,7,130,1352,9,92,92,0,0,1,217,245,117,47,26,3,0,580,266,0,462b6d432f535051d553bb4c1ac545a49f043a4774f7f3c04173b7ab22560145
public_v1,O1,p02100,raw_lift,27,147,2215,56,43,38,5,12,0,151,372,13,3,25,0,3,536,818,0,033500d31a0c4456a162121746a7e37b40af9903d85aaa1b16fdaf21db16c739
public_v1,O1,p02100,brightened_main,4,46,406,10,23,23,0,0,1,50,103,49,16,14,1,0,203,76,0,c832d89c5c1bbf6748e39495aa1a8a4ce28020294676af0640e4a706eca7bce8
public_v1,O1,p02100,bundle_verified_input,4,46,406,10,23,23,0,0,1,50,103,49,16,14,1,0,203,76,0,d80c9faea4935d15772338a1bb66353d51c51294d421530b4507aa04dbfce148
public_v1,O1,p02100,bundle_pointer_opt,4,45,401,10,23,23,0,0,1,50,103,47,16,14,1,0,201,75,0,16659ea8a2830f775f75eb7b148cb0999d73744cb6ed78fdb18ea3c3a98a8d61
public_v1,O1,p02100,bundle_standard_opt_3,4,45,387,10,23,23,0,0,1,50,103,47,14,14,1,0,201,69,0,9c8f9cb3933b19caacde51a187f49b4b9310b5dea3c3c3e4551bd174075773e4
public_v1,O1,p02100,bundle_storage_delift,4,45,387,10,23,23,0,0,1,50,103,47,14,14,1,0,201,69,0,9c8f9cb3933b19caacde51a187f49b4b9310b5dea3c3c3e4551bd174075773e4
public_v1,O1,p02100,bundle_residual_strip,4,45,387,10,23,23,0,0,1,50,103,47,14,14,1,0,201,69,0,9c8f9cb3933b19caacde51a187f49b4b9310b5dea3c3c3e4551bd174075773e4
public_v1,O1,p02100,final_clean,4,44,349,10,22,22,0,0,1,43,77,39,21,12,1,0,160,74,0,382d31dc96c9597c19dc53fff79c5acbf9a0c212f52fa3326252bc953fa7de27
public_v1,O1,p02289,raw_lift,34,460,8947,205,102,97,5,43,0,563,1306,19,11,102,0,5,1888,3625,0,9395d343108753e6c31709db378db938c8ddfe2b7dd296336f79c5e95354b282
public_v1,O1,p02289,brightened_main,7,224,1994,9,139,139,0,0,2,293,333,150,83,34,7,0,778,365,0,47456a74f9cb0da4a21740c7f974646e3e240801f5ff18caf081e986e8e6c28c
public_v1,O1,p02289,bundle_verified_input,7,224,1994,9,139,139,0,0,2,293,333,150,83,34,7,0,778,365,0,a7a6dffc9c9ae70e1b07f31bfec6bf87e8027cbe63ae727da5060e8b1c91b60b
public_v1,O1,p02289,bundle_pointer_opt,7,220,1957,9,139,139,0,0,2,292,333,146,83,34,7,0,773,362,0,251eddff16f25a9d365e80136b03d0a3c53ab5c827a712e97ed0e977ab05ba36
public_v1,O1,p02289,bundle_standard_opt_3,7,218,1737,9,139,139,0,0,2,276,319,141,65,34,7,0,738,281,0,68ae706487e70287f44323c49d8ecd084b0a9dfbd7c2b58abca04bfd67eaca3a
public_v1,O1,p02289,bundle_storage_delift,7,218,1737,9,139,139,0,0,2,276,319,141,65,34,7,0,738,281,0,68ae706487e70287f44323c49d8ecd084b0a9dfbd7c2b58abca04bfd67eaca3a
public_v1,O1,p02289,bundle_residual_strip,7,218,1737,9,139,139,0,0,2,276,319,141,65,34,7,0,738,281,0,68ae706487e70287f44323c49d8ecd084b0a9dfbd7c2b58abca04bfd67eaca3a
public_v1,O1,p02289,final_clean,7,218,1571,9,138,138,0,0,2,258,302,125,79,32,7,0,687,264,0,f67d3d09780536495f18d5f7307ae7f6f6af8632c300f4b8e92f591804b946fe
public_v1,O1,p02474,raw_lift,26,184,3373,79,53,48,5,16,0,167,488,27,3,36,0,7,682,1329,0,ee6fd8bc71229519b27ce4ac1a7686d167aa9a10947a660d3b82d7bb8e391bb9
public_v1,O1,p02474,brightened_main,2,22,141,12,6,6,0,0,0,13,5,15,9,2,0,0,33,44,0,eab9ef1ab49fa581887555eb25d659adb9218c1f8214a55f59a3b74820c75b7e
public_v1,O1,p02474,bundle_verified_input,2,22,141,12,6,6,0,0,0,13,5,15,9,2,0,0,33,44,0,73c4259f78779f592e3f53cc6a60212225a3dd38e739a23abae71d54b5636241
public_v1,O1,p02474,bundle_pointer_opt,2,22,141,12,6,6,0,0,0,13,5,15,9,2,0,0,33,44,0,73c4259f78779f592e3f53cc6a60212225a3dd38e739a23abae71d54b5636241
public_v1,O1,p02474,bundle_standard_opt_3,2,22,139,12,6,6,0,0,0,13,5,15,9,2,0,0,33,42,0,9a54cb83c95e1201918357c6e59e8eb541e25c52778843d993fbecc8fd790027
public_v1,O1,p02474,bundle_storage_delift,2,22,139,12,6,6,0,0,0,13,5,15,9,2,0,0,33,42,0,9a54cb83c95e1201918357c6e59e8eb541e25c52778843d993fbecc8fd790027
public_v1,O1,p02474,bundle_residual_strip,2,22,139,12,6,6,0,0,0,13,5,15,9,2,0,0,33,42,0,9a54cb83c95e1201918357c6e59e8eb541e25c52778843d993fbecc8fd790027
public_v1,O1,p02474,final_clean,2,22,139,12,6,6,0,0,0,13,5,15,9,2,0,0,33,42,0,5d54956e14bafef93940504513f41affd1dea9ec8b46395146a8023b30cafbb7
public_v1,O1,p02477,raw_lift,33,1103,20673,548,124,119,5,48,0,1227,2722,15,5,258,0,39,3964,8530,0,c02bfc9682f06038a745eccb070c74e155259f923716028ead82b8994558bdf8
public_v1,O1,p02477,brightened_main,5,134,1454,10,48,48,0,0,1,194,226,79,34,27,3,0,500,312,0,b057eb1939c4a52bd3faedd48f95907a4857c7886b820bf7e308d94c30381d03
public_v1,O1,p02477,bundle_verified_input,5,134,1454,10,48,48,0,0,1,194,226,79,34,27,3,0,500,312,0,94c68d97df71c23155d8a7350c3e9c89ece55ea140ccf62a39635a3ee9ba4666
public_v1,O1,p02477,bundle_pointer_opt,5,132,1427,10,48,48,0,0,1,194,226,79,34,27,3,0,500,310,0,2550c95b9ce1050c71345a6c665f1a4bebc77457e44c286b7f70a5ba1d596d5f
public_v1,O1,p02477,bundle_standard_opt_3,5,131,1407,11,47,47,0,0,1,192,234,77,33,28,3,0,504,302,0,a949927890202d387d95fa786dcfde7d461fe1ac624ea4c6b9a33a08e61d4da0
public_v1,O1,p02477,bundle_storage_delift,5,131,1407,11,47,47,0,0,1,192,234,77,33,28,3,0,504,302,0,a949927890202d387d95fa786dcfde7d461fe1ac624ea4c6b9a33a08e61d4da0
public_v1,O1,p02477,bundle_residual_strip,5,131,1407,11,47,47,0,0,1,192,234,77,33,28,3,0,504,302,0,a949927890202d387d95fa786dcfde7d461fe1ac624ea4c6b9a33a08e61d4da0
public_v1,O1,p02477,final_clean,5,130,1352,10,47,47,0,0,1,182,196,64,46,24,3,0,443,311,0,897ac5348d7247bde1cf4421ee19cab72ea7624368dd54483747ca5ecc2adc6c
public_v1,O1,p02788,raw_lift,31,315,7265,136,101,96,5,37,0,564,1143,50,11,66,0,7,1757,2704,0,b1c1271f7e398275cdce5cbf14a3162088963c1c7c16948f972d0cc2fef89546
public_v1,O1,p02788,brightened_main,9,147,2133,23,101,101,0,0,1,308,270,232,73,28,5,4,811,452,0,8916197c6081c3276776e8958fbe931def59da450b6dc184be3812c49fd30d1f
public_v1,O1,p02788,bundle_verified_input,9,147,2133,23,101,101,0,0,1,308,270,232,73,28,5,4,811,452,0,01ed620f794b3ad850855bdb274a95974628d3e6eeccec131df442394d32f2b6
public_v1,O1,p02788,bundle_pointer_opt,9,123,1873,21,96,96,0,0,1,276,256,205,46,28,3,4,738,389,0,a821a29941f89059a72e3ebc6f8a9982a179963f8a5d01cd0defcdeb741a6f79
public_v1,O1,p02788,bundle_standard_opt_3,8,128,1762,24,94,94,0,0,1,256,237,194,54,27,3,4,688,357,0,f5ba93458d885e208ee8ecd7d25c93fd7be9f776a8d27e261e54699ba7e79454
public_v1,O1,p02788,bundle_storage_delift,8,128,1762,24,94,94,0,0,1,256,237,194,54,27,3,4,688,357,0,f5ba93458d885e208ee8ecd7d25c93fd7be9f776a8d27e261e54699ba7e79454
public_v1,O1,p02788,bundle_residual_strip,8,128,1762,24,94,94,0,0,1,256,237,194,54,27,3,4,688,357,0,f5ba93458d885e208ee8ecd7d25c93fd7be9f776a8d27e261e54699ba7e79454
public_v1,O1,p02788,final_clean,7,129,1791,25,91,91,0,0,1,275,224,183,64,24,3,4,683,376,0,e4da599fe076fe01ccb5624a155cd7ec2f89fd6db93ad1dc6fe611855eaa2f94
public_v1,O1,p02814,raw_lift,36,210,4450,96,103,97,6,30,0,331,791,41,9,33,0,26,1163,1569,0,fff83af103eab2b85e842ffee9abf5dfca8b8ad3d622419c0e39e04f6a026681
public_v1,O1,p02814,brightened_main,9,85,1195,26,113,113,0,14,8,155,243,180,19,24,1,18,586,210,0,f32663ce39802bc356b36335b648f604eb8414bbe29880b69681b1ea40f6518c
public_v1,O1,p02814,bundle_verified_input,9,85,1195,26,113,113,0,14,8,155,243,180,19,24,1,18,586,210,0,a218b34c67f54d21c43c8b3eef391c51bdae4fc5e71cc5d959e419d26c59de30
public_v1,O1,p02814,bundle_pointer_opt,9,79,1123,25,111,111,0,12,7,148,228,166,18,23,1,18,549,202,0,d089161078942767c49d686c547d5a9d1b197a6499d31a0896bfb42d29f481f0
public_v1,O1,p02814,bundle_standard_opt_3,9,80,1019,25,112,112,0,13,7,135,186,143,19,22,1,18,471,191,0,ea891134762f814883ac09c8b4eefb8fae8042c3abf58fd86b0d5a33ba67588b
public_v1,O1,p02814,bundle_storage_delift,9,80,1019,25,112,112,0,13,7,135,186,143,19,22,1,18,471,191,0,ea891134762f814883ac09c8b4eefb8fae8042c3abf58fd86b0d5a33ba67588b
public_v1,O1,p02814,bundle_residual_strip,9,80,1019,25,112,112,0,13,7,135,186,143,19,22,1,18,471,191,0,ea891134762f814883ac09c8b4eefb8fae8042c3abf58fd86b0d5a33ba67588b
public_v1,O1,p02814,final_clean,9,80,1000,25,112,112,0,13,7,130,171,139,27,20,1,18,447,197,0,a8d1e5c5fb597e04a988158445bf0828073490315fe3c73854cdcb03759e1a7d
public_v1,O1,p02950,raw_lift,25,263,5340,137,96,91,5,30,0,284,833,16,3,52,0,31,1133,2070,0,d2a880c2500da3a81d73c7cb769d7d11e3fb7747855f57d7b97b4c785903f0f0
public_v1,O1,p02950,brightened_main,4,104,803,28,46,46,0,0,1,109,108,70,5,19,1,24,288,172,0,f9616fab300ac2c4758e152f35b412de7f6e09c1830212bf15301730b12605b3
public_v1,O1,p02950,bundle_verified_input,4,104,803,28,46,46,0,0,1,109,108,70,5,19,1,24,288,172,0,322b74c47293e5652583735c06d45acfb93872e6265f306728e83848f9faa00d
public_v1,O1,p02950,bundle_pointer_opt,4,103,795,28,46,46,0,0,1,108,108,71,5,19,1,24,288,171,0,b13d5ea3d0926b4f9a08130b7e02e7491fbdb1b193bc9377b2c83b89e6171042
public_v1,O1,p02950,bundle_standard_opt_3,4,103,745,28,46,46,0,0,1,106,108,66,3,19,1,24,281,155,0,844539ad50b13cafa966e2ed2563ea120223068b2af63695791393b63bd539b2
public_v1,O1,p02950,bundle_storage_delift,4,103,745,28,46,46,0,0,1,106,108,66,3,19,1,24,281,155,0,844539ad50b13cafa966e2ed2563ea120223068b2af63695791393b63bd539b2
public_v1,O1,p02950,bundle_residual_strip,4,103,745,28,46,46,0,0,1,106,108,66,3,19,1,24,281,155,0,844539ad50b13cafa966e2ed2563ea120223068b2af63695791393b63bd539b2
public_v1,O1,p02950,final_clean,4,103,712,28,44,44,0,0,1,104,91,54,5,17,1,24,250,155,0,788af981ff37c0f47f7671efcf7a733c4f0da9e828dceb61c7a91c8aa2fe4986
public_v1,O1,p03006,raw_lift,85,1071,22007,520,267,258,9,118,0,1598,3506,107,23,201,0,76,5211,8246,6,49aaee6e8d74c82a0b38cae763a179a317b0070cea4b9ae49764eb5e276597fe
public_v1,O1,p03006,brightened_main,3,99,781,7,10,10,0,1,2,87,128,134,11,55,4,0,351,155,0,e690068e6f36326f182b286ede5f2652c7b7c8c464f8232558b221ea1f087a73
public_v1,O1,p03006,bundle_verified_input,3,99,781,7,10,10,0,1,2,87,128,134,11,55,4,0,351,155,0,e88e284c35e458eca7b5eb9544b35c0b36cb612b881fc9682f8116903eacb30b
public_v1,O1,p03006,bundle_pointer_opt,3,98,769,7,10,10,0,1,2,87,128,133,11,55,4,0,350,153,0,60825728eec21e965f9eb081933c1b7086efa1fa66c17ddcdf8b29431a69ab48
public_v1,O1,p03006,bundle_standard_opt_3,3,98,758,7,10,10,0,1,2,87,127,133,11,55,4,0,349,150,0,fe83fd2f41d3dad19914dd488ca9230e57f03d066ff48a2684a2cb7a23af5762
public_v1,O1,p03006,bundle_storage_delift,3,98,758,7,10,10,0,1,2,87,127,133,11,55,4,0,349,150,0,fe83fd2f41d3dad19914dd488ca9230e57f03d066ff48a2684a2cb7a23af5762
public_v1,O1,p03006,bundle_residual_strip,3,98,758,7,10,10,0,1,2,87,127,133,11,55,4,0,349,150,0,fe83fd2f41d3dad19914dd488ca9230e57f03d066ff48a2684a2cb7a23af5762
public_v1,O1,p03006,final_clean,3,93,625,7,10,10,0,1,2,80,112,107,13,36,4,0,301,108,0,dd3ba9c1d9ec93b0598325c67d4d275dadefcbf294819d2ac498e072f00c1e47
public_v1,O1,p03111,raw_lift,84,1115,23532,513,280,269,11,123,0,1736,3736,126,37,234,0,52,5598,8813,0,1973567e475d860ea98ad0519aae5e9b033d518dfb9279e0006a2b48aa6689ff
public_v1,O1,p03111,brightened_main,5,69,1413,11,131,131,0,33,17,159,305,245,21,14,1,5,726,179,0,5ee1cea3c0a4ddfd3f07ca5741b42d6b77d6c8f3201ada59ccab75f7289c28a0
public_v1,O1,p03111,bundle_verified_input,5,69,1413,11,131,131,0,33,17,159,305,245,21,14,1,5,726,179,0,6fbafbc114b99cd066ed5e6524f9ea2df4d98d1ef5fb2b9f1cbb4b5815b81c67
public_v1,O1,p03111,bundle_pointer_opt,5,67,1389,11,131,131,0,33,17,159,305,243,21,14,1,5,724,175,0,1103ba18776b49c6540d2b83b22baf34a44b9da18781e8897b07dac15daae25a
public_v1,O1,p03111,bundle_standard_opt_3,5,66,1350,10,130,130,0,33,17,155,301,240,22,14,1,4,713,165,0,4032e6f622c50d2aeda153bfc80ca128b92a5a340593a55bee24b56f25156ba3
public_v1,O1,p03111,bundle_storage_delift,5,66,1350,10,130,130,0,33,17,155,301,240,22,14,1,4,713,165,0,4032e6f622c50d2aeda153bfc80ca128b92a5a340593a55bee24b56f25156ba3
public_v1,O1,p03111,bundle_residual_strip,5,66,1350,10,130,130,0,33,17,155,301,240,22,14,1,4,713,165,0,4032e6f622c50d2aeda153bfc80ca128b92a5a340593a55bee24b56f25156ba3
public_v1,O1,p03111,final_clean,5,66,1324,10,130,130,0,33,17,153,286,232,24,13,1,4,688,166,0,32f02e280c0ae1e7f4fd7ce4c2a568271be92bde3a8f3f5d55a27afbcc00d6a2
public_v1,O1,p03142,raw_lift,115,2005,42222,939,454,443,11,207,0,3028,6529,225,63,442,0,83,9782,16123,0,f66742774210b2933381b38d0a69d4d2cb075fca5ce39f19fae7d631f06e73c2
public_v1,O1,p03142,brightened_main,4,78,1459,3,113,113,0,24,13,198,265,223,31,13,3,0,699,243,0,73ae414fef0f946d557f06704883fa0cb3901e359c23fefb4375cb223bd76734
public_v1,O1,p03142,bundle_verified_input,4,78,1459,3,113,113,0,24,13,198,265,223,31,13,3,0,699,243,0,fc1735d954901831c7edaf8f4dd42c53c21c483de4ee870e2eb930838512e626
public_v1,O1,p03142,bundle_pointer_opt,4,77,1426,3,113,113,0,24,13,198,265,208,31,13,3,0,684,243,0,6ffb708054107aad6b68b531280bb135d13856419b8c84f9a9018187f2c2ab20
public_v1,O1,p03142,bundle_standard_opt_3,4,77,1345,4,113,113,0,24,13,196,219,197,28,13,3,0,625,240,0,9f61bc7ab63c02f922763434a3b6b51dab664e730c1ae55de462cb24b05eaa4e
public_v1,O1,p03142,bundle_storage_delift,4,77,1345,4,113,113,0,24,13,196,219,197,28,13,3,0,625,240,0,9f61bc7ab63c02f922763434a3b6b51dab664e730c1ae55de462cb24b05eaa4e
public_v1,O1,p03142,bundle_residual_strip,4,77,1345,4,113,113,0,24,13,196,219,197,28,13,3,0,625,240,0,9f61bc7ab63c02f922763434a3b6b51dab664e730c1ae55de462cb24b05eaa4e
public_v1,O1,p03142,final_clean,4,77,1343,4,113,113,0,24,13,195,219,194,30,13,3,0,621,242,0,5050e7f4074227b8cfea3c38a44211be72066f96697684c1e443688c21993f88
public_v1,O1,p03199,raw_lift,37,470,10466,216,107,100,7,38,0,607,1445,32,7,108,2,15,2084,4251,0,13a3f480dee85cf9db2e730a660ac8bc65518bde6254d2e03ad2535354208d23
public_v1,O1,p03199,brightened_main,9,205,2057,33,68,68,0,4,11,265,530,233,49,45,4,5,1039,366,0,17f01796955b3d58e716e53e0bef578d1cd24d93c3d37fad9f1d0cda264f8c2f
public_v1,O1,p03199,bundle_verified_input,9,205,2057,33,68,68,0,4,11,265,530,233,49,45,4,5,1039,366,0,1e41cde9805e3b335d7f2a95786835be4d24dcdda90b63afa3a5914d56649f11
public_v1,O1,p03199,bundle_pointer_opt,9,198,2028,33,68,68,0,4,11,260,530,229,49,45,4,5,1030,362,0,2ff58e11a729ef823753c969963c6243bcd67ea8efb161859ea4c8ac7281f2f9
public_v1,O1,p03199,bundle_standard_opt_3,9,198,1932,33,68,68,0,4,11,252,527,229,41,45,4,5,1019,331,0,d09e70fb36368561c10a609d8c945704ffc4e28e2aca10b2bd294538b81ce96b
public_v1,O1,p03199,bundle_storage_delift,9,198,1932,33,68,68,0,4,11,252,527,229,41,45,4,5,1019,331,0,d09e70fb36368561c10a609d8c945704ffc4e28e2aca10b2bd294538b81ce96b
public_v1,O1,p03199,bundle_residual_strip,9,198,1932,33,68,68,0,4,11,252,527,229,41,45,4,5,1019,331,0,d09e70fb36368561c10a609d8c945704ffc4e28e2aca10b2bd294538b81ce96b
public_v1,O1,p03199,final_clean,9,201,1782,33,68,68,0,4,11,233,459,175,49,39,4,5,878,329,0,31570539d58d0f527176a8a8259f13f69bc6c6a87c2672082dbb93c9c0dad17e
public_v1,O1,p03261,raw_lift,79,862,17344,424,247,238,9,103,0,1190,2864,80,25,154,0,76,4134,6356,6,82ec68eb83b65f8bec5681e67eed76b7c49bf475bbdfdf41fc26e5b3600cf9a9
public_v1,O1,p03261,brightened_main,2,17,182,10,5,5,0,0,1,6,79,22,7,9,0,0,108,39,0,d2b9f99af912d02eb04b27596e8391b92b0abf4340a6881391c22aa502da260a
public_v1,O1,p03261,bundle_verified_input,2,17,182,10,5,5,0,0,1,6,79,22,7,9,0,0,108,39,0,da7d3718ea864caae1039c9d32b2aa5f4541a35b1960200074bfa39389742adb
public_v1,O1,p03261,bundle_pointer_opt,2,17,182,10,5,5,0,0,1,6,79,22,7,9,0,0,108,39,0,da7d3718ea864caae1039c9d32b2aa5f4541a35b1960200074bfa39389742adb
public_v1,O1,p03261,bundle_standard_opt_3,2,17,180,10,5,5,0,0,1,6,79,21,7,9,0,0,107,38,0,3d693df64fb7d972b7fe9109dac4cb9b1f3489f2ad87a5d2f5886e3bc2aedd31
public_v1,O1,p03261,bundle_storage_delift,2,17,180,10,5,5,0,0,1,6,79,21,7,9,0,0,107,38,0,3d693df64fb7d972b7fe9109dac4cb9b1f3489f2ad87a5d2f5886e3bc2aedd31
public_v1,O1,p03261,bundle_residual_strip,2,17,180,10,5,5,0,0,1,6,79,21,7,9,0,0,107,38,0,3d693df64fb7d972b7fe9109dac4cb9b1f3489f2ad87a5d2f5886e3bc2aedd31
public_v1,O1,p03261,final_clean,1,16,130,10,5,5,0,0,1,5,33,21,8,7,0,0,60,36,0,b96281ecd2940a97c6a84dfdf2e55693aaefca2ed2ca9b0dcc1ce40ce1aa9429
public_v1,O1,p03430,raw_lift,27,184,4186,76,52,47,5,13,0,317,552,21,3,36,0,3,890,1538,0,a2ac3f2057cc4e618ed1157ba81aedcfb99284eb37bcf218329302603fbd8eba
public_v1,O1,p03430,brightened_main,4,81,1394,2,143,143,0,12,7,252,192,94,10,18,2,0,545,215,0,ce890f8f7f1932370d0e4cdd78d5dd2cd2584c2fe7bf625a2380e5e90bb7e345
public_v1,O1,p03430,bundle_verified_input,4,81,1394,2,143,143,0,12,7,252,192,94,10,18,2,0,545,215,0,c91b558c478737e53195567142a5f10600577da89e96a7998271bbef2d6a9d55
public_v1,O1,p03430,bundle_pointer_opt,4,81,1394,2,143,143,0,12,7,252,192,94,10,18,2,0,545,215,0,c91b558c478737e53195567142a5f10600577da89e96a7998271bbef2d6a9d55
public_v1,O1,p03430,bundle_standard_opt_3,4,81,1394,2,143,143,0,12,7,252,192,94,10,18,2,0,545,215,0,9db925c0901c262a0fe76cd6b6b3f75fc8e3b228d0985f6c0fef276419f6265a
public_v1,O1,p03430,bundle_storage_delift,4,81,1394,2,143,143,0,12,7,252,192,94,10,18,2,0,545,215,0,9db925c0901c262a0fe76cd6b6b3f75fc8e3b228d0985f6c0fef276419f6265a
public_v1,O1,p03430,bundle_residual_strip,4,81,1394,2,143,143,0,12,7,252,192,94,10,18,2,0,545,215,0,9db925c0901c262a0fe76cd6b6b3f75fc8e3b228d0985f6c0fef276419f6265a
public_v1,O1,p03430,final_clean,4,79,1322,2,143,143,0,12,7,251,121,94,12,18,2,0,473,217,0,2bfb6c71499c464ad41db776e24eb11ebe3954e337f1cdc741b8f7739f04d70f
public_v1,O1,p03434,raw_lift,68,877,17527,390,173,167,6,80,0,1211,2537,81,23,187,0,20,3829,6774,0,44899a95cb34ba80508449a35d95459f3e07bfb1072bff170b7fc4da0e0a9504
public_v1,O1,p03434,brightened_main,4,25,331,6,16,16,0,6,5,37,103,51,13,9,1,0,196,60,0,09afd34ab6ea07e4be5b8adc5c587cf4390a7ad914546ec6175cff55390b8139
public_v1,O1,p03434,bundle_verified_input,4,25,331,6,16,16,0,6,5,37,103,51,13,9,1,0,196,60,0,3a7bce185c9d6db8462f328f1b3711aea73d79a6e1ce1ba0ffb414aa405b3e2a
public_v1,O1,p03434,bundle_pointer_opt,4,25,325,6,16,16,0,6,5,36,103,51,13,9,1,0,195,51,0,ee0d87dce86ea4c5183774d3649802b10c1d0de5faad7ffe3a8f3ccab782692c
public_v1,O1,p03434,bundle_standard_opt_3,4,23,255,5,14,14,0,4,4,23,74,41,14,7,1,0,142,48,0,7336f086be2db88e51d6831d325fcfdb3fa0bf11f65ec09aff90dc025ac81908
public_v1,O1,p03434,bundle_storage_delift,4,23,255,5,14,14,0,4,4,23,74,41,14,7,1,0,142,48,0,7336f086be2db88e51d6831d325fcfdb3fa0bf11f65ec09aff90dc025ac81908
public_v1,O1,p03434,bundle_residual_strip,4,23,255,5,14,14,0,4,4,23,74,41,14,7,1,0,142,48,0,7336f086be2db88e51d6831d325fcfdb3fa0bf11f65ec09aff90dc025ac81908
public_v1,O1,p03434,final_clean,4,23,237,5,14,14,0,4,4,20,57,41,16,7,1,0,122,50,0,9d9a2ea250eb422e2326815b2d51c004f5293d02a7f1cd94186121193f3934a2
public_v1,O1,p03493,raw_lift,52,704,14028,303,124,119,5,57,0,1032,2082,77,20,146,0,6,3191,5337,0,b8359d7309a0b78f6c395fcddc61be49047962e3c6fe5c2ec5604fcb706f5333
public_v1,O1,p03493,brightened_main,2,11,183,4,9,9,0,5,3,9,55,50,5,7,0,0,117,30,0,c3518deeea525047f41e67a97604cf4929518d0c61cb9bfe7e3552fa1da8e36c
public_v1,O1,p03493,bundle_verified_input,2,11,183,4,9,9,0,5,3,9,55,50,5,7,0,0,117,30,0,3ee22d3c1f915267db2b2478b9035cf45d4954a499bdcd9986eb185784e5499e
public_v1,O1,p03493,bundle_pointer_opt,2,11,183,4,9,9,0,5,3,9,55,50,5,7,0,0,117,30,0,a58abd42307c9be6b2a323bf9d8440a200c3bd5bdd431b7c11483f04f5ed14cf
public_v1,O1,p03493,bundle_standard_opt_3,2,11,173,4,9,9,0,5,3,9,55,41,4,7,0,0,108,29,0,2fe22b315fb3fd01dd23bee6be07ed864ec4fe8348954c81761c558a6984ef72
public_v1,O1,p03493,bundle_storage_delift,2,11,173,4,9,9,0,5,3,9,55,41,4,7,0,0,108,29,0,2fe22b315fb3fd01dd23bee6be07ed864ec4fe8348954c81761c558a6984ef72
public_v1,O1,p03493,bundle_residual_strip,2,11,173,4,9,9,0,5,3,9,55,41,4,7,0,0,108,29,0,2fe22b315fb3fd01dd23bee6be07ed864ec4fe8348954c81761c558a6984ef72
public_v1,O1,p03493,final_clean,2,11,165,4,9,9,0,5,3,9,47,41,4,7,0,0,100,29,0,ddc15d7f4a7cf6c0e1e2a1548e80eb576db1b3d418366559ef2e3e4a048f3da6
public_v1,O1,p03510,raw_lift,30,203,4631,82,82,77,5,28,0,439,809,41,7,36,0,5,1289,1574,0,20a1d9e5060d0b1fe99f92d46e7d3b8c323708350431d05f73bdabd756b8b168
public_v1,O1,p03510,brightened_main,4,68,1293,10,85,85,0,11,6,184,244,184,36,15,2,2,618,180,0,9f86a3e3d76e12f1953835c840f10789a67922fd1494d3e431aae3bf0e443133
public_v1,O1,p03510,bundle_verified_input,4,68,1293,10,85,85,0,11,6,184,244,184,36,15,2,2,618,180,0,c90654713e5fe87bb0f569f25f66db4ccb2c3f944d2b3d36aea399bd53559a64
public_v1,O1,p03510,bundle_pointer_opt,4,67,1277,10,85,85,0,11,6,183,244,183,36,15,2,2,616,180,0,e37bf4814601242a2c3f11a63ae6804b812fa3e24133c2e756216ae42d548725
public_v1,O1,p03510,bundle_standard_opt_3,4,66,1207,12,85,85,0,11,6,185,221,149,35,17,2,2,561,175,0,f775b29265416e3ed0b660bb651b515a5aa25bb8056dae30a1c3bdaa6bc37da1
public_v1,O1,p03510,bundle_storage_delift,4,66,1207,12,85,85,0,11,6,185,221,149,35,17,2,2,561,175,0,f775b29265416e3ed0b660bb651b515a5aa25bb8056dae30a1c3bdaa6bc37da1
public_v1,O1,p03510,bundle_residual_strip,4,66,1207,12,85,85,0,11,6,185,221,149,35,17,2,2,561,175,0,f775b29265416e3ed0b660bb651b515a5aa25bb8056dae30a1c3bdaa6bc37da1
public_v1,O1,p03510,final_clean,4,66,1178,12,85,85,0,11,6,183,202,141,39,16,2,2,532,178,0,0921652600fb748c81ba323e5142a0e081bb019f54c32103fbb73ef1950f93bf
public_v1,O1,p03543,raw_lift,30,126,2386,47,58,53,5,16,0,191,539,30,3,22,0,15,760,775,0,2d768db287ab8cc2d38b314119113e788ef5ebc74a37f3a28cc9fc34f7c904aa
public_v1,O1,p03543,brightened_main,3,13,169,4,12,12,0,0,2,22,39,27,4,7,0,0,90,24,0,fb305053a8fc35203ea3cc1c188187c8ec173342e944ab5f33af62e22e31f70a
public_v1,O1,p03543,bundle_verified_input,3,13,169,4,12,12,0,0,2,22,39,27,4,7,0,0,90,24,0,5d50163926f7177a8dc246667359a9c9aa6bf6353d3d27bc9a9443795ae15d5c
public_v1,O1,p03543,bundle_pointer_opt,3,13,168,4,12,12,0,0,2,22,39,27,3,7,0,0,90,23,0,2c339c20c5ca32dea34caaedb134ff088826a619cb29d1dd9f9f74c3e7fff3ac
public_v1,O1,p03543,bundle_standard_opt_3,3,13,167,4,12,12,0,0,2,22,39,26,3,7,0,0,89,23,0,727e1f1b067bd873dc154fd34d344fa71964e8b8db724ba277f9cf0e13557805
public_v1,O1,p03543,bundle_storage_delift,3,13,167,4,12,12,0,0,2,22,39,26,3,7,0,0,89,23,0,727e1f1b067bd873dc154fd34d344fa71964e8b8db724ba277f9cf0e13557805
public_v1,O1,p03543,bundle_residual_strip,3,13,167,4,12,12,0,0,2,22,39,26,3,7,0,0,89,23,0,727e1f1b067bd873dc154fd34d344fa71964e8b8db724ba277f9cf0e13557805
public_v1,O1,p03543,final_clean,3,13,158,4,12,12,0,0,2,21,31,26,3,7,0,0,80,23,0,2002fbe4759f55ba0932594a990d0740b3c470db96bf93f8fffc42773238eb42
public_v1,O1,p03773,raw_lift,40,483,9644,212,89,84,5,37,0,653,1378,38,16,96,0,9,2069,3777,0,12e26eabb109d7bbe63bdb6e9969d516b64d6607613afeeb24d2b11414782fe0
public_v1,O1,p03773,brightened_main,2,3,14,0,2,2,0,0,2,2,2,0,0,0,0,0,6,2,0,2e0053200ef375e45644b1ec08d6ad8d967faca01aeaab8d5882890918b261d4
public_v1,O1,p03773,bundle_verified_input,2,3,14,0,2,2,0,0,2,2,2,0,0,0,0,0,6,2,0,5b9a76d18b729a225c32c0e6d3bcd4dbcd3369f417f411f75337f7e15de81365
public_v1,O1,p03773,bundle_pointer_opt,2,3,12,0,2,2,0,0,2,2,0,0,0,0,0,0,4,2,0,f06da8d7eed466080f3bfe0f4b4d0c2854d54295b89f3c5dec1eaa35d2399d43
public_v1,O1,p03773,bundle_standard_opt_3,2,3,12,0,2,2,0,0,2,2,0,0,0,0,0,0,4,2,0,475c491049949f84cb05ae7113b97b1a21bc86ba568b5c328a825a78709ba41e
public_v1,O1,p03773,bundle_storage_delift,2,3,12,0,2,2,0,0,2,2,0,0,0,0,0,0,4,2,0,475c491049949f84cb05ae7113b97b1a21bc86ba568b5c328a825a78709ba41e
public_v1,O1,p03773,bundle_residual_strip,2,3,12,0,2,2,0,0,2,2,0,0,0,0,0,0,4,2,0,475c491049949f84cb05ae7113b97b1a21bc86ba568b5c328a825a78709ba41e
public_v1,O1,p03773,final_clean,1,2,11,0,2,2,0,0,2,2,0,0,0,0,0,0,4,2,0,6a971618b07102303508df0c5138eac969a0bdac48d9745cc2263331d4625bcb
public_v1,O1,p03776,raw_lift,31,767,15053,362,103,98,5,35,0,908,2050,43,9,173,0,3,3001,6015,0,4380c0b2cd2460e5d01a01cbf1f0acf652f5e21b34aeaae38a403a477ce8b95c
public_v1,O1,p03776,brightened_main,8,351,4484,20,195,195,0,4,3,692,482,245,47,59,6,0,1422,870,0,261b1e2031e32377f4b2eefec338694f4e1775653712490c85b1086a073c4a0c
public_v1,O1,p03776,bundle_verified_input,8,351,4484,20,195,195,0,4,3,692,482,245,47,59,6,0,1422,870,0,5573c463b13b79af96aecb6b16e5dfafe99460390b3496b99b7cb016f66635f6
public_v1,O1,p03776,bundle_pointer_opt,8,347,4360,20,195,195,0,4,3,679,482,245,47,59,6,0,1409,867,0,5c2a132aae584f1c9f56c091811fa0dbed4b2f4d4245fd09301acc460471b525
public_v1,O1,p03776,bundle_standard_opt_3,8,347,4233,20,195,195,0,4,3,679,482,240,43,59,6,0,1404,828,0,7f8c1b824ddef21cdce7c8b4161a02d876442240981560f7265cce71eb0ec359
public_v1,O1,p03776,bundle_storage_delift,8,347,4233,20,195,195,0,4,3,679,482,240,43,59,6,0,1404,828,0,7f8c1b824ddef21cdce7c8b4161a02d876442240981560f7265cce71eb0ec359
public_v1,O1,p03776,bundle_residual_strip,8,347,4233,20,195,195,0,4,3,679,482,240,43,59,6,0,1404,828,0,7f8c1b824ddef21cdce7c8b4161a02d876442240981560f7265cce71eb0ec359
public_v1,O1,p03776,final_clean,8,341,4109,17,195,195,0,4,3,666,416,218,55,50,6,0,1303,828,0,20b424dd7a9f9c953093c2eca00ec671bd837102c9654a8e890e11da6a7861f8
public_v1,O1,p03835,raw_lift,50,687,13916,300,115,110,5,56,0,1047,2111,80,29,141,0,12,3238,5335,0,b6448d4a54ac92ac356dc889641b0ebe128a199677aa5dc16fc3f8a52f7d4b67
public_v1,O1,p03835,brightened_main,2,7,32,3,2,2,0,0,2,2,0,0,8,3,0,0,4,15,0,8ae2d9727c6c78d18d2744e103116c77474b4de924ea5f4ff448943ff13630a8
public_v1,O1,p03835,bundle_verified_input,2,7,32,3,2,2,0,0,2,2,0,0,8,3,0,0,4,15,0,7eaec8e03f8a30884ad22c0859445d80c9046b79a09b146223fd691a15ebb1b5
public_v1,O1,p03835,bundle_pointer_opt,2,7,32,3,2,2,0,0,2,2,0,0,8,3,0,0,4,15,0,7eaec8e03f8a30884ad22c0859445d80c9046b79a09b146223fd691a15ebb1b5
public_v1,O1,p03835,bundle_standard_opt_3,2,7,32,3,2,2,0,0,2,2,0,0,8,3,0,0,4,15,0,7eaec8e03f8a30884ad22c0859445d80c9046b79a09b146223fd691a15ebb1b5
public_v1,O1,p03835,bundle_storage_delift,2,7,32,3,2,2,0,0,2,2,0,0,8,3,0,0,4,15,0,7eaec8e03f8a30884ad22c0859445d80c9046b79a09b146223fd691a15ebb1b5
public_v1,O1,p03835,bundle_residual_strip,2,7,32,3,2,2,0,0,2,2,0,0,8,3,0,0,4,15,0,7eaec8e03f8a30884ad22c0859445d80c9046b79a09b146223fd691a15ebb1b5
public_v1,O1,p03835,final_clean,1,6,31,3,2,2,0,0,2,2,0,0,8,3,0,0,4,15,0,b0fe9105a5070455b37b14323a2ae7ea28b5de1742a53a3625a5d85f588ec30b
public_v1,O1,p03854,raw_lift,43,328,6667,138,96,91,5,36,0,412,1069,43,11,66,0,15,1524,2571,0,8162416f392a80fcede06e7ff11585d7fbd82afc917fc1eac695f5a74699f194
public_v1,O1,p03854,brightened_main,3,18,70,7,6,6,0,0,0,3,2,7,4,4,1,0,12,24,0,46e2489a015d5d479ab9d6f1b26e9c297a09a853d6ca656d626fb6bcfc5d9835
public_v1,O1,p03854,bundle_verified_input,3,18,70,7,6,6,0,0,0,3,2,7,4,4,1,0,12,24,0,b9fb13893b5c8cb7203952f7ca592cd67fd59df097d23c110e062b976df4dc27
public_v1,O1,p03854,bundle_pointer_opt,3,18,70,7,6,6,0,0,0,3,2,7,4,4,1,0,12,24,0,b9fb13893b5c8cb7203952f7ca592cd67fd59df097d23c110e062b976df4dc27
public_v1,O1,p03854,bundle_standard_opt_3,3,18,70,7,6,6,0,0,0,3,2,7,4,4,1,0,12,24,0,3878a0f76d751f83b21d0441e10d2852ef9d43a49fe46bb3fa8997f7c42d3288
public_v1,O1,p03854,bundle_storage_delift,3,18,70,7,6,6,0,0,0,3,2,7,4,4,1,0,12,24,0,3878a0f76d751f83b21d0441e10d2852ef9d43a49fe46bb3fa8997f7c42d3288
public_v1,O1,p03854,bundle_residual_strip,3,18,70,7,6,6,0,0,0,3,2,7,4,4,1,0,12,24,0,3878a0f76d751f83b21d0441e10d2852ef9d43a49fe46bb3fa8997f7c42d3288
public_v1,O1,p03854,final_clean,3,18,70,7,6,6,0,0,0,3,2,7,4,4,1,0,12,24,0,3d9d71b0e5e68268c677f48c3e8abe7a1a996f4d070449ece99e1e050987935b
public_v1,O1,p04028,raw_lift,31,199,4236,82,62,57,5,18,0,251,407,10,3,35,0,7,668,1566,0,2bc8cbcb88cebd8ad2819e916627cb977afafe438d461331bc5a55d999d474a0
public_v1,O1,p04028,brightened_main,3,29,458,13,13,13,0,0,2,27,62,55,5,17,0,3,146,120,0,c92b5965deeca38ee480c6146d65379f811faba1b7a961cf39b86830bfc9fce9
public_v1,O1,p04028,bundle_verified_input,3,29,458,13,13,13,0,0,2,27,62,55,5,17,0,3,146,120,0,b933fa223a3e4887d2a52e4029a78c244a2d5929f5840e1fe7151fe1036bac84
public_v1,O1,p04028,bundle_pointer_opt,3,28,440,13,13,13,0,0,2,27,62,50,5,17,0,3,141,115,0,49842619780ac11720c4737b14d5b822d88276647b08fd08305ede51037fcd6e
public_v1,O1,p04028,bundle_standard_opt_3,3,23,359,11,13,13,0,0,2,21,60,40,5,13,0,3,123,90,0,d667fa8d8ff4f4d3c79466f13ba29f1914348a2f7eac2c65d1e4023b30e489e5
public_v1,O1,p04028,bundle_storage_delift,3,23,359,11,13,13,0,0,2,21,60,40,5,13,0,3,123,90,0,d667fa8d8ff4f4d3c79466f13ba29f1914348a2f7eac2c65d1e4023b30e489e5
public_v1,O1,p04028,bundle_residual_strip,3,23,359,11,13,13,0,0,2,21,60,40,5,13,0,3,123,90,0,d667fa8d8ff4f4d3c79466f13ba29f1914348a2f7eac2c65d1e4023b30e489e5
public_v1,O1,p04028,final_clean,1,26,309,15,13,13,0,0,1,14,8,9,13,11,0,5,32,105,0,4025a08e35743f74ef7be1ee2e8962d5966ebbbd290045c5f1a0002e04ef560e
public_v1,O2,p00001,raw_lift,33,170,3139,63,67,61,6,21,0,196,526,11,7,30,0,3,733,1168,0,1a17752fd7069e2796e970eac1a5d779b681c443424fd1aeb5c5dd3046b39418
public_v1,O2,p00001,brightened_main,3,23,164,5,13,13,0,4,1,8,49,37,10,2,1,0,95,26,0,6bf8089531b8c4899d13e0aaefab363be704b04a378964e14ce74d8db234538e
public_v1,O2,p00001,bundle_verified_input,3,23,164,5,13,13,0,4,1,8,49,37,10,2,1,0,95,26,0,086c6178ff71374fc715dadd3c142c03413fe8eca71ea24c1d3546e3869d7142
public_v1,O2,p00001,bundle_pointer_opt,3,23,162,5,13,13,0,4,1,8,49,37,9,2,1,0,95,25,0,fe8e0a1cc443d5efff04630aac20b7a99dd2d8d62e50911cc8074c6189083128
public_v1,O2,p00001,bundle_standard_opt_3,3,23,159,5,13,13,0,4,1,8,47,36,8,2,1,0,92,25,0,5174847cc4144dfca6c7f4675717c464bd87bc6694c907d7db8fa01ef411d11f
public_v1,O2,p00001,bundle_storage_delift,3,23,159,5,13,13,0,4,1,8,47,36,8,2,1,0,92,25,0,5174847cc4144dfca6c7f4675717c464bd87bc6694c907d7db8fa01ef411d11f
public_v1,O2,p00001,bundle_residual_strip,3,23,159,5,13,13,0,4,1,8,47,36,8,2,1,0,92,25,0,5174847cc4144dfca6c7f4675717c464bd87bc6694c907d7db8fa01ef411d11f
public_v1,O2,p00001,final_clean,2,22,158,5,13,13,0,4,1,8,47,36,8,2,1,0,92,25,0,c3435a60666570e1ce28cbb71180a38557b46ba94061170a4ae01feb75bdfb85
public_v1,O2,p00008,raw_lift,24,200,3614,86,34,29,5,7,0,217,480,13,3,45,0,3,710,1502,0,241e767720614c0abc3b1d7acdd74b3991292840a9917f391d9dffe4e9162178
public_v1,O2,p00008,brightened_main,2,28,184,19,3,3,0,0,1,49,20,21,2,0,0,0,91,32,0,ca2a93e9087e74e0e821ac18189b495de927bdbddd377a43aaccf43a818f2412
public_v1,O2,p00008,bundle_verified_input,2,28,184,19,3,3,0,0,1,49,20,21,2,0,0,0,91,32,0,1475203944c953cc8092498f8fa61057f841fe114a2c13794d7b3cf6020188d8
public_v1,O2,p00008,bundle_pointer_opt,2,25,166,14,3,3,0,0,1,39,20,28,0,2,0,0,88,28,0,09c49671afe85da0ce2d3eff59f711655e312bbe2e537a271325e534e8e69884
public_v1,O2,p00008,bundle_standard_opt_3,2,25,155,14,3,3,0,0,1,24,20,22,5,13,0,0,67,41,0,ba3a20720d83314fa5411acbe08928af546cd436ab0e9fd820ec2e74d0d8b7dd
public_v1,O2,p00008,bundle_storage_delift,2,25,155,14,3,3,0,0,1,24,20,22,5,13,0,0,67,41,0,ba3a20720d83314fa5411acbe08928af546cd436ab0e9fd820ec2e74d0d8b7dd
public_v1,O2,p00008,bundle_residual_strip,2,25,155,14,3,3,0,0,1,24,20,22,5,13,0,0,67,41,0,ba3a20720d83314fa5411acbe08928af546cd436ab0e9fd820ec2e74d0d8b7dd
public_v1,O2,p00008,final_clean,2,26,157,14,3,3,0,0,1,24,20,22,5,13,0,0,67,42,0,ae6073eccf886c277c1626056ff3c84959d85776e3d97da70d13a65a56bf6a1a
public_v1,O2,p00033,raw_lift,27,231,4099,99,54,49,5,17,0,202,590,14,3,49,0,3,806,1597,0,ac63ece6e04f27f7f81d56ffb6ba64769d108faee472dd93f32cf1d2c692aba6
public_v1,O2,p00033,brightened_main,4,89,539,4,18,18,0,3,13,79,97,67,7,16,2,0,256,79,0,284abda786efc5cfee68b34cbd4899c5e5b92fca514fe943458ba78c64764fc9
public_v1,O2,p00033,bundle_verified_input,4,89,539,4,18,18,0,3,13,79,97,67,7,16,2,0,256,79,0,a75de49cf23415884bfed4e4f527951428a48d9781646ae81f4319d7698b48d6
public_v1,O2,p00033,bundle_pointer_opt,4,88,535,4,18,18,0,3,13,79,97,66,7,16,2,0,255,78,0,0cdb84465765cc23df8618d246fc4c796b84f2953eb879fe90f62c44f4e90d50
public_v1,O2,p00033,bundle_standard_opt_3,4,88,521,4,18,18,0,3,13,79,95,66,7,16,2,0,253,73,0,2d7110bf4923990bfd9bafe8e354e8b21dd67c866d3378d3ecd741c35f51f9cf
public_v1,O2,p00033,bundle_storage_delift,4,88,521,4,18,18,0,3,13,79,95,66,7,16,2,0,253,73,0,2d7110bf4923990bfd9bafe8e354e8b21dd67c866d3378d3ecd741c35f51f9cf
public_v1,O2,p00033,bundle_residual_strip,4,88,521,4,18,18,0,3,13,79,95,66,7,16,2,0,253,73,0,2d7110bf4923990bfd9bafe8e354e8b21dd67c866d3378d3ecd741c35f51f9cf
public_v1,O2,p00033,final_clean,3,90,569,6,18,18,0,3,13,81,110,73,10,17,2,0,277,82,0,963dd347aeba3616a34d74e15fc64541f6d6e4e3cbf39df12122490d3e8b6eca
public_v1,O2,p00165,raw_lift,24,148,2313,60,34,29,5,7,0,159,363,7,3,27,0,3,529,901,0,ed7f361748c31e90e9913f8f989e2010d889cfb13141019a8c850e0452d3e598
public_v1,O2,p00165,brightened_main,3,29,175,16,9,9,0,0,1,37,26,17,6,2,0,0,81,34,0,08b859d071c5df35a2040569f9e9ff51bf28b1d7a9f92523fc87c0703b7a5a82
public_v1,O2,p00165,bundle_verified_input,3,29,175,16,9,9,0,0,1,37,26,17,6,2,0,0,81,34,0,d00f33cc5bca2008492896f4a45513f95ccc5ac74f8f8eda5389a12447c78fa3
public_v1,O2,p00165,bundle_pointer_opt,3,25,165,14,9,9,0,0,1,34,26,15,4,4,0,0,76,33,0,0882e1184d865cfed60f620f0ea1738244b50cd570e5a65a323fc0f4b474f659
public_v1,O2,p00165,bundle_standard_opt_3,3,18,148,10,13,13,0,4,1,22,22,13,7,9,0,0,58,37,0,8917f09f8e2685ead4942d1cb4633e3fc580839d34a2bda8ac87bc9c0c0b6d7b
public_v1,O2,p00165,bundle_storage_delift,3,18,148,10,13,13,0,4,1,22,22,13,7,9,0,0,58,37,0,8917f09f8e2685ead4942d1cb4633e3fc580839d34a2bda8ac87bc9c0c0b6d7b
public_v1,O2,p00165,bundle_residual_strip,3,18,148,10,13,13,0,4,1,22,22,13,7,9,0,0,58,37,0,8917f09f8e2685ead4942d1cb4633e3fc580839d34a2bda8ac87bc9c0c0b6d7b
public_v1,O2,p00165,final_clean,3,18,147,10,12,12,0,3,1,22,22,13,7,9,0,0,58,37,0,d0112a584e733d604a32571e6f58178178875e070787bf2f1c426b50f5616f4c
public_v1,O2,p00327,raw_lift,24,186,3741,79,35,30,5,8,0,186,420,18,3,42,0,3,624,1600,0,7c7094415b505476a616faeedb65d5f3b62fcfdd2f8242f66297f91b955dde3b
public_v1,O2,p00327,brightened_main,4,32,436,19,21,21,0,4,3,44,71,57,22,17,0,0,175,122,0,22292ba959bbc707f6ac3c962f00a7b4f94422abf2e67362364cbc5487890cad
public_v1,O2,p00327,bundle_verified_input,4,32,436,19,21,21,0,4,3,44,71,57,22,17,0,0,175,122,0,822e4bad68c83061870013334b6deefa3a5e2d99ea6df3a3df860c0bb83eb3e6
public_v1,O2,p00327,bundle_pointer_opt,4,32,432,19,21,21,0,4,3,44,71,57,18,17,0,0,175,118,0,01a55523681970e8516c05ff69012d13d4a925851f3ad90f4367496eed465c1c
public_v1,O2,p00327,bundle_standard_opt_3,4,33,421,19,21,21,0,4,3,44,71,56,18,17,0,0,174,114,0,2ff5bfc6815d98fb680b28e1792666edc4a4598dce84f935d92b2ea2159d954e
public_v1,O2,p00327,bundle_storage_delift,4,33,421,19,21,21,0,4,3,44,71,56,18,17,0,0,174,114,0,2ff5bfc6815d98fb680b28e1792666edc4a4598dce84f935d92b2ea2159d954e
public_v1,O2,p00327,bundle_residual_strip,4,33,421,19,21,21,0,4,3,44,71,56,18,17,0,0,174,114,0,2ff5bfc6815d98fb680b28e1792666edc4a4598dce84f935d92b2ea2159d954e
public_v1,O2,p00327,final_clean,4,33,420,19,21,21,0,4,3,44,71,56,18,17,0,0,174,113,0,1dfcf7a0eeb5fcd6a8b46438249b1506c6010573f4d9c40d48e1264c0e26dbc4
public_v1,O2,p00678,raw_lift,28,167,3083,78,60,55,5,18,0,200,552,15,15,30,0,6,767,1132,0,84bc8bf38ee2105603d036da87f960cde9ee388187b0c48d7cec09daa6c7b27d
public_v1,O2,p00678,brightened_main,5,78,1183,18,29,29,0,12,7,91,151,125,88,20,4,3,374,306,0,f18119da63d8b6bf05278b64d5c3467264b196263df71d2f594cac80fb538ae5
public_v1,O2,p00678,bundle_verified_input,5,78,1183,18,29,29,0,12,7,91,151,125,88,20,4,3,374,306,0,4a354adafacb6b2c3675d10cc684a4319d32a64e356db69015acca69a34404df
public_v1,O2,p00678,bundle_pointer_opt,5,78,1183,18,29,29,0,12,7,91,151,125,88,20,4,3,374,306,0,4a354adafacb6b2c3675d10cc684a4319d32a64e356db69015acca69a34404df
public_v1,O2,p00678,bundle_standard_opt_3,5,78,1183,18,29,29,0,12,7,91,151,125,88,20,4,3,374,306,0,3b72bfe06ef13bcfa74fa8b9d816f0174c4be5e5b10e1e0eb016bc382a8ebf78
public_v1,O2,p00678,bundle_storage_delift,5,78,1183,18,29,29,0,12,7,91,151,125,88,20,4,3,374,306,0,3b72bfe06ef13bcfa74fa8b9d816f0174c4be5e5b10e1e0eb016bc382a8ebf78
public_v1,O2,p00678,bundle_residual_strip,5,78,1183,18,29,29,0,12,7,91,151,125,88,20,4,3,374,306,0,3b72bfe06ef13bcfa74fa8b9d816f0174c4be5e5b10e1e0eb016bc382a8ebf78
public_v1,O2,p00678,final_clean,5,78,1183,18,29,29,0,12,7,91,151,125,88,20,4,3,374,306,0,bd3b7d62b1b07e4e8257449b321145d4046187d76fcca761ffaab043cc1f2fae
public_v1,O2,p00693,raw_lift,25,217,3887,93,48,43,5,15,0,202,574,16,3,47,0,3,792,1592,0,3a179320ebcdd1bf6653c1ca9cead83697b6bd1c5ff5cd4c31d5ecac87140adc
public_v1,O2,p00693,brightened_main,5,37,586,18,31,31,0,10,5,47,107,108,20,43,0,0,267,162,0,f4c3aa0bf1d3904f3f4151b94ce8f47df95657f6322dae74791f958c2d82c4b3
public_v1,O2,p00693,bundle_verified_input,5,37,586,18,31,31,0,10,5,47,107,108,20,43,0,0,267,162,0,f095783a85aefbe6e59a45a9a5f0fc34596f426d43bab2005472b0988095afa6
public_v1,O2,p00693,bundle_pointer_opt,5,36,583,18,31,31,0,10,5,47,107,107,20,43,0,0,266,162,0,809a42bcbe6ff8d29852c0d86ef00c8aa80c7b6ec78adf442bbcf8cc96ec1afb
public_v1,O2,p00693,bundle_standard_opt_3,5,35,563,19,32,32,0,10,5,49,111,102,14,44,0,0,267,153,0,d6e3039be121b4eda46c3a2f4018fc5c0d30183f07a56f56bd1debb7b50b8576
public_v1,O2,p00693,bundle_storage_delift,5,35,563,19,32,32,0,10,5,49,111,102,14,44,0,0,267,153,0,d6e3039be121b4eda46c3a2f4018fc5c0d30183f07a56f56bd1debb7b50b8576
public_v1,O2,p00693,bundle_residual_strip,5,35,563,19,32,32,0,10,5,49,111,102,14,44,0,0,267,153,0,d6e3039be121b4eda46c3a2f4018fc5c0d30183f07a56f56bd1debb7b50b8576
public_v1,O2,p00693,final_clean,5,35,563,19,32,32,0,10,5,49,111,102,14,44,0,0,267,153,0,3b1e9760894bad95914f27ae180ef0d411c7c47c5aef13f71e3b0a0ab0a3d0e1
public_v1,O2,p00788,raw_lift,26,153,2815,70,54,49,5,11,0,188,472,9,3,28,0,17,669,1052,0,508c0bbf7072bc9111c0f669f7d587353857794195753e695d8218c8bd85cc28
public_v1,O2,p00788,brightened_main,3,46,397,12,11,11,0,0,3,47,82,53,7,13,1,7,185,84,0,25d25082a484bba2a76a4aa001fc6470ed1a4da643801618fea1164d8e5b5e09
public_v1,O2,p00788,bundle_verified_input,3,46,397,12,11,11,0,0,3,47,82,53,7,13,1,7,185,84,0,8e2da8f3cdfd727bf352676efe4d1b063f78d4477269e4c21c276aa214166aa8
public_v1,O2,p00788,bundle_pointer_opt,3,45,393,12,11,11,0,0,3,47,82,54,7,13,1,7,186,83,0,9dc904ea05027278fb8c87c29a4848696b39018cc8154e870f2e2f5cc48802b2
public_v1,O2,p00788,bundle_standard_opt_3,2,46,383,15,11,11,0,0,3,47,96,46,7,14,1,9,192,74,0,11465535743d7559b9db2fe98b724b93f1246864509ea8baa4ee1b3c2f5ac7df
public_v1,O2,p00788,bundle_storage_delift,2,46,383,15,11,11,0,0,3,47,96,46,7,14,1,9,192,74,0,11465535743d7559b9db2fe98b724b93f1246864509ea8baa4ee1b3c2f5ac7df
public_v1,O2,p00788,bundle_residual_strip,2,46,383,15,11,11,0,0,3,47,96,46,7,14,1,9,192,74,0,11465535743d7559b9db2fe98b724b93f1246864509ea8baa4ee1b3c2f5ac7df
public_v1,O2,p00788,final_clean,2,45,204,15,11,11,0,0,8,4,9,0,29,6,1,9,21,77,0,c4d3c26b361d1ea7bb5937bdab7357fe4fae0d30ab0870c84bc0ad780510911d
public_v1,O2,p00793,raw_lift,31,162,3671,76,67,62,5,22,0,374,736,43,14,26,0,7,1153,1167,0,049fa2556787982324b07d8a3223b30fa4bbcfbd315ecf3745236f9e8141eaeb
public_v1,O2,p00793,brightened_main,9,102,4972,42,97,97,0,34,6,619,2429,136,430,14,9,4,3190,926,0,b721926ddc51ecb44a72df03f9e3f80cd79af0d0dbe5bbd93030d03b885ac430
public_v1,O2,p00793,bundle_verified_input,9,102,4972,42,97,97,0,34,6,619,2429,136,430,14,9,4,3190,926,0,a7a3a4b4b4839c6adb30cb6aa4d8c3fef1c3caa60e50db533cb2d30eacc5923b
public_v1,O2,p00793,bundle_pointer_opt,9,102,4972,42,97,97,0,34,6,619,2429,136,430,14,9,4,3190,926,0,a7a3a4b4b4839c6adb30cb6aa4d8c3fef1c3caa60e50db533cb2d30eacc5923b
public_v1,O2,p00793,bundle_standard_opt_3,9,102,4825,42,97,97,0,34,6,598,2301,136,430,14,9,4,3041,928,0,0167bcb4d9b66d8090d32532773445797f4a8342a582cc6c79f15f2e6b66dc59
public_v1,O2,p00793,bundle_storage_delift,9,102,4825,42,97,97,0,34,6,598,2301,136,430,14,9,4,3041,928,0,0167bcb4d9b66d8090d32532773445797f4a8342a582cc6c79f15f2e6b66dc59
public_v1,O2,p00793,bundle_residual_strip,9,102,4825,42,97,97,0,34,6,598,2301,136,430,14,9,4,3041,928,0,0167bcb4d9b66d8090d32532773445797f4a8342a582cc6c79f15f2e6b66dc59
public_v1,O2,p00793,final_clean,9,102,4798,42,97,97,0,34,6,598,2274,136,430,14,9,4,3014,928,0,ed55a7b96df1ef453ddadb95bddc00ea26db8000f75007122f2734341502d6e4
public_v1,O2,p00859,raw_lift,37,245,4458,97,80,73,7,25,0,299,720,32,5,47,0,3,1051,1694,0,9c2db843153b25753dc495b08057cb4d545dd8640d23069e05395933a4855287
public_v1,O2,p00859,brightened_main,7,93,1195,5,40,40,0,0,1,131,175,103,34,19,2,0,410,266,0,e03d246b3a049e57cc0ad67a20c94b4d7518a382e3471d6828a7bf5add0a06f5
public_v1,O2,p00859,bundle_verified_input,7,93,1195,5,40,40,0,0,1,131,175,103,34,19,2,0,410,266,0,e1cde1c1885fba15a16cd74320308dfe7765fb4972ac0caeb3583b238246f960
public_v1,O2,p00859,bundle_pointer_opt,7,91,1183,5,40,40,0,0,1,131,175,106,34,19,2,0,413,262,0,08958f28a5026f98f933ab51a65363886d5b9160a4a12a2cc124030f3f2851a1
public_v1,O2,p00859,bundle_standard_opt_3,7,91,863,6,41,41,0,0,1,96,166,90,33,19,2,0,353,176,0,c992656d416d398f7d776d6358a8f9ebfe75a74b2c85adf656a9b59135b16151
public_v1,O2,p00859,bundle_storage_delift,7,91,863,6,41,41,0,0,1,96,166,90,33,19,2,0,353,176,0,c992656d416d398f7d776d6358a8f9ebfe75a74b2c85adf656a9b59135b16151
public_v1,O2,p00859,bundle_residual_strip,7,91,863,6,41,41,0,0,1,96,166,90,33,19,2,0,353,176,0,c992656d416d398f7d776d6358a8f9ebfe75a74b2c85adf656a9b59135b16151
public_v1,O2,p00859,final_clean,7,91,847,6,41,41,0,0,1,96,164,76,33,19,2,0,337,176,0,c9803e2dc43f00f65d442df8a7922e9c44bba5f5e58dbda11f2cfc44881df127
public_v1,O2,p00867,raw_lift,39,779,16443,356,139,134,5,51,0,1111,2277,100,13,199,0,3,3488,6642,0,7cea5cb9769a0b0359a5f256b39df12671ca3cf42206d9ef6e48dbbd6b0d63eb
public_v1,O2,p00867,brightened_main,14,382,5700,36,133,133,0,0,1,724,750,474,139,103,8,0,1949,1283,0,53e29e64a1bc982380122bc2c8ffc98110387967e4810d7239c59aef821133fd
public_v1,O2,p00867,bundle_verified_input,14,382,5700,36,133,133,0,0,1,724,750,474,139,103,8,0,1949,1283,0,47d6b329e2cf4dfed65eb93baf5d67eadf2d15b956056979de0030feb9e22cbb
public_v1,O2,p00867,bundle_pointer_opt,14,376,5581,36,133,133,0,0,1,724,750,464,137,103,8,0,1939,1278,0,726fa9b88547146802de2a35cdb41a8a077510b3bc134037ecbd5ae2d5c34b48
public_v1,O2,p00867,bundle_standard_opt_3,14,366,4997,37,133,133,0,0,1,718,543,354,125,101,8,0,1616,1201,0,4eaa4bbb8ba6df24415a01ebe33fa83c29295ed8e27cd7c8ea6e87e9ff87359c
public_v1,O2,p00867,bundle_storage_delift,14,366,4997,37,133,133,0,0,1,718,543,354,125,101,8,0,1616,1201,0,4eaa4bbb8ba6df24415a01ebe33fa83c29295ed8e27cd7c8ea6e87e9ff87359c
public_v1,O2,p00867,bundle_residual_strip,14,366,4997,37,133,133,0,0,1,718,543,354,125,101,8,0,1616,1201,0,4eaa4bbb8ba6df24415a01ebe33fa83c29295ed8e27cd7c8ea6e87e9ff87359c
public_v1,O2,p00867,final_clean,15,368,4909,37,135,135,0,0,1,717,543,319,123,98,8,0,1580,1193,0,c38beb7a56dd0a5fb1d8f770a79e4dab891dcb19431c4e040adb576081827662
public_v1,O2,p01296,raw_lift,35,653,14249,301,142,137,5,58,0,909,2031,54,5,156,0,6,2994,5874,0,8a6c0b46553906490109a62755152b979707623a2e275b427db75b28bf994041
public_v1,O2,p01296,brightened_main,10,269,3947,31,229,229,0,0,1,567,502,267,58,53,7,2,1337,804,0,a945601a2269943b18ef385be25fa32707f935ce4d038308d1c91a9d45280556
public_v1,O2,p01296,bundle_verified_input,10,269,3947,31,229,229,0,0,1,567,502,267,58,53,7,2,1337,804,0,60c7cd979a5ca4749d87839964a2163ccc4313b562a1a0608af7a6ee6583bca7
public_v1,O2,p01296,bundle_pointer_opt,10,262,3843,31,229,229,0,0,1,559,502,257,57,53,7,2,1319,793,0,b222cfa094aa3c191c50f192d6cc37fbfce310e45a559b6349d4cece5d40ea34
public_v1,O2,p01296,bundle_standard_opt_3,9,249,2269,32,220,220,0,0,1,424,318,194,58,53,7,2,937,455,0,7e3472811d331796ca153e077095edaefeda05ab0328dddb41de89ec79d3e44b
public_v1,O2,p01296,bundle_storage_delift,9,249,2269,32,220,220,0,0,1,424,318,194,58,53,7,2,937,455,0,7e3472811d331796ca153e077095edaefeda05ab0328dddb41de89ec79d3e44b
public_v1,O2,p01296,bundle_residual_strip,9,249,2269,32,220,220,0,0,1,424,318,194,58,53,7,2,937,455,0,7e3472811d331796ca153e077095edaefeda05ab0328dddb41de89ec79d3e44b
public_v1,O2,p01296,final_clean,9,233,2237,33,220,220,0,0,1,421,314,194,67,53,8,2,930,458,0,cad33060aef71a9f136a99d215025e95ac952bea57816e978d33cd216c9d1d5a
public_v1,O2,p01315,raw_lift,28,189,4160,77,66,61,5,23,0,289,652,35,3,37,0,3,976,1593,0,13142aa2549e673ac52c7185ad8a17dc2d42c206ac66327eae44911795515468
public_v1,O2,p01315,brightened_main,6,37,778,15,67,67,0,11,6,97,143,126,31,24,0,0,372,165,0,92ae0c99967c156337b53bc9ad7fde7ffb47067944ecd2f5a7f6b3275cc86fbb
public_v1,O2,p01315,bundle_verified_input,6,37,778,15,67,67,0,11,6,97,143,126,31,24,0,0,372,165,0,9da435df662dd86b010f55d3228e2ba3771eb12ce4b205507be82d8d3aff8f40
public_v1,O2,p01315,bundle_pointer_opt,6,35,765,15,67,67,0,11,6,96,143,124,31,24,0,0,369,163,0,44b2eb003b72b188dd779c8c69bdee4abce0d96de03d8be651024ddecca28793
public_v1,O2,p01315,bundle_standard_opt_3,6,35,765,16,69,69,0,11,6,100,145,121,36,25,0,0,372,164,0,c1e45a473199bbd756e1ca019817abb74095f655286c924093b30f8708e2b5de
public_v1,O2,p01315,bundle_storage_delift,6,35,765,16,69,69,0,11,6,100,145,121,36,25,0,0,372,164,0,c1e45a473199bbd756e1ca019817abb74095f655286c924093b30f8708e2b5de
public_v1,O2,p01315,bundle_residual_strip,6,35,765,16,69,69,0,11,6,100,145,121,36,25,0,0,372,164,0,c1e45a473199bbd756e1ca019817abb74095f655286c924093b30f8708e2b5de
public_v1,O2,p01315,final_clean,6,35,769,16,71,71,0,11,6,107,160,130,19,22,0,0,403,136,0,f0269254ef2f506c1acbca0e1c2d35a982e31b366f3e7c747905abaac5b58cb4
public_v1,O2,p01571,raw_lift,43,611,13195,273,116,110,6,40,0,1023,1865,138,17,138,0,3,3026,5227,0,1591616c29b1fbd3a5b8463161afafc19bcc35f8093e24e0f9526b9a22582fe2
public_v1,O2,p01571,brightened_main,19,284,4351,24,270,270,0,10,6,701,498,400,126,68,9,0,1605,942,0,e1751751220f249d7e6244acaacc3322b7fcff8a27bda4184c6e1ec310392e9b
public_v1,O2,p01571,bundle_verified_input,19,284,4351,24,270,270,0,10,6,701,498,400,126,68,9,0,1605,942,0,38456f07e45eb5b85542d104ed76665dd932da8ec911ebe2944b6efe1e3955ed
public_v1,O2,p01571,bundle_pointer_opt,19,273,4231,23,268,268,0,8,5,697,485,378,125,67,9,0,1565,932,0,4d9d48a9030126ccedba0dbf54f7152a8b6ce27d5f59ef5a96a1b3c89540ebfd
public_v1,O2,p01571,bundle_standard_opt_3,19,274,3510,24,269,269,0,9,5,633,397,347,116,68,9,0,1382,759,0,2d42131c0bc0528f1a0fd37850cd2f7a82dd2e803e3aa6cfccb14eb8bd6a6352
public_v1,O2,p01571,bundle_storage_delift,19,274,3510,24,269,269,0,9,5,633,397,347,116,68,9,0,1382,759,0,2d42131c0bc0528f1a0fd37850cd2f7a82dd2e803e3aa6cfccb14eb8bd6a6352
public_v1,O2,p01571,bundle_residual_strip,19,274,3510,24,269,269,0,9,5,633,397,347,116,68,9,0,1382,759,0,2d42131c0bc0528f1a0fd37850cd2f7a82dd2e803e3aa6cfccb14eb8bd6a6352
public_v1,O2,p01571,final_clean,19,274,3244,24,269,269,0,9,5,615,397,335,106,68,9,0,1352,682,0,ffd3d3c243c7bba6154e98e42213b23cb8522352fe5c12db556e1d19578fe405
public_v1,O2,p01687,raw_lift,31,166,2708,64,53,48,5,13,0,163,443,12,5,36,0,3,618,1030,0,4ec01ceec8256795666ffc75d2faca41e5dd26c1506c2e5656a7d1ae03b74a01
public_v1,O2,p01687,brightened_main,4,50,630,15,10,10,0,0,1,54,78,112,15,68,1,0,245,209,0,6fd7379961784413934469bd2aba5cb4efeaa5893d4c3cd47590347d14b4266b
public_v1,O2,p01687,bundle_verified_input,4,50,630,15,10,10,0,0,1,54,78,112,15,68,1,0,245,209,0,2a5c6159f7854c5eef26392139cddb5be03b78fee62a9767c29382ba12e702ba
public_v1,O2,p01687,bundle_pointer_opt,4,49,627,15,10,10,0,0,1,54,78,111,15,68,1,0,244,209,0,c2bcdd93f9e6a579e7c941ec31838323d50996a861ca7b0b30f3a226b5c359ce
public_v1,O2,p01687,bundle_standard_opt_3,3,46,539,15,9,9,0,0,1,47,66,91,7,64,1,0,205,183,0,511d4e9ef059800976a52cf7b78ab628b7f2bf7c17b20a53db23888a88b727aa
public_v1,O2,p01687,bundle_storage_delift,3,46,539,15,9,9,0,0,1,47,66,91,7,64,1,0,205,183,0,511d4e9ef059800976a52cf7b78ab628b7f2bf7c17b20a53db23888a88b727aa
public_v1,O2,p01687,bundle_residual_strip,3,46,539,15,9,9,0,0,1,47,66,91,7,64,1,0,205,183,0,511d4e9ef059800976a52cf7b78ab628b7f2bf7c17b20a53db23888a88b727aa
public_v1,O2,p01687,final_clean,3,46,343,15,9,9,0,0,1,37,56,42,6,24,1,0,136,97,0,214ce95d54edcd0e6651a2297229332f5c1f0a659e19dab89605869e8056a29c
public_v1,O2,p01766,raw_lift,26,144,2584,57,43,38,5,10,0,149,358,43,3,28,0,3,550,994,0,c2308046eb5f1d068574e0f8fd7a7ae67b0d5ef46da68c8ddd4de78b1ed33ddd
public_v1,O2,p01766,brightened_main,2,23,291,11,13,13,0,9,6,22,48,67,7,10,0,0,143,61,0,11392be3c370adb63cb4c9e6b5b0ced84177aeda08634838d054908717ff3895
public_v1,O2,p01766,bundle_verified_input,2,23,291,11,13,13,0,9,6,22,48,67,7,10,0,0,143,61,0,63fae5853860f1360273ac113ab04cb52998b726ad758abe0ac3a92e855db3da
public_v1,O2,p01766,bundle_pointer_opt,2,22,290,11,13,13,0,9,6,22,48,67,7,10,0,0,143,61,0,98d0baeb76c4089586fe58cbf4d521f5781e1da4c48ec25f7faa05d73d0940c9
public_v1,O2,p01766,bundle_standard_opt_3,2,22,290,11,13,13,0,9,6,22,48,67,7,10,0,0,143,61,0,98d0baeb76c4089586fe58cbf4d521f5781e1da4c48ec25f7faa05d73d0940c9
public_v1,O2,p01766,bundle_storage_delift,2,22,290,11,13,13,0,9,6,22,48,67,7,10,0,0,143,61,0,98d0baeb76c4089586fe58cbf4d521f5781e1da4c48ec25f7faa05d73d0940c9
public_v1,O2,p01766,bundle_residual_strip,2,22,290,11,13,13,0,9,6,22,48,67,7,10,0,0,143,61,0,98d0baeb76c4089586fe58cbf4d521f5781e1da4c48ec25f7faa05d73d0940c9
public_v1,O2,p01766,final_clean,2,22,290,11,13,13,0,9,6,22,48,67,7,10,0,0,143,61,0,81075e329f784c6dbf451f2e38569c5d6bf6c54f91b6f86b597306314420dfe2
public_v1,O2,p01970,raw_lift,27,199,3585,82,46,41,5,13,0,185,496,34,5,42,0,3,715,1433,0,8fc35cc26657006371bbe31bcd544b306024bdb3eb0ab8596272c1508962bc83
public_v1,O2,p01970,brightened_main,2,68,294,4,6,6,0,0,0,19,13,23,27,13,2,0,55,93,0,34f20c2430fd5e728a6e3a1d7fdb354f0c37b043c057c9cc0147d60d6a1cd62e
public_v1,O2,p01970,bundle_verified_input,2,68,294,4,6,6,0,0,0,19,13,23,27,13,2,0,55,93,0,e18d165ee0740cfd6eaeb7de8f7c916ee42baf72fb9fcf4f7c7fd798b4359ec4
public_v1,O2,p01970,bundle_pointer_opt,2,68,294,4,6,6,0,0,0,19,13,23,27,13,2,0,55,93,0,e18d165ee0740cfd6eaeb7de8f7c916ee42baf72fb9fcf4f7c7fd798b4359ec4
public_v1,O2,p01970,bundle_standard_opt_3,2,68,294,4,6,6,0,0,0,19,13,23,27,13,2,0,55,93,0,070fd5e6236a3d073cd68a48ad810610e6d6022004e01e6c7dd61c67913f5023
public_v1,O2,p01970,bundle_storage_delift,2,68,294,4,6,6,0,0,0,19,13,23,27,13,2,0,55,93,0,070fd5e6236a3d073cd68a48ad810610e6d6022004e01e6c7dd61c67913f5023
public_v1,O2,p01970,bundle_residual_strip,2,68,294,4,6,6,0,0,0,19,13,23,27,13,2,0,55,93,0,070fd5e6236a3d073cd68a48ad810610e6d6022004e01e6c7dd61c67913f5023
public_v1,O2,p01970,final_clean,2,68,294,4,6,6,0,0,0,19,13,23,27,13,2,0,55,93,0,0798df2984c714979f87bd9f9289bcebe88b4c7f300687e0ed060cd8838b1df5
public_v1,O2,p02029,raw_lift,30,295,5775,126,75,70,5,25,0,415,860,58,7,64,0,3,1333,2263,0,5d6edbe855ff5485dffce8ef6cb579227584e78c52079356622604ba53105b0b
public_v1,O2,p02029,brightened_main,7,133,1561,8,89,89,0,0,1,228,256,148,46,26,3,0,633,322,0,0543ee62bf68aa7f96b173d838dec2961235fce04485805fa04a2df3c0e75637
public_v1,O2,p02029,bundle_verified_input,7,133,1561,8,89,89,0,0,1,228,256,148,46,26,3,0,633,322,0,78c677150571145ed0946084b4351d1d70f81f268bb06d1dfa510ed18f178dc5
public_v1,O2,p02029,bundle_pointer_opt,7,129,1528,8,89,89,0,0,1,226,256,150,46,26,3,0,633,318,0,808b7653fe0b5ceb8f31a4f2a6b927a3880fc96ec9214b1dc471142b2c7f853b
public_v1,O2,p02029,bundle_standard_opt_3,7,130,1374,9,92,92,0,0,1,217,245,139,47,26,3,0,602,266,0,6081dd7ec0b64dbe67732f6b10adc328ead4e7a5b1a87dee8c76122ae17bcb49
public_v1,O2,p02029,bundle_storage_delift,7,130,1374,9,92,92,0,0,1,217,245,139,47,26,3,0,602,266,0,6081dd7ec0b64dbe67732f6b10adc328ead4e7a5b1a87dee8c76122ae17bcb49
public_v1,O2,p02029,bundle_residual_strip,7,130,1374,9,92,92,0,0,1,217,245,139,47,26,3,0,602,266,0,6081dd7ec0b64dbe67732f6b10adc328ead4e7a5b1a87dee8c76122ae17bcb49
public_v1,O2,p02029,final_clean,7,130,1355,9,92,92,0,0,1,217,245,120,47,26,3,0,583,266,0,a833fc615f1381b3e9d6243a6e967b295ee1ca251fc50d0ff5a4e8e83b65d325
public_v1,O2,p02100,raw_lift,27,147,2215,56,43,38,5,12,0,151,372,13,3,25,0,3,536,818,0,033500d31a0c4456a162121746a7e37b40af9903d85aaa1b16fdaf21db16c739
public_v1,O2,p02100,brightened_main,4,43,391,10,21,21,0,0,1,42,79,54,20,18,1,0,176,88,0,e3e1c24725dd94645fb23de39a780c7456927ae2e6a5381927b689acace6e902
public_v1,O2,p02100,bundle_verified_input,4,43,391,10,21,21,0,0,1,42,79,54,20,18,1,0,176,88,0,206f9113b048d7e6e7f4f22ef0684df985d52a1786d898d44ae6e26ffa87ac6e
public_v1,O2,p02100,bundle_pointer_opt,4,42,388,10,21,21,0,0,1,42,79,57,20,18,1,0,179,88,0,32a2c9e7e83193a8c8220e0b7b6c6ed10a131335a5f6fc3d03b43b02aea8015d
public_v1,O2,p02100,bundle_standard_opt_3,3,41,359,10,19,19,0,0,1,39,77,52,14,20,1,0,169,81,0,c9dc2a7325ac756f13db2700e3684e32f10219004b360ea01582f4e9610d6909
public_v1,O2,p02100,bundle_storage_delift,3,41,359,10,19,19,0,0,1,39,77,52,14,20,1,0,169,81,0,c9dc2a7325ac756f13db2700e3684e32f10219004b360ea01582f4e9610d6909
public_v1,O2,p02100,bundle_residual_strip,3,41,359,10,19,19,0,0,1,39,77,52,14,20,1,0,169,81,0,c9dc2a7325ac756f13db2700e3684e32f10219004b360ea01582f4e9610d6909
public_v1,O2,p02100,final_clean,4,43,309,10,15,15,0,0,1,28,72,42,13,14,1,0,143,66,0,5f8ef3c228eb238a1db59f9be589c9b6dfefc735c58212ab41fd11fa6fac0ed4
public_v1,O2,p02289,raw_lift,34,460,8947,205,102,97,5,43,0,563,1306,19,11,102,0,5,1888,3625,0,9395d343108753e6c31709db378db938c8ddfe2b7dd296336f79c5e95354b282
public_v1,O2,p02289,brightened_main,7,220,1925,9,138,138,0,0,2,285,310,152,75,34,7,0,749,349,0,cc1d47ec1fc8638876af18275d28a234c76e63335c7abb3a235a0c1e855e9729
public_v1,O2,p02289,bundle_verified_input,7,220,1925,9,138,138,0,0,2,285,310,152,75,34,7,0,749,349,0,ad4449e05322becaa467bd861d4f4fb1db1a2dab222ee60608e0664db754c74e
public_v1,O2,p02289,bundle_pointer_opt,7,216,1888,9,138,138,0,0,2,284,310,148,75,34,7,0,744,346,0,c1bc8e2ff5fe7c7539f8581452ae973a8e99f831c9eed92650cbfe5e3db56438
public_v1,O2,p02289,bundle_standard_opt_3,6,217,1766,13,137,137,0,0,2,282,317,153,72,34,7,0,754,300,0,115564e05ef0892d27906ddd07a516ba0183884eef816c509be78dfd460ec68c
public_v1,O2,p02289,bundle_storage_delift,6,217,1766,13,137,137,0,0,2,282,317,153,72,34,7,0,754,300,0,115564e05ef0892d27906ddd07a516ba0183884eef816c509be78dfd460ec68c
public_v1,O2,p02289,bundle_residual_strip,6,217,1766,13,137,137,0,0,2,282,317,153,72,34,7,0,754,300,0,115564e05ef0892d27906ddd07a516ba0183884eef816c509be78dfd460ec68c
public_v1,O2,p02289,final_clean,6,217,1611,13,136,136,0,0,2,268,317,130,75,34,7,0,717,274,0,8ac8ef6db80a90e19b78cc8e24f4920fa41e18c8690b34b9d674bfad1c91bcd3
public_v1,O2,p02474,raw_lift,26,184,3373,79,53,48,5,16,0,167,488,27,3,36,0,7,682,1329,0,ee6fd8bc71229519b27ce4ac1a7686d167aa9a10947a660d3b82d7bb8e391bb9
public_v1,O2,p02474,brightened_main,2,22,142,12,6,6,0,0,0,13,5,15,12,3,0,0,33,45,0,b1e6f131c90f4373240bcb93ea1c4cf1613032b7a4e4dd793a10a0a53e1d8451
public_v1,O2,p02474,bundle_verified_input,2,22,142,12,6,6,0,0,0,13,5,15,12,3,0,0,33,45,0,4916f853ac098b47fb9d1f9a45a5c4cf1a96d69d25ea1e30e8dcc9da9b27cb4b
public_v1,O2,p02474,bundle_pointer_opt,2,22,142,12,6,6,0,0,0,13,5,15,12,3,0,0,33,45,0,4916f853ac098b47fb9d1f9a45a5c4cf1a96d69d25ea1e30e8dcc9da9b27cb4b
public_v1,O2,p02474,bundle_standard_opt_3,2,22,141,12,6,6,0,0,0,13,5,15,12,3,0,0,33,44,0,b31539e22324d226fb89ed367f3a10a4d48d9743e114d64f6d433ecbd21522ec
public_v1,O2,p02474,bundle_storage_delift,2,22,141,12,6,6,0,0,0,13,5,15,12,3,0,0,33,44,0,b31539e22324d226fb89ed367f3a10a4d48d9743e114d64f6d433ecbd21522ec
public_v1,O2,p02474,bundle_residual_strip,2,22,141,12,6,6,0,0,0,13,5,15,12,3,0,0,33,44,0,b31539e22324d226fb89ed367f3a10a4d48d9743e114d64f6d433ecbd21522ec
public_v1,O2,p02474,final_clean,2,22,141,12,6,6,0,0,0,13,5,15,12,3,0,0,33,44,0,e53002a7906454e5a669b9bedb51526a1e44ce85f433402d28d38c7d187b1d8d
public_v1,O2,p02477,raw_lift,33,1103,20673,548,124,119,5,48,0,1227,2722,15,5,258,0,39,3964,8530,0,c02bfc9682f06038a745eccb070c74e155259f923716028ead82b8994558bdf8
public_v1,O2,p02477,brightened_main,5,132,1421,10,49,49,0,0,1,186,197,79,47,23,3,0,463,319,0,2ba3fd7cca3c4918bec2b056b5beb3f2e8dc2eb7e61cf5ff93c3e476486f57bf
public_v1,O2,p02477,bundle_verified_input,5,132,1421,10,49,49,0,0,1,186,197,79,47,23,3,0,463,319,0,636f1b43ef5ea3094042e7873aa515d49a76aeb6b762ab05e3a2d9cc9637d75b
public_v1,O2,p02477,bundle_pointer_opt,5,130,1395,10,49,49,0,0,1,186,197,79,46,23,3,0,463,316,0,1ac39776992e76adec44a5f5047e2acf8e50d153b84ff2f6ea21dc3dd000f889
public_v1,O2,p02477,bundle_standard_opt_3,5,129,1367,11,47,47,0,0,1,184,199,69,49,22,3,0,453,311,0,4a1ae16dda8a18771b7d9c23b4e7c53eb065919511fb8fd0860a1c07299a28fc
public_v1,O2,p02477,bundle_storage_delift,5,129,1367,11,47,47,0,0,1,184,199,69,49,22,3,0,453,311,0,4a1ae16dda8a18771b7d9c23b4e7c53eb065919511fb8fd0860a1c07299a28fc
public_v1,O2,p02477,bundle_residual_strip,5,129,1367,11,47,47,0,0,1,184,199,69,49,22,3,0,453,311,0,4a1ae16dda8a18771b7d9c23b4e7c53eb065919511fb8fd0860a1c07299a28fc
public_v1,O2,p02477,final_clean,5,129,1361,11,47,47,0,0,1,183,199,64,49,22,3,0,447,311,0,38efaded77a5a349bb85fef5e346b186ce414dbb4cb60c3213a85e742363e8b8
public_v1,O2,p02788,raw_lift,31,315,7265,136,101,96,5,37,0,564,1143,50,11,66,0,7,1757,2704,0,b1c1271f7e398275cdce5cbf14a3162088963c1c7c16948f972d0cc2fef89546
public_v1,O2,p02788,brightened_main,7,155,2267,29,95,95,0,0,1,343,285,269,90,25,5,4,898,467,0,c31c30f737072b47a83807a35cb693a28894601100705942986c6beaff00f6a3
public_v1,O2,p02788,bundle_verified_input,7,155,2267,29,95,95,0,0,1,343,285,269,90,25,5,4,898,467,0,cf87d84e178ac913bfeb23436aff315bd5418115b75fb37ee43433290f85d1be
public_v1,O2,p02788,bundle_pointer_opt,7,129,1957,26,91,91,0,0,1,297,258,236,58,24,3,4,792,397,0,afcbbea0826b932c487a5ebab56b878b58e09811888200ab4427db8a7d198ebd
public_v1,O2,p02788,bundle_standard_opt_3,7,128,1796,25,91,91,0,0,1,275,221,192,63,24,3,4,689,373,0,282be45c5a1e74d03ad20708d6075311179e9a2f0a4b23e658be07a473400569
public_v1,O2,p02788,bundle_storage_delift,7,128,1796,25,91,91,0,0,1,275,221,192,63,24,3,4,689,373,0,282be45c5a1e74d03ad20708d6075311179e9a2f0a4b23e658be07a473400569
public_v1,O2,p02788,bundle_residual_strip,7,128,1796,25,91,91,0,0,1,275,221,192,63,24,3,4,689,373,0,282be45c5a1e74d03ad20708d6075311179e9a2f0a4b23e658be07a473400569
public_v1,O2,p02788,final_clean,7,128,1786,25,91,91,0,0,1,275,221,182,63,24,3,4,679,373,0,7f647e5a7c694b72fe767caedc71a8f0d4b251344be67783c281fb35cc3a6f9b
public_v1,O2,p02814,raw_lift,36,210,4450,96,103,97,6,30,0,331,791,41,9,33,0,26,1163,1569,0,fff83af103eab2b85e842ffee9abf5dfca8b8ad3d622419c0e39e04f6a026681
public_v1,O2,p02814,brightened_main,8,84,1113,26,106,106,0,13,7,138,224,178,28,23,1,16,547,198,0,8e72966ec3654b22827c77eba7c08b621e1d79137776d7e6321728a940f5608d
public_v1,O2,p02814,bundle_verified_input,8,84,1113,26,106,106,0,13,7,138,224,178,28,23,1,16,547,198,0,65d68901c8cb30c529b14099d0ba4135801f316f37072054ce1e05f197a047b5
public_v1,O2,p02814,bundle_pointer_opt,8,82,1083,26,106,106,0,13,7,133,224,174,28,23,1,16,538,197,0,e92ecd6c20c5c4b3a1f2fb9f7ab584c1bb210ad654c77c1556f4a07b00af12c8
public_v1,O2,p02814,bundle_standard_opt_3,8,81,996,26,107,107,0,13,7,128,183,148,30,21,1,16,466,194,0,e7a55b39f793e90427a29fec57cdf6efa545cba4555e7add272c02d0e3602303
public_v1,O2,p02814,bundle_storage_delift,8,81,996,26,107,107,0,13,7,128,183,148,30,21,1,16,466,194,0,e7a55b39f793e90427a29fec57cdf6efa545cba4555e7add272c02d0e3602303
public_v1,O2,p02814,bundle_residual_strip,8,81,996,26,107,107,0,13,7,128,183,148,30,21,1,16,466,194,0,e7a55b39f793e90427a29fec57cdf6efa545cba4555e7add272c02d0e3602303
public_v1,O2,p02814,final_clean,8,81,991,26,102,102,0,13,7,125,183,150,30,21,1,16,465,193,0,f21b83fa1ee27a0fb768e74225725a07a8842ff01859965906e60e6991048c0b
public_v1,O2,p02950,raw_lift,25,263,5340,137,96,91,5,30,0,284,833,16,3,52,0,31,1133,2070,0,d2a880c2500da3a81d73c7cb769d7d11e3fb7747855f57d7b97b4c785903f0f0
public_v1,O2,p02950,brightened_main,4,104,785,28,46,46,0,0,1,108,91,69,7,17,1,24,269,172,0,4b68d891f168e0b3477017d0362993b58244cd397503676dbe75091d528db858
public_v1,O2,p02950,bundle_verified_input,4,104,785,28,46,46,0,0,1,108,91,69,7,17,1,24,269,172,0,e87229bee43a52c230e9e3979efbd79178c5dc163457f9efca6c95be4ab86ba0
public_v1,O2,p02950,bundle_pointer_opt,4,103,780,28,46,46,0,0,1,108,91,71,7,17,1,24,271,172,0,7c61840236a22b076f3a10a77df0806354462efae38ba5065da2dd8e9802ff70
public_v1,O2,p02950,bundle_standard_opt_3,4,102,728,29,47,47,0,0,1,108,96,56,4,18,1,24,261,157,0,b1af72ef3b36ab7841e10696b6cb74d0faac4f90ff4459735d40aadb7986ebff
public_v1,O2,p02950,bundle_storage_delift,4,102,728,29,47,47,0,0,1,108,96,56,4,18,1,24,261,157,0,b1af72ef3b36ab7841e10696b6cb74d0faac4f90ff4459735d40aadb7986ebff
public_v1,O2,p02950,bundle_residual_strip,4,102,728,29,47,47,0,0,1,108,96,56,4,18,1,24,261,157,0,b1af72ef3b36ab7841e10696b6cb74d0faac4f90ff4459735d40aadb7986ebff
public_v1,O2,p02950,final_clean,4,102,722,29,47,47,0,0,1,108,96,50,4,18,1,24,255,157,0,1e477628a9129e8d839e3568d4ca18fa45e30f177e1924364e5a572afbe64270
public_v1,O2,p03006,raw_lift,85,1071,22007,520,267,258,9,118,0,1598,3506,107,23,201,0,76,5211,8246,6,49aaee6e8d74c82a0b38cae763a179a317b0070cea4b9ae49764eb5e276597fe
public_v1,O2,p03006,brightened_main,3,91,704,7,10,10,0,1,2,81,102,127,12,48,4,0,312,140,0,a07f2054ee24e54391dce9a1a9710449b377155f410c3cbfcde458efdbc8d5e0
public_v1,O2,p03006,bundle_verified_input,3,91,704,7,10,10,0,1,2,81,102,127,12,48,4,0,312,140,0,029a13a8d03bc66a42af66d08eaeb0fd069252a82071a639d7e7d68e5dbffd3b
public_v1,O2,p03006,bundle_pointer_opt,3,90,691,7,10,10,0,1,2,81,102,126,11,48,4,0,311,137,0,ecf2f710da683b6f8c5a02f777ceac14a3b9fe9792eb8d97436ca8f128ae0add
public_v1,O2,p03006,bundle_standard_opt_3,3,91,617,7,10,10,0,1,2,80,101,112,13,36,4,0,295,108,0,f3ae2719aee2ec60b794c093490b1dba30ff47b91163ac4ddb578056ddd2eed5
public_v1,O2,p03006,bundle_storage_delift,3,91,617,7,10,10,0,1,2,80,101,112,13,36,4,0,295,108,0,f3ae2719aee2ec60b794c093490b1dba30ff47b91163ac4ddb578056ddd2eed5
public_v1,O2,p03006,bundle_residual_strip,3,91,617,7,10,10,0,1,2,80,101,112,13,36,4,0,295,108,0,f3ae2719aee2ec60b794c093490b1dba30ff47b91163ac4ddb578056ddd2eed5
public_v1,O2,p03006,final_clean,3,91,613,7,10,10,0,1,2,80,101,108,13,36,4,0,291,108,0,2031124bb74a9165c60968ed00be857dd5670f6b6bf427caf9f1a4b93f823516
public_v1,O2,p03111,raw_lift,84,1115,23532,513,280,269,11,123,0,1736,3736,126,37,234,0,52,5598,8813,0,1973567e475d860ea98ad0519aae5e9b033d518dfb9279e0006a2b48aa6689ff
public_v1,O2,p03111,brightened_main,5,68,1374,10,129,129,0,32,17,157,292,241,24,13,1,4,707,176,0,d22c95eb1084e5f7f96981d22594899d8199252b22eaf4dc5d09b74ff192b8da
public_v1,O2,p03111,bundle_verified_input,5,68,1374,10,129,129,0,32,17,157,292,241,24,13,1,4,707,176,0,8daf1a97b4d0c0513d38fd40cbeca3ad24f80d9b5a012d9fc7b4cf0f1c922edb
public_v1,O2,p03111,bundle_pointer_opt,5,66,1348,10,129,129,0,32,17,157,292,239,22,13,1,4,705,170,0,f26d2b97e5f4e2b93036de5e5669bee96ea6b10b260b504242de8b7196374ad5
public_v1,O2,p03111,bundle_standard_opt_3,5,66,1315,10,129,129,0,32,17,153,286,232,24,13,1,4,688,166,0,6f40ee826529a03340ec324913bc2a8f693eceb341fddb5e41ab53d90c2dbff6
public_v1,O2,p03111,bundle_storage_delift,5,66,1315,10,129,129,0,32,17,153,286,232,24,13,1,4,688,166,0,6f40ee826529a03340ec324913bc2a8f693eceb341fddb5e41ab53d90c2dbff6
public_v1,O2,p03111,bundle_residual_strip,5,66,1315,10,129,129,0,32,17,153,286,232,24,13,1,4,688,166,0,6f40ee826529a03340ec324913bc2a8f693eceb341fddb5e41ab53d90c2dbff6
public_v1,O2,p03111,final_clean,5,66,1311,10,129,129,0,32,17,153,286,228,24,13,1,4,684,166,0,216c18c9a3e03be0378dd115c4b68c7d585e05ad5b66f41fcfb82e3450aba456
public_v1,O2,p03142,raw_lift,115,2005,42222,939,454,443,11,207,0,3028,6529,225,63,442,0,83,9782,16123,0,f66742774210b2933381b38d0a69d4d2cb075fca5ce39f19fae7d631f06e73c2
public_v1,O2,p03142,brightened_main,4,78,1430,4,112,112,0,24,13,195,264,206,34,13,3,0,678,249,0,52e90599637bf942f43085246745c11e5e7833aea3e81db174ab8fe69ea9f631
public_v1,O2,p03142,bundle_verified_input,4,78,1430,4,112,112,0,24,13,195,264,206,34,13,3,0,678,249,0,2604448d0cfc2ae18a793078dda054a4f77d543c442579791a934a909dd19b2e
public_v1,O2,p03142,bundle_pointer_opt,4,77,1423,4,112,112,0,24,13,195,264,205,34,13,3,0,677,247,0,b6be5b22a1f199b8ab5d0b7750b33c0098d1e762dcfdd7013fb7e75d56c2fff6
public_v1,O2,p03142,bundle_standard_opt_3,4,76,1337,4,112,112,0,24,13,195,217,193,30,13,3,0,618,241,0,37b0d1d6b34700a2b663a77af9151d35cd310e084092bfa672470306314ee718
public_v1,O2,p03142,bundle_storage_delift,4,76,1337,4,112,112,0,24,13,195,217,193,30,13,3,0,618,241,0,37b0d1d6b34700a2b663a77af9151d35cd310e084092bfa672470306314ee718
public_v1,O2,p03142,bundle_residual_strip,4,76,1337,4,112,112,0,24,13,195,217,193,30,13,3,0,618,241,0,37b0d1d6b34700a2b663a77af9151d35cd310e084092bfa672470306314ee718
public_v1,O2,p03142,final_clean,4,75,1334,4,112,112,0,24,13,194,217,192,30,13,3,0,616,241,0,e266fcbe37914ea9127bb1e0afdccc1db03c1ce5b4943f230926363e8c626a4d
public_v1,O2,p03199,raw_lift,37,470,10466,216,107,100,7,38,0,607,1445,32,7,108,2,15,2084,4251,0,13a3f480dee85cf9db2e730a660ac8bc65518bde6254d2e03ad2535354208d23
public_v1,O2,p03199,brightened_main,9,202,1977,33,68,68,0,4,11,251,463,233,62,40,4,5,958,368,0,a118eaf7711322c7c413e60583221bec73d4586592f638065914b4e172a70ea1
public_v1,O2,p03199,bundle_verified_input,9,202,1977,33,68,68,0,4,11,251,463,233,62,40,4,5,958,368,0,ecc3e960346c231093e23a05189f19f4a7b71ec1b935321ebceb9db9b5528f13
public_v1,O2,p03199,bundle_pointer_opt,9,200,1953,33,68,68,0,4,11,247,463,229,61,40,4,5,950,363,0,10997ad9e274aa03950f6292fba1adc425709dff98aa8e9b960b00d81f11dc2f
public_v1,O2,p03199,bundle_standard_opt_3,9,200,1831,33,68,68,0,4,11,238,457,214,53,40,4,5,920,331,0,d1a8d31c076ebe7795534d2523884a2d4298b91e0beacc7abc9104e471c9dbac
public_v1,O2,p03199,bundle_storage_delift,9,200,1831,33,68,68,0,4,11,238,457,214,53,40,4,5,920,331,0,d1a8d31c076ebe7795534d2523884a2d4298b91e0beacc7abc9104e471c9dbac
public_v1,O2,p03199,bundle_residual_strip,9,200,1831,33,68,68,0,4,11,238,457,214,53,40,4,5,920,331,0,d1a8d31c076ebe7795534d2523884a2d4298b91e0beacc7abc9104e471c9dbac
public_v1,O2,p03199,final_clean,9,200,1774,33,68,68,0,4,11,231,457,175,50,39,4,5,874,324,0,4f62b2db62902af0f3940179e868516f559461267754a7acfbc78f1564a87fd6
public_v1,O2,p03261,raw_lift,79,862,17344,424,247,238,9,103,0,1190,2864,80,25,154,0,76,4134,6356,6,82ec68eb83b65f8bec5681e67eed76b7c49bf475bbdfdf41fc26e5b3600cf9a9
public_v1,O2,p03261,brightened_main,2,17,131,10,5,5,0,0,1,5,34,21,7,7,0,0,61,35,0,b77c93b4124345833bd7f1471d8b5c9c7398364610f4e8e11a175e787a7f007c
public_v1,O2,p03261,bundle_verified_input,2,17,131,10,5,5,0,0,1,5,34,21,7,7,0,0,61,35,0,e6da4c7fba8b007edc0c77d4e2d20d6faab7a343c4820214adf75c19654887d7
public_v1,O2,p03261,bundle_pointer_opt,2,17,131,10,5,5,0,0,1,5,34,21,7,7,0,0,61,35,0,e6da4c7fba8b007edc0c77d4e2d20d6faab7a343c4820214adf75c19654887d7
public_v1,O2,p03261,bundle_standard_opt_3,2,17,131,10,5,5,0,0,1,5,34,21,7,7,0,0,61,35,0,cb68f0aedc9b18aa05900395dd3315c9f48443bb19b4a52df3fdb092c044b342
public_v1,O2,p03261,bundle_storage_delift,2,17,131,10,5,5,0,0,1,5,34,21,7,7,0,0,61,35,0,cb68f0aedc9b18aa05900395dd3315c9f48443bb19b4a52df3fdb092c044b342
public_v1,O2,p03261,bundle_residual_strip,2,17,131,10,5,5,0,0,1,5,34,21,7,7,0,0,61,35,0,cb68f0aedc9b18aa05900395dd3315c9f48443bb19b4a52df3fdb092c044b342
public_v1,O2,p03261,final_clean,1,16,130,10,5,5,0,0,1,5,34,21,7,7,0,0,61,35,0,c92b34e886b04e2368134b996db12dd17630a168b10f09a9d8ac3b14b6c29fae
public_v1,O2,p03430,raw_lift,27,184,4186,76,52,47,5,13,0,317,552,21,3,36,0,3,890,1538,0,a2ac3f2057cc4e618ed1157ba81aedcfb99284eb37bcf218329302603fbd8eba
public_v1,O2,p03430,brightened_main,4,81,1324,2,143,143,0,12,7,251,121,94,12,18,2,0,473,217,0,d69c96b3108ab07baa2590de8ba2aa0ffcee4966c1d6ef7d776d5879c3f5fc4c
public_v1,O2,p03430,bundle_verified_input,4,81,1324,2,143,143,0,12,7,251,121,94,12,18,2,0,473,217,0,905e1a32fa42d9601267865a13531ec6099ddf48aaec2ea316c16f94f12f91cf
public_v1,O2,p03430,bundle_pointer_opt,4,79,1322,2,143,143,0,12,7,251,121,94,12,18,2,0,473,217,0,7971d5b57d76eb8197b1b528f51c2548ba2486ecbf8c7e1a2672381008e15c2d
public_v1,O2,p03430,bundle_standard_opt_3,4,79,1322,2,143,143,0,12,7,251,121,94,12,18,2,0,473,217,0,55faef20257eeaa456b37ca9c7854e8d5eb16cb7ff826bb4ad8e3a07ec9f5cfd
public_v1,O2,p03430,bundle_storage_delift,4,79,1322,2,143,143,0,12,7,251,121,94,12,18,2,0,473,217,0,55faef20257eeaa456b37ca9c7854e8d5eb16cb7ff826bb4ad8e3a07ec9f5cfd
public_v1,O2,p03430,bundle_residual_strip,4,79,1322,2,143,143,0,12,7,251,121,94,12,18,2,0,473,217,0,55faef20257eeaa456b37ca9c7854e8d5eb16cb7ff826bb4ad8e3a07ec9f5cfd
public_v1,O2,p03430,final_clean,4,79,1322,2,143,143,0,12,7,251,121,94,12,18,2,0,473,217,0,51a530697e6cac437c0f59bf77a5165310af11e211f1ba7ae864bbe78de846ee
public_v1,O2,p03434,raw_lift,68,877,17527,390,173,167,6,80,0,1211,2537,81,23,187,0,20,3829,6774,0,44899a95cb34ba80508449a35d95459f3e07bfb1072bff170b7fc4da0e0a9504
public_v1,O2,p03434,brightened_main,4,24,272,5,14,14,0,4,4,31,66,41,15,8,1,0,142,58,0,46196863b3e6fe70dfe09da99f22cc475e7512ebb4929040fef0dba91bc93ccd
public_v1,O2,p03434,bundle_verified_input,4,24,272,5,14,14,0,4,4,31,66,41,15,8,1,0,142,58,0,b1743016f23060885099082d0e644f40bc637158878befd7538829190f3ffc7d
public_v1,O2,p03434,bundle_pointer_opt,4,24,267,5,14,14,0,4,4,31,66,41,15,7,1,0,142,49,0,45f008a6846da5aa93deedb41e01f9e6fbc064da5b128bf43489cfae4f751592
public_v1,O2,p03434,bundle_standard_opt_3,4,24,237,5,14,14,0,4,4,20,57,41,15,7,1,0,122,49,0,4008bd0a5620cbe20de3583815af5bdacbee424082558dfdaa1a4d23bcb700c4
public_v1,O2,p03434,bundle_storage_delift,4,24,237,5,14,14,0,4,4,20,57,41,15,7,1,0,122,49,0,4008bd0a5620cbe20de3583815af5bdacbee424082558dfdaa1a4d23bcb700c4
public_v1,O2,p03434,bundle_residual_strip,4,24,237,5,14,14,0,4,4,20,57,41,15,7,1,0,122,49,0,4008bd0a5620cbe20de3583815af5bdacbee424082558dfdaa1a4d23bcb700c4
public_v1,O2,p03434,final_clean,4,24,237,5,14,14,0,4,4,20,57,41,15,7,1,0,122,49,0,7b6ab14065f2fa3d7d3aae86714bc50f59ef2382af397bc0a67f040088b5a66c
public_v1,O2,p03493,raw_lift,52,704,14028,303,124,119,5,57,0,1032,2082,77,20,146,0,6,3191,5337,0,b8359d7309a0b78f6c395fcddc61be49047962e3c6fe5c2ec5604fcb706f5333
public_v1,O2,p03493,brightened_main,2,11,179,4,9,9,0,5,3,9,47,48,7,7,0,0,107,34,0,5c72c5bfb9c2e5bba64b7a09057aaf1b253c4f52edcf59a3ea57ee41d70e4fc6
public_v1,O2,p03493,bundle_verified_input,2,11,179,4,9,9,0,5,3,9,47,48,7,7,0,0,107,34,0,15df79ddcd776ca584b9b29799b5fb111ec5f12f9554d1ff555b3c79ee8e996b
public_v1,O2,p03493,bundle_pointer_opt,2,11,177,4,9,9,0,5,3,9,47,48,5,7,0,0,107,32,0,fe3269f882310ac6447f8414bd0154265c45f5b9ec156d38462ea5bbd6144e3c
public_v1,O2,p03493,bundle_standard_opt_3,2,11,167,4,9,9,0,5,3,9,47,39,4,7,0,0,98,31,0,c37c0d6a4d1bd7b8d13b21f05c8f0fe4d45cc16c83b79a0d58af3414ecbfc4cf
public_v1,O2,p03493,bundle_storage_delift,2,11,167,4,9,9,0,5,3,9,47,39,4,7,0,0,98,31,0,c37c0d6a4d1bd7b8d13b21f05c8f0fe4d45cc16c83b79a0d58af3414ecbfc4cf
public_v1,O2,p03493,bundle_residual_strip,2,11,167,4,9,9,0,5,3,9,47,39,4,7,0,0,98,31,0,c37c0d6a4d1bd7b8d13b21f05c8f0fe4d45cc16c83b79a0d58af3414ecbfc4cf
public_v1,O2,p03493,final_clean,2,11,165,4,9,9,0,5,3,9,47,41,4,7,0,0,100,29,0,e63dc1ea95b3c2710a6d0b65288c75221a07b311750978601faec41578518367
public_v1,O2,p03510,raw_lift,30,203,4631,82,82,77,5,28,0,439,809,41,7,36,0,5,1289,1574,0,20a1d9e5060d0b1fe99f92d46e7d3b8c323708350431d05f73bdabd756b8b168
public_v1,O2,p03510,brightened_main,4,67,1205,12,79,79,0,6,4,186,215,139,33,16,2,2,544,175,0,6158d2d4d5c4ffe8ff5cdaaac5c3e12bc611f5e66755695ce5d434b40d8c19f0
public_v1,O2,p03510,bundle_verified_input,4,67,1205,12,79,79,0,6,4,186,215,139,33,16,2,2,544,175,0,1b88341ff2d983fbbb2b79ceb3b6e39c95800c8446db1e4674bcebe3b6f3b5ae
public_v1,O2,p03510,bundle_pointer_opt,4,65,1189,12,79,79,0,6,4,186,215,138,33,16,2,2,543,175,0,7afa799fff779b7f79e9e680eabb112e88873203dbc314241170b46f75320a5c
public_v1,O2,p03510,bundle_standard_opt_3,4,65,1130,12,79,79,0,6,4,183,184,133,33,16,2,2,504,167,0,5d91d13b48533f47e302d6bfcd7b2b279c25c9f0d63b57399e9b2d1dc9993b43
public_v1,O2,p03510,bundle_storage_delift,4,65,1130,12,79,79,0,6,4,183,184,133,33,16,2,2,504,167,0,5d91d13b48533f47e302d6bfcd7b2b279c25c9f0d63b57399e9b2d1dc9993b43
public_v1,O2,p03510,bundle_residual_strip,4,65,1130,12,79,79,0,6,4,183,184,133,33,16,2,2,504,167,0,5d91d13b48533f47e302d6bfcd7b2b279c25c9f0d63b57399e9b2d1dc9993b43
public_v1,O2,p03510,final_clean,4,63,1108,12,78,78,0,6,4,178,183,124,33,16,2,2,489,167,0,ef51fee7c9800df7f8b8266326846e8e9bfc1c445a3ffa24c4885b0827bcb7c1
public_v1,O2,p03543,raw_lift,30,126,2386,47,58,53,5,16,0,191,539,30,3,22,0,15,760,775,0,2d768db287ab8cc2d38b314119113e788ef5ebc74a37f3a28cc9fc34f7c904aa
public_v1,O2,p03543,brightened_main,3,11,165,4,11,11,0,0,2,21,31,27,4,7,0,0,81,32,0,1ce574f51c573f1eb68e3b6093e1e3a863298ce80fcdc32e76b2c2c089b85ee9
public_v1,O2,p03543,bundle_verified_input,3,11,165,4,11,11,0,0,2,21,31,27,4,7,0,0,81,32,0,9b067087d5f3abde20d22eb2be0aad46b7863806371e1b8bf8a6811fd6d62d8b
public_v1,O2,p03543,bundle_pointer_opt,3,11,164,4,11,11,0,0,2,21,31,27,3,7,0,0,81,31,0,e537c25d3e7abebeb4b6575c318a1c4729e38e271b55dce16957ea700d715b96
public_v1,O2,p03543,bundle_standard_opt_3,3,11,163,4,11,11,0,0,2,21,31,26,3,7,0,0,80,31,0,e55aeae542564f6a6bd5871545b3df1a8bf7b43909cc2efff8050843be762d67
public_v1,O2,p03543,bundle_storage_delift,3,11,163,4,11,11,0,0,2,21,31,26,3,7,0,0,80,31,0,e55aeae542564f6a6bd5871545b3df1a8bf7b43909cc2efff8050843be762d67
public_v1,O2,p03543,bundle_residual_strip,3,11,163,4,11,11,0,0,2,21,31,26,3,7,0,0,80,31,0,e55aeae542564f6a6bd5871545b3df1a8bf7b43909cc2efff8050843be762d67
public_v1,O2,p03543,final_clean,3,11,163,4,11,11,0,0,2,21,31,26,3,7,0,0,80,31,0,914e6b8eb1d2a70746a420b5c9bd70392b70f4c37f73a038e971a64da2091241
public_v1,O2,p03773,raw_lift,40,483,9644,212,89,84,5,37,0,653,1378,38,16,96,0,9,2069,3777,0,12e26eabb109d7bbe63bdb6e9969d516b64d6607613afeeb24d2b11414782fe0
public_v1,O2,p03773,brightened_main,2,3,10,0,2,2,0,0,2,2,0,0,0,0,0,0,4,0,0,b35b488c241863cc089ed255c961787d0df36889eb39aef05c6a3a8f46295be4
public_v1,O2,p03773,bundle_verified_input,2,3,10,0,2,2,0,0,2,2,0,0,0,0,0,0,4,0,0,c43c835b31c5a0f29bc1129f6de89f839c5673d35ebcee390f4bd3332c8a62c2
public_v1,O2,p03773,bundle_pointer_opt,2,3,10,0,2,2,0,0,2,2,0,0,0,0,0,0,4,0,0,c43c835b31c5a0f29bc1129f6de89f839c5673d35ebcee390f4bd3332c8a62c2
public_v1,O2,p03773,bundle_standard_opt_3,2,3,10,0,2,2,0,0,2,2,0,0,0,0,0,0,4,0,0,d66affa31bedf67b875e385a99b8bb5d137b70ea95ace87369f92633d790c051
public_v1,O2,p03773,bundle_storage_delift,2,3,10,0,2,2,0,0,2,2,0,0,0,0,0,0,4,0,0,d66affa31bedf67b875e385a99b8bb5d137b70ea95ace87369f92633d790c051
public_v1,O2,p03773,bundle_residual_strip,2,3,10,0,2,2,0,0,2,2,0,0,0,0,0,0,4,0,0,d66affa31bedf67b875e385a99b8bb5d137b70ea95ace87369f92633d790c051
public_v1,O2,p03773,final_clean,1,2,9,0,2,2,0,0,2,2,0,0,0,0,0,0,4,0,0,38524a71e7200afcbf0974a0054db287891c4449f7a82270e4c1aa330a852484
public_v1,O2,p03776,raw_lift,31,767,15053,362,103,98,5,35,0,908,2050,43,9,173,0,3,3001,6015,0,4380c0b2cd2460e5d01a01cbf1f0acf652f5e21b34aeaae38a403a477ce8b95c
public_v1,O2,p03776,brightened_main,8,345,4606,20,195,195,0,4,3,680,612,245,63,50,6,0,1540,881,0,922efdd3a8596ef5989228d68806d57f9bd8431e9f8c4f90cb60f6f645a81c02
public_v1,O2,p03776,bundle_verified_input,8,345,4606,20,195,195,0,4,3,680,612,245,63,50,6,0,1540,881,0,0b2f2ce990a775710dfe9f437ca3795cc510a57b9b5a2a11e66a85e718268950
public_v1,O2,p03776,bundle_pointer_opt,8,341,4482,20,195,195,0,4,3,667,612,245,63,50,6,0,1527,878,0,6011e9244fa45697cc02eb7ce10b2f2a9e79b3aff8d2c9bad6ddd324318fb4b2
public_v1,O2,p03776,bundle_standard_opt_3,8,340,4317,20,195,195,0,4,3,666,606,225,58,49,6,0,1500,837,0,73dfe6f3581c8cfd64a0d95fa9aaf48935fd86e8bfe13de3bdcd64caae4998cf
public_v1,O2,p03776,bundle_storage_delift,8,340,4317,20,195,195,0,4,3,666,606,225,58,49,6,0,1500,837,0,73dfe6f3581c8cfd64a0d95fa9aaf48935fd86e8bfe13de3bdcd64caae4998cf
public_v1,O2,p03776,bundle_residual_strip,8,340,4317,20,195,195,0,4,3,666,606,225,58,49,6,0,1500,837,0,73dfe6f3581c8cfd64a0d95fa9aaf48935fd86e8bfe13de3bdcd64caae4998cf
public_v1,O2,p03776,final_clean,8,340,4314,20,195,195,0,4,3,666,606,222,58,49,6,0,1497,837,0,6d6dc372f3d6d1fa137acef4319fdcf2aa4f6b5c03f1ed28af43e8c09c4b8847
public_v1,O2,p03835,raw_lift,50,687,13916,300,115,110,5,56,0,1047,2111,80,29,141,0,12,3238,5335,0,b6448d4a54ac92ac356dc889641b0ebe128a199677aa5dc16fc3f8a52f7d4b67
public_v1,O2,p03835,brightened_main,2,7,27,3,2,2,0,0,2,2,0,0,5,0,0,0,4,10,0,0ed665d76d513acdd95e1f47be7749469fb78af9ce4b2450bf67e4a0c98fb23c
public_v1,O2,p03835,bundle_verified_input,2,7,27,3,2,2,0,0,2,2,0,0,5,0,0,0,4,10,0,c2332a38b2934ce02a4d86c9b8de2e3e9e432726f39d53f7f583435f632aed62
public_v1,O2,p03835,bundle_pointer_opt,2,7,27,3,2,2,0,0,2,2,0,0,5,0,0,0,4,10,0,c2332a38b2934ce02a4d86c9b8de2e3e9e432726f39d53f7f583435f632aed62
public_v1,O2,p03835,bundle_standard_opt_3,2,7,27,3,2,2,0,0,2,2,0,0,5,0,0,0,4,10,0,c2332a38b2934ce02a4d86c9b8de2e3e9e432726f39d53f7f583435f632aed62
public_v1,O2,p03835,bundle_storage_delift,2,7,27,3,2,2,0,0,2,2,0,0,5,0,0,0,4,10,0,c2332a38b2934ce02a4d86c9b8de2e3e9e432726f39d53f7f583435f632aed62
public_v1,O2,p03835,bundle_residual_strip,2,7,27,3,2,2,0,0,2,2,0,0,5,0,0,0,4,10,0,c2332a38b2934ce02a4d86c9b8de2e3e9e432726f39d53f7f583435f632aed62
public_v1,O2,p03835,final_clean,1,6,26,3,2,2,0,0,2,2,0,0,5,0,0,0,4,10,0,85a81172384cba99e9ca1cd70bb2a05d58ef60dbc6b947c6eff37b7c42a3dfa1
public_v1,O2,p03854,raw_lift,43,328,6667,138,96,91,5,36,0,412,1069,43,11,66,0,15,1524,2571,0,8162416f392a80fcede06e7ff11585d7fbd82afc917fc1eac695f5a74699f194
public_v1,O2,p03854,brightened_main,3,18,70,7,6,6,0,0,0,3,2,7,4,4,1,0,12,24,0,98209be7c0ac5fe0bec546a0f21f95f11258ca2fa6b557bd1c0617f302beece9
public_v1,O2,p03854,bundle_verified_input,3,18,70,7,6,6,0,0,0,3,2,7,4,4,1,0,12,24,0,a5d0e531c01f4330f11cf046f15086fbc280322c76ea9b1876ecd39a405048c0
public_v1,O2,p03854,bundle_pointer_opt,3,18,70,7,6,6,0,0,0,3,2,7,4,4,1,0,12,24,0,a5d0e531c01f4330f11cf046f15086fbc280322c76ea9b1876ecd39a405048c0
public_v1,O2,p03854,bundle_standard_opt_3,3,18,70,7,6,6,0,0,0,3,2,7,4,4,1,0,12,24,0,a8e6e488f035a1091db648adcc38cebf2c19c3810edafd7c1ba0c84db590d5f4
public_v1,O2,p03854,bundle_storage_delift,3,18,70,7,6,6,0,0,0,3,2,7,4,4,1,0,12,24,0,a8e6e488f035a1091db648adcc38cebf2c19c3810edafd7c1ba0c84db590d5f4
public_v1,O2,p03854,bundle_residual_strip,3,18,70,7,6,6,0,0,0,3,2,7,4,4,1,0,12,24,0,a8e6e488f035a1091db648adcc38cebf2c19c3810edafd7c1ba0c84db590d5f4
public_v1,O2,p03854,final_clean,3,18,70,7,6,6,0,0,0,3,2,7,4,4,1,0,12,24,0,4441a93dc317683fcca6879254cdb5784328d8da7f0949db2639ff15e7852a07
public_v1,O2,p04028,raw_lift,31,199,4236,82,62,57,5,18,0,251,407,10,3,35,0,7,668,1566,0,2bc8cbcb88cebd8ad2819e916627cb977afafe438d461331bc5a55d999d474a0
public_v1,O2,p04028,brightened_main,3,26,380,11,13,13,0,0,2,16,53,48,10,13,0,3,119,99,0,fd11c21dfc3f87ed19cd135bb3b78f6116e6dccc53cc65d06a697cd0c2efc157
public_v1,O2,p04028,bundle_verified_input,3,26,380,11,13,13,0,0,2,16,53,48,10,13,0,3,119,99,0,c4b585940b504f588680c1e91f300c1ecbad12c4dbf577e98f9a3ab64f51b19f
public_v1,O2,p04028,bundle_pointer_opt,3,25,362,11,13,13,0,0,2,16,53,43,10,13,0,3,114,94,0,f5858c23ffef1a2c06e12abcc7691d4d21f26ad3e78fde1a95f05026792f919b
public_v1,O2,p04028,bundle_standard_opt_3,3,25,351,11,13,13,0,0,2,16,53,40,10,13,0,3,111,92,0,82f8ea15e31a6ec5783f8e9a39d6f4e10effc8bf88f6a277cb838186603fdab4
public_v1,O2,p04028,bundle_storage_delift,3,25,351,11,13,13,0,0,2,16,53,40,10,13,0,3,111,92,0,82f8ea15e31a6ec5783f8e9a39d6f4e10effc8bf88f6a277cb838186603fdab4
public_v1,O2,p04028,bundle_residual_strip,3,25,351,11,13,13,0,0,2,16,53,40,10,13,0,3,111,92,0,82f8ea15e31a6ec5783f8e9a39d6f4e10effc8bf88f6a277cb838186603fdab4
public_v1,O2,p04028,final_clean,2,24,348,11,13,13,0,0,2,14,53,40,10,13,0,3,109,91,0,e4c158b28362791a96b20895183e2207ecae611fc1a7b33f9164a782264beb5a
public_v1,O3,p00001,raw_lift,33,170,3139,63,67,61,6,21,0,196,526,11,7,30,0,3,733,1168,0,1a17752fd7069e2796e970eac1a5d779b681c443424fd1aeb5c5dd3046b39418
public_v1,O3,p00001,brightened_main,3,23,164,5,13,13,0,4,1,8,49,37,10,2,1,0,95,26,0,8d17394fc75d9549dbc04db9460a843dd70cffda92533d4a52934a262e095736
public_v1,O3,p00001,bundle_verified_input,3,23,164,5,13,13,0,4,1,8,49,37,10,2,1,0,95,26,0,25393eb56862c4a21be4b6c500730def8c6dbe7f71a39e006b2b218805e43685
public_v1,O3,p00001,bundle_pointer_opt,3,23,162,5,13,13,0,4,1,8,49,37,9,2,1,0,95,25,0,fd478e3d8521c1cf47d5c779aa888c8fbcd87ff27ff38f9999a1889b9247cc61
public_v1,O3,p00001,bundle_standard_opt_3,3,23,159,5,13,13,0,4,1,8,47,36,8,2,1,0,92,25,0,7bf055e95e94712039adcd2896daf36cf8ec3a5299804c4af65754dce44746e4
public_v1,O3,p00001,bundle_storage_delift,3,23,159,5,13,13,0,4,1,8,47,36,8,2,1,0,92,25,0,7bf055e95e94712039adcd2896daf36cf8ec3a5299804c4af65754dce44746e4
public_v1,O3,p00001,bundle_residual_strip,3,23,159,5,13,13,0,4,1,8,47,36,8,2,1,0,92,25,0,7bf055e95e94712039adcd2896daf36cf8ec3a5299804c4af65754dce44746e4
public_v1,O3,p00001,final_clean,2,22,158,5,13,13,0,4,1,8,47,36,8,2,1,0,92,25,0,88abbaffcbf61f78217556dafb3d031e5675409a87cd0e3330ff61ee1b8c10ef
public_v1,O3,p00008,raw_lift,24,200,3614,86,34,29,5,7,0,217,480,13,3,45,0,3,710,1502,0,241e767720614c0abc3b1d7acdd74b3991292840a9917f391d9dffe4e9162178
public_v1,O3,p00008,brightened_main,2,28,184,19,3,3,0,0,1,49,20,21,2,0,0,0,91,32,0,37d68ac57541ea38daf7d7305eae7e8c432a07770bd117b1e3db06ccb5dd3837
public_v1,O3,p00008,bundle_verified_input,2,28,184,19,3,3,0,0,1,49,20,21,2,0,0,0,91,32,0,9e4399d20e2c4d1259dedb5dfcec5d182017135e88478b6868f29fab61ee7fca
public_v1,O3,p00008,bundle_pointer_opt,2,25,166,14,3,3,0,0,1,39,20,28,0,2,0,0,88,28,0,72babf4fd228f484fda25cf32ebd90a208425f6aaf310dee70c98819be88a419
public_v1,O3,p00008,bundle_standard_opt_3,2,25,155,14,3,3,0,0,1,24,20,22,5,13,0,0,67,41,0,8ca3cde37a1df192787ff1185f1852f1991cc41c58f79af8854b38bd30b23c1a
public_v1,O3,p00008,bundle_storage_delift,2,25,155,14,3,3,0,0,1,24,20,22,5,13,0,0,67,41,0,8ca3cde37a1df192787ff1185f1852f1991cc41c58f79af8854b38bd30b23c1a
public_v1,O3,p00008,bundle_residual_strip,2,25,155,14,3,3,0,0,1,24,20,22,5,13,0,0,67,41,0,8ca3cde37a1df192787ff1185f1852f1991cc41c58f79af8854b38bd30b23c1a
public_v1,O3,p00008,final_clean,2,26,157,14,3,3,0,0,1,24,20,22,5,13,0,0,67,42,0,3e20267a3658b960475737bfec2638e720a6459fbf1c5e650ffb1b1e563b8e63
public_v1,O3,p00033,raw_lift,27,231,4099,99,54,49,5,17,0,202,590,14,3,49,0,3,806,1597,0,ac63ece6e04f27f7f81d56ffb6ba64769d108faee472dd93f32cf1d2c692aba6
public_v1,O3,p00033,brightened_main,4,89,539,4,18,18,0,3,13,79,97,67,7,16,2,0,256,79,0,7cfdbfd6ce15b3c4ca2bb3e49abe045bb5f06a3afaac5799d3c44e8516302cc7
public_v1,O3,p00033,bundle_verified_input,4,89,539,4,18,18,0,3,13,79,97,67,7,16,2,0,256,79,0,9bcf5a0dbca2d2fd97857e860991ec4b443afa7ae5be7076b73635b0c38bc6d6
public_v1,O3,p00033,bundle_pointer_opt,4,88,535,4,18,18,0,3,13,79,97,66,7,16,2,0,255,78,0,1c2d18bc50effdae1f69eb3e3bbb46f9b2a158af6a0734305e05f72a95c69e6f
public_v1,O3,p00033,bundle_standard_opt_3,3,90,568,6,18,18,0,3,13,81,110,72,10,17,2,0,276,82,0,70d2d5c6f5bb1e1555eda57bbcbb7d0cf97fce27a894ed4f0d384e6466fb5b49
public_v1,O3,p00033,bundle_storage_delift,3,90,568,6,18,18,0,3,13,81,110,72,10,17,2,0,276,82,0,70d2d5c6f5bb1e1555eda57bbcbb7d0cf97fce27a894ed4f0d384e6466fb5b49
public_v1,O3,p00033,bundle_residual_strip,3,90,568,6,18,18,0,3,13,81,110,72,10,17,2,0,276,82,0,70d2d5c6f5bb1e1555eda57bbcbb7d0cf97fce27a894ed4f0d384e6466fb5b49
public_v1,O3,p00033,final_clean,3,90,568,6,18,18,0,3,13,81,110,72,10,17,2,0,276,82,0,5e4ed82cb33d256c2889c4cce083a61d59146199a0c6b3dcfe48c29352818df2
public_v1,O3,p00165,raw_lift,24,148,2313,60,34,29,5,7,0,159,363,7,3,27,0,3,529,901,0,ed7f361748c31e90e9913f8f989e2010d889cfb13141019a8c850e0452d3e598
public_v1,O3,p00165,brightened_main,3,29,175,16,9,9,0,0,1,37,26,17,6,2,0,0,81,34,0,08b859d071c5df35a2040569f9e9ff51bf28b1d7a9f92523fc87c0703b7a5a82
public_v1,O3,p00165,bundle_verified_input,3,29,175,16,9,9,0,0,1,37,26,17,6,2,0,0,81,34,0,d00f33cc5bca2008492896f4a45513f95ccc5ac74f8f8eda5389a12447c78fa3
public_v1,O3,p00165,bundle_pointer_opt,3,25,165,14,9,9,0,0,1,34,26,15,4,4,0,0,76,33,0,0882e1184d865cfed60f620f0ea1738244b50cd570e5a65a323fc0f4b474f659
public_v1,O3,p00165,bundle_standard_opt_3,3,18,148,10,13,13,0,4,1,22,22,13,7,9,0,0,58,37,0,8917f09f8e2685ead4942d1cb4633e3fc580839d34a2bda8ac87bc9c0c0b6d7b
public_v1,O3,p00165,bundle_storage_delift,3,18,148,10,13,13,0,4,1,22,22,13,7,9,0,0,58,37,0,8917f09f8e2685ead4942d1cb4633e3fc580839d34a2bda8ac87bc9c0c0b6d7b
public_v1,O3,p00165,bundle_residual_strip,3,18,148,10,13,13,0,4,1,22,22,13,7,9,0,0,58,37,0,8917f09f8e2685ead4942d1cb4633e3fc580839d34a2bda8ac87bc9c0c0b6d7b
public_v1,O3,p00165,final_clean,3,18,147,10,12,12,0,3,1,22,22,13,7,9,0,0,58,37,0,d0112a584e733d604a32571e6f58178178875e070787bf2f1c426b50f5616f4c
public_v1,O3,p00327,raw_lift,24,186,3741,79,35,30,5,8,0,186,420,18,3,42,0,3,624,1600,0,7c7094415b505476a616faeedb65d5f3b62fcfdd2f8242f66297f91b955dde3b
public_v1,O3,p00327,brightened_main,4,32,436,19,21,21,0,4,3,44,71,57,22,17,0,0,175,122,0,696e0c47804ef501045c090f741f549147ca6d332684f47d156da108aa3ff0dc
public_v1,O3,p00327,bundle_verified_input,4,32,436,19,21,21,0,4,3,44,71,57,22,17,0,0,175,122,0,2f667770690b485d27dc6530dfcb3e08074dabc76cbcd79e1ed868178d362ebb
public_v1,O3,p00327,bundle_pointer_opt,4,32,432,19,21,21,0,4,3,44,71,57,18,17,0,0,175,118,0,646defec7f461d44b8e96fba8bee9bd4de55d6a5d0de696782fe7dce24de9f69
public_v1,O3,p00327,bundle_standard_opt_3,4,33,421,19,21,21,0,4,3,44,71,56,18,17,0,0,174,114,0,e2816a989287a8c0d278e060a1a545ecfc30ecade02604b9a377ec84879d0954
public_v1,O3,p00327,bundle_storage_delift,4,33,421,19,21,21,0,4,3,44,71,56,18,17,0,0,174,114,0,e2816a989287a8c0d278e060a1a545ecfc30ecade02604b9a377ec84879d0954
public_v1,O3,p00327,bundle_residual_strip,4,33,421,19,21,21,0,4,3,44,71,56,18,17,0,0,174,114,0,e2816a989287a8c0d278e060a1a545ecfc30ecade02604b9a377ec84879d0954
public_v1,O3,p00327,final_clean,4,33,420,19,21,21,0,4,3,44,71,56,18,17,0,0,174,113,0,a505fc3685a1ee360956b8ae496be6fe71dc2a55bc3c02e8cce448eb1802ff02
public_v1,O3,p00678,raw_lift,28,167,3083,78,60,55,5,18,0,200,552,15,15,30,0,6,767,1132,0,84bc8bf38ee2105603d036da87f960cde9ee388187b0c48d7cec09daa6c7b27d
public_v1,O3,p00678,brightened_main,5,78,1183,18,29,29,0,12,7,91,151,125,88,20,4,3,374,306,0,6041d9af5916f85db41cbdca193f05e408e0ed2f489d3c5726b46ea05ff139cc
public_v1,O3,p00678,bundle_verified_input,5,78,1183,18,29,29,0,12,7,91,151,125,88,20,4,3,374,306,0,09b4b6ca5b1eb30bcb8c2d17d5905ac9a8def2b6504f0e3971f64a8fee59c32d
public_v1,O3,p00678,bundle_pointer_opt,5,78,1183,18,29,29,0,12,7,91,151,125,88,20,4,3,374,306,0,09b4b6ca5b1eb30bcb8c2d17d5905ac9a8def2b6504f0e3971f64a8fee59c32d
public_v1,O3,p00678,bundle_standard_opt_3,5,78,1183,18,29,29,0,12,7,91,151,125,88,20,4,3,374,306,0,9f589ef9c84418f10d8df69f38b3135735a2120c0d730fabad56a2fec398723b
public_v1,O3,p00678,bundle_storage_delift,5,78,1183,18,29,29,0,12,7,91,151,125,88,20,4,3,374,306,0,9f589ef9c84418f10d8df69f38b3135735a2120c0d730fabad56a2fec398723b
public_v1,O3,p00678,bundle_residual_strip,5,78,1183,18,29,29,0,12,7,91,151,125,88,20,4,3,374,306,0,9f589ef9c84418f10d8df69f38b3135735a2120c0d730fabad56a2fec398723b
public_v1,O3,p00678,final_clean,5,78,1183,18,29,29,0,12,7,91,151,125,88,20,4,3,374,306,0,03787ea590943e47f2b3cae30961bb60a844f7c421009adac3cca5b1e2f17e0d
public_v1,O3,p00693,raw_lift,25,217,3887,93,48,43,5,15,0,202,574,16,3,47,0,3,792,1592,0,3a179320ebcdd1bf6653c1ca9cead83697b6bd1c5ff5cd4c31d5ecac87140adc
public_v1,O3,p00693,brightened_main,5,37,586,18,31,31,0,10,5,47,107,108,20,43,0,0,267,162,0,46a741ab4d562bca2fcd700bd5a84bd86c609c37c5c2316cda941a7fa7f7004b
public_v1,O3,p00693,bundle_verified_input,5,37,586,18,31,31,0,10,5,47,107,108,20,43,0,0,267,162,0,8c5ba70c3dd6feb7e5baed6bb5f42cd787bbb63ed7ff35bc9dbd7d65ff1e2b0c
public_v1,O3,p00693,bundle_pointer_opt,5,36,583,18,31,31,0,10,5,47,107,107,20,43,0,0,266,162,0,c623d1ad9f4382dd87fe1a563cb4e0b423ab93742b608602b530536d26694ee8
public_v1,O3,p00693,bundle_standard_opt_3,5,35,563,19,32,32,0,10,5,49,111,102,14,44,0,0,267,153,0,538a31e26e52e51fe90f3d7f89448c8b43599937b63da1d345da7ef231f89879
public_v1,O3,p00693,bundle_storage_delift,5,35,563,19,32,32,0,10,5,49,111,102,14,44,0,0,267,153,0,538a31e26e52e51fe90f3d7f89448c8b43599937b63da1d345da7ef231f89879
public_v1,O3,p00693,bundle_residual_strip,5,35,563,19,32,32,0,10,5,49,111,102,14,44,0,0,267,153,0,538a31e26e52e51fe90f3d7f89448c8b43599937b63da1d345da7ef231f89879
public_v1,O3,p00693,final_clean,5,35,563,19,32,32,0,10,5,49,111,102,14,44,0,0,267,153,0,3cffd01d212fe2135f79586fddcc9a6636b56963b58b4b98734ab576657c7eb8
public_v1,O3,p00788,raw_lift,26,153,2815,70,54,49,5,11,0,188,472,9,3,28,0,17,669,1052,0,508c0bbf7072bc9111c0f669f7d587353857794195753e695d8218c8bd85cc28
public_v1,O3,p00788,brightened_main,2,46,220,15,11,11,0,0,8,13,7,0,38,6,1,9,28,86,0,f0aabd1bc79bba7c77ef6c4ce7a6fc9fe75de2f7b72a402393714e78eebe426f
public_v1,O3,p00788,bundle_verified_input,2,46,220,15,11,11,0,0,8,13,7,0,38,6,1,9,28,86,0,55e052f6bb5f184051fd560560e41f0ab2f310c55242312cc2dc182f74a741f3
public_v1,O3,p00788,bundle_pointer_opt,2,42,203,14,11,11,0,0,8,11,7,0,24,9,1,9,26,75,0,054a9347e93ca8f9ed42ffd18e459e884235f2855f98713a2ab572de694188c8
public_v1,O3,p00788,bundle_standard_opt_3,2,42,191,14,11,11,0,0,2,4,2,0,30,11,1,9,8,83,0,86687df8e4a18bf3fe395cee2991b966e76b19fb70198b3513a6bd084d86cee6
public_v1,O3,p00788,bundle_storage_delift,2,42,191,14,11,11,0,0,2,4,2,0,30,11,1,9,8,83,0,86687df8e4a18bf3fe395cee2991b966e76b19fb70198b3513a6bd084d86cee6
public_v1,O3,p00788,bundle_residual_strip,2,42,191,14,11,11,0,0,2,4,2,0,30,11,1,9,8,83,0,86687df8e4a18bf3fe395cee2991b966e76b19fb70198b3513a6bd084d86cee6
public_v1,O3,p00788,final_clean,2,42,191,14,11,11,0,0,2,4,2,0,30,11,1,9,8,83,0,cd93b7bac8589cd46a90aa2082f2d855c2236885d14d27890056f67f4bfe10b7
public_v1,O3,p00793,raw_lift,31,162,3671,76,67,62,5,22,0,374,736,43,14,26,0,7,1153,1167,0,049fa2556787982324b07d8a3223b30fa4bbcfbd315ecf3745236f9e8141eaeb
public_v1,O3,p00793,brightened_main,9,102,4972,42,97,97,0,34,6,619,2429,136,430,14,9,4,3190,926,0,c87be83d60e53eae238023df9f5c3f6a2cbc66ef5175b728ac029ca415c55222
public_v1,O3,p00793,bundle_verified_input,9,102,4972,42,97,97,0,34,6,619,2429,136,430,14,9,4,3190,926,0,4cbab421704bf55b64a3af7e5c1ff0159a2f66682ab3ca8afe6644dafcd762ec
public_v1,O3,p00793,bundle_pointer_opt,9,102,4972,42,97,97,0,34,6,619,2429,136,430,14,9,4,3190,926,0,4cbab421704bf55b64a3af7e5c1ff0159a2f66682ab3ca8afe6644dafcd762ec
public_v1,O3,p00793,bundle_standard_opt_3,9,102,4825,42,97,97,0,34,6,598,2301,136,430,14,9,4,3041,928,0,645e6dbc66187333efa32fc1bd2536559a5de561f0f477e04ce68da517121637
public_v1,O3,p00793,bundle_storage_delift,9,102,4825,42,97,97,0,34,6,598,2301,136,430,14,9,4,3041,928,0,645e6dbc66187333efa32fc1bd2536559a5de561f0f477e04ce68da517121637
public_v1,O3,p00793,bundle_residual_strip,9,102,4825,42,97,97,0,34,6,598,2301,136,430,14,9,4,3041,928,0,645e6dbc66187333efa32fc1bd2536559a5de561f0f477e04ce68da517121637
public_v1,O3,p00793,final_clean,9,102,4798,42,97,97,0,34,6,598,2274,136,430,14,9,4,3014,928,0,8de889d018c113c3f2c0cc4c2027f2c6e1182acac843ba485faeaf7def6aac94
public_v1,O3,p00859,raw_lift,37,245,4458,97,80,73,7,25,0,299,720,32,5,47,0,3,1051,1694,0,9c2db843153b25753dc495b08057cb4d545dd8640d23069e05395933a4855287
public_v1,O3,p00859,brightened_main,7,93,1195,5,40,40,0,0,1,131,175,103,34,19,2,0,410,266,0,1564ed61a0bfd182c4adfdc1cb0147684e5e71ca3114fea16f58d510d39b503c
public_v1,O3,p00859,bundle_verified_input,7,93,1195,5,40,40,0,0,1,131,175,103,34,19,2,0,410,266,0,57a3452574370394d6a5fd2d93e0adf579b549a2b48ccdc64bcb9ea46c7ce5cf
public_v1,O3,p00859,bundle_pointer_opt,7,91,1183,5,40,40,0,0,1,131,175,106,34,19,2,0,413,262,0,4fadd9729f64de4ba3276958466098d9de8e86b9e727ae8e6ffa98113fc4fa17
public_v1,O3,p00859,bundle_standard_opt_3,7,91,863,6,41,41,0,0,1,96,166,90,33,19,2,0,353,176,0,9fc54fe9f28c672117be0f9b9171554d07dc2f6a3c67cb79159e08084c80583b
public_v1,O3,p00859,bundle_storage_delift,7,91,863,6,41,41,0,0,1,96,166,90,33,19,2,0,353,176,0,9fc54fe9f28c672117be0f9b9171554d07dc2f6a3c67cb79159e08084c80583b
public_v1,O3,p00859,bundle_residual_strip,7,91,863,6,41,41,0,0,1,96,166,90,33,19,2,0,353,176,0,9fc54fe9f28c672117be0f9b9171554d07dc2f6a3c67cb79159e08084c80583b
public_v1,O3,p00859,final_clean,7,91,847,6,41,41,0,0,1,96,164,76,33,19,2,0,337,176,0,d85f2b6c65d3ef812eba72cd57dddb3b6bd5f62ad08c908d804383f69350ac57
public_v1,O3,p00867,raw_lift,39,779,16443,356,139,134,5,51,0,1111,2277,100,13,199,0,3,3488,6642,0,7cea5cb9769a0b0359a5f256b39df12671ca3cf42206d9ef6e48dbbd6b0d63eb
public_v1,O3,p00867,brightened_main,13,400,5966,43,125,125,0,0,1,747,882,430,158,110,8,0,2060,1380,0,bb71b17865cb43a0a25beece5f8edc6a7a1d4b8ed03ba5e45a46efc74930af57
public_v1,O3,p00867,bundle_verified_input,13,400,5966,43,125,125,0,0,1,747,882,430,158,110,8,0,2060,1380,0,44e0dfbc069f15223723510b36dc610727fa6acd7270c3b4c1d75fa134c61e0a
public_v1,O3,p00867,bundle_pointer_opt,13,395,5854,43,125,125,0,0,1,747,882,420,156,110,8,0,2050,1375,0,3e8cb4cf6218f4b73d94306966051ea6fda3776fdb87d1ce2c199fe5b56caf72
public_v1,O3,p00867,bundle_standard_opt_3,13,422,5592,62,123,123,0,0,1,739,728,389,190,108,8,0,1857,1418,0,b99558ec662d398b23972dc5f47ce514e23274c5cf259c4f82fea496059fec83
public_v1,O3,p00867,bundle_storage_delift,13,422,5592,62,123,123,0,0,1,739,728,389,190,108,8,0,1857,1418,0,b99558ec662d398b23972dc5f47ce514e23274c5cf259c4f82fea496059fec83
public_v1,O3,p00867,bundle_residual_strip,13,422,5592,62,123,123,0,0,1,739,728,389,190,108,8,0,1857,1418,0,b99558ec662d398b23972dc5f47ce514e23274c5cf259c4f82fea496059fec83
public_v1,O3,p00867,final_clean,14,422,5391,62,125,125,0,0,1,738,654,321,179,105,8,0,1714,1399,0,e33414f8abd9a9886cb626586de82edfbacf1a428a61e017497590db55615d97
public_v1,O3,p01296,raw_lift,35,653,14249,301,142,137,5,58,0,909,2031,54,5,156,0,6,2994,5874,0,8a6c0b46553906490109a62755152b979707623a2e275b427db75b28bf994041
public_v1,O3,p01296,brightened_main,10,269,3947,31,229,229,0,0,1,567,502,267,58,53,7,2,1337,804,0,71c34c2215842c118667b99b7a428645cdad26af47ad6a23ee207e22c44c523a
public_v1,O3,p01296,bundle_verified_input,10,269,3947,31,229,229,0,0,1,567,502,267,58,53,7,2,1337,804,0,30236f44b436bb34dde831b6c3667f63ee59a99a21821096f54915831849d4b0
public_v1,O3,p01296,bundle_pointer_opt,10,262,3843,31,229,229,0,0,1,559,502,257,57,53,7,2,1319,793,0,eda23e4d88f1b6e374ce8de764b425ae440335f3b820e63387b6d1d55144d201
public_v1,O3,p01296,bundle_standard_opt_3,9,249,2269,32,220,220,0,0,1,424,318,194,58,53,7,2,937,455,0,83cf145023b7b2b527f338fc439bd065d31dbce55d3b38f0a24eb23489c09d4a
public_v1,O3,p01296,bundle_storage_delift,9,249,2269,32,220,220,0,0,1,424,318,194,58,53,7,2,937,455,0,83cf145023b7b2b527f338fc439bd065d31dbce55d3b38f0a24eb23489c09d4a
public_v1,O3,p01296,bundle_residual_strip,9,249,2269,32,220,220,0,0,1,424,318,194,58,53,7,2,937,455,0,83cf145023b7b2b527f338fc439bd065d31dbce55d3b38f0a24eb23489c09d4a
public_v1,O3,p01296,final_clean,9,233,2237,33,220,220,0,0,1,421,314,194,67,53,8,2,930,458,0,a4865e0823049c2d0ef3370842b4dcf2b016c17a3ce4b5a1960e7b7e204125ff
public_v1,O3,p01315,raw_lift,28,189,4160,77,66,61,5,23,0,289,652,35,3,37,0,3,976,1593,0,13142aa2549e673ac52c7185ad8a17dc2d42c206ac66327eae44911795515468
public_v1,O3,p01315,brightened_main,5,32,640,15,67,67,0,10,6,93,154,95,16,16,0,0,348,102,0,b7d2fe8d9ba3c60e59111e972ca80a2f66db8231bb5bc83034d71c5a4182a631
public_v1,O3,p01315,bundle_verified_input,5,32,640,15,67,67,0,10,6,93,154,95,16,16,0,0,348,102,0,b79804a19a2a67a6b83ffdeb162057b4048e9fb01cefe977f5afc575783ea19d
public_v1,O3,p01315,bundle_pointer_opt,5,32,634,15,67,67,0,10,6,93,154,95,13,16,0,0,348,98,0,26ea4416b347c1dc48f2aa47bda7b217f354f265c14f9c8dc6111624812bc90c
public_v1,O3,p01315,bundle_standard_opt_3,5,31,640,16,67,67,0,10,6,97,158,95,16,17,0,0,356,101,0,6b80869010b07138873ad9ee22db17bff14619860c7f71f4b533e0bb452addbb
public_v1,O3,p01315,bundle_storage_delift,5,31,640,16,67,67,0,10,6,97,158,95,16,17,0,0,356,101,0,6b80869010b07138873ad9ee22db17bff14619860c7f71f4b533e0bb452addbb
public_v1,O3,p01315,bundle_residual_strip,5,31,640,16,67,67,0,10,6,97,158,95,16,17,0,0,356,101,0,6b80869010b07138873ad9ee22db17bff14619860c7f71f4b533e0bb452addbb
public_v1,O3,p01315,final_clean,6,33,642,16,68,68,0,10,6,97,158,95,16,17,0,0,356,101,0,5211fdeb8d8d1dfd87c28769d7e0fdd4811acc218d5058df8b3e9e01ce9cfe45
public_v1,O3,p01571,raw_lift,43,611,13195,273,116,110,6,40,0,1023,1865,138,17,138,0,3,3026,5227,0,1591616c29b1fbd3a5b8463161afafc19bcc35f8093e24e0f9526b9a22582fe2
public_v1,O3,p01571,brightened_main,19,285,4390,26,270,270,0,10,6,703,505,400,131,68,9,0,1614,949,0,eacfc8a1393d34c09643a7b014a9a8a432925a6162030dc33a1b7f7d7971b34b
public_v1,O3,p01571,bundle_verified_input,19,285,4390,26,270,270,0,10,6,703,505,400,131,68,9,0,1614,949,0,9c427da02dd7aa63a15b1fa13b58f4f69e30c68cac75525766f0e016e9ddea91
public_v1,O3,p01571,bundle_pointer_opt,19,274,4270,25,268,268,0,8,5,699,492,378,130,67,9,0,1574,939,0,c0ff42538c97baf70c0d2aae6b219ec08cd66bc9db6b19895c99f53654dd3d30
public_v1,O3,p01571,bundle_standard_opt_3,19,275,3549,26,269,269,0,9,5,635,404,347,121,68,9,0,1391,766,0,760b6fbfe7236f60737234e955ff2a420825dc7777229dce00a0afd7a4895a0f
public_v1,O3,p01571,bundle_storage_delift,19,275,3549,26,269,269,0,9,5,635,404,347,121,68,9,0,1391,766,0,760b6fbfe7236f60737234e955ff2a420825dc7777229dce00a0afd7a4895a0f
public_v1,O3,p01571,bundle_residual_strip,19,275,3549,26,269,269,0,9,5,635,404,347,121,68,9,0,1391,766,0,760b6fbfe7236f60737234e955ff2a420825dc7777229dce00a0afd7a4895a0f
public_v1,O3,p01571,final_clean,19,275,3283,26,269,269,0,9,5,617,404,335,111,68,9,0,1361,689,0,daefe24bd8a16aab7bfad2af5b9bfc23429c525509ae3c94c2a1ae5acc56e035
public_v1,O3,p01687,raw_lift,31,166,2708,64,53,48,5,13,0,163,443,12,5,36,0,3,618,1030,0,4ec01ceec8256795666ffc75d2faca41e5dd26c1506c2e5656a7d1ae03b74a01
public_v1,O3,p01687,brightened_main,4,50,630,15,10,10,0,0,1,54,78,112,15,68,1,0,245,209,0,cd322644c809a60fabeb3f970679ff510a4b2b0c845b774f4dbd77add7e07f13
public_v1,O3,p01687,bundle_verified_input,4,50,630,15,10,10,0,0,1,54,78,112,15,68,1,0,245,209,0,f4dea33ddd6599c6757bd9867f1eb823b6d300d14fbe3971ea3e61616b23ee74
public_v1,O3,p01687,bundle_pointer_opt,4,49,627,15,10,10,0,0,1,54,78,111,15,68,1,0,244,209,0,828872f91b092f185ad97552fbaca62e52cf879ddefaa60506176ee07776e824
public_v1,O3,p01687,bundle_standard_opt_3,3,46,539,15,9,9,0,0,1,47,66,91,7,64,1,0,205,183,0,a7d1368fba14e616f23daf044959f88c396ec9e3a234576216a81a67140b14a8
public_v1,O3,p01687,bundle_storage_delift,3,46,539,15,9,9,0,0,1,47,66,91,7,64,1,0,205,183,0,a7d1368fba14e616f23daf044959f88c396ec9e3a234576216a81a67140b14a8
public_v1,O3,p01687,bundle_residual_strip,3,46,539,15,9,9,0,0,1,47,66,91,7,64,1,0,205,183,0,a7d1368fba14e616f23daf044959f88c396ec9e3a234576216a81a67140b14a8
public_v1,O3,p01687,final_clean,3,46,343,15,9,9,0,0,1,37,56,42,6,24,1,0,136,97,0,60f26836fb5f418834ebb60c6fbd946a7027f7f40624ffb9070d9c7cd72084ea
public_v1,O3,p01766,raw_lift,26,144,2584,57,43,38,5,10,0,149,358,43,3,28,0,3,550,994,0,c2308046eb5f1d068574e0f8fd7a7ae67b0d5ef46da68c8ddd4de78b1ed33ddd
public_v1,O3,p01766,brightened_main,2,23,291,11,13,13,0,9,6,22,48,67,7,10,0,0,143,61,0,7ee47b557ea04235d6d2d743f1b6a6c50b64f8b0f2c2d4ac9fa6df341db17616
public_v1,O3,p01766,bundle_verified_input,2,23,291,11,13,13,0,9,6,22,48,67,7,10,0,0,143,61,0,48b08d0811c1c06b6c8459e395068b2c755c701150250f03a77c116f9eb68434
public_v1,O3,p01766,bundle_pointer_opt,2,22,290,11,13,13,0,9,6,22,48,67,7,10,0,0,143,61,0,ec19a1abc652aedead1ca97d0bb0c2375a2afeb48a54ebb368931895aae56c2e
public_v1,O3,p01766,bundle_standard_opt_3,2,22,290,11,13,13,0,9,6,22,48,67,7,10,0,0,143,61,0,ec19a1abc652aedead1ca97d0bb0c2375a2afeb48a54ebb368931895aae56c2e
public_v1,O3,p01766,bundle_storage_delift,2,22,290,11,13,13,0,9,6,22,48,67,7,10,0,0,143,61,0,ec19a1abc652aedead1ca97d0bb0c2375a2afeb48a54ebb368931895aae56c2e
public_v1,O3,p01766,bundle_residual_strip,2,22,290,11,13,13,0,9,6,22,48,67,7,10,0,0,143,61,0,ec19a1abc652aedead1ca97d0bb0c2375a2afeb48a54ebb368931895aae56c2e
public_v1,O3,p01766,final_clean,2,22,290,11,13,13,0,9,6,22,48,67,7,10,0,0,143,61,0,7fab40117339938ee994044f93068e07075c8304e86e7bf22457606c32f18882
public_v1,O3,p01970,raw_lift,27,199,3585,82,46,41,5,13,0,185,496,34,5,42,0,3,715,1433,0,8fc35cc26657006371bbe31bcd544b306024bdb3eb0ab8596272c1508962bc83
public_v1,O3,p01970,brightened_main,2,68,294,4,6,6,0,0,0,19,13,23,27,13,2,0,55,93,0,b7ca08eb2ea159b696e9a42d698ff6dc69a1e0b102f0d8bb2c645f99592d3525
public_v1,O3,p01970,bundle_verified_input,2,68,294,4,6,6,0,0,0,19,13,23,27,13,2,0,55,93,0,2c11e9e92fec19312bbc435f04dbe7d63996fac2e8004ef09cd077c6613afb32
public_v1,O3,p01970,bundle_pointer_opt,2,68,294,4,6,6,0,0,0,19,13,23,27,13,2,0,55,93,0,2c11e9e92fec19312bbc435f04dbe7d63996fac2e8004ef09cd077c6613afb32
public_v1,O3,p01970,bundle_standard_opt_3,2,68,294,4,6,6,0,0,0,19,13,23,27,13,2,0,55,93,0,33f2c16ac1b07bf2046e15042454138bca77f7ce0b9301ba99a414e097e64f1a
public_v1,O3,p01970,bundle_storage_delift,2,68,294,4,6,6,0,0,0,19,13,23,27,13,2,0,55,93,0,33f2c16ac1b07bf2046e15042454138bca77f7ce0b9301ba99a414e097e64f1a
public_v1,O3,p01970,bundle_residual_strip,2,68,294,4,6,6,0,0,0,19,13,23,27,13,2,0,55,93,0,33f2c16ac1b07bf2046e15042454138bca77f7ce0b9301ba99a414e097e64f1a
public_v1,O3,p01970,final_clean,2,68,294,4,6,6,0,0,0,19,13,23,27,13,2,0,55,93,0,6027819524aabc4114f839a80d40bfef8c08d8c5a6205bfe1da695e008e2f006
public_v1,O3,p02029,raw_lift,30,295,5775,126,75,70,5,25,0,415,860,58,7,64,0,3,1333,2263,0,5d6edbe855ff5485dffce8ef6cb579227584e78c52079356622604ba53105b0b
public_v1,O3,p02029,brightened_main,7,133,1561,8,89,89,0,0,1,228,256,148,46,26,3,0,633,322,0,ee1ce1641b9b4247e6adc5ffa8b9d835a8afdc5bce1987c51dc70b0e2de4e0ab
public_v1,O3,p02029,bundle_verified_input,7,133,1561,8,89,89,0,0,1,228,256,148,46,26,3,0,633,322,0,81cbb6a1139537098f82b9333a6901c33397b0847addecff3e99f3a93e1800a1
public_v1,O3,p02029,bundle_pointer_opt,7,129,1528,8,89,89,0,0,1,226,256,150,46,26,3,0,633,318,0,0b9a97f98cad9ee42d398eb5bc998487d06edda37abf561936b447f5405c926b
public_v1,O3,p02029,bundle_standard_opt_3,7,136,1426,12,91,91,0,0,1,221,258,147,53,27,3,0,627,281,0,f4fbc90ca67b745163a996bc6e76de8562c7ee8130787df25319d6287f93eb54
public_v1,O3,p02029,bundle_storage_delift,7,136,1426,12,91,91,0,0,1,221,258,147,53,27,3,0,627,281,0,f4fbc90ca67b745163a996bc6e76de8562c7ee8130787df25319d6287f93eb54
public_v1,O3,p02029,bundle_residual_strip,7,136,1426,12,91,91,0,0,1,221,258,147,53,27,3,0,627,281,0,f4fbc90ca67b745163a996bc6e76de8562c7ee8130787df25319d6287f93eb54
public_v1,O3,p02029,final_clean,6,135,1382,12,90,90,0,0,1,219,254,129,51,26,3,0,603,272,0,e041bf7c03cd491883c275a52d5bee0291759c6c8592010ee878a909266f59ab
public_v1,O3,p02100,raw_lift,27,147,2215,56,43,38,5,12,0,151,372,13,3,25,0,3,536,818,0,033500d31a0c4456a162121746a7e37b40af9903d85aaa1b16fdaf21db16c739
public_v1,O3,p02100,brightened_main,4,43,391,10,21,21,0,0,1,42,79,54,20,18,1,0,176,88,0,2993b2d1ecec8b61f6b49db7d2ad80a0f9f2779a498821e60872bec535cba635
public_v1,O3,p02100,bundle_verified_input,4,43,391,10,21,21,0,0,1,42,79,54,20,18,1,0,176,88,0,d72c67112a86360831d995a7d08043f339f1a0556f64ce7f03a753e1f1e3adbf
public_v1,O3,p02100,bundle_pointer_opt,4,42,388,10,21,21,0,0,1,42,79,57,20,18,1,0,179,88,0,74ee7c410c7328ff41b45c3ecc68051370ffd63e15e5226e8a5cee8a5ef649d5
public_v1,O3,p02100,bundle_standard_opt_3,3,41,359,10,19,19,0,0,1,39,77,52,14,20,1,0,169,81,0,fcc5eabbc2e7cec9a0472d22760862afbeceb3ff4c51990d2123eb9a21ee6b6e
public_v1,O3,p02100,bundle_storage_delift,3,41,359,10,19,19,0,0,1,39,77,52,14,20,1,0,169,81,0,fcc5eabbc2e7cec9a0472d22760862afbeceb3ff4c51990d2123eb9a21ee6b6e
public_v1,O3,p02100,bundle_residual_strip,3,41,359,10,19,19,0,0,1,39,77,52,14,20,1,0,169,81,0,fcc5eabbc2e7cec9a0472d22760862afbeceb3ff4c51990d2123eb9a21ee6b6e
public_v1,O3,p02100,final_clean,4,43,309,10,15,15,0,0,1,28,72,42,13,14,1,0,143,66,0,755a450d521b613946214c3a41d9bebb8dffd3e001971a4bd36bdfb5fc313119
public_v1,O3,p02289,raw_lift,34,460,8947,205,102,97,5,43,0,563,1306,19,11,102,0,5,1888,3625,0,9395d343108753e6c31709db378db938c8ddfe2b7dd296336f79c5e95354b282
public_v1,O3,p02289,brightened_main,6,221,1982,13,134,134,0,0,2,292,338,164,81,37,7,0,796,365,0,2aa2e0e9cd5e2b8bbb6eb1c3745ca576ddde39848882c38436c06af43a3b1999
public_v1,O3,p02289,bundle_verified_input,6,221,1982,13,134,134,0,0,2,292,338,164,81,37,7,0,796,365,0,a8c40a6256c8cf9752ef0bcc0de7e3fee558a1819d70277476d9b36133175541
public_v1,O3,p02289,bundle_pointer_opt,6,218,1949,13,134,134,0,0,2,291,338,161,81,37,7,0,792,363,0,869bdf69ae4880c5844ef8d5a651dc2acedf590486aa493d5d75bf3efc080c91
public_v1,O3,p02289,bundle_standard_opt_3,6,217,1772,13,134,134,0,0,2,279,323,153,72,37,7,0,757,306,0,59897c89a9698a88dd31658f04d8d10f33ffbf3d60d658e34af1347ed017ffb6
public_v1,O3,p02289,bundle_storage_delift,6,217,1772,13,134,134,0,0,2,279,323,153,72,37,7,0,757,306,0,59897c89a9698a88dd31658f04d8d10f33ffbf3d60d658e34af1347ed017ffb6
public_v1,O3,p02289,bundle_residual_strip,6,217,1772,13,134,134,0,0,2,279,323,153,72,37,7,0,757,306,0,59897c89a9698a88dd31658f04d8d10f33ffbf3d60d658e34af1347ed017ffb6
public_v1,O3,p02289,final_clean,6,217,1620,13,133,133,0,0,2,268,323,130,75,37,7,0,723,280,0,6469a5a34f6fc9730416192c964cbdfe43e1cbba932f528d5763390c884ea293
public_v1,O3,p02474,raw_lift,26,184,3373,79,53,48,5,16,0,167,488,27,3,36,0,7,682,1329,0,ee6fd8bc71229519b27ce4ac1a7686d167aa9a10947a660d3b82d7bb8e391bb9
public_v1,O3,p02474,brightened_main,2,22,142,12,6,6,0,0,0,13,5,15,12,3,0,0,33,45,0,cddb91ead5e6ed78a8e3bdcc2cc745e69ebe34f512a144d06665715045e19522
public_v1,O3,p02474,bundle_verified_input,2,22,142,12,6,6,0,0,0,13,5,15,12,3,0,0,33,45,0,d50813cf0ecc0352a488561550e1f3f738901dfdd338eb5e48ef7d826d5e6d10
public_v1,O3,p02474,bundle_pointer_opt,2,22,142,12,6,6,0,0,0,13,5,15,12,3,0,0,33,45,0,d50813cf0ecc0352a488561550e1f3f738901dfdd338eb5e48ef7d826d5e6d10
public_v1,O3,p02474,bundle_standard_opt_3,2,22,141,12,6,6,0,0,0,13,5,15,12,3,0,0,33,44,0,1561170cc6b1b7fc48007a271192087c53190711737b284cf8bf493af6e65b79
public_v1,O3,p02474,bundle_storage_delift,2,22,141,12,6,6,0,0,0,13,5,15,12,3,0,0,33,44,0,1561170cc6b1b7fc48007a271192087c53190711737b284cf8bf493af6e65b79
public_v1,O3,p02474,bundle_residual_strip,2,22,141,12,6,6,0,0,0,13,5,15,12,3,0,0,33,44,0,1561170cc6b1b7fc48007a271192087c53190711737b284cf8bf493af6e65b79
public_v1,O3,p02474,final_clean,2,22,141,12,6,6,0,0,0,13,5,15,12,3,0,0,33,44,0,f8686a74ffd55dd78aeb595a90bdb3936e7d0699ee59b28b1fdf590041b4b3fb
public_v1,O3,p02477,raw_lift,33,1103,20673,548,124,119,5,48,0,1227,2722,15,5,258,0,39,3964,8530,0,c02bfc9682f06038a745eccb070c74e155259f923716028ead82b8994558bdf8
public_v1,O3,p02477,brightened_main,5,132,1421,10,49,49,0,0,1,186,197,79,47,23,3,0,463,319,0,e6e5a4057850be3fd9bb86a5a9a0b7b850064992aa340052b572210813b586de
public_v1,O3,p02477,bundle_verified_input,5,132,1421,10,49,49,0,0,1,186,197,79,47,23,3,0,463,319,0,6179e8d648ba3616a8ee8c517befccce391b944f4db0001cd6384912b272da31
public_v1,O3,p02477,bundle_pointer_opt,5,130,1395,10,49,49,0,0,1,186,197,79,46,23,3,0,463,316,0,5663178a5bf3d7adc09edf128284cd21cdcb04ca7eb7e1479402fc304ed48ea1
public_v1,O3,p02477,bundle_standard_opt_3,5,129,1367,11,47,47,0,0,1,184,199,69,49,22,3,0,453,311,0,1ddbbecbde3ce0a6731120260cd6e0ad0e6865f38f3a752cd0b0608e84e66ef4
public_v1,O3,p02477,bundle_storage_delift,5,129,1367,11,47,47,0,0,1,184,199,69,49,22,3,0,453,311,0,1ddbbecbde3ce0a6731120260cd6e0ad0e6865f38f3a752cd0b0608e84e66ef4
public_v1,O3,p02477,bundle_residual_strip,5,129,1367,11,47,47,0,0,1,184,199,69,49,22,3,0,453,311,0,1ddbbecbde3ce0a6731120260cd6e0ad0e6865f38f3a752cd0b0608e84e66ef4
public_v1,O3,p02477,final_clean,5,129,1361,11,47,47,0,0,1,183,199,64,49,22,3,0,447,311,0,ac93eac6b8921c7626f132d0ca96bba7fca4aafef60fe93ec35aaa9d9ede4079
public_v1,O3,p02788,raw_lift,31,315,7265,136,101,96,5,37,0,564,1143,50,11,66,0,7,1757,2704,0,b1c1271f7e398275cdce5cbf14a3162088963c1c7c16948f972d0cc2fef89546
public_v1,O3,p02788,brightened_main,7,155,2267,29,95,95,0,0,1,343,285,269,90,25,5,4,898,467,0,43e2364f4e3a928bcd711e2a3c0759f0043259080382b90bba3ba1b7ffc70b80
public_v1,O3,p02788,bundle_verified_input,7,155,2267,29,95,95,0,0,1,343,285,269,90,25,5,4,898,467,0,535e46153e2060b9d1bb7f5fcb2a6528a5dde873ca171822d8dcbae724da4be5
public_v1,O3,p02788,bundle_pointer_opt,7,129,1957,26,91,91,0,0,1,297,258,236,58,24,3,4,792,397,0,b04062f40e11b91318a9d86d50f271ba12816e106a4f2acc15bdf1f2769fa1fb
public_v1,O3,p02788,bundle_standard_opt_3,7,128,1796,25,91,91,0,0,1,275,221,192,63,24,3,4,689,373,0,49bdcd59295c3ac8d742df52f3fadecf6f70fdbde3a3ef892a70d8007e915fe8
public_v1,O3,p02788,bundle_storage_delift,7,128,1796,25,91,91,0,0,1,275,221,192,63,24,3,4,689,373,0,49bdcd59295c3ac8d742df52f3fadecf6f70fdbde3a3ef892a70d8007e915fe8
public_v1,O3,p02788,bundle_residual_strip,7,128,1796,25,91,91,0,0,1,275,221,192,63,24,3,4,689,373,0,49bdcd59295c3ac8d742df52f3fadecf6f70fdbde3a3ef892a70d8007e915fe8
public_v1,O3,p02788,final_clean,7,128,1786,25,91,91,0,0,1,275,221,182,63,24,3,4,679,373,0,d92d3ce2a9a376c4247ce222a72d563d7f50224d3e3d4233e1bbba171da31d25
public_v1,O3,p02814,raw_lift,36,210,4450,96,103,97,6,30,0,331,791,41,9,33,0,26,1163,1569,0,fff83af103eab2b85e842ffee9abf5dfca8b8ad3d622419c0e39e04f6a026681
public_v1,O3,p02814,brightened_main,8,83,1109,26,106,106,0,13,7,138,224,177,28,23,1,16,546,198,0,85829c3e3e02cc7d7a349cf12b796a026b80807404ecb88d871786bc367237e3
public_v1,O3,p02814,bundle_verified_input,8,83,1109,26,106,106,0,13,7,138,224,177,28,23,1,16,546,198,0,5ef2967e62e078e5827e718cf3b7cf2abf849d3f0081c9e95e8a6da32026ae63
public_v1,O3,p02814,bundle_pointer_opt,8,81,1082,26,106,106,0,13,7,133,224,174,28,23,1,16,538,197,0,d3d9e9eecc75f71ec7b3072ac5fca9780ae76753f67a291524e9d360966b635b
public_v1,O3,p02814,bundle_standard_opt_3,8,81,996,26,107,107,0,13,7,128,183,148,30,21,1,16,466,194,0,a9faed7d9ed1b7501ac9b9ca0e0634c10e7130e142631b35c6e41de033df8793
public_v1,O3,p02814,bundle_storage_delift,8,81,996,26,107,107,0,13,7,128,183,148,30,21,1,16,466,194,0,a9faed7d9ed1b7501ac9b9ca0e0634c10e7130e142631b35c6e41de033df8793
public_v1,O3,p02814,bundle_residual_strip,8,81,996,26,107,107,0,13,7,128,183,148,30,21,1,16,466,194,0,a9faed7d9ed1b7501ac9b9ca0e0634c10e7130e142631b35c6e41de033df8793
public_v1,O3,p02814,final_clean,8,81,991,26,102,102,0,13,7,125,183,150,30,21,1,16,465,193,0,648c0fa6ef0c2258b97d6e4166c37711e3e275b469a994385e3db71032456136
public_v1,O3,p02950,raw_lift,25,263,5340,137,96,91,5,30,0,284,833,16,3,52,0,31,1133,2070,0,d2a880c2500da3a81d73c7cb769d7d11e3fb7747855f57d7b97b4c785903f0f0
public_v1,O3,p02950,brightened_main,4,104,785,28,46,46,0,0,1,108,91,69,7,17,1,24,269,172,0,8ccd3c093f9ef1482d8cec27f7a01a8a9ab58eb5212b86ed904f9ed8d8984a04
public_v1,O3,p02950,bundle_verified_input,4,104,785,28,46,46,0,0,1,108,91,69,7,17,1,24,269,172,0,015f8d572a73a98a32711437cfea8ca7b4b13e04950da887d517a8a167350d1d
public_v1,O3,p02950,bundle_pointer_opt,4,103,780,28,46,46,0,0,1,108,91,71,7,17,1,24,271,172,0,64dc98b9fc30fb19b0be8bc7a3a4907860ba2ab756fba05fa9e2c51994a6ce90
public_v1,O3,p02950,bundle_standard_opt_3,4,102,728,29,47,47,0,0,1,108,96,56,4,18,1,24,261,157,0,11f76d2ac187953c80121130f196358063f7dbc9511d26dbe07fbd62ddacfa8e
public_v1,O3,p02950,bundle_storage_delift,4,102,728,29,47,47,0,0,1,108,96,56,4,18,1,24,261,157,0,11f76d2ac187953c80121130f196358063f7dbc9511d26dbe07fbd62ddacfa8e
public_v1,O3,p02950,bundle_residual_strip,4,102,728,29,47,47,0,0,1,108,96,56,4,18,1,24,261,157,0,11f76d2ac187953c80121130f196358063f7dbc9511d26dbe07fbd62ddacfa8e
public_v1,O3,p02950,final_clean,4,102,722,29,47,47,0,0,1,108,96,50,4,18,1,24,255,157,0,1718f9e3022946568adfda3b09dc1008d6dfa66328e547969d582c03f0f1df1a
public_v1,O3,p03006,raw_lift,85,1071,22007,520,267,258,9,118,0,1598,3506,107,23,201,0,76,5211,8246,6,49aaee6e8d74c82a0b38cae763a179a317b0070cea4b9ae49764eb5e276597fe
public_v1,O3,p03006,brightened_main,3,91,704,7,10,10,0,1,2,81,102,127,12,48,4,0,312,140,0,796ee7ef78610f8df6cfb588638e3efe0e983a5e2cf2521cb08641750b3342c0
public_v1,O3,p03006,bundle_verified_input,3,91,704,7,10,10,0,1,2,81,102,127,12,48,4,0,312,140,0,f75c6acd43d5883e0f16e9d045f23e52074057fc9aeb94aed889f799c105c93f
public_v1,O3,p03006,bundle_pointer_opt,3,90,691,7,10,10,0,1,2,81,102,126,11,48,4,0,311,137,0,ba9f2fa247c73862197dc6e7c07f1498e545fd860d1f9838922a461ac147a984
public_v1,O3,p03006,bundle_standard_opt_3,3,91,617,7,10,10,0,1,2,80,101,112,13,36,4,0,295,108,0,fb9611b1e373d78a57f8d4c2ba7c9bdd4c4574f4a46db4d93e7dea8a2b2682a5
public_v1,O3,p03006,bundle_storage_delift,3,91,617,7,10,10,0,1,2,80,101,112,13,36,4,0,295,108,0,fb9611b1e373d78a57f8d4c2ba7c9bdd4c4574f4a46db4d93e7dea8a2b2682a5
public_v1,O3,p03006,bundle_residual_strip,3,91,617,7,10,10,0,1,2,80,101,112,13,36,4,0,295,108,0,fb9611b1e373d78a57f8d4c2ba7c9bdd4c4574f4a46db4d93e7dea8a2b2682a5
public_v1,O3,p03006,final_clean,3,91,613,7,10,10,0,1,2,80,101,108,13,36,4,0,291,108,0,2eb8ce53a0e938356da3fdc89bc384cb5c0539db3f931dbbd3606f20528ce838
public_v1,O3,p03111,raw_lift,84,1115,23532,513,280,269,11,123,0,1736,3736,126,37,234,0,52,5598,8813,0,1973567e475d860ea98ad0519aae5e9b033d518dfb9279e0006a2b48aa6689ff
public_v1,O3,p03111,brightened_main,5,68,1374,10,129,129,0,32,17,157,292,241,24,13,1,4,707,176,0,7735a804907c4335a34c62a66f8ae316ad32cedcfae392fa5a331d7f27e0ed5e
public_v1,O3,p03111,bundle_verified_input,5,68,1374,10,129,129,0,32,17,157,292,241,24,13,1,4,707,176,0,d0d23fe39e942decd01e74467f278321d241ac03ae3d9dd1ac51a00bcf95de33
public_v1,O3,p03111,bundle_pointer_opt,5,66,1348,10,129,129,0,32,17,157,292,239,22,13,1,4,705,170,0,45742285c978d125c60ffd276dab3258749921d36036c8ac0e502cc7f185565e
public_v1,O3,p03111,bundle_standard_opt_3,5,66,1315,10,129,129,0,32,17,153,286,232,24,13,1,4,688,166,0,11706a26041972e27414383ad4e6e7ffaf4cb02119753437187dc1ee251fcb55
public_v1,O3,p03111,bundle_storage_delift,5,66,1315,10,129,129,0,32,17,153,286,232,24,13,1,4,688,166,0,11706a26041972e27414383ad4e6e7ffaf4cb02119753437187dc1ee251fcb55
public_v1,O3,p03111,bundle_residual_strip,5,66,1315,10,129,129,0,32,17,153,286,232,24,13,1,4,688,166,0,11706a26041972e27414383ad4e6e7ffaf4cb02119753437187dc1ee251fcb55
public_v1,O3,p03111,final_clean,5,66,1311,10,129,129,0,32,17,153,286,228,24,13,1,4,684,166,0,d263efd63dda691e0ffd4df4a0ecab0b5fbcdc40aac07116c93e0f8d3d0610d0
public_v1,O3,p03142,raw_lift,115,2005,42222,939,454,443,11,207,0,3028,6529,225,63,442,0,83,9782,16123,0,f66742774210b2933381b38d0a69d4d2cb075fca5ce39f19fae7d631f06e73c2
public_v1,O3,p03142,brightened_main,4,79,1435,3,112,112,0,24,13,195,263,206,32,13,3,0,677,245,0,f7b053d9c69563614985aecfdd2a07600c0925c522ffc417b217174b2ba8e80f
public_v1,O3,p03142,bundle_verified_input,4,79,1435,3,112,112,0,24,13,195,263,206,32,13,3,0,677,245,0,db161be874bf2fc8daa7bbd1bde7383237639a0fb37a6108da48d9c5da54faa4
public_v1,O3,p03142,bundle_pointer_opt,4,78,1428,3,112,112,0,24,13,195,263,205,32,13,3,0,676,243,0,d73e9f1bcf627cbc764ce03d0de27765bd2cc24ecb4e618f40ad0643b7eba35e
public_v1,O3,p03142,bundle_standard_opt_3,4,78,1343,3,112,112,0,24,13,195,216,193,28,13,3,0,617,237,0,3c431080fc033cc5eb0af1b134162c598ae1c79098215d7918400c6882c86b55
public_v1,O3,p03142,bundle_storage_delift,4,78,1343,3,112,112,0,24,13,195,216,193,28,13,3,0,617,237,0,3c431080fc033cc5eb0af1b134162c598ae1c79098215d7918400c6882c86b55
public_v1,O3,p03142,bundle_residual_strip,4,78,1343,3,112,112,0,24,13,195,216,193,28,13,3,0,617,237,0,3c431080fc033cc5eb0af1b134162c598ae1c79098215d7918400c6882c86b55
public_v1,O3,p03142,final_clean,4,78,1341,3,112,112,0,24,13,194,216,192,28,13,3,0,615,237,0,8e311dcd24841c22e76233795efb630e66e5bb105e8e371cd0855bec24f4025f
public_v1,O3,p03199,raw_lift,37,470,10466,216,107,100,7,38,0,607,1445,32,7,108,2,15,2084,4251,0,13a3f480dee85cf9db2e730a660ac8bc65518bde6254d2e03ad2535354208d23
public_v1,O3,p03199,brightened_main,9,202,1977,33,68,68,0,4,11,251,463,233,62,40,4,5,958,368,0,85a8de5937bc5d35db39f913919977d92a885bbc762d0abae8876c0236db2f2e
public_v1,O3,p03199,bundle_verified_input,9,202,1977,33,68,68,0,4,11,251,463,233,62,40,4,5,958,368,0,8dd5a91155ea45ee4f61bee513ac787b0f575b2fc2af3daba29dcd6bed25076f
public_v1,O3,p03199,bundle_pointer_opt,9,200,1953,33,68,68,0,4,11,247,463,229,61,40,4,5,950,363,0,4a3c841203cf3f765e1f91badf4aaa46390bb227d88864e712d303af35a19705
public_v1,O3,p03199,bundle_standard_opt_3,9,200,1831,33,68,68,0,4,11,238,457,214,53,40,4,5,920,331,0,aa1d8cfda1e83a3436f2490e3119781cab3012544577bc10da985a0c911296fb
public_v1,O3,p03199,bundle_storage_delift,9,200,1831,33,68,68,0,4,11,238,457,214,53,40,4,5,920,331,0,aa1d8cfda1e83a3436f2490e3119781cab3012544577bc10da985a0c911296fb
public_v1,O3,p03199,bundle_residual_strip,9,200,1831,33,68,68,0,4,11,238,457,214,53,40,4,5,920,331,0,aa1d8cfda1e83a3436f2490e3119781cab3012544577bc10da985a0c911296fb
public_v1,O3,p03199,final_clean,9,200,1774,33,68,68,0,4,11,231,457,175,50,39,4,5,874,324,0,a281f0f213352b547e40b217c54ffcc89f26f9140c53091744d3059fc915edb5
public_v1,O3,p03261,raw_lift,79,862,17344,424,247,238,9,103,0,1190,2864,80,25,154,0,76,4134,6356,6,82ec68eb83b65f8bec5681e67eed76b7c49bf475bbdfdf41fc26e5b3600cf9a9
public_v1,O3,p03261,brightened_main,2,17,131,10,5,5,0,0,1,5,34,21,7,7,0,0,61,35,0,52f0584f401dc31d89d7f7e4730d36a2af793f8b28eae47df739c9758398720c
public_v1,O3,p03261,bundle_verified_input,2,17,131,10,5,5,0,0,1,5,34,21,7,7,0,0,61,35,0,0e1cde9c9a58a663ebf92f8a7ee102eeb2e3fd8b46ded6e65f96733b6030a96d
public_v1,O3,p03261,bundle_pointer_opt,2,17,131,10,5,5,0,0,1,5,34,21,7,7,0,0,61,35,0,0e1cde9c9a58a663ebf92f8a7ee102eeb2e3fd8b46ded6e65f96733b6030a96d
public_v1,O3,p03261,bundle_standard_opt_3,2,17,131,10,5,5,0,0,1,5,34,21,7,7,0,0,61,35,0,e4c3be85e860152d4a3399261ae585c0b7ac425ad05386dc3a9605e8f8eafb47
public_v1,O3,p03261,bundle_storage_delift,2,17,131,10,5,5,0,0,1,5,34,21,7,7,0,0,61,35,0,e4c3be85e860152d4a3399261ae585c0b7ac425ad05386dc3a9605e8f8eafb47
public_v1,O3,p03261,bundle_residual_strip,2,17,131,10,5,5,0,0,1,5,34,21,7,7,0,0,61,35,0,e4c3be85e860152d4a3399261ae585c0b7ac425ad05386dc3a9605e8f8eafb47
public_v1,O3,p03261,final_clean,1,16,130,10,5,5,0,0,1,5,34,21,7,7,0,0,61,35,0,d157a638551042fd4b4b61487f5a38196b7c91854b50296f0a0ffdadf38f9372
public_v1,O3,p03430,raw_lift,27,184,4186,76,52,47,5,13,0,317,552,21,3,36,0,3,890,1538,0,a2ac3f2057cc4e618ed1157ba81aedcfb99284eb37bcf218329302603fbd8eba
public_v1,O3,p03430,brightened_main,4,81,1324,2,143,143,0,12,7,251,121,94,12,18,2,0,473,217,0,7d20fc7affc3cc6244777888244677d113f991710283fd9599af41f1507947a0
public_v1,O3,p03430,bundle_verified_input,4,81,1324,2,143,143,0,12,7,251,121,94,12,18,2,0,473,217,0,99f9eb0f787f43dd869481c954fb22e0f94bfb8ae08d91b8b0f93fd7886026f8
public_v1,O3,p03430,bundle_pointer_opt,4,79,1322,2,143,143,0,12,7,251,121,94,12,18,2,0,473,217,0,84d79edae0b6b86c0ba8197418733b3eeb1f32596d90b9e98c1de94d5275a6f1
public_v1,O3,p03430,bundle_standard_opt_3,4,79,1322,2,143,143,0,12,7,251,121,94,12,18,2,0,473,217,0,d8a746177e5e72fefd20375848e763d4a8b6d8a3cf0b19c619c35f4a33a82a4a
public_v1,O3,p03430,bundle_storage_delift,4,79,1322,2,143,143,0,12,7,251,121,94,12,18,2,0,473,217,0,d8a746177e5e72fefd20375848e763d4a8b6d8a3cf0b19c619c35f4a33a82a4a
public_v1,O3,p03430,bundle_residual_strip,4,79,1322,2,143,143,0,12,7,251,121,94,12,18,2,0,473,217,0,d8a746177e5e72fefd20375848e763d4a8b6d8a3cf0b19c619c35f4a33a82a4a
public_v1,O3,p03430,final_clean,4,79,1322,2,143,143,0,12,7,251,121,94,12,18,2,0,473,217,0,019d5a87cc981789ddd040fe0ef3f1da48c3fcb69151baaef9ac788d7233cb10
public_v1,O3,p03434,raw_lift,68,877,17527,390,173,167,6,80,0,1211,2537,81,23,187,0,20,3829,6774,0,44899a95cb34ba80508449a35d95459f3e07bfb1072bff170b7fc4da0e0a9504
public_v1,O3,p03434,brightened_main,4,24,272,5,14,14,0,4,4,31,66,41,15,8,1,0,142,58,0,b2800c54fccf2ba08fb45455364337cf7e5857b42b232b807fd77d114f8c2f86
public_v1,O3,p03434,bundle_verified_input,4,24,272,5,14,14,0,4,4,31,66,41,15,8,1,0,142,58,0,56a61efe421c5e10df40a0da4742e1f93169a004d7834bdaad1a7c24601ec59f
public_v1,O3,p03434,bundle_pointer_opt,4,24,267,5,14,14,0,4,4,31,66,41,15,7,1,0,142,49,0,d7a661ac7a03625e7864cf3b7c5c1c3bf76b1cc50f08f456ced7ffdb954f623c
public_v1,O3,p03434,bundle_standard_opt_3,4,24,237,5,14,14,0,4,4,20,57,41,15,7,1,0,122,49,0,2da101a6950ec4112003c1633c90f0fd157ec7829b49ccf33cc3d2074657ba9c
public_v1,O3,p03434,bundle_storage_delift,4,24,237,5,14,14,0,4,4,20,57,41,15,7,1,0,122,49,0,2da101a6950ec4112003c1633c90f0fd157ec7829b49ccf33cc3d2074657ba9c
public_v1,O3,p03434,bundle_residual_strip,4,24,237,5,14,14,0,4,4,20,57,41,15,7,1,0,122,49,0,2da101a6950ec4112003c1633c90f0fd157ec7829b49ccf33cc3d2074657ba9c
public_v1,O3,p03434,final_clean,4,24,237,5,14,14,0,4,4,20,57,41,15,7,1,0,122,49,0,060e9a92d7ce8f23193c4d537ef3688e26fce891ed7643f32916bf29d648c0e6
public_v1,O3,p03493,raw_lift,52,704,14028,303,124,119,5,57,0,1032,2082,77,20,146,0,6,3191,5337,0,b8359d7309a0b78f6c395fcddc61be49047962e3c6fe5c2ec5604fcb706f5333
public_v1,O3,p03493,brightened_main,2,11,179,4,9,9,0,5,3,9,47,48,7,7,0,0,107,34,0,8805f6e2c3a5252fd6b710aa57a4f6a28e7d63ce66a23338dd1fe1d02f49e66a
public_v1,O3,p03493,bundle_verified_input,2,11,179,4,9,9,0,5,3,9,47,48,7,7,0,0,107,34,0,6b6122bef132d99e938d13895117eaa2239d7ae1fe8c37eeb9ca3b7309d25ed9
public_v1,O3,p03493,bundle_pointer_opt,2,11,177,4,9,9,0,5,3,9,47,48,5,7,0,0,107,32,0,799bbf6a448f2e59672f5baa9ecb3fdd06e1d91c060973c21042a33ff99b0cf3
public_v1,O3,p03493,bundle_standard_opt_3,2,11,167,4,9,9,0,5,3,9,47,39,4,7,0,0,98,31,0,01c16225c2ef1ddecaaf15eeb446d2a4333309c7bba1e9d42d9c4e3b628be14d
public_v1,O3,p03493,bundle_storage_delift,2,11,167,4,9,9,0,5,3,9,47,39,4,7,0,0,98,31,0,01c16225c2ef1ddecaaf15eeb446d2a4333309c7bba1e9d42d9c4e3b628be14d
public_v1,O3,p03493,bundle_residual_strip,2,11,167,4,9,9,0,5,3,9,47,39,4,7,0,0,98,31,0,01c16225c2ef1ddecaaf15eeb446d2a4333309c7bba1e9d42d9c4e3b628be14d
public_v1,O3,p03493,final_clean,2,11,165,4,9,9,0,5,3,9,47,41,4,7,0,0,100,29,0,7ba29168b3da0b60063135f728bf8c32658a941a1f276666a0ce335b70a51990
public_v1,O3,p03510,raw_lift,30,203,4631,82,82,77,5,28,0,439,809,41,7,36,0,5,1289,1574,0,20a1d9e5060d0b1fe99f92d46e7d3b8c323708350431d05f73bdabd756b8b168
public_v1,O3,p03510,brightened_main,4,67,1205,12,79,79,0,6,4,186,215,139,33,16,2,2,544,175,0,5696aa350ebfca924d038e8a6da26df2fb5838e964e7fc367d6a611a0d4f36e3
public_v1,O3,p03510,bundle_verified_input,4,67,1205,12,79,79,0,6,4,186,215,139,33,16,2,2,544,175,0,26c489bf62e0ba8b5e758bd7ae3b1b3450f99dfc64c0df34460f5bb95d5b0348
public_v1,O3,p03510,bundle_pointer_opt,4,65,1189,12,79,79,0,6,4,186,215,138,33,16,2,2,543,175,0,37f1d123899c8b3da5b8d1e9ecef0291e784dc858e546796fec1cf60b21532c3
public_v1,O3,p03510,bundle_standard_opt_3,4,65,1130,12,79,79,0,6,4,183,184,133,33,16,2,2,504,167,0,cf70db82c3b4161f513b3c8b5a94f739929aad8ecc57e7612c4b40ebda6b36e1
public_v1,O3,p03510,bundle_storage_delift,4,65,1130,12,79,79,0,6,4,183,184,133,33,16,2,2,504,167,0,cf70db82c3b4161f513b3c8b5a94f739929aad8ecc57e7612c4b40ebda6b36e1
public_v1,O3,p03510,bundle_residual_strip,4,65,1130,12,79,79,0,6,4,183,184,133,33,16,2,2,504,167,0,cf70db82c3b4161f513b3c8b5a94f739929aad8ecc57e7612c4b40ebda6b36e1
public_v1,O3,p03510,final_clean,4,63,1108,12,78,78,0,6,4,178,183,124,33,16,2,2,489,167,0,754d8bc9793227d7ea21cec6615c6fdd5d1bcf630260ba6e8bf791bd185d55f0
public_v1,O3,p03543,raw_lift,30,126,2386,47,58,53,5,16,0,191,539,30,3,22,0,15,760,775,0,2d768db287ab8cc2d38b314119113e788ef5ebc74a37f3a28cc9fc34f7c904aa
public_v1,O3,p03543,brightened_main,3,11,165,4,11,11,0,0,2,21,31,27,4,7,0,0,81,32,0,8c17cfa5bbd1fb168a0e27371e7419719e588bca8e27cbeeef3230ee265ac745
public_v1,O3,p03543,bundle_verified_input,3,11,165,4,11,11,0,0,2,21,31,27,4,7,0,0,81,32,0,c09d095ff2270c6e2c28510d1519669f5078140709532af135afcda36712de5b
public_v1,O3,p03543,bundle_pointer_opt,3,11,164,4,11,11,0,0,2,21,31,27,3,7,0,0,81,31,0,29de7e7428e6fe1048addadb69434961e9706b708b80af3a38b0809590c8bf10
public_v1,O3,p03543,bundle_standard_opt_3,3,11,163,4,11,11,0,0,2,21,31,26,3,7,0,0,80,31,0,5fe8306a50c697d304e4076bb468583102da50045385c866c4140243f806e83b
public_v1,O3,p03543,bundle_storage_delift,3,11,163,4,11,11,0,0,2,21,31,26,3,7,0,0,80,31,0,5fe8306a50c697d304e4076bb468583102da50045385c866c4140243f806e83b
public_v1,O3,p03543,bundle_residual_strip,3,11,163,4,11,11,0,0,2,21,31,26,3,7,0,0,80,31,0,5fe8306a50c697d304e4076bb468583102da50045385c866c4140243f806e83b
public_v1,O3,p03543,final_clean,3,11,163,4,11,11,0,0,2,21,31,26,3,7,0,0,80,31,0,076c4e086878d1c3670fe576dd17f21e2d5187946207f408a5efd3eef286b034
public_v1,O3,p03773,raw_lift,40,483,9644,212,89,84,5,37,0,653,1378,38,16,96,0,9,2069,3777,0,12e26eabb109d7bbe63bdb6e9969d516b64d6607613afeeb24d2b11414782fe0
public_v1,O3,p03773,brightened_main,2,3,10,0,2,2,0,0,2,2,0,0,0,0,0,0,4,0,0,b35b488c241863cc089ed255c961787d0df36889eb39aef05c6a3a8f46295be4
public_v1,O3,p03773,bundle_verified_input,2,3,10,0,2,2,0,0,2,2,0,0,0,0,0,0,4,0,0,c43c835b31c5a0f29bc1129f6de89f839c5673d35ebcee390f4bd3332c8a62c2
public_v1,O3,p03773,bundle_pointer_opt,2,3,10,0,2,2,0,0,2,2,0,0,0,0,0,0,4,0,0,c43c835b31c5a0f29bc1129f6de89f839c5673d35ebcee390f4bd3332c8a62c2
public_v1,O3,p03773,bundle_standard_opt_3,2,3,10,0,2,2,0,0,2,2,0,0,0,0,0,0,4,0,0,d66affa31bedf67b875e385a99b8bb5d137b70ea95ace87369f92633d790c051
public_v1,O3,p03773,bundle_storage_delift,2,3,10,0,2,2,0,0,2,2,0,0,0,0,0,0,4,0,0,d66affa31bedf67b875e385a99b8bb5d137b70ea95ace87369f92633d790c051
public_v1,O3,p03773,bundle_residual_strip,2,3,10,0,2,2,0,0,2,2,0,0,0,0,0,0,4,0,0,d66affa31bedf67b875e385a99b8bb5d137b70ea95ace87369f92633d790c051
public_v1,O3,p03773,final_clean,1,2,9,0,2,2,0,0,2,2,0,0,0,0,0,0,4,0,0,38524a71e7200afcbf0974a0054db287891c4449f7a82270e4c1aa330a852484
public_v1,O3,p03776,raw_lift,31,767,15053,362,103,98,5,35,0,908,2050,43,9,173,0,3,3001,6015,0,4380c0b2cd2460e5d01a01cbf1f0acf652f5e21b34aeaae38a403a477ce8b95c
public_v1,O3,p03776,brightened_main,8,345,4606,20,195,195,0,4,3,680,612,245,63,50,6,0,1540,881,0,b033384cf8187018e720a875c1e786c6ed5e1cb2188cfa60f37093bf993bdd47
public_v1,O3,p03776,bundle_verified_input,8,345,4606,20,195,195,0,4,3,680,612,245,63,50,6,0,1540,881,0,df0593b32ec86ac596e41114f70dc29a26954d567770c80486cd3888e37aaee6
public_v1,O3,p03776,bundle_pointer_opt,8,341,4482,20,195,195,0,4,3,667,612,245,63,50,6,0,1527,878,0,04d18cfe621a25189269afe700274ba9d849cc3ae525ca6f412c56a157d6a20e
public_v1,O3,p03776,bundle_standard_opt_3,8,340,4317,20,195,195,0,4,3,666,606,225,58,49,6,0,1500,837,0,42696a76084fece7718418c16d1c734f04c6141fb1422059ac01645586ee7dc8
public_v1,O3,p03776,bundle_storage_delift,8,340,4317,20,195,195,0,4,3,666,606,225,58,49,6,0,1500,837,0,42696a76084fece7718418c16d1c734f04c6141fb1422059ac01645586ee7dc8
public_v1,O3,p03776,bundle_residual_strip,8,340,4317,20,195,195,0,4,3,666,606,225,58,49,6,0,1500,837,0,42696a76084fece7718418c16d1c734f04c6141fb1422059ac01645586ee7dc8
public_v1,O3,p03776,final_clean,8,340,4314,20,195,195,0,4,3,666,606,222,58,49,6,0,1497,837,0,58fb65f9f2cd4d1783c0170325b6be36bf2a8bdb47231848d037f3fc88337ebe
public_v1,O3,p03835,raw_lift,50,687,13916,300,115,110,5,56,0,1047,2111,80,29,141,0,12,3238,5335,0,b6448d4a54ac92ac356dc889641b0ebe128a199677aa5dc16fc3f8a52f7d4b67
public_v1,O3,p03835,brightened_main,2,7,27,3,2,2,0,0,2,2,0,0,5,0,0,0,4,10,0,17672c71062dde08057ddf2448f64b467e12e372b14e309f8d79dc9c299af163
public_v1,O3,p03835,bundle_verified_input,2,7,27,3,2,2,0,0,2,2,0,0,5,0,0,0,4,10,0,f9f3e3f42fc93a867a17323c698f6aec5eb48777eafbadf81dc7bb235f36b114
public_v1,O3,p03835,bundle_pointer_opt,2,7,27,3,2,2,0,0,2,2,0,0,5,0,0,0,4,10,0,f9f3e3f42fc93a867a17323c698f6aec5eb48777eafbadf81dc7bb235f36b114
public_v1,O3,p03835,bundle_standard_opt_3,2,7,27,3,2,2,0,0,2,2,0,0,5,0,0,0,4,10,0,f9f3e3f42fc93a867a17323c698f6aec5eb48777eafbadf81dc7bb235f36b114
public_v1,O3,p03835,bundle_storage_delift,2,7,27,3,2,2,0,0,2,2,0,0,5,0,0,0,4,10,0,f9f3e3f42fc93a867a17323c698f6aec5eb48777eafbadf81dc7bb235f36b114
public_v1,O3,p03835,bundle_residual_strip,2,7,27,3,2,2,0,0,2,2,0,0,5,0,0,0,4,10,0,f9f3e3f42fc93a867a17323c698f6aec5eb48777eafbadf81dc7bb235f36b114
public_v1,O3,p03835,final_clean,1,6,26,3,2,2,0,0,2,2,0,0,5,0,0,0,4,10,0,e7202a0e534e606c02f90a8f470a12320d9f2ccc2fba786aa569b47dc2e6c592
public_v1,O3,p03854,raw_lift,43,328,6667,138,96,91,5,36,0,412,1069,43,11,66,0,15,1524,2571,0,8162416f392a80fcede06e7ff11585d7fbd82afc917fc1eac695f5a74699f194
public_v1,O3,p03854,brightened_main,3,18,70,7,6,6,0,0,0,3,2,7,4,4,1,0,12,24,0,d7b4c9e98ce4349111986f3db5682f4bd558c53a570cb5cd6962abf139776461
public_v1,O3,p03854,bundle_verified_input,3,18,70,7,6,6,0,0,0,3,2,7,4,4,1,0,12,24,0,0396d7b001dfa56098e5cfa94be76e86356ebd8c693622b68da197914aa3b68a
public_v1,O3,p03854,bundle_pointer_opt,3,18,70,7,6,6,0,0,0,3,2,7,4,4,1,0,12,24,0,0396d7b001dfa56098e5cfa94be76e86356ebd8c693622b68da197914aa3b68a
public_v1,O3,p03854,bundle_standard_opt_3,3,18,70,7,6,6,0,0,0,3,2,7,4,4,1,0,12,24,0,d944041588d3c213465b71bba3daf4231833414f40431977cb7cd5f6e19eeca6
public_v1,O3,p03854,bundle_storage_delift,3,18,70,7,6,6,0,0,0,3,2,7,4,4,1,0,12,24,0,d944041588d3c213465b71bba3daf4231833414f40431977cb7cd5f6e19eeca6
public_v1,O3,p03854,bundle_residual_strip,3,18,70,7,6,6,0,0,0,3,2,7,4,4,1,0,12,24,0,d944041588d3c213465b71bba3daf4231833414f40431977cb7cd5f6e19eeca6
public_v1,O3,p03854,final_clean,3,18,70,7,6,6,0,0,0,3,2,7,4,4,1,0,12,24,0,34cc91ac903a38a3784137aa44be2a23ac1bc34bf045add510912b8acae4a523
public_v1,O3,p04028,raw_lift,31,199,4236,82,62,57,5,18,0,251,407,10,3,35,0,7,668,1566,0,2bc8cbcb88cebd8ad2819e916627cb977afafe438d461331bc5a55d999d474a0
public_v1,O3,p04028,brightened_main,3,26,380,11,13,13,0,0,2,16,53,48,10,13,0,3,119,99,0,48e104fbc1010eaeef63acf56294c37bb0d1e92097b07d4c79489aba00c1ead9
public_v1,O3,p04028,bundle_verified_input,3,26,380,11,13,13,0,0,2,16,53,48,10,13,0,3,119,99,0,85714c2901ac70ff2f853b75053ad70ea3b617f34159bbfb5f1398f06074f6b5
public_v1,O3,p04028,bundle_pointer_opt,3,25,362,11,13,13,0,0,2,16,53,43,10,13,0,3,114,94,0,c7677ac3e5b75c1b8910da960ab272787dbdbf68e6c6f0f41c8500a1bbe6b9d0
public_v1,O3,p04028,bundle_standard_opt_3,3,25,351,11,13,13,0,0,2,16,53,40,10,13,0,3,111,92,0,85a3db6434044b4afd629a46cb466cb19b75bc8b5fe001d0f54bd5d330cbb912
public_v1,O3,p04028,bundle_storage_delift,3,25,351,11,13,13,0,0,2,16,53,40,10,13,0,3,111,92,0,85a3db6434044b4afd629a46cb466cb19b75bc8b5fe001d0f54bd5d330cbb912
public_v1,O3,p04028,bundle_residual_strip,3,25,351,11,13,13,0,0,2,16,53,40,10,13,0,3,111,92,0,85a3db6434044b4afd629a46cb466cb19b75bc8b5fe001d0f54bd5d330cbb912
public_v1,O3,p04028,final_clean,1,27,312,15,13,13,0,0,1,14,8,9,14,11,0,5,32,106,0,5237898338df3527fea3283ef84dc97b2ddf842e9ab1ca9a72712cc706c3916b
