dataset,level,sample_id,transition,before_stage,after_stage,pure_default_optimizer_boundary,functions_before,functions_after,functions_delta,functions_delta_ratio,blocks_before,blocks_after,blocks_delta,blocks_delta_ratio,instructions_before,instructions_after,instructions_delta,instructions_delta_ratio,conditional_branches_before,conditional_branches_after,conditional_branches_delta,conditional_branches_delta_ratio,calls_before,calls_after,calls_delta,calls_delta_ratio,direct_calls_before,direct_calls_after,direct_calls_delta,direct_calls_delta_ratio,indirect_calls_before,indirect_calls_after,indirect_calls_delta,indirect_calls_delta_ratio,intrinsics_before,intrinsics_after,intrinsics_delta,intrinsics_delta_ratio,allocas_before,allocas_after,allocas_delta,allocas_delta_ratio,loads_before,loads_after,loads_delta,loads_delta_ratio,stores_before,stores_after,stores_delta,stores_delta_ratio,geps_before,geps_after,geps_delta,geps_delta_ratio,phis_before,phis_after,phis_delta,phis_delta_ratio,selects_before,selects_after,selects_delta,selects_delta_ratio,switches_before,switches_after,switches_delta,switches_delta_ratio,unreachable_before,unreachable_after,unreachable_delta,unreachable_delta_ratio,memory_ops_before,memory_ops_after,memory_ops_delta,memory_ops_delta_ratio,scalar_cleanup_ops_before,scalar_cleanup_ops_after,scalar_cleanup_ops_delta,scalar_cleanup_ops_delta_ratio,vector_instructions_before,vector_instructions_after,vector_instructions_delta,vector_instructions_delta_ratio
public_v1,O1,p00001,main_combined_custom_plus_opt_1_2,raw_lift,brightened_main,False,33,4,-29,-0.8787878787878788,170,32,-138,-0.8117647058823529,3139,338,-2801,-0.89232239566741,63,8,-55,-0.873015873015873,67,15,-52,-0.7761194029850746,61,15,-46,-0.7540983606557377,6,0,-6,-1.0,21,4,-17,-0.8095238095238095,0,2,2,,196,22,-174,-0.8877551020408163,526,130,-396,-0.752851711026616,11,56,45,4.090909090909091,7,13,6,0.8571428571428571,30,6,-24,-0.8,0,1,1,,3,0,-3,-1.0,733,210,-523,-0.713506139154161,1168,54,-1114,-0.9537671232876712,0,0,0,
public_v1,O1,p00001,bundle_exact_pointer_passes,bundle_verified_input,bundle_pointer_opt,False,4,4,0,0.0,32,30,-2,-0.0625,338,291,-47,-0.1390532544378698,8,7,-1,-0.125,15,13,-2,-0.13333333333333333,15,13,-2,-0.13333333333333333,0,0,0,,4,2,-2,-0.5,2,1,-1,-0.5,22,20,-2,-0.09090909090909091,130,112,-18,-0.13846153846153847,56,42,-14,-0.25,13,10,-3,-0.23076923076923078,6,5,-1,-0.16666666666666666,1,1,0,0.0,0,0,0,,210,175,-35,-0.16666666666666666,54,47,-7,-0.12962962962962962,0,0,0,
public_v1,O1,p00001,llvm_default_opt_boundary_3,bundle_pointer_opt,bundle_standard_opt_3,True,4,4,0,0.0,30,26,-4,-0.13333333333333333,291,232,-59,-0.2027491408934708,7,5,-2,-0.2857142857142857,13,15,2,0.15384615384615385,13,15,2,0.15384615384615385,0,0,0,,2,4,2,1.0,1,1,0,0.0,20,12,-8,-0.4,112,107,-5,-0.044642857142857144,42,38,-4,-0.09523809523809523,10,4,-6,-0.6,5,5,0,0.0,1,1,0,0.0,0,0,0,,175,158,-17,-0.09714285714285714,47,25,-22,-0.46808510638297873,0,0,0,
public_v1,O1,p00001,custom_storage_delift,bundle_standard_opt_3,bundle_storage_delift,False,4,4,0,0.0,26,26,0,0.0,232,232,0,0.0,5,5,0,0.0,15,15,0,0.0,15,15,0,0.0,0,0,0,,4,4,0,0.0,1,1,0,0.0,12,12,0,0.0,107,107,0,0.0,38,38,0,0.0,4,4,0,0.0,5,5,0,0.0,1,1,0,0.0,0,0,0,,158,158,0,0.0,25,25,0,0.0,0,0,0,
public_v1,O1,p00001,custom_residual_strip,bundle_storage_delift,bundle_residual_strip,False,4,4,0,0.0,26,26,0,0.0,232,232,0,0.0,5,5,0,0.0,15,15,0,0.0,15,15,0,0.0,0,0,0,,4,4,0,0.0,1,1,0,0.0,12,12,0,0.0,107,107,0,0.0,38,38,0,0.0,4,4,0,0.0,5,5,0,0.0,1,1,0,0.0,0,0,0,,158,158,0,0.0,25,25,0,0.0,0,0,0,
public_v1,O1,p00001,final_tail_opt_4_plus_custom_cleanup,bundle_residual_strip,final_clean,False,4,2,-2,-0.5,26,23,-3,-0.11538461538461539,232,168,-64,-0.27586206896551724,5,5,0,0.0,15,13,-2,-0.13333333333333333,15,13,-2,-0.13333333333333333,0,0,0,,4,4,0,0.0,1,1,0,0.0,12,8,-4,-0.3333333333333333,107,58,-49,-0.45794392523364486,38,37,-1,-0.02631578947368421,4,7,3,0.75,5,2,-3,-0.6,1,1,0,0.0,0,0,0,,158,104,-54,-0.34177215189873417,25,22,-3,-0.12,0,0,0,
public_v1,O1,p00008,main_combined_custom_plus_opt_1_2,raw_lift,brightened_main,False,24,2,-22,-0.9166666666666666,200,32,-168,-0.84,3614,298,-3316,-0.9175428887659104,86,13,-73,-0.8488372093023255,34,7,-27,-0.7941176470588235,29,7,-22,-0.7586206896551724,5,0,-5,-1.0,7,5,-2,-0.2857142857142857,0,3,3,,217,45,-172,-0.7926267281105991,480,39,-441,-0.91875,13,76,63,4.846153846153846,3,4,1,0.3333333333333333,45,3,-42,-0.9333333333333333,0,0,0,,3,0,-3,-1.0,710,163,-547,-0.7704225352112676,1502,45,-1457,-0.9700399467376831,0,0,0,
public_v1,O1,p00008,bundle_exact_pointer_passes,bundle_verified_input,bundle_pointer_opt,False,2,2,0,0.0,32,32,0,0.0,298,292,-6,-0.020134228187919462,13,13,0,0.0,7,7,0,0.0,7,7,0,0.0,0,0,0,,5,5,0,0.0,3,3,0,0.0,45,45,0,0.0,39,39,0,0.0,76,84,8,0.10526315789473684,4,4,0,0.0,3,3,0,0.0,0,0,0,,0,0,0,,163,171,8,0.049079754601226995,45,45,0,0.0,0,0,0,
public_v1,O1,p00008,llvm_default_opt_boundary_3,bundle_pointer_opt,bundle_standard_opt_3,True,2,2,0,0.0,32,27,-5,-0.15625,292,228,-64,-0.2191780821917808,13,14,1,0.07692307692307693,7,7,0,0.0,7,7,0,0.0,0,0,0,,5,5,0,0.0,3,3,0,0.0,45,31,-14,-0.3111111111111111,39,39,0,0.0,84,45,-39,-0.4642857142857143,4,6,2,0.5,3,3,0,0.0,0,0,0,,0,0,0,,171,118,-53,-0.30994152046783624,45,44,-1,-0.022222222222222223,0,0,0,
public_v1,O1,p00008,custom_storage_delift,bundle_standard_opt_3,bundle_storage_delift,False,2,2,0,0.0,27,27,0,0.0,228,228,0,0.0,14,14,0,0.0,7,7,0,0.0,7,7,0,0.0,0,0,0,,5,5,0,0.0,3,3,0,0.0,31,31,0,0.0,39,39,0,0.0,45,45,0,0.0,6,6,0,0.0,3,3,0,0.0,0,0,0,,0,0,0,,118,118,0,0.0,44,44,0,0.0,0,0,0,
public_v1,O1,p00008,custom_residual_strip,bundle_storage_delift,bundle_residual_strip,False,2,2,0,0.0,27,27,0,0.0,228,228,0,0.0,14,14,0,0.0,7,7,0,0.0,7,7,0,0.0,0,0,0,,5,5,0,0.0,3,3,0,0.0,31,31,0,0.0,39,39,0,0.0,45,45,0,0.0,6,6,0,0.0,3,3,0,0.0,0,0,0,,0,0,0,,118,118,0,0.0,44,44,0,0.0,0,0,0,
public_v1,O1,p00008,final_tail_opt_4_plus_custom_cleanup,bundle_residual_strip,final_clean,False,2,2,0,0.0,27,27,0,0.0,228,243,15,0.06578947368421052,14,14,0,0.0,7,7,0,0.0,7,7,0,0.0,0,0,0,,5,5,0,0.0,3,3,0,0.0,31,17,-14,-0.45161290322580644,39,39,0,0.0,45,45,0,0.0,6,35,29,4.833333333333333,3,3,0,0.0,0,0,0,,0,0,0,,118,104,-14,-0.11864406779661017,44,73,29,0.6590909090909091,0,0,0,
public_v1,O1,p00033,main_combined_custom_plus_opt_1_2,raw_lift,brightened_main,False,27,4,-23,-0.8518518518518519,231,88,-143,-0.6190476190476191,4099,559,-3540,-0.8636252744571847,99,4,-95,-0.9595959595959596,54,18,-36,-0.6666666666666666,49,18,-31,-0.6326530612244898,5,0,-5,-1.0,17,3,-14,-0.8235294117647058,0,13,13,,202,82,-120,-0.594059405940594,590,116,-474,-0.8033898305084746,14,67,53,3.7857142857142856,3,5,2,0.6666666666666666,49,17,-32,-0.6530612244897959,0,2,2,,3,0,-3,-1.0,806,278,-528,-0.6550868486352357,1597,78,-1519,-0.9511584220413275,0,0,0,
public_v1,O1,p00033,bundle_exact_pointer_passes,bundle_verified_input,bundle_pointer_opt,False,4,4,0,0.0,88,87,-1,-0.011363636363636364,559,555,-4,-0.007155635062611807,4,4,0,0.0,18,18,0,0.0,18,18,0,0.0,0,0,0,,3,3,0,0.0,13,13,0,0.0,82,82,0,0.0,116,116,0,0.0,67,66,-1,-0.014925373134328358,5,5,0,0.0,17,17,0,0.0,2,2,0,0.0,0,0,0,,278,277,-1,-0.0035971223021582736,78,77,-1,-0.01282051282051282,0,0,0,
public_v1,O1,p00033,llvm_default_opt_boundary_3,bundle_pointer_opt,bundle_standard_opt_3,True,4,4,0,0.0,87,86,-1,-0.011494252873563218,555,542,-13,-0.023423423423423424,4,4,0,0.0,18,18,0,0.0,18,18,0,0.0,0,0,0,,3,3,0,0.0,13,13,0,0.0,82,81,-1,-0.012195121951219513,116,116,0,0.0,66,66,0,0.0,5,6,1,0.2,17,17,0,0.0,2,2,0,0.0,0,0,0,,277,276,-1,-0.0036101083032490976,77,73,-4,-0.05194805194805195,0,0,0,
public_v1,O1,p00033,custom_storage_delift,bundle_standard_opt_3,bundle_storage_delift,False,4,4,0,0.0,86,86,0,0.0,542,542,0,0.0,4,4,0,0.0,18,18,0,0.0,18,18,0,0.0,0,0,0,,3,3,0,0.0,13,13,0,0.0,81,81,0,0.0,116,116,0,0.0,66,66,0,0.0,6,6,0,0.0,17,17,0,0.0,2,2,0,0.0,0,0,0,,276,276,0,0.0,73,73,0,0.0,0,0,0,
public_v1,O1,p00033,custom_residual_strip,bundle_storage_delift,bundle_residual_strip,False,4,4,0,0.0,86,86,0,0.0,542,542,0,0.0,4,4,0,0.0,18,18,0,0.0,18,18,0,0.0,0,0,0,,3,3,0,0.0,13,13,0,0.0,81,81,0,0.0,116,116,0,0.0,66,66,0,0.0,6,6,0,0.0,17,17,0,0.0,2,2,0,0.0,0,0,0,,276,276,0,0.0,73,73,0,0.0,0,0,0,
public_v1,O1,p00033,final_tail_opt_4_plus_custom_cleanup,bundle_residual_strip,final_clean,False,4,4,0,0.0,86,86,0,0.0,542,520,-22,-0.04059040590405904,4,4,0,0.0,18,18,0,0.0,18,18,0,0.0,0,0,0,,3,3,0,0.0,13,13,0,0.0,81,79,-2,-0.024691358024691357,116,95,-21,-0.1810344827586207,66,65,-1,-0.015151515151515152,6,9,3,0.5,17,16,-1,-0.058823529411764705,2,2,0,0.0,0,0,0,,276,252,-24,-0.08695652173913043,73,75,2,0.0273972602739726,0,0,0,
public_v1,O1,p00165,main_combined_custom_plus_opt_1_2,raw_lift,brightened_main,False,24,3,-21,-0.875,148,29,-119,-0.8040540540540541,2313,303,-2010,-0.8690012970168612,60,14,-46,-0.7666666666666667,34,18,-16,-0.47058823529411764,29,18,-11,-0.3793103448275862,5,0,-5,-1.0,7,10,3,0.42857142857142855,0,5,5,,159,42,-117,-0.7358490566037735,363,59,-304,-0.837465564738292,7,69,62,8.857142857142858,3,12,9,3.0,27,2,-25,-0.9259259259259259,0,0,0,,3,0,-3,-1.0,529,175,-354,-0.6691871455576559,901,48,-853,-0.946725860155383,0,0,0,
public_v1,O1,p00165,bundle_exact_pointer_passes,bundle_verified_input,bundle_pointer_opt,False,3,3,0,0.0,29,28,-1,-0.034482758620689655,303,296,-7,-0.0231023102310231,14,13,-1,-0.07142857142857142,18,18,0,0.0,18,18,0,0.0,0,0,0,,10,10,0,0.0,5,5,0,0.0,42,40,-2,-0.047619047619047616,59,59,0,0.0,69,69,0,0.0,12,11,-1,-0.08333333333333333,2,2,0,0.0,0,0,0,,0,0,0,,175,173,-2,-0.011428571428571429,48,44,-4,-0.08333333333333333,0,0,0,
public_v1,O1,p00165,llvm_default_opt_boundary_3,bundle_pointer_opt,bundle_standard_opt_3,True,3,3,0,0.0,28,27,-1,-0.03571428571428571,296,268,-28,-0.0945945945945946,13,14,1,0.07692307692307693,18,18,0,0.0,18,18,0,0.0,0,0,0,,10,10,0,0.0,5,5,0,0.0,40,37,-3,-0.075,59,59,0,0.0,69,45,-24,-0.34782608695652173,11,10,-1,-0.09090909090909091,2,2,0,0.0,0,0,0,,0,0,0,,173,146,-27,-0.15606936416184972,44,44,0,0.0,0,0,0,
public_v1,O1,p00165,custom_storage_delift,bundle_standard_opt_3,bundle_storage_delift,False,3,3,0,0.0,27,27,0,0.0,268,268,0,0.0,14,14,0,0.0,18,18,0,0.0,18,18,0,0.0,0,0,0,,10,10,0,0.0,5,5,0,0.0,37,37,0,0.0,59,59,0,0.0,45,45,0,0.0,10,10,0,0.0,2,2,0,0.0,0,0,0,,0,0,0,,146,146,0,0.0,44,44,0,0.0,0,0,0,
public_v1,O1,p00165,custom_residual_strip,bundle_storage_delift,bundle_residual_strip,False,3,3,0,0.0,27,27,0,0.0,268,268,0,0.0,14,14,0,0.0,18,18,0,0.0,18,18,0,0.0,0,0,0,,10,10,0,0.0,5,5,0,0.0,37,37,0,0.0,59,59,0,0.0,45,45,0,0.0,10,10,0,0.0,2,2,0,0.0,0,0,0,,0,0,0,,146,146,0,0.0,44,44,0,0.0,0,0,0,
public_v1,O1,p00165,final_tail_opt_4_plus_custom_cleanup,bundle_residual_strip,final_clean,False,3,3,0,0.0,27,27,0,0.0,268,265,-3,-0.011194029850746268,14,14,0,0.0,18,18,0,0.0,18,18,0,0.0,0,0,0,,10,10,0,0.0,5,5,0,0.0,37,25,-12,-0.32432432432432434,59,58,-1,-0.01694915254237288,45,45,0,0.0,10,20,10,1.0,2,2,0,0.0,0,0,0,,0,0,0,,146,133,-13,-0.08904109589041095,44,54,10,0.22727272727272727,0,0,0,
public_v1,O1,p00327,main_combined_custom_plus_opt_1_2,raw_lift,brightened_main,False,24,4,-20,-0.8333333333333334,186,30,-156,-0.8387096774193549,3741,569,-3172,-0.8479016305800589,79,19,-60,-0.759493670886076,35,21,-14,-0.4,30,21,-9,-0.3,5,0,-5,-1.0,8,4,-4,-0.5,0,3,3,,186,50,-136,-0.7311827956989247,420,148,-272,-0.6476190476190476,18,57,39,2.1666666666666665,3,11,8,2.6666666666666665,42,25,-17,-0.40476190476190477,0,0,0,,3,0,-3,-1.0,624,258,-366,-0.5865384615384616,1600,135,-1465,-0.915625,0,0,0,
public_v1,O1,p00327,bundle_exact_pointer_passes,bundle_verified_input,bundle_pointer_opt,False,4,4,0,0.0,30,30,0,0.0,569,567,-2,-0.0035149384885764497,19,19,0,0.0,21,21,0,0.0,21,21,0,0.0,0,0,0,,4,4,0,0.0,3,3,0,0.0,50,50,0,0.0,148,148,0,0.0,57,57,0,0.0,11,9,-2,-0.18181818181818182,25,25,0,0.0,0,0,0,,0,0,0,,258,258,0,0.0,135,133,-2,-0.014814814814814815,0,0,0,
public_v1,O1,p00327,llvm_default_opt_boundary_3,bundle_pointer_opt,bundle_standard_opt_3,True,4,4,0,0.0,30,32,2,0.06666666666666667,567,566,-1,-0.001763668430335097,19,19,0,0.0,21,21,0,0.0,21,21,0,0.0,0,0,0,,4,4,0,0.0,3,3,0,0.0,50,50,0,0.0,148,153,5,0.033783783783783786,57,56,-1,-0.017543859649122806,9,8,-1,-0.1111111111111111,25,25,0,0.0,0,0,0,,0,0,0,,258,262,4,0.015503875968992248,133,128,-5,-0.03759398496240601,0,0,0,
public_v1,O1,p00327,custom_storage_delift,bundle_standard_opt_3,bundle_storage_delift,False,4,4,0,0.0,32,32,0,0.0,566,566,0,0.0,19,19,0,0.0,21,21,0,0.0,21,21,0,0.0,0,0,0,,4,4,0,0.0,3,3,0,0.0,50,50,0,0.0,153,153,0,0.0,56,56,0,0.0,8,8,0,0.0,25,25,0,0.0,0,0,0,,0,0,0,,262,262,0,0.0,128,128,0,0.0,0,0,0,
public_v1,O1,p00327,custom_residual_strip,bundle_storage_delift,bundle_residual_strip,False,4,4,0,0.0,32,32,0,0.0,566,566,0,0.0,19,19,0,0.0,21,21,0,0.0,21,21,0,0.0,0,0,0,,4,4,0,0.0,3,3,0,0.0,50,50,0,0.0,153,153,0,0.0,56,56,0,0.0,8,8,0,0.0,25,25,0,0.0,0,0,0,,0,0,0,,262,262,0,0.0,128,128,0,0.0,0,0,0,
public_v1,O1,p00327,final_tail_opt_4_plus_custom_cleanup,bundle_residual_strip,final_clean,False,4,4,0,0.0,32,33,1,0.03125,566,477,-89,-0.15724381625441697,19,19,0,0.0,21,21,0,0.0,21,21,0,0.0,0,0,0,,4,4,0,0.0,3,3,0,0.0,50,44,-6,-0.12,153,71,-82,-0.5359477124183006,56,56,0,0.0,8,18,10,1.25,25,17,-8,-0.32,0,0,0,,0,0,0,,262,174,-88,-0.33587786259541985,128,130,2,0.015625,0,0,0,
public_v1,O1,p00678,main_combined_custom_plus_opt_1_2,raw_lift,brightened_main,False,28,5,-23,-0.8214285714285714,167,78,-89,-0.5329341317365269,3083,1169,-1914,-0.6208238728511191,78,18,-60,-0.7692307692307693,60,29,-31,-0.5166666666666667,55,29,-26,-0.4727272727272727,5,0,-5,-1.0,18,12,-6,-0.3333333333333333,0,7,7,,200,100,-100,-0.5,552,141,-411,-0.7445652173913043,15,125,110,7.333333333333333,15,77,62,4.133333333333334,30,20,-10,-0.3333333333333333,0,4,4,,6,3,-3,-0.5,767,373,-394,-0.5136897001303781,1132,293,-839,-0.741166077738516,0,0,0,
public_v1,O1,p00678,bundle_exact_pointer_passes,bundle_verified_input,bundle_pointer_opt,False,5,5,0,0.0,78,78,0,0.0,1169,1169,0,0.0,18,18,0,0.0,29,29,0,0.0,29,29,0,0.0,0,0,0,,12,12,0,0.0,7,7,0,0.0,100,100,0,0.0,141,141,0,0.0,125,125,0,0.0,77,77,0,0.0,20,20,0,0.0,4,4,0,0.0,3,3,0,0.0,373,373,0,0.0,293,293,0,0.0,0,0,0,
public_v1,O1,p00678,llvm_default_opt_boundary_3,bundle_pointer_opt,bundle_standard_opt_3,True,5,5,0,0.0,78,78,0,0.0,1169,1169,0,0.0,18,18,0,0.0,29,29,0,0.0,29,29,0,0.0,0,0,0,,12,12,0,0.0,7,7,0,0.0,100,100,0,0.0,141,141,0,0.0,125,125,0,0.0,77,77,0,0.0,20,20,0,0.0,4,4,0,0.0,3,3,0,0.0,373,373,0,0.0,293,293,0,0.0,0,0,0,
public_v1,O1,p00678,custom_storage_delift,bundle_standard_opt_3,bundle_storage_delift,False,5,5,0,0.0,78,78,0,0.0,1169,1169,0,0.0,18,18,0,0.0,29,29,0,0.0,29,29,0,0.0,0,0,0,,12,12,0,0.0,7,7,0,0.0,100,100,0,0.0,141,141,0,0.0,125,125,0,0.0,77,77,0,0.0,20,20,0,0.0,4,4,0,0.0,3,3,0,0.0,373,373,0,0.0,293,293,0,0.0,0,0,0,
public_v1,O1,p00678,custom_residual_strip,bundle_storage_delift,bundle_residual_strip,False,5,5,0,0.0,78,78,0,0.0,1169,1169,0,0.0,18,18,0,0.0,29,29,0,0.0,29,29,0,0.0,0,0,0,,12,12,0,0.0,7,7,0,0.0,100,100,0,0.0,141,141,0,0.0,125,125,0,0.0,77,77,0,0.0,20,20,0,0.0,4,4,0,0.0,3,3,0,0.0,373,373,0,0.0,293,293,0,0.0,0,0,0,
public_v1,O1,p00678,final_tail_opt_4_plus_custom_cleanup,bundle_residual_strip,final_clean,False,5,5,0,0.0,78,78,0,0.0,1169,1173,4,0.003421727972626176,18,18,0,0.0,29,29,0,0.0,29,29,0,0.0,0,0,0,,12,12,0,0.0,7,7,0,0.0,100,91,-9,-0.09,141,141,0,0.0,125,125,0,0.0,77,88,11,0.14285714285714285,20,20,0,0.0,4,4,0,0.0,3,3,0,0.0,373,364,-9,-0.024128686327077747,293,306,13,0.04436860068259386,0,0,0,
public_v1,O1,p00693,main_combined_custom_plus_opt_1_2,raw_lift,brightened_main,False,25,5,-20,-0.8,217,41,-176,-0.8110599078341014,3887,676,-3211,-0.8260869565217391,93,19,-74,-0.7956989247311828,48,32,-16,-0.3333333333333333,43,32,-11,-0.2558139534883721,5,0,-5,-1.0,15,10,-5,-0.3333333333333333,0,5,5,,202,52,-150,-0.7425742574257426,574,194,-380,-0.662020905923345,16,109,93,5.8125,3,9,6,2.0,47,49,2,0.0425531914893617,0,0,0,,3,0,-3,-1.0,792,360,-432,-0.5454545454545454,1592,154,-1438,-0.9032663316582915,0,0,0,
public_v1,O1,p00693,bundle_exact_pointer_passes,bundle_verified_input,bundle_pointer_opt,False,5,5,0,0.0,41,40,-1,-0.024390243902439025,676,670,-6,-0.008875739644970414,19,19,0,0.0,32,32,0,0.0,32,32,0,0.0,0,0,0,,10,10,0,0.0,5,5,0,0.0,52,51,-1,-0.019230769230769232,194,194,0,0.0,109,107,-2,-0.01834862385321101,9,9,0,0.0,49,49,0,0.0,0,0,0,,0,0,0,,360,357,-3,-0.008333333333333333,154,153,-1,-0.006493506493506494,0,0,0,
public_v1,O1,p00693,llvm_default_opt_boundary_3,bundle_pointer_opt,bundle_standard_opt_3,True,5,5,0,0.0,40,39,-1,-0.025,670,653,-17,-0.025373134328358207,19,20,1,0.05263157894736842,32,32,0,0.0,32,32,0,0.0,0,0,0,,10,10,0,0.0,5,5,0,0.0,51,52,1,0.0196078431372549,194,198,4,0.020618556701030927,107,105,-2,-0.018691588785046728,9,4,-5,-0.5555555555555556,49,50,1,0.02040816326530612,0,0,0,,0,0,0,,357,360,3,0.008403361344537815,153,146,-7,-0.0457516339869281,0,0,0,
public_v1,O1,p00693,custom_storage_delift,bundle_standard_opt_3,bundle_storage_delift,False,5,5,0,0.0,39,39,0,0.0,653,653,0,0.0,20,20,0,0.0,32,32,0,0.0,32,32,0,0.0,0,0,0,,10,10,0,0.0,5,5,0,0.0,52,52,0,0.0,198,198,0,0.0,105,105,0,0.0,4,4,0,0.0,50,50,0,0.0,0,0,0,,0,0,0,,360,360,0,0.0,146,146,0,0.0,0,0,0,
public_v1,O1,p00693,custom_residual_strip,bundle_storage_delift,bundle_residual_strip,False,5,5,0,0.0,39,39,0,0.0,653,653,0,0.0,20,20,0,0.0,32,32,0,0.0,32,32,0,0.0,0,0,0,,10,10,0,0.0,5,5,0,0.0,52,52,0,0.0,198,198,0,0.0,105,105,0,0.0,4,4,0,0.0,50,50,0,0.0,0,0,0,,0,0,0,,360,360,0,0.0,146,146,0,0.0,0,0,0,
public_v1,O1,p00693,final_tail_opt_4_plus_custom_cleanup,bundle_residual_strip,final_clean,False,5,5,0,0.0,39,40,1,0.02564102564102564,653,562,-91,-0.13935681470137826,20,20,0,0.0,32,30,-2,-0.0625,32,30,-2,-0.0625,0,0,0,,10,10,0,0.0,5,5,0,0.0,52,47,-5,-0.09615384615384616,198,110,-88,-0.4444444444444444,105,107,2,0.01904761904761905,4,13,9,2.25,50,42,-8,-0.16,0,0,0,,0,0,0,,360,269,-91,-0.25277777777777777,146,147,1,0.00684931506849315,0,0,0,
public_v1,O1,p00788,main_combined_custom_plus_opt_1_2,raw_lift,brightened_main,False,26,3,-23,-0.8846153846153846,153,46,-107,-0.6993464052287581,2815,427,-2388,-0.8483126110124334,70,14,-56,-0.8,54,13,-41,-0.7592592592592593,49,13,-36,-0.7346938775510204,5,0,-5,-1.0,11,0,-11,-1.0,0,3,3,,188,51,-137,-0.7287234042553191,472,96,-376,-0.7966101694915254,9,53,44,4.888888888888889,3,6,3,1.0,28,13,-15,-0.5357142857142857,0,1,1,,17,9,-8,-0.47058823529411764,669,203,-466,-0.6965620328849028,1052,89,-963,-0.9153992395437263,0,0,0,
public_v1,O1,p00788,bundle_exact_pointer_passes,bundle_verified_input,bundle_pointer_opt,False,3,3,0,0.0,46,45,-1,-0.021739130434782608,427,423,-4,-0.00936768149882904,14,14,0,0.0,13,13,0,0.0,13,13,0,0.0,0,0,0,,0,0,0,,3,3,0,0.0,51,51,0,0.0,96,96,0,0.0,53,54,1,0.018867924528301886,6,6,0,0.0,13,13,0,0.0,1,1,0,0.0,9,9,0,0.0,203,204,1,0.0049261083743842365,89,88,-1,-0.011235955056179775,0,0,0,
public_v1,O1,p00788,llvm_default_opt_boundary_3,bundle_pointer_opt,bundle_standard_opt_3,True,3,2,-1,-0.3333333333333333,45,46,1,0.022222222222222223,423,428,5,0.01182033096926714,14,15,1,0.07142857142857142,13,11,-2,-0.15384615384615385,13,11,-2,-0.15384615384615385,0,0,0,,0,0,0,,3,3,0,0.0,51,51,0,0.0,96,120,24,0.25,54,60,6,0.1111111111111111,6,5,-1,-0.16666666666666666,13,14,1,0.07692307692307693,1,1,0,0.0,9,9,0,0.0,204,234,30,0.14705882352941177,88,75,-13,-0.14772727272727273,0,0,0,
public_v1,O1,p00788,custom_storage_delift,bundle_standard_opt_3,bundle_storage_delift,False,2,2,0,0.0,46,46,0,0.0,428,428,0,0.0,15,15,0,0.0,11,11,0,0.0,11,11,0,0.0,0,0,0,,0,0,0,,3,3,0,0.0,51,51,0,0.0,120,120,0,0.0,60,60,0,0.0,5,5,0,0.0,14,14,0,0.0,1,1,0,0.0,9,9,0,0.0,234,234,0,0.0,75,75,0,0.0,0,0,0,
public_v1,O1,p00788,custom_residual_strip,bundle_storage_delift,bundle_residual_strip,False,2,2,0,0.0,46,46,0,0.0,428,428,0,0.0,15,15,0,0.0,11,11,0,0.0,11,11,0,0.0,0,0,0,,0,0,0,,3,3,0,0.0,51,51,0,0.0,120,120,0,0.0,60,60,0,0.0,5,5,0,0.0,14,14,0,0.0,1,1,0,0.0,9,9,0,0.0,234,234,0,0.0,75,75,0,0.0,0,0,0,
public_v1,O1,p00788,final_tail_opt_4_plus_custom_cleanup,bundle_residual_strip,final_clean,False,2,2,0,0.0,46,45,-1,-0.021739130434782608,428,204,-224,-0.5233644859813084,15,15,0,0.0,11,11,0,0.0,11,11,0,0.0,0,0,0,,0,0,0,,3,8,5,1.6666666666666667,51,4,-47,-0.9215686274509803,120,9,-111,-0.925,60,0,-60,-1.0,5,29,24,4.8,14,6,-8,-0.5714285714285714,1,1,0,0.0,9,9,0,0.0,234,21,-213,-0.9102564102564102,75,77,2,0.02666666666666667,0,0,0,
public_v1,O1,p00793,main_combined_custom_plus_opt_1_2,raw_lift,brightened_main,False,31,9,-22,-0.7096774193548387,162,103,-59,-0.36419753086419754,3671,5116,1445,0.3936257150640153,76,42,-34,-0.4473684210526316,67,101,34,0.5074626865671642,62,101,39,0.6290322580645161,5,0,-5,-1.0,22,38,16,0.7272727272727273,0,6,6,,374,620,246,0.6577540106951871,736,2458,1722,2.339673913043478,43,136,93,2.1627906976744184,14,423,409,29.214285714285715,26,14,-12,-0.46153846153846156,0,9,9,,7,4,-3,-0.42857142857142855,1153,3220,2067,1.792714657415438,1167,970,-197,-0.168808911739503,0,0,0,
public_v1,O1,p00793,bundle_exact_pointer_passes,bundle_verified_input,bundle_pointer_opt,False,9,9,0,0.0,103,103,0,0.0,5116,5116,0,0.0,42,42,0,0.0,101,101,0,0.0,101,101,0,0.0,0,0,0,,38,38,0,0.0,6,6,0,0.0,620,620,0,0.0,2458,2458,0,0.0,136,136,0,0.0,423,423,0,0.0,14,14,0,0.0,9,9,0,0.0,4,4,0,0.0,3220,3220,0,0.0,970,970,0,0.0,0,0,0,
public_v1,O1,p00793,llvm_default_opt_boundary_3,bundle_pointer_opt,bundle_standard_opt_3,True,9,9,0,0.0,103,103,0,0.0,5116,5061,-55,-0.01075058639562158,42,42,0,0.0,101,101,0,0.0,101,101,0,0.0,0,0,0,,38,38,0,0.0,6,6,0,0.0,620,601,-19,-0.03064516129032258,2458,2422,-36,-0.014646053702196907,136,136,0,0.0,423,423,0,0.0,14,14,0,0.0,9,9,0,0.0,4,4,0,0.0,3220,3165,-55,-0.017080745341614908,970,970,0,0.0,0,0,0,
public_v1,O1,p00793,custom_storage_delift,bundle_standard_opt_3,bundle_storage_delift,False,9,9,0,0.0,103,103,0,0.0,5061,5061,0,0.0,42,42,0,0.0,101,101,0,0.0,101,101,0,0.0,0,0,0,,38,38,0,0.0,6,6,0,0.0,601,601,0,0.0,2422,2422,0,0.0,136,136,0,0.0,423,423,0,0.0,14,14,0,0.0,9,9,0,0.0,4,4,0,0.0,3165,3165,0,0.0,970,970,0,0.0,0,0,0,
public_v1,O1,p00793,custom_residual_strip,bundle_storage_delift,bundle_residual_strip,False,9,9,0,0.0,103,103,0,0.0,5061,5061,0,0.0,42,42,0,0.0,101,101,0,0.0,101,101,0,0.0,0,0,0,,38,38,0,0.0,6,6,0,0.0,601,601,0,0.0,2422,2422,0,0.0,136,136,0,0.0,423,423,0,0.0,14,14,0,0.0,9,9,0,0.0,4,4,0,0.0,3165,3165,0,0.0,970,970,0,0.0,0,0,0,
public_v1,O1,p00793,final_tail_opt_4_plus_custom_cleanup,bundle_residual_strip,final_clean,False,9,9,0,0.0,103,103,0,0.0,5061,5023,-38,-0.007508397549891326,42,42,0,0.0,101,101,0,0.0,101,101,0,0.0,0,0,0,,38,38,0,0.0,6,6,0,0.0,601,598,-3,-0.004991680532445923,2422,2386,-36,-0.01486374896779521,136,136,0,0.0,423,430,7,0.016548463356973995,14,14,0,0.0,9,9,0,0.0,4,4,0,0.0,3165,3126,-39,-0.012322274881516588,970,971,1,0.0010309278350515464,0,0,0,
public_v1,O1,p00859,main_combined_custom_plus_opt_1_2,raw_lift,brightened_main,False,37,7,-30,-0.8108108108108109,245,97,-148,-0.6040816326530613,4458,1274,-3184,-0.7142216240466577,97,6,-91,-0.9381443298969072,80,42,-38,-0.475,73,42,-31,-0.4246575342465753,7,0,-7,-1.0,25,2,-23,-0.92,0,2,2,,299,140,-159,-0.5317725752508361,720,201,-519,-0.7208333333333333,32,120,88,2.75,5,31,26,5.2,47,21,-26,-0.5531914893617021,0,2,2,,3,0,-3,-1.0,1051,463,-588,-0.5594671741198858,1694,278,-1416,-0.8358913813459268,0,0,0,
public_v1,O1,p00859,bundle_exact_pointer_passes,bundle_verified_input,bundle_pointer_opt,False,7,7,0,0.0,97,93,-4,-0.041237113402061855,1274,1218,-56,-0.04395604395604396,6,5,-1,-0.16666666666666666,42,40,-2,-0.047619047619047616,42,40,-2,-0.047619047619047616,0,0,0,,2,0,-2,-1.0,2,1,-1,-0.5,140,137,-3,-0.02142857142857143,201,183,-18,-0.08955223880597014,120,109,-11,-0.09166666666666666,31,30,-1,-0.03225806451612903,21,20,-1,-0.047619047619047616,2,2,0,0.0,0,0,0,,463,430,-33,-0.07127429805615551,278,268,-10,-0.03597122302158273,0,0,0,
public_v1,O1,p00859,llvm_default_opt_boundary_3,bundle_pointer_opt,bundle_standard_opt_3,True,7,7,0,0.0,93,92,-1,-0.010752688172043012,1218,876,-342,-0.28078817733990147,5,5,0,0.0,40,40,0,0.0,40,40,0,0.0,0,0,0,,0,0,0,,1,1,0,0.0,137,98,-39,-0.2846715328467153,183,172,-11,-0.060109289617486336,109,100,-9,-0.08256880733944955,30,28,-2,-0.06666666666666667,20,20,0,0.0,2,2,0,0.0,0,0,0,,430,371,-59,-0.1372093023255814,268,169,-99,-0.3694029850746269,0,0,0,
public_v1,O1,p00859,custom_storage_delift,bundle_standard_opt_3,bundle_storage_delift,False,7,7,0,0.0,92,92,0,0.0,876,876,0,0.0,5,5,0,0.0,40,40,0,0.0,40,40,0,0.0,0,0,0,,0,0,0,,1,1,0,0.0,98,98,0,0.0,172,172,0,0.0,100,100,0,0.0,28,28,0,0.0,20,20,0,0.0,2,2,0,0.0,0,0,0,,371,371,0,0.0,169,169,0,0.0,0,0,0,
public_v1,O1,p00859,custom_residual_strip,bundle_storage_delift,bundle_residual_strip,False,7,7,0,0.0,92,92,0,0.0,876,876,0,0.0,5,5,0,0.0,40,40,0,0.0,40,40,0,0.0,0,0,0,,0,0,0,,1,1,0,0.0,98,98,0,0.0,172,172,0,0.0,100,100,0,0.0,28,28,0,0.0,20,20,0,0.0,2,2,0,0.0,0,0,0,,371,371,0,0.0,169,169,0,0.0,0,0,0,
public_v1,O1,p00859,final_tail_opt_4_plus_custom_cleanup,bundle_residual_strip,final_clean,False,7,7,0,0.0,92,92,0,0.0,876,836,-40,-0.045662100456621,5,5,0,0.0,40,40,0,0.0,40,40,0,0.0,0,0,0,,0,0,0,,1,1,0,0.0,98,94,-4,-0.04081632653061224,172,162,-10,-0.05813953488372093,100,75,-25,-0.25,28,36,8,0.2857142857142857,20,19,-1,-0.05,2,2,0,0.0,0,0,0,,371,332,-39,-0.10512129380053908,169,176,7,0.04142011834319527,0,0,0,
public_v1,O1,p00867,main_combined_custom_plus_opt_1_2,raw_lift,brightened_main,False,39,15,-24,-0.6153846153846154,779,376,-403,-0.5173299101412067,16443,5595,-10848,-0.6597336252508667,356,28,-328,-0.9213483146067416,139,140,1,0.007194244604316547,134,140,6,0.04477611940298507,5,0,-5,-1.0,51,0,-51,-1.0,0,1,1,,1111,714,-397,-0.35733573357335735,2277,755,-1522,-0.668423364075538,100,448,348,3.48,13,117,104,8.0,199,104,-95,-0.47738693467336685,0,8,8,,3,0,-3,-1.0,3488,1918,-1570,-0.4501146788990826,6642,1212,-5430,-0.8175248419150858,0,0,0,
public_v1,O1,p00867,bundle_exact_pointer_passes,bundle_verified_input,bundle_pointer_opt,False,15,15,0,0.0,376,369,-7,-0.018617021276595744,5595,5461,-134,-0.023949955317247543,28,28,0,0.0,140,140,0,0.0,140,140,0,0.0,0,0,0,,0,0,0,,1,1,0,0.0,714,714,0,0.0,755,755,0,0.0,448,435,-13,-0.029017857142857144,117,117,0,0.0,104,104,0,0.0,8,8,0,0.0,0,0,0,,1918,1905,-13,-0.006777893639207508,1212,1206,-6,-0.0049504950495049506,0,0,0,
public_v1,O1,p00867,llvm_default_opt_boundary_3,bundle_pointer_opt,bundle_standard_opt_3,True,15,15,0,0.0,369,363,-6,-0.016260162601626018,5461,4932,-529,-0.0968687053653177,28,28,0,0.0,140,140,0,0.0,140,140,0,0.0,0,0,0,,0,0,0,,1,1,0,0.0,714,710,-4,-0.0056022408963585435,755,567,-188,-0.24900662251655628,435,378,-57,-0.1310344827586207,117,99,-18,-0.15384615384615385,104,104,0,0.0,8,8,0,0.0,0,0,0,,1905,1656,-249,-0.13070866141732285,1206,1110,-96,-0.07960199004975124,0,0,0,
public_v1,O1,p00867,custom_storage_delift,bundle_standard_opt_3,bundle_storage_delift,False,15,15,0,0.0,363,363,0,0.0,4932,4932,0,0.0,28,28,0,0.0,140,140,0,0.0,140,140,0,0.0,0,0,0,,0,0,0,,1,1,0,0.0,710,710,0,0.0,567,567,0,0.0,378,378,0,0.0,99,99,0,0.0,104,104,0,0.0,8,8,0,0.0,0,0,0,,1656,1656,0,0.0,1110,1110,0,0.0,0,0,0,
public_v1,O1,p00867,custom_residual_strip,bundle_storage_delift,bundle_residual_strip,False,15,15,0,0.0,363,363,0,0.0,4932,4932,0,0.0,28,28,0,0.0,140,140,0,0.0,140,140,0,0.0,0,0,0,,0,0,0,,1,1,0,0.0,710,710,0,0.0,567,567,0,0.0,378,378,0,0.0,99,99,0,0.0,104,104,0,0.0,8,8,0,0.0,0,0,0,,1656,1656,0,0.0,1110,1110,0,0.0,0,0,0,
public_v1,O1,p00867,final_tail_opt_4_plus_custom_cleanup,bundle_residual_strip,final_clean,False,15,15,0,0.0,363,376,13,0.03581267217630854,4932,4875,-57,-0.011557177615571776,28,33,5,0.17857142857142858,140,135,-5,-0.03571428571428571,140,135,-5,-0.03571428571428571,0,0,0,,0,0,0,,1,1,0,0.0,710,707,-3,-0.004225352112676056,567,534,-33,-0.0582010582010582,378,317,-61,-0.16137566137566137,99,118,19,0.1919191919191919,104,94,-10,-0.09615384615384616,8,8,0,0.0,0,0,0,,1656,1559,-97,-0.058574879227053143,1110,1173,63,0.05675675675675676,0,0,0,
public_v1,O1,p01296,main_combined_custom_plus_opt_1_2,raw_lift,brightened_main,False,35,10,-25,-0.7142857142857143,653,285,-368,-0.5635528330781011,14249,4030,-10219,-0.7171731349568391,301,30,-271,-0.9003322259136213,142,231,89,0.6267605633802817,137,231,94,0.6861313868613139,5,0,-5,-1.0,58,0,-58,-1.0,0,1,1,,909,577,-332,-0.36523652365236525,2031,574,-1457,-0.7173806006893156,54,262,208,3.8518518518518516,5,57,52,10.4,156,51,-105,-0.6730769230769231,0,7,7,,6,2,-4,-0.6666666666666666,2994,1414,-1580,-0.5277221108884436,5874,795,-5079,-0.8646578140960164,0,0,0,
public_v1,O1,p01296,bundle_exact_pointer_passes,bundle_verified_input,bundle_pointer_opt,False,10,10,0,0.0,285,278,-7,-0.02456140350877193,4030,3922,-108,-0.026799007444168736,30,30,0,0.0,231,231,0,0.0,231,231,0,0.0,0,0,0,,0,0,0,,1,1,0,0.0,577,569,-8,-0.01386481802426343,574,573,-1,-0.0017421602787456446,262,250,-12,-0.04580152671755725,57,57,0,0.0,51,51,0,0.0,7,7,0,0.0,2,2,0,0.0,1414,1393,-21,-0.01485148514851485,795,784,-11,-0.013836477987421384,0,0,0,
public_v1,O1,p01296,llvm_default_opt_boundary_3,bundle_pointer_opt,bundle_standard_opt_3,True,10,9,-1,-0.1,278,262,-16,-0.05755395683453238,3922,2399,-1523,-0.38832228454869966,30,33,3,0.1,231,222,-9,-0.03896103896103896,231,222,-9,-0.03896103896103896,0,0,0,,0,0,0,,1,1,0,0.0,569,439,-130,-0.22847100175746923,573,404,-169,-0.2949389179755672,250,214,-36,-0.144,57,55,-2,-0.03508771929824561,51,53,2,0.0392156862745098,7,6,-1,-0.14285714285714285,2,2,0,0.0,1393,1058,-335,-0.2404881550610194,784,451,-333,-0.4247448979591837,0,0,0,
public_v1,O1,p01296,custom_storage_delift,bundle_standard_opt_3,bundle_storage_delift,False,9,9,0,0.0,262,262,0,0.0,2399,2399,0,0.0,33,33,0,0.0,222,222,0,0.0,222,222,0,0.0,0,0,0,,0,0,0,,1,1,0,0.0,439,439,0,0.0,404,404,0,0.0,214,214,0,0.0,55,55,0,0.0,53,53,0,0.0,6,6,0,0.0,2,2,0,0.0,1058,1058,0,0.0,451,451,0,0.0,0,0,0,
public_v1,O1,p01296,custom_residual_strip,bundle_storage_delift,bundle_residual_strip,False,9,9,0,0.0,262,262,0,0.0,2399,2399,0,0.0,33,33,0,0.0,222,222,0,0.0,222,222,0,0.0,0,0,0,,0,0,0,,1,1,0,0.0,439,439,0,0.0,404,404,0,0.0,214,214,0,0.0,55,55,0,0.0,53,53,0,0.0,6,6,0,0.0,2,2,0,0.0,1058,1058,0,0.0,451,451,0,0.0,0,0,0,
public_v1,O1,p01296,final_tail_opt_4_plus_custom_cleanup,bundle_residual_strip,final_clean,False,9,9,0,0.0,262,238,-24,-0.0916030534351145,2399,2224,-175,-0.07294706127553147,33,33,0,0.0,222,222,0,0.0,222,222,0,0.0,0,0,0,,0,0,0,,1,1,0,0.0,439,420,-19,-0.04328018223234624,404,320,-84,-0.2079207920792079,214,186,-28,-0.1308411214953271,55,64,9,0.16363636363636364,53,50,-3,-0.05660377358490566,6,7,1,0.16666666666666666,2,2,0,0.0,1058,927,-131,-0.12381852551984877,451,448,-3,-0.0066518847006651885,0,0,0,
public_v1,O1,p01315,main_combined_custom_plus_opt_1_2,raw_lift,brightened_main,False,28,6,-22,-0.7857142857142857,189,40,-149,-0.7883597883597884,4160,775,-3385,-0.8137019230769231,77,12,-65,-0.8441558441558441,66,63,-3,-0.045454545454545456,61,63,2,0.03278688524590164,5,0,-5,-1.0,23,10,-13,-0.5652173913043478,0,6,6,,289,91,-198,-0.6851211072664359,652,181,-471,-0.7223926380368099,35,130,95,2.7142857142857144,3,23,20,6.666666666666667,37,28,-9,-0.24324324324324326,0,0,0,,3,0,-3,-1.0,976,408,-568,-0.5819672131147541,1593,145,-1448,-0.9089767733835531,0,0,0,
public_v1,O1,p01315,bundle_exact_pointer_passes,bundle_verified_input,bundle_pointer_opt,False,6,6,0,0.0,40,38,-2,-0.05,775,755,-20,-0.025806451612903226,12,12,0,0.0,63,63,0,0.0,63,63,0,0.0,0,0,0,,10,10,0,0.0,6,6,0,0.0,91,91,0,0.0,181,181,0,0.0,130,128,-2,-0.015384615384615385,23,23,0,0.0,28,28,0,0.0,0,0,0,,0,0,0,,408,406,-2,-0.004901960784313725,145,143,-2,-0.013793103448275862,0,0,0,
public_v1,O1,p01315,llvm_default_opt_boundary_3,bundle_pointer_opt,bundle_standard_opt_3,True,6,6,0,0.0,38,36,-2,-0.05263157894736842,755,764,9,0.011920529801324504,12,14,2,0.16666666666666666,63,66,3,0.047619047619047616,63,66,3,0.047619047619047616,0,0,0,,10,10,0,0.0,6,6,0,0.0,91,98,7,0.07692307692307693,181,190,9,0.049723756906077346,128,125,-3,-0.0234375,23,28,5,0.21739130434782608,28,30,2,0.07142857142857142,0,0,0,,0,0,0,,406,419,13,0.03201970443349754,143,146,3,0.02097902097902098,0,0,0,
public_v1,O1,p01315,custom_storage_delift,bundle_standard_opt_3,bundle_storage_delift,False,6,6,0,0.0,36,36,0,0.0,764,764,0,0.0,14,14,0,0.0,66,66,0,0.0,66,66,0,0.0,0,0,0,,10,10,0,0.0,6,6,0,0.0,98,98,0,0.0,190,190,0,0.0,125,125,0,0.0,28,28,0,0.0,30,30,0,0.0,0,0,0,,0,0,0,,419,419,0,0.0,146,146,0,0.0,0,0,0,
public_v1,O1,p01315,custom_residual_strip,bundle_storage_delift,bundle_residual_strip,False,6,6,0,0.0,36,36,0,0.0,764,764,0,0.0,14,14,0,0.0,66,66,0,0.0,66,66,0,0.0,0,0,0,,10,10,0,0.0,6,6,0,0.0,98,98,0,0.0,190,190,0,0.0,125,125,0,0.0,28,28,0,0.0,30,30,0,0.0,0,0,0,,0,0,0,,419,419,0,0.0,146,146,0,0.0,0,0,0,
public_v1,O1,p01315,final_tail_opt_4_plus_custom_cleanup,bundle_residual_strip,final_clean,False,6,6,0,0.0,36,36,0,0.0,764,704,-60,-0.07853403141361257,14,14,0,0.0,66,66,0,0.0,66,66,0,0.0,0,0,0,,10,10,0,0.0,6,6,0,0.0,98,97,-1,-0.01020408163265306,190,142,-48,-0.25263157894736843,125,122,-3,-0.024,28,28,0,0.0,30,25,-5,-0.16666666666666666,0,0,0,,0,0,0,,419,367,-52,-0.12410501193317422,146,140,-6,-0.0410958904109589,0,0,0,
public_v1,O1,p01571,main_combined_custom_plus_opt_1_2,raw_lift,brightened_main,False,43,19,-24,-0.5581395348837209,611,286,-325,-0.5319148936170213,13195,4395,-8800,-0.6669192876089428,273,22,-251,-0.9194139194139194,116,270,154,1.3275862068965518,110,270,160,1.4545454545454546,6,0,-6,-1.0,40,10,-30,-0.75,0,6,6,,1023,714,-309,-0.3020527859237537,1865,537,-1328,-0.7120643431635388,138,397,259,1.8768115942028984,17,117,100,5.882352941176471,138,69,-69,-0.5,0,9,9,,3,0,-3,-1.0,3026,1654,-1372,-0.4534038334434898,5227,929,-4298,-0.8222689879471973,0,0,0,
public_v1,O1,p01571,bundle_exact_pointer_passes,bundle_verified_input,bundle_pointer_opt,False,19,19,0,0.0,286,276,-10,-0.03496503496503497,4395,4268,-127,-0.028896473265073948,22,21,-1,-0.045454545454545456,270,268,-2,-0.007407407407407408,270,268,-2,-0.007407407407407408,0,0,0,,10,8,-2,-0.2,6,5,-1,-0.16666666666666666,714,709,-5,-0.0070028011204481795,537,519,-18,-0.0335195530726257,397,374,-23,-0.05793450881612091,117,116,-1,-0.008547008547008548,69,68,-1,-0.014492753623188406,9,9,0,0.0,0,0,0,,1654,1607,-47,-0.028415961305925032,929,918,-11,-0.011840688912809472,0,0,0,
public_v1,O1,p01571,llvm_default_opt_boundary_3,bundle_pointer_opt,bundle_standard_opt_3,True,19,19,0,0.0,276,272,-4,-0.014492753623188406,4268,3552,-716,-0.16776007497656983,21,21,0,0.0,268,268,0,0.0,268,268,0,0.0,0,0,0,,8,9,1,0.125,5,5,0,0.0,709,644,-65,-0.09167842031029619,519,432,-87,-0.1676300578034682,374,351,-23,-0.06149732620320856,116,109,-7,-0.0603448275862069,68,68,0,0.0,9,9,0,0.0,0,0,0,,1607,1432,-175,-0.1088985687616677,918,744,-174,-0.1895424836601307,0,0,0,
public_v1,O1,p01571,custom_storage_delift,bundle_standard_opt_3,bundle_storage_delift,False,19,19,0,0.0,272,272,0,0.0,3552,3552,0,0.0,21,21,0,0.0,268,268,0,0.0,268,268,0,0.0,0,0,0,,9,9,0,0.0,5,5,0,0.0,644,644,0,0.0,432,432,0,0.0,351,351,0,0.0,109,109,0,0.0,68,68,0,0.0,9,9,0,0.0,0,0,0,,1432,1432,0,0.0,744,744,0,0.0,0,0,0,
public_v1,O1,p01571,custom_residual_strip,bundle_storage_delift,bundle_residual_strip,False,19,19,0,0.0,272,272,0,0.0,3552,3552,0,0.0,21,21,0,0.0,268,268,0,0.0,268,268,0,0.0,0,0,0,,9,9,0,0.0,5,5,0,0.0,644,644,0,0.0,432,432,0,0.0,351,351,0,0.0,109,109,0,0.0,68,68,0,0.0,9,9,0,0.0,0,0,0,,1432,1432,0,0.0,744,744,0,0.0,0,0,0,
public_v1,O1,p01571,final_tail_opt_4_plus_custom_cleanup,bundle_residual_strip,final_clean,False,19,19,0,0.0,272,273,1,0.003676470588235294,3552,3235,-317,-0.0892454954954955,21,21,0,0.0,268,267,-1,-0.0037313432835820895,268,267,-1,-0.0037313432835820895,0,0,0,,9,9,0,0.0,5,5,0,0.0,644,611,-33,-0.05124223602484472,432,394,-38,-0.08796296296296297,351,330,-21,-0.05982905982905983,109,112,3,0.027522935779816515,68,66,-2,-0.029411764705882353,9,9,0,0.0,0,0,0,,1432,1340,-92,-0.06424581005586592,744,677,-67,-0.09005376344086022,0,0,0,
public_v1,O1,p01687,main_combined_custom_plus_opt_1_2,raw_lift,brightened_main,False,31,4,-27,-0.8709677419354839,166,54,-112,-0.6746987951807228,2708,673,-2035,-0.7514771048744461,64,18,-46,-0.71875,53,11,-42,-0.7924528301886793,48,11,-37,-0.7708333333333334,5,0,-5,-1.0,13,0,-13,-1.0,0,1,1,,163,56,-107,-0.656441717791411,443,102,-341,-0.7697516930022573,12,115,103,8.583333333333334,5,14,9,1.8,36,70,34,0.9444444444444444,0,1,1,,3,0,-3,-1.0,618,274,-344,-0.5566343042071198,1030,213,-817,-0.7932038834951456,0,0,0,
public_v1,O1,p01687,bundle_exact_pointer_passes,bundle_verified_input,bundle_pointer_opt,False,4,4,0,0.0,54,53,-1,-0.018518518518518517,673,668,-5,-0.007429420505200594,18,18,0,0.0,11,11,0,0.0,11,11,0,0.0,0,0,0,,0,0,0,,1,1,0,0.0,56,56,0,0.0,102,102,0,0.0,115,113,-2,-0.017391304347826087,14,14,0,0.0,70,70,0,0.0,1,1,0,0.0,0,0,0,,274,272,-2,-0.0072992700729927005,213,212,-1,-0.004694835680751174,0,0,0,
public_v1,O1,p01687,llvm_default_opt_boundary_3,bundle_pointer_opt,bundle_standard_opt_3,True,4,4,0,0.0,53,53,0,0.0,668,654,-14,-0.020958083832335328,18,18,0,0.0,11,11,0,0.0,11,11,0,0.0,0,0,0,,0,0,0,,1,1,0,0.0,56,56,0,0.0,102,102,0,0.0,113,113,0,0.0,14,12,-2,-0.14285714285714285,70,70,0,0.0,1,1,0,0.0,0,0,0,,272,272,0,0.0,212,206,-6,-0.02830188679245283,0,0,0,
public_v1,O1,p01687,custom_storage_delift,bundle_standard_opt_3,bundle_storage_delift,False,4,4,0,0.0,53,53,0,0.0,654,654,0,0.0,18,18,0,0.0,11,11,0,0.0,11,11,0,0.0,0,0,0,,0,0,0,,1,1,0,0.0,56,56,0,0.0,102,102,0,0.0,113,113,0,0.0,12,12,0,0.0,70,70,0,0.0,1,1,0,0.0,0,0,0,,272,272,0,0.0,206,206,0,0.0,0,0,0,
public_v1,O1,p01687,custom_residual_strip,bundle_storage_delift,bundle_residual_strip,False,4,4,0,0.0,53,53,0,0.0,654,654,0,0.0,18,18,0,0.0,11,11,0,0.0,11,11,0,0.0,0,0,0,,0,0,0,,1,1,0,0.0,56,56,0,0.0,102,102,0,0.0,113,113,0,0.0,12,12,0,0.0,70,70,0,0.0,1,1,0,0.0,0,0,0,,272,272,0,0.0,206,206,0,0.0,0,0,0,
public_v1,O1,p01687,final_tail_opt_4_plus_custom_cleanup,bundle_residual_strip,final_clean,False,4,4,0,0.0,53,53,0,0.0,654,623,-31,-0.047400611620795105,18,18,0,0.0,11,11,0,0.0,11,11,0,0.0,0,0,0,,0,0,0,,1,1,0,0.0,56,55,-1,-0.017857142857142856,102,80,-22,-0.21568627450980393,113,107,-6,-0.05309734513274336,12,14,2,0.16666666666666666,70,66,-4,-0.05714285714285714,1,1,0,0.0,0,0,0,,272,243,-29,-0.10661764705882353,206,204,-2,-0.009708737864077669,0,0,0,
public_v1,O1,p01766,main_combined_custom_plus_opt_1_2,raw_lift,brightened_main,False,26,2,-24,-0.9230769230769231,144,23,-121,-0.8402777777777778,2584,307,-2277,-0.8811919504643962,57,11,-46,-0.8070175438596491,43,14,-29,-0.6744186046511628,38,14,-24,-0.631578947368421,5,0,-5,-1.0,10,9,-1,-0.1,0,6,6,,149,24,-125,-0.8389261744966443,358,50,-308,-0.8603351955307262,43,69,26,0.6046511627906976,3,8,5,1.6666666666666667,28,10,-18,-0.6428571428571429,0,0,0,,3,0,-3,-1.0,550,149,-401,-0.7290909090909091,994,67,-927,-0.9325955734406438,0,0,0,
public_v1,O1,p01766,bundle_exact_pointer_passes,bundle_verified_input,bundle_pointer_opt,False,2,2,0,0.0,23,23,0,0.0,307,307,0,0.0,11,11,0,0.0,14,14,0,0.0,14,14,0,0.0,0,0,0,,9,9,0,0.0,6,6,0,0.0,24,24,0,0.0,50,50,0,0.0,69,69,0,0.0,8,8,0,0.0,10,10,0,0.0,0,0,0,,0,0,0,,149,149,0,0.0,67,67,0,0.0,0,0,0,
public_v1,O1,p01766,llvm_default_opt_boundary_3,bundle_pointer_opt,bundle_standard_opt_3,True,2,2,0,0.0,23,23,0,0.0,307,301,-6,-0.019543973941368076,11,11,0,0.0,14,14,0,0.0,14,14,0,0.0,0,0,0,,9,9,0,0.0,6,6,0,0.0,24,24,0,0.0,50,50,0,0.0,69,68,-1,-0.014492753623188406,8,8,0,0.0,10,10,0,0.0,0,0,0,,0,0,0,,149,148,-1,-0.006711409395973154,67,64,-3,-0.04477611940298507,0,0,0,
public_v1,O1,p01766,custom_storage_delift,bundle_standard_opt_3,bundle_storage_delift,False,2,2,0,0.0,23,23,0,0.0,301,301,0,0.0,11,11,0,0.0,14,14,0,0.0,14,14,0,0.0,0,0,0,,9,9,0,0.0,6,6,0,0.0,24,24,0,0.0,50,50,0,0.0,68,68,0,0.0,8,8,0,0.0,10,10,0,0.0,0,0,0,,0,0,0,,148,148,0,0.0,64,64,0,0.0,0,0,0,
public_v1,O1,p01766,custom_residual_strip,bundle_storage_delift,bundle_residual_strip,False,2,2,0,0.0,23,23,0,0.0,301,301,0,0.0,11,11,0,0.0,14,14,0,0.0,14,14,0,0.0,0,0,0,,9,9,0,0.0,6,6,0,0.0,24,24,0,0.0,50,50,0,0.0,68,68,0,0.0,8,8,0,0.0,10,10,0,0.0,0,0,0,,0,0,0,,148,148,0,0.0,64,64,0,0.0,0,0,0,
public_v1,O1,p01766,final_tail_opt_4_plus_custom_cleanup,bundle_residual_strip,final_clean,False,2,2,0,0.0,23,22,-1,-0.043478260869565216,301,293,-8,-0.026578073089700997,11,11,0,0.0,14,14,0,0.0,14,14,0,0.0,0,0,0,,9,9,0,0.0,6,6,0,0.0,24,23,-1,-0.041666666666666664,50,46,-4,-0.08,68,67,-1,-0.014705882352941176,8,8,0,0.0,10,10,0,0.0,0,0,0,,0,0,0,,148,142,-6,-0.04054054054054054,64,63,-1,-0.015625,0,0,0,
public_v1,O1,p01970,main_combined_custom_plus_opt_1_2,raw_lift,brightened_main,False,27,2,-25,-0.9259259259259259,199,68,-131,-0.6582914572864321,3585,294,-3291,-0.9179916317991632,82,4,-78,-0.9512195121951219,46,6,-40,-0.8695652173913043,41,6,-35,-0.8536585365853658,5,0,-5,-1.0,13,0,-13,-1.0,0,0,0,,185,19,-166,-0.8972972972972973,496,13,-483,-0.9737903225806451,34,23,-11,-0.3235294117647059,5,27,22,4.4,42,13,-29,-0.6904761904761905,0,2,2,,3,0,-3,-1.0,715,55,-660,-0.9230769230769231,1433,93,-1340,-0.9351011863224006,0,0,0,
public_v1,O1,p01970,bundle_exact_pointer_passes,bundle_verified_input,bundle_pointer_opt,False,2,2,0,0.0,68,68,0,0.0,294,294,0,0.0,4,4,0,0.0,6,6,0,0.0,6,6,0,0.0,0,0,0,,0,0,0,,0,0,0,,19,19,0,0.0,13,13,0,0.0,23,23,0,0.0,27,27,0,0.0,13,13,0,0.0,2,2,0,0.0,0,0,0,,55,55,0,0.0,93,93,0,0.0,0,0,0,
public_v1,O1,p01970,llvm_default_opt_boundary_3,bundle_pointer_opt,bundle_standard_opt_3,True,2,2,0,0.0,68,68,0,0.0,294,294,0,0.0,4,4,0,0.0,6,6,0,0.0,6,6,0,0.0,0,0,0,,0,0,0,,0,0,0,,19,19,0,0.0,13,13,0,0.0,23,23,0,0.0,27,27,0,0.0,13,13,0,0.0,2,2,0,0.0,0,0,0,,55,55,0,0.0,93,93,0,0.0,0,0,0,
public_v1,O1,p01970,custom_storage_delift,bundle_standard_opt_3,bundle_storage_delift,False,2,2,0,0.0,68,68,0,0.0,294,294,0,0.0,4,4,0,0.0,6,6,0,0.0,6,6,0,0.0,0,0,0,,0,0,0,,0,0,0,,19,19,0,0.0,13,13,0,0.0,23,23,0,0.0,27,27,0,0.0,13,13,0,0.0,2,2,0,0.0,0,0,0,,55,55,0,0.0,93,93,0,0.0,0,0,0,
public_v1,O1,p01970,custom_residual_strip,bundle_storage_delift,bundle_residual_strip,False,2,2,0,0.0,68,68,0,0.0,294,294,0,0.0,4,4,0,0.0,6,6,0,0.0,6,6,0,0.0,0,0,0,,0,0,0,,0,0,0,,19,19,0,0.0,13,13,0,0.0,23,23,0,0.0,27,27,0,0.0,13,13,0,0.0,2,2,0,0.0,0,0,0,,55,55,0,0.0,93,93,0,0.0,0,0,0,
public_v1,O1,p01970,final_tail_opt_4_plus_custom_cleanup,bundle_residual_strip,final_clean,False,2,2,0,0.0,68,68,0,0.0,294,294,0,0.0,4,4,0,0.0,6,6,0,0.0,6,6,0,0.0,0,0,0,,0,0,0,,0,0,0,,19,19,0,0.0,13,13,0,0.0,23,23,0,0.0,27,27,0,0.0,13,13,0,0.0,2,2,0,0.0,0,0,0,,55,55,0,0.0,93,93,0,0.0,0,0,0,
public_v1,O1,p02029,main_combined_custom_plus_opt_1_2,raw_lift,brightened_main,False,30,7,-23,-0.7666666666666667,295,134,-161,-0.5457627118644067,5775,1551,-4224,-0.7314285714285714,126,7,-119,-0.9444444444444444,75,89,14,0.18666666666666668,70,89,19,0.2714285714285714,5,0,-5,-1.0,25,0,-25,-1.0,0,1,1,,415,229,-186,-0.44819277108433736,860,257,-603,-0.7011627906976744,58,148,90,1.5517241379310345,7,35,28,4.0,64,26,-38,-0.59375,0,3,3,,3,0,-3,-1.0,1333,635,-698,-0.5236309077269318,2263,309,-1954,-0.8634555899248785,0,0,0,
public_v1,O1,p02029,bundle_exact_pointer_passes,bundle_verified_input,bundle_pointer_opt,False,7,7,0,0.0,134,130,-4,-0.029850746268656716,1551,1519,-32,-0.020631850419084462,7,7,0,0.0,89,89,0,0.0,89,89,0,0.0,0,0,0,,0,0,0,,1,1,0,0.0,229,228,-1,-0.004366812227074236,257,257,0,0.0,148,150,2,0.013513513513513514,35,35,0,0.0,26,26,0,0.0,3,3,0,0.0,0,0,0,,635,636,1,0.0015748031496062992,309,305,-4,-0.012944983818770227,0,0,0,
public_v1,O1,p02029,llvm_default_opt_boundary_3,bundle_pointer_opt,bundle_standard_opt_3,True,7,7,0,0.0,130,130,0,0.0,1519,1403,-116,-0.07636603028308098,7,9,2,0.2857142857142857,89,92,3,0.033707865168539325,89,92,3,0.033707865168539325,0,0,0,,0,0,0,,1,1,0,0.0,228,225,-3,-0.013157894736842105,257,259,2,0.007782101167315175,150,145,-5,-0.03333333333333333,35,39,4,0.11428571428571428,26,27,1,0.038461538461538464,3,3,0,0.0,0,0,0,,636,630,-6,-0.009433962264150943,305,259,-46,-0.15081967213114755,0,0,0,
public_v1,O1,p02029,custom_storage_delift,bundle_standard_opt_3,bundle_storage_delift,False,7,7,0,0.0,130,130,0,0.0,1403,1403,0,0.0,9,9,0,0.0,92,92,0,0.0,92,92,0,0.0,0,0,0,,0,0,0,,1,1,0,0.0,225,225,0,0.0,259,259,0,0.0,145,145,0,0.0,39,39,0,0.0,27,27,0,0.0,3,3,0,0.0,0,0,0,,630,630,0,0.0,259,259,0,0.0,0,0,0,
public_v1,O1,p02029,custom_residual_strip,bundle_storage_delift,bundle_residual_strip,False,7,7,0,0.0,130,130,0,0.0,1403,1403,0,0.0,9,9,0,0.0,92,92,0,0.0,92,92,0,0.0,0,0,0,,0,0,0,,1,1,0,0.0,225,225,0,0.0,259,259,0,0.0,145,145,0,0.0,39,39,0,0.0,27,27,0,0.0,3,3,0,0.0,0,0,0,,630,630,0,0.0,259,259,0,0.0,0,0,0,
public_v1,O1,p02029,final_tail_opt_4_plus_custom_cleanup,bundle_residual_strip,final_clean,False,7,7,0,0.0,130,130,0,0.0,1403,1352,-51,-0.036350677120456164,9,9,0,0.0,92,92,0,0.0,92,92,0,0.0,0,0,0,,0,0,0,,1,1,0,0.0,225,217,-8,-0.035555555555555556,259,245,-14,-0.05405405405405406,145,117,-28,-0.19310344827586207,39,47,8,0.20512820512820512,27,26,-1,-0.037037037037037035,3,3,0,0.0,0,0,0,,630,580,-50,-0.07936507936507936,259,266,7,0.02702702702702703,0,0,0,
public_v1,O1,p02100,main_combined_custom_plus_opt_1_2,raw_lift,brightened_main,False,27,4,-23,-0.8518518518518519,147,46,-101,-0.6870748299319728,2215,406,-1809,-0.8167042889390519,56,10,-46,-0.8214285714285714,43,23,-20,-0.46511627906976744,38,23,-15,-0.39473684210526316,5,0,-5,-1.0,12,0,-12,-1.0,0,1,1,,151,50,-101,-0.6688741721854304,372,103,-269,-0.7231182795698925,13,49,36,2.769230769230769,3,16,13,4.333333333333333,25,14,-11,-0.44,0,1,1,,3,0,-3,-1.0,536,203,-333,-0.621268656716418,818,76,-742,-0.9070904645476773,0,0,0,
public_v1,O1,p02100,bundle_exact_pointer_passes,bundle_verified_input,bundle_pointer_opt,False,4,4,0,0.0,46,45,-1,-0.021739130434782608,406,401,-5,-0.012315270935960592,10,10,0,0.0,23,23,0,0.0,23,23,0,0.0,0,0,0,,0,0,0,,1,1,0,0.0,50,50,0,0.0,103,103,0,0.0,49,47,-2,-0.04081632653061224,16,16,0,0.0,14,14,0,0.0,1,1,0,0.0,0,0,0,,203,201,-2,-0.009852216748768473,76,75,-1,-0.013157894736842105,0,0,0,
public_v1,O1,p02100,llvm_default_opt_boundary_3,bundle_pointer_opt,bundle_standard_opt_3,True,4,4,0,0.0,45,45,0,0.0,401,387,-14,-0.034912718204488775,10,10,0,0.0,23,23,0,0.0,23,23,0,0.0,0,0,0,,0,0,0,,1,1,0,0.0,50,50,0,0.0,103,103,0,0.0,47,47,0,0.0,16,14,-2,-0.125,14,14,0,0.0,1,1,0,0.0,0,0,0,,201,201,0,0.0,75,69,-6,-0.08,0,0,0,
public_v1,O1,p02100,custom_storage_delift,bundle_standard_opt_3,bundle_storage_delift,False,4,4,0,0.0,45,45,0,0.0,387,387,0,0.0,10,10,0,0.0,23,23,0,0.0,23,23,0,0.0,0,0,0,,0,0,0,,1,1,0,0.0,50,50,0,0.0,103,103,0,0.0,47,47,0,0.0,14,14,0,0.0,14,14,0,0.0,1,1,0,0.0,0,0,0,,201,201,0,0.0,69,69,0,0.0,0,0,0,
public_v1,O1,p02100,custom_residual_strip,bundle_storage_delift,bundle_residual_strip,False,4,4,0,0.0,45,45,0,0.0,387,387,0,0.0,10,10,0,0.0,23,23,0,0.0,23,23,0,0.0,0,0,0,,0,0,0,,1,1,0,0.0,50,50,0,0.0,103,103,0,0.0,47,47,0,0.0,14,14,0,0.0,14,14,0,0.0,1,1,0,0.0,0,0,0,,201,201,0,0.0,69,69,0,0.0,0,0,0,
public_v1,O1,p02100,final_tail_opt_4_plus_custom_cleanup,bundle_residual_strip,final_clean,False,4,4,0,0.0,45,44,-1,-0.022222222222222223,387,349,-38,-0.09819121447028424,10,10,0,0.0,23,22,-1,-0.043478260869565216,23,22,-1,-0.043478260869565216,0,0,0,,0,0,0,,1,1,0,0.0,50,43,-7,-0.14,103,77,-26,-0.2524271844660194,47,39,-8,-0.1702127659574468,14,21,7,0.5,14,12,-2,-0.14285714285714285,1,1,0,0.0,0,0,0,,201,160,-41,-0.20398009950248755,69,74,5,0.07246376811594203,0,0,0,
public_v1,O1,p02289,main_combined_custom_plus_opt_1_2,raw_lift,brightened_main,False,34,7,-27,-0.7941176470588235,460,224,-236,-0.5130434782608696,8947,1994,-6953,-0.7771319995529228,205,9,-196,-0.9560975609756097,102,139,37,0.3627450980392157,97,139,42,0.4329896907216495,5,0,-5,-1.0,43,0,-43,-1.0,0,2,2,,563,293,-270,-0.47957371225577267,1306,333,-973,-0.7450229709035222,19,150,131,6.894736842105263,11,83,72,6.545454545454546,102,34,-68,-0.6666666666666666,0,7,7,,5,0,-5,-1.0,1888,778,-1110,-0.5879237288135594,3625,365,-3260,-0.8993103448275862,0,0,0,
public_v1,O1,p02289,bundle_exact_pointer_passes,bundle_verified_input,bundle_pointer_opt,False,7,7,0,0.0,224,220,-4,-0.017857142857142856,1994,1957,-37,-0.018555667001003008,9,9,0,0.0,139,139,0,0.0,139,139,0,0.0,0,0,0,,0,0,0,,2,2,0,0.0,293,292,-1,-0.0034129692832764505,333,333,0,0.0,150,146,-4,-0.02666666666666667,83,83,0,0.0,34,34,0,0.0,7,7,0,0.0,0,0,0,,778,773,-5,-0.006426735218508998,365,362,-3,-0.00821917808219178,0,0,0,
public_v1,O1,p02289,llvm_default_opt_boundary_3,bundle_pointer_opt,bundle_standard_opt_3,True,7,7,0,0.0,220,218,-2,-0.00909090909090909,1957,1737,-220,-0.11241696474195197,9,9,0,0.0,139,139,0,0.0,139,139,0,0.0,0,0,0,,0,0,0,,2,2,0,0.0,292,276,-16,-0.0547945205479452,333,319,-14,-0.042042042042042045,146,141,-5,-0.03424657534246575,83,65,-18,-0.21686746987951808,34,34,0,0.0,7,7,0,0.0,0,0,0,,773,738,-35,-0.045278137128072445,362,281,-81,-0.22375690607734808,0,0,0,
public_v1,O1,p02289,custom_storage_delift,bundle_standard_opt_3,bundle_storage_delift,False,7,7,0,0.0,218,218,0,0.0,1737,1737,0,0.0,9,9,0,0.0,139,139,0,0.0,139,139,0,0.0,0,0,0,,0,0,0,,2,2,0,0.0,276,276,0,0.0,319,319,0,0.0,141,141,0,0.0,65,65,0,0.0,34,34,0,0.0,7,7,0,0.0,0,0,0,,738,738,0,0.0,281,281,0,0.0,0,0,0,
public_v1,O1,p02289,custom_residual_strip,bundle_storage_delift,bundle_residual_strip,False,7,7,0,0.0,218,218,0,0.0,1737,1737,0,0.0,9,9,0,0.0,139,139,0,0.0,139,139,0,0.0,0,0,0,,0,0,0,,2,2,0,0.0,276,276,0,0.0,319,319,0,0.0,141,141,0,0.0,65,65,0,0.0,34,34,0,0.0,7,7,0,0.0,0,0,0,,738,738,0,0.0,281,281,0,0.0,0,0,0,
public_v1,O1,p02289,final_tail_opt_4_plus_custom_cleanup,bundle_residual_strip,final_clean,False,7,7,0,0.0,218,218,0,0.0,1737,1571,-166,-0.0955670696603339,9,9,0,0.0,139,138,-1,-0.007194244604316547,139,138,-1,-0.007194244604316547,0,0,0,,0,0,0,,2,2,0,0.0,276,258,-18,-0.06521739130434782,319,302,-17,-0.05329153605015674,141,125,-16,-0.11347517730496454,65,79,14,0.2153846153846154,34,32,-2,-0.058823529411764705,7,7,0,0.0,0,0,0,,738,687,-51,-0.06910569105691057,281,264,-17,-0.060498220640569395,0,0,0,
public_v1,O1,p02474,main_combined_custom_plus_opt_1_2,raw_lift,brightened_main,False,26,2,-24,-0.9230769230769231,184,22,-162,-0.8804347826086957,3373,141,-3232,-0.9581974503409428,79,12,-67,-0.8481012658227848,53,6,-47,-0.8867924528301887,48,6,-42,-0.875,5,0,-5,-1.0,16,0,-16,-1.0,0,0,0,,167,13,-154,-0.9221556886227545,488,5,-483,-0.9897540983606558,27,15,-12,-0.4444444444444444,3,9,6,2.0,36,2,-34,-0.9444444444444444,0,0,0,,7,0,-7,-1.0,682,33,-649,-0.9516129032258065,1329,44,-1285,-0.9668924003009782,0,0,0,
public_v1,O1,p02474,bundle_exact_pointer_passes,bundle_verified_input,bundle_pointer_opt,False,2,2,0,0.0,22,22,0,0.0,141,141,0,0.0,12,12,0,0.0,6,6,0,0.0,6,6,0,0.0,0,0,0,,0,0,0,,0,0,0,,13,13,0,0.0,5,5,0,0.0,15,15,0,0.0,9,9,0,0.0,2,2,0,0.0,0,0,0,,0,0,0,,33,33,0,0.0,44,44,0,0.0,0,0,0,
public_v1,O1,p02474,llvm_default_opt_boundary_3,bundle_pointer_opt,bundle_standard_opt_3,True,2,2,0,0.0,22,22,0,0.0,141,139,-2,-0.014184397163120567,12,12,0,0.0,6,6,0,0.0,6,6,0,0.0,0,0,0,,0,0,0,,0,0,0,,13,13,0,0.0,5,5,0,0.0,15,15,0,0.0,9,9,0,0.0,2,2,0,0.0,0,0,0,,0,0,0,,33,33,0,0.0,44,42,-2,-0.045454545454545456,0,0,0,
public_v1,O1,p02474,custom_storage_delift,bundle_standard_opt_3,bundle_storage_delift,False,2,2,0,0.0,22,22,0,0.0,139,139,0,0.0,12,12,0,0.0,6,6,0,0.0,6,6,0,0.0,0,0,0,,0,0,0,,0,0,0,,13,13,0,0.0,5,5,0,0.0,15,15,0,0.0,9,9,0,0.0,2,2,0,0.0,0,0,0,,0,0,0,,33,33,0,0.0,42,42,0,0.0,0,0,0,
public_v1,O1,p02474,custom_residual_strip,bundle_storage_delift,bundle_residual_strip,False,2,2,0,0.0,22,22,0,0.0,139,139,0,0.0,12,12,0,0.0,6,6,0,0.0,6,6,0,0.0,0,0,0,,0,0,0,,0,0,0,,13,13,0,0.0,5,5,0,0.0,15,15,0,0.0,9,9,0,0.0,2,2,0,0.0,0,0,0,,0,0,0,,33,33,0,0.0,42,42,0,0.0,0,0,0,
public_v1,O1,p02474,final_tail_opt_4_plus_custom_cleanup,bundle_residual_strip,final_clean,False,2,2,0,0.0,22,22,0,0.0,139,139,0,0.0,12,12,0,0.0,6,6,0,0.0,6,6,0,0.0,0,0,0,,0,0,0,,0,0,0,,13,13,0,0.0,5,5,0,0.0,15,15,0,0.0,9,9,0,0.0,2,2,0,0.0,0,0,0,,0,0,0,,33,33,0,0.0,42,42,0,0.0,0,0,0,
public_v1,O1,p02477,main_combined_custom_plus_opt_1_2,raw_lift,brightened_main,False,33,5,-28,-0.8484848484848485,1103,134,-969,-0.8785131459655485,20673,1454,-19219,-0.9296667150389397,548,10,-538,-0.9817518248175182,124,48,-76,-0.6129032258064516,119,48,-71,-0.5966386554621849,5,0,-5,-1.0,48,0,-48,-1.0,0,1,1,,1227,194,-1033,-0.8418907905460473,2722,226,-2496,-0.916972814107274,15,79,64,4.266666666666667,5,34,29,5.8,258,27,-231,-0.8953488372093024,0,3,3,,39,0,-39,-1.0,3964,500,-3464,-0.8738647830474269,8530,312,-8218,-0.9634232121922626,0,0,0,
public_v1,O1,p02477,bundle_exact_pointer_passes,bundle_verified_input,bundle_pointer_opt,False,5,5,0,0.0,134,132,-2,-0.014925373134328358,1454,1427,-27,-0.018569463548830812,10,10,0,0.0,48,48,0,0.0,48,48,0,0.0,0,0,0,,0,0,0,,1,1,0,0.0,194,194,0,0.0,226,226,0,0.0,79,79,0,0.0,34,34,0,0.0,27,27,0,0.0,3,3,0,0.0,0,0,0,,500,500,0,0.0,312,310,-2,-0.00641025641025641,0,0,0,
public_v1,O1,p02477,llvm_default_opt_boundary_3,bundle_pointer_opt,bundle_standard_opt_3,True,5,5,0,0.0,132,131,-1,-0.007575757575757576,1427,1407,-20,-0.01401541695865452,10,11,1,0.1,48,47,-1,-0.020833333333333332,48,47,-1,-0.020833333333333332,0,0,0,,0,0,0,,1,1,0,0.0,194,192,-2,-0.010309278350515464,226,234,8,0.035398230088495575,79,77,-2,-0.02531645569620253,34,33,-1,-0.029411764705882353,27,28,1,0.037037037037037035,3,3,0,0.0,0,0,0,,500,504,4,0.008,310,302,-8,-0.025806451612903226,0,0,0,
public_v1,O1,p02477,custom_storage_delift,bundle_standard_opt_3,bundle_storage_delift,False,5,5,0,0.0,131,131,0,0.0,1407,1407,0,0.0,11,11,0,0.0,47,47,0,0.0,47,47,0,0.0,0,0,0,,0,0,0,,1,1,0,0.0,192,192,0,0.0,234,234,0,0.0,77,77,0,0.0,33,33,0,0.0,28,28,0,0.0,3,3,0,0.0,0,0,0,,504,504,0,0.0,302,302,0,0.0,0,0,0,
public_v1,O1,p02477,custom_residual_strip,bundle_storage_delift,bundle_residual_strip,False,5,5,0,0.0,131,131,0,0.0,1407,1407,0,0.0,11,11,0,0.0,47,47,0,0.0,47,47,0,0.0,0,0,0,,0,0,0,,1,1,0,0.0,192,192,0,0.0,234,234,0,0.0,77,77,0,0.0,33,33,0,0.0,28,28,0,0.0,3,3,0,0.0,0,0,0,,504,504,0,0.0,302,302,0,0.0,0,0,0,
public_v1,O1,p02477,final_tail_opt_4_plus_custom_cleanup,bundle_residual_strip,final_clean,False,5,5,0,0.0,131,130,-1,-0.007633587786259542,1407,1352,-55,-0.03909026297085998,11,10,-1,-0.09090909090909091,47,47,0,0.0,47,47,0,0.0,0,0,0,,0,0,0,,1,1,0,0.0,192,182,-10,-0.052083333333333336,234,196,-38,-0.1623931623931624,77,64,-13,-0.16883116883116883,33,46,13,0.3939393939393939,28,24,-4,-0.14285714285714285,3,3,0,0.0,0,0,0,,504,443,-61,-0.12103174603174603,302,311,9,0.029801324503311258,0,0,0,
public_v1,O1,p02788,main_combined_custom_plus_opt_1_2,raw_lift,brightened_main,False,31,9,-22,-0.7096774193548387,315,147,-168,-0.5333333333333333,7265,2133,-5132,-0.7064005505849965,136,23,-113,-0.8308823529411765,101,101,0,0.0,96,101,5,0.052083333333333336,5,0,-5,-1.0,37,0,-37,-1.0,0,1,1,,564,308,-256,-0.45390070921985815,1143,270,-873,-0.7637795275590551,50,232,182,3.64,11,73,62,5.636363636363637,66,28,-38,-0.5757575757575758,0,5,5,,7,4,-3,-0.42857142857142855,1757,811,-946,-0.5384177575412635,2704,452,-2252,-0.8328402366863905,0,0,0,
public_v1,O1,p02788,bundle_exact_pointer_passes,bundle_verified_input,bundle_pointer_opt,False,9,9,0,0.0,147,123,-24,-0.16326530612244897,2133,1873,-260,-0.12189404594467886,23,21,-2,-0.08695652173913043,101,96,-5,-0.04950495049504951,101,96,-5,-0.04950495049504951,0,0,0,,0,0,0,,1,1,0,0.0,308,276,-32,-0.1038961038961039,270,256,-14,-0.05185185185185185,232,205,-27,-0.11637931034482758,73,46,-27,-0.3698630136986301,28,28,0,0.0,5,3,-2,-0.4,4,4,0,0.0,811,738,-73,-0.09001233045622688,452,389,-63,-0.13938053097345132,0,0,0,
public_v1,O1,p02788,llvm_default_opt_boundary_3,bundle_pointer_opt,bundle_standard_opt_3,True,9,8,-1,-0.1111111111111111,123,128,5,0.04065040650406504,1873,1762,-111,-0.059263214095034704,21,24,3,0.14285714285714285,96,94,-2,-0.020833333333333332,96,94,-2,-0.020833333333333332,0,0,0,,0,0,0,,1,1,0,0.0,276,256,-20,-0.07246376811594203,256,237,-19,-0.07421875,205,194,-11,-0.05365853658536585,46,54,8,0.17391304347826086,28,27,-1,-0.03571428571428571,3,3,0,0.0,4,4,0,0.0,738,688,-50,-0.06775067750677506,389,357,-32,-0.08226221079691516,0,0,0,
public_v1,O1,p02788,custom_storage_delift,bundle_standard_opt_3,bundle_storage_delift,False,8,8,0,0.0,128,128,0,0.0,1762,1762,0,0.0,24,24,0,0.0,94,94,0,0.0,94,94,0,0.0,0,0,0,,0,0,0,,1,1,0,0.0,256,256,0,0.0,237,237,0,0.0,194,194,0,0.0,54,54,0,0.0,27,27,0,0.0,3,3,0,0.0,4,4,0,0.0,688,688,0,0.0,357,357,0,0.0,0,0,0,
public_v1,O1,p02788,custom_residual_strip,bundle_storage_delift,bundle_residual_strip,False,8,8,0,0.0,128,128,0,0.0,1762,1762,0,0.0,24,24,0,0.0,94,94,0,0.0,94,94,0,0.0,0,0,0,,0,0,0,,1,1,0,0.0,256,256,0,0.0,237,237,0,0.0,194,194,0,0.0,54,54,0,0.0,27,27,0,0.0,3,3,0,0.0,4,4,0,0.0,688,688,0,0.0,357,357,0,0.0,0,0,0,
public_v1,O1,p02788,final_tail_opt_4_plus_custom_cleanup,bundle_residual_strip,final_clean,False,8,7,-1,-0.125,128,129,1,0.0078125,1762,1791,29,0.016458569807037457,24,25,1,0.041666666666666664,94,91,-3,-0.031914893617021274,94,91,-3,-0.031914893617021274,0,0,0,,0,0,0,,1,1,0,0.0,256,275,19,0.07421875,237,224,-13,-0.05485232067510549,194,183,-11,-0.05670103092783505,54,64,10,0.18518518518518517,27,24,-3,-0.1111111111111111,3,3,0,0.0,4,4,0,0.0,688,683,-5,-0.007267441860465116,357,376,19,0.05322128851540616,0,0,0,
public_v1,O1,p02814,main_combined_custom_plus_opt_1_2,raw_lift,brightened_main,False,36,9,-27,-0.75,210,85,-125,-0.5952380952380952,4450,1195,-3255,-0.7314606741573034,96,26,-70,-0.7291666666666666,103,113,10,0.0970873786407767,97,113,16,0.16494845360824742,6,0,-6,-1.0,30,14,-16,-0.5333333333333333,0,8,8,,331,155,-176,-0.5317220543806647,791,243,-548,-0.6927939317319848,41,180,139,3.3902439024390243,9,19,10,1.1111111111111112,33,24,-9,-0.2727272727272727,0,1,1,,26,18,-8,-0.3076923076923077,1163,586,-577,-0.4961306964746346,1569,210,-1359,-0.8661567877629063,0,0,0,
public_v1,O1,p02814,bundle_exact_pointer_passes,bundle_verified_input,bundle_pointer_opt,False,9,9,0,0.0,85,79,-6,-0.07058823529411765,1195,1123,-72,-0.0602510460251046,26,25,-1,-0.038461538461538464,113,111,-2,-0.017699115044247787,113,111,-2,-0.017699115044247787,0,0,0,,14,12,-2,-0.14285714285714285,8,7,-1,-0.125,155,148,-7,-0.04516129032258064,243,228,-15,-0.06172839506172839,180,166,-14,-0.07777777777777778,19,18,-1,-0.05263157894736842,24,23,-1,-0.041666666666666664,1,1,0,0.0,18,18,0,0.0,586,549,-37,-0.06313993174061433,210,202,-8,-0.0380952380952381,0,0,0,
public_v1,O1,p02814,llvm_default_opt_boundary_3,bundle_pointer_opt,bundle_standard_opt_3,True,9,9,0,0.0,79,80,1,0.012658227848101266,1123,1019,-104,-0.09260908281389137,25,25,0,0.0,111,112,1,0.009009009009009009,111,112,1,0.009009009009009009,0,0,0,,12,13,1,0.08333333333333333,7,7,0,0.0,148,135,-13,-0.08783783783783784,228,186,-42,-0.18421052631578946,166,143,-23,-0.13855421686746988,18,19,1,0.05555555555555555,23,22,-1,-0.043478260869565216,1,1,0,0.0,18,18,0,0.0,549,471,-78,-0.14207650273224043,202,191,-11,-0.054455445544554455,0,0,0,
public_v1,O1,p02814,custom_storage_delift,bundle_standard_opt_3,bundle_storage_delift,False,9,9,0,0.0,80,80,0,0.0,1019,1019,0,0.0,25,25,0,0.0,112,112,0,0.0,112,112,0,0.0,0,0,0,,13,13,0,0.0,7,7,0,0.0,135,135,0,0.0,186,186,0,0.0,143,143,0,0.0,19,19,0,0.0,22,22,0,0.0,1,1,0,0.0,18,18,0,0.0,471,471,0,0.0,191,191,0,0.0,0,0,0,
public_v1,O1,p02814,custom_residual_strip,bundle_storage_delift,bundle_residual_strip,False,9,9,0,0.0,80,80,0,0.0,1019,1019,0,0.0,25,25,0,0.0,112,112,0,0.0,112,112,0,0.0,0,0,0,,13,13,0,0.0,7,7,0,0.0,135,135,0,0.0,186,186,0,0.0,143,143,0,0.0,19,19,0,0.0,22,22,0,0.0,1,1,0,0.0,18,18,0,0.0,471,471,0,0.0,191,191,0,0.0,0,0,0,
public_v1,O1,p02814,final_tail_opt_4_plus_custom_cleanup,bundle_residual_strip,final_clean,False,9,9,0,0.0,80,80,0,0.0,1019,1000,-19,-0.018645731108930325,25,25,0,0.0,112,112,0,0.0,112,112,0,0.0,0,0,0,,13,13,0,0.0,7,7,0,0.0,135,130,-5,-0.037037037037037035,186,171,-15,-0.08064516129032258,143,139,-4,-0.027972027972027972,19,27,8,0.42105263157894735,22,20,-2,-0.09090909090909091,1,1,0,0.0,18,18,0,0.0,471,447,-24,-0.050955414012738856,191,197,6,0.031413612565445025,0,0,0,
public_v1,O1,p02950,main_combined_custom_plus_opt_1_2,raw_lift,brightened_main,False,25,4,-21,-0.84,263,104,-159,-0.6045627376425855,5340,803,-4537,-0.849625468164794,137,28,-109,-0.7956204379562044,96,46,-50,-0.5208333333333334,91,46,-45,-0.4945054945054945,5,0,-5,-1.0,30,0,-30,-1.0,0,1,1,,284,109,-175,-0.6161971830985915,833,108,-725,-0.8703481392557023,16,70,54,3.375,3,5,2,0.6666666666666666,52,19,-33,-0.6346153846153846,0,1,1,,31,24,-7,-0.22580645161290322,1133,288,-845,-0.7458075904677847,2070,172,-1898,-0.9169082125603865,0,0,0,
public_v1,O1,p02950,bundle_exact_pointer_passes,bundle_verified_input,bundle_pointer_opt,False,4,4,0,0.0,104,103,-1,-0.009615384615384616,803,795,-8,-0.009962640099626401,28,28,0,0.0,46,46,0,0.0,46,46,0,0.0,0,0,0,,0,0,0,,1,1,0,0.0,109,108,-1,-0.009174311926605505,108,108,0,0.0,70,71,1,0.014285714285714285,5,5,0,0.0,19,19,0,0.0,1,1,0,0.0,24,24,0,0.0,288,288,0,0.0,172,171,-1,-0.005813953488372093,0,0,0,
public_v1,O1,p02950,llvm_default_opt_boundary_3,bundle_pointer_opt,bundle_standard_opt_3,True,4,4,0,0.0,103,103,0,0.0,795,745,-50,-0.06289308176100629,28,28,0,0.0,46,46,0,0.0,46,46,0,0.0,0,0,0,,0,0,0,,1,1,0,0.0,108,106,-2,-0.018518518518518517,108,108,0,0.0,71,66,-5,-0.07042253521126761,5,3,-2,-0.4,19,19,0,0.0,1,1,0,0.0,24,24,0,0.0,288,281,-7,-0.024305555555555556,171,155,-16,-0.0935672514619883,0,0,0,
public_v1,O1,p02950,custom_storage_delift,bundle_standard_opt_3,bundle_storage_delift,False,4,4,0,0.0,103,103,0,0.0,745,745,0,0.0,28,28,0,0.0,46,46,0,0.0,46,46,0,0.0,0,0,0,,0,0,0,,1,1,0,0.0,106,106,0,0.0,108,108,0,0.0,66,66,0,0.0,3,3,0,0.0,19,19,0,0.0,1,1,0,0.0,24,24,0,0.0,281,281,0,0.0,155,155,0,0.0,0,0,0,
public_v1,O1,p02950,custom_residual_strip,bundle_storage_delift,bundle_residual_strip,False,4,4,0,0.0,103,103,0,0.0,745,745,0,0.0,28,28,0,0.0,46,46,0,0.0,46,46,0,0.0,0,0,0,,0,0,0,,1,1,0,0.0,106,106,0,0.0,108,108,0,0.0,66,66,0,0.0,3,3,0,0.0,19,19,0,0.0,1,1,0,0.0,24,24,0,0.0,281,281,0,0.0,155,155,0,0.0,0,0,0,
public_v1,O1,p02950,final_tail_opt_4_plus_custom_cleanup,bundle_residual_strip,final_clean,False,4,4,0,0.0,103,103,0,0.0,745,712,-33,-0.04429530201342282,28,28,0,0.0,46,44,-2,-0.043478260869565216,46,44,-2,-0.043478260869565216,0,0,0,,0,0,0,,1,1,0,0.0,106,104,-2,-0.018867924528301886,108,91,-17,-0.1574074074074074,66,54,-12,-0.18181818181818182,3,5,2,0.6666666666666666,19,17,-2,-0.10526315789473684,1,1,0,0.0,24,24,0,0.0,281,250,-31,-0.1103202846975089,155,155,0,0.0,0,0,0,
public_v1,O1,p03006,main_combined_custom_plus_opt_1_2,raw_lift,brightened_main,False,85,3,-82,-0.9647058823529412,1071,99,-972,-0.907563025210084,22007,781,-21226,-0.9645112918616804,520,7,-513,-0.9865384615384616,267,10,-257,-0.9625468164794008,258,10,-248,-0.9612403100775194,9,0,-9,-1.0,118,1,-117,-0.9915254237288136,0,2,2,,1598,87,-1511,-0.9455569461827285,3506,128,-3378,-0.9634911580148318,107,134,27,0.2523364485981308,23,11,-12,-0.5217391304347826,201,55,-146,-0.7263681592039801,0,4,4,,76,0,-76,-1.0,5211,351,-4860,-0.9326424870466321,8246,155,-8091,-0.981203007518797,6,0,-6,-1.0
public_v1,O1,p03006,bundle_exact_pointer_passes,bundle_verified_input,bundle_pointer_opt,False,3,3,0,0.0,99,98,-1,-0.010101010101010102,781,769,-12,-0.015364916773367477,7,7,0,0.0,10,10,0,0.0,10,10,0,0.0,0,0,0,,1,1,0,0.0,2,2,0,0.0,87,87,0,0.0,128,128,0,0.0,134,133,-1,-0.007462686567164179,11,11,0,0.0,55,55,0,0.0,4,4,0,0.0,0,0,0,,351,350,-1,-0.002849002849002849,155,153,-2,-0.012903225806451613,0,0,0,
public_v1,O1,p03006,llvm_default_opt_boundary_3,bundle_pointer_opt,bundle_standard_opt_3,True,3,3,0,0.0,98,98,0,0.0,769,758,-11,-0.014304291287386216,7,7,0,0.0,10,10,0,0.0,10,10,0,0.0,0,0,0,,1,1,0,0.0,2,2,0,0.0,87,87,0,0.0,128,127,-1,-0.0078125,133,133,0,0.0,11,11,0,0.0,55,55,0,0.0,4,4,0,0.0,0,0,0,,350,349,-1,-0.002857142857142857,153,150,-3,-0.0196078431372549,0,0,0,
public_v1,O1,p03006,custom_storage_delift,bundle_standard_opt_3,bundle_storage_delift,False,3,3,0,0.0,98,98,0,0.0,758,758,0,0.0,7,7,0,0.0,10,10,0,0.0,10,10,0,0.0,0,0,0,,1,1,0,0.0,2,2,0,0.0,87,87,0,0.0,127,127,0,0.0,133,133,0,0.0,11,11,0,0.0,55,55,0,0.0,4,4,0,0.0,0,0,0,,349,349,0,0.0,150,150,0,0.0,0,0,0,
public_v1,O1,p03006,custom_residual_strip,bundle_storage_delift,bundle_residual_strip,False,3,3,0,0.0,98,98,0,0.0,758,758,0,0.0,7,7,0,0.0,10,10,0,0.0,10,10,0,0.0,0,0,0,,1,1,0,0.0,2,2,0,0.0,87,87,0,0.0,127,127,0,0.0,133,133,0,0.0,11,11,0,0.0,55,55,0,0.0,4,4,0,0.0,0,0,0,,349,349,0,0.0,150,150,0,0.0,0,0,0,
public_v1,O1,p03006,final_tail_opt_4_plus_custom_cleanup,bundle_residual_strip,final_clean,False,3,3,0,0.0,98,93,-5,-0.05102040816326531,758,625,-133,-0.17546174142480211,7,7,0,0.0,10,10,0,0.0,10,10,0,0.0,0,0,0,,1,1,0,0.0,2,2,0,0.0,87,80,-7,-0.08045977011494253,127,112,-15,-0.11811023622047244,133,107,-26,-0.19548872180451127,11,13,2,0.18181818181818182,55,36,-19,-0.34545454545454546,4,4,0,0.0,0,0,0,,349,301,-48,-0.13753581661891118,150,108,-42,-0.28,0,0,0,
public_v1,O1,p03111,main_combined_custom_plus_opt_1_2,raw_lift,brightened_main,False,84,5,-79,-0.9404761904761905,1115,69,-1046,-0.9381165919282511,23532,1413,-22119,-0.9399541050484447,513,11,-502,-0.9785575048732943,280,131,-149,-0.5321428571428571,269,131,-138,-0.5130111524163569,11,0,-11,-1.0,123,33,-90,-0.7317073170731707,0,17,17,,1736,159,-1577,-0.908410138248848,3736,305,-3431,-0.9183618843683083,126,245,119,0.9444444444444444,37,21,-16,-0.43243243243243246,234,14,-220,-0.9401709401709402,0,1,1,,52,5,-47,-0.9038461538461539,5598,726,-4872,-0.8703108252947481,8813,179,-8634,-0.9796890956541473,0,0,0,
public_v1,O1,p03111,bundle_exact_pointer_passes,bundle_verified_input,bundle_pointer_opt,False,5,5,0,0.0,69,67,-2,-0.028985507246376812,1413,1389,-24,-0.016985138004246284,11,11,0,0.0,131,131,0,0.0,131,131,0,0.0,0,0,0,,33,33,0,0.0,17,17,0,0.0,159,159,0,0.0,305,305,0,0.0,245,243,-2,-0.00816326530612245,21,21,0,0.0,14,14,0,0.0,1,1,0,0.0,5,5,0,0.0,726,724,-2,-0.0027548209366391185,179,175,-4,-0.0223463687150838,0,0,0,
public_v1,O1,p03111,llvm_default_opt_boundary_3,bundle_pointer_opt,bundle_standard_opt_3,True,5,5,0,0.0,67,66,-1,-0.014925373134328358,1389,1350,-39,-0.028077753779697623,11,10,-1,-0.09090909090909091,131,130,-1,-0.007633587786259542,131,130,-1,-0.007633587786259542,0,0,0,,33,33,0,0.0,17,17,0,0.0,159,155,-4,-0.025157232704402517,305,301,-4,-0.013114754098360656,243,240,-3,-0.012345679012345678,21,22,1,0.047619047619047616,14,14,0,0.0,1,1,0,0.0,5,4,-1,-0.2,724,713,-11,-0.015193370165745856,175,165,-10,-0.05714285714285714,0,0,0,
public_v1,O1,p03111,custom_storage_delift,bundle_standard_opt_3,bundle_storage_delift,False,5,5,0,0.0,66,66,0,0.0,1350,1350,0,0.0,10,10,0,0.0,130,130,0,0.0,130,130,0,0.0,0,0,0,,33,33,0,0.0,17,17,0,0.0,155,155,0,0.0,301,301,0,0.0,240,240,0,0.0,22,22,0,0.0,14,14,0,0.0,1,1,0,0.0,4,4,0,0.0,713,713,0,0.0,165,165,0,0.0,0,0,0,
public_v1,O1,p03111,custom_residual_strip,bundle_storage_delift,bundle_residual_strip,False,5,5,0,0.0,66,66,0,0.0,1350,1350,0,0.0,10,10,0,0.0,130,130,0,0.0,130,130,0,0.0,0,0,0,,33,33,0,0.0,17,17,0,0.0,155,155,0,0.0,301,301,0,0.0,240,240,0,0.0,22,22,0,0.0,14,14,0,0.0,1,1,0,0.0,4,4,0,0.0,713,713,0,0.0,165,165,0,0.0,0,0,0,
public_v1,O1,p03111,final_tail_opt_4_plus_custom_cleanup,bundle_residual_strip,final_clean,False,5,5,0,0.0,66,66,0,0.0,1350,1324,-26,-0.01925925925925926,10,10,0,0.0,130,130,0,0.0,130,130,0,0.0,0,0,0,,33,33,0,0.0,17,17,0,0.0,155,153,-2,-0.012903225806451613,301,286,-15,-0.04983388704318937,240,232,-8,-0.03333333333333333,22,24,2,0.09090909090909091,14,13,-1,-0.07142857142857142,1,1,0,0.0,4,4,0,0.0,713,688,-25,-0.03506311360448808,165,166,1,0.006060606060606061,0,0,0,
public_v1,O1,p03142,main_combined_custom_plus_opt_1_2,raw_lift,brightened_main,False,115,4,-111,-0.9652173913043478,2005,78,-1927,-0.9610972568578554,42222,1459,-40763,-0.965444554971342,939,3,-936,-0.9968051118210862,454,113,-341,-0.751101321585903,443,113,-330,-0.744920993227991,11,0,-11,-1.0,207,24,-183,-0.8840579710144928,0,13,13,,3028,198,-2830,-0.9346103038309115,6529,265,-6264,-0.9594118548016541,225,223,-2,-0.008888888888888889,63,31,-32,-0.5079365079365079,442,13,-429,-0.9705882352941176,0,3,3,,83,0,-83,-1.0,9782,699,-9083,-0.9285422204048251,16123,243,-15880,-0.9849283632078397,0,0,0,
public_v1,O1,p03142,bundle_exact_pointer_passes,bundle_verified_input,bundle_pointer_opt,False,4,4,0,0.0,78,77,-1,-0.01282051282051282,1459,1426,-33,-0.022618231665524333,3,3,0,0.0,113,113,0,0.0,113,113,0,0.0,0,0,0,,24,24,0,0.0,13,13,0,0.0,198,198,0,0.0,265,265,0,0.0,223,208,-15,-0.06726457399103139,31,31,0,0.0,13,13,0,0.0,3,3,0,0.0,0,0,0,,699,684,-15,-0.02145922746781116,243,243,0,0.0,0,0,0,
public_v1,O1,p03142,llvm_default_opt_boundary_3,bundle_pointer_opt,bundle_standard_opt_3,True,4,4,0,0.0,77,77,0,0.0,1426,1345,-81,-0.056802244039270686,3,4,1,0.3333333333333333,113,113,0,0.0,113,113,0,0.0,0,0,0,,24,24,0,0.0,13,13,0,0.0,198,196,-2,-0.010101010101010102,265,219,-46,-0.17358490566037735,208,197,-11,-0.052884615384615384,31,28,-3,-0.0967741935483871,13,13,0,0.0,3,3,0,0.0,0,0,0,,684,625,-59,-0.08625730994152046,243,240,-3,-0.012345679012345678,0,0,0,
public_v1,O1,p03142,custom_storage_delift,bundle_standard_opt_3,bundle_storage_delift,False,4,4,0,0.0,77,77,0,0.0,1345,1345,0,0.0,4,4,0,0.0,113,113,0,0.0,113,113,0,0.0,0,0,0,,24,24,0,0.0,13,13,0,0.0,196,196,0,0.0,219,219,0,0.0,197,197,0,0.0,28,28,0,0.0,13,13,0,0.0,3,3,0,0.0,0,0,0,,625,625,0,0.0,240,240,0,0.0,0,0,0,
public_v1,O1,p03142,custom_residual_strip,bundle_storage_delift,bundle_residual_strip,False,4,4,0,0.0,77,77,0,0.0,1345,1345,0,0.0,4,4,0,0.0,113,113,0,0.0,113,113,0,0.0,0,0,0,,24,24,0,0.0,13,13,0,0.0,196,196,0,0.0,219,219,0,0.0,197,197,0,0.0,28,28,0,0.0,13,13,0,0.0,3,3,0,0.0,0,0,0,,625,625,0,0.0,240,240,0,0.0,0,0,0,
public_v1,O1,p03142,final_tail_opt_4_plus_custom_cleanup,bundle_residual_strip,final_clean,False,4,4,0,0.0,77,77,0,0.0,1345,1343,-2,-0.001486988847583643,4,4,0,0.0,113,113,0,0.0,113,113,0,0.0,0,0,0,,24,24,0,0.0,13,13,0,0.0,196,195,-1,-0.00510204081632653,219,219,0,0.0,197,194,-3,-0.015228426395939087,28,30,2,0.07142857142857142,13,13,0,0.0,3,3,0,0.0,0,0,0,,625,621,-4,-0.0064,240,242,2,0.008333333333333333,0,0,0,
public_v1,O1,p03199,main_combined_custom_plus_opt_1_2,raw_lift,brightened_main,False,37,9,-28,-0.7567567567567568,470,205,-265,-0.5638297872340425,10466,2057,-8409,-0.8034588190330594,216,33,-183,-0.8472222222222222,107,68,-39,-0.3644859813084112,100,68,-32,-0.32,7,0,-7,-1.0,38,4,-34,-0.8947368421052632,0,11,11,,607,265,-342,-0.5634266886326195,1445,530,-915,-0.6332179930795848,32,233,201,6.28125,7,49,42,6.0,108,45,-63,-0.5833333333333334,2,4,2,1.0,15,5,-10,-0.6666666666666666,2084,1039,-1045,-0.5014395393474088,4251,366,-3885,-0.9139026111503176,0,0,0,
public_v1,O1,p03199,bundle_exact_pointer_passes,bundle_verified_input,bundle_pointer_opt,False,9,9,0,0.0,205,198,-7,-0.03414634146341464,2057,2028,-29,-0.014098201263976665,33,33,0,0.0,68,68,0,0.0,68,68,0,0.0,0,0,0,,4,4,0,0.0,11,11,0,0.0,265,260,-5,-0.018867924528301886,530,530,0,0.0,233,229,-4,-0.017167381974248927,49,49,0,0.0,45,45,0,0.0,4,4,0,0.0,5,5,0,0.0,1039,1030,-9,-0.008662175168431183,366,362,-4,-0.01092896174863388,0,0,0,
public_v1,O1,p03199,llvm_default_opt_boundary_3,bundle_pointer_opt,bundle_standard_opt_3,True,9,9,0,0.0,198,198,0,0.0,2028,1932,-96,-0.047337278106508875,33,33,0,0.0,68,68,0,0.0,68,68,0,0.0,0,0,0,,4,4,0,0.0,11,11,0,0.0,260,252,-8,-0.03076923076923077,530,527,-3,-0.005660377358490566,229,229,0,0.0,49,41,-8,-0.16326530612244897,45,45,0,0.0,4,4,0,0.0,5,5,0,0.0,1030,1019,-11,-0.010679611650485437,362,331,-31,-0.0856353591160221,0,0,0,
public_v1,O1,p03199,custom_storage_delift,bundle_standard_opt_3,bundle_storage_delift,False,9,9,0,0.0,198,198,0,0.0,1932,1932,0,0.0,33,33,0,0.0,68,68,0,0.0,68,68,0,0.0,0,0,0,,4,4,0,0.0,11,11,0,0.0,252,252,0,0.0,527,527,0,0.0,229,229,0,0.0,41,41,0,0.0,45,45,0,0.0,4,4,0,0.0,5,5,0,0.0,1019,1019,0,0.0,331,331,0,0.0,0,0,0,
public_v1,O1,p03199,custom_residual_strip,bundle_storage_delift,bundle_residual_strip,False,9,9,0,0.0,198,198,0,0.0,1932,1932,0,0.0,33,33,0,0.0,68,68,0,0.0,68,68,0,0.0,0,0,0,,4,4,0,0.0,11,11,0,0.0,252,252,0,0.0,527,527,0,0.0,229,229,0,0.0,41,41,0,0.0,45,45,0,0.0,4,4,0,0.0,5,5,0,0.0,1019,1019,0,0.0,331,331,0,0.0,0,0,0,
public_v1,O1,p03199,final_tail_opt_4_plus_custom_cleanup,bundle_residual_strip,final_clean,False,9,9,0,0.0,198,201,3,0.015151515151515152,1932,1782,-150,-0.07763975155279502,33,33,0,0.0,68,68,0,0.0,68,68,0,0.0,0,0,0,,4,4,0,0.0,11,11,0,0.0,252,233,-19,-0.07539682539682539,527,459,-68,-0.12903225806451613,229,175,-54,-0.23580786026200873,41,49,8,0.1951219512195122,45,39,-6,-0.13333333333333333,4,4,0,0.0,5,5,0,0.0,1019,878,-141,-0.13837095191364082,331,329,-2,-0.006042296072507553,0,0,0,
public_v1,O1,p03261,main_combined_custom_plus_opt_1_2,raw_lift,brightened_main,False,79,2,-77,-0.9746835443037974,862,17,-845,-0.9802784222737819,17344,182,-17162,-0.9895064575645757,424,10,-414,-0.9764150943396226,247,5,-242,-0.979757085020243,238,5,-233,-0.9789915966386554,9,0,-9,-1.0,103,0,-103,-1.0,0,1,1,,1190,6,-1184,-0.9949579831932773,2864,79,-2785,-0.9724162011173184,80,22,-58,-0.725,25,7,-18,-0.72,154,9,-145,-0.9415584415584416,0,0,0,,76,0,-76,-1.0,4134,108,-4026,-0.9738751814223512,6356,39,-6317,-0.9938640654499685,6,0,-6,-1.0
public_v1,O1,p03261,bundle_exact_pointer_passes,bundle_verified_input,bundle_pointer_opt,False,2,2,0,0.0,17,17,0,0.0,182,182,0,0.0,10,10,0,0.0,5,5,0,0.0,5,5,0,0.0,0,0,0,,0,0,0,,1,1,0,0.0,6,6,0,0.0,79,79,0,0.0,22,22,0,0.0,7,7,0,0.0,9,9,0,0.0,0,0,0,,0,0,0,,108,108,0,0.0,39,39,0,0.0,0,0,0,
public_v1,O1,p03261,llvm_default_opt_boundary_3,bundle_pointer_opt,bundle_standard_opt_3,True,2,2,0,0.0,17,17,0,0.0,182,180,-2,-0.01098901098901099,10,10,0,0.0,5,5,0,0.0,5,5,0,0.0,0,0,0,,0,0,0,,1,1,0,0.0,6,6,0,0.0,79,79,0,0.0,22,21,-1,-0.045454545454545456,7,7,0,0.0,9,9,0,0.0,0,0,0,,0,0,0,,108,107,-1,-0.009259259259259259,39,38,-1,-0.02564102564102564,0,0,0,
public_v1,O1,p03261,custom_storage_delift,bundle_standard_opt_3,bundle_storage_delift,False,2,2,0,0.0,17,17,0,0.0,180,180,0,0.0,10,10,0,0.0,5,5,0,0.0,5,5,0,0.0,0,0,0,,0,0,0,,1,1,0,0.0,6,6,0,0.0,79,79,0,0.0,21,21,0,0.0,7,7,0,0.0,9,9,0,0.0,0,0,0,,0,0,0,,107,107,0,0.0,38,38,0,0.0,0,0,0,
public_v1,O1,p03261,custom_residual_strip,bundle_storage_delift,bundle_residual_strip,False,2,2,0,0.0,17,17,0,0.0,180,180,0,0.0,10,10,0,0.0,5,5,0,0.0,5,5,0,0.0,0,0,0,,0,0,0,,1,1,0,0.0,6,6,0,0.0,79,79,0,0.0,21,21,0,0.0,7,7,0,0.0,9,9,0,0.0,0,0,0,,0,0,0,,107,107,0,0.0,38,38,0,0.0,0,0,0,
public_v1,O1,p03261,final_tail_opt_4_plus_custom_cleanup,bundle_residual_strip,final_clean,False,2,1,-1,-0.5,17,16,-1,-0.058823529411764705,180,130,-50,-0.2777777777777778,10,10,0,0.0,5,5,0,0.0,5,5,0,0.0,0,0,0,,0,0,0,,1,1,0,0.0,6,5,-1,-0.16666666666666666,79,33,-46,-0.5822784810126582,21,21,0,0.0,7,8,1,0.14285714285714285,9,7,-2,-0.2222222222222222,0,0,0,,0,0,0,,107,60,-47,-0.4392523364485981,38,36,-2,-0.05263157894736842,0,0,0,
public_v1,O1,p03430,main_combined_custom_plus_opt_1_2,raw_lift,brightened_main,False,27,4,-23,-0.8518518518518519,184,81,-103,-0.5597826086956522,4186,1394,-2792,-0.6669851887243191,76,2,-74,-0.9736842105263158,52,143,91,1.75,47,143,96,2.0425531914893615,5,0,-5,-1.0,13,12,-1,-0.07692307692307693,0,7,7,,317,252,-65,-0.20504731861198738,552,192,-360,-0.6521739130434783,21,94,73,3.4761904761904763,3,10,7,2.3333333333333335,36,18,-18,-0.5,0,2,2,,3,0,-3,-1.0,890,545,-345,-0.38764044943820225,1538,215,-1323,-0.8602080624187256,0,0,0,
public_v1,O1,p03430,bundle_exact_pointer_passes,bundle_verified_input,bundle_pointer_opt,False,4,4,0,0.0,81,81,0,0.0,1394,1394,0,0.0,2,2,0,0.0,143,143,0,0.0,143,143,0,0.0,0,0,0,,12,12,0,0.0,7,7,0,0.0,252,252,0,0.0,192,192,0,0.0,94,94,0,0.0,10,10,0,0.0,18,18,0,0.0,2,2,0,0.0,0,0,0,,545,545,0,0.0,215,215,0,0.0,0,0,0,
public_v1,O1,p03430,llvm_default_opt_boundary_3,bundle_pointer_opt,bundle_standard_opt_3,True,4,4,0,0.0,81,81,0,0.0,1394,1394,0,0.0,2,2,0,0.0,143,143,0,0.0,143,143,0,0.0,0,0,0,,12,12,0,0.0,7,7,0,0.0,252,252,0,0.0,192,192,0,0.0,94,94,0,0.0,10,10,0,0.0,18,18,0,0.0,2,2,0,0.0,0,0,0,,545,545,0,0.0,215,215,0,0.0,0,0,0,
public_v1,O1,p03430,custom_storage_delift,bundle_standard_opt_3,bundle_storage_delift,False,4,4,0,0.0,81,81,0,0.0,1394,1394,0,0.0,2,2,0,0.0,143,143,0,0.0,143,143,0,0.0,0,0,0,,12,12,0,0.0,7,7,0,0.0,252,252,0,0.0,192,192,0,0.0,94,94,0,0.0,10,10,0,0.0,18,18,0,0.0,2,2,0,0.0,0,0,0,,545,545,0,0.0,215,215,0,0.0,0,0,0,
public_v1,O1,p03430,custom_residual_strip,bundle_storage_delift,bundle_residual_strip,False,4,4,0,0.0,81,81,0,0.0,1394,1394,0,0.0,2,2,0,0.0,143,143,0,0.0,143,143,0,0.0,0,0,0,,12,12,0,0.0,7,7,0,0.0,252,252,0,0.0,192,192,0,0.0,94,94,0,0.0,10,10,0,0.0,18,18,0,0.0,2,2,0,0.0,0,0,0,,545,545,0,0.0,215,215,0,0.0,0,0,0,
public_v1,O1,p03430,final_tail_opt_4_plus_custom_cleanup,bundle_residual_strip,final_clean,False,4,4,0,0.0,81,79,-2,-0.024691358024691357,1394,1322,-72,-0.05164992826398852,2,2,0,0.0,143,143,0,0.0,143,143,0,0.0,0,0,0,,12,12,0,0.0,7,7,0,0.0,252,251,-1,-0.003968253968253968,192,121,-71,-0.3697916666666667,94,94,0,0.0,10,12,2,0.2,18,18,0,0.0,2,2,0,0.0,0,0,0,,545,473,-72,-0.13211009174311927,215,217,2,0.009302325581395349,0,0,0,
public_v1,O1,p03434,main_combined_custom_plus_opt_1_2,raw_lift,brightened_main,False,68,4,-64,-0.9411764705882353,877,25,-852,-0.9714937286202965,17527,331,-17196,-0.9811148513721687,390,6,-384,-0.9846153846153847,173,16,-157,-0.9075144508670521,167,16,-151,-0.9041916167664671,6,0,-6,-1.0,80,6,-74,-0.925,0,5,5,,1211,37,-1174,-0.9694467382328654,2537,103,-2434,-0.9594008671659441,81,51,-30,-0.37037037037037035,23,13,-10,-0.43478260869565216,187,9,-178,-0.9518716577540107,0,1,1,,20,0,-20,-1.0,3829,196,-3633,-0.9488117001828154,6774,60,-6714,-0.9911426040744021,0,0,0,
public_v1,O1,p03434,bundle_exact_pointer_passes,bundle_verified_input,bundle_pointer_opt,False,4,4,0,0.0,25,25,0,0.0,331,325,-6,-0.01812688821752266,6,6,0,0.0,16,16,0,0.0,16,16,0,0.0,0,0,0,,6,6,0,0.0,5,5,0,0.0,37,36,-1,-0.02702702702702703,103,103,0,0.0,51,51,0,0.0,13,13,0,0.0,9,9,0,0.0,1,1,0,0.0,0,0,0,,196,195,-1,-0.00510204081632653,60,51,-9,-0.15,0,0,0,
public_v1,O1,p03434,llvm_default_opt_boundary_3,bundle_pointer_opt,bundle_standard_opt_3,True,4,4,0,0.0,25,23,-2,-0.08,325,255,-70,-0.2153846153846154,6,5,-1,-0.16666666666666666,16,14,-2,-0.125,16,14,-2,-0.125,0,0,0,,6,4,-2,-0.3333333333333333,5,4,-1,-0.2,36,23,-13,-0.3611111111111111,103,74,-29,-0.2815533980582524,51,41,-10,-0.19607843137254902,13,14,1,0.07692307692307693,9,7,-2,-0.2222222222222222,1,1,0,0.0,0,0,0,,195,142,-53,-0.2717948717948718,51,48,-3,-0.058823529411764705,0,0,0,
public_v1,O1,p03434,custom_storage_delift,bundle_standard_opt_3,bundle_storage_delift,False,4,4,0,0.0,23,23,0,0.0,255,255,0,0.0,5,5,0,0.0,14,14,0,0.0,14,14,0,0.0,0,0,0,,4,4,0,0.0,4,4,0,0.0,23,23,0,0.0,74,74,0,0.0,41,41,0,0.0,14,14,0,0.0,7,7,0,0.0,1,1,0,0.0,0,0,0,,142,142,0,0.0,48,48,0,0.0,0,0,0,
public_v1,O1,p03434,custom_residual_strip,bundle_storage_delift,bundle_residual_strip,False,4,4,0,0.0,23,23,0,0.0,255,255,0,0.0,5,5,0,0.0,14,14,0,0.0,14,14,0,0.0,0,0,0,,4,4,0,0.0,4,4,0,0.0,23,23,0,0.0,74,74,0,0.0,41,41,0,0.0,14,14,0,0.0,7,7,0,0.0,1,1,0,0.0,0,0,0,,142,142,0,0.0,48,48,0,0.0,0,0,0,
public_v1,O1,p03434,final_tail_opt_4_plus_custom_cleanup,bundle_residual_strip,final_clean,False,4,4,0,0.0,23,23,0,0.0,255,237,-18,-0.07058823529411765,5,5,0,0.0,14,14,0,0.0,14,14,0,0.0,0,0,0,,4,4,0,0.0,4,4,0,0.0,23,20,-3,-0.13043478260869565,74,57,-17,-0.22972972972972974,41,41,0,0.0,14,16,2,0.14285714285714285,7,7,0,0.0,1,1,0,0.0,0,0,0,,142,122,-20,-0.14084507042253522,48,50,2,0.041666666666666664,0,0,0,
public_v1,O1,p03493,main_combined_custom_plus_opt_1_2,raw_lift,brightened_main,False,52,2,-50,-0.9615384615384616,704,11,-693,-0.984375,14028,183,-13845,-0.9869546621043627,303,4,-299,-0.9867986798679867,124,9,-115,-0.9274193548387096,119,9,-110,-0.9243697478991597,5,0,-5,-1.0,57,5,-52,-0.9122807017543859,0,3,3,,1032,9,-1023,-0.9912790697674418,2082,55,-2027,-0.973583093179635,77,50,-27,-0.35064935064935066,20,5,-15,-0.75,146,7,-139,-0.952054794520548,0,0,0,,6,0,-6,-1.0,3191,117,-3074,-0.9633343779379505,5337,30,-5307,-0.9943788645306352,0,0,0,
public_v1,O1,p03493,bundle_exact_pointer_passes,bundle_verified_input,bundle_pointer_opt,False,2,2,0,0.0,11,11,0,0.0,183,183,0,0.0,4,4,0,0.0,9,9,0,0.0,9,9,0,0.0,0,0,0,,5,5,0,0.0,3,3,0,0.0,9,9,0,0.0,55,55,0,0.0,50,50,0,0.0,5,5,0,0.0,7,7,0,0.0,0,0,0,,0,0,0,,117,117,0,0.0,30,30,0,0.0,0,0,0,
public_v1,O1,p03493,llvm_default_opt_boundary_3,bundle_pointer_opt,bundle_standard_opt_3,True,2,2,0,0.0,11,11,0,0.0,183,173,-10,-0.0546448087431694,4,4,0,0.0,9,9,0,0.0,9,9,0,0.0,0,0,0,,5,5,0,0.0,3,3,0,0.0,9,9,0,0.0,55,55,0,0.0,50,41,-9,-0.18,5,4,-1,-0.2,7,7,0,0.0,0,0,0,,0,0,0,,117,108,-9,-0.07692307692307693,30,29,-1,-0.03333333333333333,0,0,0,
public_v1,O1,p03493,custom_storage_delift,bundle_standard_opt_3,bundle_storage_delift,False,2,2,0,0.0,11,11,0,0.0,173,173,0,0.0,4,4,0,0.0,9,9,0,0.0,9,9,0,0.0,0,0,0,,5,5,0,0.0,3,3,0,0.0,9,9,0,0.0,55,55,0,0.0,41,41,0,0.0,4,4,0,0.0,7,7,0,0.0,0,0,0,,0,0,0,,108,108,0,0.0,29,29,0,0.0,0,0,0,
public_v1,O1,p03493,custom_residual_strip,bundle_storage_delift,bundle_residual_strip,False,2,2,0,0.0,11,11,0,0.0,173,173,0,0.0,4,4,0,0.0,9,9,0,0.0,9,9,0,0.0,0,0,0,,5,5,0,0.0,3,3,0,0.0,9,9,0,0.0,55,55,0,0.0,41,41,0,0.0,4,4,0,0.0,7,7,0,0.0,0,0,0,,0,0,0,,108,108,0,0.0,29,29,0,0.0,0,0,0,
public_v1,O1,p03493,final_tail_opt_4_plus_custom_cleanup,bundle_residual_strip,final_clean,False,2,2,0,0.0,11,11,0,0.0,173,165,-8,-0.046242774566473986,4,4,0,0.0,9,9,0,0.0,9,9,0,0.0,0,0,0,,5,5,0,0.0,3,3,0,0.0,9,9,0,0.0,55,47,-8,-0.14545454545454545,41,41,0,0.0,4,4,0,0.0,7,7,0,0.0,0,0,0,,0,0,0,,108,100,-8,-0.07407407407407407,29,29,0,0.0,0,0,0,
public_v1,O1,p03510,main_combined_custom_plus_opt_1_2,raw_lift,brightened_main,False,30,4,-26,-0.8666666666666667,203,68,-135,-0.6650246305418719,4631,1293,-3338,-0.7207946447851435,82,10,-72,-0.8780487804878049,82,85,3,0.036585365853658534,77,85,8,0.1038961038961039,5,0,-5,-1.0,28,11,-17,-0.6071428571428571,0,6,6,,439,184,-255,-0.5808656036446469,809,244,-565,-0.6983930778739185,41,184,143,3.4878048780487805,7,36,29,4.142857142857143,36,15,-21,-0.5833333333333334,0,2,2,,5,2,-3,-0.6,1289,618,-671,-0.5205585725368502,1574,180,-1394,-0.8856416772554002,0,0,0,
public_v1,O1,p03510,bundle_exact_pointer_passes,bundle_verified_input,bundle_pointer_opt,False,4,4,0,0.0,68,67,-1,-0.014705882352941176,1293,1277,-16,-0.01237432327919567,10,10,0,0.0,85,85,0,0.0,85,85,0,0.0,0,0,0,,11,11,0,0.0,6,6,0,0.0,184,183,-1,-0.005434782608695652,244,244,0,0.0,184,183,-1,-0.005434782608695652,36,36,0,0.0,15,15,0,0.0,2,2,0,0.0,2,2,0,0.0,618,616,-2,-0.003236245954692557,180,180,0,0.0,0,0,0,
public_v1,O1,p03510,llvm_default_opt_boundary_3,bundle_pointer_opt,bundle_standard_opt_3,True,4,4,0,0.0,67,66,-1,-0.014925373134328358,1277,1207,-70,-0.0548159749412686,10,12,2,0.2,85,85,0,0.0,85,85,0,0.0,0,0,0,,11,11,0,0.0,6,6,0,0.0,183,185,2,0.01092896174863388,244,221,-23,-0.0942622950819672,183,149,-34,-0.18579234972677597,36,35,-1,-0.027777777777777776,15,17,2,0.13333333333333333,2,2,0,0.0,2,2,0,0.0,616,561,-55,-0.08928571428571429,180,175,-5,-0.027777777777777776,0,0,0,
public_v1,O1,p03510,custom_storage_delift,bundle_standard_opt_3,bundle_storage_delift,False,4,4,0,0.0,66,66,0,0.0,1207,1207,0,0.0,12,12,0,0.0,85,85,0,0.0,85,85,0,0.0,0,0,0,,11,11,0,0.0,6,6,0,0.0,185,185,0,0.0,221,221,0,0.0,149,149,0,0.0,35,35,0,0.0,17,17,0,0.0,2,2,0,0.0,2,2,0,0.0,561,561,0,0.0,175,175,0,0.0,0,0,0,
public_v1,O1,p03510,custom_residual_strip,bundle_storage_delift,bundle_residual_strip,False,4,4,0,0.0,66,66,0,0.0,1207,1207,0,0.0,12,12,0,0.0,85,85,0,0.0,85,85,0,0.0,0,0,0,,11,11,0,0.0,6,6,0,0.0,185,185,0,0.0,221,221,0,0.0,149,149,0,0.0,35,35,0,0.0,17,17,0,0.0,2,2,0,0.0,2,2,0,0.0,561,561,0,0.0,175,175,0,0.0,0,0,0,
public_v1,O1,p03510,final_tail_opt_4_plus_custom_cleanup,bundle_residual_strip,final_clean,False,4,4,0,0.0,66,66,0,0.0,1207,1178,-29,-0.024026512013256007,12,12,0,0.0,85,85,0,0.0,85,85,0,0.0,0,0,0,,11,11,0,0.0,6,6,0,0.0,185,183,-2,-0.010810810810810811,221,202,-19,-0.08597285067873303,149,141,-8,-0.053691275167785234,35,39,4,0.11428571428571428,17,16,-1,-0.058823529411764705,2,2,0,0.0,2,2,0,0.0,561,532,-29,-0.05169340463458111,175,178,3,0.017142857142857144,0,0,0,
public_v1,O1,p03543,main_combined_custom_plus_opt_1_2,raw_lift,brightened_main,False,30,3,-27,-0.9,126,13,-113,-0.8968253968253969,2386,169,-2217,-0.9291701592623638,47,4,-43,-0.9148936170212766,58,12,-46,-0.7931034482758621,53,12,-41,-0.7735849056603774,5,0,-5,-1.0,16,0,-16,-1.0,0,2,2,,191,22,-169,-0.8848167539267016,539,39,-500,-0.9276437847866419,30,27,-3,-0.1,3,4,1,0.3333333333333333,22,7,-15,-0.6818181818181818,0,0,0,,15,0,-15,-1.0,760,90,-670,-0.881578947368421,775,24,-751,-0.9690322580645161,0,0,0,
public_v1,O1,p03543,bundle_exact_pointer_passes,bundle_verified_input,bundle_pointer_opt,False,3,3,0,0.0,13,13,0,0.0,169,168,-1,-0.005917159763313609,4,4,0,0.0,12,12,0,0.0,12,12,0,0.0,0,0,0,,0,0,0,,2,2,0,0.0,22,22,0,0.0,39,39,0,0.0,27,27,0,0.0,4,3,-1,-0.25,7,7,0,0.0,0,0,0,,0,0,0,,90,90,0,0.0,24,23,-1,-0.041666666666666664,0,0,0,
public_v1,O1,p03543,llvm_default_opt_boundary_3,bundle_pointer_opt,bundle_standard_opt_3,True,3,3,0,0.0,13,13,0,0.0,168,167,-1,-0.005952380952380952,4,4,0,0.0,12,12,0,0.0,12,12,0,0.0,0,0,0,,0,0,0,,2,2,0,0.0,22,22,0,0.0,39,39,0,0.0,27,26,-1,-0.037037037037037035,3,3,0,0.0,7,7,0,0.0,0,0,0,,0,0,0,,90,89,-1,-0.011111111111111112,23,23,0,0.0,0,0,0,
public_v1,O1,p03543,custom_storage_delift,bundle_standard_opt_3,bundle_storage_delift,False,3,3,0,0.0,13,13,0,0.0,167,167,0,0.0,4,4,0,0.0,12,12,0,0.0,12,12,0,0.0,0,0,0,,0,0,0,,2,2,0,0.0,22,22,0,0.0,39,39,0,0.0,26,26,0,0.0,3,3,0,0.0,7,7,0,0.0,0,0,0,,0,0,0,,89,89,0,0.0,23,23,0,0.0,0,0,0,
public_v1,O1,p03543,custom_residual_strip,bundle_storage_delift,bundle_residual_strip,False,3,3,0,0.0,13,13,0,0.0,167,167,0,0.0,4,4,0,0.0,12,12,0,0.0,12,12,0,0.0,0,0,0,,0,0,0,,2,2,0,0.0,22,22,0,0.0,39,39,0,0.0,26,26,0,0.0,3,3,0,0.0,7,7,0,0.0,0,0,0,,0,0,0,,89,89,0,0.0,23,23,0,0.0,0,0,0,
public_v1,O1,p03543,final_tail_opt_4_plus_custom_cleanup,bundle_residual_strip,final_clean,False,3,3,0,0.0,13,13,0,0.0,167,158,-9,-0.05389221556886228,4,4,0,0.0,12,12,0,0.0,12,12,0,0.0,0,0,0,,0,0,0,,2,2,0,0.0,22,21,-1,-0.045454545454545456,39,31,-8,-0.20512820512820512,26,26,0,0.0,3,3,0,0.0,7,7,0,0.0,0,0,0,,0,0,0,,89,80,-9,-0.10112359550561797,23,23,0,0.0,0,0,0,
public_v1,O1,p03773,main_combined_custom_plus_opt_1_2,raw_lift,brightened_main,False,40,2,-38,-0.95,483,3,-480,-0.9937888198757764,9644,14,-9630,-0.9985483201990876,212,0,-212,-1.0,89,2,-87,-0.9775280898876404,84,2,-82,-0.9761904761904762,5,0,-5,-1.0,37,0,-37,-1.0,0,2,2,,653,2,-651,-0.996937212863706,1378,2,-1376,-0.9985486211901307,38,0,-38,-1.0,16,0,-16,-1.0,96,0,-96,-1.0,0,0,0,,9,0,-9,-1.0,2069,6,-2063,-0.9971000483325277,3777,2,-3775,-0.9994704792163093,0,0,0,
public_v1,O1,p03773,bundle_exact_pointer_passes,bundle_verified_input,bundle_pointer_opt,False,2,2,0,0.0,3,3,0,0.0,14,12,-2,-0.14285714285714285,0,0,0,,2,2,0,0.0,2,2,0,0.0,0,0,0,,0,0,0,,2,2,0,0.0,2,2,0,0.0,2,0,-2,-1.0,0,0,0,,0,0,0,,0,0,0,,0,0,0,,0,0,0,,6,4,-2,-0.3333333333333333,2,2,0,0.0,0,0,0,
public_v1,O1,p03773,llvm_default_opt_boundary_3,bundle_pointer_opt,bundle_standard_opt_3,True,2,2,0,0.0,3,3,0,0.0,12,12,0,0.0,0,0,0,,2,2,0,0.0,2,2,0,0.0,0,0,0,,0,0,0,,2,2,0,0.0,2,2,0,0.0,0,0,0,,0,0,0,,0,0,0,,0,0,0,,0,0,0,,0,0,0,,4,4,0,0.0,2,2,0,0.0,0,0,0,
public_v1,O1,p03773,custom_storage_delift,bundle_standard_opt_3,bundle_storage_delift,False,2,2,0,0.0,3,3,0,0.0,12,12,0,0.0,0,0,0,,2,2,0,0.0,2,2,0,0.0,0,0,0,,0,0,0,,2,2,0,0.0,2,2,0,0.0,0,0,0,,0,0,0,,0,0,0,,0,0,0,,0,0,0,,0,0,0,,4,4,0,0.0,2,2,0,0.0,0,0,0,
public_v1,O1,p03773,custom_residual_strip,bundle_storage_delift,bundle_residual_strip,False,2,2,0,0.0,3,3,0,0.0,12,12,0,0.0,0,0,0,,2,2,0,0.0,2,2,0,0.0,0,0,0,,0,0,0,,2,2,0,0.0,2,2,0,0.0,0,0,0,,0,0,0,,0,0,0,,0,0,0,,0,0,0,,0,0,0,,4,4,0,0.0,2,2,0,0.0,0,0,0,
public_v1,O1,p03773,final_tail_opt_4_plus_custom_cleanup,bundle_residual_strip,final_clean,False,2,1,-1,-0.5,3,2,-1,-0.3333333333333333,12,11,-1,-0.08333333333333333,0,0,0,,2,2,0,0.0,2,2,0,0.0,0,0,0,,0,0,0,,2,2,0,0.0,2,2,0,0.0,0,0,0,,0,0,0,,0,0,0,,0,0,0,,0,0,0,,0,0,0,,4,4,0,0.0,2,2,0,0.0,0,0,0,
public_v1,O1,p03776,main_combined_custom_plus_opt_1_2,raw_lift,brightened_main,False,31,8,-23,-0.7419354838709677,767,351,-416,-0.5423728813559322,15053,4484,-10569,-0.7021191789012157,362,20,-342,-0.9447513812154696,103,195,92,0.8932038834951457,98,195,97,0.9897959183673469,5,0,-5,-1.0,35,4,-31,-0.8857142857142857,0,3,3,,908,692,-216,-0.23788546255506607,2050,482,-1568,-0.7648780487804878,43,245,202,4.6976744186046515,9,47,38,4.222222222222222,173,59,-114,-0.6589595375722543,0,6,6,,3,0,-3,-1.0,3001,1422,-1579,-0.5261579473508831,6015,870,-5145,-0.8553615960099751,0,0,0,
public_v1,O1,p03776,bundle_exact_pointer_passes,bundle_verified_input,bundle_pointer_opt,False,8,8,0,0.0,351,347,-4,-0.011396011396011397,4484,4360,-124,-0.027653880463871544,20,20,0,0.0,195,195,0,0.0,195,195,0,0.0,0,0,0,,4,4,0,0.0,3,3,0,0.0,692,679,-13,-0.01878612716763006,482,482,0,0.0,245,245,0,0.0,47,47,0,0.0,59,59,0,0.0,6,6,0,0.0,0,0,0,,1422,1409,-13,-0.009142053445850914,870,867,-3,-0.0034482758620689655,0,0,0,
public_v1,O1,p03776,llvm_default_opt_boundary_3,bundle_pointer_opt,bundle_standard_opt_3,True,8,8,0,0.0,347,347,0,0.0,4360,4233,-127,-0.02912844036697248,20,20,0,0.0,195,195,0,0.0,195,195,0,0.0,0,0,0,,4,4,0,0.0,3,3,0,0.0,679,679,0,0.0,482,482,0,0.0,245,240,-5,-0.02040816326530612,47,43,-4,-0.0851063829787234,59,59,0,0.0,6,6,0,0.0,0,0,0,,1409,1404,-5,-0.0035486160397444995,867,828,-39,-0.04498269896193772,0,0,0,
public_v1,O1,p03776,custom_storage_delift,bundle_standard_opt_3,bundle_storage_delift,False,8,8,0,0.0,347,347,0,0.0,4233,4233,0,0.0,20,20,0,0.0,195,195,0,0.0,195,195,0,0.0,0,0,0,,4,4,0,0.0,3,3,0,0.0,679,679,0,0.0,482,482,0,0.0,240,240,0,0.0,43,43,0,0.0,59,59,0,0.0,6,6,0,0.0,0,0,0,,1404,1404,0,0.0,828,828,0,0.0,0,0,0,
public_v1,O1,p03776,custom_residual_strip,bundle_storage_delift,bundle_residual_strip,False,8,8,0,0.0,347,347,0,0.0,4233,4233,0,0.0,20,20,0,0.0,195,195,0,0.0,195,195,0,0.0,0,0,0,,4,4,0,0.0,3,3,0,0.0,679,679,0,0.0,482,482,0,0.0,240,240,0,0.0,43,43,0,0.0,59,59,0,0.0,6,6,0,0.0,0,0,0,,1404,1404,0,0.0,828,828,0,0.0,0,0,0,
public_v1,O1,p03776,final_tail_opt_4_plus_custom_cleanup,bundle_residual_strip,final_clean,False,8,8,0,0.0,347,341,-6,-0.01729106628242075,4233,4109,-124,-0.029293645168910937,20,17,-3,-0.15,195,195,0,0.0,195,195,0,0.0,0,0,0,,4,4,0,0.0,3,3,0,0.0,679,666,-13,-0.01914580265095729,482,416,-66,-0.13692946058091288,240,218,-22,-0.09166666666666666,43,55,12,0.27906976744186046,59,50,-9,-0.15254237288135594,6,6,0,0.0,0,0,0,,1404,1303,-101,-0.07193732193732194,828,828,0,0.0,0,0,0,
public_v1,O1,p03835,main_combined_custom_plus_opt_1_2,raw_lift,brightened_main,False,50,2,-48,-0.96,687,7,-680,-0.9898107714701602,13916,32,-13884,-0.9977004886461627,300,3,-297,-0.99,115,2,-113,-0.9826086956521739,110,2,-108,-0.9818181818181818,5,0,-5,-1.0,56,0,-56,-1.0,0,2,2,,1047,2,-1045,-0.9980897803247374,2111,0,-2111,-1.0,80,0,-80,-1.0,29,8,-21,-0.7241379310344828,141,3,-138,-0.9787234042553191,0,0,0,,12,0,-12,-1.0,3238,4,-3234,-0.9987646695491044,5335,15,-5320,-0.9971883786316776,0,0,0,
public_v1,O1,p03835,bundle_exact_pointer_passes,bundle_verified_input,bundle_pointer_opt,False,2,2,0,0.0,7,7,0,0.0,32,32,0,0.0,3,3,0,0.0,2,2,0,0.0,2,2,0,0.0,0,0,0,,0,0,0,,2,2,0,0.0,2,2,0,0.0,0,0,0,,0,0,0,,8,8,0,0.0,3,3,0,0.0,0,0,0,,0,0,0,,4,4,0,0.0,15,15,0,0.0,0,0,0,
public_v1,O1,p03835,llvm_default_opt_boundary_3,bundle_pointer_opt,bundle_standard_opt_3,True,2,2,0,0.0,7,7,0,0.0,32,32,0,0.0,3,3,0,0.0,2,2,0,0.0,2,2,0,0.0,0,0,0,,0,0,0,,2,2,0,0.0,2,2,0,0.0,0,0,0,,0,0,0,,8,8,0,0.0,3,3,0,0.0,0,0,0,,0,0,0,,4,4,0,0.0,15,15,0,0.0,0,0,0,
public_v1,O1,p03835,custom_storage_delift,bundle_standard_opt_3,bundle_storage_delift,False,2,2,0,0.0,7,7,0,0.0,32,32,0,0.0,3,3,0,0.0,2,2,0,0.0,2,2,0,0.0,0,0,0,,0,0,0,,2,2,0,0.0,2,2,0,0.0,0,0,0,,0,0,0,,8,8,0,0.0,3,3,0,0.0,0,0,0,,0,0,0,,4,4,0,0.0,15,15,0,0.0,0,0,0,
public_v1,O1,p03835,custom_residual_strip,bundle_storage_delift,bundle_residual_strip,False,2,2,0,0.0,7,7,0,0.0,32,32,0,0.0,3,3,0,0.0,2,2,0,0.0,2,2,0,0.0,0,0,0,,0,0,0,,2,2,0,0.0,2,2,0,0.0,0,0,0,,0,0,0,,8,8,0,0.0,3,3,0,0.0,0,0,0,,0,0,0,,4,4,0,0.0,15,15,0,0.0,0,0,0,
public_v1,O1,p03835,final_tail_opt_4_plus_custom_cleanup,bundle_residual_strip,final_clean,False,2,1,-1,-0.5,7,6,-1,-0.14285714285714285,32,31,-1,-0.03125,3,3,0,0.0,2,2,0,0.0,2,2,0,0.0,0,0,0,,0,0,0,,2,2,0,0.0,2,2,0,0.0,0,0,0,,0,0,0,,8,8,0,0.0,3,3,0,0.0,0,0,0,,0,0,0,,4,4,0,0.0,15,15,0,0.0,0,0,0,
public_v1,O1,p03854,main_combined_custom_plus_opt_1_2,raw_lift,brightened_main,False,43,3,-40,-0.9302325581395349,328,18,-310,-0.9451219512195121,6667,70,-6597,-0.9895005249737513,138,7,-131,-0.9492753623188406,96,6,-90,-0.9375,91,6,-85,-0.9340659340659341,5,0,-5,-1.0,36,0,-36,-1.0,0,0,0,,412,3,-409,-0.9927184466019418,1069,2,-1067,-0.9981290926099158,43,7,-36,-0.8372093023255814,11,4,-7,-0.6363636363636364,66,4,-62,-0.9393939393939394,0,1,1,,15,0,-15,-1.0,1524,12,-1512,-0.9921259842519685,2571,24,-2547,-0.9906651108518086,0,0,0,
public_v1,O1,p03854,bundle_exact_pointer_passes,bundle_verified_input,bundle_pointer_opt,False,3,3,0,0.0,18,18,0,0.0,70,70,0,0.0,7,7,0,0.0,6,6,0,0.0,6,6,0,0.0,0,0,0,,0,0,0,,0,0,0,,3,3,0,0.0,2,2,0,0.0,7,7,0,0.0,4,4,0,0.0,4,4,0,0.0,1,1,0,0.0,0,0,0,,12,12,0,0.0,24,24,0,0.0,0,0,0,
public_v1,O1,p03854,llvm_default_opt_boundary_3,bundle_pointer_opt,bundle_standard_opt_3,True,3,3,0,0.0,18,18,0,0.0,70,70,0,0.0,7,7,0,0.0,6,6,0,0.0,6,6,0,0.0,0,0,0,,0,0,0,,0,0,0,,3,3,0,0.0,2,2,0,0.0,7,7,0,0.0,4,4,0,0.0,4,4,0,0.0,1,1,0,0.0,0,0,0,,12,12,0,0.0,24,24,0,0.0,0,0,0,
public_v1,O1,p03854,custom_storage_delift,bundle_standard_opt_3,bundle_storage_delift,False,3,3,0,0.0,18,18,0,0.0,70,70,0,0.0,7,7,0,0.0,6,6,0,0.0,6,6,0,0.0,0,0,0,,0,0,0,,0,0,0,,3,3,0,0.0,2,2,0,0.0,7,7,0,0.0,4,4,0,0.0,4,4,0,0.0,1,1,0,0.0,0,0,0,,12,12,0,0.0,24,24,0,0.0,0,0,0,
public_v1,O1,p03854,custom_residual_strip,bundle_storage_delift,bundle_residual_strip,False,3,3,0,0.0,18,18,0,0.0,70,70,0,0.0,7,7,0,0.0,6,6,0,0.0,6,6,0,0.0,0,0,0,,0,0,0,,0,0,0,,3,3,0,0.0,2,2,0,0.0,7,7,0,0.0,4,4,0,0.0,4,4,0,0.0,1,1,0,0.0,0,0,0,,12,12,0,0.0,24,24,0,0.0,0,0,0,
public_v1,O1,p03854,final_tail_opt_4_plus_custom_cleanup,bundle_residual_strip,final_clean,False,3,3,0,0.0,18,18,0,0.0,70,70,0,0.0,7,7,0,0.0,6,6,0,0.0,6,6,0,0.0,0,0,0,,0,0,0,,0,0,0,,3,3,0,0.0,2,2,0,0.0,7,7,0,0.0,4,4,0,0.0,4,4,0,0.0,1,1,0,0.0,0,0,0,,12,12,0,0.0,24,24,0,0.0,0,0,0,
public_v1,O1,p04028,main_combined_custom_plus_opt_1_2,raw_lift,brightened_main,False,31,3,-28,-0.9032258064516129,199,29,-170,-0.8542713567839196,4236,458,-3778,-0.8918791312559018,82,13,-69,-0.8414634146341463,62,13,-49,-0.7903225806451613,57,13,-44,-0.7719298245614035,5,0,-5,-1.0,18,0,-18,-1.0,0,2,2,,251,27,-224,-0.8924302788844621,407,62,-345,-0.8476658476658476,10,55,45,4.5,3,5,2,0.6666666666666666,35,17,-18,-0.5142857142857142,0,0,0,,7,3,-4,-0.5714285714285714,668,146,-522,-0.781437125748503,1566,120,-1446,-0.9233716475095786,0,0,0,
public_v1,O1,p04028,bundle_exact_pointer_passes,bundle_verified_input,bundle_pointer_opt,False,3,3,0,0.0,29,28,-1,-0.034482758620689655,458,440,-18,-0.039301310043668124,13,13,0,0.0,13,13,0,0.0,13,13,0,0.0,0,0,0,,0,0,0,,2,2,0,0.0,27,27,0,0.0,62,62,0,0.0,55,50,-5,-0.09090909090909091,5,5,0,0.0,17,17,0,0.0,0,0,0,,3,3,0,0.0,146,141,-5,-0.03424657534246575,120,115,-5,-0.041666666666666664,0,0,0,
public_v1,O1,p04028,llvm_default_opt_boundary_3,bundle_pointer_opt,bundle_standard_opt_3,True,3,3,0,0.0,28,23,-5,-0.17857142857142858,440,359,-81,-0.18409090909090908,13,11,-2,-0.15384615384615385,13,13,0,0.0,13,13,0,0.0,0,0,0,,0,0,0,,2,2,0,0.0,27,21,-6,-0.2222222222222222,62,60,-2,-0.03225806451612903,50,40,-10,-0.2,5,5,0,0.0,17,13,-4,-0.23529411764705882,0,0,0,,3,3,0,0.0,141,123,-18,-0.1276595744680851,115,90,-25,-0.21739130434782608,0,0,0,
public_v1,O1,p04028,custom_storage_delift,bundle_standard_opt_3,bundle_storage_delift,False,3,3,0,0.0,23,23,0,0.0,359,359,0,0.0,11,11,0,0.0,13,13,0,0.0,13,13,0,0.0,0,0,0,,0,0,0,,2,2,0,0.0,21,21,0,0.0,60,60,0,0.0,40,40,0,0.0,5,5,0,0.0,13,13,0,0.0,0,0,0,,3,3,0,0.0,123,123,0,0.0,90,90,0,0.0,0,0,0,
public_v1,O1,p04028,custom_residual_strip,bundle_storage_delift,bundle_residual_strip,False,3,3,0,0.0,23,23,0,0.0,359,359,0,0.0,11,11,0,0.0,13,13,0,0.0,13,13,0,0.0,0,0,0,,0,0,0,,2,2,0,0.0,21,21,0,0.0,60,60,0,0.0,40,40,0,0.0,5,5,0,0.0,13,13,0,0.0,0,0,0,,3,3,0,0.0,123,123,0,0.0,90,90,0,0.0,0,0,0,
public_v1,O1,p04028,final_tail_opt_4_plus_custom_cleanup,bundle_residual_strip,final_clean,False,3,1,-2,-0.6666666666666666,23,26,3,0.13043478260869565,359,309,-50,-0.1392757660167131,11,15,4,0.36363636363636365,13,13,0,0.0,13,13,0,0.0,0,0,0,,0,0,0,,2,1,-1,-0.5,21,14,-7,-0.3333333333333333,60,8,-52,-0.8666666666666667,40,9,-31,-0.775,5,13,8,1.6,13,11,-2,-0.15384615384615385,0,0,0,,3,5,2,0.6666666666666666,123,32,-91,-0.7398373983739838,90,105,15,0.16666666666666666,0,0,0,
public_v1,O2,p00001,main_combined_custom_plus_opt_1_2,raw_lift,brightened_main,False,33,3,-30,-0.9090909090909091,170,23,-147,-0.8647058823529412,3139,164,-2975,-0.947754061803122,63,5,-58,-0.9206349206349206,67,13,-54,-0.8059701492537313,61,13,-48,-0.7868852459016393,6,0,-6,-1.0,21,4,-17,-0.8095238095238095,0,1,1,,196,8,-188,-0.9591836734693877,526,49,-477,-0.9068441064638784,11,37,26,2.3636363636363638,7,10,3,0.42857142857142855,30,2,-28,-0.9333333333333333,0,1,1,,3,0,-3,-1.0,733,95,-638,-0.8703956343792633,1168,26,-1142,-0.9777397260273972,0,0,0,
public_v1,O2,p00001,bundle_exact_pointer_passes,bundle_verified_input,bundle_pointer_opt,False,3,3,0,0.0,23,23,0,0.0,164,162,-2,-0.012195121951219513,5,5,0,0.0,13,13,0,0.0,13,13,0,0.0,0,0,0,,4,4,0,0.0,1,1,0,0.0,8,8,0,0.0,49,49,0,0.0,37,37,0,0.0,10,9,-1,-0.1,2,2,0,0.0,1,1,0,0.0,0,0,0,,95,95,0,0.0,26,25,-1,-0.038461538461538464,0,0,0,
public_v1,O2,p00001,llvm_default_opt_boundary_3,bundle_pointer_opt,bundle_standard_opt_3,True,3,3,0,0.0,23,23,0,0.0,162,159,-3,-0.018518518518518517,5,5,0,0.0,13,13,0,0.0,13,13,0,0.0,0,0,0,,4,4,0,0.0,1,1,0,0.0,8,8,0,0.0,49,47,-2,-0.04081632653061224,37,36,-1,-0.02702702702702703,9,8,-1,-0.1111111111111111,2,2,0,0.0,1,1,0,0.0,0,0,0,,95,92,-3,-0.031578947368421054,25,25,0,0.0,0,0,0,
public_v1,O2,p00001,custom_storage_delift,bundle_standard_opt_3,bundle_storage_delift,False,3,3,0,0.0,23,23,0,0.0,159,159,0,0.0,5,5,0,0.0,13,13,0,0.0,13,13,0,0.0,0,0,0,,4,4,0,0.0,1,1,0,0.0,8,8,0,0.0,47,47,0,0.0,36,36,0,0.0,8,8,0,0.0,2,2,0,0.0,1,1,0,0.0,0,0,0,,92,92,0,0.0,25,25,0,0.0,0,0,0,
public_v1,O2,p00001,custom_residual_strip,bundle_storage_delift,bundle_residual_strip,False,3,3,0,0.0,23,23,0,0.0,159,159,0,0.0,5,5,0,0.0,13,13,0,0.0,13,13,0,0.0,0,0,0,,4,4,0,0.0,1,1,0,0.0,8,8,0,0.0,47,47,0,0.0,36,36,0,0.0,8,8,0,0.0,2,2,0,0.0,1,1,0,0.0,0,0,0,,92,92,0,0.0,25,25,0,0.0,0,0,0,
public_v1,O2,p00001,final_tail_opt_4_plus_custom_cleanup,bundle_residual_strip,final_clean,False,3,2,-1,-0.3333333333333333,23,22,-1,-0.043478260869565216,159,158,-1,-0.006289308176100629,5,5,0,0.0,13,13,0,0.0,13,13,0,0.0,0,0,0,,4,4,0,0.0,1,1,0,0.0,8,8,0,0.0,47,47,0,0.0,36,36,0,0.0,8,8,0,0.0,2,2,0,0.0,1,1,0,0.0,0,0,0,,92,92,0,0.0,25,25,0,0.0,0,0,0,
public_v1,O2,p00008,main_combined_custom_plus_opt_1_2,raw_lift,brightened_main,False,24,2,-22,-0.9166666666666666,200,28,-172,-0.86,3614,184,-3430,-0.9490868843386829,86,19,-67,-0.7790697674418605,34,3,-31,-0.9117647058823529,29,3,-26,-0.896551724137931,5,0,-5,-1.0,7,0,-7,-1.0,0,1,1,,217,49,-168,-0.7741935483870968,480,20,-460,-0.9583333333333334,13,21,8,0.6153846153846154,3,2,-1,-0.3333333333333333,45,0,-45,-1.0,0,0,0,,3,0,-3,-1.0,710,91,-619,-0.8718309859154929,1502,32,-1470,-0.9786950732356857,0,0,0,
public_v1,O2,p00008,bundle_exact_pointer_passes,bundle_verified_input,bundle_pointer_opt,False,2,2,0,0.0,28,25,-3,-0.10714285714285714,184,166,-18,-0.09782608695652174,19,14,-5,-0.2631578947368421,3,3,0,0.0,3,3,0,0.0,0,0,0,,0,0,0,,1,1,0,0.0,49,39,-10,-0.20408163265306123,20,20,0,0.0,21,28,7,0.3333333333333333,2,0,-2,-1.0,0,2,2,,0,0,0,,0,0,0,,91,88,-3,-0.03296703296703297,32,28,-4,-0.125,0,0,0,
public_v1,O2,p00008,llvm_default_opt_boundary_3,bundle_pointer_opt,bundle_standard_opt_3,True,2,2,0,0.0,25,25,0,0.0,166,155,-11,-0.06626506024096386,14,14,0,0.0,3,3,0,0.0,3,3,0,0.0,0,0,0,,0,0,0,,1,1,0,0.0,39,24,-15,-0.38461538461538464,20,20,0,0.0,28,22,-6,-0.21428571428571427,0,5,5,,2,13,11,5.5,0,0,0,,0,0,0,,88,67,-21,-0.23863636363636365,28,41,13,0.4642857142857143,0,0,0,
public_v1,O2,p00008,custom_storage_delift,bundle_standard_opt_3,bundle_storage_delift,False,2,2,0,0.0,25,25,0,0.0,155,155,0,0.0,14,14,0,0.0,3,3,0,0.0,3,3,0,0.0,0,0,0,,0,0,0,,1,1,0,0.0,24,24,0,0.0,20,20,0,0.0,22,22,0,0.0,5,5,0,0.0,13,13,0,0.0,0,0,0,,0,0,0,,67,67,0,0.0,41,41,0,0.0,0,0,0,
public_v1,O2,p00008,custom_residual_strip,bundle_storage_delift,bundle_residual_strip,False,2,2,0,0.0,25,25,0,0.0,155,155,0,0.0,14,14,0,0.0,3,3,0,0.0,3,3,0,0.0,0,0,0,,0,0,0,,1,1,0,0.0,24,24,0,0.0,20,20,0,0.0,22,22,0,0.0,5,5,0,0.0,13,13,0,0.0,0,0,0,,0,0,0,,67,67,0,0.0,41,41,0,0.0,0,0,0,
public_v1,O2,p00008,final_tail_opt_4_plus_custom_cleanup,bundle_residual_strip,final_clean,False,2,2,0,0.0,25,26,1,0.04,155,157,2,0.012903225806451613,14,14,0,0.0,3,3,0,0.0,3,3,0,0.0,0,0,0,,0,0,0,,1,1,0,0.0,24,24,0,0.0,20,20,0,0.0,22,22,0,0.0,5,5,0,0.0,13,13,0,0.0,0,0,0,,0,0,0,,67,67,0,0.0,41,42,1,0.024390243902439025,0,0,0,
public_v1,O2,p00033,main_combined_custom_plus_opt_1_2,raw_lift,brightened_main,False,27,4,-23,-0.8518518518518519,231,89,-142,-0.6147186147186147,4099,539,-3560,-0.8685045132959258,99,4,-95,-0.9595959595959596,54,18,-36,-0.6666666666666666,49,18,-31,-0.6326530612244898,5,0,-5,-1.0,17,3,-14,-0.8235294117647058,0,13,13,,202,79,-123,-0.6089108910891089,590,97,-493,-0.8355932203389831,14,67,53,3.7857142857142856,3,7,4,1.3333333333333333,49,16,-33,-0.673469387755102,0,2,2,,3,0,-3,-1.0,806,256,-550,-0.6823821339950372,1597,79,-1518,-0.9505322479649343,0,0,0,
public_v1,O2,p00033,bundle_exact_pointer_passes,bundle_verified_input,bundle_pointer_opt,False,4,4,0,0.0,89,88,-1,-0.011235955056179775,539,535,-4,-0.0074211502782931356,4,4,0,0.0,18,18,0,0.0,18,18,0,0.0,0,0,0,,3,3,0,0.0,13,13,0,0.0,79,79,0,0.0,97,97,0,0.0,67,66,-1,-0.014925373134328358,7,7,0,0.0,16,16,0,0.0,2,2,0,0.0,0,0,0,,256,255,-1,-0.00390625,79,78,-1,-0.012658227848101266,0,0,0,
public_v1,O2,p00033,llvm_default_opt_boundary_3,bundle_pointer_opt,bundle_standard_opt_3,True,4,4,0,0.0,88,88,0,0.0,535,521,-14,-0.026168224299065422,4,4,0,0.0,18,18,0,0.0,18,18,0,0.0,0,0,0,,3,3,0,0.0,13,13,0,0.0,79,79,0,0.0,97,95,-2,-0.020618556701030927,66,66,0,0.0,7,7,0,0.0,16,16,0,0.0,2,2,0,0.0,0,0,0,,255,253,-2,-0.00784313725490196,78,73,-5,-0.0641025641025641,0,0,0,
public_v1,O2,p00033,custom_storage_delift,bundle_standard_opt_3,bundle_storage_delift,False,4,4,0,0.0,88,88,0,0.0,521,521,0,0.0,4,4,0,0.0,18,18,0,0.0,18,18,0,0.0,0,0,0,,3,3,0,0.0,13,13,0,0.0,79,79,0,0.0,95,95,0,0.0,66,66,0,0.0,7,7,0,0.0,16,16,0,0.0,2,2,0,0.0,0,0,0,,253,253,0,0.0,73,73,0,0.0,0,0,0,
public_v1,O2,p00033,custom_residual_strip,bundle_storage_delift,bundle_residual_strip,False,4,4,0,0.0,88,88,0,0.0,521,521,0,0.0,4,4,0,0.0,18,18,0,0.0,18,18,0,0.0,0,0,0,,3,3,0,0.0,13,13,0,0.0,79,79,0,0.0,95,95,0,0.0,66,66,0,0.0,7,7,0,0.0,16,16,0,0.0,2,2,0,0.0,0,0,0,,253,253,0,0.0,73,73,0,0.0,0,0,0,
public_v1,O2,p00033,final_tail_opt_4_plus_custom_cleanup,bundle_residual_strip,final_clean,False,4,3,-1,-0.25,88,90,2,0.022727272727272728,521,569,48,0.09213051823416507,4,6,2,0.5,18,18,0,0.0,18,18,0,0.0,0,0,0,,3,3,0,0.0,13,13,0,0.0,79,81,2,0.02531645569620253,95,110,15,0.15789473684210525,66,73,7,0.10606060606060606,7,10,3,0.42857142857142855,16,17,1,0.0625,2,2,0,0.0,0,0,0,,253,277,24,0.09486166007905138,73,82,9,0.1232876712328767,0,0,0,
public_v1,O2,p00165,main_combined_custom_plus_opt_1_2,raw_lift,brightened_main,False,24,3,-21,-0.875,148,29,-119,-0.8040540540540541,2313,175,-2138,-0.924340683095547,60,16,-44,-0.7333333333333333,34,9,-25,-0.7352941176470589,29,9,-20,-0.6896551724137931,5,0,-5,-1.0,7,0,-7,-1.0,0,1,1,,159,37,-122,-0.7672955974842768,363,26,-337,-0.928374655647383,7,17,10,1.4285714285714286,3,6,3,1.0,27,2,-25,-0.9259259259259259,0,0,0,,3,0,-3,-1.0,529,81,-448,-0.8468809073724007,901,34,-867,-0.9622641509433962,0,0,0,
public_v1,O2,p00165,bundle_exact_pointer_passes,bundle_verified_input,bundle_pointer_opt,False,3,3,0,0.0,29,25,-4,-0.13793103448275862,175,165,-10,-0.05714285714285714,16,14,-2,-0.125,9,9,0,0.0,9,9,0,0.0,0,0,0,,0,0,0,,1,1,0,0.0,37,34,-3,-0.08108108108108109,26,26,0,0.0,17,15,-2,-0.11764705882352941,6,4,-2,-0.3333333333333333,2,4,2,1.0,0,0,0,,0,0,0,,81,76,-5,-0.06172839506172839,34,33,-1,-0.029411764705882353,0,0,0,
public_v1,O2,p00165,llvm_default_opt_boundary_3,bundle_pointer_opt,bundle_standard_opt_3,True,3,3,0,0.0,25,18,-7,-0.28,165,148,-17,-0.10303030303030303,14,10,-4,-0.2857142857142857,9,13,4,0.4444444444444444,9,13,4,0.4444444444444444,0,0,0,,0,4,4,,1,1,0,0.0,34,22,-12,-0.35294117647058826,26,22,-4,-0.15384615384615385,15,13,-2,-0.13333333333333333,4,7,3,0.75,4,9,5,1.25,0,0,0,,0,0,0,,76,58,-18,-0.23684210526315788,33,37,4,0.12121212121212122,0,0,0,
public_v1,O2,p00165,custom_storage_delift,bundle_standard_opt_3,bundle_storage_delift,False,3,3,0,0.0,18,18,0,0.0,148,148,0,0.0,10,10,0,0.0,13,13,0,0.0,13,13,0,0.0,0,0,0,,4,4,0,0.0,1,1,0,0.0,22,22,0,0.0,22,22,0,0.0,13,13,0,0.0,7,7,0,0.0,9,9,0,0.0,0,0,0,,0,0,0,,58,58,0,0.0,37,37,0,0.0,0,0,0,
public_v1,O2,p00165,custom_residual_strip,bundle_storage_delift,bundle_residual_strip,False,3,3,0,0.0,18,18,0,0.0,148,148,0,0.0,10,10,0,0.0,13,13,0,0.0,13,13,0,0.0,0,0,0,,4,4,0,0.0,1,1,0,0.0,22,22,0,0.0,22,22,0,0.0,13,13,0,0.0,7,7,0,0.0,9,9,0,0.0,0,0,0,,0,0,0,,58,58,0,0.0,37,37,0,0.0,0,0,0,
public_v1,O2,p00165,final_tail_opt_4_plus_custom_cleanup,bundle_residual_strip,final_clean,False,3,3,0,0.0,18,18,0,0.0,148,147,-1,-0.006756756756756757,10,10,0,0.0,13,12,-1,-0.07692307692307693,13,12,-1,-0.07692307692307693,0,0,0,,4,3,-1,-0.25,1,1,0,0.0,22,22,0,0.0,22,22,0,0.0,13,13,0,0.0,7,7,0,0.0,9,9,0,0.0,0,0,0,,0,0,0,,58,58,0,0.0,37,37,0,0.0,0,0,0,
public_v1,O2,p00327,main_combined_custom_plus_opt_1_2,raw_lift,brightened_main,False,24,4,-20,-0.8333333333333334,186,32,-154,-0.8279569892473119,3741,436,-3305,-0.8834536220261962,79,19,-60,-0.759493670886076,35,21,-14,-0.4,30,21,-9,-0.3,5,0,-5,-1.0,8,4,-4,-0.5,0,3,3,,186,44,-142,-0.7634408602150538,420,71,-349,-0.830952380952381,18,57,39,2.1666666666666665,3,22,19,6.333333333333333,42,17,-25,-0.5952380952380952,0,0,0,,3,0,-3,-1.0,624,175,-449,-0.719551282051282,1600,122,-1478,-0.92375,0,0,0,
public_v1,O2,p00327,bundle_exact_pointer_passes,bundle_verified_input,bundle_pointer_opt,False,4,4,0,0.0,32,32,0,0.0,436,432,-4,-0.009174311926605505,19,19,0,0.0,21,21,0,0.0,21,21,0,0.0,0,0,0,,4,4,0,0.0,3,3,0,0.0,44,44,0,0.0,71,71,0,0.0,57,57,0,0.0,22,18,-4,-0.18181818181818182,17,17,0,0.0,0,0,0,,0,0,0,,175,175,0,0.0,122,118,-4,-0.03278688524590164,0,0,0,
public_v1,O2,p00327,llvm_default_opt_boundary_3,bundle_pointer_opt,bundle_standard_opt_3,True,4,4,0,0.0,32,33,1,0.03125,432,421,-11,-0.02546296296296296,19,19,0,0.0,21,21,0,0.0,21,21,0,0.0,0,0,0,,4,4,0,0.0,3,3,0,0.0,44,44,0,0.0,71,71,0,0.0,57,56,-1,-0.017543859649122806,18,18,0,0.0,17,17,0,0.0,0,0,0,,0,0,0,,175,174,-1,-0.005714285714285714,118,114,-4,-0.03389830508474576,0,0,0,
public_v1,O2,p00327,custom_storage_delift,bundle_standard_opt_3,bundle_storage_delift,False,4,4,0,0.0,33,33,0,0.0,421,421,0,0.0,19,19,0,0.0,21,21,0,0.0,21,21,0,0.0,0,0,0,,4,4,0,0.0,3,3,0,0.0,44,44,0,0.0,71,71,0,0.0,56,56,0,0.0,18,18,0,0.0,17,17,0,0.0,0,0,0,,0,0,0,,174,174,0,0.0,114,114,0,0.0,0,0,0,
public_v1,O2,p00327,custom_residual_strip,bundle_storage_delift,bundle_residual_strip,False,4,4,0,0.0,33,33,0,0.0,421,421,0,0.0,19,19,0,0.0,21,21,0,0.0,21,21,0,0.0,0,0,0,,4,4,0,0.0,3,3,0,0.0,44,44,0,0.0,71,71,0,0.0,56,56,0,0.0,18,18,0,0.0,17,17,0,0.0,0,0,0,,0,0,0,,174,174,0,0.0,114,114,0,0.0,0,0,0,
public_v1,O2,p00327,final_tail_opt_4_plus_custom_cleanup,bundle_residual_strip,final_clean,False,4,4,0,0.0,33,33,0,0.0,421,420,-1,-0.0023752969121140144,19,19,0,0.0,21,21,0,0.0,21,21,0,0.0,0,0,0,,4,4,0,0.0,3,3,0,0.0,44,44,0,0.0,71,71,0,0.0,56,56,0,0.0,18,18,0,0.0,17,17,0,0.0,0,0,0,,0,0,0,,174,174,0,0.0,114,113,-1,-0.008771929824561403,0,0,0,
public_v1,O2,p00678,main_combined_custom_plus_opt_1_2,raw_lift,brightened_main,False,28,5,-23,-0.8214285714285714,167,78,-89,-0.5329341317365269,3083,1183,-1900,-0.6162828413882582,78,18,-60,-0.7692307692307693,60,29,-31,-0.5166666666666667,55,29,-26,-0.4727272727272727,5,0,-5,-1.0,18,12,-6,-0.3333333333333333,0,7,7,,200,91,-109,-0.545,552,151,-401,-0.7264492753623188,15,125,110,7.333333333333333,15,88,73,4.866666666666666,30,20,-10,-0.3333333333333333,0,4,4,,6,3,-3,-0.5,767,374,-393,-0.5123859191655802,1132,306,-826,-0.7296819787985865,0,0,0,
public_v1,O2,p00678,bundle_exact_pointer_passes,bundle_verified_input,bundle_pointer_opt,False,5,5,0,0.0,78,78,0,0.0,1183,1183,0,0.0,18,18,0,0.0,29,29,0,0.0,29,29,0,0.0,0,0,0,,12,12,0,0.0,7,7,0,0.0,91,91,0,0.0,151,151,0,0.0,125,125,0,0.0,88,88,0,0.0,20,20,0,0.0,4,4,0,0.0,3,3,0,0.0,374,374,0,0.0,306,306,0,0.0,0,0,0,
public_v1,O2,p00678,llvm_default_opt_boundary_3,bundle_pointer_opt,bundle_standard_opt_3,True,5,5,0,0.0,78,78,0,0.0,1183,1183,0,0.0,18,18,0,0.0,29,29,0,0.0,29,29,0,0.0,0,0,0,,12,12,0,0.0,7,7,0,0.0,91,91,0,0.0,151,151,0,0.0,125,125,0,0.0,88,88,0,0.0,20,20,0,0.0,4,4,0,0.0,3,3,0,0.0,374,374,0,0.0,306,306,0,0.0,0,0,0,
public_v1,O2,p00678,custom_storage_delift,bundle_standard_opt_3,bundle_storage_delift,False,5,5,0,0.0,78,78,0,0.0,1183,1183,0,0.0,18,18,0,0.0,29,29,0,0.0,29,29,0,0.0,0,0,0,,12,12,0,0.0,7,7,0,0.0,91,91,0,0.0,151,151,0,0.0,125,125,0,0.0,88,88,0,0.0,20,20,0,0.0,4,4,0,0.0,3,3,0,0.0,374,374,0,0.0,306,306,0,0.0,0,0,0,
public_v1,O2,p00678,custom_residual_strip,bundle_storage_delift,bundle_residual_strip,False,5,5,0,0.0,78,78,0,0.0,1183,1183,0,0.0,18,18,0,0.0,29,29,0,0.0,29,29,0,0.0,0,0,0,,12,12,0,0.0,7,7,0,0.0,91,91,0,0.0,151,151,0,0.0,125,125,0,0.0,88,88,0,0.0,20,20,0,0.0,4,4,0,0.0,3,3,0,0.0,374,374,0,0.0,306,306,0,0.0,0,0,0,
public_v1,O2,p00678,final_tail_opt_4_plus_custom_cleanup,bundle_residual_strip,final_clean,False,5,5,0,0.0,78,78,0,0.0,1183,1183,0,0.0,18,18,0,0.0,29,29,0,0.0,29,29,0,0.0,0,0,0,,12,12,0,0.0,7,7,0,0.0,91,91,0,0.0,151,151,0,0.0,125,125,0,0.0,88,88,0,0.0,20,20,0,0.0,4,4,0,0.0,3,3,0,0.0,374,374,0,0.0,306,306,0,0.0,0,0,0,
public_v1,O2,p00693,main_combined_custom_plus_opt_1_2,raw_lift,brightened_main,False,25,5,-20,-0.8,217,37,-180,-0.8294930875576036,3887,586,-3301,-0.849241059943401,93,18,-75,-0.8064516129032258,48,31,-17,-0.3541666666666667,43,31,-12,-0.27906976744186046,5,0,-5,-1.0,15,10,-5,-0.3333333333333333,0,5,5,,202,47,-155,-0.7673267326732673,574,107,-467,-0.813588850174216,16,108,92,5.75,3,20,17,5.666666666666667,47,43,-4,-0.0851063829787234,0,0,0,,3,0,-3,-1.0,792,267,-525,-0.6628787878787878,1592,162,-1430,-0.8982412060301508,0,0,0,
public_v1,O2,p00693,bundle_exact_pointer_passes,bundle_verified_input,bundle_pointer_opt,False,5,5,0,0.0,37,36,-1,-0.02702702702702703,586,583,-3,-0.005119453924914676,18,18,0,0.0,31,31,0,0.0,31,31,0,0.0,0,0,0,,10,10,0,0.0,5,5,0,0.0,47,47,0,0.0,107,107,0,0.0,108,107,-1,-0.009259259259259259,20,20,0,0.0,43,43,0,0.0,0,0,0,,0,0,0,,267,266,-1,-0.003745318352059925,162,162,0,0.0,0,0,0,
public_v1,O2,p00693,llvm_default_opt_boundary_3,bundle_pointer_opt,bundle_standard_opt_3,True,5,5,0,0.0,36,35,-1,-0.027777777777777776,583,563,-20,-0.03430531732418525,18,19,1,0.05555555555555555,31,32,1,0.03225806451612903,31,32,1,0.03225806451612903,0,0,0,,10,10,0,0.0,5,5,0,0.0,47,49,2,0.0425531914893617,107,111,4,0.037383177570093455,107,102,-5,-0.04672897196261682,20,14,-6,-0.3,43,44,1,0.023255813953488372,0,0,0,,0,0,0,,266,267,1,0.0037593984962406013,162,153,-9,-0.05555555555555555,0,0,0,
public_v1,O2,p00693,custom_storage_delift,bundle_standard_opt_3,bundle_storage_delift,False,5,5,0,0.0,35,35,0,0.0,563,563,0,0.0,19,19,0,0.0,32,32,0,0.0,32,32,0,0.0,0,0,0,,10,10,0,0.0,5,5,0,0.0,49,49,0,0.0,111,111,0,0.0,102,102,0,0.0,14,14,0,0.0,44,44,0,0.0,0,0,0,,0,0,0,,267,267,0,0.0,153,153,0,0.0,0,0,0,
public_v1,O2,p00693,custom_residual_strip,bundle_storage_delift,bundle_residual_strip,False,5,5,0,0.0,35,35,0,0.0,563,563,0,0.0,19,19,0,0.0,32,32,0,0.0,32,32,0,0.0,0,0,0,,10,10,0,0.0,5,5,0,0.0,49,49,0,0.0,111,111,0,0.0,102,102,0,0.0,14,14,0,0.0,44,44,0,0.0,0,0,0,,0,0,0,,267,267,0,0.0,153,153,0,0.0,0,0,0,
public_v1,O2,p00693,final_tail_opt_4_plus_custom_cleanup,bundle_residual_strip,final_clean,False,5,5,0,0.0,35,35,0,0.0,563,563,0,0.0,19,19,0,0.0,32,32,0,0.0,32,32,0,0.0,0,0,0,,10,10,0,0.0,5,5,0,0.0,49,49,0,0.0,111,111,0,0.0,102,102,0,0.0,14,14,0,0.0,44,44,0,0.0,0,0,0,,0,0,0,,267,267,0,0.0,153,153,0,0.0,0,0,0,
public_v1,O2,p00788,main_combined_custom_plus_opt_1_2,raw_lift,brightened_main,False,26,3,-23,-0.8846153846153846,153,46,-107,-0.6993464052287581,2815,397,-2418,-0.8589698046181172,70,12,-58,-0.8285714285714286,54,11,-43,-0.7962962962962963,49,11,-38,-0.7755102040816326,5,0,-5,-1.0,11,0,-11,-1.0,0,3,3,,188,47,-141,-0.75,472,82,-390,-0.826271186440678,9,53,44,4.888888888888889,3,7,4,1.3333333333333333,28,13,-15,-0.5357142857142857,0,1,1,,17,7,-10,-0.5882352941176471,669,185,-484,-0.7234678624813154,1052,84,-968,-0.9201520912547528,0,0,0,
public_v1,O2,p00788,bundle_exact_pointer_passes,bundle_verified_input,bundle_pointer_opt,False,3,3,0,0.0,46,45,-1,-0.021739130434782608,397,393,-4,-0.010075566750629723,12,12,0,0.0,11,11,0,0.0,11,11,0,0.0,0,0,0,,0,0,0,,3,3,0,0.0,47,47,0,0.0,82,82,0,0.0,53,54,1,0.018867924528301886,7,7,0,0.0,13,13,0,0.0,1,1,0,0.0,7,7,0,0.0,185,186,1,0.005405405405405406,84,83,-1,-0.011904761904761904,0,0,0,
public_v1,O2,p00788,llvm_default_opt_boundary_3,bundle_pointer_opt,bundle_standard_opt_3,True,3,2,-1,-0.3333333333333333,45,46,1,0.022222222222222223,393,383,-10,-0.02544529262086514,12,15,3,0.25,11,11,0,0.0,11,11,0,0.0,0,0,0,,0,0,0,,3,3,0,0.0,47,47,0,0.0,82,96,14,0.17073170731707318,54,46,-8,-0.14814814814814814,7,7,0,0.0,13,14,1,0.07692307692307693,1,1,0,0.0,7,9,2,0.2857142857142857,186,192,6,0.03225806451612903,83,74,-9,-0.10843373493975904,0,0,0,
public_v1,O2,p00788,custom_storage_delift,bundle_standard_opt_3,bundle_storage_delift,False,2,2,0,0.0,46,46,0,0.0,383,383,0,0.0,15,15,0,0.0,11,11,0,0.0,11,11,0,0.0,0,0,0,,0,0,0,,3,3,0,0.0,47,47,0,0.0,96,96,0,0.0,46,46,0,0.0,7,7,0,0.0,14,14,0,0.0,1,1,0,0.0,9,9,0,0.0,192,192,0,0.0,74,74,0,0.0,0,0,0,
public_v1,O2,p00788,custom_residual_strip,bundle_storage_delift,bundle_residual_strip,False,2,2,0,0.0,46,46,0,0.0,383,383,0,0.0,15,15,0,0.0,11,11,0,0.0,11,11,0,0.0,0,0,0,,0,0,0,,3,3,0,0.0,47,47,0,0.0,96,96,0,0.0,46,46,0,0.0,7,7,0,0.0,14,14,0,0.0,1,1,0,0.0,9,9,0,0.0,192,192,0,0.0,74,74,0,0.0,0,0,0,
public_v1,O2,p00788,final_tail_opt_4_plus_custom_cleanup,bundle_residual_strip,final_clean,False,2,2,0,0.0,46,45,-1,-0.021739130434782608,383,204,-179,-0.46736292428198434,15,15,0,0.0,11,11,0,0.0,11,11,0,0.0,0,0,0,,0,0,0,,3,8,5,1.6666666666666667,47,4,-43,-0.9148936170212766,96,9,-87,-0.90625,46,0,-46,-1.0,7,29,22,3.142857142857143,14,6,-8,-0.5714285714285714,1,1,0,0.0,9,9,0,0.0,192,21,-171,-0.890625,74,77,3,0.04054054054054054,0,0,0,
public_v1,O2,p00793,main_combined_custom_plus_opt_1_2,raw_lift,brightened_main,False,31,9,-22,-0.7096774193548387,162,102,-60,-0.37037037037037035,3671,4972,1301,0.35439934622718605,76,42,-34,-0.4473684210526316,67,97,30,0.44776119402985076,62,97,35,0.5645161290322581,5,0,-5,-1.0,22,34,12,0.5454545454545454,0,6,6,,374,619,245,0.6550802139037433,736,2429,1693,2.3002717391304346,43,136,93,2.1627906976744184,14,430,416,29.714285714285715,26,14,-12,-0.46153846153846156,0,9,9,,7,4,-3,-0.42857142857142855,1153,3190,2037,1.766695576756288,1167,926,-241,-0.20651242502142245,0,0,0,
public_v1,O2,p00793,bundle_exact_pointer_passes,bundle_verified_input,bundle_pointer_opt,False,9,9,0,0.0,102,102,0,0.0,4972,4972,0,0.0,42,42,0,0.0,97,97,0,0.0,97,97,0,0.0,0,0,0,,34,34,0,0.0,6,6,0,0.0,619,619,0,0.0,2429,2429,0,0.0,136,136,0,0.0,430,430,0,0.0,14,14,0,0.0,9,9,0,0.0,4,4,0,0.0,3190,3190,0,0.0,926,926,0,0.0,0,0,0,
public_v1,O2,p00793,llvm_default_opt_boundary_3,bundle_pointer_opt,bundle_standard_opt_3,True,9,9,0,0.0,102,102,0,0.0,4972,4825,-147,-0.029565567176186646,42,42,0,0.0,97,97,0,0.0,97,97,0,0.0,0,0,0,,34,34,0,0.0,6,6,0,0.0,619,598,-21,-0.033925686591276254,2429,2301,-128,-0.05269658295594895,136,136,0,0.0,430,430,0,0.0,14,14,0,0.0,9,9,0,0.0,4,4,0,0.0,3190,3041,-149,-0.04670846394984326,926,928,2,0.0021598272138228943,0,0,0,
public_v1,O2,p00793,custom_storage_delift,bundle_standard_opt_3,bundle_storage_delift,False,9,9,0,0.0,102,102,0,0.0,4825,4825,0,0.0,42,42,0,0.0,97,97,0,0.0,97,97,0,0.0,0,0,0,,34,34,0,0.0,6,6,0,0.0,598,598,0,0.0,2301,2301,0,0.0,136,136,0,0.0,430,430,0,0.0,14,14,0,0.0,9,9,0,0.0,4,4,0,0.0,3041,3041,0,0.0,928,928,0,0.0,0,0,0,
public_v1,O2,p00793,custom_residual_strip,bundle_storage_delift,bundle_residual_strip,False,9,9,0,0.0,102,102,0,0.0,4825,4825,0,0.0,42,42,0,0.0,97,97,0,0.0,97,97,0,0.0,0,0,0,,34,34,0,0.0,6,6,0,0.0,598,598,0,0.0,2301,2301,0,0.0,136,136,0,0.0,430,430,0,0.0,14,14,0,0.0,9,9,0,0.0,4,4,0,0.0,3041,3041,0,0.0,928,928,0,0.0,0,0,0,
public_v1,O2,p00793,final_tail_opt_4_plus_custom_cleanup,bundle_residual_strip,final_clean,False,9,9,0,0.0,102,102,0,0.0,4825,4798,-27,-0.005595854922279792,42,42,0,0.0,97,97,0,0.0,97,97,0,0.0,0,0,0,,34,34,0,0.0,6,6,0,0.0,598,598,0,0.0,2301,2274,-27,-0.011734028683181226,136,136,0,0.0,430,430,0,0.0,14,14,0,0.0,9,9,0,0.0,4,4,0,0.0,3041,3014,-27,-0.00887865833607366,928,928,0,0.0,0,0,0,
public_v1,O2,p00859,main_combined_custom_plus_opt_1_2,raw_lift,brightened_main,False,37,7,-30,-0.8108108108108109,245,93,-152,-0.6204081632653061,4458,1195,-3263,-0.7319425751458053,97,5,-92,-0.9484536082474226,80,40,-40,-0.5,73,40,-33,-0.4520547945205479,7,0,-7,-1.0,25,0,-25,-1.0,0,1,1,,299,131,-168,-0.5618729096989966,720,175,-545,-0.7569444444444444,32,103,71,2.21875,5,34,29,5.8,47,19,-28,-0.5957446808510638,0,2,2,,3,0,-3,-1.0,1051,410,-641,-0.609895337773549,1694,266,-1428,-0.8429752066115702,0,0,0,
public_v1,O2,p00859,bundle_exact_pointer_passes,bundle_verified_input,bundle_pointer_opt,False,7,7,0,0.0,93,91,-2,-0.021505376344086023,1195,1183,-12,-0.0100418410041841,5,5,0,0.0,40,40,0,0.0,40,40,0,0.0,0,0,0,,0,0,0,,1,1,0,0.0,131,131,0,0.0,175,175,0,0.0,103,106,3,0.02912621359223301,34,34,0,0.0,19,19,0,0.0,2,2,0,0.0,0,0,0,,410,413,3,0.007317073170731708,266,262,-4,-0.015037593984962405,0,0,0,
public_v1,O2,p00859,llvm_default_opt_boundary_3,bundle_pointer_opt,bundle_standard_opt_3,True,7,7,0,0.0,91,91,0,0.0,1183,863,-320,-0.2704987320371936,5,6,1,0.2,40,41,1,0.025,40,41,1,0.025,0,0,0,,0,0,0,,1,1,0,0.0,131,96,-35,-0.26717557251908397,175,166,-9,-0.05142857142857143,106,90,-16,-0.1509433962264151,34,33,-1,-0.029411764705882353,19,19,0,0.0,2,2,0,0.0,0,0,0,,413,353,-60,-0.14527845036319612,262,176,-86,-0.3282442748091603,0,0,0,
public_v1,O2,p00859,custom_storage_delift,bundle_standard_opt_3,bundle_storage_delift,False,7,7,0,0.0,91,91,0,0.0,863,863,0,0.0,6,6,0,0.0,41,41,0,0.0,41,41,0,0.0,0,0,0,,0,0,0,,1,1,0,0.0,96,96,0,0.0,166,166,0,0.0,90,90,0,0.0,33,33,0,0.0,19,19,0,0.0,2,2,0,0.0,0,0,0,,353,353,0,0.0,176,176,0,0.0,0,0,0,
public_v1,O2,p00859,custom_residual_strip,bundle_storage_delift,bundle_residual_strip,False,7,7,0,0.0,91,91,0,0.0,863,863,0,0.0,6,6,0,0.0,41,41,0,0.0,41,41,0,0.0,0,0,0,,0,0,0,,1,1,0,0.0,96,96,0,0.0,166,166,0,0.0,90,90,0,0.0,33,33,0,0.0,19,19,0,0.0,2,2,0,0.0,0,0,0,,353,353,0,0.0,176,176,0,0.0,0,0,0,
public_v1,O2,p00859,final_tail_opt_4_plus_custom_cleanup,bundle_residual_strip,final_clean,False,7,7,0,0.0,91,91,0,0.0,863,847,-16,-0.01853997682502897,6,6,0,0.0,41,41,0,0.0,41,41,0,0.0,0,0,0,,0,0,0,,1,1,0,0.0,96,96,0,0.0,166,164,-2,-0.012048192771084338,90,76,-14,-0.15555555555555556,33,33,0,0.0,19,19,0,0.0,2,2,0,0.0,0,0,0,,353,337,-16,-0.0453257790368272,176,176,0,0.0,0,0,0,
public_v1,O2,p00867,main_combined_custom_plus_opt_1_2,raw_lift,brightened_main,False,39,14,-25,-0.6410256410256411,779,382,-397,-0.5096277278562259,16443,5700,-10743,-0.6533479292099982,356,36,-320,-0.898876404494382,139,133,-6,-0.04316546762589928,134,133,-1,-0.007462686567164179,5,0,-5,-1.0,51,0,-51,-1.0,0,1,1,,1111,724,-387,-0.3483348334833483,2277,750,-1527,-0.6706192358366272,100,474,374,3.74,13,139,126,9.692307692307692,199,103,-96,-0.4824120603015075,0,8,8,,3,0,-3,-1.0,3488,1949,-1539,-0.4412270642201835,6642,1283,-5359,-0.8068352905751279,0,0,0,
public_v1,O2,p00867,bundle_exact_pointer_passes,bundle_verified_input,bundle_pointer_opt,False,14,14,0,0.0,382,376,-6,-0.015706806282722512,5700,5581,-119,-0.02087719298245614,36,36,0,0.0,133,133,0,0.0,133,133,0,0.0,0,0,0,,0,0,0,,1,1,0,0.0,724,724,0,0.0,750,750,0,0.0,474,464,-10,-0.02109704641350211,139,137,-2,-0.014388489208633094,103,103,0,0.0,8,8,0,0.0,0,0,0,,1949,1939,-10,-0.00513083632632119,1283,1278,-5,-0.003897116134060795,0,0,0,
public_v1,O2,p00867,llvm_default_opt_boundary_3,bundle_pointer_opt,bundle_standard_opt_3,True,14,14,0,0.0,376,366,-10,-0.026595744680851064,5581,4997,-584,-0.10464074538613152,36,37,1,0.027777777777777776,133,133,0,0.0,133,133,0,0.0,0,0,0,,0,0,0,,1,1,0,0.0,724,718,-6,-0.008287292817679558,750,543,-207,-0.276,464,354,-110,-0.23706896551724138,137,125,-12,-0.08759124087591241,103,101,-2,-0.019417475728155338,8,8,0,0.0,0,0,0,,1939,1616,-323,-0.1665807117070655,1278,1201,-77,-0.06025039123630673,0,0,0,
public_v1,O2,p00867,custom_storage_delift,bundle_standard_opt_3,bundle_storage_delift,False,14,14,0,0.0,366,366,0,0.0,4997,4997,0,0.0,37,37,0,0.0,133,133,0,0.0,133,133,0,0.0,0,0,0,,0,0,0,,1,1,0,0.0,718,718,0,0.0,543,543,0,0.0,354,354,0,0.0,125,125,0,0.0,101,101,0,0.0,8,8,0,0.0,0,0,0,,1616,1616,0,0.0,1201,1201,0,0.0,0,0,0,
public_v1,O2,p00867,custom_residual_strip,bundle_storage_delift,bundle_residual_strip,False,14,14,0,0.0,366,366,0,0.0,4997,4997,0,0.0,37,37,0,0.0,133,133,0,0.0,133,133,0,0.0,0,0,0,,0,0,0,,1,1,0,0.0,718,718,0,0.0,543,543,0,0.0,354,354,0,0.0,125,125,0,0.0,101,101,0,0.0,8,8,0,0.0,0,0,0,,1616,1616,0,0.0,1201,1201,0,0.0,0,0,0,
public_v1,O2,p00867,final_tail_opt_4_plus_custom_cleanup,bundle_residual_strip,final_clean,False,14,15,1,0.07142857142857142,366,368,2,0.00546448087431694,4997,4909,-88,-0.017610566339803884,37,37,0,0.0,133,135,2,0.015037593984962405,133,135,2,0.015037593984962405,0,0,0,,0,0,0,,1,1,0,0.0,718,717,-1,-0.001392757660167131,543,543,0,0.0,354,319,-35,-0.09887005649717515,125,123,-2,-0.016,101,98,-3,-0.0297029702970297,8,8,0,0.0,0,0,0,,1616,1580,-36,-0.022277227722772276,1201,1193,-8,-0.006661115736885929,0,0,0,
public_v1,O2,p01296,main_combined_custom_plus_opt_1_2,raw_lift,brightened_main,False,35,10,-25,-0.7142857142857143,653,269,-384,-0.5880551301684533,14249,3947,-10302,-0.7229981051301846,301,31,-270,-0.8970099667774086,142,229,87,0.6126760563380281,137,229,92,0.6715328467153284,5,0,-5,-1.0,58,0,-58,-1.0,0,1,1,,909,567,-342,-0.37623762376237624,2031,502,-1529,-0.7528311176760216,54,267,213,3.9444444444444446,5,58,53,10.6,156,53,-103,-0.6602564102564102,0,7,7,,6,2,-4,-0.6666666666666666,2994,1337,-1657,-0.5534402137608551,5874,804,-5070,-0.8631256384065373,0,0,0,
public_v1,O2,p01296,bundle_exact_pointer_passes,bundle_verified_input,bundle_pointer_opt,False,10,10,0,0.0,269,262,-7,-0.026022304832713755,3947,3843,-104,-0.026349125918419054,31,31,0,0.0,229,229,0,0.0,229,229,0,0.0,0,0,0,,0,0,0,,1,1,0,0.0,567,559,-8,-0.014109347442680775,502,502,0,0.0,267,257,-10,-0.03745318352059925,58,57,-1,-0.017241379310344827,53,53,0,0.0,7,7,0,0.0,2,2,0,0.0,1337,1319,-18,-0.013462976813762155,804,793,-11,-0.013681592039800995,0,0,0,
public_v1,O2,p01296,llvm_default_opt_boundary_3,bundle_pointer_opt,bundle_standard_opt_3,True,10,9,-1,-0.1,262,249,-13,-0.04961832061068702,3843,2269,-1574,-0.409575852198803,31,32,1,0.03225806451612903,229,220,-9,-0.039301310043668124,229,220,-9,-0.039301310043668124,0,0,0,,0,0,0,,1,1,0,0.0,559,424,-135,-0.24150268336314848,502,318,-184,-0.3665338645418327,257,194,-63,-0.245136186770428,57,58,1,0.017543859649122806,53,53,0,0.0,7,7,0,0.0,2,2,0,0.0,1319,937,-382,-0.2896133434420015,793,455,-338,-0.4262295081967213,0,0,0,
public_v1,O2,p01296,custom_storage_delift,bundle_standard_opt_3,bundle_storage_delift,False,9,9,0,0.0,249,249,0,0.0,2269,2269,0,0.0,32,32,0,0.0,220,220,0,0.0,220,220,0,0.0,0,0,0,,0,0,0,,1,1,0,0.0,424,424,0,0.0,318,318,0,0.0,194,194,0,0.0,58,58,0,0.0,53,53,0,0.0,7,7,0,0.0,2,2,0,0.0,937,937,0,0.0,455,455,0,0.0,0,0,0,
public_v1,O2,p01296,custom_residual_strip,bundle_storage_delift,bundle_residual_strip,False,9,9,0,0.0,249,249,0,0.0,2269,2269,0,0.0,32,32,0,0.0,220,220,0,0.0,220,220,0,0.0,0,0,0,,0,0,0,,1,1,0,0.0,424,424,0,0.0,318,318,0,0.0,194,194,0,0.0,58,58,0,0.0,53,53,0,0.0,7,7,0,0.0,2,2,0,0.0,937,937,0,0.0,455,455,0,0.0,0,0,0,
public_v1,O2,p01296,final_tail_opt_4_plus_custom_cleanup,bundle_residual_strip,final_clean,False,9,9,0,0.0,249,233,-16,-0.0642570281124498,2269,2237,-32,-0.014103129131776113,32,33,1,0.03125,220,220,0,0.0,220,220,0,0.0,0,0,0,,0,0,0,,1,1,0,0.0,424,421,-3,-0.007075471698113208,318,314,-4,-0.012578616352201259,194,194,0,0.0,58,67,9,0.15517241379310345,53,53,0,0.0,7,8,1,0.14285714285714285,2,2,0,0.0,937,930,-7,-0.007470651013874066,455,458,3,0.006593406593406593,0,0,0,
public_v1,O2,p01315,main_combined_custom_plus_opt_1_2,raw_lift,brightened_main,False,28,6,-22,-0.7857142857142857,189,37,-152,-0.8042328042328042,4160,778,-3382,-0.8129807692307692,77,15,-62,-0.8051948051948052,66,67,1,0.015151515151515152,61,67,6,0.09836065573770492,5,0,-5,-1.0,23,11,-12,-0.5217391304347826,0,6,6,,289,97,-192,-0.6643598615916955,652,143,-509,-0.7806748466257669,35,126,91,2.6,3,31,28,9.333333333333334,37,24,-13,-0.35135135135135137,0,0,0,,3,0,-3,-1.0,976,372,-604,-0.6188524590163934,1593,165,-1428,-0.896421845574388,0,0,0,
public_v1,O2,p01315,bundle_exact_pointer_passes,bundle_verified_input,bundle_pointer_opt,False,6,6,0,0.0,37,35,-2,-0.05405405405405406,778,765,-13,-0.016709511568123392,15,15,0,0.0,67,67,0,0.0,67,67,0,0.0,0,0,0,,11,11,0,0.0,6,6,0,0.0,97,96,-1,-0.010309278350515464,143,143,0,0.0,126,124,-2,-0.015873015873015872,31,31,0,0.0,24,24,0,0.0,0,0,0,,0,0,0,,372,369,-3,-0.008064516129032258,165,163,-2,-0.012121212121212121,0,0,0,
public_v1,O2,p01315,llvm_default_opt_boundary_3,bundle_pointer_opt,bundle_standard_opt_3,True,6,6,0,0.0,35,35,0,0.0,765,765,0,0.0,15,16,1,0.06666666666666667,67,69,2,0.029850746268656716,67,69,2,0.029850746268656716,0,0,0,,11,11,0,0.0,6,6,0,0.0,96,100,4,0.041666666666666664,143,145,2,0.013986013986013986,124,121,-3,-0.024193548387096774,31,36,5,0.16129032258064516,24,25,1,0.041666666666666664,0,0,0,,0,0,0,,369,372,3,0.008130081300813009,163,164,1,0.006134969325153374,0,0,0,
public_v1,O2,p01315,custom_storage_delift,bundle_standard_opt_3,bundle_storage_delift,False,6,6,0,0.0,35,35,0,0.0,765,765,0,0.0,16,16,0,0.0,69,69,0,0.0,69,69,0,0.0,0,0,0,,11,11,0,0.0,6,6,0,0.0,100,100,0,0.0,145,145,0,0.0,121,121,0,0.0,36,36,0,0.0,25,25,0,0.0,0,0,0,,0,0,0,,372,372,0,0.0,164,164,0,0.0,0,0,0,
public_v1,O2,p01315,custom_residual_strip,bundle_storage_delift,bundle_residual_strip,False,6,6,0,0.0,35,35,0,0.0,765,765,0,0.0,16,16,0,0.0,69,69,0,0.0,69,69,0,0.0,0,0,0,,11,11,0,0.0,6,6,0,0.0,100,100,0,0.0,145,145,0,0.0,121,121,0,0.0,36,36,0,0.0,25,25,0,0.0,0,0,0,,0,0,0,,372,372,0,0.0,164,164,0,0.0,0,0,0,
public_v1,O2,p01315,final_tail_opt_4_plus_custom_cleanup,bundle_residual_strip,final_clean,False,6,6,0,0.0,35,35,0,0.0,765,769,4,0.00522875816993464,16,16,0,0.0,69,71,2,0.028985507246376812,69,71,2,0.028985507246376812,0,0,0,,11,11,0,0.0,6,6,0,0.0,100,107,7,0.07,145,160,15,0.10344827586206896,121,130,9,0.0743801652892562,36,19,-17,-0.4722222222222222,25,22,-3,-0.12,0,0,0,,0,0,0,,372,403,31,0.08333333333333333,164,136,-28,-0.17073170731707318,0,0,0,
public_v1,O2,p01571,main_combined_custom_plus_opt_1_2,raw_lift,brightened_main,False,43,19,-24,-0.5581395348837209,611,284,-327,-0.5351882160392799,13195,4351,-8844,-0.6702538840469875,273,24,-249,-0.9120879120879121,116,270,154,1.3275862068965518,110,270,160,1.4545454545454546,6,0,-6,-1.0,40,10,-30,-0.75,0,6,6,,1023,701,-322,-0.3147605083088954,1865,498,-1367,-0.7329758713136729,138,400,262,1.8985507246376812,17,126,109,6.411764705882353,138,68,-70,-0.5072463768115942,0,9,9,,3,0,-3,-1.0,3026,1605,-1421,-0.46959682749504295,5227,942,-4285,-0.8197819016644347,0,0,0,
public_v1,O2,p01571,bundle_exact_pointer_passes,bundle_verified_input,bundle_pointer_opt,False,19,19,0,0.0,284,273,-11,-0.03873239436619718,4351,4231,-120,-0.027579866697310964,24,23,-1,-0.041666666666666664,270,268,-2,-0.007407407407407408,270,268,-2,-0.007407407407407408,0,0,0,,10,8,-2,-0.2,6,5,-1,-0.16666666666666666,701,697,-4,-0.005706134094151213,498,485,-13,-0.02610441767068273,400,378,-22,-0.055,126,125,-1,-0.007936507936507936,68,67,-1,-0.014705882352941176,9,9,0,0.0,0,0,0,,1605,1565,-40,-0.024922118380062305,942,932,-10,-0.010615711252653927,0,0,0,
public_v1,O2,p01571,llvm_default_opt_boundary_3,bundle_pointer_opt,bundle_standard_opt_3,True,19,19,0,0.0,273,274,1,0.003663003663003663,4231,3510,-721,-0.17040888678799337,23,24,1,0.043478260869565216,268,269,1,0.0037313432835820895,268,269,1,0.0037313432835820895,0,0,0,,8,9,1,0.125,5,5,0,0.0,697,633,-64,-0.09182209469153516,485,397,-88,-0.18144329896907216,378,347,-31,-0.082010582010582,125,116,-9,-0.072,67,68,1,0.014925373134328358,9,9,0,0.0,0,0,0,,1565,1382,-183,-0.11693290734824281,932,759,-173,-0.18562231759656653,0,0,0,
public_v1,O2,p01571,custom_storage_delift,bundle_standard_opt_3,bundle_storage_delift,False,19,19,0,0.0,274,274,0,0.0,3510,3510,0,0.0,24,24,0,0.0,269,269,0,0.0,269,269,0,0.0,0,0,0,,9,9,0,0.0,5,5,0,0.0,633,633,0,0.0,397,397,0,0.0,347,347,0,0.0,116,116,0,0.0,68,68,0,0.0,9,9,0,0.0,0,0,0,,1382,1382,0,0.0,759,759,0,0.0,0,0,0,
public_v1,O2,p01571,custom_residual_strip,bundle_storage_delift,bundle_residual_strip,False,19,19,0,0.0,274,274,0,0.0,3510,3510,0,0.0,24,24,0,0.0,269,269,0,0.0,269,269,0,0.0,0,0,0,,9,9,0,0.0,5,5,0,0.0,633,633,0,0.0,397,397,0,0.0,347,347,0,0.0,116,116,0,0.0,68,68,0,0.0,9,9,0,0.0,0,0,0,,1382,1382,0,0.0,759,759,0,0.0,0,0,0,
public_v1,O2,p01571,final_tail_opt_4_plus_custom_cleanup,bundle_residual_strip,final_clean,False,19,19,0,0.0,274,274,0,0.0,3510,3244,-266,-0.07578347578347579,24,24,0,0.0,269,269,0,0.0,269,269,0,0.0,0,0,0,,9,9,0,0.0,5,5,0,0.0,633,615,-18,-0.02843601895734597,397,397,0,0.0,347,335,-12,-0.0345821325648415,116,106,-10,-0.08620689655172414,68,68,0,0.0,9,9,0,0.0,0,0,0,,1382,1352,-30,-0.02170767004341534,759,682,-77,-0.10144927536231885,0,0,0,
public_v1,O2,p01687,main_combined_custom_plus_opt_1_2,raw_lift,brightened_main,False,31,4,-27,-0.8709677419354839,166,50,-116,-0.6987951807228916,2708,630,-2078,-0.7673559822747416,64,15,-49,-0.765625,53,10,-43,-0.8113207547169812,48,10,-38,-0.7916666666666666,5,0,-5,-1.0,13,0,-13,-1.0,0,1,1,,163,54,-109,-0.6687116564417178,443,78,-365,-0.8239277652370203,12,112,100,8.333333333333334,5,15,10,2.0,36,68,32,0.8888888888888888,0,1,1,,3,0,-3,-1.0,618,245,-373,-0.6035598705501618,1030,209,-821,-0.7970873786407767,0,0,0,
public_v1,O2,p01687,bundle_exact_pointer_passes,bundle_verified_input,bundle_pointer_opt,False,4,4,0,0.0,50,49,-1,-0.02,630,627,-3,-0.004761904761904762,15,15,0,0.0,10,10,0,0.0,10,10,0,0.0,0,0,0,,0,0,0,,1,1,0,0.0,54,54,0,0.0,78,78,0,0.0,112,111,-1,-0.008928571428571428,15,15,0,0.0,68,68,0,0.0,1,1,0,0.0,0,0,0,,245,244,-1,-0.004081632653061225,209,209,0,0.0,0,0,0,
public_v1,O2,p01687,llvm_default_opt_boundary_3,bundle_pointer_opt,bundle_standard_opt_3,True,4,3,-1,-0.25,49,46,-3,-0.061224489795918366,627,539,-88,-0.14035087719298245,15,15,0,0.0,10,9,-1,-0.1,10,9,-1,-0.1,0,0,0,,0,0,0,,1,1,0,0.0,54,47,-7,-0.12962962962962962,78,66,-12,-0.15384615384615385,111,91,-20,-0.18018018018018017,15,7,-8,-0.5333333333333333,68,64,-4,-0.058823529411764705,1,1,0,0.0,0,0,0,,244,205,-39,-0.1598360655737705,209,183,-26,-0.12440191387559808,0,0,0,
public_v1,O2,p01687,custom_storage_delift,bundle_standard_opt_3,bundle_storage_delift,False,3,3,0,0.0,46,46,0,0.0,539,539,0,0.0,15,15,0,0.0,9,9,0,0.0,9,9,0,0.0,0,0,0,,0,0,0,,1,1,0,0.0,47,47,0,0.0,66,66,0,0.0,91,91,0,0.0,7,7,0,0.0,64,64,0,0.0,1,1,0,0.0,0,0,0,,205,205,0,0.0,183,183,0,0.0,0,0,0,
public_v1,O2,p01687,custom_residual_strip,bundle_storage_delift,bundle_residual_strip,False,3,3,0,0.0,46,46,0,0.0,539,539,0,0.0,15,15,0,0.0,9,9,0,0.0,9,9,0,0.0,0,0,0,,0,0,0,,1,1,0,0.0,47,47,0,0.0,66,66,0,0.0,91,91,0,0.0,7,7,0,0.0,64,64,0,0.0,1,1,0,0.0,0,0,0,,205,205,0,0.0,183,183,0,0.0,0,0,0,
public_v1,O2,p01687,final_tail_opt_4_plus_custom_cleanup,bundle_residual_strip,final_clean,False,3,3,0,0.0,46,46,0,0.0,539,343,-196,-0.36363636363636365,15,15,0,0.0,9,9,0,0.0,9,9,0,0.0,0,0,0,,0,0,0,,1,1,0,0.0,47,37,-10,-0.2127659574468085,66,56,-10,-0.15151515151515152,91,42,-49,-0.5384615384615384,7,6,-1,-0.14285714285714285,64,24,-40,-0.625,1,1,0,0.0,0,0,0,,205,136,-69,-0.33658536585365856,183,97,-86,-0.46994535519125685,0,0,0,
public_v1,O2,p01766,main_combined_custom_plus_opt_1_2,raw_lift,brightened_main,False,26,2,-24,-0.9230769230769231,144,23,-121,-0.8402777777777778,2584,291,-2293,-0.8873839009287926,57,11,-46,-0.8070175438596491,43,13,-30,-0.6976744186046512,38,13,-25,-0.6578947368421053,5,0,-5,-1.0,10,9,-1,-0.1,0,6,6,,149,22,-127,-0.8523489932885906,358,48,-310,-0.8659217877094972,43,67,24,0.5581395348837209,3,7,4,1.3333333333333333,28,10,-18,-0.6428571428571429,0,0,0,,3,0,-3,-1.0,550,143,-407,-0.74,994,61,-933,-0.9386317907444668,0,0,0,
public_v1,O2,p01766,bundle_exact_pointer_passes,bundle_verified_input,bundle_pointer_opt,False,2,2,0,0.0,23,22,-1,-0.043478260869565216,291,290,-1,-0.003436426116838488,11,11,0,0.0,13,13,0,0.0,13,13,0,0.0,0,0,0,,9,9,0,0.0,6,6,0,0.0,22,22,0,0.0,48,48,0,0.0,67,67,0,0.0,7,7,0,0.0,10,10,0,0.0,0,0,0,,0,0,0,,143,143,0,0.0,61,61,0,0.0,0,0,0,
public_v1,O2,p01766,llvm_default_opt_boundary_3,bundle_pointer_opt,bundle_standard_opt_3,True,2,2,0,0.0,22,22,0,0.0,290,290,0,0.0,11,11,0,0.0,13,13,0,0.0,13,13,0,0.0,0,0,0,,9,9,0,0.0,6,6,0,0.0,22,22,0,0.0,48,48,0,0.0,67,67,0,0.0,7,7,0,0.0,10,10,0,0.0,0,0,0,,0,0,0,,143,143,0,0.0,61,61,0,0.0,0,0,0,
public_v1,O2,p01766,custom_storage_delift,bundle_standard_opt_3,bundle_storage_delift,False,2,2,0,0.0,22,22,0,0.0,290,290,0,0.0,11,11,0,0.0,13,13,0,0.0,13,13,0,0.0,0,0,0,,9,9,0,0.0,6,6,0,0.0,22,22,0,0.0,48,48,0,0.0,67,67,0,0.0,7,7,0,0.0,10,10,0,0.0,0,0,0,,0,0,0,,143,143,0,0.0,61,61,0,0.0,0,0,0,
public_v1,O2,p01766,custom_residual_strip,bundle_storage_delift,bundle_residual_strip,False,2,2,0,0.0,22,22,0,0.0,290,290,0,0.0,11,11,0,0.0,13,13,0,0.0,13,13,0,0.0,0,0,0,,9,9,0,0.0,6,6,0,0.0,22,22,0,0.0,48,48,0,0.0,67,67,0,0.0,7,7,0,0.0,10,10,0,0.0,0,0,0,,0,0,0,,143,143,0,0.0,61,61,0,0.0,0,0,0,
public_v1,O2,p01766,final_tail_opt_4_plus_custom_cleanup,bundle_residual_strip,final_clean,False,2,2,0,0.0,22,22,0,0.0,290,290,0,0.0,11,11,0,0.0,13,13,0,0.0,13,13,0,0.0,0,0,0,,9,9,0,0.0,6,6,0,0.0,22,22,0,0.0,48,48,0,0.0,67,67,0,0.0,7,7,0,0.0,10,10,0,0.0,0,0,0,,0,0,0,,143,143,0,0.0,61,61,0,0.0,0,0,0,
public_v1,O2,p01970,main_combined_custom_plus_opt_1_2,raw_lift,brightened_main,False,27,2,-25,-0.9259259259259259,199,68,-131,-0.6582914572864321,3585,294,-3291,-0.9179916317991632,82,4,-78,-0.9512195121951219,46,6,-40,-0.8695652173913043,41,6,-35,-0.8536585365853658,5,0,-5,-1.0,13,0,-13,-1.0,0,0,0,,185,19,-166,-0.8972972972972973,496,13,-483,-0.9737903225806451,34,23,-11,-0.3235294117647059,5,27,22,4.4,42,13,-29,-0.6904761904761905,0,2,2,,3,0,-3,-1.0,715,55,-660,-0.9230769230769231,1433,93,-1340,-0.9351011863224006,0,0,0,
public_v1,O2,p01970,bundle_exact_pointer_passes,bundle_verified_input,bundle_pointer_opt,False,2,2,0,0.0,68,68,0,0.0,294,294,0,0.0,4,4,0,0.0,6,6,0,0.0,6,6,0,0.0,0,0,0,,0,0,0,,0,0,0,,19,19,0,0.0,13,13,0,0.0,23,23,0,0.0,27,27,0,0.0,13,13,0,0.0,2,2,0,0.0,0,0,0,,55,55,0,0.0,93,93,0,0.0,0,0,0,
public_v1,O2,p01970,llvm_default_opt_boundary_3,bundle_pointer_opt,bundle_standard_opt_3,True,2,2,0,0.0,68,68,0,0.0,294,294,0,0.0,4,4,0,0.0,6,6,0,0.0,6,6,0,0.0,0,0,0,,0,0,0,,0,0,0,,19,19,0,0.0,13,13,0,0.0,23,23,0,0.0,27,27,0,0.0,13,13,0,0.0,2,2,0,0.0,0,0,0,,55,55,0,0.0,93,93,0,0.0,0,0,0,
public_v1,O2,p01970,custom_storage_delift,bundle_standard_opt_3,bundle_storage_delift,False,2,2,0,0.0,68,68,0,0.0,294,294,0,0.0,4,4,0,0.0,6,6,0,0.0,6,6,0,0.0,0,0,0,,0,0,0,,0,0,0,,19,19,0,0.0,13,13,0,0.0,23,23,0,0.0,27,27,0,0.0,13,13,0,0.0,2,2,0,0.0,0,0,0,,55,55,0,0.0,93,93,0,0.0,0,0,0,
public_v1,O2,p01970,custom_residual_strip,bundle_storage_delift,bundle_residual_strip,False,2,2,0,0.0,68,68,0,0.0,294,294,0,0.0,4,4,0,0.0,6,6,0,0.0,6,6,0,0.0,0,0,0,,0,0,0,,0,0,0,,19,19,0,0.0,13,13,0,0.0,23,23,0,0.0,27,27,0,0.0,13,13,0,0.0,2,2,0,0.0,0,0,0,,55,55,0,0.0,93,93,0,0.0,0,0,0,
public_v1,O2,p01970,final_tail_opt_4_plus_custom_cleanup,bundle_residual_strip,final_clean,False,2,2,0,0.0,68,68,0,0.0,294,294,0,0.0,4,4,0,0.0,6,6,0,0.0,6,6,0,0.0,0,0,0,,0,0,0,,0,0,0,,19,19,0,0.0,13,13,0,0.0,23,23,0,0.0,27,27,0,0.0,13,13,0,0.0,2,2,0,0.0,0,0,0,,55,55,0,0.0,93,93,0,0.0,0,0,0,
public_v1,O2,p02029,main_combined_custom_plus_opt_1_2,raw_lift,brightened_main,False,30,7,-23,-0.7666666666666667,295,133,-162,-0.5491525423728814,5775,1561,-4214,-0.7296969696969697,126,8,-118,-0.9365079365079365,75,89,14,0.18666666666666668,70,89,19,0.2714285714285714,5,0,-5,-1.0,25,0,-25,-1.0,0,1,1,,415,228,-187,-0.4506024096385542,860,256,-604,-0.7023255813953488,58,148,90,1.5517241379310345,7,46,39,5.571428571428571,64,26,-38,-0.59375,0,3,3,,3,0,-3,-1.0,1333,633,-700,-0.5251312828207052,2263,322,-1941,-0.8577110030932391,0,0,0,
public_v1,O2,p02029,bundle_exact_pointer_passes,bundle_verified_input,bundle_pointer_opt,False,7,7,0,0.0,133,129,-4,-0.03007518796992481,1561,1528,-33,-0.02114029468289558,8,8,0,0.0,89,89,0,0.0,89,89,0,0.0,0,0,0,,0,0,0,,1,1,0,0.0,228,226,-2,-0.008771929824561403,256,256,0,0.0,148,150,2,0.013513513513513514,46,46,0,0.0,26,26,0,0.0,3,3,0,0.0,0,0,0,,633,633,0,0.0,322,318,-4,-0.012422360248447204,0,0,0,
public_v1,O2,p02029,llvm_default_opt_boundary_3,bundle_pointer_opt,bundle_standard_opt_3,True,7,7,0,0.0,129,130,1,0.007751937984496124,1528,1374,-154,-0.10078534031413612,8,9,1,0.125,89,92,3,0.033707865168539325,89,92,3,0.033707865168539325,0,0,0,,0,0,0,,1,1,0,0.0,226,217,-9,-0.03982300884955752,256,245,-11,-0.04296875,150,139,-11,-0.07333333333333333,46,47,1,0.021739130434782608,26,26,0,0.0,3,3,0,0.0,0,0,0,,633,602,-31,-0.04897314375987362,318,266,-52,-0.16352201257861634,0,0,0,
public_v1,O2,p02029,custom_storage_delift,bundle_standard_opt_3,bundle_storage_delift,False,7,7,0,0.0,130,130,0,0.0,1374,1374,0,0.0,9,9,0,0.0,92,92,0,0.0,92,92,0,0.0,0,0,0,,0,0,0,,1,1,0,0.0,217,217,0,0.0,245,245,0,0.0,139,139,0,0.0,47,47,0,0.0,26,26,0,0.0,3,3,0,0.0,0,0,0,,602,602,0,0.0,266,266,0,0.0,0,0,0,
public_v1,O2,p02029,custom_residual_strip,bundle_storage_delift,bundle_residual_strip,False,7,7,0,0.0,130,130,0,0.0,1374,1374,0,0.0,9,9,0,0.0,92,92,0,0.0,92,92,0,0.0,0,0,0,,0,0,0,,1,1,0,0.0,217,217,0,0.0,245,245,0,0.0,139,139,0,0.0,47,47,0,0.0,26,26,0,0.0,3,3,0,0.0,0,0,0,,602,602,0,0.0,266,266,0,0.0,0,0,0,
public_v1,O2,p02029,final_tail_opt_4_plus_custom_cleanup,bundle_residual_strip,final_clean,False,7,7,0,0.0,130,130,0,0.0,1374,1355,-19,-0.013828238719068414,9,9,0,0.0,92,92,0,0.0,92,92,0,0.0,0,0,0,,0,0,0,,1,1,0,0.0,217,217,0,0.0,245,245,0,0.0,139,120,-19,-0.1366906474820144,47,47,0,0.0,26,26,0,0.0,3,3,0,0.0,0,0,0,,602,583,-19,-0.03156146179401993,266,266,0,0.0,0,0,0,
public_v1,O2,p02100,main_combined_custom_plus_opt_1_2,raw_lift,brightened_main,False,27,4,-23,-0.8518518518518519,147,43,-104,-0.7074829931972789,2215,391,-1824,-0.8234762979683973,56,10,-46,-0.8214285714285714,43,21,-22,-0.5116279069767442,38,21,-17,-0.4473684210526316,5,0,-5,-1.0,12,0,-12,-1.0,0,1,1,,151,42,-109,-0.7218543046357616,372,79,-293,-0.7876344086021505,13,54,41,3.1538461538461537,3,20,17,5.666666666666667,25,18,-7,-0.28,0,1,1,,3,0,-3,-1.0,536,176,-360,-0.6716417910447762,818,88,-730,-0.8924205378973105,0,0,0,
public_v1,O2,p02100,bundle_exact_pointer_passes,bundle_verified_input,bundle_pointer_opt,False,4,4,0,0.0,43,42,-1,-0.023255813953488372,391,388,-3,-0.0076726342710997444,10,10,0,0.0,21,21,0,0.0,21,21,0,0.0,0,0,0,,0,0,0,,1,1,0,0.0,42,42,0,0.0,79,79,0,0.0,54,57,3,0.05555555555555555,20,20,0,0.0,18,18,0,0.0,1,1,0,0.0,0,0,0,,176,179,3,0.017045454545454544,88,88,0,0.0,0,0,0,
public_v1,O2,p02100,llvm_default_opt_boundary_3,bundle_pointer_opt,bundle_standard_opt_3,True,4,3,-1,-0.25,42,41,-1,-0.023809523809523808,388,359,-29,-0.07474226804123711,10,10,0,0.0,21,19,-2,-0.09523809523809523,21,19,-2,-0.09523809523809523,0,0,0,,0,0,0,,1,1,0,0.0,42,39,-3,-0.07142857142857142,79,77,-2,-0.02531645569620253,57,52,-5,-0.08771929824561403,20,14,-6,-0.3,18,20,2,0.1111111111111111,1,1,0,0.0,0,0,0,,179,169,-10,-0.055865921787709494,88,81,-7,-0.07954545454545454,0,0,0,
public_v1,O2,p02100,custom_storage_delift,bundle_standard_opt_3,bundle_storage_delift,False,3,3,0,0.0,41,41,0,0.0,359,359,0,0.0,10,10,0,0.0,19,19,0,0.0,19,19,0,0.0,0,0,0,,0,0,0,,1,1,0,0.0,39,39,0,0.0,77,77,0,0.0,52,52,0,0.0,14,14,0,0.0,20,20,0,0.0,1,1,0,0.0,0,0,0,,169,169,0,0.0,81,81,0,0.0,0,0,0,
public_v1,O2,p02100,custom_residual_strip,bundle_storage_delift,bundle_residual_strip,False,3,3,0,0.0,41,41,0,0.0,359,359,0,0.0,10,10,0,0.0,19,19,0,0.0,19,19,0,0.0,0,0,0,,0,0,0,,1,1,0,0.0,39,39,0,0.0,77,77,0,0.0,52,52,0,0.0,14,14,0,0.0,20,20,0,0.0,1,1,0,0.0,0,0,0,,169,169,0,0.0,81,81,0,0.0,0,0,0,
public_v1,O2,p02100,final_tail_opt_4_plus_custom_cleanup,bundle_residual_strip,final_clean,False,3,4,1,0.3333333333333333,41,43,2,0.04878048780487805,359,309,-50,-0.1392757660167131,10,10,0,0.0,19,15,-4,-0.21052631578947367,19,15,-4,-0.21052631578947367,0,0,0,,0,0,0,,1,1,0,0.0,39,28,-11,-0.28205128205128205,77,72,-5,-0.06493506493506493,52,42,-10,-0.19230769230769232,14,13,-1,-0.07142857142857142,20,14,-6,-0.3,1,1,0,0.0,0,0,0,,169,143,-26,-0.15384615384615385,81,66,-15,-0.18518518518518517,0,0,0,
public_v1,O2,p02289,main_combined_custom_plus_opt_1_2,raw_lift,brightened_main,False,34,7,-27,-0.7941176470588235,460,220,-240,-0.5217391304347826,8947,1925,-7022,-0.7848440818151335,205,9,-196,-0.9560975609756097,102,138,36,0.35294117647058826,97,138,41,0.422680412371134,5,0,-5,-1.0,43,0,-43,-1.0,0,2,2,,563,285,-278,-0.4937833037300178,1306,310,-996,-0.7626339969372129,19,152,133,7.0,11,75,64,5.818181818181818,102,34,-68,-0.6666666666666666,0,7,7,,5,0,-5,-1.0,1888,749,-1139,-0.6032838983050848,3625,349,-3276,-0.9037241379310345,0,0,0,
public_v1,O2,p02289,bundle_exact_pointer_passes,bundle_verified_input,bundle_pointer_opt,False,7,7,0,0.0,220,216,-4,-0.01818181818181818,1925,1888,-37,-0.01922077922077922,9,9,0,0.0,138,138,0,0.0,138,138,0,0.0,0,0,0,,0,0,0,,2,2,0,0.0,285,284,-1,-0.0035087719298245615,310,310,0,0.0,152,148,-4,-0.02631578947368421,75,75,0,0.0,34,34,0,0.0,7,7,0,0.0,0,0,0,,749,744,-5,-0.006675567423230975,349,346,-3,-0.008595988538681949,0,0,0,
public_v1,O2,p02289,llvm_default_opt_boundary_3,bundle_pointer_opt,bundle_standard_opt_3,True,7,6,-1,-0.14285714285714285,216,217,1,0.004629629629629629,1888,1766,-122,-0.0646186440677966,9,13,4,0.4444444444444444,138,137,-1,-0.007246376811594203,138,137,-1,-0.007246376811594203,0,0,0,,0,0,0,,2,2,0,0.0,284,282,-2,-0.007042253521126761,310,317,7,0.02258064516129032,148,153,5,0.033783783783783786,75,72,-3,-0.04,34,34,0,0.0,7,7,0,0.0,0,0,0,,744,754,10,0.013440860215053764,346,300,-46,-0.1329479768786127,0,0,0,
public_v1,O2,p02289,custom_storage_delift,bundle_standard_opt_3,bundle_storage_delift,False,6,6,0,0.0,217,217,0,0.0,1766,1766,0,0.0,13,13,0,0.0,137,137,0,0.0,137,137,0,0.0,0,0,0,,0,0,0,,2,2,0,0.0,282,282,0,0.0,317,317,0,0.0,153,153,0,0.0,72,72,0,0.0,34,34,0,0.0,7,7,0,0.0,0,0,0,,754,754,0,0.0,300,300,0,0.0,0,0,0,
public_v1,O2,p02289,custom_residual_strip,bundle_storage_delift,bundle_residual_strip,False,6,6,0,0.0,217,217,0,0.0,1766,1766,0,0.0,13,13,0,0.0,137,137,0,0.0,137,137,0,0.0,0,0,0,,0,0,0,,2,2,0,0.0,282,282,0,0.0,317,317,0,0.0,153,153,0,0.0,72,72,0,0.0,34,34,0,0.0,7,7,0,0.0,0,0,0,,754,754,0,0.0,300,300,0,0.0,0,0,0,
public_v1,O2,p02289,final_tail_opt_4_plus_custom_cleanup,bundle_residual_strip,final_clean,False,6,6,0,0.0,217,217,0,0.0,1766,1611,-155,-0.08776896942242356,13,13,0,0.0,137,136,-1,-0.0072992700729927005,137,136,-1,-0.0072992700729927005,0,0,0,,0,0,0,,2,2,0,0.0,282,268,-14,-0.04964539007092199,317,317,0,0.0,153,130,-23,-0.1503267973856209,72,75,3,0.041666666666666664,34,34,0,0.0,7,7,0,0.0,0,0,0,,754,717,-37,-0.04907161803713528,300,274,-26,-0.08666666666666667,0,0,0,
public_v1,O2,p02474,main_combined_custom_plus_opt_1_2,raw_lift,brightened_main,False,26,2,-24,-0.9230769230769231,184,22,-162,-0.8804347826086957,3373,142,-3231,-0.9579009783575452,79,12,-67,-0.8481012658227848,53,6,-47,-0.8867924528301887,48,6,-42,-0.875,5,0,-5,-1.0,16,0,-16,-1.0,0,0,0,,167,13,-154,-0.9221556886227545,488,5,-483,-0.9897540983606558,27,15,-12,-0.4444444444444444,3,12,9,3.0,36,3,-33,-0.9166666666666666,0,0,0,,7,0,-7,-1.0,682,33,-649,-0.9516129032258065,1329,45,-1284,-0.9661399548532731,0,0,0,
public_v1,O2,p02474,bundle_exact_pointer_passes,bundle_verified_input,bundle_pointer_opt,False,2,2,0,0.0,22,22,0,0.0,142,142,0,0.0,12,12,0,0.0,6,6,0,0.0,6,6,0,0.0,0,0,0,,0,0,0,,0,0,0,,13,13,0,0.0,5,5,0,0.0,15,15,0,0.0,12,12,0,0.0,3,3,0,0.0,0,0,0,,0,0,0,,33,33,0,0.0,45,45,0,0.0,0,0,0,
public_v1,O2,p02474,llvm_default_opt_boundary_3,bundle_pointer_opt,bundle_standard_opt_3,True,2,2,0,0.0,22,22,0,0.0,142,141,-1,-0.007042253521126761,12,12,0,0.0,6,6,0,0.0,6,6,0,0.0,0,0,0,,0,0,0,,0,0,0,,13,13,0,0.0,5,5,0,0.0,15,15,0,0.0,12,12,0,0.0,3,3,0,0.0,0,0,0,,0,0,0,,33,33,0,0.0,45,44,-1,-0.022222222222222223,0,0,0,
public_v1,O2,p02474,custom_storage_delift,bundle_standard_opt_3,bundle_storage_delift,False,2,2,0,0.0,22,22,0,0.0,141,141,0,0.0,12,12,0,0.0,6,6,0,0.0,6,6,0,0.0,0,0,0,,0,0,0,,0,0,0,,13,13,0,0.0,5,5,0,0.0,15,15,0,0.0,12,12,0,0.0,3,3,0,0.0,0,0,0,,0,0,0,,33,33,0,0.0,44,44,0,0.0,0,0,0,
public_v1,O2,p02474,custom_residual_strip,bundle_storage_delift,bundle_residual_strip,False,2,2,0,0.0,22,22,0,0.0,141,141,0,0.0,12,12,0,0.0,6,6,0,0.0,6,6,0,0.0,0,0,0,,0,0,0,,0,0,0,,13,13,0,0.0,5,5,0,0.0,15,15,0,0.0,12,12,0,0.0,3,3,0,0.0,0,0,0,,0,0,0,,33,33,0,0.0,44,44,0,0.0,0,0,0,
public_v1,O2,p02474,final_tail_opt_4_plus_custom_cleanup,bundle_residual_strip,final_clean,False,2,2,0,0.0,22,22,0,0.0,141,141,0,0.0,12,12,0,0.0,6,6,0,0.0,6,6,0,0.0,0,0,0,,0,0,0,,0,0,0,,13,13,0,0.0,5,5,0,0.0,15,15,0,0.0,12,12,0,0.0,3,3,0,0.0,0,0,0,,0,0,0,,33,33,0,0.0,44,44,0,0.0,0,0,0,
public_v1,O2,p02477,main_combined_custom_plus_opt_1_2,raw_lift,brightened_main,False,33,5,-28,-0.8484848484848485,1103,132,-971,-0.8803263825929284,20673,1421,-19252,-0.9312630000483723,548,10,-538,-0.9817518248175182,124,49,-75,-0.6048387096774194,119,49,-70,-0.5882352941176471,5,0,-5,-1.0,48,0,-48,-1.0,0,1,1,,1227,186,-1041,-0.8484107579462102,2722,197,-2525,-0.9276267450404114,15,79,64,4.266666666666667,5,47,42,8.4,258,23,-235,-0.9108527131782945,0,3,3,,39,0,-39,-1.0,3964,463,-3501,-0.8831987891019173,8530,319,-8211,-0.9626025791324736,0,0,0,
public_v1,O2,p02477,bundle_exact_pointer_passes,bundle_verified_input,bundle_pointer_opt,False,5,5,0,0.0,132,130,-2,-0.015151515151515152,1421,1395,-26,-0.018296973961998593,10,10,0,0.0,49,49,0,0.0,49,49,0,0.0,0,0,0,,0,0,0,,1,1,0,0.0,186,186,0,0.0,197,197,0,0.0,79,79,0,0.0,47,46,-1,-0.02127659574468085,23,23,0,0.0,3,3,0,0.0,0,0,0,,463,463,0,0.0,319,316,-3,-0.009404388714733543,0,0,0,
public_v1,O2,p02477,llvm_default_opt_boundary_3,bundle_pointer_opt,bundle_standard_opt_3,True,5,5,0,0.0,130,129,-1,-0.007692307692307693,1395,1367,-28,-0.02007168458781362,10,11,1,0.1,49,47,-2,-0.04081632653061224,49,47,-2,-0.04081632653061224,0,0,0,,0,0,0,,1,1,0,0.0,186,184,-2,-0.010752688172043012,197,199,2,0.01015228426395939,79,69,-10,-0.12658227848101267,46,49,3,0.06521739130434782,23,22,-1,-0.043478260869565216,3,3,0,0.0,0,0,0,,463,453,-10,-0.02159827213822894,316,311,-5,-0.015822784810126583,0,0,0,
public_v1,O2,p02477,custom_storage_delift,bundle_standard_opt_3,bundle_storage_delift,False,5,5,0,0.0,129,129,0,0.0,1367,1367,0,0.0,11,11,0,0.0,47,47,0,0.0,47,47,0,0.0,0,0,0,,0,0,0,,1,1,0,0.0,184,184,0,0.0,199,199,0,0.0,69,69,0,0.0,49,49,0,0.0,22,22,0,0.0,3,3,0,0.0,0,0,0,,453,453,0,0.0,311,311,0,0.0,0,0,0,
public_v1,O2,p02477,custom_residual_strip,bundle_storage_delift,bundle_residual_strip,False,5,5,0,0.0,129,129,0,0.0,1367,1367,0,0.0,11,11,0,0.0,47,47,0,0.0,47,47,0,0.0,0,0,0,,0,0,0,,1,1,0,0.0,184,184,0,0.0,199,199,0,0.0,69,69,0,0.0,49,49,0,0.0,22,22,0,0.0,3,3,0,0.0,0,0,0,,453,453,0,0.0,311,311,0,0.0,0,0,0,
public_v1,O2,p02477,final_tail_opt_4_plus_custom_cleanup,bundle_residual_strip,final_clean,False,5,5,0,0.0,129,129,0,0.0,1367,1361,-6,-0.0043891733723482075,11,11,0,0.0,47,47,0,0.0,47,47,0,0.0,0,0,0,,0,0,0,,1,1,0,0.0,184,183,-1,-0.005434782608695652,199,199,0,0.0,69,64,-5,-0.07246376811594203,49,49,0,0.0,22,22,0,0.0,3,3,0,0.0,0,0,0,,453,447,-6,-0.013245033112582781,311,311,0,0.0,0,0,0,
public_v1,O2,p02788,main_combined_custom_plus_opt_1_2,raw_lift,brightened_main,False,31,7,-24,-0.7741935483870968,315,155,-160,-0.5079365079365079,7265,2267,-4998,-0.6879559532002752,136,29,-107,-0.7867647058823529,101,95,-6,-0.0594059405940594,96,95,-1,-0.010416666666666666,5,0,-5,-1.0,37,0,-37,-1.0,0,1,1,,564,343,-221,-0.39184397163120566,1143,285,-858,-0.7506561679790026,50,269,219,4.38,11,90,79,7.181818181818182,66,25,-41,-0.6212121212121212,0,5,5,,7,4,-3,-0.42857142857142855,1757,898,-859,-0.4889015367103017,2704,467,-2237,-0.827292899408284,0,0,0,
public_v1,O2,p02788,bundle_exact_pointer_passes,bundle_verified_input,bundle_pointer_opt,False,7,7,0,0.0,155,129,-26,-0.16774193548387098,2267,1957,-310,-0.13674459638288486,29,26,-3,-0.10344827586206896,95,91,-4,-0.042105263157894736,95,91,-4,-0.042105263157894736,0,0,0,,0,0,0,,1,1,0,0.0,343,297,-46,-0.13411078717201166,285,258,-27,-0.09473684210526316,269,236,-33,-0.12267657992565056,90,58,-32,-0.35555555555555557,25,24,-1,-0.04,5,3,-2,-0.4,4,4,0,0.0,898,792,-106,-0.11804008908685969,467,397,-70,-0.14989293361884368,0,0,0,
public_v1,O2,p02788,llvm_default_opt_boundary_3,bundle_pointer_opt,bundle_standard_opt_3,True,7,7,0,0.0,129,128,-1,-0.007751937984496124,1957,1796,-161,-0.08226877874297393,26,25,-1,-0.038461538461538464,91,91,0,0.0,91,91,0,0.0,0,0,0,,0,0,0,,1,1,0,0.0,297,275,-22,-0.07407407407407407,258,221,-37,-0.1434108527131783,236,192,-44,-0.1864406779661017,58,63,5,0.08620689655172414,24,24,0,0.0,3,3,0,0.0,4,4,0,0.0,792,689,-103,-0.13005050505050506,397,373,-24,-0.060453400503778336,0,0,0,
public_v1,O2,p02788,custom_storage_delift,bundle_standard_opt_3,bundle_storage_delift,False,7,7,0,0.0,128,128,0,0.0,1796,1796,0,0.0,25,25,0,0.0,91,91,0,0.0,91,91,0,0.0,0,0,0,,0,0,0,,1,1,0,0.0,275,275,0,0.0,221,221,0,0.0,192,192,0,0.0,63,63,0,0.0,24,24,0,0.0,3,3,0,0.0,4,4,0,0.0,689,689,0,0.0,373,373,0,0.0,0,0,0,
public_v1,O2,p02788,custom_residual_strip,bundle_storage_delift,bundle_residual_strip,False,7,7,0,0.0,128,128,0,0.0,1796,1796,0,0.0,25,25,0,0.0,91,91,0,0.0,91,91,0,0.0,0,0,0,,0,0,0,,1,1,0,0.0,275,275,0,0.0,221,221,0,0.0,192,192,0,0.0,63,63,0,0.0,24,24,0,0.0,3,3,0,0.0,4,4,0,0.0,689,689,0,0.0,373,373,0,0.0,0,0,0,
public_v1,O2,p02788,final_tail_opt_4_plus_custom_cleanup,bundle_residual_strip,final_clean,False,7,7,0,0.0,128,128,0,0.0,1796,1786,-10,-0.005567928730512249,25,25,0,0.0,91,91,0,0.0,91,91,0,0.0,0,0,0,,0,0,0,,1,1,0,0.0,275,275,0,0.0,221,221,0,0.0,192,182,-10,-0.052083333333333336,63,63,0,0.0,24,24,0,0.0,3,3,0,0.0,4,4,0,0.0,689,679,-10,-0.01451378809869376,373,373,0,0.0,0,0,0,
public_v1,O2,p02814,main_combined_custom_plus_opt_1_2,raw_lift,brightened_main,False,36,8,-28,-0.7777777777777778,210,84,-126,-0.6,4450,1113,-3337,-0.7498876404494382,96,26,-70,-0.7291666666666666,103,106,3,0.02912621359223301,97,106,9,0.09278350515463918,6,0,-6,-1.0,30,13,-17,-0.5666666666666667,0,7,7,,331,138,-193,-0.5830815709969789,791,224,-567,-0.7168141592920354,41,178,137,3.341463414634146,9,28,19,2.111111111111111,33,23,-10,-0.30303030303030304,0,1,1,,26,16,-10,-0.38461538461538464,1163,547,-616,-0.529664660361135,1569,198,-1371,-0.8738049713193117,0,0,0,
public_v1,O2,p02814,bundle_exact_pointer_passes,bundle_verified_input,bundle_pointer_opt,False,8,8,0,0.0,84,82,-2,-0.023809523809523808,1113,1083,-30,-0.026954177897574125,26,26,0,0.0,106,106,0,0.0,106,106,0,0.0,0,0,0,,13,13,0,0.0,7,7,0,0.0,138,133,-5,-0.036231884057971016,224,224,0,0.0,178,174,-4,-0.02247191011235955,28,28,0,0.0,23,23,0,0.0,1,1,0,0.0,16,16,0,0.0,547,538,-9,-0.016453382084095063,198,197,-1,-0.005050505050505051,0,0,0,
public_v1,O2,p02814,llvm_default_opt_boundary_3,bundle_pointer_opt,bundle_standard_opt_3,True,8,8,0,0.0,82,81,-1,-0.012195121951219513,1083,996,-87,-0.08033240997229917,26,26,0,0.0,106,107,1,0.009433962264150943,106,107,1,0.009433962264150943,0,0,0,,13,13,0,0.0,7,7,0,0.0,133,128,-5,-0.03759398496240601,224,183,-41,-0.18303571428571427,174,148,-26,-0.14942528735632185,28,30,2,0.07142857142857142,23,21,-2,-0.08695652173913043,1,1,0,0.0,16,16,0,0.0,538,466,-72,-0.13382899628252787,197,194,-3,-0.015228426395939087,0,0,0,
public_v1,O2,p02814,custom_storage_delift,bundle_standard_opt_3,bundle_storage_delift,False,8,8,0,0.0,81,81,0,0.0,996,996,0,0.0,26,26,0,0.0,107,107,0,0.0,107,107,0,0.0,0,0,0,,13,13,0,0.0,7,7,0,0.0,128,128,0,0.0,183,183,0,0.0,148,148,0,0.0,30,30,0,0.0,21,21,0,0.0,1,1,0,0.0,16,16,0,0.0,466,466,0,0.0,194,194,0,0.0,0,0,0,
public_v1,O2,p02814,custom_residual_strip,bundle_storage_delift,bundle_residual_strip,False,8,8,0,0.0,81,81,0,0.0,996,996,0,0.0,26,26,0,0.0,107,107,0,0.0,107,107,0,0.0,0,0,0,,13,13,0,0.0,7,7,0,0.0,128,128,0,0.0,183,183,0,0.0,148,148,0,0.0,30,30,0,0.0,21,21,0,0.0,1,1,0,0.0,16,16,0,0.0,466,466,0,0.0,194,194,0,0.0,0,0,0,
public_v1,O2,p02814,final_tail_opt_4_plus_custom_cleanup,bundle_residual_strip,final_clean,False,8,8,0,0.0,81,81,0,0.0,996,991,-5,-0.0050200803212851405,26,26,0,0.0,107,102,-5,-0.04672897196261682,107,102,-5,-0.04672897196261682,0,0,0,,13,13,0,0.0,7,7,0,0.0,128,125,-3,-0.0234375,183,183,0,0.0,148,150,2,0.013513513513513514,30,30,0,0.0,21,21,0,0.0,1,1,0,0.0,16,16,0,0.0,466,465,-1,-0.002145922746781116,194,193,-1,-0.005154639175257732,0,0,0,
public_v1,O2,p02950,main_combined_custom_plus_opt_1_2,raw_lift,brightened_main,False,25,4,-21,-0.84,263,104,-159,-0.6045627376425855,5340,785,-4555,-0.852996254681648,137,28,-109,-0.7956204379562044,96,46,-50,-0.5208333333333334,91,46,-45,-0.4945054945054945,5,0,-5,-1.0,30,0,-30,-1.0,0,1,1,,284,108,-176,-0.6197183098591549,833,91,-742,-0.8907563025210085,16,69,53,3.3125,3,7,4,1.3333333333333333,52,17,-35,-0.6730769230769231,0,1,1,,31,24,-7,-0.22580645161290322,1133,269,-864,-0.7625772285966461,2070,172,-1898,-0.9169082125603865,0,0,0,
public_v1,O2,p02950,bundle_exact_pointer_passes,bundle_verified_input,bundle_pointer_opt,False,4,4,0,0.0,104,103,-1,-0.009615384615384616,785,780,-5,-0.006369426751592357,28,28,0,0.0,46,46,0,0.0,46,46,0,0.0,0,0,0,,0,0,0,,1,1,0,0.0,108,108,0,0.0,91,91,0,0.0,69,71,2,0.028985507246376812,7,7,0,0.0,17,17,0,0.0,1,1,0,0.0,24,24,0,0.0,269,271,2,0.007434944237918215,172,172,0,0.0,0,0,0,
public_v1,O2,p02950,llvm_default_opt_boundary_3,bundle_pointer_opt,bundle_standard_opt_3,True,4,4,0,0.0,103,102,-1,-0.009708737864077669,780,728,-52,-0.06666666666666667,28,29,1,0.03571428571428571,46,47,1,0.021739130434782608,46,47,1,0.021739130434782608,0,0,0,,0,0,0,,1,1,0,0.0,108,108,0,0.0,91,96,5,0.054945054945054944,71,56,-15,-0.2112676056338028,7,4,-3,-0.42857142857142855,17,18,1,0.058823529411764705,1,1,0,0.0,24,24,0,0.0,271,261,-10,-0.03690036900369004,172,157,-15,-0.0872093023255814,0,0,0,
public_v1,O2,p02950,custom_storage_delift,bundle_standard_opt_3,bundle_storage_delift,False,4,4,0,0.0,102,102,0,0.0,728,728,0,0.0,29,29,0,0.0,47,47,0,0.0,47,47,0,0.0,0,0,0,,0,0,0,,1,1,0,0.0,108,108,0,0.0,96,96,0,0.0,56,56,0,0.0,4,4,0,0.0,18,18,0,0.0,1,1,0,0.0,24,24,0,0.0,261,261,0,0.0,157,157,0,0.0,0,0,0,
public_v1,O2,p02950,custom_residual_strip,bundle_storage_delift,bundle_residual_strip,False,4,4,0,0.0,102,102,0,0.0,728,728,0,0.0,29,29,0,0.0,47,47,0,0.0,47,47,0,0.0,0,0,0,,0,0,0,,1,1,0,0.0,108,108,0,0.0,96,96,0,0.0,56,56,0,0.0,4,4,0,0.0,18,18,0,0.0,1,1,0,0.0,24,24,0,0.0,261,261,0,0.0,157,157,0,0.0,0,0,0,
public_v1,O2,p02950,final_tail_opt_4_plus_custom_cleanup,bundle_residual_strip,final_clean,False,4,4,0,0.0,102,102,0,0.0,728,722,-6,-0.008241758241758242,29,29,0,0.0,47,47,0,0.0,47,47,0,0.0,0,0,0,,0,0,0,,1,1,0,0.0,108,108,0,0.0,96,96,0,0.0,56,50,-6,-0.10714285714285714,4,4,0,0.0,18,18,0,0.0,1,1,0,0.0,24,24,0,0.0,261,255,-6,-0.022988505747126436,157,157,0,0.0,0,0,0,
public_v1,O2,p03006,main_combined_custom_plus_opt_1_2,raw_lift,brightened_main,False,85,3,-82,-0.9647058823529412,1071,91,-980,-0.9150326797385621,22007,704,-21303,-0.9680101785795429,520,7,-513,-0.9865384615384616,267,10,-257,-0.9625468164794008,258,10,-248,-0.9612403100775194,9,0,-9,-1.0,118,1,-117,-0.9915254237288136,0,2,2,,1598,81,-1517,-0.9493116395494368,3506,102,-3404,-0.970907016543069,107,127,20,0.18691588785046728,23,12,-11,-0.4782608695652174,201,48,-153,-0.7611940298507462,0,4,4,,76,0,-76,-1.0,5211,312,-4899,-0.9401266551525619,8246,140,-8106,-0.9830220713073005,6,0,-6,-1.0
public_v1,O2,p03006,bundle_exact_pointer_passes,bundle_verified_input,bundle_pointer_opt,False,3,3,0,0.0,91,90,-1,-0.01098901098901099,704,691,-13,-0.018465909090909092,7,7,0,0.0,10,10,0,0.0,10,10,0,0.0,0,0,0,,1,1,0,0.0,2,2,0,0.0,81,81,0,0.0,102,102,0,0.0,127,126,-1,-0.007874015748031496,12,11,-1,-0.08333333333333333,48,48,0,0.0,4,4,0,0.0,0,0,0,,312,311,-1,-0.003205128205128205,140,137,-3,-0.02142857142857143,0,0,0,
public_v1,O2,p03006,llvm_default_opt_boundary_3,bundle_pointer_opt,bundle_standard_opt_3,True,3,3,0,0.0,90,91,1,0.011111111111111112,691,617,-74,-0.10709117221418235,7,7,0,0.0,10,10,0,0.0,10,10,0,0.0,0,0,0,,1,1,0,0.0,2,2,0,0.0,81,80,-1,-0.012345679012345678,102,101,-1,-0.00980392156862745,126,112,-14,-0.1111111111111111,11,13,2,0.18181818181818182,48,36,-12,-0.25,4,4,0,0.0,0,0,0,,311,295,-16,-0.05144694533762058,137,108,-29,-0.2116788321167883,0,0,0,
public_v1,O2,p03006,custom_storage_delift,bundle_standard_opt_3,bundle_storage_delift,False,3,3,0,0.0,91,91,0,0.0,617,617,0,0.0,7,7,0,0.0,10,10,0,0.0,10,10,0,0.0,0,0,0,,1,1,0,0.0,2,2,0,0.0,80,80,0,0.0,101,101,0,0.0,112,112,0,0.0,13,13,0,0.0,36,36,0,0.0,4,4,0,0.0,0,0,0,,295,295,0,0.0,108,108,0,0.0,0,0,0,
public_v1,O2,p03006,custom_residual_strip,bundle_storage_delift,bundle_residual_strip,False,3,3,0,0.0,91,91,0,0.0,617,617,0,0.0,7,7,0,0.0,10,10,0,0.0,10,10,0,0.0,0,0,0,,1,1,0,0.0,2,2,0,0.0,80,80,0,0.0,101,101,0,0.0,112,112,0,0.0,13,13,0,0.0,36,36,0,0.0,4,4,0,0.0,0,0,0,,295,295,0,0.0,108,108,0,0.0,0,0,0,
public_v1,O2,p03006,final_tail_opt_4_plus_custom_cleanup,bundle_residual_strip,final_clean,False,3,3,0,0.0,91,91,0,0.0,617,613,-4,-0.006482982171799027,7,7,0,0.0,10,10,0,0.0,10,10,0,0.0,0,0,0,,1,1,0,0.0,2,2,0,0.0,80,80,0,0.0,101,101,0,0.0,112,108,-4,-0.03571428571428571,13,13,0,0.0,36,36,0,0.0,4,4,0,0.0,0,0,0,,295,291,-4,-0.013559322033898305,108,108,0,0.0,0,0,0,
public_v1,O2,p03111,main_combined_custom_plus_opt_1_2,raw_lift,brightened_main,False,84,5,-79,-0.9404761904761905,1115,68,-1047,-0.9390134529147982,23532,1374,-22158,-0.9416114227434982,513,10,-503,-0.9805068226120858,280,129,-151,-0.5392857142857143,269,129,-140,-0.5204460966542751,11,0,-11,-1.0,123,32,-91,-0.7398373983739838,0,17,17,,1736,157,-1579,-0.9095622119815668,3736,292,-3444,-0.9218415417558886,126,241,115,0.9126984126984127,37,24,-13,-0.35135135135135137,234,13,-221,-0.9444444444444444,0,1,1,,52,4,-48,-0.9230769230769231,5598,707,-4891,-0.8737048946052162,8813,176,-8637,-0.9800295018722343,0,0,0,
public_v1,O2,p03111,bundle_exact_pointer_passes,bundle_verified_input,bundle_pointer_opt,False,5,5,0,0.0,68,66,-2,-0.029411764705882353,1374,1348,-26,-0.018922852983988356,10,10,0,0.0,129,129,0,0.0,129,129,0,0.0,0,0,0,,32,32,0,0.0,17,17,0,0.0,157,157,0,0.0,292,292,0,0.0,241,239,-2,-0.008298755186721992,24,22,-2,-0.08333333333333333,13,13,0,0.0,1,1,0,0.0,4,4,0,0.0,707,705,-2,-0.002828854314002829,176,170,-6,-0.03409090909090909,0,0,0,
public_v1,O2,p03111,llvm_default_opt_boundary_3,bundle_pointer_opt,bundle_standard_opt_3,True,5,5,0,0.0,66,66,0,0.0,1348,1315,-33,-0.024480712166172106,10,10,0,0.0,129,129,0,0.0,129,129,0,0.0,0,0,0,,32,32,0,0.0,17,17,0,0.0,157,153,-4,-0.025477707006369428,292,286,-6,-0.02054794520547945,239,232,-7,-0.029288702928870293,22,24,2,0.09090909090909091,13,13,0,0.0,1,1,0,0.0,4,4,0,0.0,705,688,-17,-0.024113475177304965,170,166,-4,-0.023529411764705882,0,0,0,
public_v1,O2,p03111,custom_storage_delift,bundle_standard_opt_3,bundle_storage_delift,False,5,5,0,0.0,66,66,0,0.0,1315,1315,0,0.0,10,10,0,0.0,129,129,0,0.0,129,129,0,0.0,0,0,0,,32,32,0,0.0,17,17,0,0.0,153,153,0,0.0,286,286,0,0.0,232,232,0,0.0,24,24,0,0.0,13,13,0,0.0,1,1,0,0.0,4,4,0,0.0,688,688,0,0.0,166,166,0,0.0,0,0,0,
public_v1,O2,p03111,custom_residual_strip,bundle_storage_delift,bundle_residual_strip,False,5,5,0,0.0,66,66,0,0.0,1315,1315,0,0.0,10,10,0,0.0,129,129,0,0.0,129,129,0,0.0,0,0,0,,32,32,0,0.0,17,17,0,0.0,153,153,0,0.0,286,286,0,0.0,232,232,0,0.0,24,24,0,0.0,13,13,0,0.0,1,1,0,0.0,4,4,0,0.0,688,688,0,0.0,166,166,0,0.0,0,0,0,
public_v1,O2,p03111,final_tail_opt_4_plus_custom_cleanup,bundle_residual_strip,final_clean,False,5,5,0,0.0,66,66,0,0.0,1315,1311,-4,-0.003041825095057034,10,10,0,0.0,129,129,0,0.0,129,129,0,0.0,0,0,0,,32,32,0,0.0,17,17,0,0.0,153,153,0,0.0,286,286,0,0.0,232,228,-4,-0.017241379310344827,24,24,0,0.0,13,13,0,0.0,1,1,0,0.0,4,4,0,0.0,688,684,-4,-0.005813953488372093,166,166,0,0.0,0,0,0,
public_v1,O2,p03142,main_combined_custom_plus_opt_1_2,raw_lift,brightened_main,False,115,4,-111,-0.9652173913043478,2005,78,-1927,-0.9610972568578554,42222,1430,-40792,-0.9661314006915825,939,4,-935,-0.9957401490947817,454,112,-342,-0.7533039647577092,443,112,-331,-0.7471783295711061,11,0,-11,-1.0,207,24,-183,-0.8840579710144928,0,13,13,,3028,195,-2833,-0.9356010568031704,6529,264,-6265,-0.9595650176137234,225,206,-19,-0.08444444444444445,63,34,-29,-0.4603174603174603,442,13,-429,-0.9705882352941176,0,3,3,,83,0,-83,-1.0,9782,678,-9104,-0.9306890206501738,16123,249,-15874,-0.9845562240277864,0,0,0,
public_v1,O2,p03142,bundle_exact_pointer_passes,bundle_verified_input,bundle_pointer_opt,False,4,4,0,0.0,78,77,-1,-0.01282051282051282,1430,1423,-7,-0.0048951048951048955,4,4,0,0.0,112,112,0,0.0,112,112,0,0.0,0,0,0,,24,24,0,0.0,13,13,0,0.0,195,195,0,0.0,264,264,0,0.0,206,205,-1,-0.0048543689320388345,34,34,0,0.0,13,13,0,0.0,3,3,0,0.0,0,0,0,,678,677,-1,-0.0014749262536873156,249,247,-2,-0.008032128514056224,0,0,0,
public_v1,O2,p03142,llvm_default_opt_boundary_3,bundle_pointer_opt,bundle_standard_opt_3,True,4,4,0,0.0,77,76,-1,-0.012987012987012988,1423,1337,-86,-0.060435699226985246,4,4,0,0.0,112,112,0,0.0,112,112,0,0.0,0,0,0,,24,24,0,0.0,13,13,0,0.0,195,195,0,0.0,264,217,-47,-0.17803030303030304,205,193,-12,-0.05853658536585366,34,30,-4,-0.11764705882352941,13,13,0,0.0,3,3,0,0.0,0,0,0,,677,618,-59,-0.08714918759231906,247,241,-6,-0.024291497975708502,0,0,0,
public_v1,O2,p03142,custom_storage_delift,bundle_standard_opt_3,bundle_storage_delift,False,4,4,0,0.0,76,76,0,0.0,1337,1337,0,0.0,4,4,0,0.0,112,112,0,0.0,112,112,0,0.0,0,0,0,,24,24,0,0.0,13,13,0,0.0,195,195,0,0.0,217,217,0,0.0,193,193,0,0.0,30,30,0,0.0,13,13,0,0.0,3,3,0,0.0,0,0,0,,618,618,0,0.0,241,241,0,0.0,0,0,0,
public_v1,O2,p03142,custom_residual_strip,bundle_storage_delift,bundle_residual_strip,False,4,4,0,0.0,76,76,0,0.0,1337,1337,0,0.0,4,4,0,0.0,112,112,0,0.0,112,112,0,0.0,0,0,0,,24,24,0,0.0,13,13,0,0.0,195,195,0,0.0,217,217,0,0.0,193,193,0,0.0,30,30,0,0.0,13,13,0,0.0,3,3,0,0.0,0,0,0,,618,618,0,0.0,241,241,0,0.0,0,0,0,
public_v1,O2,p03142,final_tail_opt_4_plus_custom_cleanup,bundle_residual_strip,final_clean,False,4,4,0,0.0,76,75,-1,-0.013157894736842105,1337,1334,-3,-0.002243829468960359,4,4,0,0.0,112,112,0,0.0,112,112,0,0.0,0,0,0,,24,24,0,0.0,13,13,0,0.0,195,194,-1,-0.005128205128205128,217,217,0,0.0,193,192,-1,-0.0051813471502590676,30,30,0,0.0,13,13,0,0.0,3,3,0,0.0,0,0,0,,618,616,-2,-0.003236245954692557,241,241,0,0.0,0,0,0,
public_v1,O2,p03199,main_combined_custom_plus_opt_1_2,raw_lift,brightened_main,False,37,9,-28,-0.7567567567567568,470,202,-268,-0.5702127659574469,10466,1977,-8489,-0.8111026180011466,216,33,-183,-0.8472222222222222,107,68,-39,-0.3644859813084112,100,68,-32,-0.32,7,0,-7,-1.0,38,4,-34,-0.8947368421052632,0,11,11,,607,251,-356,-0.586490939044481,1445,463,-982,-0.6795847750865052,32,233,201,6.28125,7,62,55,7.857142857142857,108,40,-68,-0.6296296296296297,2,4,2,1.0,15,5,-10,-0.6666666666666666,2084,958,-1126,-0.5403071017274472,4251,368,-3883,-0.9134321336156198,0,0,0,
public_v1,O2,p03199,bundle_exact_pointer_passes,bundle_verified_input,bundle_pointer_opt,False,9,9,0,0.0,202,200,-2,-0.009900990099009901,1977,1953,-24,-0.012139605462822459,33,33,0,0.0,68,68,0,0.0,68,68,0,0.0,0,0,0,,4,4,0,0.0,11,11,0,0.0,251,247,-4,-0.01593625498007968,463,463,0,0.0,233,229,-4,-0.017167381974248927,62,61,-1,-0.016129032258064516,40,40,0,0.0,4,4,0,0.0,5,5,0,0.0,958,950,-8,-0.008350730688935281,368,363,-5,-0.01358695652173913,0,0,0,
public_v1,O2,p03199,llvm_default_opt_boundary_3,bundle_pointer_opt,bundle_standard_opt_3,True,9,9,0,0.0,200,200,0,0.0,1953,1831,-122,-0.06246799795186892,33,33,0,0.0,68,68,0,0.0,68,68,0,0.0,0,0,0,,4,4,0,0.0,11,11,0,0.0,247,238,-9,-0.03643724696356275,463,457,-6,-0.012958963282937365,229,214,-15,-0.06550218340611354,61,53,-8,-0.13114754098360656,40,40,0,0.0,4,4,0,0.0,5,5,0,0.0,950,920,-30,-0.031578947368421054,363,331,-32,-0.0881542699724518,0,0,0,
public_v1,O2,p03199,custom_storage_delift,bundle_standard_opt_3,bundle_storage_delift,False,9,9,0,0.0,200,200,0,0.0,1831,1831,0,0.0,33,33,0,0.0,68,68,0,0.0,68,68,0,0.0,0,0,0,,4,4,0,0.0,11,11,0,0.0,238,238,0,0.0,457,457,0,0.0,214,214,0,0.0,53,53,0,0.0,40,40,0,0.0,4,4,0,0.0,5,5,0,0.0,920,920,0,0.0,331,331,0,0.0,0,0,0,
public_v1,O2,p03199,custom_residual_strip,bundle_storage_delift,bundle_residual_strip,False,9,9,0,0.0,200,200,0,0.0,1831,1831,0,0.0,33,33,0,0.0,68,68,0,0.0,68,68,0,0.0,0,0,0,,4,4,0,0.0,11,11,0,0.0,238,238,0,0.0,457,457,0,0.0,214,214,0,0.0,53,53,0,0.0,40,40,0,0.0,4,4,0,0.0,5,5,0,0.0,920,920,0,0.0,331,331,0,0.0,0,0,0,
public_v1,O2,p03199,final_tail_opt_4_plus_custom_cleanup,bundle_residual_strip,final_clean,False,9,9,0,0.0,200,200,0,0.0,1831,1774,-57,-0.03113052976515565,33,33,0,0.0,68,68,0,0.0,68,68,0,0.0,0,0,0,,4,4,0,0.0,11,11,0,0.0,238,231,-7,-0.029411764705882353,457,457,0,0.0,214,175,-39,-0.1822429906542056,53,50,-3,-0.05660377358490566,40,39,-1,-0.025,4,4,0,0.0,5,5,0,0.0,920,874,-46,-0.05,331,324,-7,-0.021148036253776436,0,0,0,
public_v1,O2,p03261,main_combined_custom_plus_opt_1_2,raw_lift,brightened_main,False,79,2,-77,-0.9746835443037974,862,17,-845,-0.9802784222737819,17344,131,-17213,-0.9924469557195572,424,10,-414,-0.9764150943396226,247,5,-242,-0.979757085020243,238,5,-233,-0.9789915966386554,9,0,-9,-1.0,103,0,-103,-1.0,0,1,1,,1190,5,-1185,-0.9957983193277311,2864,34,-2830,-0.9881284916201117,80,21,-59,-0.7375,25,7,-18,-0.72,154,7,-147,-0.9545454545454546,0,0,0,,76,0,-76,-1.0,4134,61,-4073,-0.9852443154329947,6356,35,-6321,-0.9944933920704846,6,0,-6,-1.0
public_v1,O2,p03261,bundle_exact_pointer_passes,bundle_verified_input,bundle_pointer_opt,False,2,2,0,0.0,17,17,0,0.0,131,131,0,0.0,10,10,0,0.0,5,5,0,0.0,5,5,0,0.0,0,0,0,,0,0,0,,1,1,0,0.0,5,5,0,0.0,34,34,0,0.0,21,21,0,0.0,7,7,0,0.0,7,7,0,0.0,0,0,0,,0,0,0,,61,61,0,0.0,35,35,0,0.0,0,0,0,
public_v1,O2,p03261,llvm_default_opt_boundary_3,bundle_pointer_opt,bundle_standard_opt_3,True,2,2,0,0.0,17,17,0,0.0,131,131,0,0.0,10,10,0,0.0,5,5,0,0.0,5,5,0,0.0,0,0,0,,0,0,0,,1,1,0,0.0,5,5,0,0.0,34,34,0,0.0,21,21,0,0.0,7,7,0,0.0,7,7,0,0.0,0,0,0,,0,0,0,,61,61,0,0.0,35,35,0,0.0,0,0,0,
public_v1,O2,p03261,custom_storage_delift,bundle_standard_opt_3,bundle_storage_delift,False,2,2,0,0.0,17,17,0,0.0,131,131,0,0.0,10,10,0,0.0,5,5,0,0.0,5,5,0,0.0,0,0,0,,0,0,0,,1,1,0,0.0,5,5,0,0.0,34,34,0,0.0,21,21,0,0.0,7,7,0,0.0,7,7,0,0.0,0,0,0,,0,0,0,,61,61,0,0.0,35,35,0,0.0,0,0,0,
public_v1,O2,p03261,custom_residual_strip,bundle_storage_delift,bundle_residual_strip,False,2,2,0,0.0,17,17,0,0.0,131,131,0,0.0,10,10,0,0.0,5,5,0,0.0,5,5,0,0.0,0,0,0,,0,0,0,,1,1,0,0.0,5,5,0,0.0,34,34,0,0.0,21,21,0,0.0,7,7,0,0.0,7,7,0,0.0,0,0,0,,0,0,0,,61,61,0,0.0,35,35,0,0.0,0,0,0,
public_v1,O2,p03261,final_tail_opt_4_plus_custom_cleanup,bundle_residual_strip,final_clean,False,2,1,-1,-0.5,17,16,-1,-0.058823529411764705,131,130,-1,-0.007633587786259542,10,10,0,0.0,5,5,0,0.0,5,5,0,0.0,0,0,0,,0,0,0,,1,1,0,0.0,5,5,0,0.0,34,34,0,0.0,21,21,0,0.0,7,7,0,0.0,7,7,0,0.0,0,0,0,,0,0,0,,61,61,0,0.0,35,35,0,0.0,0,0,0,
public_v1,O2,p03430,main_combined_custom_plus_opt_1_2,raw_lift,brightened_main,False,27,4,-23,-0.8518518518518519,184,81,-103,-0.5597826086956522,4186,1324,-2862,-0.6837075967510751,76,2,-74,-0.9736842105263158,52,143,91,1.75,47,143,96,2.0425531914893615,5,0,-5,-1.0,13,12,-1,-0.07692307692307693,0,7,7,,317,251,-66,-0.2082018927444795,552,121,-431,-0.7807971014492754,21,94,73,3.4761904761904763,3,12,9,3.0,36,18,-18,-0.5,0,2,2,,3,0,-3,-1.0,890,473,-417,-0.46853932584269664,1538,217,-1321,-0.8589076723016905,0,0,0,
public_v1,O2,p03430,bundle_exact_pointer_passes,bundle_verified_input,bundle_pointer_opt,False,4,4,0,0.0,81,79,-2,-0.024691358024691357,1324,1322,-2,-0.0015105740181268882,2,2,0,0.0,143,143,0,0.0,143,143,0,0.0,0,0,0,,12,12,0,0.0,7,7,0,0.0,251,251,0,0.0,121,121,0,0.0,94,94,0,0.0,12,12,0,0.0,18,18,0,0.0,2,2,0,0.0,0,0,0,,473,473,0,0.0,217,217,0,0.0,0,0,0,
public_v1,O2,p03430,llvm_default_opt_boundary_3,bundle_pointer_opt,bundle_standard_opt_3,True,4,4,0,0.0,79,79,0,0.0,1322,1322,0,0.0,2,2,0,0.0,143,143,0,0.0,143,143,0,0.0,0,0,0,,12,12,0,0.0,7,7,0,0.0,251,251,0,0.0,121,121,0,0.0,94,94,0,0.0,12,12,0,0.0,18,18,0,0.0,2,2,0,0.0,0,0,0,,473,473,0,0.0,217,217,0,0.0,0,0,0,
public_v1,O2,p03430,custom_storage_delift,bundle_standard_opt_3,bundle_storage_delift,False,4,4,0,0.0,79,79,0,0.0,1322,1322,0,0.0,2,2,0,0.0,143,143,0,0.0,143,143,0,0.0,0,0,0,,12,12,0,0.0,7,7,0,0.0,251,251,0,0.0,121,121,0,0.0,94,94,0,0.0,12,12,0,0.0,18,18,0,0.0,2,2,0,0.0,0,0,0,,473,473,0,0.0,217,217,0,0.0,0,0,0,
public_v1,O2,p03430,custom_residual_strip,bundle_storage_delift,bundle_residual_strip,False,4,4,0,0.0,79,79,0,0.0,1322,1322,0,0.0,2,2,0,0.0,143,143,0,0.0,143,143,0,0.0,0,0,0,,12,12,0,0.0,7,7,0,0.0,251,251,0,0.0,121,121,0,0.0,94,94,0,0.0,12,12,0,0.0,18,18,0,0.0,2,2,0,0.0,0,0,0,,473,473,0,0.0,217,217,0,0.0,0,0,0,
public_v1,O2,p03430,final_tail_opt_4_plus_custom_cleanup,bundle_residual_strip,final_clean,False,4,4,0,0.0,79,79,0,0.0,1322,1322,0,0.0,2,2,0,0.0,143,143,0,0.0,143,143,0,0.0,0,0,0,,12,12,0,0.0,7,7,0,0.0,251,251,0,0.0,121,121,0,0.0,94,94,0,0.0,12,12,0,0.0,18,18,0,0.0,2,2,0,0.0,0,0,0,,473,473,0,0.0,217,217,0,0.0,0,0,0,
public_v1,O2,p03434,main_combined_custom_plus_opt_1_2,raw_lift,brightened_main,False,68,4,-64,-0.9411764705882353,877,24,-853,-0.9726339794754846,17527,272,-17255,-0.9844810863239574,390,5,-385,-0.9871794871794872,173,14,-159,-0.9190751445086706,167,14,-153,-0.9161676646706587,6,0,-6,-1.0,80,4,-76,-0.95,0,4,4,,1211,31,-1180,-0.9744013212221305,2537,66,-2471,-0.9739850216791486,81,41,-40,-0.49382716049382713,23,15,-8,-0.34782608695652173,187,8,-179,-0.9572192513368984,0,1,1,,20,0,-20,-1.0,3829,142,-3687,-0.9629145991120397,6774,58,-6716,-0.9914378506052554,0,0,0,
public_v1,O2,p03434,bundle_exact_pointer_passes,bundle_verified_input,bundle_pointer_opt,False,4,4,0,0.0,24,24,0,0.0,272,267,-5,-0.01838235294117647,5,5,0,0.0,14,14,0,0.0,14,14,0,0.0,0,0,0,,4,4,0,0.0,4,4,0,0.0,31,31,0,0.0,66,66,0,0.0,41,41,0,0.0,15,15,0,0.0,8,7,-1,-0.125,1,1,0,0.0,0,0,0,,142,142,0,0.0,58,49,-9,-0.15517241379310345,0,0,0,
public_v1,O2,p03434,llvm_default_opt_boundary_3,bundle_pointer_opt,bundle_standard_opt_3,True,4,4,0,0.0,24,24,0,0.0,267,237,-30,-0.11235955056179775,5,5,0,0.0,14,14,0,0.0,14,14,0,0.0,0,0,0,,4,4,0,0.0,4,4,0,0.0,31,20,-11,-0.3548387096774194,66,57,-9,-0.13636363636363635,41,41,0,0.0,15,15,0,0.0,7,7,0,0.0,1,1,0,0.0,0,0,0,,142,122,-20,-0.14084507042253522,49,49,0,0.0,0,0,0,
public_v1,O2,p03434,custom_storage_delift,bundle_standard_opt_3,bundle_storage_delift,False,4,4,0,0.0,24,24,0,0.0,237,237,0,0.0,5,5,0,0.0,14,14,0,0.0,14,14,0,0.0,0,0,0,,4,4,0,0.0,4,4,0,0.0,20,20,0,0.0,57,57,0,0.0,41,41,0,0.0,15,15,0,0.0,7,7,0,0.0,1,1,0,0.0,0,0,0,,122,122,0,0.0,49,49,0,0.0,0,0,0,
public_v1,O2,p03434,custom_residual_strip,bundle_storage_delift,bundle_residual_strip,False,4,4,0,0.0,24,24,0,0.0,237,237,0,0.0,5,5,0,0.0,14,14,0,0.0,14,14,0,0.0,0,0,0,,4,4,0,0.0,4,4,0,0.0,20,20,0,0.0,57,57,0,0.0,41,41,0,0.0,15,15,0,0.0,7,7,0,0.0,1,1,0,0.0,0,0,0,,122,122,0,0.0,49,49,0,0.0,0,0,0,
public_v1,O2,p03434,final_tail_opt_4_plus_custom_cleanup,bundle_residual_strip,final_clean,False,4,4,0,0.0,24,24,0,0.0,237,237,0,0.0,5,5,0,0.0,14,14,0,0.0,14,14,0,0.0,0,0,0,,4,4,0,0.0,4,4,0,0.0,20,20,0,0.0,57,57,0,0.0,41,41,0,0.0,15,15,0,0.0,7,7,0,0.0,1,1,0,0.0,0,0,0,,122,122,0,0.0,49,49,0,0.0,0,0,0,
public_v1,O2,p03493,main_combined_custom_plus_opt_1_2,raw_lift,brightened_main,False,52,2,-50,-0.9615384615384616,704,11,-693,-0.984375,14028,179,-13849,-0.9872398061020815,303,4,-299,-0.9867986798679867,124,9,-115,-0.9274193548387096,119,9,-110,-0.9243697478991597,5,0,-5,-1.0,57,5,-52,-0.9122807017543859,0,3,3,,1032,9,-1023,-0.9912790697674418,2082,47,-2035,-0.9774255523535063,77,48,-29,-0.37662337662337664,20,7,-13,-0.65,146,7,-139,-0.952054794520548,0,0,0,,6,0,-6,-1.0,3191,107,-3084,-0.9664681917894077,5337,34,-5303,-0.9936293798013865,0,0,0,
public_v1,O2,p03493,bundle_exact_pointer_passes,bundle_verified_input,bundle_pointer_opt,False,2,2,0,0.0,11,11,0,0.0,179,177,-2,-0.0111731843575419,4,4,0,0.0,9,9,0,0.0,9,9,0,0.0,0,0,0,,5,5,0,0.0,3,3,0,0.0,9,9,0,0.0,47,47,0,0.0,48,48,0,0.0,7,5,-2,-0.2857142857142857,7,7,0,0.0,0,0,0,,0,0,0,,107,107,0,0.0,34,32,-2,-0.058823529411764705,0,0,0,
public_v1,O2,p03493,llvm_default_opt_boundary_3,bundle_pointer_opt,bundle_standard_opt_3,True,2,2,0,0.0,11,11,0,0.0,177,167,-10,-0.05649717514124294,4,4,0,0.0,9,9,0,0.0,9,9,0,0.0,0,0,0,,5,5,0,0.0,3,3,0,0.0,9,9,0,0.0,47,47,0,0.0,48,39,-9,-0.1875,5,4,-1,-0.2,7,7,0,0.0,0,0,0,,0,0,0,,107,98,-9,-0.08411214953271028,32,31,-1,-0.03125,0,0,0,
public_v1,O2,p03493,custom_storage_delift,bundle_standard_opt_3,bundle_storage_delift,False,2,2,0,0.0,11,11,0,0.0,167,167,0,0.0,4,4,0,0.0,9,9,0,0.0,9,9,0,0.0,0,0,0,,5,5,0,0.0,3,3,0,0.0,9,9,0,0.0,47,47,0,0.0,39,39,0,0.0,4,4,0,0.0,7,7,0,0.0,0,0,0,,0,0,0,,98,98,0,0.0,31,31,0,0.0,0,0,0,
public_v1,O2,p03493,custom_residual_strip,bundle_storage_delift,bundle_residual_strip,False,2,2,0,0.0,11,11,0,0.0,167,167,0,0.0,4,4,0,0.0,9,9,0,0.0,9,9,0,0.0,0,0,0,,5,5,0,0.0,3,3,0,0.0,9,9,0,0.0,47,47,0,0.0,39,39,0,0.0,4,4,0,0.0,7,7,0,0.0,0,0,0,,0,0,0,,98,98,0,0.0,31,31,0,0.0,0,0,0,
public_v1,O2,p03493,final_tail_opt_4_plus_custom_cleanup,bundle_residual_strip,final_clean,False,2,2,0,0.0,11,11,0,0.0,167,165,-2,-0.011976047904191617,4,4,0,0.0,9,9,0,0.0,9,9,0,0.0,0,0,0,,5,5,0,0.0,3,3,0,0.0,9,9,0,0.0,47,47,0,0.0,39,41,2,0.05128205128205128,4,4,0,0.0,7,7,0,0.0,0,0,0,,0,0,0,,98,100,2,0.02040816326530612,31,29,-2,-0.06451612903225806,0,0,0,
public_v1,O2,p03510,main_combined_custom_plus_opt_1_2,raw_lift,brightened_main,False,30,4,-26,-0.8666666666666667,203,67,-136,-0.6699507389162561,4631,1205,-3426,-0.7397970200820557,82,12,-70,-0.8536585365853658,82,79,-3,-0.036585365853658534,77,79,2,0.025974025974025976,5,0,-5,-1.0,28,6,-22,-0.7857142857142857,0,4,4,,439,186,-253,-0.5763097949886105,809,215,-594,-0.7342398022249691,41,139,98,2.3902439024390243,7,33,26,3.7142857142857144,36,16,-20,-0.5555555555555556,0,2,2,,5,2,-3,-0.6,1289,544,-745,-0.5779674166020171,1574,175,-1399,-0.8888182973316391,0,0,0,
public_v1,O2,p03510,bundle_exact_pointer_passes,bundle_verified_input,bundle_pointer_opt,False,4,4,0,0.0,67,65,-2,-0.029850746268656716,1205,1189,-16,-0.013278008298755186,12,12,0,0.0,79,79,0,0.0,79,79,0,0.0,0,0,0,,6,6,0,0.0,4,4,0,0.0,186,186,0,0.0,215,215,0,0.0,139,138,-1,-0.007194244604316547,33,33,0,0.0,16,16,0,0.0,2,2,0,0.0,2,2,0,0.0,544,543,-1,-0.001838235294117647,175,175,0,0.0,0,0,0,
public_v1,O2,p03510,llvm_default_opt_boundary_3,bundle_pointer_opt,bundle_standard_opt_3,True,4,4,0,0.0,65,65,0,0.0,1189,1130,-59,-0.0496215306980656,12,12,0,0.0,79,79,0,0.0,79,79,0,0.0,0,0,0,,6,6,0,0.0,4,4,0,0.0,186,183,-3,-0.016129032258064516,215,184,-31,-0.14418604651162792,138,133,-5,-0.036231884057971016,33,33,0,0.0,16,16,0,0.0,2,2,0,0.0,2,2,0,0.0,543,504,-39,-0.0718232044198895,175,167,-8,-0.045714285714285714,0,0,0,
public_v1,O2,p03510,custom_storage_delift,bundle_standard_opt_3,bundle_storage_delift,False,4,4,0,0.0,65,65,0,0.0,1130,1130,0,0.0,12,12,0,0.0,79,79,0,0.0,79,79,0,0.0,0,0,0,,6,6,0,0.0,4,4,0,0.0,183,183,0,0.0,184,184,0,0.0,133,133,0,0.0,33,33,0,0.0,16,16,0,0.0,2,2,0,0.0,2,2,0,0.0,504,504,0,0.0,167,167,0,0.0,0,0,0,
public_v1,O2,p03510,custom_residual_strip,bundle_storage_delift,bundle_residual_strip,False,4,4,0,0.0,65,65,0,0.0,1130,1130,0,0.0,12,12,0,0.0,79,79,0,0.0,79,79,0,0.0,0,0,0,,6,6,0,0.0,4,4,0,0.0,183,183,0,0.0,184,184,0,0.0,133,133,0,0.0,33,33,0,0.0,16,16,0,0.0,2,2,0,0.0,2,2,0,0.0,504,504,0,0.0,167,167,0,0.0,0,0,0,
public_v1,O2,p03510,final_tail_opt_4_plus_custom_cleanup,bundle_residual_strip,final_clean,False,4,4,0,0.0,65,63,-2,-0.03076923076923077,1130,1108,-22,-0.019469026548672566,12,12,0,0.0,79,78,-1,-0.012658227848101266,79,78,-1,-0.012658227848101266,0,0,0,,6,6,0,0.0,4,4,0,0.0,183,178,-5,-0.0273224043715847,184,183,-1,-0.005434782608695652,133,124,-9,-0.06766917293233082,33,33,0,0.0,16,16,0,0.0,2,2,0,0.0,2,2,0,0.0,504,489,-15,-0.02976190476190476,167,167,0,0.0,0,0,0,
public_v1,O2,p03543,main_combined_custom_plus_opt_1_2,raw_lift,brightened_main,False,30,3,-27,-0.9,126,11,-115,-0.9126984126984127,2386,165,-2221,-0.9308466051969824,47,4,-43,-0.9148936170212766,58,11,-47,-0.8103448275862069,53,11,-42,-0.7924528301886793,5,0,-5,-1.0,16,0,-16,-1.0,0,2,2,,191,21,-170,-0.8900523560209425,539,31,-508,-0.9424860853432282,30,27,-3,-0.1,3,4,1,0.3333333333333333,22,7,-15,-0.6818181818181818,0,0,0,,15,0,-15,-1.0,760,81,-679,-0.8934210526315789,775,32,-743,-0.9587096774193549,0,0,0,
public_v1,O2,p03543,bundle_exact_pointer_passes,bundle_verified_input,bundle_pointer_opt,False,3,3,0,0.0,11,11,0,0.0,165,164,-1,-0.006060606060606061,4,4,0,0.0,11,11,0,0.0,11,11,0,0.0,0,0,0,,0,0,0,,2,2,0,0.0,21,21,0,0.0,31,31,0,0.0,27,27,0,0.0,4,3,-1,-0.25,7,7,0,0.0,0,0,0,,0,0,0,,81,81,0,0.0,32,31,-1,-0.03125,0,0,0,
public_v1,O2,p03543,llvm_default_opt_boundary_3,bundle_pointer_opt,bundle_standard_opt_3,True,3,3,0,0.0,11,11,0,0.0,164,163,-1,-0.006097560975609756,4,4,0,0.0,11,11,0,0.0,11,11,0,0.0,0,0,0,,0,0,0,,2,2,0,0.0,21,21,0,0.0,31,31,0,0.0,27,26,-1,-0.037037037037037035,3,3,0,0.0,7,7,0,0.0,0,0,0,,0,0,0,,81,80,-1,-0.012345679012345678,31,31,0,0.0,0,0,0,
public_v1,O2,p03543,custom_storage_delift,bundle_standard_opt_3,bundle_storage_delift,False,3,3,0,0.0,11,11,0,0.0,163,163,0,0.0,4,4,0,0.0,11,11,0,0.0,11,11,0,0.0,0,0,0,,0,0,0,,2,2,0,0.0,21,21,0,0.0,31,31,0,0.0,26,26,0,0.0,3,3,0,0.0,7,7,0,0.0,0,0,0,,0,0,0,,80,80,0,0.0,31,31,0,0.0,0,0,0,
public_v1,O2,p03543,custom_residual_strip,bundle_storage_delift,bundle_residual_strip,False,3,3,0,0.0,11,11,0,0.0,163,163,0,0.0,4,4,0,0.0,11,11,0,0.0,11,11,0,0.0,0,0,0,,0,0,0,,2,2,0,0.0,21,21,0,0.0,31,31,0,0.0,26,26,0,0.0,3,3,0,0.0,7,7,0,0.0,0,0,0,,0,0,0,,80,80,0,0.0,31,31,0,0.0,0,0,0,
public_v1,O2,p03543,final_tail_opt_4_plus_custom_cleanup,bundle_residual_strip,final_clean,False,3,3,0,0.0,11,11,0,0.0,163,163,0,0.0,4,4,0,0.0,11,11,0,0.0,11,11,0,0.0,0,0,0,,0,0,0,,2,2,0,0.0,21,21,0,0.0,31,31,0,0.0,26,26,0,0.0,3,3,0,0.0,7,7,0,0.0,0,0,0,,0,0,0,,80,80,0,0.0,31,31,0,0.0,0,0,0,
public_v1,O2,p03773,main_combined_custom_plus_opt_1_2,raw_lift,brightened_main,False,40,2,-38,-0.95,483,3,-480,-0.9937888198757764,9644,10,-9634,-0.9989630858564911,212,0,-212,-1.0,89,2,-87,-0.9775280898876404,84,2,-82,-0.9761904761904762,5,0,-5,-1.0,37,0,-37,-1.0,0,2,2,,653,2,-651,-0.996937212863706,1378,0,-1378,-1.0,38,0,-38,-1.0,16,0,-16,-1.0,96,0,-96,-1.0,0,0,0,,9,0,-9,-1.0,2069,4,-2065,-0.9980666988883519,3777,0,-3777,-1.0,0,0,0,
public_v1,O2,p03773,bundle_exact_pointer_passes,bundle_verified_input,bundle_pointer_opt,False,2,2,0,0.0,3,3,0,0.0,10,10,0,0.0,0,0,0,,2,2,0,0.0,2,2,0,0.0,0,0,0,,0,0,0,,2,2,0,0.0,2,2,0,0.0,0,0,0,,0,0,0,,0,0,0,,0,0,0,,0,0,0,,0,0,0,,4,4,0,0.0,0,0,0,,0,0,0,
public_v1,O2,p03773,llvm_default_opt_boundary_3,bundle_pointer_opt,bundle_standard_opt_3,True,2,2,0,0.0,3,3,0,0.0,10,10,0,0.0,0,0,0,,2,2,0,0.0,2,2,0,0.0,0,0,0,,0,0,0,,2,2,0,0.0,2,2,0,0.0,0,0,0,,0,0,0,,0,0,0,,0,0,0,,0,0,0,,0,0,0,,4,4,0,0.0,0,0,0,,0,0,0,
public_v1,O2,p03773,custom_storage_delift,bundle_standard_opt_3,bundle_storage_delift,False,2,2,0,0.0,3,3,0,0.0,10,10,0,0.0,0,0,0,,2,2,0,0.0,2,2,0,0.0,0,0,0,,0,0,0,,2,2,0,0.0,2,2,0,0.0,0,0,0,,0,0,0,,0,0,0,,0,0,0,,0,0,0,,0,0,0,,4,4,0,0.0,0,0,0,,0,0,0,
public_v1,O2,p03773,custom_residual_strip,bundle_storage_delift,bundle_residual_strip,False,2,2,0,0.0,3,3,0,0.0,10,10,0,0.0,0,0,0,,2,2,0,0.0,2,2,0,0.0,0,0,0,,0,0,0,,2,2,0,0.0,2,2,0,0.0,0,0,0,,0,0,0,,0,0,0,,0,0,0,,0,0,0,,0,0,0,,4,4,0,0.0,0,0,0,,0,0,0,
public_v1,O2,p03773,final_tail_opt_4_plus_custom_cleanup,bundle_residual_strip,final_clean,False,2,1,-1,-0.5,3,2,-1,-0.3333333333333333,10,9,-1,-0.1,0,0,0,,2,2,0,0.0,2,2,0,0.0,0,0,0,,0,0,0,,2,2,0,0.0,2,2,0,0.0,0,0,0,,0,0,0,,0,0,0,,0,0,0,,0,0,0,,0,0,0,,4,4,0,0.0,0,0,0,,0,0,0,
public_v1,O2,p03776,main_combined_custom_plus_opt_1_2,raw_lift,brightened_main,False,31,8,-23,-0.7419354838709677,767,345,-422,-0.5501955671447197,15053,4606,-10447,-0.694014482163024,362,20,-342,-0.9447513812154696,103,195,92,0.8932038834951457,98,195,97,0.9897959183673469,5,0,-5,-1.0,35,4,-31,-0.8857142857142857,0,3,3,,908,680,-228,-0.2511013215859031,2050,612,-1438,-0.7014634146341463,43,245,202,4.6976744186046515,9,63,54,6.0,173,50,-123,-0.7109826589595376,0,6,6,,3,0,-3,-1.0,3001,1540,-1461,-0.48683772075974674,6015,881,-5134,-0.8535328345802161,0,0,0,
public_v1,O2,p03776,bundle_exact_pointer_passes,bundle_verified_input,bundle_pointer_opt,False,8,8,0,0.0,345,341,-4,-0.011594202898550725,4606,4482,-124,-0.026921406860616587,20,20,0,0.0,195,195,0,0.0,195,195,0,0.0,0,0,0,,4,4,0,0.0,3,3,0,0.0,680,667,-13,-0.01911764705882353,612,612,0,0.0,245,245,0,0.0,63,63,0,0.0,50,50,0,0.0,6,6,0,0.0,0,0,0,,1540,1527,-13,-0.008441558441558441,881,878,-3,-0.00340522133938706,0,0,0,
public_v1,O2,p03776,llvm_default_opt_boundary_3,bundle_pointer_opt,bundle_standard_opt_3,True,8,8,0,0.0,341,340,-1,-0.002932551319648094,4482,4317,-165,-0.03681392235609103,20,20,0,0.0,195,195,0,0.0,195,195,0,0.0,0,0,0,,4,4,0,0.0,3,3,0,0.0,667,666,-1,-0.0014992503748125937,612,606,-6,-0.00980392156862745,245,225,-20,-0.08163265306122448,63,58,-5,-0.07936507936507936,50,49,-1,-0.02,6,6,0,0.0,0,0,0,,1527,1500,-27,-0.01768172888015717,878,837,-41,-0.04669703872437358,0,0,0,
public_v1,O2,p03776,custom_storage_delift,bundle_standard_opt_3,bundle_storage_delift,False,8,8,0,0.0,340,340,0,0.0,4317,4317,0,0.0,20,20,0,0.0,195,195,0,0.0,195,195,0,0.0,0,0,0,,4,4,0,0.0,3,3,0,0.0,666,666,0,0.0,606,606,0,0.0,225,225,0,0.0,58,58,0,0.0,49,49,0,0.0,6,6,0,0.0,0,0,0,,1500,1500,0,0.0,837,837,0,0.0,0,0,0,
public_v1,O2,p03776,custom_residual_strip,bundle_storage_delift,bundle_residual_strip,False,8,8,0,0.0,340,340,0,0.0,4317,4317,0,0.0,20,20,0,0.0,195,195,0,0.0,195,195,0,0.0,0,0,0,,4,4,0,0.0,3,3,0,0.0,666,666,0,0.0,606,606,0,0.0,225,225,0,0.0,58,58,0,0.0,49,49,0,0.0,6,6,0,0.0,0,0,0,,1500,1500,0,0.0,837,837,0,0.0,0,0,0,
public_v1,O2,p03776,final_tail_opt_4_plus_custom_cleanup,bundle_residual_strip,final_clean,False,8,8,0,0.0,340,340,0,0.0,4317,4314,-3,-0.0006949270326615705,20,20,0,0.0,195,195,0,0.0,195,195,0,0.0,0,0,0,,4,4,0,0.0,3,3,0,0.0,666,666,0,0.0,606,606,0,0.0,225,222,-3,-0.013333333333333334,58,58,0,0.0,49,49,0,0.0,6,6,0,0.0,0,0,0,,1500,1497,-3,-0.002,837,837,0,0.0,0,0,0,
public_v1,O2,p03835,main_combined_custom_plus_opt_1_2,raw_lift,brightened_main,False,50,2,-48,-0.96,687,7,-680,-0.9898107714701602,13916,27,-13889,-0.9980597872951997,300,3,-297,-0.99,115,2,-113,-0.9826086956521739,110,2,-108,-0.9818181818181818,5,0,-5,-1.0,56,0,-56,-1.0,0,2,2,,1047,2,-1045,-0.9980897803247374,2111,0,-2111,-1.0,80,0,-80,-1.0,29,5,-24,-0.8275862068965517,141,0,-141,-1.0,0,0,0,,12,0,-12,-1.0,3238,4,-3234,-0.9987646695491044,5335,10,-5325,-0.9981255857544518,0,0,0,
public_v1,O2,p03835,bundle_exact_pointer_passes,bundle_verified_input,bundle_pointer_opt,False,2,2,0,0.0,7,7,0,0.0,27,27,0,0.0,3,3,0,0.0,2,2,0,0.0,2,2,0,0.0,0,0,0,,0,0,0,,2,2,0,0.0,2,2,0,0.0,0,0,0,,0,0,0,,5,5,0,0.0,0,0,0,,0,0,0,,0,0,0,,4,4,0,0.0,10,10,0,0.0,0,0,0,
public_v1,O2,p03835,llvm_default_opt_boundary_3,bundle_pointer_opt,bundle_standard_opt_3,True,2,2,0,0.0,7,7,0,0.0,27,27,0,0.0,3,3,0,0.0,2,2,0,0.0,2,2,0,0.0,0,0,0,,0,0,0,,2,2,0,0.0,2,2,0,0.0,0,0,0,,0,0,0,,5,5,0,0.0,0,0,0,,0,0,0,,0,0,0,,4,4,0,0.0,10,10,0,0.0,0,0,0,
public_v1,O2,p03835,custom_storage_delift,bundle_standard_opt_3,bundle_storage_delift,False,2,2,0,0.0,7,7,0,0.0,27,27,0,0.0,3,3,0,0.0,2,2,0,0.0,2,2,0,0.0,0,0,0,,0,0,0,,2,2,0,0.0,2,2,0,0.0,0,0,0,,0,0,0,,5,5,0,0.0,0,0,0,,0,0,0,,0,0,0,,4,4,0,0.0,10,10,0,0.0,0,0,0,
public_v1,O2,p03835,custom_residual_strip,bundle_storage_delift,bundle_residual_strip,False,2,2,0,0.0,7,7,0,0.0,27,27,0,0.0,3,3,0,0.0,2,2,0,0.0,2,2,0,0.0,0,0,0,,0,0,0,,2,2,0,0.0,2,2,0,0.0,0,0,0,,0,0,0,,5,5,0,0.0,0,0,0,,0,0,0,,0,0,0,,4,4,0,0.0,10,10,0,0.0,0,0,0,
public_v1,O2,p03835,final_tail_opt_4_plus_custom_cleanup,bundle_residual_strip,final_clean,False,2,1,-1,-0.5,7,6,-1,-0.14285714285714285,27,26,-1,-0.037037037037037035,3,3,0,0.0,2,2,0,0.0,2,2,0,0.0,0,0,0,,0,0,0,,2,2,0,0.0,2,2,0,0.0,0,0,0,,0,0,0,,5,5,0,0.0,0,0,0,,0,0,0,,0,0,0,,4,4,0,0.0,10,10,0,0.0,0,0,0,
public_v1,O2,p03854,main_combined_custom_plus_opt_1_2,raw_lift,brightened_main,False,43,3,-40,-0.9302325581395349,328,18,-310,-0.9451219512195121,6667,70,-6597,-0.9895005249737513,138,7,-131,-0.9492753623188406,96,6,-90,-0.9375,91,6,-85,-0.9340659340659341,5,0,-5,-1.0,36,0,-36,-1.0,0,0,0,,412,3,-409,-0.9927184466019418,1069,2,-1067,-0.9981290926099158,43,7,-36,-0.8372093023255814,11,4,-7,-0.6363636363636364,66,4,-62,-0.9393939393939394,0,1,1,,15,0,-15,-1.0,1524,12,-1512,-0.9921259842519685,2571,24,-2547,-0.9906651108518086,0,0,0,
public_v1,O2,p03854,bundle_exact_pointer_passes,bundle_verified_input,bundle_pointer_opt,False,3,3,0,0.0,18,18,0,0.0,70,70,0,0.0,7,7,0,0.0,6,6,0,0.0,6,6,0,0.0,0,0,0,,0,0,0,,0,0,0,,3,3,0,0.0,2,2,0,0.0,7,7,0,0.0,4,4,0,0.0,4,4,0,0.0,1,1,0,0.0,0,0,0,,12,12,0,0.0,24,24,0,0.0,0,0,0,
public_v1,O2,p03854,llvm_default_opt_boundary_3,bundle_pointer_opt,bundle_standard_opt_3,True,3,3,0,0.0,18,18,0,0.0,70,70,0,0.0,7,7,0,0.0,6,6,0,0.0,6,6,0,0.0,0,0,0,,0,0,0,,0,0,0,,3,3,0,0.0,2,2,0,0.0,7,7,0,0.0,4,4,0,0.0,4,4,0,0.0,1,1,0,0.0,0,0,0,,12,12,0,0.0,24,24,0,0.0,0,0,0,
public_v1,O2,p03854,custom_storage_delift,bundle_standard_opt_3,bundle_storage_delift,False,3,3,0,0.0,18,18,0,0.0,70,70,0,0.0,7,7,0,0.0,6,6,0,0.0,6,6,0,0.0,0,0,0,,0,0,0,,0,0,0,,3,3,0,0.0,2,2,0,0.0,7,7,0,0.0,4,4,0,0.0,4,4,0,0.0,1,1,0,0.0,0,0,0,,12,12,0,0.0,24,24,0,0.0,0,0,0,
public_v1,O2,p03854,custom_residual_strip,bundle_storage_delift,bundle_residual_strip,False,3,3,0,0.0,18,18,0,0.0,70,70,0,0.0,7,7,0,0.0,6,6,0,0.0,6,6,0,0.0,0,0,0,,0,0,0,,0,0,0,,3,3,0,0.0,2,2,0,0.0,7,7,0,0.0,4,4,0,0.0,4,4,0,0.0,1,1,0,0.0,0,0,0,,12,12,0,0.0,24,24,0,0.0,0,0,0,
public_v1,O2,p03854,final_tail_opt_4_plus_custom_cleanup,bundle_residual_strip,final_clean,False,3,3,0,0.0,18,18,0,0.0,70,70,0,0.0,7,7,0,0.0,6,6,0,0.0,6,6,0,0.0,0,0,0,,0,0,0,,0,0,0,,3,3,0,0.0,2,2,0,0.0,7,7,0,0.0,4,4,0,0.0,4,4,0,0.0,1,1,0,0.0,0,0,0,,12,12,0,0.0,24,24,0,0.0,0,0,0,
public_v1,O2,p04028,main_combined_custom_plus_opt_1_2,raw_lift,brightened_main,False,31,3,-28,-0.9032258064516129,199,26,-173,-0.8693467336683417,4236,380,-3856,-0.9102927289896129,82,11,-71,-0.8658536585365854,62,13,-49,-0.7903225806451613,57,13,-44,-0.7719298245614035,5,0,-5,-1.0,18,0,-18,-1.0,0,2,2,,251,16,-235,-0.9362549800796812,407,53,-354,-0.8697788697788698,10,48,38,3.8,3,10,7,2.3333333333333335,35,13,-22,-0.6285714285714286,0,0,0,,7,3,-4,-0.5714285714285714,668,119,-549,-0.8218562874251497,1566,99,-1467,-0.9367816091954023,0,0,0,
public_v1,O2,p04028,bundle_exact_pointer_passes,bundle_verified_input,bundle_pointer_opt,False,3,3,0,0.0,26,25,-1,-0.038461538461538464,380,362,-18,-0.04736842105263158,11,11,0,0.0,13,13,0,0.0,13,13,0,0.0,0,0,0,,0,0,0,,2,2,0,0.0,16,16,0,0.0,53,53,0,0.0,48,43,-5,-0.10416666666666667,10,10,0,0.0,13,13,0,0.0,0,0,0,,3,3,0,0.0,119,114,-5,-0.04201680672268908,99,94,-5,-0.050505050505050504,0,0,0,
public_v1,O2,p04028,llvm_default_opt_boundary_3,bundle_pointer_opt,bundle_standard_opt_3,True,3,3,0,0.0,25,25,0,0.0,362,351,-11,-0.03038674033149171,11,11,0,0.0,13,13,0,0.0,13,13,0,0.0,0,0,0,,0,0,0,,2,2,0,0.0,16,16,0,0.0,53,53,0,0.0,43,40,-3,-0.06976744186046512,10,10,0,0.0,13,13,0,0.0,0,0,0,,3,3,0,0.0,114,111,-3,-0.02631578947368421,94,92,-2,-0.02127659574468085,0,0,0,
public_v1,O2,p04028,custom_storage_delift,bundle_standard_opt_3,bundle_storage_delift,False,3,3,0,0.0,25,25,0,0.0,351,351,0,0.0,11,11,0,0.0,13,13,0,0.0,13,13,0,0.0,0,0,0,,0,0,0,,2,2,0,0.0,16,16,0,0.0,53,53,0,0.0,40,40,0,0.0,10,10,0,0.0,13,13,0,0.0,0,0,0,,3,3,0,0.0,111,111,0,0.0,92,92,0,0.0,0,0,0,
public_v1,O2,p04028,custom_residual_strip,bundle_storage_delift,bundle_residual_strip,False,3,3,0,0.0,25,25,0,0.0,351,351,0,0.0,11,11,0,0.0,13,13,0,0.0,13,13,0,0.0,0,0,0,,0,0,0,,2,2,0,0.0,16,16,0,0.0,53,53,0,0.0,40,40,0,0.0,10,10,0,0.0,13,13,0,0.0,0,0,0,,3,3,0,0.0,111,111,0,0.0,92,92,0,0.0,0,0,0,
public_v1,O2,p04028,final_tail_opt_4_plus_custom_cleanup,bundle_residual_strip,final_clean,False,3,2,-1,-0.3333333333333333,25,24,-1,-0.04,351,348,-3,-0.008547008547008548,11,11,0,0.0,13,13,0,0.0,13,13,0,0.0,0,0,0,,0,0,0,,2,2,0,0.0,16,14,-2,-0.125,53,53,0,0.0,40,40,0,0.0,10,10,0,0.0,13,13,0,0.0,0,0,0,,3,3,0,0.0,111,109,-2,-0.018018018018018018,92,91,-1,-0.010869565217391304,0,0,0,
public_v1,O3,p00001,main_combined_custom_plus_opt_1_2,raw_lift,brightened_main,False,33,3,-30,-0.9090909090909091,170,23,-147,-0.8647058823529412,3139,164,-2975,-0.947754061803122,63,5,-58,-0.9206349206349206,67,13,-54,-0.8059701492537313,61,13,-48,-0.7868852459016393,6,0,-6,-1.0,21,4,-17,-0.8095238095238095,0,1,1,,196,8,-188,-0.9591836734693877,526,49,-477,-0.9068441064638784,11,37,26,2.3636363636363638,7,10,3,0.42857142857142855,30,2,-28,-0.9333333333333333,0,1,1,,3,0,-3,-1.0,733,95,-638,-0.8703956343792633,1168,26,-1142,-0.9777397260273972,0,0,0,
public_v1,O3,p00001,bundle_exact_pointer_passes,bundle_verified_input,bundle_pointer_opt,False,3,3,0,0.0,23,23,0,0.0,164,162,-2,-0.012195121951219513,5,5,0,0.0,13,13,0,0.0,13,13,0,0.0,0,0,0,,4,4,0,0.0,1,1,0,0.0,8,8,0,0.0,49,49,0,0.0,37,37,0,0.0,10,9,-1,-0.1,2,2,0,0.0,1,1,0,0.0,0,0,0,,95,95,0,0.0,26,25,-1,-0.038461538461538464,0,0,0,
public_v1,O3,p00001,llvm_default_opt_boundary_3,bundle_pointer_opt,bundle_standard_opt_3,True,3,3,0,0.0,23,23,0,0.0,162,159,-3,-0.018518518518518517,5,5,0,0.0,13,13,0,0.0,13,13,0,0.0,0,0,0,,4,4,0,0.0,1,1,0,0.0,8,8,0,0.0,49,47,-2,-0.04081632653061224,37,36,-1,-0.02702702702702703,9,8,-1,-0.1111111111111111,2,2,0,0.0,1,1,0,0.0,0,0,0,,95,92,-3,-0.031578947368421054,25,25,0,0.0,0,0,0,
public_v1,O3,p00001,custom_storage_delift,bundle_standard_opt_3,bundle_storage_delift,False,3,3,0,0.0,23,23,0,0.0,159,159,0,0.0,5,5,0,0.0,13,13,0,0.0,13,13,0,0.0,0,0,0,,4,4,0,0.0,1,1,0,0.0,8,8,0,0.0,47,47,0,0.0,36,36,0,0.0,8,8,0,0.0,2,2,0,0.0,1,1,0,0.0,0,0,0,,92,92,0,0.0,25,25,0,0.0,0,0,0,
public_v1,O3,p00001,custom_residual_strip,bundle_storage_delift,bundle_residual_strip,False,3,3,0,0.0,23,23,0,0.0,159,159,0,0.0,5,5,0,0.0,13,13,0,0.0,13,13,0,0.0,0,0,0,,4,4,0,0.0,1,1,0,0.0,8,8,0,0.0,47,47,0,0.0,36,36,0,0.0,8,8,0,0.0,2,2,0,0.0,1,1,0,0.0,0,0,0,,92,92,0,0.0,25,25,0,0.0,0,0,0,
public_v1,O3,p00001,final_tail_opt_4_plus_custom_cleanup,bundle_residual_strip,final_clean,False,3,2,-1,-0.3333333333333333,23,22,-1,-0.043478260869565216,159,158,-1,-0.006289308176100629,5,5,0,0.0,13,13,0,0.0,13,13,0,0.0,0,0,0,,4,4,0,0.0,1,1,0,0.0,8,8,0,0.0,47,47,0,0.0,36,36,0,0.0,8,8,0,0.0,2,2,0,0.0,1,1,0,0.0,0,0,0,,92,92,0,0.0,25,25,0,0.0,0,0,0,
public_v1,O3,p00008,main_combined_custom_plus_opt_1_2,raw_lift,brightened_main,False,24,2,-22,-0.9166666666666666,200,28,-172,-0.86,3614,184,-3430,-0.9490868843386829,86,19,-67,-0.7790697674418605,34,3,-31,-0.9117647058823529,29,3,-26,-0.896551724137931,5,0,-5,-1.0,7,0,-7,-1.0,0,1,1,,217,49,-168,-0.7741935483870968,480,20,-460,-0.9583333333333334,13,21,8,0.6153846153846154,3,2,-1,-0.3333333333333333,45,0,-45,-1.0,0,0,0,,3,0,-3,-1.0,710,91,-619,-0.8718309859154929,1502,32,-1470,-0.9786950732356857,0,0,0,
public_v1,O3,p00008,bundle_exact_pointer_passes,bundle_verified_input,bundle_pointer_opt,False,2,2,0,0.0,28,25,-3,-0.10714285714285714,184,166,-18,-0.09782608695652174,19,14,-5,-0.2631578947368421,3,3,0,0.0,3,3,0,0.0,0,0,0,,0,0,0,,1,1,0,0.0,49,39,-10,-0.20408163265306123,20,20,0,0.0,21,28,7,0.3333333333333333,2,0,-2,-1.0,0,2,2,,0,0,0,,0,0,0,,91,88,-3,-0.03296703296703297,32,28,-4,-0.125,0,0,0,
public_v1,O3,p00008,llvm_default_opt_boundary_3,bundle_pointer_opt,bundle_standard_opt_3,True,2,2,0,0.0,25,25,0,0.0,166,155,-11,-0.06626506024096386,14,14,0,0.0,3,3,0,0.0,3,3,0,0.0,0,0,0,,0,0,0,,1,1,0,0.0,39,24,-15,-0.38461538461538464,20,20,0,0.0,28,22,-6,-0.21428571428571427,0,5,5,,2,13,11,5.5,0,0,0,,0,0,0,,88,67,-21,-0.23863636363636365,28,41,13,0.4642857142857143,0,0,0,
public_v1,O3,p00008,custom_storage_delift,bundle_standard_opt_3,bundle_storage_delift,False,2,2,0,0.0,25,25,0,0.0,155,155,0,0.0,14,14,0,0.0,3,3,0,0.0,3,3,0,0.0,0,0,0,,0,0,0,,1,1,0,0.0,24,24,0,0.0,20,20,0,0.0,22,22,0,0.0,5,5,0,0.0,13,13,0,0.0,0,0,0,,0,0,0,,67,67,0,0.0,41,41,0,0.0,0,0,0,
public_v1,O3,p00008,custom_residual_strip,bundle_storage_delift,bundle_residual_strip,False,2,2,0,0.0,25,25,0,0.0,155,155,0,0.0,14,14,0,0.0,3,3,0,0.0,3,3,0,0.0,0,0,0,,0,0,0,,1,1,0,0.0,24,24,0,0.0,20,20,0,0.0,22,22,0,0.0,5,5,0,0.0,13,13,0,0.0,0,0,0,,0,0,0,,67,67,0,0.0,41,41,0,0.0,0,0,0,
public_v1,O3,p00008,final_tail_opt_4_plus_custom_cleanup,bundle_residual_strip,final_clean,False,2,2,0,0.0,25,26,1,0.04,155,157,2,0.012903225806451613,14,14,0,0.0,3,3,0,0.0,3,3,0,0.0,0,0,0,,0,0,0,,1,1,0,0.0,24,24,0,0.0,20,20,0,0.0,22,22,0,0.0,5,5,0,0.0,13,13,0,0.0,0,0,0,,0,0,0,,67,67,0,0.0,41,42,1,0.024390243902439025,0,0,0,
public_v1,O3,p00033,main_combined_custom_plus_opt_1_2,raw_lift,brightened_main,False,27,4,-23,-0.8518518518518519,231,89,-142,-0.6147186147186147,4099,539,-3560,-0.8685045132959258,99,4,-95,-0.9595959595959596,54,18,-36,-0.6666666666666666,49,18,-31,-0.6326530612244898,5,0,-5,-1.0,17,3,-14,-0.8235294117647058,0,13,13,,202,79,-123,-0.6089108910891089,590,97,-493,-0.8355932203389831,14,67,53,3.7857142857142856,3,7,4,1.3333333333333333,49,16,-33,-0.673469387755102,0,2,2,,3,0,-3,-1.0,806,256,-550,-0.6823821339950372,1597,79,-1518,-0.9505322479649343,0,0,0,
public_v1,O3,p00033,bundle_exact_pointer_passes,bundle_verified_input,bundle_pointer_opt,False,4,4,0,0.0,89,88,-1,-0.011235955056179775,539,535,-4,-0.0074211502782931356,4,4,0,0.0,18,18,0,0.0,18,18,0,0.0,0,0,0,,3,3,0,0.0,13,13,0,0.0,79,79,0,0.0,97,97,0,0.0,67,66,-1,-0.014925373134328358,7,7,0,0.0,16,16,0,0.0,2,2,0,0.0,0,0,0,,256,255,-1,-0.00390625,79,78,-1,-0.012658227848101266,0,0,0,
public_v1,O3,p00033,llvm_default_opt_boundary_3,bundle_pointer_opt,bundle_standard_opt_3,True,4,3,-1,-0.25,88,90,2,0.022727272727272728,535,568,33,0.0616822429906542,4,6,2,0.5,18,18,0,0.0,18,18,0,0.0,0,0,0,,3,3,0,0.0,13,13,0,0.0,79,81,2,0.02531645569620253,97,110,13,0.13402061855670103,66,72,6,0.09090909090909091,7,10,3,0.42857142857142855,16,17,1,0.0625,2,2,0,0.0,0,0,0,,255,276,21,0.08235294117647059,78,82,4,0.05128205128205128,0,0,0,
public_v1,O3,p00033,custom_storage_delift,bundle_standard_opt_3,bundle_storage_delift,False,3,3,0,0.0,90,90,0,0.0,568,568,0,0.0,6,6,0,0.0,18,18,0,0.0,18,18,0,0.0,0,0,0,,3,3,0,0.0,13,13,0,0.0,81,81,0,0.0,110,110,0,0.0,72,72,0,0.0,10,10,0,0.0,17,17,0,0.0,2,2,0,0.0,0,0,0,,276,276,0,0.0,82,82,0,0.0,0,0,0,
public_v1,O3,p00033,custom_residual_strip,bundle_storage_delift,bundle_residual_strip,False,3,3,0,0.0,90,90,0,0.0,568,568,0,0.0,6,6,0,0.0,18,18,0,0.0,18,18,0,0.0,0,0,0,,3,3,0,0.0,13,13,0,0.0,81,81,0,0.0,110,110,0,0.0,72,72,0,0.0,10,10,0,0.0,17,17,0,0.0,2,2,0,0.0,0,0,0,,276,276,0,0.0,82,82,0,0.0,0,0,0,
public_v1,O3,p00033,final_tail_opt_4_plus_custom_cleanup,bundle_residual_strip,final_clean,False,3,3,0,0.0,90,90,0,0.0,568,568,0,0.0,6,6,0,0.0,18,18,0,0.0,18,18,0,0.0,0,0,0,,3,3,0,0.0,13,13,0,0.0,81,81,0,0.0,110,110,0,0.0,72,72,0,0.0,10,10,0,0.0,17,17,0,0.0,2,2,0,0.0,0,0,0,,276,276,0,0.0,82,82,0,0.0,0,0,0,
public_v1,O3,p00165,main_combined_custom_plus_opt_1_2,raw_lift,brightened_main,False,24,3,-21,-0.875,148,29,-119,-0.8040540540540541,2313,175,-2138,-0.924340683095547,60,16,-44,-0.7333333333333333,34,9,-25,-0.7352941176470589,29,9,-20,-0.6896551724137931,5,0,-5,-1.0,7,0,-7,-1.0,0,1,1,,159,37,-122,-0.7672955974842768,363,26,-337,-0.928374655647383,7,17,10,1.4285714285714286,3,6,3,1.0,27,2,-25,-0.9259259259259259,0,0,0,,3,0,-3,-1.0,529,81,-448,-0.8468809073724007,901,34,-867,-0.9622641509433962,0,0,0,
public_v1,O3,p00165,bundle_exact_pointer_passes,bundle_verified_input,bundle_pointer_opt,False,3,3,0,0.0,29,25,-4,-0.13793103448275862,175,165,-10,-0.05714285714285714,16,14,-2,-0.125,9,9,0,0.0,9,9,0,0.0,0,0,0,,0,0,0,,1,1,0,0.0,37,34,-3,-0.08108108108108109,26,26,0,0.0,17,15,-2,-0.11764705882352941,6,4,-2,-0.3333333333333333,2,4,2,1.0,0,0,0,,0,0,0,,81,76,-5,-0.06172839506172839,34,33,-1,-0.029411764705882353,0,0,0,
public_v1,O3,p00165,llvm_default_opt_boundary_3,bundle_pointer_opt,bundle_standard_opt_3,True,3,3,0,0.0,25,18,-7,-0.28,165,148,-17,-0.10303030303030303,14,10,-4,-0.2857142857142857,9,13,4,0.4444444444444444,9,13,4,0.4444444444444444,0,0,0,,0,4,4,,1,1,0,0.0,34,22,-12,-0.35294117647058826,26,22,-4,-0.15384615384615385,15,13,-2,-0.13333333333333333,4,7,3,0.75,4,9,5,1.25,0,0,0,,0,0,0,,76,58,-18,-0.23684210526315788,33,37,4,0.12121212121212122,0,0,0,
public_v1,O3,p00165,custom_storage_delift,bundle_standard_opt_3,bundle_storage_delift,False,3,3,0,0.0,18,18,0,0.0,148,148,0,0.0,10,10,0,0.0,13,13,0,0.0,13,13,0,0.0,0,0,0,,4,4,0,0.0,1,1,0,0.0,22,22,0,0.0,22,22,0,0.0,13,13,0,0.0,7,7,0,0.0,9,9,0,0.0,0,0,0,,0,0,0,,58,58,0,0.0,37,37,0,0.0,0,0,0,
public_v1,O3,p00165,custom_residual_strip,bundle_storage_delift,bundle_residual_strip,False,3,3,0,0.0,18,18,0,0.0,148,148,0,0.0,10,10,0,0.0,13,13,0,0.0,13,13,0,0.0,0,0,0,,4,4,0,0.0,1,1,0,0.0,22,22,0,0.0,22,22,0,0.0,13,13,0,0.0,7,7,0,0.0,9,9,0,0.0,0,0,0,,0,0,0,,58,58,0,0.0,37,37,0,0.0,0,0,0,
public_v1,O3,p00165,final_tail_opt_4_plus_custom_cleanup,bundle_residual_strip,final_clean,False,3,3,0,0.0,18,18,0,0.0,148,147,-1,-0.006756756756756757,10,10,0,0.0,13,12,-1,-0.07692307692307693,13,12,-1,-0.07692307692307693,0,0,0,,4,3,-1,-0.25,1,1,0,0.0,22,22,0,0.0,22,22,0,0.0,13,13,0,0.0,7,7,0,0.0,9,9,0,0.0,0,0,0,,0,0,0,,58,58,0,0.0,37,37,0,0.0,0,0,0,
public_v1,O3,p00327,main_combined_custom_plus_opt_1_2,raw_lift,brightened_main,False,24,4,-20,-0.8333333333333334,186,32,-154,-0.8279569892473119,3741,436,-3305,-0.8834536220261962,79,19,-60,-0.759493670886076,35,21,-14,-0.4,30,21,-9,-0.3,5,0,-5,-1.0,8,4,-4,-0.5,0,3,3,,186,44,-142,-0.7634408602150538,420,71,-349,-0.830952380952381,18,57,39,2.1666666666666665,3,22,19,6.333333333333333,42,17,-25,-0.5952380952380952,0,0,0,,3,0,-3,-1.0,624,175,-449,-0.719551282051282,1600,122,-1478,-0.92375,0,0,0,
public_v1,O3,p00327,bundle_exact_pointer_passes,bundle_verified_input,bundle_pointer_opt,False,4,4,0,0.0,32,32,0,0.0,436,432,-4,-0.009174311926605505,19,19,0,0.0,21,21,0,0.0,21,21,0,0.0,0,0,0,,4,4,0,0.0,3,3,0,0.0,44,44,0,0.0,71,71,0,0.0,57,57,0,0.0,22,18,-4,-0.18181818181818182,17,17,0,0.0,0,0,0,,0,0,0,,175,175,0,0.0,122,118,-4,-0.03278688524590164,0,0,0,
public_v1,O3,p00327,llvm_default_opt_boundary_3,bundle_pointer_opt,bundle_standard_opt_3,True,4,4,0,0.0,32,33,1,0.03125,432,421,-11,-0.02546296296296296,19,19,0,0.0,21,21,0,0.0,21,21,0,0.0,0,0,0,,4,4,0,0.0,3,3,0,0.0,44,44,0,0.0,71,71,0,0.0,57,56,-1,-0.017543859649122806,18,18,0,0.0,17,17,0,0.0,0,0,0,,0,0,0,,175,174,-1,-0.005714285714285714,118,114,-4,-0.03389830508474576,0,0,0,
public_v1,O3,p00327,custom_storage_delift,bundle_standard_opt_3,bundle_storage_delift,False,4,4,0,0.0,33,33,0,0.0,421,421,0,0.0,19,19,0,0.0,21,21,0,0.0,21,21,0,0.0,0,0,0,,4,4,0,0.0,3,3,0,0.0,44,44,0,0.0,71,71,0,0.0,56,56,0,0.0,18,18,0,0.0,17,17,0,0.0,0,0,0,,0,0,0,,174,174,0,0.0,114,114,0,0.0,0,0,0,
public_v1,O3,p00327,custom_residual_strip,bundle_storage_delift,bundle_residual_strip,False,4,4,0,0.0,33,33,0,0.0,421,421,0,0.0,19,19,0,0.0,21,21,0,0.0,21,21,0,0.0,0,0,0,,4,4,0,0.0,3,3,0,0.0,44,44,0,0.0,71,71,0,0.0,56,56,0,0.0,18,18,0,0.0,17,17,0,0.0,0,0,0,,0,0,0,,174,174,0,0.0,114,114,0,0.0,0,0,0,
public_v1,O3,p00327,final_tail_opt_4_plus_custom_cleanup,bundle_residual_strip,final_clean,False,4,4,0,0.0,33,33,0,0.0,421,420,-1,-0.0023752969121140144,19,19,0,0.0,21,21,0,0.0,21,21,0,0.0,0,0,0,,4,4,0,0.0,3,3,0,0.0,44,44,0,0.0,71,71,0,0.0,56,56,0,0.0,18,18,0,0.0,17,17,0,0.0,0,0,0,,0,0,0,,174,174,0,0.0,114,113,-1,-0.008771929824561403,0,0,0,
public_v1,O3,p00678,main_combined_custom_plus_opt_1_2,raw_lift,brightened_main,False,28,5,-23,-0.8214285714285714,167,78,-89,-0.5329341317365269,3083,1183,-1900,-0.6162828413882582,78,18,-60,-0.7692307692307693,60,29,-31,-0.5166666666666667,55,29,-26,-0.4727272727272727,5,0,-5,-1.0,18,12,-6,-0.3333333333333333,0,7,7,,200,91,-109,-0.545,552,151,-401,-0.7264492753623188,15,125,110,7.333333333333333,15,88,73,4.866666666666666,30,20,-10,-0.3333333333333333,0,4,4,,6,3,-3,-0.5,767,374,-393,-0.5123859191655802,1132,306,-826,-0.7296819787985865,0,0,0,
public_v1,O3,p00678,bundle_exact_pointer_passes,bundle_verified_input,bundle_pointer_opt,False,5,5,0,0.0,78,78,0,0.0,1183,1183,0,0.0,18,18,0,0.0,29,29,0,0.0,29,29,0,0.0,0,0,0,,12,12,0,0.0,7,7,0,0.0,91,91,0,0.0,151,151,0,0.0,125,125,0,0.0,88,88,0,0.0,20,20,0,0.0,4,4,0,0.0,3,3,0,0.0,374,374,0,0.0,306,306,0,0.0,0,0,0,
public_v1,O3,p00678,llvm_default_opt_boundary_3,bundle_pointer_opt,bundle_standard_opt_3,True,5,5,0,0.0,78,78,0,0.0,1183,1183,0,0.0,18,18,0,0.0,29,29,0,0.0,29,29,0,0.0,0,0,0,,12,12,0,0.0,7,7,0,0.0,91,91,0,0.0,151,151,0,0.0,125,125,0,0.0,88,88,0,0.0,20,20,0,0.0,4,4,0,0.0,3,3,0,0.0,374,374,0,0.0,306,306,0,0.0,0,0,0,
public_v1,O3,p00678,custom_storage_delift,bundle_standard_opt_3,bundle_storage_delift,False,5,5,0,0.0,78,78,0,0.0,1183,1183,0,0.0,18,18,0,0.0,29,29,0,0.0,29,29,0,0.0,0,0,0,,12,12,0,0.0,7,7,0,0.0,91,91,0,0.0,151,151,0,0.0,125,125,0,0.0,88,88,0,0.0,20,20,0,0.0,4,4,0,0.0,3,3,0,0.0,374,374,0,0.0,306,306,0,0.0,0,0,0,
public_v1,O3,p00678,custom_residual_strip,bundle_storage_delift,bundle_residual_strip,False,5,5,0,0.0,78,78,0,0.0,1183,1183,0,0.0,18,18,0,0.0,29,29,0,0.0,29,29,0,0.0,0,0,0,,12,12,0,0.0,7,7,0,0.0,91,91,0,0.0,151,151,0,0.0,125,125,0,0.0,88,88,0,0.0,20,20,0,0.0,4,4,0,0.0,3,3,0,0.0,374,374,0,0.0,306,306,0,0.0,0,0,0,
public_v1,O3,p00678,final_tail_opt_4_plus_custom_cleanup,bundle_residual_strip,final_clean,False,5,5,0,0.0,78,78,0,0.0,1183,1183,0,0.0,18,18,0,0.0,29,29,0,0.0,29,29,0,0.0,0,0,0,,12,12,0,0.0,7,7,0,0.0,91,91,0,0.0,151,151,0,0.0,125,125,0,0.0,88,88,0,0.0,20,20,0,0.0,4,4,0,0.0,3,3,0,0.0,374,374,0,0.0,306,306,0,0.0,0,0,0,
public_v1,O3,p00693,main_combined_custom_plus_opt_1_2,raw_lift,brightened_main,False,25,5,-20,-0.8,217,37,-180,-0.8294930875576036,3887,586,-3301,-0.849241059943401,93,18,-75,-0.8064516129032258,48,31,-17,-0.3541666666666667,43,31,-12,-0.27906976744186046,5,0,-5,-1.0,15,10,-5,-0.3333333333333333,0,5,5,,202,47,-155,-0.7673267326732673,574,107,-467,-0.813588850174216,16,108,92,5.75,3,20,17,5.666666666666667,47,43,-4,-0.0851063829787234,0,0,0,,3,0,-3,-1.0,792,267,-525,-0.6628787878787878,1592,162,-1430,-0.8982412060301508,0,0,0,
public_v1,O3,p00693,bundle_exact_pointer_passes,bundle_verified_input,bundle_pointer_opt,False,5,5,0,0.0,37,36,-1,-0.02702702702702703,586,583,-3,-0.005119453924914676,18,18,0,0.0,31,31,0,0.0,31,31,0,0.0,0,0,0,,10,10,0,0.0,5,5,0,0.0,47,47,0,0.0,107,107,0,0.0,108,107,-1,-0.009259259259259259,20,20,0,0.0,43,43,0,0.0,0,0,0,,0,0,0,,267,266,-1,-0.003745318352059925,162,162,0,0.0,0,0,0,
public_v1,O3,p00693,llvm_default_opt_boundary_3,bundle_pointer_opt,bundle_standard_opt_3,True,5,5,0,0.0,36,35,-1,-0.027777777777777776,583,563,-20,-0.03430531732418525,18,19,1,0.05555555555555555,31,32,1,0.03225806451612903,31,32,1,0.03225806451612903,0,0,0,,10,10,0,0.0,5,5,0,0.0,47,49,2,0.0425531914893617,107,111,4,0.037383177570093455,107,102,-5,-0.04672897196261682,20,14,-6,-0.3,43,44,1,0.023255813953488372,0,0,0,,0,0,0,,266,267,1,0.0037593984962406013,162,153,-9,-0.05555555555555555,0,0,0,
public_v1,O3,p00693,custom_storage_delift,bundle_standard_opt_3,bundle_storage_delift,False,5,5,0,0.0,35,35,0,0.0,563,563,0,0.0,19,19,0,0.0,32,32,0,0.0,32,32,0,0.0,0,0,0,,10,10,0,0.0,5,5,0,0.0,49,49,0,0.0,111,111,0,0.0,102,102,0,0.0,14,14,0,0.0,44,44,0,0.0,0,0,0,,0,0,0,,267,267,0,0.0,153,153,0,0.0,0,0,0,
public_v1,O3,p00693,custom_residual_strip,bundle_storage_delift,bundle_residual_strip,False,5,5,0,0.0,35,35,0,0.0,563,563,0,0.0,19,19,0,0.0,32,32,0,0.0,32,32,0,0.0,0,0,0,,10,10,0,0.0,5,5,0,0.0,49,49,0,0.0,111,111,0,0.0,102,102,0,0.0,14,14,0,0.0,44,44,0,0.0,0,0,0,,0,0,0,,267,267,0,0.0,153,153,0,0.0,0,0,0,
public_v1,O3,p00693,final_tail_opt_4_plus_custom_cleanup,bundle_residual_strip,final_clean,False,5,5,0,0.0,35,35,0,0.0,563,563,0,0.0,19,19,0,0.0,32,32,0,0.0,32,32,0,0.0,0,0,0,,10,10,0,0.0,5,5,0,0.0,49,49,0,0.0,111,111,0,0.0,102,102,0,0.0,14,14,0,0.0,44,44,0,0.0,0,0,0,,0,0,0,,267,267,0,0.0,153,153,0,0.0,0,0,0,
public_v1,O3,p00788,main_combined_custom_plus_opt_1_2,raw_lift,brightened_main,False,26,2,-24,-0.9230769230769231,153,46,-107,-0.6993464052287581,2815,220,-2595,-0.9218472468916519,70,15,-55,-0.7857142857142857,54,11,-43,-0.7962962962962963,49,11,-38,-0.7755102040816326,5,0,-5,-1.0,11,0,-11,-1.0,0,8,8,,188,13,-175,-0.9308510638297872,472,7,-465,-0.9851694915254238,9,0,-9,-1.0,3,38,35,11.666666666666666,28,6,-22,-0.7857142857142857,0,1,1,,17,9,-8,-0.47058823529411764,669,28,-641,-0.9581464872944694,1052,86,-966,-0.9182509505703422,0,0,0,
public_v1,O3,p00788,bundle_exact_pointer_passes,bundle_verified_input,bundle_pointer_opt,False,2,2,0,0.0,46,42,-4,-0.08695652173913043,220,203,-17,-0.07727272727272727,15,14,-1,-0.06666666666666667,11,11,0,0.0,11,11,0,0.0,0,0,0,,0,0,0,,8,8,0,0.0,13,11,-2,-0.15384615384615385,7,7,0,0.0,0,0,0,,38,24,-14,-0.3684210526315789,6,9,3,0.5,1,1,0,0.0,9,9,0,0.0,28,26,-2,-0.07142857142857142,86,75,-11,-0.12790697674418605,0,0,0,
public_v1,O3,p00788,llvm_default_opt_boundary_3,bundle_pointer_opt,bundle_standard_opt_3,True,2,2,0,0.0,42,42,0,0.0,203,191,-12,-0.059113300492610835,14,14,0,0.0,11,11,0,0.0,11,11,0,0.0,0,0,0,,0,0,0,,8,2,-6,-0.75,11,4,-7,-0.6363636363636364,7,2,-5,-0.7142857142857143,0,0,0,,24,30,6,0.25,9,11,2,0.2222222222222222,1,1,0,0.0,9,9,0,0.0,26,8,-18,-0.6923076923076923,75,83,8,0.10666666666666667,0,0,0,
public_v1,O3,p00788,custom_storage_delift,bundle_standard_opt_3,bundle_storage_delift,False,2,2,0,0.0,42,42,0,0.0,191,191,0,0.0,14,14,0,0.0,11,11,0,0.0,11,11,0,0.0,0,0,0,,0,0,0,,2,2,0,0.0,4,4,0,0.0,2,2,0,0.0,0,0,0,,30,30,0,0.0,11,11,0,0.0,1,1,0,0.0,9,9,0,0.0,8,8,0,0.0,83,83,0,0.0,0,0,0,
public_v1,O3,p00788,custom_residual_strip,bundle_storage_delift,bundle_residual_strip,False,2,2,0,0.0,42,42,0,0.0,191,191,0,0.0,14,14,0,0.0,11,11,0,0.0,11,11,0,0.0,0,0,0,,0,0,0,,2,2,0,0.0,4,4,0,0.0,2,2,0,0.0,0,0,0,,30,30,0,0.0,11,11,0,0.0,1,1,0,0.0,9,9,0,0.0,8,8,0,0.0,83,83,0,0.0,0,0,0,
public_v1,O3,p00788,final_tail_opt_4_plus_custom_cleanup,bundle_residual_strip,final_clean,False,2,2,0,0.0,42,42,0,0.0,191,191,0,0.0,14,14,0,0.0,11,11,0,0.0,11,11,0,0.0,0,0,0,,0,0,0,,2,2,0,0.0,4,4,0,0.0,2,2,0,0.0,0,0,0,,30,30,0,0.0,11,11,0,0.0,1,1,0,0.0,9,9,0,0.0,8,8,0,0.0,83,83,0,0.0,0,0,0,
public_v1,O3,p00793,main_combined_custom_plus_opt_1_2,raw_lift,brightened_main,False,31,9,-22,-0.7096774193548387,162,102,-60,-0.37037037037037035,3671,4972,1301,0.35439934622718605,76,42,-34,-0.4473684210526316,67,97,30,0.44776119402985076,62,97,35,0.5645161290322581,5,0,-5,-1.0,22,34,12,0.5454545454545454,0,6,6,,374,619,245,0.6550802139037433,736,2429,1693,2.3002717391304346,43,136,93,2.1627906976744184,14,430,416,29.714285714285715,26,14,-12,-0.46153846153846156,0,9,9,,7,4,-3,-0.42857142857142855,1153,3190,2037,1.766695576756288,1167,926,-241,-0.20651242502142245,0,0,0,
public_v1,O3,p00793,bundle_exact_pointer_passes,bundle_verified_input,bundle_pointer_opt,False,9,9,0,0.0,102,102,0,0.0,4972,4972,0,0.0,42,42,0,0.0,97,97,0,0.0,97,97,0,0.0,0,0,0,,34,34,0,0.0,6,6,0,0.0,619,619,0,0.0,2429,2429,0,0.0,136,136,0,0.0,430,430,0,0.0,14,14,0,0.0,9,9,0,0.0,4,4,0,0.0,3190,3190,0,0.0,926,926,0,0.0,0,0,0,
public_v1,O3,p00793,llvm_default_opt_boundary_3,bundle_pointer_opt,bundle_standard_opt_3,True,9,9,0,0.0,102,102,0,0.0,4972,4825,-147,-0.029565567176186646,42,42,0,0.0,97,97,0,0.0,97,97,0,0.0,0,0,0,,34,34,0,0.0,6,6,0,0.0,619,598,-21,-0.033925686591276254,2429,2301,-128,-0.05269658295594895,136,136,0,0.0,430,430,0,0.0,14,14,0,0.0,9,9,0,0.0,4,4,0,0.0,3190,3041,-149,-0.04670846394984326,926,928,2,0.0021598272138228943,0,0,0,
public_v1,O3,p00793,custom_storage_delift,bundle_standard_opt_3,bundle_storage_delift,False,9,9,0,0.0,102,102,0,0.0,4825,4825,0,0.0,42,42,0,0.0,97,97,0,0.0,97,97,0,0.0,0,0,0,,34,34,0,0.0,6,6,0,0.0,598,598,0,0.0,2301,2301,0,0.0,136,136,0,0.0,430,430,0,0.0,14,14,0,0.0,9,9,0,0.0,4,4,0,0.0,3041,3041,0,0.0,928,928,0,0.0,0,0,0,
public_v1,O3,p00793,custom_residual_strip,bundle_storage_delift,bundle_residual_strip,False,9,9,0,0.0,102,102,0,0.0,4825,4825,0,0.0,42,42,0,0.0,97,97,0,0.0,97,97,0,0.0,0,0,0,,34,34,0,0.0,6,6,0,0.0,598,598,0,0.0,2301,2301,0,0.0,136,136,0,0.0,430,430,0,0.0,14,14,0,0.0,9,9,0,0.0,4,4,0,0.0,3041,3041,0,0.0,928,928,0,0.0,0,0,0,
public_v1,O3,p00793,final_tail_opt_4_plus_custom_cleanup,bundle_residual_strip,final_clean,False,9,9,0,0.0,102,102,0,0.0,4825,4798,-27,-0.005595854922279792,42,42,0,0.0,97,97,0,0.0,97,97,0,0.0,0,0,0,,34,34,0,0.0,6,6,0,0.0,598,598,0,0.0,2301,2274,-27,-0.011734028683181226,136,136,0,0.0,430,430,0,0.0,14,14,0,0.0,9,9,0,0.0,4,4,0,0.0,3041,3014,-27,-0.00887865833607366,928,928,0,0.0,0,0,0,
public_v1,O3,p00859,main_combined_custom_plus_opt_1_2,raw_lift,brightened_main,False,37,7,-30,-0.8108108108108109,245,93,-152,-0.6204081632653061,4458,1195,-3263,-0.7319425751458053,97,5,-92,-0.9484536082474226,80,40,-40,-0.5,73,40,-33,-0.4520547945205479,7,0,-7,-1.0,25,0,-25,-1.0,0,1,1,,299,131,-168,-0.5618729096989966,720,175,-545,-0.7569444444444444,32,103,71,2.21875,5,34,29,5.8,47,19,-28,-0.5957446808510638,0,2,2,,3,0,-3,-1.0,1051,410,-641,-0.609895337773549,1694,266,-1428,-0.8429752066115702,0,0,0,
public_v1,O3,p00859,bundle_exact_pointer_passes,bundle_verified_input,bundle_pointer_opt,False,7,7,0,0.0,93,91,-2,-0.021505376344086023,1195,1183,-12,-0.0100418410041841,5,5,0,0.0,40,40,0,0.0,40,40,0,0.0,0,0,0,,0,0,0,,1,1,0,0.0,131,131,0,0.0,175,175,0,0.0,103,106,3,0.02912621359223301,34,34,0,0.0,19,19,0,0.0,2,2,0,0.0,0,0,0,,410,413,3,0.007317073170731708,266,262,-4,-0.015037593984962405,0,0,0,
public_v1,O3,p00859,llvm_default_opt_boundary_3,bundle_pointer_opt,bundle_standard_opt_3,True,7,7,0,0.0,91,91,0,0.0,1183,863,-320,-0.2704987320371936,5,6,1,0.2,40,41,1,0.025,40,41,1,0.025,0,0,0,,0,0,0,,1,1,0,0.0,131,96,-35,-0.26717557251908397,175,166,-9,-0.05142857142857143,106,90,-16,-0.1509433962264151,34,33,-1,-0.029411764705882353,19,19,0,0.0,2,2,0,0.0,0,0,0,,413,353,-60,-0.14527845036319612,262,176,-86,-0.3282442748091603,0,0,0,
public_v1,O3,p00859,custom_storage_delift,bundle_standard_opt_3,bundle_storage_delift,False,7,7,0,0.0,91,91,0,0.0,863,863,0,0.0,6,6,0,0.0,41,41,0,0.0,41,41,0,0.0,0,0,0,,0,0,0,,1,1,0,0.0,96,96,0,0.0,166,166,0,0.0,90,90,0,0.0,33,33,0,0.0,19,19,0,0.0,2,2,0,0.0,0,0,0,,353,353,0,0.0,176,176,0,0.0,0,0,0,
public_v1,O3,p00859,custom_residual_strip,bundle_storage_delift,bundle_residual_strip,False,7,7,0,0.0,91,91,0,0.0,863,863,0,0.0,6,6,0,0.0,41,41,0,0.0,41,41,0,0.0,0,0,0,,0,0,0,,1,1,0,0.0,96,96,0,0.0,166,166,0,0.0,90,90,0,0.0,33,33,0,0.0,19,19,0,0.0,2,2,0,0.0,0,0,0,,353,353,0,0.0,176,176,0,0.0,0,0,0,
public_v1,O3,p00859,final_tail_opt_4_plus_custom_cleanup,bundle_residual_strip,final_clean,False,7,7,0,0.0,91,91,0,0.0,863,847,-16,-0.01853997682502897,6,6,0,0.0,41,41,0,0.0,41,41,0,0.0,0,0,0,,0,0,0,,1,1,0,0.0,96,96,0,0.0,166,164,-2,-0.012048192771084338,90,76,-14,-0.15555555555555556,33,33,0,0.0,19,19,0,0.0,2,2,0,0.0,0,0,0,,353,337,-16,-0.0453257790368272,176,176,0,0.0,0,0,0,
public_v1,O3,p00867,main_combined_custom_plus_opt_1_2,raw_lift,brightened_main,False,39,13,-26,-0.6666666666666666,779,400,-379,-0.4865211810012837,16443,5966,-10477,-0.6371708325731315,356,43,-313,-0.8792134831460674,139,125,-14,-0.10071942446043165,134,125,-9,-0.06716417910447761,5,0,-5,-1.0,51,0,-51,-1.0,0,1,1,,1111,747,-364,-0.3276327632763276,2277,882,-1395,-0.6126482213438735,100,430,330,3.3,13,158,145,11.153846153846153,199,110,-89,-0.4472361809045226,0,8,8,,3,0,-3,-1.0,3488,2060,-1428,-0.40940366972477066,6642,1380,-5262,-0.7922312556458898,0,0,0,
public_v1,O3,p00867,bundle_exact_pointer_passes,bundle_verified_input,bundle_pointer_opt,False,13,13,0,0.0,400,395,-5,-0.0125,5966,5854,-112,-0.018773047267851155,43,43,0,0.0,125,125,0,0.0,125,125,0,0.0,0,0,0,,0,0,0,,1,1,0,0.0,747,747,0,0.0,882,882,0,0.0,430,420,-10,-0.023255813953488372,158,156,-2,-0.012658227848101266,110,110,0,0.0,8,8,0,0.0,0,0,0,,2060,2050,-10,-0.0048543689320388345,1380,1375,-5,-0.0036231884057971015,0,0,0,
public_v1,O3,p00867,llvm_default_opt_boundary_3,bundle_pointer_opt,bundle_standard_opt_3,True,13,13,0,0.0,395,422,27,0.06835443037974684,5854,5592,-262,-0.044755722582849336,43,62,19,0.4418604651162791,125,123,-2,-0.016,125,123,-2,-0.016,0,0,0,,0,0,0,,1,1,0,0.0,747,739,-8,-0.0107095046854083,882,728,-154,-0.1746031746031746,420,389,-31,-0.07380952380952381,156,190,34,0.21794871794871795,110,108,-2,-0.01818181818181818,8,8,0,0.0,0,0,0,,2050,1857,-193,-0.09414634146341463,1375,1418,43,0.03127272727272727,0,0,0,
public_v1,O3,p00867,custom_storage_delift,bundle_standard_opt_3,bundle_storage_delift,False,13,13,0,0.0,422,422,0,0.0,5592,5592,0,0.0,62,62,0,0.0,123,123,0,0.0,123,123,0,0.0,0,0,0,,0,0,0,,1,1,0,0.0,739,739,0,0.0,728,728,0,0.0,389,389,0,0.0,190,190,0,0.0,108,108,0,0.0,8,8,0,0.0,0,0,0,,1857,1857,0,0.0,1418,1418,0,0.0,0,0,0,
public_v1,O3,p00867,custom_residual_strip,bundle_storage_delift,bundle_residual_strip,False,13,13,0,0.0,422,422,0,0.0,5592,5592,0,0.0,62,62,0,0.0,123,123,0,0.0,123,123,0,0.0,0,0,0,,0,0,0,,1,1,0,0.0,739,739,0,0.0,728,728,0,0.0,389,389,0,0.0,190,190,0,0.0,108,108,0,0.0,8,8,0,0.0,0,0,0,,1857,1857,0,0.0,1418,1418,0,0.0,0,0,0,
public_v1,O3,p00867,final_tail_opt_4_plus_custom_cleanup,bundle_residual_strip,final_clean,False,13,14,1,0.07692307692307693,422,422,0,0.0,5592,5391,-201,-0.03594420600858369,62,62,0,0.0,123,125,2,0.016260162601626018,123,125,2,0.016260162601626018,0,0,0,,0,0,0,,1,1,0,0.0,739,738,-1,-0.0013531799729364006,728,654,-74,-0.10164835164835165,389,321,-68,-0.17480719794344474,190,179,-11,-0.05789473684210526,108,105,-3,-0.027777777777777776,8,8,0,0.0,0,0,0,,1857,1714,-143,-0.07700592353257943,1418,1399,-19,-0.013399153737658674,0,0,0,
public_v1,O3,p01296,main_combined_custom_plus_opt_1_2,raw_lift,brightened_main,False,35,10,-25,-0.7142857142857143,653,269,-384,-0.5880551301684533,14249,3947,-10302,-0.7229981051301846,301,31,-270,-0.8970099667774086,142,229,87,0.6126760563380281,137,229,92,0.6715328467153284,5,0,-5,-1.0,58,0,-58,-1.0,0,1,1,,909,567,-342,-0.37623762376237624,2031,502,-1529,-0.7528311176760216,54,267,213,3.9444444444444446,5,58,53,10.6,156,53,-103,-0.6602564102564102,0,7,7,,6,2,-4,-0.6666666666666666,2994,1337,-1657,-0.5534402137608551,5874,804,-5070,-0.8631256384065373,0,0,0,
public_v1,O3,p01296,bundle_exact_pointer_passes,bundle_verified_input,bundle_pointer_opt,False,10,10,0,0.0,269,262,-7,-0.026022304832713755,3947,3843,-104,-0.026349125918419054,31,31,0,0.0,229,229,0,0.0,229,229,0,0.0,0,0,0,,0,0,0,,1,1,0,0.0,567,559,-8,-0.014109347442680775,502,502,0,0.0,267,257,-10,-0.03745318352059925,58,57,-1,-0.017241379310344827,53,53,0,0.0,7,7,0,0.0,2,2,0,0.0,1337,1319,-18,-0.013462976813762155,804,793,-11,-0.013681592039800995,0,0,0,
public_v1,O3,p01296,llvm_default_opt_boundary_3,bundle_pointer_opt,bundle_standard_opt_3,True,10,9,-1,-0.1,262,249,-13,-0.04961832061068702,3843,2269,-1574,-0.409575852198803,31,32,1,0.03225806451612903,229,220,-9,-0.039301310043668124,229,220,-9,-0.039301310043668124,0,0,0,,0,0,0,,1,1,0,0.0,559,424,-135,-0.24150268336314848,502,318,-184,-0.3665338645418327,257,194,-63,-0.245136186770428,57,58,1,0.017543859649122806,53,53,0,0.0,7,7,0,0.0,2,2,0,0.0,1319,937,-382,-0.2896133434420015,793,455,-338,-0.4262295081967213,0,0,0,
public_v1,O3,p01296,custom_storage_delift,bundle_standard_opt_3,bundle_storage_delift,False,9,9,0,0.0,249,249,0,0.0,2269,2269,0,0.0,32,32,0,0.0,220,220,0,0.0,220,220,0,0.0,0,0,0,,0,0,0,,1,1,0,0.0,424,424,0,0.0,318,318,0,0.0,194,194,0,0.0,58,58,0,0.0,53,53,0,0.0,7,7,0,0.0,2,2,0,0.0,937,937,0,0.0,455,455,0,0.0,0,0,0,
public_v1,O3,p01296,custom_residual_strip,bundle_storage_delift,bundle_residual_strip,False,9,9,0,0.0,249,249,0,0.0,2269,2269,0,0.0,32,32,0,0.0,220,220,0,0.0,220,220,0,0.0,0,0,0,,0,0,0,,1,1,0,0.0,424,424,0,0.0,318,318,0,0.0,194,194,0,0.0,58,58,0,0.0,53,53,0,0.0,7,7,0,0.0,2,2,0,0.0,937,937,0,0.0,455,455,0,0.0,0,0,0,
public_v1,O3,p01296,final_tail_opt_4_plus_custom_cleanup,bundle_residual_strip,final_clean,False,9,9,0,0.0,249,233,-16,-0.0642570281124498,2269,2237,-32,-0.014103129131776113,32,33,1,0.03125,220,220,0,0.0,220,220,0,0.0,0,0,0,,0,0,0,,1,1,0,0.0,424,421,-3,-0.007075471698113208,318,314,-4,-0.012578616352201259,194,194,0,0.0,58,67,9,0.15517241379310345,53,53,0,0.0,7,8,1,0.14285714285714285,2,2,0,0.0,937,930,-7,-0.007470651013874066,455,458,3,0.006593406593406593,0,0,0,
public_v1,O3,p01315,main_combined_custom_plus_opt_1_2,raw_lift,brightened_main,False,28,5,-23,-0.8214285714285714,189,32,-157,-0.8306878306878307,4160,640,-3520,-0.8461538461538461,77,15,-62,-0.8051948051948052,66,67,1,0.015151515151515152,61,67,6,0.09836065573770492,5,0,-5,-1.0,23,10,-13,-0.5652173913043478,0,6,6,,289,93,-196,-0.6782006920415224,652,154,-498,-0.7638036809815951,35,95,60,1.7142857142857142,3,16,13,4.333333333333333,37,16,-21,-0.5675675675675675,0,0,0,,3,0,-3,-1.0,976,348,-628,-0.6434426229508197,1593,102,-1491,-0.935969868173258,0,0,0,
public_v1,O3,p01315,bundle_exact_pointer_passes,bundle_verified_input,bundle_pointer_opt,False,5,5,0,0.0,32,32,0,0.0,640,634,-6,-0.009375,15,15,0,0.0,67,67,0,0.0,67,67,0,0.0,0,0,0,,10,10,0,0.0,6,6,0,0.0,93,93,0,0.0,154,154,0,0.0,95,95,0,0.0,16,13,-3,-0.1875,16,16,0,0.0,0,0,0,,0,0,0,,348,348,0,0.0,102,98,-4,-0.0392156862745098,0,0,0,
public_v1,O3,p01315,llvm_default_opt_boundary_3,bundle_pointer_opt,bundle_standard_opt_3,True,5,5,0,0.0,32,31,-1,-0.03125,634,640,6,0.00946372239747634,15,16,1,0.06666666666666667,67,67,0,0.0,67,67,0,0.0,0,0,0,,10,10,0,0.0,6,6,0,0.0,93,97,4,0.043010752688172046,154,158,4,0.025974025974025976,95,95,0,0.0,13,16,3,0.23076923076923078,16,17,1,0.0625,0,0,0,,0,0,0,,348,356,8,0.022988505747126436,98,101,3,0.030612244897959183,0,0,0,
public_v1,O3,p01315,custom_storage_delift,bundle_standard_opt_3,bundle_storage_delift,False,5,5,0,0.0,31,31,0,0.0,640,640,0,0.0,16,16,0,0.0,67,67,0,0.0,67,67,0,0.0,0,0,0,,10,10,0,0.0,6,6,0,0.0,97,97,0,0.0,158,158,0,0.0,95,95,0,0.0,16,16,0,0.0,17,17,0,0.0,0,0,0,,0,0,0,,356,356,0,0.0,101,101,0,0.0,0,0,0,
public_v1,O3,p01315,custom_residual_strip,bundle_storage_delift,bundle_residual_strip,False,5,5,0,0.0,31,31,0,0.0,640,640,0,0.0,16,16,0,0.0,67,67,0,0.0,67,67,0,0.0,0,0,0,,10,10,0,0.0,6,6,0,0.0,97,97,0,0.0,158,158,0,0.0,95,95,0,0.0,16,16,0,0.0,17,17,0,0.0,0,0,0,,0,0,0,,356,356,0,0.0,101,101,0,0.0,0,0,0,
public_v1,O3,p01315,final_tail_opt_4_plus_custom_cleanup,bundle_residual_strip,final_clean,False,5,6,1,0.2,31,33,2,0.06451612903225806,640,642,2,0.003125,16,16,0,0.0,67,68,1,0.014925373134328358,67,68,1,0.014925373134328358,0,0,0,,10,10,0,0.0,6,6,0,0.0,97,97,0,0.0,158,158,0,0.0,95,95,0,0.0,16,16,0,0.0,17,17,0,0.0,0,0,0,,0,0,0,,356,356,0,0.0,101,101,0,0.0,0,0,0,
public_v1,O3,p01571,main_combined_custom_plus_opt_1_2,raw_lift,brightened_main,False,43,19,-24,-0.5581395348837209,611,285,-326,-0.5335515548281505,13195,4390,-8805,-0.667298219022357,273,26,-247,-0.9047619047619048,116,270,154,1.3275862068965518,110,270,160,1.4545454545454546,6,0,-6,-1.0,40,10,-30,-0.75,0,6,6,,1023,703,-320,-0.3128054740957967,1865,505,-1360,-0.7292225201072386,138,400,262,1.8985507246376812,17,131,114,6.705882352941177,138,68,-70,-0.5072463768115942,0,9,9,,3,0,-3,-1.0,3026,1614,-1412,-0.4666226040978189,5227,949,-4278,-0.8184427013583317,0,0,0,
public_v1,O3,p01571,bundle_exact_pointer_passes,bundle_verified_input,bundle_pointer_opt,False,19,19,0,0.0,285,274,-11,-0.03859649122807018,4390,4270,-120,-0.02733485193621868,26,25,-1,-0.038461538461538464,270,268,-2,-0.007407407407407408,270,268,-2,-0.007407407407407408,0,0,0,,10,8,-2,-0.2,6,5,-1,-0.16666666666666666,703,699,-4,-0.005689900426742532,505,492,-13,-0.02574257425742574,400,378,-22,-0.055,131,130,-1,-0.007633587786259542,68,67,-1,-0.014705882352941176,9,9,0,0.0,0,0,0,,1614,1574,-40,-0.024783147459727387,949,939,-10,-0.01053740779768177,0,0,0,
public_v1,O3,p01571,llvm_default_opt_boundary_3,bundle_pointer_opt,bundle_standard_opt_3,True,19,19,0,0.0,274,275,1,0.0036496350364963502,4270,3549,-721,-0.16885245901639345,25,26,1,0.04,268,269,1,0.0037313432835820895,268,269,1,0.0037313432835820895,0,0,0,,8,9,1,0.125,5,5,0,0.0,699,635,-64,-0.09155937052932761,492,404,-88,-0.17886178861788618,378,347,-31,-0.082010582010582,130,121,-9,-0.06923076923076923,67,68,1,0.014925373134328358,9,9,0,0.0,0,0,0,,1574,1391,-183,-0.11626429479034307,939,766,-173,-0.18423855165069222,0,0,0,
public_v1,O3,p01571,custom_storage_delift,bundle_standard_opt_3,bundle_storage_delift,False,19,19,0,0.0,275,275,0,0.0,3549,3549,0,0.0,26,26,0,0.0,269,269,0,0.0,269,269,0,0.0,0,0,0,,9,9,0,0.0,5,5,0,0.0,635,635,0,0.0,404,404,0,0.0,347,347,0,0.0,121,121,0,0.0,68,68,0,0.0,9,9,0,0.0,0,0,0,,1391,1391,0,0.0,766,766,0,0.0,0,0,0,
public_v1,O3,p01571,custom_residual_strip,bundle_storage_delift,bundle_residual_strip,False,19,19,0,0.0,275,275,0,0.0,3549,3549,0,0.0,26,26,0,0.0,269,269,0,0.0,269,269,0,0.0,0,0,0,,9,9,0,0.0,5,5,0,0.0,635,635,0,0.0,404,404,0,0.0,347,347,0,0.0,121,121,0,0.0,68,68,0,0.0,9,9,0,0.0,0,0,0,,1391,1391,0,0.0,766,766,0,0.0,0,0,0,
public_v1,O3,p01571,final_tail_opt_4_plus_custom_cleanup,bundle_residual_strip,final_clean,False,19,19,0,0.0,275,275,0,0.0,3549,3283,-266,-0.07495069033530571,26,26,0,0.0,269,269,0,0.0,269,269,0,0.0,0,0,0,,9,9,0,0.0,5,5,0,0.0,635,617,-18,-0.028346456692913385,404,404,0,0.0,347,335,-12,-0.0345821325648415,121,111,-10,-0.08264462809917356,68,68,0,0.0,9,9,0,0.0,0,0,0,,1391,1361,-30,-0.021567217828900073,766,689,-77,-0.10052219321148825,0,0,0,
public_v1,O3,p01687,main_combined_custom_plus_opt_1_2,raw_lift,brightened_main,False,31,4,-27,-0.8709677419354839,166,50,-116,-0.6987951807228916,2708,630,-2078,-0.7673559822747416,64,15,-49,-0.765625,53,10,-43,-0.8113207547169812,48,10,-38,-0.7916666666666666,5,0,-5,-1.0,13,0,-13,-1.0,0,1,1,,163,54,-109,-0.6687116564417178,443,78,-365,-0.8239277652370203,12,112,100,8.333333333333334,5,15,10,2.0,36,68,32,0.8888888888888888,0,1,1,,3,0,-3,-1.0,618,245,-373,-0.6035598705501618,1030,209,-821,-0.7970873786407767,0,0,0,
public_v1,O3,p01687,bundle_exact_pointer_passes,bundle_verified_input,bundle_pointer_opt,False,4,4,0,0.0,50,49,-1,-0.02,630,627,-3,-0.004761904761904762,15,15,0,0.0,10,10,0,0.0,10,10,0,0.0,0,0,0,,0,0,0,,1,1,0,0.0,54,54,0,0.0,78,78,0,0.0,112,111,-1,-0.008928571428571428,15,15,0,0.0,68,68,0,0.0,1,1,0,0.0,0,0,0,,245,244,-1,-0.004081632653061225,209,209,0,0.0,0,0,0,
public_v1,O3,p01687,llvm_default_opt_boundary_3,bundle_pointer_opt,bundle_standard_opt_3,True,4,3,-1,-0.25,49,46,-3,-0.061224489795918366,627,539,-88,-0.14035087719298245,15,15,0,0.0,10,9,-1,-0.1,10,9,-1,-0.1,0,0,0,,0,0,0,,1,1,0,0.0,54,47,-7,-0.12962962962962962,78,66,-12,-0.15384615384615385,111,91,-20,-0.18018018018018017,15,7,-8,-0.5333333333333333,68,64,-4,-0.058823529411764705,1,1,0,0.0,0,0,0,,244,205,-39,-0.1598360655737705,209,183,-26,-0.12440191387559808,0,0,0,
public_v1,O3,p01687,custom_storage_delift,bundle_standard_opt_3,bundle_storage_delift,False,3,3,0,0.0,46,46,0,0.0,539,539,0,0.0,15,15,0,0.0,9,9,0,0.0,9,9,0,0.0,0,0,0,,0,0,0,,1,1,0,0.0,47,47,0,0.0,66,66,0,0.0,91,91,0,0.0,7,7,0,0.0,64,64,0,0.0,1,1,0,0.0,0,0,0,,205,205,0,0.0,183,183,0,0.0,0,0,0,
public_v1,O3,p01687,custom_residual_strip,bundle_storage_delift,bundle_residual_strip,False,3,3,0,0.0,46,46,0,0.0,539,539,0,0.0,15,15,0,0.0,9,9,0,0.0,9,9,0,0.0,0,0,0,,0,0,0,,1,1,0,0.0,47,47,0,0.0,66,66,0,0.0,91,91,0,0.0,7,7,0,0.0,64,64,0,0.0,1,1,0,0.0,0,0,0,,205,205,0,0.0,183,183,0,0.0,0,0,0,
public_v1,O3,p01687,final_tail_opt_4_plus_custom_cleanup,bundle_residual_strip,final_clean,False,3,3,0,0.0,46,46,0,0.0,539,343,-196,-0.36363636363636365,15,15,0,0.0,9,9,0,0.0,9,9,0,0.0,0,0,0,,0,0,0,,1,1,0,0.0,47,37,-10,-0.2127659574468085,66,56,-10,-0.15151515151515152,91,42,-49,-0.5384615384615384,7,6,-1,-0.14285714285714285,64,24,-40,-0.625,1,1,0,0.0,0,0,0,,205,136,-69,-0.33658536585365856,183,97,-86,-0.46994535519125685,0,0,0,
public_v1,O3,p01766,main_combined_custom_plus_opt_1_2,raw_lift,brightened_main,False,26,2,-24,-0.9230769230769231,144,23,-121,-0.8402777777777778,2584,291,-2293,-0.8873839009287926,57,11,-46,-0.8070175438596491,43,13,-30,-0.6976744186046512,38,13,-25,-0.6578947368421053,5,0,-5,-1.0,10,9,-1,-0.1,0,6,6,,149,22,-127,-0.8523489932885906,358,48,-310,-0.8659217877094972,43,67,24,0.5581395348837209,3,7,4,1.3333333333333333,28,10,-18,-0.6428571428571429,0,0,0,,3,0,-3,-1.0,550,143,-407,-0.74,994,61,-933,-0.9386317907444668,0,0,0,
public_v1,O3,p01766,bundle_exact_pointer_passes,bundle_verified_input,bundle_pointer_opt,False,2,2,0,0.0,23,22,-1,-0.043478260869565216,291,290,-1,-0.003436426116838488,11,11,0,0.0,13,13,0,0.0,13,13,0,0.0,0,0,0,,9,9,0,0.0,6,6,0,0.0,22,22,0,0.0,48,48,0,0.0,67,67,0,0.0,7,7,0,0.0,10,10,0,0.0,0,0,0,,0,0,0,,143,143,0,0.0,61,61,0,0.0,0,0,0,
public_v1,O3,p01766,llvm_default_opt_boundary_3,bundle_pointer_opt,bundle_standard_opt_3,True,2,2,0,0.0,22,22,0,0.0,290,290,0,0.0,11,11,0,0.0,13,13,0,0.0,13,13,0,0.0,0,0,0,,9,9,0,0.0,6,6,0,0.0,22,22,0,0.0,48,48,0,0.0,67,67,0,0.0,7,7,0,0.0,10,10,0,0.0,0,0,0,,0,0,0,,143,143,0,0.0,61,61,0,0.0,0,0,0,
public_v1,O3,p01766,custom_storage_delift,bundle_standard_opt_3,bundle_storage_delift,False,2,2,0,0.0,22,22,0,0.0,290,290,0,0.0,11,11,0,0.0,13,13,0,0.0,13,13,0,0.0,0,0,0,,9,9,0,0.0,6,6,0,0.0,22,22,0,0.0,48,48,0,0.0,67,67,0,0.0,7,7,0,0.0,10,10,0,0.0,0,0,0,,0,0,0,,143,143,0,0.0,61,61,0,0.0,0,0,0,
public_v1,O3,p01766,custom_residual_strip,bundle_storage_delift,bundle_residual_strip,False,2,2,0,0.0,22,22,0,0.0,290,290,0,0.0,11,11,0,0.0,13,13,0,0.0,13,13,0,0.0,0,0,0,,9,9,0,0.0,6,6,0,0.0,22,22,0,0.0,48,48,0,0.0,67,67,0,0.0,7,7,0,0.0,10,10,0,0.0,0,0,0,,0,0,0,,143,143,0,0.0,61,61,0,0.0,0,0,0,
public_v1,O3,p01766,final_tail_opt_4_plus_custom_cleanup,bundle_residual_strip,final_clean,False,2,2,0,0.0,22,22,0,0.0,290,290,0,0.0,11,11,0,0.0,13,13,0,0.0,13,13,0,0.0,0,0,0,,9,9,0,0.0,6,6,0,0.0,22,22,0,0.0,48,48,0,0.0,67,67,0,0.0,7,7,0,0.0,10,10,0,0.0,0,0,0,,0,0,0,,143,143,0,0.0,61,61,0,0.0,0,0,0,
public_v1,O3,p01970,main_combined_custom_plus_opt_1_2,raw_lift,brightened_main,False,27,2,-25,-0.9259259259259259,199,68,-131,-0.6582914572864321,3585,294,-3291,-0.9179916317991632,82,4,-78,-0.9512195121951219,46,6,-40,-0.8695652173913043,41,6,-35,-0.8536585365853658,5,0,-5,-1.0,13,0,-13,-1.0,0,0,0,,185,19,-166,-0.8972972972972973,496,13,-483,-0.9737903225806451,34,23,-11,-0.3235294117647059,5,27,22,4.4,42,13,-29,-0.6904761904761905,0,2,2,,3,0,-3,-1.0,715,55,-660,-0.9230769230769231,1433,93,-1340,-0.9351011863224006,0,0,0,
public_v1,O3,p01970,bundle_exact_pointer_passes,bundle_verified_input,bundle_pointer_opt,False,2,2,0,0.0,68,68,0,0.0,294,294,0,0.0,4,4,0,0.0,6,6,0,0.0,6,6,0,0.0,0,0,0,,0,0,0,,0,0,0,,19,19,0,0.0,13,13,0,0.0,23,23,0,0.0,27,27,0,0.0,13,13,0,0.0,2,2,0,0.0,0,0,0,,55,55,0,0.0,93,93,0,0.0,0,0,0,
public_v1,O3,p01970,llvm_default_opt_boundary_3,bundle_pointer_opt,bundle_standard_opt_3,True,2,2,0,0.0,68,68,0,0.0,294,294,0,0.0,4,4,0,0.0,6,6,0,0.0,6,6,0,0.0,0,0,0,,0,0,0,,0,0,0,,19,19,0,0.0,13,13,0,0.0,23,23,0,0.0,27,27,0,0.0,13,13,0,0.0,2,2,0,0.0,0,0,0,,55,55,0,0.0,93,93,0,0.0,0,0,0,
public_v1,O3,p01970,custom_storage_delift,bundle_standard_opt_3,bundle_storage_delift,False,2,2,0,0.0,68,68,0,0.0,294,294,0,0.0,4,4,0,0.0,6,6,0,0.0,6,6,0,0.0,0,0,0,,0,0,0,,0,0,0,,19,19,0,0.0,13,13,0,0.0,23,23,0,0.0,27,27,0,0.0,13,13,0,0.0,2,2,0,0.0,0,0,0,,55,55,0,0.0,93,93,0,0.0,0,0,0,
public_v1,O3,p01970,custom_residual_strip,bundle_storage_delift,bundle_residual_strip,False,2,2,0,0.0,68,68,0,0.0,294,294,0,0.0,4,4,0,0.0,6,6,0,0.0,6,6,0,0.0,0,0,0,,0,0,0,,0,0,0,,19,19,0,0.0,13,13,0,0.0,23,23,0,0.0,27,27,0,0.0,13,13,0,0.0,2,2,0,0.0,0,0,0,,55,55,0,0.0,93,93,0,0.0,0,0,0,
public_v1,O3,p01970,final_tail_opt_4_plus_custom_cleanup,bundle_residual_strip,final_clean,False,2,2,0,0.0,68,68,0,0.0,294,294,0,0.0,4,4,0,0.0,6,6,0,0.0,6,6,0,0.0,0,0,0,,0,0,0,,0,0,0,,19,19,0,0.0,13,13,0,0.0,23,23,0,0.0,27,27,0,0.0,13,13,0,0.0,2,2,0,0.0,0,0,0,,55,55,0,0.0,93,93,0,0.0,0,0,0,
public_v1,O3,p02029,main_combined_custom_plus_opt_1_2,raw_lift,brightened_main,False,30,7,-23,-0.7666666666666667,295,133,-162,-0.5491525423728814,5775,1561,-4214,-0.7296969696969697,126,8,-118,-0.9365079365079365,75,89,14,0.18666666666666668,70,89,19,0.2714285714285714,5,0,-5,-1.0,25,0,-25,-1.0,0,1,1,,415,228,-187,-0.4506024096385542,860,256,-604,-0.7023255813953488,58,148,90,1.5517241379310345,7,46,39,5.571428571428571,64,26,-38,-0.59375,0,3,3,,3,0,-3,-1.0,1333,633,-700,-0.5251312828207052,2263,322,-1941,-0.8577110030932391,0,0,0,
public_v1,O3,p02029,bundle_exact_pointer_passes,bundle_verified_input,bundle_pointer_opt,False,7,7,0,0.0,133,129,-4,-0.03007518796992481,1561,1528,-33,-0.02114029468289558,8,8,0,0.0,89,89,0,0.0,89,89,0,0.0,0,0,0,,0,0,0,,1,1,0,0.0,228,226,-2,-0.008771929824561403,256,256,0,0.0,148,150,2,0.013513513513513514,46,46,0,0.0,26,26,0,0.0,3,3,0,0.0,0,0,0,,633,633,0,0.0,322,318,-4,-0.012422360248447204,0,0,0,
public_v1,O3,p02029,llvm_default_opt_boundary_3,bundle_pointer_opt,bundle_standard_opt_3,True,7,7,0,0.0,129,136,7,0.05426356589147287,1528,1426,-102,-0.06675392670157068,8,12,4,0.5,89,91,2,0.02247191011235955,89,91,2,0.02247191011235955,0,0,0,,0,0,0,,1,1,0,0.0,226,221,-5,-0.022123893805309734,256,258,2,0.0078125,150,147,-3,-0.02,46,53,7,0.15217391304347827,26,27,1,0.038461538461538464,3,3,0,0.0,0,0,0,,633,627,-6,-0.009478672985781991,318,281,-37,-0.11635220125786164,0,0,0,
public_v1,O3,p02029,custom_storage_delift,bundle_standard_opt_3,bundle_storage_delift,False,7,7,0,0.0,136,136,0,0.0,1426,1426,0,0.0,12,12,0,0.0,91,91,0,0.0,91,91,0,0.0,0,0,0,,0,0,0,,1,1,0,0.0,221,221,0,0.0,258,258,0,0.0,147,147,0,0.0,53,53,0,0.0,27,27,0,0.0,3,3,0,0.0,0,0,0,,627,627,0,0.0,281,281,0,0.0,0,0,0,
public_v1,O3,p02029,custom_residual_strip,bundle_storage_delift,bundle_residual_strip,False,7,7,0,0.0,136,136,0,0.0,1426,1426,0,0.0,12,12,0,0.0,91,91,0,0.0,91,91,0,0.0,0,0,0,,0,0,0,,1,1,0,0.0,221,221,0,0.0,258,258,0,0.0,147,147,0,0.0,53,53,0,0.0,27,27,0,0.0,3,3,0,0.0,0,0,0,,627,627,0,0.0,281,281,0,0.0,0,0,0,
public_v1,O3,p02029,final_tail_opt_4_plus_custom_cleanup,bundle_residual_strip,final_clean,False,7,6,-1,-0.14285714285714285,136,135,-1,-0.007352941176470588,1426,1382,-44,-0.030855539971949508,12,12,0,0.0,91,90,-1,-0.01098901098901099,91,90,-1,-0.01098901098901099,0,0,0,,0,0,0,,1,1,0,0.0,221,219,-2,-0.00904977375565611,258,254,-4,-0.015503875968992248,147,129,-18,-0.12244897959183673,53,51,-2,-0.03773584905660377,27,26,-1,-0.037037037037037035,3,3,0,0.0,0,0,0,,627,603,-24,-0.03827751196172249,281,272,-9,-0.03202846975088968,0,0,0,
public_v1,O3,p02100,main_combined_custom_plus_opt_1_2,raw_lift,brightened_main,False,27,4,-23,-0.8518518518518519,147,43,-104,-0.7074829931972789,2215,391,-1824,-0.8234762979683973,56,10,-46,-0.8214285714285714,43,21,-22,-0.5116279069767442,38,21,-17,-0.4473684210526316,5,0,-5,-1.0,12,0,-12,-1.0,0,1,1,,151,42,-109,-0.7218543046357616,372,79,-293,-0.7876344086021505,13,54,41,3.1538461538461537,3,20,17,5.666666666666667,25,18,-7,-0.28,0,1,1,,3,0,-3,-1.0,536,176,-360,-0.6716417910447762,818,88,-730,-0.8924205378973105,0,0,0,
public_v1,O3,p02100,bundle_exact_pointer_passes,bundle_verified_input,bundle_pointer_opt,False,4,4,0,0.0,43,42,-1,-0.023255813953488372,391,388,-3,-0.0076726342710997444,10,10,0,0.0,21,21,0,0.0,21,21,0,0.0,0,0,0,,0,0,0,,1,1,0,0.0,42,42,0,0.0,79,79,0,0.0,54,57,3,0.05555555555555555,20,20,0,0.0,18,18,0,0.0,1,1,0,0.0,0,0,0,,176,179,3,0.017045454545454544,88,88,0,0.0,0,0,0,
public_v1,O3,p02100,llvm_default_opt_boundary_3,bundle_pointer_opt,bundle_standard_opt_3,True,4,3,-1,-0.25,42,41,-1,-0.023809523809523808,388,359,-29,-0.07474226804123711,10,10,0,0.0,21,19,-2,-0.09523809523809523,21,19,-2,-0.09523809523809523,0,0,0,,0,0,0,,1,1,0,0.0,42,39,-3,-0.07142857142857142,79,77,-2,-0.02531645569620253,57,52,-5,-0.08771929824561403,20,14,-6,-0.3,18,20,2,0.1111111111111111,1,1,0,0.0,0,0,0,,179,169,-10,-0.055865921787709494,88,81,-7,-0.07954545454545454,0,0,0,
public_v1,O3,p02100,custom_storage_delift,bundle_standard_opt_3,bundle_storage_delift,False,3,3,0,0.0,41,41,0,0.0,359,359,0,0.0,10,10,0,0.0,19,19,0,0.0,19,19,0,0.0,0,0,0,,0,0,0,,1,1,0,0.0,39,39,0,0.0,77,77,0,0.0,52,52,0,0.0,14,14,0,0.0,20,20,0,0.0,1,1,0,0.0,0,0,0,,169,169,0,0.0,81,81,0,0.0,0,0,0,
public_v1,O3,p02100,custom_residual_strip,bundle_storage_delift,bundle_residual_strip,False,3,3,0,0.0,41,41,0,0.0,359,359,0,0.0,10,10,0,0.0,19,19,0,0.0,19,19,0,0.0,0,0,0,,0,0,0,,1,1,0,0.0,39,39,0,0.0,77,77,0,0.0,52,52,0,0.0,14,14,0,0.0,20,20,0,0.0,1,1,0,0.0,0,0,0,,169,169,0,0.0,81,81,0,0.0,0,0,0,
public_v1,O3,p02100,final_tail_opt_4_plus_custom_cleanup,bundle_residual_strip,final_clean,False,3,4,1,0.3333333333333333,41,43,2,0.04878048780487805,359,309,-50,-0.1392757660167131,10,10,0,0.0,19,15,-4,-0.21052631578947367,19,15,-4,-0.21052631578947367,0,0,0,,0,0,0,,1,1,0,0.0,39,28,-11,-0.28205128205128205,77,72,-5,-0.06493506493506493,52,42,-10,-0.19230769230769232,14,13,-1,-0.07142857142857142,20,14,-6,-0.3,1,1,0,0.0,0,0,0,,169,143,-26,-0.15384615384615385,81,66,-15,-0.18518518518518517,0,0,0,
public_v1,O3,p02289,main_combined_custom_plus_opt_1_2,raw_lift,brightened_main,False,34,6,-28,-0.8235294117647058,460,221,-239,-0.5195652173913043,8947,1982,-6965,-0.7784732312506986,205,13,-192,-0.9365853658536586,102,134,32,0.3137254901960784,97,134,37,0.38144329896907214,5,0,-5,-1.0,43,0,-43,-1.0,0,2,2,,563,292,-271,-0.48134991119005327,1306,338,-968,-0.7411944869831547,19,164,145,7.631578947368421,11,81,70,6.363636363636363,102,37,-65,-0.6372549019607843,0,7,7,,5,0,-5,-1.0,1888,796,-1092,-0.5783898305084746,3625,365,-3260,-0.8993103448275862,0,0,0,
public_v1,O3,p02289,bundle_exact_pointer_passes,bundle_verified_input,bundle_pointer_opt,False,6,6,0,0.0,221,218,-3,-0.013574660633484163,1982,1949,-33,-0.016649848637739658,13,13,0,0.0,134,134,0,0.0,134,134,0,0.0,0,0,0,,0,0,0,,2,2,0,0.0,292,291,-1,-0.003424657534246575,338,338,0,0.0,164,161,-3,-0.018292682926829267,81,81,0,0.0,37,37,0,0.0,7,7,0,0.0,0,0,0,,796,792,-4,-0.005025125628140704,365,363,-2,-0.005479452054794521,0,0,0,
public_v1,O3,p02289,llvm_default_opt_boundary_3,bundle_pointer_opt,bundle_standard_opt_3,True,6,6,0,0.0,218,217,-1,-0.0045871559633027525,1949,1772,-177,-0.09081580297588507,13,13,0,0.0,134,134,0,0.0,134,134,0,0.0,0,0,0,,0,0,0,,2,2,0,0.0,291,279,-12,-0.041237113402061855,338,323,-15,-0.04437869822485207,161,153,-8,-0.049689440993788817,81,72,-9,-0.1111111111111111,37,37,0,0.0,7,7,0,0.0,0,0,0,,792,757,-35,-0.04419191919191919,363,306,-57,-0.15702479338842976,0,0,0,
public_v1,O3,p02289,custom_storage_delift,bundle_standard_opt_3,bundle_storage_delift,False,6,6,0,0.0,217,217,0,0.0,1772,1772,0,0.0,13,13,0,0.0,134,134,0,0.0,134,134,0,0.0,0,0,0,,0,0,0,,2,2,0,0.0,279,279,0,0.0,323,323,0,0.0,153,153,0,0.0,72,72,0,0.0,37,37,0,0.0,7,7,0,0.0,0,0,0,,757,757,0,0.0,306,306,0,0.0,0,0,0,
public_v1,O3,p02289,custom_residual_strip,bundle_storage_delift,bundle_residual_strip,False,6,6,0,0.0,217,217,0,0.0,1772,1772,0,0.0,13,13,0,0.0,134,134,0,0.0,134,134,0,0.0,0,0,0,,0,0,0,,2,2,0,0.0,279,279,0,0.0,323,323,0,0.0,153,153,0,0.0,72,72,0,0.0,37,37,0,0.0,7,7,0,0.0,0,0,0,,757,757,0,0.0,306,306,0,0.0,0,0,0,
public_v1,O3,p02289,final_tail_opt_4_plus_custom_cleanup,bundle_residual_strip,final_clean,False,6,6,0,0.0,217,217,0,0.0,1772,1620,-152,-0.08577878103837472,13,13,0,0.0,134,133,-1,-0.007462686567164179,134,133,-1,-0.007462686567164179,0,0,0,,0,0,0,,2,2,0,0.0,279,268,-11,-0.03942652329749104,323,323,0,0.0,153,130,-23,-0.1503267973856209,72,75,3,0.041666666666666664,37,37,0,0.0,7,7,0,0.0,0,0,0,,757,723,-34,-0.04491413474240423,306,280,-26,-0.08496732026143791,0,0,0,
public_v1,O3,p02474,main_combined_custom_plus_opt_1_2,raw_lift,brightened_main,False,26,2,-24,-0.9230769230769231,184,22,-162,-0.8804347826086957,3373,142,-3231,-0.9579009783575452,79,12,-67,-0.8481012658227848,53,6,-47,-0.8867924528301887,48,6,-42,-0.875,5,0,-5,-1.0,16,0,-16,-1.0,0,0,0,,167,13,-154,-0.9221556886227545,488,5,-483,-0.9897540983606558,27,15,-12,-0.4444444444444444,3,12,9,3.0,36,3,-33,-0.9166666666666666,0,0,0,,7,0,-7,-1.0,682,33,-649,-0.9516129032258065,1329,45,-1284,-0.9661399548532731,0,0,0,
public_v1,O3,p02474,bundle_exact_pointer_passes,bundle_verified_input,bundle_pointer_opt,False,2,2,0,0.0,22,22,0,0.0,142,142,0,0.0,12,12,0,0.0,6,6,0,0.0,6,6,0,0.0,0,0,0,,0,0,0,,0,0,0,,13,13,0,0.0,5,5,0,0.0,15,15,0,0.0,12,12,0,0.0,3,3,0,0.0,0,0,0,,0,0,0,,33,33,0,0.0,45,45,0,0.0,0,0,0,
public_v1,O3,p02474,llvm_default_opt_boundary_3,bundle_pointer_opt,bundle_standard_opt_3,True,2,2,0,0.0,22,22,0,0.0,142,141,-1,-0.007042253521126761,12,12,0,0.0,6,6,0,0.0,6,6,0,0.0,0,0,0,,0,0,0,,0,0,0,,13,13,0,0.0,5,5,0,0.0,15,15,0,0.0,12,12,0,0.0,3,3,0,0.0,0,0,0,,0,0,0,,33,33,0,0.0,45,44,-1,-0.022222222222222223,0,0,0,
public_v1,O3,p02474,custom_storage_delift,bundle_standard_opt_3,bundle_storage_delift,False,2,2,0,0.0,22,22,0,0.0,141,141,0,0.0,12,12,0,0.0,6,6,0,0.0,6,6,0,0.0,0,0,0,,0,0,0,,0,0,0,,13,13,0,0.0,5,5,0,0.0,15,15,0,0.0,12,12,0,0.0,3,3,0,0.0,0,0,0,,0,0,0,,33,33,0,0.0,44,44,0,0.0,0,0,0,
public_v1,O3,p02474,custom_residual_strip,bundle_storage_delift,bundle_residual_strip,False,2,2,0,0.0,22,22,0,0.0,141,141,0,0.0,12,12,0,0.0,6,6,0,0.0,6,6,0,0.0,0,0,0,,0,0,0,,0,0,0,,13,13,0,0.0,5,5,0,0.0,15,15,0,0.0,12,12,0,0.0,3,3,0,0.0,0,0,0,,0,0,0,,33,33,0,0.0,44,44,0,0.0,0,0,0,
public_v1,O3,p02474,final_tail_opt_4_plus_custom_cleanup,bundle_residual_strip,final_clean,False,2,2,0,0.0,22,22,0,0.0,141,141,0,0.0,12,12,0,0.0,6,6,0,0.0,6,6,0,0.0,0,0,0,,0,0,0,,0,0,0,,13,13,0,0.0,5,5,0,0.0,15,15,0,0.0,12,12,0,0.0,3,3,0,0.0,0,0,0,,0,0,0,,33,33,0,0.0,44,44,0,0.0,0,0,0,
public_v1,O3,p02477,main_combined_custom_plus_opt_1_2,raw_lift,brightened_main,False,33,5,-28,-0.8484848484848485,1103,132,-971,-0.8803263825929284,20673,1421,-19252,-0.9312630000483723,548,10,-538,-0.9817518248175182,124,49,-75,-0.6048387096774194,119,49,-70,-0.5882352941176471,5,0,-5,-1.0,48,0,-48,-1.0,0,1,1,,1227,186,-1041,-0.8484107579462102,2722,197,-2525,-0.9276267450404114,15,79,64,4.266666666666667,5,47,42,8.4,258,23,-235,-0.9108527131782945,0,3,3,,39,0,-39,-1.0,3964,463,-3501,-0.8831987891019173,8530,319,-8211,-0.9626025791324736,0,0,0,
public_v1,O3,p02477,bundle_exact_pointer_passes,bundle_verified_input,bundle_pointer_opt,False,5,5,0,0.0,132,130,-2,-0.015151515151515152,1421,1395,-26,-0.018296973961998593,10,10,0,0.0,49,49,0,0.0,49,49,0,0.0,0,0,0,,0,0,0,,1,1,0,0.0,186,186,0,0.0,197,197,0,0.0,79,79,0,0.0,47,46,-1,-0.02127659574468085,23,23,0,0.0,3,3,0,0.0,0,0,0,,463,463,0,0.0,319,316,-3,-0.009404388714733543,0,0,0,
public_v1,O3,p02477,llvm_default_opt_boundary_3,bundle_pointer_opt,bundle_standard_opt_3,True,5,5,0,0.0,130,129,-1,-0.007692307692307693,1395,1367,-28,-0.02007168458781362,10,11,1,0.1,49,47,-2,-0.04081632653061224,49,47,-2,-0.04081632653061224,0,0,0,,0,0,0,,1,1,0,0.0,186,184,-2,-0.010752688172043012,197,199,2,0.01015228426395939,79,69,-10,-0.12658227848101267,46,49,3,0.06521739130434782,23,22,-1,-0.043478260869565216,3,3,0,0.0,0,0,0,,463,453,-10,-0.02159827213822894,316,311,-5,-0.015822784810126583,0,0,0,
public_v1,O3,p02477,custom_storage_delift,bundle_standard_opt_3,bundle_storage_delift,False,5,5,0,0.0,129,129,0,0.0,1367,1367,0,0.0,11,11,0,0.0,47,47,0,0.0,47,47,0,0.0,0,0,0,,0,0,0,,1,1,0,0.0,184,184,0,0.0,199,199,0,0.0,69,69,0,0.0,49,49,0,0.0,22,22,0,0.0,3,3,0,0.0,0,0,0,,453,453,0,0.0,311,311,0,0.0,0,0,0,
public_v1,O3,p02477,custom_residual_strip,bundle_storage_delift,bundle_residual_strip,False,5,5,0,0.0,129,129,0,0.0,1367,1367,0,0.0,11,11,0,0.0,47,47,0,0.0,47,47,0,0.0,0,0,0,,0,0,0,,1,1,0,0.0,184,184,0,0.0,199,199,0,0.0,69,69,0,0.0,49,49,0,0.0,22,22,0,0.0,3,3,0,0.0,0,0,0,,453,453,0,0.0,311,311,0,0.0,0,0,0,
public_v1,O3,p02477,final_tail_opt_4_plus_custom_cleanup,bundle_residual_strip,final_clean,False,5,5,0,0.0,129,129,0,0.0,1367,1361,-6,-0.0043891733723482075,11,11,0,0.0,47,47,0,0.0,47,47,0,0.0,0,0,0,,0,0,0,,1,1,0,0.0,184,183,-1,-0.005434782608695652,199,199,0,0.0,69,64,-5,-0.07246376811594203,49,49,0,0.0,22,22,0,0.0,3,3,0,0.0,0,0,0,,453,447,-6,-0.013245033112582781,311,311,0,0.0,0,0,0,
public_v1,O3,p02788,main_combined_custom_plus_opt_1_2,raw_lift,brightened_main,False,31,7,-24,-0.7741935483870968,315,155,-160,-0.5079365079365079,7265,2267,-4998,-0.6879559532002752,136,29,-107,-0.7867647058823529,101,95,-6,-0.0594059405940594,96,95,-1,-0.010416666666666666,5,0,-5,-1.0,37,0,-37,-1.0,0,1,1,,564,343,-221,-0.39184397163120566,1143,285,-858,-0.7506561679790026,50,269,219,4.38,11,90,79,7.181818181818182,66,25,-41,-0.6212121212121212,0,5,5,,7,4,-3,-0.42857142857142855,1757,898,-859,-0.4889015367103017,2704,467,-2237,-0.827292899408284,0,0,0,
public_v1,O3,p02788,bundle_exact_pointer_passes,bundle_verified_input,bundle_pointer_opt,False,7,7,0,0.0,155,129,-26,-0.16774193548387098,2267,1957,-310,-0.13674459638288486,29,26,-3,-0.10344827586206896,95,91,-4,-0.042105263157894736,95,91,-4,-0.042105263157894736,0,0,0,,0,0,0,,1,1,0,0.0,343,297,-46,-0.13411078717201166,285,258,-27,-0.09473684210526316,269,236,-33,-0.12267657992565056,90,58,-32,-0.35555555555555557,25,24,-1,-0.04,5,3,-2,-0.4,4,4,0,0.0,898,792,-106,-0.11804008908685969,467,397,-70,-0.14989293361884368,0,0,0,
public_v1,O3,p02788,llvm_default_opt_boundary_3,bundle_pointer_opt,bundle_standard_opt_3,True,7,7,0,0.0,129,128,-1,-0.007751937984496124,1957,1796,-161,-0.08226877874297393,26,25,-1,-0.038461538461538464,91,91,0,0.0,91,91,0,0.0,0,0,0,,0,0,0,,1,1,0,0.0,297,275,-22,-0.07407407407407407,258,221,-37,-0.1434108527131783,236,192,-44,-0.1864406779661017,58,63,5,0.08620689655172414,24,24,0,0.0,3,3,0,0.0,4,4,0,0.0,792,689,-103,-0.13005050505050506,397,373,-24,-0.060453400503778336,0,0,0,
public_v1,O3,p02788,custom_storage_delift,bundle_standard_opt_3,bundle_storage_delift,False,7,7,0,0.0,128,128,0,0.0,1796,1796,0,0.0,25,25,0,0.0,91,91,0,0.0,91,91,0,0.0,0,0,0,,0,0,0,,1,1,0,0.0,275,275,0,0.0,221,221,0,0.0,192,192,0,0.0,63,63,0,0.0,24,24,0,0.0,3,3,0,0.0,4,4,0,0.0,689,689,0,0.0,373,373,0,0.0,0,0,0,
public_v1,O3,p02788,custom_residual_strip,bundle_storage_delift,bundle_residual_strip,False,7,7,0,0.0,128,128,0,0.0,1796,1796,0,0.0,25,25,0,0.0,91,91,0,0.0,91,91,0,0.0,0,0,0,,0,0,0,,1,1,0,0.0,275,275,0,0.0,221,221,0,0.0,192,192,0,0.0,63,63,0,0.0,24,24,0,0.0,3,3,0,0.0,4,4,0,0.0,689,689,0,0.0,373,373,0,0.0,0,0,0,
public_v1,O3,p02788,final_tail_opt_4_plus_custom_cleanup,bundle_residual_strip,final_clean,False,7,7,0,0.0,128,128,0,0.0,1796,1786,-10,-0.005567928730512249,25,25,0,0.0,91,91,0,0.0,91,91,0,0.0,0,0,0,,0,0,0,,1,1,0,0.0,275,275,0,0.0,221,221,0,0.0,192,182,-10,-0.052083333333333336,63,63,0,0.0,24,24,0,0.0,3,3,0,0.0,4,4,0,0.0,689,679,-10,-0.01451378809869376,373,373,0,0.0,0,0,0,
public_v1,O3,p02814,main_combined_custom_plus_opt_1_2,raw_lift,brightened_main,False,36,8,-28,-0.7777777777777778,210,83,-127,-0.6047619047619047,4450,1109,-3341,-0.7507865168539326,96,26,-70,-0.7291666666666666,103,106,3,0.02912621359223301,97,106,9,0.09278350515463918,6,0,-6,-1.0,30,13,-17,-0.5666666666666667,0,7,7,,331,138,-193,-0.5830815709969789,791,224,-567,-0.7168141592920354,41,177,136,3.317073170731707,9,28,19,2.111111111111111,33,23,-10,-0.30303030303030304,0,1,1,,26,16,-10,-0.38461538461538464,1163,546,-617,-0.530524505588994,1569,198,-1371,-0.8738049713193117,0,0,0,
public_v1,O3,p02814,bundle_exact_pointer_passes,bundle_verified_input,bundle_pointer_opt,False,8,8,0,0.0,83,81,-2,-0.024096385542168676,1109,1082,-27,-0.024346257889990983,26,26,0,0.0,106,106,0,0.0,106,106,0,0.0,0,0,0,,13,13,0,0.0,7,7,0,0.0,138,133,-5,-0.036231884057971016,224,224,0,0.0,177,174,-3,-0.01694915254237288,28,28,0,0.0,23,23,0,0.0,1,1,0,0.0,16,16,0,0.0,546,538,-8,-0.014652014652014652,198,197,-1,-0.005050505050505051,0,0,0,
public_v1,O3,p02814,llvm_default_opt_boundary_3,bundle_pointer_opt,bundle_standard_opt_3,True,8,8,0,0.0,81,81,0,0.0,1082,996,-86,-0.07948243992606285,26,26,0,0.0,106,107,1,0.009433962264150943,106,107,1,0.009433962264150943,0,0,0,,13,13,0,0.0,7,7,0,0.0,133,128,-5,-0.03759398496240601,224,183,-41,-0.18303571428571427,174,148,-26,-0.14942528735632185,28,30,2,0.07142857142857142,23,21,-2,-0.08695652173913043,1,1,0,0.0,16,16,0,0.0,538,466,-72,-0.13382899628252787,197,194,-3,-0.015228426395939087,0,0,0,
public_v1,O3,p02814,custom_storage_delift,bundle_standard_opt_3,bundle_storage_delift,False,8,8,0,0.0,81,81,0,0.0,996,996,0,0.0,26,26,0,0.0,107,107,0,0.0,107,107,0,0.0,0,0,0,,13,13,0,0.0,7,7,0,0.0,128,128,0,0.0,183,183,0,0.0,148,148,0,0.0,30,30,0,0.0,21,21,0,0.0,1,1,0,0.0,16,16,0,0.0,466,466,0,0.0,194,194,0,0.0,0,0,0,
public_v1,O3,p02814,custom_residual_strip,bundle_storage_delift,bundle_residual_strip,False,8,8,0,0.0,81,81,0,0.0,996,996,0,0.0,26,26,0,0.0,107,107,0,0.0,107,107,0,0.0,0,0,0,,13,13,0,0.0,7,7,0,0.0,128,128,0,0.0,183,183,0,0.0,148,148,0,0.0,30,30,0,0.0,21,21,0,0.0,1,1,0,0.0,16,16,0,0.0,466,466,0,0.0,194,194,0,0.0,0,0,0,
public_v1,O3,p02814,final_tail_opt_4_plus_custom_cleanup,bundle_residual_strip,final_clean,False,8,8,0,0.0,81,81,0,0.0,996,991,-5,-0.0050200803212851405,26,26,0,0.0,107,102,-5,-0.04672897196261682,107,102,-5,-0.04672897196261682,0,0,0,,13,13,0,0.0,7,7,0,0.0,128,125,-3,-0.0234375,183,183,0,0.0,148,150,2,0.013513513513513514,30,30,0,0.0,21,21,0,0.0,1,1,0,0.0,16,16,0,0.0,466,465,-1,-0.002145922746781116,194,193,-1,-0.005154639175257732,0,0,0,
public_v1,O3,p02950,main_combined_custom_plus_opt_1_2,raw_lift,brightened_main,False,25,4,-21,-0.84,263,104,-159,-0.6045627376425855,5340,785,-4555,-0.852996254681648,137,28,-109,-0.7956204379562044,96,46,-50,-0.5208333333333334,91,46,-45,-0.4945054945054945,5,0,-5,-1.0,30,0,-30,-1.0,0,1,1,,284,108,-176,-0.6197183098591549,833,91,-742,-0.8907563025210085,16,69,53,3.3125,3,7,4,1.3333333333333333,52,17,-35,-0.6730769230769231,0,1,1,,31,24,-7,-0.22580645161290322,1133,269,-864,-0.7625772285966461,2070,172,-1898,-0.9169082125603865,0,0,0,
public_v1,O3,p02950,bundle_exact_pointer_passes,bundle_verified_input,bundle_pointer_opt,False,4,4,0,0.0,104,103,-1,-0.009615384615384616,785,780,-5,-0.006369426751592357,28,28,0,0.0,46,46,0,0.0,46,46,0,0.0,0,0,0,,0,0,0,,1,1,0,0.0,108,108,0,0.0,91,91,0,0.0,69,71,2,0.028985507246376812,7,7,0,0.0,17,17,0,0.0,1,1,0,0.0,24,24,0,0.0,269,271,2,0.007434944237918215,172,172,0,0.0,0,0,0,
public_v1,O3,p02950,llvm_default_opt_boundary_3,bundle_pointer_opt,bundle_standard_opt_3,True,4,4,0,0.0,103,102,-1,-0.009708737864077669,780,728,-52,-0.06666666666666667,28,29,1,0.03571428571428571,46,47,1,0.021739130434782608,46,47,1,0.021739130434782608,0,0,0,,0,0,0,,1,1,0,0.0,108,108,0,0.0,91,96,5,0.054945054945054944,71,56,-15,-0.2112676056338028,7,4,-3,-0.42857142857142855,17,18,1,0.058823529411764705,1,1,0,0.0,24,24,0,0.0,271,261,-10,-0.03690036900369004,172,157,-15,-0.0872093023255814,0,0,0,
public_v1,O3,p02950,custom_storage_delift,bundle_standard_opt_3,bundle_storage_delift,False,4,4,0,0.0,102,102,0,0.0,728,728,0,0.0,29,29,0,0.0,47,47,0,0.0,47,47,0,0.0,0,0,0,,0,0,0,,1,1,0,0.0,108,108,0,0.0,96,96,0,0.0,56,56,0,0.0,4,4,0,0.0,18,18,0,0.0,1,1,0,0.0,24,24,0,0.0,261,261,0,0.0,157,157,0,0.0,0,0,0,
public_v1,O3,p02950,custom_residual_strip,bundle_storage_delift,bundle_residual_strip,False,4,4,0,0.0,102,102,0,0.0,728,728,0,0.0,29,29,0,0.0,47,47,0,0.0,47,47,0,0.0,0,0,0,,0,0,0,,1,1,0,0.0,108,108,0,0.0,96,96,0,0.0,56,56,0,0.0,4,4,0,0.0,18,18,0,0.0,1,1,0,0.0,24,24,0,0.0,261,261,0,0.0,157,157,0,0.0,0,0,0,
public_v1,O3,p02950,final_tail_opt_4_plus_custom_cleanup,bundle_residual_strip,final_clean,False,4,4,0,0.0,102,102,0,0.0,728,722,-6,-0.008241758241758242,29,29,0,0.0,47,47,0,0.0,47,47,0,0.0,0,0,0,,0,0,0,,1,1,0,0.0,108,108,0,0.0,96,96,0,0.0,56,50,-6,-0.10714285714285714,4,4,0,0.0,18,18,0,0.0,1,1,0,0.0,24,24,0,0.0,261,255,-6,-0.022988505747126436,157,157,0,0.0,0,0,0,
public_v1,O3,p03006,main_combined_custom_plus_opt_1_2,raw_lift,brightened_main,False,85,3,-82,-0.9647058823529412,1071,91,-980,-0.9150326797385621,22007,704,-21303,-0.9680101785795429,520,7,-513,-0.9865384615384616,267,10,-257,-0.9625468164794008,258,10,-248,-0.9612403100775194,9,0,-9,-1.0,118,1,-117,-0.9915254237288136,0,2,2,,1598,81,-1517,-0.9493116395494368,3506,102,-3404,-0.970907016543069,107,127,20,0.18691588785046728,23,12,-11,-0.4782608695652174,201,48,-153,-0.7611940298507462,0,4,4,,76,0,-76,-1.0,5211,312,-4899,-0.9401266551525619,8246,140,-8106,-0.9830220713073005,6,0,-6,-1.0
public_v1,O3,p03006,bundle_exact_pointer_passes,bundle_verified_input,bundle_pointer_opt,False,3,3,0,0.0,91,90,-1,-0.01098901098901099,704,691,-13,-0.018465909090909092,7,7,0,0.0,10,10,0,0.0,10,10,0,0.0,0,0,0,,1,1,0,0.0,2,2,0,0.0,81,81,0,0.0,102,102,0,0.0,127,126,-1,-0.007874015748031496,12,11,-1,-0.08333333333333333,48,48,0,0.0,4,4,0,0.0,0,0,0,,312,311,-1,-0.003205128205128205,140,137,-3,-0.02142857142857143,0,0,0,
public_v1,O3,p03006,llvm_default_opt_boundary_3,bundle_pointer_opt,bundle_standard_opt_3,True,3,3,0,0.0,90,91,1,0.011111111111111112,691,617,-74,-0.10709117221418235,7,7,0,0.0,10,10,0,0.0,10,10,0,0.0,0,0,0,,1,1,0,0.0,2,2,0,0.0,81,80,-1,-0.012345679012345678,102,101,-1,-0.00980392156862745,126,112,-14,-0.1111111111111111,11,13,2,0.18181818181818182,48,36,-12,-0.25,4,4,0,0.0,0,0,0,,311,295,-16,-0.05144694533762058,137,108,-29,-0.2116788321167883,0,0,0,
public_v1,O3,p03006,custom_storage_delift,bundle_standard_opt_3,bundle_storage_delift,False,3,3,0,0.0,91,91,0,0.0,617,617,0,0.0,7,7,0,0.0,10,10,0,0.0,10,10,0,0.0,0,0,0,,1,1,0,0.0,2,2,0,0.0,80,80,0,0.0,101,101,0,0.0,112,112,0,0.0,13,13,0,0.0,36,36,0,0.0,4,4,0,0.0,0,0,0,,295,295,0,0.0,108,108,0,0.0,0,0,0,
public_v1,O3,p03006,custom_residual_strip,bundle_storage_delift,bundle_residual_strip,False,3,3,0,0.0,91,91,0,0.0,617,617,0,0.0,7,7,0,0.0,10,10,0,0.0,10,10,0,0.0,0,0,0,,1,1,0,0.0,2,2,0,0.0,80,80,0,0.0,101,101,0,0.0,112,112,0,0.0,13,13,0,0.0,36,36,0,0.0,4,4,0,0.0,0,0,0,,295,295,0,0.0,108,108,0,0.0,0,0,0,
public_v1,O3,p03006,final_tail_opt_4_plus_custom_cleanup,bundle_residual_strip,final_clean,False,3,3,0,0.0,91,91,0,0.0,617,613,-4,-0.006482982171799027,7,7,0,0.0,10,10,0,0.0,10,10,0,0.0,0,0,0,,1,1,0,0.0,2,2,0,0.0,80,80,0,0.0,101,101,0,0.0,112,108,-4,-0.03571428571428571,13,13,0,0.0,36,36,0,0.0,4,4,0,0.0,0,0,0,,295,291,-4,-0.013559322033898305,108,108,0,0.0,0,0,0,
public_v1,O3,p03111,main_combined_custom_plus_opt_1_2,raw_lift,brightened_main,False,84,5,-79,-0.9404761904761905,1115,68,-1047,-0.9390134529147982,23532,1374,-22158,-0.9416114227434982,513,10,-503,-0.9805068226120858,280,129,-151,-0.5392857142857143,269,129,-140,-0.5204460966542751,11,0,-11,-1.0,123,32,-91,-0.7398373983739838,0,17,17,,1736,157,-1579,-0.9095622119815668,3736,292,-3444,-0.9218415417558886,126,241,115,0.9126984126984127,37,24,-13,-0.35135135135135137,234,13,-221,-0.9444444444444444,0,1,1,,52,4,-48,-0.9230769230769231,5598,707,-4891,-0.8737048946052162,8813,176,-8637,-0.9800295018722343,0,0,0,
public_v1,O3,p03111,bundle_exact_pointer_passes,bundle_verified_input,bundle_pointer_opt,False,5,5,0,0.0,68,66,-2,-0.029411764705882353,1374,1348,-26,-0.018922852983988356,10,10,0,0.0,129,129,0,0.0,129,129,0,0.0,0,0,0,,32,32,0,0.0,17,17,0,0.0,157,157,0,0.0,292,292,0,0.0,241,239,-2,-0.008298755186721992,24,22,-2,-0.08333333333333333,13,13,0,0.0,1,1,0,0.0,4,4,0,0.0,707,705,-2,-0.002828854314002829,176,170,-6,-0.03409090909090909,0,0,0,
public_v1,O3,p03111,llvm_default_opt_boundary_3,bundle_pointer_opt,bundle_standard_opt_3,True,5,5,0,0.0,66,66,0,0.0,1348,1315,-33,-0.024480712166172106,10,10,0,0.0,129,129,0,0.0,129,129,0,0.0,0,0,0,,32,32,0,0.0,17,17,0,0.0,157,153,-4,-0.025477707006369428,292,286,-6,-0.02054794520547945,239,232,-7,-0.029288702928870293,22,24,2,0.09090909090909091,13,13,0,0.0,1,1,0,0.0,4,4,0,0.0,705,688,-17,-0.024113475177304965,170,166,-4,-0.023529411764705882,0,0,0,
public_v1,O3,p03111,custom_storage_delift,bundle_standard_opt_3,bundle_storage_delift,False,5,5,0,0.0,66,66,0,0.0,1315,1315,0,0.0,10,10,0,0.0,129,129,0,0.0,129,129,0,0.0,0,0,0,,32,32,0,0.0,17,17,0,0.0,153,153,0,0.0,286,286,0,0.0,232,232,0,0.0,24,24,0,0.0,13,13,0,0.0,1,1,0,0.0,4,4,0,0.0,688,688,0,0.0,166,166,0,0.0,0,0,0,
public_v1,O3,p03111,custom_residual_strip,bundle_storage_delift,bundle_residual_strip,False,5,5,0,0.0,66,66,0,0.0,1315,1315,0,0.0,10,10,0,0.0,129,129,0,0.0,129,129,0,0.0,0,0,0,,32,32,0,0.0,17,17,0,0.0,153,153,0,0.0,286,286,0,0.0,232,232,0,0.0,24,24,0,0.0,13,13,0,0.0,1,1,0,0.0,4,4,0,0.0,688,688,0,0.0,166,166,0,0.0,0,0,0,
public_v1,O3,p03111,final_tail_opt_4_plus_custom_cleanup,bundle_residual_strip,final_clean,False,5,5,0,0.0,66,66,0,0.0,1315,1311,-4,-0.003041825095057034,10,10,0,0.0,129,129,0,0.0,129,129,0,0.0,0,0,0,,32,32,0,0.0,17,17,0,0.0,153,153,0,0.0,286,286,0,0.0,232,228,-4,-0.017241379310344827,24,24,0,0.0,13,13,0,0.0,1,1,0,0.0,4,4,0,0.0,688,684,-4,-0.005813953488372093,166,166,0,0.0,0,0,0,
public_v1,O3,p03142,main_combined_custom_plus_opt_1_2,raw_lift,brightened_main,False,115,4,-111,-0.9652173913043478,2005,79,-1926,-0.9605985037406484,42222,1435,-40787,-0.9660129790156791,939,3,-936,-0.9968051118210862,454,112,-342,-0.7533039647577092,443,112,-331,-0.7471783295711061,11,0,-11,-1.0,207,24,-183,-0.8840579710144928,0,13,13,,3028,195,-2833,-0.9356010568031704,6529,263,-6266,-0.9597181804257926,225,206,-19,-0.08444444444444445,63,32,-31,-0.49206349206349204,442,13,-429,-0.9705882352941176,0,3,3,,83,0,-83,-1.0,9782,677,-9105,-0.9307912492332856,16123,245,-15878,-0.9848043168144887,0,0,0,
public_v1,O3,p03142,bundle_exact_pointer_passes,bundle_verified_input,bundle_pointer_opt,False,4,4,0,0.0,79,78,-1,-0.012658227848101266,1435,1428,-7,-0.004878048780487805,3,3,0,0.0,112,112,0,0.0,112,112,0,0.0,0,0,0,,24,24,0,0.0,13,13,0,0.0,195,195,0,0.0,263,263,0,0.0,206,205,-1,-0.0048543689320388345,32,32,0,0.0,13,13,0,0.0,3,3,0,0.0,0,0,0,,677,676,-1,-0.0014771048744460858,245,243,-2,-0.00816326530612245,0,0,0,
public_v1,O3,p03142,llvm_default_opt_boundary_3,bundle_pointer_opt,bundle_standard_opt_3,True,4,4,0,0.0,78,78,0,0.0,1428,1343,-85,-0.05952380952380952,3,3,0,0.0,112,112,0,0.0,112,112,0,0.0,0,0,0,,24,24,0,0.0,13,13,0,0.0,195,195,0,0.0,263,216,-47,-0.17870722433460076,205,193,-12,-0.05853658536585366,32,28,-4,-0.125,13,13,0,0.0,3,3,0,0.0,0,0,0,,676,617,-59,-0.08727810650887574,243,237,-6,-0.024691358024691357,0,0,0,
public_v1,O3,p03142,custom_storage_delift,bundle_standard_opt_3,bundle_storage_delift,False,4,4,0,0.0,78,78,0,0.0,1343,1343,0,0.0,3,3,0,0.0,112,112,0,0.0,112,112,0,0.0,0,0,0,,24,24,0,0.0,13,13,0,0.0,195,195,0,0.0,216,216,0,0.0,193,193,0,0.0,28,28,0,0.0,13,13,0,0.0,3,3,0,0.0,0,0,0,,617,617,0,0.0,237,237,0,0.0,0,0,0,
public_v1,O3,p03142,custom_residual_strip,bundle_storage_delift,bundle_residual_strip,False,4,4,0,0.0,78,78,0,0.0,1343,1343,0,0.0,3,3,0,0.0,112,112,0,0.0,112,112,0,0.0,0,0,0,,24,24,0,0.0,13,13,0,0.0,195,195,0,0.0,216,216,0,0.0,193,193,0,0.0,28,28,0,0.0,13,13,0,0.0,3,3,0,0.0,0,0,0,,617,617,0,0.0,237,237,0,0.0,0,0,0,
public_v1,O3,p03142,final_tail_opt_4_plus_custom_cleanup,bundle_residual_strip,final_clean,False,4,4,0,0.0,78,78,0,0.0,1343,1341,-2,-0.0014892032762472078,3,3,0,0.0,112,112,0,0.0,112,112,0,0.0,0,0,0,,24,24,0,0.0,13,13,0,0.0,195,194,-1,-0.005128205128205128,216,216,0,0.0,193,192,-1,-0.0051813471502590676,28,28,0,0.0,13,13,0,0.0,3,3,0,0.0,0,0,0,,617,615,-2,-0.0032414910858995136,237,237,0,0.0,0,0,0,
public_v1,O3,p03199,main_combined_custom_plus_opt_1_2,raw_lift,brightened_main,False,37,9,-28,-0.7567567567567568,470,202,-268,-0.5702127659574469,10466,1977,-8489,-0.8111026180011466,216,33,-183,-0.8472222222222222,107,68,-39,-0.3644859813084112,100,68,-32,-0.32,7,0,-7,-1.0,38,4,-34,-0.8947368421052632,0,11,11,,607,251,-356,-0.586490939044481,1445,463,-982,-0.6795847750865052,32,233,201,6.28125,7,62,55,7.857142857142857,108,40,-68,-0.6296296296296297,2,4,2,1.0,15,5,-10,-0.6666666666666666,2084,958,-1126,-0.5403071017274472,4251,368,-3883,-0.9134321336156198,0,0,0,
public_v1,O3,p03199,bundle_exact_pointer_passes,bundle_verified_input,bundle_pointer_opt,False,9,9,0,0.0,202,200,-2,-0.009900990099009901,1977,1953,-24,-0.012139605462822459,33,33,0,0.0,68,68,0,0.0,68,68,0,0.0,0,0,0,,4,4,0,0.0,11,11,0,0.0,251,247,-4,-0.01593625498007968,463,463,0,0.0,233,229,-4,-0.017167381974248927,62,61,-1,-0.016129032258064516,40,40,0,0.0,4,4,0,0.0,5,5,0,0.0,958,950,-8,-0.008350730688935281,368,363,-5,-0.01358695652173913,0,0,0,
public_v1,O3,p03199,llvm_default_opt_boundary_3,bundle_pointer_opt,bundle_standard_opt_3,True,9,9,0,0.0,200,200,0,0.0,1953,1831,-122,-0.06246799795186892,33,33,0,0.0,68,68,0,0.0,68,68,0,0.0,0,0,0,,4,4,0,0.0,11,11,0,0.0,247,238,-9,-0.03643724696356275,463,457,-6,-0.012958963282937365,229,214,-15,-0.06550218340611354,61,53,-8,-0.13114754098360656,40,40,0,0.0,4,4,0,0.0,5,5,0,0.0,950,920,-30,-0.031578947368421054,363,331,-32,-0.0881542699724518,0,0,0,
public_v1,O3,p03199,custom_storage_delift,bundle_standard_opt_3,bundle_storage_delift,False,9,9,0,0.0,200,200,0,0.0,1831,1831,0,0.0,33,33,0,0.0,68,68,0,0.0,68,68,0,0.0,0,0,0,,4,4,0,0.0,11,11,0,0.0,238,238,0,0.0,457,457,0,0.0,214,214,0,0.0,53,53,0,0.0,40,40,0,0.0,4,4,0,0.0,5,5,0,0.0,920,920,0,0.0,331,331,0,0.0,0,0,0,
public_v1,O3,p03199,custom_residual_strip,bundle_storage_delift,bundle_residual_strip,False,9,9,0,0.0,200,200,0,0.0,1831,1831,0,0.0,33,33,0,0.0,68,68,0,0.0,68,68,0,0.0,0,0,0,,4,4,0,0.0,11,11,0,0.0,238,238,0,0.0,457,457,0,0.0,214,214,0,0.0,53,53,0,0.0,40,40,0,0.0,4,4,0,0.0,5,5,0,0.0,920,920,0,0.0,331,331,0,0.0,0,0,0,
public_v1,O3,p03199,final_tail_opt_4_plus_custom_cleanup,bundle_residual_strip,final_clean,False,9,9,0,0.0,200,200,0,0.0,1831,1774,-57,-0.03113052976515565,33,33,0,0.0,68,68,0,0.0,68,68,0,0.0,0,0,0,,4,4,0,0.0,11,11,0,0.0,238,231,-7,-0.029411764705882353,457,457,0,0.0,214,175,-39,-0.1822429906542056,53,50,-3,-0.05660377358490566,40,39,-1,-0.025,4,4,0,0.0,5,5,0,0.0,920,874,-46,-0.05,331,324,-7,-0.021148036253776436,0,0,0,
public_v1,O3,p03261,main_combined_custom_plus_opt_1_2,raw_lift,brightened_main,False,79,2,-77,-0.9746835443037974,862,17,-845,-0.9802784222737819,17344,131,-17213,-0.9924469557195572,424,10,-414,-0.9764150943396226,247,5,-242,-0.979757085020243,238,5,-233,-0.9789915966386554,9,0,-9,-1.0,103,0,-103,-1.0,0,1,1,,1190,5,-1185,-0.9957983193277311,2864,34,-2830,-0.9881284916201117,80,21,-59,-0.7375,25,7,-18,-0.72,154,7,-147,-0.9545454545454546,0,0,0,,76,0,-76,-1.0,4134,61,-4073,-0.9852443154329947,6356,35,-6321,-0.9944933920704846,6,0,-6,-1.0
public_v1,O3,p03261,bundle_exact_pointer_passes,bundle_verified_input,bundle_pointer_opt,False,2,2,0,0.0,17,17,0,0.0,131,131,0,0.0,10,10,0,0.0,5,5,0,0.0,5,5,0,0.0,0,0,0,,0,0,0,,1,1,0,0.0,5,5,0,0.0,34,34,0,0.0,21,21,0,0.0,7,7,0,0.0,7,7,0,0.0,0,0,0,,0,0,0,,61,61,0,0.0,35,35,0,0.0,0,0,0,
public_v1,O3,p03261,llvm_default_opt_boundary_3,bundle_pointer_opt,bundle_standard_opt_3,True,2,2,0,0.0,17,17,0,0.0,131,131,0,0.0,10,10,0,0.0,5,5,0,0.0,5,5,0,0.0,0,0,0,,0,0,0,,1,1,0,0.0,5,5,0,0.0,34,34,0,0.0,21,21,0,0.0,7,7,0,0.0,7,7,0,0.0,0,0,0,,0,0,0,,61,61,0,0.0,35,35,0,0.0,0,0,0,
public_v1,O3,p03261,custom_storage_delift,bundle_standard_opt_3,bundle_storage_delift,False,2,2,0,0.0,17,17,0,0.0,131,131,0,0.0,10,10,0,0.0,5,5,0,0.0,5,5,0,0.0,0,0,0,,0,0,0,,1,1,0,0.0,5,5,0,0.0,34,34,0,0.0,21,21,0,0.0,7,7,0,0.0,7,7,0,0.0,0,0,0,,0,0,0,,61,61,0,0.0,35,35,0,0.0,0,0,0,
public_v1,O3,p03261,custom_residual_strip,bundle_storage_delift,bundle_residual_strip,False,2,2,0,0.0,17,17,0,0.0,131,131,0,0.0,10,10,0,0.0,5,5,0,0.0,5,5,0,0.0,0,0,0,,0,0,0,,1,1,0,0.0,5,5,0,0.0,34,34,0,0.0,21,21,0,0.0,7,7,0,0.0,7,7,0,0.0,0,0,0,,0,0,0,,61,61,0,0.0,35,35,0,0.0,0,0,0,
public_v1,O3,p03261,final_tail_opt_4_plus_custom_cleanup,bundle_residual_strip,final_clean,False,2,1,-1,-0.5,17,16,-1,-0.058823529411764705,131,130,-1,-0.007633587786259542,10,10,0,0.0,5,5,0,0.0,5,5,0,0.0,0,0,0,,0,0,0,,1,1,0,0.0,5,5,0,0.0,34,34,0,0.0,21,21,0,0.0,7,7,0,0.0,7,7,0,0.0,0,0,0,,0,0,0,,61,61,0,0.0,35,35,0,0.0,0,0,0,
public_v1,O3,p03430,main_combined_custom_plus_opt_1_2,raw_lift,brightened_main,False,27,4,-23,-0.8518518518518519,184,81,-103,-0.5597826086956522,4186,1324,-2862,-0.6837075967510751,76,2,-74,-0.9736842105263158,52,143,91,1.75,47,143,96,2.0425531914893615,5,0,-5,-1.0,13,12,-1,-0.07692307692307693,0,7,7,,317,251,-66,-0.2082018927444795,552,121,-431,-0.7807971014492754,21,94,73,3.4761904761904763,3,12,9,3.0,36,18,-18,-0.5,0,2,2,,3,0,-3,-1.0,890,473,-417,-0.46853932584269664,1538,217,-1321,-0.8589076723016905,0,0,0,
public_v1,O3,p03430,bundle_exact_pointer_passes,bundle_verified_input,bundle_pointer_opt,False,4,4,0,0.0,81,79,-2,-0.024691358024691357,1324,1322,-2,-0.0015105740181268882,2,2,0,0.0,143,143,0,0.0,143,143,0,0.0,0,0,0,,12,12,0,0.0,7,7,0,0.0,251,251,0,0.0,121,121,0,0.0,94,94,0,0.0,12,12,0,0.0,18,18,0,0.0,2,2,0,0.0,0,0,0,,473,473,0,0.0,217,217,0,0.0,0,0,0,
public_v1,O3,p03430,llvm_default_opt_boundary_3,bundle_pointer_opt,bundle_standard_opt_3,True,4,4,0,0.0,79,79,0,0.0,1322,1322,0,0.0,2,2,0,0.0,143,143,0,0.0,143,143,0,0.0,0,0,0,,12,12,0,0.0,7,7,0,0.0,251,251,0,0.0,121,121,0,0.0,94,94,0,0.0,12,12,0,0.0,18,18,0,0.0,2,2,0,0.0,0,0,0,,473,473,0,0.0,217,217,0,0.0,0,0,0,
public_v1,O3,p03430,custom_storage_delift,bundle_standard_opt_3,bundle_storage_delift,False,4,4,0,0.0,79,79,0,0.0,1322,1322,0,0.0,2,2,0,0.0,143,143,0,0.0,143,143,0,0.0,0,0,0,,12,12,0,0.0,7,7,0,0.0,251,251,0,0.0,121,121,0,0.0,94,94,0,0.0,12,12,0,0.0,18,18,0,0.0,2,2,0,0.0,0,0,0,,473,473,0,0.0,217,217,0,0.0,0,0,0,
public_v1,O3,p03430,custom_residual_strip,bundle_storage_delift,bundle_residual_strip,False,4,4,0,0.0,79,79,0,0.0,1322,1322,0,0.0,2,2,0,0.0,143,143,0,0.0,143,143,0,0.0,0,0,0,,12,12,0,0.0,7,7,0,0.0,251,251,0,0.0,121,121,0,0.0,94,94,0,0.0,12,12,0,0.0,18,18,0,0.0,2,2,0,0.0,0,0,0,,473,473,0,0.0,217,217,0,0.0,0,0,0,
public_v1,O3,p03430,final_tail_opt_4_plus_custom_cleanup,bundle_residual_strip,final_clean,False,4,4,0,0.0,79,79,0,0.0,1322,1322,0,0.0,2,2,0,0.0,143,143,0,0.0,143,143,0,0.0,0,0,0,,12,12,0,0.0,7,7,0,0.0,251,251,0,0.0,121,121,0,0.0,94,94,0,0.0,12,12,0,0.0,18,18,0,0.0,2,2,0,0.0,0,0,0,,473,473,0,0.0,217,217,0,0.0,0,0,0,
public_v1,O3,p03434,main_combined_custom_plus_opt_1_2,raw_lift,brightened_main,False,68,4,-64,-0.9411764705882353,877,24,-853,-0.9726339794754846,17527,272,-17255,-0.9844810863239574,390,5,-385,-0.9871794871794872,173,14,-159,-0.9190751445086706,167,14,-153,-0.9161676646706587,6,0,-6,-1.0,80,4,-76,-0.95,0,4,4,,1211,31,-1180,-0.9744013212221305,2537,66,-2471,-0.9739850216791486,81,41,-40,-0.49382716049382713,23,15,-8,-0.34782608695652173,187,8,-179,-0.9572192513368984,0,1,1,,20,0,-20,-1.0,3829,142,-3687,-0.9629145991120397,6774,58,-6716,-0.9914378506052554,0,0,0,
public_v1,O3,p03434,bundle_exact_pointer_passes,bundle_verified_input,bundle_pointer_opt,False,4,4,0,0.0,24,24,0,0.0,272,267,-5,-0.01838235294117647,5,5,0,0.0,14,14,0,0.0,14,14,0,0.0,0,0,0,,4,4,0,0.0,4,4,0,0.0,31,31,0,0.0,66,66,0,0.0,41,41,0,0.0,15,15,0,0.0,8,7,-1,-0.125,1,1,0,0.0,0,0,0,,142,142,0,0.0,58,49,-9,-0.15517241379310345,0,0,0,
public_v1,O3,p03434,llvm_default_opt_boundary_3,bundle_pointer_opt,bundle_standard_opt_3,True,4,4,0,0.0,24,24,0,0.0,267,237,-30,-0.11235955056179775,5,5,0,0.0,14,14,0,0.0,14,14,0,0.0,0,0,0,,4,4,0,0.0,4,4,0,0.0,31,20,-11,-0.3548387096774194,66,57,-9,-0.13636363636363635,41,41,0,0.0,15,15,0,0.0,7,7,0,0.0,1,1,0,0.0,0,0,0,,142,122,-20,-0.14084507042253522,49,49,0,0.0,0,0,0,
public_v1,O3,p03434,custom_storage_delift,bundle_standard_opt_3,bundle_storage_delift,False,4,4,0,0.0,24,24,0,0.0,237,237,0,0.0,5,5,0,0.0,14,14,0,0.0,14,14,0,0.0,0,0,0,,4,4,0,0.0,4,4,0,0.0,20,20,0,0.0,57,57,0,0.0,41,41,0,0.0,15,15,0,0.0,7,7,0,0.0,1,1,0,0.0,0,0,0,,122,122,0,0.0,49,49,0,0.0,0,0,0,
public_v1,O3,p03434,custom_residual_strip,bundle_storage_delift,bundle_residual_strip,False,4,4,0,0.0,24,24,0,0.0,237,237,0,0.0,5,5,0,0.0,14,14,0,0.0,14,14,0,0.0,0,0,0,,4,4,0,0.0,4,4,0,0.0,20,20,0,0.0,57,57,0,0.0,41,41,0,0.0,15,15,0,0.0,7,7,0,0.0,1,1,0,0.0,0,0,0,,122,122,0,0.0,49,49,0,0.0,0,0,0,
public_v1,O3,p03434,final_tail_opt_4_plus_custom_cleanup,bundle_residual_strip,final_clean,False,4,4,0,0.0,24,24,0,0.0,237,237,0,0.0,5,5,0,0.0,14,14,0,0.0,14,14,0,0.0,0,0,0,,4,4,0,0.0,4,4,0,0.0,20,20,0,0.0,57,57,0,0.0,41,41,0,0.0,15,15,0,0.0,7,7,0,0.0,1,1,0,0.0,0,0,0,,122,122,0,0.0,49,49,0,0.0,0,0,0,
public_v1,O3,p03493,main_combined_custom_plus_opt_1_2,raw_lift,brightened_main,False,52,2,-50,-0.9615384615384616,704,11,-693,-0.984375,14028,179,-13849,-0.9872398061020815,303,4,-299,-0.9867986798679867,124,9,-115,-0.9274193548387096,119,9,-110,-0.9243697478991597,5,0,-5,-1.0,57,5,-52,-0.9122807017543859,0,3,3,,1032,9,-1023,-0.9912790697674418,2082,47,-2035,-0.9774255523535063,77,48,-29,-0.37662337662337664,20,7,-13,-0.65,146,7,-139,-0.952054794520548,0,0,0,,6,0,-6,-1.0,3191,107,-3084,-0.9664681917894077,5337,34,-5303,-0.9936293798013865,0,0,0,
public_v1,O3,p03493,bundle_exact_pointer_passes,bundle_verified_input,bundle_pointer_opt,False,2,2,0,0.0,11,11,0,0.0,179,177,-2,-0.0111731843575419,4,4,0,0.0,9,9,0,0.0,9,9,0,0.0,0,0,0,,5,5,0,0.0,3,3,0,0.0,9,9,0,0.0,47,47,0,0.0,48,48,0,0.0,7,5,-2,-0.2857142857142857,7,7,0,0.0,0,0,0,,0,0,0,,107,107,0,0.0,34,32,-2,-0.058823529411764705,0,0,0,
public_v1,O3,p03493,llvm_default_opt_boundary_3,bundle_pointer_opt,bundle_standard_opt_3,True,2,2,0,0.0,11,11,0,0.0,177,167,-10,-0.05649717514124294,4,4,0,0.0,9,9,0,0.0,9,9,0,0.0,0,0,0,,5,5,0,0.0,3,3,0,0.0,9,9,0,0.0,47,47,0,0.0,48,39,-9,-0.1875,5,4,-1,-0.2,7,7,0,0.0,0,0,0,,0,0,0,,107,98,-9,-0.08411214953271028,32,31,-1,-0.03125,0,0,0,
public_v1,O3,p03493,custom_storage_delift,bundle_standard_opt_3,bundle_storage_delift,False,2,2,0,0.0,11,11,0,0.0,167,167,0,0.0,4,4,0,0.0,9,9,0,0.0,9,9,0,0.0,0,0,0,,5,5,0,0.0,3,3,0,0.0,9,9,0,0.0,47,47,0,0.0,39,39,0,0.0,4,4,0,0.0,7,7,0,0.0,0,0,0,,0,0,0,,98,98,0,0.0,31,31,0,0.0,0,0,0,
public_v1,O3,p03493,custom_residual_strip,bundle_storage_delift,bundle_residual_strip,False,2,2,0,0.0,11,11,0,0.0,167,167,0,0.0,4,4,0,0.0,9,9,0,0.0,9,9,0,0.0,0,0,0,,5,5,0,0.0,3,3,0,0.0,9,9,0,0.0,47,47,0,0.0,39,39,0,0.0,4,4,0,0.0,7,7,0,0.0,0,0,0,,0,0,0,,98,98,0,0.0,31,31,0,0.0,0,0,0,
public_v1,O3,p03493,final_tail_opt_4_plus_custom_cleanup,bundle_residual_strip,final_clean,False,2,2,0,0.0,11,11,0,0.0,167,165,-2,-0.011976047904191617,4,4,0,0.0,9,9,0,0.0,9,9,0,0.0,0,0,0,,5,5,0,0.0,3,3,0,0.0,9,9,0,0.0,47,47,0,0.0,39,41,2,0.05128205128205128,4,4,0,0.0,7,7,0,0.0,0,0,0,,0,0,0,,98,100,2,0.02040816326530612,31,29,-2,-0.06451612903225806,0,0,0,
public_v1,O3,p03510,main_combined_custom_plus_opt_1_2,raw_lift,brightened_main,False,30,4,-26,-0.8666666666666667,203,67,-136,-0.6699507389162561,4631,1205,-3426,-0.7397970200820557,82,12,-70,-0.8536585365853658,82,79,-3,-0.036585365853658534,77,79,2,0.025974025974025976,5,0,-5,-1.0,28,6,-22,-0.7857142857142857,0,4,4,,439,186,-253,-0.5763097949886105,809,215,-594,-0.7342398022249691,41,139,98,2.3902439024390243,7,33,26,3.7142857142857144,36,16,-20,-0.5555555555555556,0,2,2,,5,2,-3,-0.6,1289,544,-745,-0.5779674166020171,1574,175,-1399,-0.8888182973316391,0,0,0,
public_v1,O3,p03510,bundle_exact_pointer_passes,bundle_verified_input,bundle_pointer_opt,False,4,4,0,0.0,67,65,-2,-0.029850746268656716,1205,1189,-16,-0.013278008298755186,12,12,0,0.0,79,79,0,0.0,79,79,0,0.0,0,0,0,,6,6,0,0.0,4,4,0,0.0,186,186,0,0.0,215,215,0,0.0,139,138,-1,-0.007194244604316547,33,33,0,0.0,16,16,0,0.0,2,2,0,0.0,2,2,0,0.0,544,543,-1,-0.001838235294117647,175,175,0,0.0,0,0,0,
public_v1,O3,p03510,llvm_default_opt_boundary_3,bundle_pointer_opt,bundle_standard_opt_3,True,4,4,0,0.0,65,65,0,0.0,1189,1130,-59,-0.0496215306980656,12,12,0,0.0,79,79,0,0.0,79,79,0,0.0,0,0,0,,6,6,0,0.0,4,4,0,0.0,186,183,-3,-0.016129032258064516,215,184,-31,-0.14418604651162792,138,133,-5,-0.036231884057971016,33,33,0,0.0,16,16,0,0.0,2,2,0,0.0,2,2,0,0.0,543,504,-39,-0.0718232044198895,175,167,-8,-0.045714285714285714,0,0,0,
public_v1,O3,p03510,custom_storage_delift,bundle_standard_opt_3,bundle_storage_delift,False,4,4,0,0.0,65,65,0,0.0,1130,1130,0,0.0,12,12,0,0.0,79,79,0,0.0,79,79,0,0.0,0,0,0,,6,6,0,0.0,4,4,0,0.0,183,183,0,0.0,184,184,0,0.0,133,133,0,0.0,33,33,0,0.0,16,16,0,0.0,2,2,0,0.0,2,2,0,0.0,504,504,0,0.0,167,167,0,0.0,0,0,0,
public_v1,O3,p03510,custom_residual_strip,bundle_storage_delift,bundle_residual_strip,False,4,4,0,0.0,65,65,0,0.0,1130,1130,0,0.0,12,12,0,0.0,79,79,0,0.0,79,79,0,0.0,0,0,0,,6,6,0,0.0,4,4,0,0.0,183,183,0,0.0,184,184,0,0.0,133,133,0,0.0,33,33,0,0.0,16,16,0,0.0,2,2,0,0.0,2,2,0,0.0,504,504,0,0.0,167,167,0,0.0,0,0,0,
public_v1,O3,p03510,final_tail_opt_4_plus_custom_cleanup,bundle_residual_strip,final_clean,False,4,4,0,0.0,65,63,-2,-0.03076923076923077,1130,1108,-22,-0.019469026548672566,12,12,0,0.0,79,78,-1,-0.012658227848101266,79,78,-1,-0.012658227848101266,0,0,0,,6,6,0,0.0,4,4,0,0.0,183,178,-5,-0.0273224043715847,184,183,-1,-0.005434782608695652,133,124,-9,-0.06766917293233082,33,33,0,0.0,16,16,0,0.0,2,2,0,0.0,2,2,0,0.0,504,489,-15,-0.02976190476190476,167,167,0,0.0,0,0,0,
public_v1,O3,p03543,main_combined_custom_plus_opt_1_2,raw_lift,brightened_main,False,30,3,-27,-0.9,126,11,-115,-0.9126984126984127,2386,165,-2221,-0.9308466051969824,47,4,-43,-0.9148936170212766,58,11,-47,-0.8103448275862069,53,11,-42,-0.7924528301886793,5,0,-5,-1.0,16,0,-16,-1.0,0,2,2,,191,21,-170,-0.8900523560209425,539,31,-508,-0.9424860853432282,30,27,-3,-0.1,3,4,1,0.3333333333333333,22,7,-15,-0.6818181818181818,0,0,0,,15,0,-15,-1.0,760,81,-679,-0.8934210526315789,775,32,-743,-0.9587096774193549,0,0,0,
public_v1,O3,p03543,bundle_exact_pointer_passes,bundle_verified_input,bundle_pointer_opt,False,3,3,0,0.0,11,11,0,0.0,165,164,-1,-0.006060606060606061,4,4,0,0.0,11,11,0,0.0,11,11,0,0.0,0,0,0,,0,0,0,,2,2,0,0.0,21,21,0,0.0,31,31,0,0.0,27,27,0,0.0,4,3,-1,-0.25,7,7,0,0.0,0,0,0,,0,0,0,,81,81,0,0.0,32,31,-1,-0.03125,0,0,0,
public_v1,O3,p03543,llvm_default_opt_boundary_3,bundle_pointer_opt,bundle_standard_opt_3,True,3,3,0,0.0,11,11,0,0.0,164,163,-1,-0.006097560975609756,4,4,0,0.0,11,11,0,0.0,11,11,0,0.0,0,0,0,,0,0,0,,2,2,0,0.0,21,21,0,0.0,31,31,0,0.0,27,26,-1,-0.037037037037037035,3,3,0,0.0,7,7,0,0.0,0,0,0,,0,0,0,,81,80,-1,-0.012345679012345678,31,31,0,0.0,0,0,0,
public_v1,O3,p03543,custom_storage_delift,bundle_standard_opt_3,bundle_storage_delift,False,3,3,0,0.0,11,11,0,0.0,163,163,0,0.0,4,4,0,0.0,11,11,0,0.0,11,11,0,0.0,0,0,0,,0,0,0,,2,2,0,0.0,21,21,0,0.0,31,31,0,0.0,26,26,0,0.0,3,3,0,0.0,7,7,0,0.0,0,0,0,,0,0,0,,80,80,0,0.0,31,31,0,0.0,0,0,0,
public_v1,O3,p03543,custom_residual_strip,bundle_storage_delift,bundle_residual_strip,False,3,3,0,0.0,11,11,0,0.0,163,163,0,0.0,4,4,0,0.0,11,11,0,0.0,11,11,0,0.0,0,0,0,,0,0,0,,2,2,0,0.0,21,21,0,0.0,31,31,0,0.0,26,26,0,0.0,3,3,0,0.0,7,7,0,0.0,0,0,0,,0,0,0,,80,80,0,0.0,31,31,0,0.0,0,0,0,
public_v1,O3,p03543,final_tail_opt_4_plus_custom_cleanup,bundle_residual_strip,final_clean,False,3,3,0,0.0,11,11,0,0.0,163,163,0,0.0,4,4,0,0.0,11,11,0,0.0,11,11,0,0.0,0,0,0,,0,0,0,,2,2,0,0.0,21,21,0,0.0,31,31,0,0.0,26,26,0,0.0,3,3,0,0.0,7,7,0,0.0,0,0,0,,0,0,0,,80,80,0,0.0,31,31,0,0.0,0,0,0,
public_v1,O3,p03773,main_combined_custom_plus_opt_1_2,raw_lift,brightened_main,False,40,2,-38,-0.95,483,3,-480,-0.9937888198757764,9644,10,-9634,-0.9989630858564911,212,0,-212,-1.0,89,2,-87,-0.9775280898876404,84,2,-82,-0.9761904761904762,5,0,-5,-1.0,37,0,-37,-1.0,0,2,2,,653,2,-651,-0.996937212863706,1378,0,-1378,-1.0,38,0,-38,-1.0,16,0,-16,-1.0,96,0,-96,-1.0,0,0,0,,9,0,-9,-1.0,2069,4,-2065,-0.9980666988883519,3777,0,-3777,-1.0,0,0,0,
public_v1,O3,p03773,bundle_exact_pointer_passes,bundle_verified_input,bundle_pointer_opt,False,2,2,0,0.0,3,3,0,0.0,10,10,0,0.0,0,0,0,,2,2,0,0.0,2,2,0,0.0,0,0,0,,0,0,0,,2,2,0,0.0,2,2,0,0.0,0,0,0,,0,0,0,,0,0,0,,0,0,0,,0,0,0,,0,0,0,,4,4,0,0.0,0,0,0,,0,0,0,
public_v1,O3,p03773,llvm_default_opt_boundary_3,bundle_pointer_opt,bundle_standard_opt_3,True,2,2,0,0.0,3,3,0,0.0,10,10,0,0.0,0,0,0,,2,2,0,0.0,2,2,0,0.0,0,0,0,,0,0,0,,2,2,0,0.0,2,2,0,0.0,0,0,0,,0,0,0,,0,0,0,,0,0,0,,0,0,0,,0,0,0,,4,4,0,0.0,0,0,0,,0,0,0,
public_v1,O3,p03773,custom_storage_delift,bundle_standard_opt_3,bundle_storage_delift,False,2,2,0,0.0,3,3,0,0.0,10,10,0,0.0,0,0,0,,2,2,0,0.0,2,2,0,0.0,0,0,0,,0,0,0,,2,2,0,0.0,2,2,0,0.0,0,0,0,,0,0,0,,0,0,0,,0,0,0,,0,0,0,,0,0,0,,4,4,0,0.0,0,0,0,,0,0,0,
public_v1,O3,p03773,custom_residual_strip,bundle_storage_delift,bundle_residual_strip,False,2,2,0,0.0,3,3,0,0.0,10,10,0,0.0,0,0,0,,2,2,0,0.0,2,2,0,0.0,0,0,0,,0,0,0,,2,2,0,0.0,2,2,0,0.0,0,0,0,,0,0,0,,0,0,0,,0,0,0,,0,0,0,,0,0,0,,4,4,0,0.0,0,0,0,,0,0,0,
public_v1,O3,p03773,final_tail_opt_4_plus_custom_cleanup,bundle_residual_strip,final_clean,False,2,1,-1,-0.5,3,2,-1,-0.3333333333333333,10,9,-1,-0.1,0,0,0,,2,2,0,0.0,2,2,0,0.0,0,0,0,,0,0,0,,2,2,0,0.0,2,2,0,0.0,0,0,0,,0,0,0,,0,0,0,,0,0,0,,0,0,0,,0,0,0,,4,4,0,0.0,0,0,0,,0,0,0,
public_v1,O3,p03776,main_combined_custom_plus_opt_1_2,raw_lift,brightened_main,False,31,8,-23,-0.7419354838709677,767,345,-422,-0.5501955671447197,15053,4606,-10447,-0.694014482163024,362,20,-342,-0.9447513812154696,103,195,92,0.8932038834951457,98,195,97,0.9897959183673469,5,0,-5,-1.0,35,4,-31,-0.8857142857142857,0,3,3,,908,680,-228,-0.2511013215859031,2050,612,-1438,-0.7014634146341463,43,245,202,4.6976744186046515,9,63,54,6.0,173,50,-123,-0.7109826589595376,0,6,6,,3,0,-3,-1.0,3001,1540,-1461,-0.48683772075974674,6015,881,-5134,-0.8535328345802161,0,0,0,
public_v1,O3,p03776,bundle_exact_pointer_passes,bundle_verified_input,bundle_pointer_opt,False,8,8,0,0.0,345,341,-4,-0.011594202898550725,4606,4482,-124,-0.026921406860616587,20,20,0,0.0,195,195,0,0.0,195,195,0,0.0,0,0,0,,4,4,0,0.0,3,3,0,0.0,680,667,-13,-0.01911764705882353,612,612,0,0.0,245,245,0,0.0,63,63,0,0.0,50,50,0,0.0,6,6,0,0.0,0,0,0,,1540,1527,-13,-0.008441558441558441,881,878,-3,-0.00340522133938706,0,0,0,
public_v1,O3,p03776,llvm_default_opt_boundary_3,bundle_pointer_opt,bundle_standard_opt_3,True,8,8,0,0.0,341,340,-1,-0.002932551319648094,4482,4317,-165,-0.03681392235609103,20,20,0,0.0,195,195,0,0.0,195,195,0,0.0,0,0,0,,4,4,0,0.0,3,3,0,0.0,667,666,-1,-0.0014992503748125937,612,606,-6,-0.00980392156862745,245,225,-20,-0.08163265306122448,63,58,-5,-0.07936507936507936,50,49,-1,-0.02,6,6,0,0.0,0,0,0,,1527,1500,-27,-0.01768172888015717,878,837,-41,-0.04669703872437358,0,0,0,
public_v1,O3,p03776,custom_storage_delift,bundle_standard_opt_3,bundle_storage_delift,False,8,8,0,0.0,340,340,0,0.0,4317,4317,0,0.0,20,20,0,0.0,195,195,0,0.0,195,195,0,0.0,0,0,0,,4,4,0,0.0,3,3,0,0.0,666,666,0,0.0,606,606,0,0.0,225,225,0,0.0,58,58,0,0.0,49,49,0,0.0,6,6,0,0.0,0,0,0,,1500,1500,0,0.0,837,837,0,0.0,0,0,0,
public_v1,O3,p03776,custom_residual_strip,bundle_storage_delift,bundle_residual_strip,False,8,8,0,0.0,340,340,0,0.0,4317,4317,0,0.0,20,20,0,0.0,195,195,0,0.0,195,195,0,0.0,0,0,0,,4,4,0,0.0,3,3,0,0.0,666,666,0,0.0,606,606,0,0.0,225,225,0,0.0,58,58,0,0.0,49,49,0,0.0,6,6,0,0.0,0,0,0,,1500,1500,0,0.0,837,837,0,0.0,0,0,0,
public_v1,O3,p03776,final_tail_opt_4_plus_custom_cleanup,bundle_residual_strip,final_clean,False,8,8,0,0.0,340,340,0,0.0,4317,4314,-3,-0.0006949270326615705,20,20,0,0.0,195,195,0,0.0,195,195,0,0.0,0,0,0,,4,4,0,0.0,3,3,0,0.0,666,666,0,0.0,606,606,0,0.0,225,222,-3,-0.013333333333333334,58,58,0,0.0,49,49,0,0.0,6,6,0,0.0,0,0,0,,1500,1497,-3,-0.002,837,837,0,0.0,0,0,0,
public_v1,O3,p03835,main_combined_custom_plus_opt_1_2,raw_lift,brightened_main,False,50,2,-48,-0.96,687,7,-680,-0.9898107714701602,13916,27,-13889,-0.9980597872951997,300,3,-297,-0.99,115,2,-113,-0.9826086956521739,110,2,-108,-0.9818181818181818,5,0,-5,-1.0,56,0,-56,-1.0,0,2,2,,1047,2,-1045,-0.9980897803247374,2111,0,-2111,-1.0,80,0,-80,-1.0,29,5,-24,-0.8275862068965517,141,0,-141,-1.0,0,0,0,,12,0,-12,-1.0,3238,4,-3234,-0.9987646695491044,5335,10,-5325,-0.9981255857544518,0,0,0,
public_v1,O3,p03835,bundle_exact_pointer_passes,bundle_verified_input,bundle_pointer_opt,False,2,2,0,0.0,7,7,0,0.0,27,27,0,0.0,3,3,0,0.0,2,2,0,0.0,2,2,0,0.0,0,0,0,,0,0,0,,2,2,0,0.0,2,2,0,0.0,0,0,0,,0,0,0,,5,5,0,0.0,0,0,0,,0,0,0,,0,0,0,,4,4,0,0.0,10,10,0,0.0,0,0,0,
public_v1,O3,p03835,llvm_default_opt_boundary_3,bundle_pointer_opt,bundle_standard_opt_3,True,2,2,0,0.0,7,7,0,0.0,27,27,0,0.0,3,3,0,0.0,2,2,0,0.0,2,2,0,0.0,0,0,0,,0,0,0,,2,2,0,0.0,2,2,0,0.0,0,0,0,,0,0,0,,5,5,0,0.0,0,0,0,,0,0,0,,0,0,0,,4,4,0,0.0,10,10,0,0.0,0,0,0,
public_v1,O3,p03835,custom_storage_delift,bundle_standard_opt_3,bundle_storage_delift,False,2,2,0,0.0,7,7,0,0.0,27,27,0,0.0,3,3,0,0.0,2,2,0,0.0,2,2,0,0.0,0,0,0,,0,0,0,,2,2,0,0.0,2,2,0,0.0,0,0,0,,0,0,0,,5,5,0,0.0,0,0,0,,0,0,0,,0,0,0,,4,4,0,0.0,10,10,0,0.0,0,0,0,
public_v1,O3,p03835,custom_residual_strip,bundle_storage_delift,bundle_residual_strip,False,2,2,0,0.0,7,7,0,0.0,27,27,0,0.0,3,3,0,0.0,2,2,0,0.0,2,2,0,0.0,0,0,0,,0,0,0,,2,2,0,0.0,2,2,0,0.0,0,0,0,,0,0,0,,5,5,0,0.0,0,0,0,,0,0,0,,0,0,0,,4,4,0,0.0,10,10,0,0.0,0,0,0,
public_v1,O3,p03835,final_tail_opt_4_plus_custom_cleanup,bundle_residual_strip,final_clean,False,2,1,-1,-0.5,7,6,-1,-0.14285714285714285,27,26,-1,-0.037037037037037035,3,3,0,0.0,2,2,0,0.0,2,2,0,0.0,0,0,0,,0,0,0,,2,2,0,0.0,2,2,0,0.0,0,0,0,,0,0,0,,5,5,0,0.0,0,0,0,,0,0,0,,0,0,0,,4,4,0,0.0,10,10,0,0.0,0,0,0,
public_v1,O3,p03854,main_combined_custom_plus_opt_1_2,raw_lift,brightened_main,False,43,3,-40,-0.9302325581395349,328,18,-310,-0.9451219512195121,6667,70,-6597,-0.9895005249737513,138,7,-131,-0.9492753623188406,96,6,-90,-0.9375,91,6,-85,-0.9340659340659341,5,0,-5,-1.0,36,0,-36,-1.0,0,0,0,,412,3,-409,-0.9927184466019418,1069,2,-1067,-0.9981290926099158,43,7,-36,-0.8372093023255814,11,4,-7,-0.6363636363636364,66,4,-62,-0.9393939393939394,0,1,1,,15,0,-15,-1.0,1524,12,-1512,-0.9921259842519685,2571,24,-2547,-0.9906651108518086,0,0,0,
public_v1,O3,p03854,bundle_exact_pointer_passes,bundle_verified_input,bundle_pointer_opt,False,3,3,0,0.0,18,18,0,0.0,70,70,0,0.0,7,7,0,0.0,6,6,0,0.0,6,6,0,0.0,0,0,0,,0,0,0,,0,0,0,,3,3,0,0.0,2,2,0,0.0,7,7,0,0.0,4,4,0,0.0,4,4,0,0.0,1,1,0,0.0,0,0,0,,12,12,0,0.0,24,24,0,0.0,0,0,0,
public_v1,O3,p03854,llvm_default_opt_boundary_3,bundle_pointer_opt,bundle_standard_opt_3,True,3,3,0,0.0,18,18,0,0.0,70,70,0,0.0,7,7,0,0.0,6,6,0,0.0,6,6,0,0.0,0,0,0,,0,0,0,,0,0,0,,3,3,0,0.0,2,2,0,0.0,7,7,0,0.0,4,4,0,0.0,4,4,0,0.0,1,1,0,0.0,0,0,0,,12,12,0,0.0,24,24,0,0.0,0,0,0,
public_v1,O3,p03854,custom_storage_delift,bundle_standard_opt_3,bundle_storage_delift,False,3,3,0,0.0,18,18,0,0.0,70,70,0,0.0,7,7,0,0.0,6,6,0,0.0,6,6,0,0.0,0,0,0,,0,0,0,,0,0,0,,3,3,0,0.0,2,2,0,0.0,7,7,0,0.0,4,4,0,0.0,4,4,0,0.0,1,1,0,0.0,0,0,0,,12,12,0,0.0,24,24,0,0.0,0,0,0,
public_v1,O3,p03854,custom_residual_strip,bundle_storage_delift,bundle_residual_strip,False,3,3,0,0.0,18,18,0,0.0,70,70,0,0.0,7,7,0,0.0,6,6,0,0.0,6,6,0,0.0,0,0,0,,0,0,0,,0,0,0,,3,3,0,0.0,2,2,0,0.0,7,7,0,0.0,4,4,0,0.0,4,4,0,0.0,1,1,0,0.0,0,0,0,,12,12,0,0.0,24,24,0,0.0,0,0,0,
public_v1,O3,p03854,final_tail_opt_4_plus_custom_cleanup,bundle_residual_strip,final_clean,False,3,3,0,0.0,18,18,0,0.0,70,70,0,0.0,7,7,0,0.0,6,6,0,0.0,6,6,0,0.0,0,0,0,,0,0,0,,0,0,0,,3,3,0,0.0,2,2,0,0.0,7,7,0,0.0,4,4,0,0.0,4,4,0,0.0,1,1,0,0.0,0,0,0,,12,12,0,0.0,24,24,0,0.0,0,0,0,
public_v1,O3,p04028,main_combined_custom_plus_opt_1_2,raw_lift,brightened_main,False,31,3,-28,-0.9032258064516129,199,26,-173,-0.8693467336683417,4236,380,-3856,-0.9102927289896129,82,11,-71,-0.8658536585365854,62,13,-49,-0.7903225806451613,57,13,-44,-0.7719298245614035,5,0,-5,-1.0,18,0,-18,-1.0,0,2,2,,251,16,-235,-0.9362549800796812,407,53,-354,-0.8697788697788698,10,48,38,3.8,3,10,7,2.3333333333333335,35,13,-22,-0.6285714285714286,0,0,0,,7,3,-4,-0.5714285714285714,668,119,-549,-0.8218562874251497,1566,99,-1467,-0.9367816091954023,0,0,0,
public_v1,O3,p04028,bundle_exact_pointer_passes,bundle_verified_input,bundle_pointer_opt,False,3,3,0,0.0,26,25,-1,-0.038461538461538464,380,362,-18,-0.04736842105263158,11,11,0,0.0,13,13,0,0.0,13,13,0,0.0,0,0,0,,0,0,0,,2,2,0,0.0,16,16,0,0.0,53,53,0,0.0,48,43,-5,-0.10416666666666667,10,10,0,0.0,13,13,0,0.0,0,0,0,,3,3,0,0.0,119,114,-5,-0.04201680672268908,99,94,-5,-0.050505050505050504,0,0,0,
public_v1,O3,p04028,llvm_default_opt_boundary_3,bundle_pointer_opt,bundle_standard_opt_3,True,3,3,0,0.0,25,25,0,0.0,362,351,-11,-0.03038674033149171,11,11,0,0.0,13,13,0,0.0,13,13,0,0.0,0,0,0,,0,0,0,,2,2,0,0.0,16,16,0,0.0,53,53,0,0.0,43,40,-3,-0.06976744186046512,10,10,0,0.0,13,13,0,0.0,0,0,0,,3,3,0,0.0,114,111,-3,-0.02631578947368421,94,92,-2,-0.02127659574468085,0,0,0,
public_v1,O3,p04028,custom_storage_delift,bundle_standard_opt_3,bundle_storage_delift,False,3,3,0,0.0,25,25,0,0.0,351,351,0,0.0,11,11,0,0.0,13,13,0,0.0,13,13,0,0.0,0,0,0,,0,0,0,,2,2,0,0.0,16,16,0,0.0,53,53,0,0.0,40,40,0,0.0,10,10,0,0.0,13,13,0,0.0,0,0,0,,3,3,0,0.0,111,111,0,0.0,92,92,0,0.0,0,0,0,
public_v1,O3,p04028,custom_residual_strip,bundle_storage_delift,bundle_residual_strip,False,3,3,0,0.0,25,25,0,0.0,351,351,0,0.0,11,11,0,0.0,13,13,0,0.0,13,13,0,0.0,0,0,0,,0,0,0,,2,2,0,0.0,16,16,0,0.0,53,53,0,0.0,40,40,0,0.0,10,10,0,0.0,13,13,0,0.0,0,0,0,,3,3,0,0.0,111,111,0,0.0,92,92,0,0.0,0,0,0,
public_v1,O3,p04028,final_tail_opt_4_plus_custom_cleanup,bundle_residual_strip,final_clean,False,3,1,-2,-0.6666666666666666,25,27,2,0.08,351,312,-39,-0.1111111111111111,11,15,4,0.36363636363636365,13,13,0,0.0,13,13,0,0.0,0,0,0,,0,0,0,,2,1,-1,-0.5,16,14,-2,-0.125,53,8,-45,-0.8490566037735849,40,9,-31,-0.775,10,14,4,0.4,13,11,-2,-0.15384615384615385,0,0,0,,3,5,2,0.6666666666666666,111,32,-79,-0.7117117117117117,92,106,14,0.15217391304347827,0,0,0,
