dataset,level,sample_id,boundary,before_path,after_path,production_replay_valid,functions_before,functions_after,functions_delta,blocks_before,blocks_after,blocks_delta,instructions_before,instructions_after,instructions_delta,conditional_branches_before,conditional_branches_after,conditional_branches_delta,calls_before,calls_after,calls_delta,direct_calls_before,direct_calls_after,direct_calls_delta,indirect_calls_before,indirect_calls_after,indirect_calls_delta,intrinsics_before,intrinsics_after,intrinsics_delta,allocas_before,allocas_after,allocas_delta,loads_before,loads_after,loads_delta,stores_before,stores_after,stores_delta,geps_before,geps_after,geps_delta,phis_before,phis_after,phis_delta,selects_before,selects_after,selects_delta,switches_before,switches_after,switches_delta,unreachable_before,unreachable_after,unreachable_delta,memory_ops_before,memory_ops_after,memory_ops_delta,scalar_cleanup_ops_before,scalar_cleanup_ops_after,scalar_cleanup_ops_delta,vector_instructions_before,vector_instructions_after,vector_instructions_delta
public_v1,O1,p00001,main_default_opt_1,/home/dungbv/clau/reports/ir_boundary_public_20260816/artifacts/O1/p00001/main_opt_1.before.ll,/home/dungbv/clau/reports/ir_boundary_public_20260816/artifacts/O1/p00001/main_opt_1.after.ll,True,9,3,-6,45,30,-15,1185,616,-569,10,8,-2,29,19,-10,29,19,-10,0,0,0,14,10,-4,6,4,-2,103,48,-55,198,194,-4,137,96,-41,25,9,-16,29,29,0,2,1,-1,0,0,0,444,342,-102,235,131,-104,0,0,0
public_v1,O1,p00001,main_default_opt_2,/home/dungbv/clau/reports/ir_boundary_public_20260816/artifacts/O1/p00001/main_opt_2.before.ll,/home/dungbv/clau/reports/ir_boundary_public_20260816/artifacts/O1/p00001/main_opt_2.after.ll,True,3,3,0,30,30,0,465,442,-23,8,8,0,15,15,0,15,15,0,0,0,0,6,6,0,2,2,0,28,28,0,176,160,-16,65,64,-1,12,14,2,13,10,-3,1,1,0,0,0,0,271,254,-17,89,83,-6,0,0,0
public_v1,O1,p00001,bundle_default_opt_3,/home/dungbv/clau/result/ir_public_o1_20260816/p00001/p00001_final.02-pointer-opt.ll,/home/dungbv/clau/reports/ir_boundary_public_20260816/artifacts/O1/p00001/bundle_default_opt_3.after.ll,True,4,4,0,30,26,-4,291,232,-59,7,5,-2,13,15,2,13,15,2,0,0,0,2,4,2,1,1,0,20,12,-8,112,107,-5,42,38,-4,10,4,-6,5,5,0,1,1,0,0,0,0,175,158,-17,47,25,-22,0,0,0
public_v1,O1,p00001,bundle_default_opt_4,/home/dungbv/clau/result/ir_public_o1_20260816/p00001/p00001_final.05-unpinned.ll,/home/dungbv/clau/reports/ir_boundary_public_20260816/artifacts/O1/p00001/bundle_default_opt_4.after.ll,True,4,4,0,26,26,0,232,232,0,5,5,0,15,15,0,15,15,0,0,0,0,4,4,0,1,1,0,12,12,0,107,107,0,38,38,0,4,4,0,5,5,0,1,1,0,0,0,0,158,158,0,25,25,0,0,0,0
public_v1,O1,p00001,bundle_post_opt_4_custom_cleanup,/home/dungbv/clau/reports/ir_boundary_public_20260816/artifacts/O1/p00001/bundle_default_opt_4.after.ll,/home/dungbv/clau/result/ir_public_o1_20260816/p00001/p00001_final.ll,True,4,2,-2,26,23,-3,232,168,-64,5,5,0,15,13,-2,15,13,-2,0,0,0,4,4,0,1,1,0,12,8,-4,107,58,-49,38,37,-1,4,7,3,5,2,-3,1,1,0,0,0,0,158,104,-54,25,22,-3,0,0,0
public_v1,O1,p00008,main_default_opt_1,/home/dungbv/clau/reports/ir_boundary_public_20260816/artifacts/O1/p00008/main_opt_1.before.ll,/home/dungbv/clau/reports/ir_boundary_public_20260816/artifacts/O1/p00008/main_opt_1.after.ll,True,3,2,-1,34,32,-2,1558,1140,-418,13,13,0,12,7,-5,12,7,-5,0,0,0,9,5,-4,5,3,-2,131,103,-28,204,186,-18,390,195,-195,1,1,0,178,157,-21,0,0,0,0,0,0,730,487,-243,456,397,-59,0,0,0
public_v1,O1,p00008,main_default_opt_2,/home/dungbv/clau/reports/ir_boundary_public_20260816/artifacts/O1/p00008/main_opt_2.before.ll,/home/dungbv/clau/reports/ir_boundary_public_20260816/artifacts/O1/p00008/main_opt_2.after.ll,True,2,2,0,32,32,0,1316,1089,-227,13,13,0,6,7,1,6,7,1,0,0,0,4,5,1,3,3,0,90,90,0,158,155,-3,204,196,-8,3,3,0,166,160,-6,0,0,0,0,0,0,455,444,-11,426,400,-26,0,0,0
public_v1,O1,p00008,bundle_default_opt_3,/home/dungbv/clau/result/ir_public_o1_20260816/p00008/p00008_final.02-pointer-opt.ll,/home/dungbv/clau/reports/ir_boundary_public_20260816/artifacts/O1/p00008/bundle_default_opt_3.after.ll,True,2,2,0,32,27,-5,292,228,-64,13,14,1,7,7,0,7,7,0,0,0,0,5,5,0,3,3,0,45,31,-14,39,39,0,84,45,-39,4,6,2,3,3,0,0,0,0,0,0,0,171,118,-53,45,44,-1,0,0,0
public_v1,O1,p00008,bundle_default_opt_4,/home/dungbv/clau/result/ir_public_o1_20260816/p00008/p00008_final.05-unpinned.ll,/home/dungbv/clau/reports/ir_boundary_public_20260816/artifacts/O1/p00008/bundle_default_opt_4.after.ll,True,2,2,0,27,27,0,228,228,0,14,14,0,7,7,0,7,7,0,0,0,0,5,5,0,3,3,0,31,31,0,39,39,0,45,45,0,6,6,0,3,3,0,0,0,0,0,0,0,118,118,0,44,44,0,0,0,0
public_v1,O1,p00008,bundle_post_opt_4_custom_cleanup,/home/dungbv/clau/reports/ir_boundary_public_20260816/artifacts/O1/p00008/bundle_default_opt_4.after.ll,/home/dungbv/clau/result/ir_public_o1_20260816/p00008/p00008_final.ll,True,2,2,0,27,27,0,228,243,15,14,14,0,7,7,0,7,7,0,0,0,0,5,5,0,3,3,0,31,17,-14,39,39,0,45,45,0,6,35,29,3,3,0,0,0,0,0,0,0,118,104,-14,44,73,29,0,0,0
public_v1,O1,p00033,main_default_opt_1,/home/dungbv/clau/reports/ir_boundary_public_20260816/artifacts/O1/p00033/main_opt_1.before.ll,/home/dungbv/clau/reports/ir_boundary_public_20260816/artifacts/O1/p00033/main_opt_1.after.ll,True,4,3,-1,97,91,-6,1839,1356,-483,7,5,-2,40,21,-19,40,21,-19,0,0,0,28,10,-18,14,4,-10,148,138,-10,306,223,-83,239,121,-118,19,19,0,41,42,1,3,2,-1,0,0,0,707,486,-221,305,285,-20,0,0,0
public_v1,O1,p00033,main_default_opt_2,/home/dungbv/clau/reports/ir_boundary_public_20260816/artifacts/O1/p00033/main_opt_2.before.ll,/home/dungbv/clau/reports/ir_boundary_public_20260816/artifacts/O1/p00033/main_opt_2.after.ll,True,3,3,0,91,85,-6,749,583,-166,5,4,-1,37,14,-23,37,14,-23,0,0,0,26,3,-23,13,13,0,68,82,14,172,116,-56,98,72,-26,3,5,2,27,26,-1,2,2,0,0,0,0,351,283,-68,99,94,-5,0,0,0
public_v1,O1,p00033,bundle_default_opt_3,/home/dungbv/clau/result/ir_public_o1_20260816/p00033/p00033_final.02-pointer-opt.ll,/home/dungbv/clau/reports/ir_boundary_public_20260816/artifacts/O1/p00033/bundle_default_opt_3.after.ll,True,4,4,0,87,86,-1,555,542,-13,4,4,0,18,18,0,18,18,0,0,0,0,3,3,0,13,13,0,82,81,-1,116,116,0,66,66,0,5,6,1,17,17,0,2,2,0,0,0,0,277,276,-1,77,73,-4,0,0,0
public_v1,O1,p00033,bundle_default_opt_4,/home/dungbv/clau/result/ir_public_o1_20260816/p00033/p00033_final.05-unpinned.ll,/home/dungbv/clau/reports/ir_boundary_public_20260816/artifacts/O1/p00033/bundle_default_opt_4.after.ll,True,4,4,0,86,86,0,542,542,0,4,4,0,18,18,0,18,18,0,0,0,0,3,3,0,13,13,0,81,81,0,116,116,0,66,66,0,6,6,0,17,17,0,2,2,0,0,0,0,276,276,0,73,73,0,0,0,0
public_v1,O1,p00033,bundle_post_opt_4_custom_cleanup,/home/dungbv/clau/reports/ir_boundary_public_20260816/artifacts/O1/p00033/bundle_default_opt_4.after.ll,/home/dungbv/clau/result/ir_public_o1_20260816/p00033/p00033_final.ll,True,4,4,0,86,86,0,542,520,-22,4,4,0,18,18,0,18,18,0,0,0,0,3,3,0,13,13,0,81,79,-2,116,95,-21,66,65,-1,6,9,3,17,16,-1,2,2,0,0,0,0,276,252,-24,73,75,2,0,0,0
public_v1,O1,p00165,main_default_opt_1,/home/dungbv/clau/reports/ir_boundary_public_20260816/artifacts/O1/p00165/main_opt_1.before.ll,/home/dungbv/clau/reports/ir_boundary_public_20260816/artifacts/O1/p00165/main_opt_1.after.ll,True,3,2,-1,31,27,-4,1067,842,-225,11,14,3,17,12,-5,17,12,-5,0,0,0,13,9,-4,7,5,-2,105,85,-20,199,199,0,230,133,-97,7,12,5,91,88,-3,0,0,0,0,0,0,541,422,-119,266,253,-13,0,0,0
public_v1,O1,p00165,main_default_opt_2,/home/dungbv/clau/reports/ir_boundary_public_20260816/artifacts/O1/p00165/main_opt_2.before.ll,/home/dungbv/clau/reports/ir_boundary_public_20260816/artifacts/O1/p00165/main_opt_2.after.ll,True,2,2,0,27,27,0,1071,781,-290,14,14,0,11,13,2,11,13,2,0,0,0,8,10,2,5,5,0,72,72,0,171,165,-6,151,137,-14,14,14,0,106,96,-10,0,0,0,0,0,0,399,379,-20,312,252,-60,0,0,0
public_v1,O1,p00165,bundle_default_opt_3,/home/dungbv/clau/result/ir_public_o1_20260816/p00165/p00165_final.02-pointer-opt.ll,/home/dungbv/clau/reports/ir_boundary_public_20260816/artifacts/O1/p00165/bundle_default_opt_3.after.ll,True,3,3,0,28,27,-1,296,268,-28,13,14,1,18,18,0,18,18,0,0,0,0,10,10,0,5,5,0,40,37,-3,59,59,0,69,45,-24,11,10,-1,2,2,0,0,0,0,0,0,0,173,146,-27,44,44,0,0,0,0
public_v1,O1,p00165,bundle_default_opt_4,/home/dungbv/clau/result/ir_public_o1_20260816/p00165/p00165_final.05-unpinned.ll,/home/dungbv/clau/reports/ir_boundary_public_20260816/artifacts/O1/p00165/bundle_default_opt_4.after.ll,True,3,3,0,27,27,0,268,267,-1,14,14,0,18,18,0,18,18,0,0,0,0,10,10,0,5,5,0,37,36,-1,59,59,0,45,45,0,10,10,0,2,2,0,0,0,0,0,0,0,146,145,-1,44,44,0,0,0,0
public_v1,O1,p00165,bundle_post_opt_4_custom_cleanup,/home/dungbv/clau/reports/ir_boundary_public_20260816/artifacts/O1/p00165/bundle_default_opt_4.after.ll,/home/dungbv/clau/result/ir_public_o1_20260816/p00165/p00165_final.ll,True,3,3,0,27,27,0,267,265,-2,14,14,0,18,18,0,18,18,0,0,0,0,10,10,0,5,5,0,36,25,-11,59,58,-1,45,45,0,10,20,10,2,2,0,0,0,0,0,0,0,145,133,-12,44,54,10,0,0,0
public_v1,O1,p00327,main_default_opt_1,/home/dungbv/clau/reports/ir_boundary_public_20260816/artifacts/O1/p00327/main_opt_1.before.ll,/home/dungbv/clau/reports/ir_boundary_public_20260816/artifacts/O1/p00327/main_opt_1.after.ll,True,3,2,-1,33,27,-6,1085,781,-304,14,18,4,14,7,-7,14,7,-7,0,0,0,10,4,-6,5,3,-2,111,56,-55,167,144,-23,168,100,-68,20,29,9,63,66,3,0,0,0,0,0,0,451,303,-148,276,255,-21,0,0,0
public_v1,O1,p00327,main_default_opt_2,/home/dungbv/clau/reports/ir_boundary_public_20260816/artifacts/O1/p00327/main_opt_2.before.ll,/home/dungbv/clau/reports/ir_boundary_public_20260816/artifacts/O1/p00327/main_opt_2.after.ll,True,3,2,-1,29,26,-3,740,714,-26,18,19,1,8,7,-1,8,7,-1,0,0,0,4,4,0,3,3,0,52,55,3,142,148,6,101,93,-8,9,11,2,66,61,-5,0,0,0,0,0,0,298,299,1,230,219,-11,0,0,0
public_v1,O1,p00327,bundle_default_opt_3,/home/dungbv/clau/result/ir_public_o1_20260816/p00327/p00327_final.02-pointer-opt.ll,/home/dungbv/clau/reports/ir_boundary_public_20260816/artifacts/O1/p00327/bundle_default_opt_3.after.ll,True,4,4,0,30,32,2,567,566,-1,19,19,0,21,21,0,21,21,0,0,0,0,4,4,0,3,3,0,50,50,0,148,153,5,57,56,-1,9,8,-1,25,25,0,0,0,0,0,0,0,258,262,4,133,128,-5,0,0,0
public_v1,O1,p00327,bundle_default_opt_4,/home/dungbv/clau/result/ir_public_o1_20260816/p00327/p00327_final.05-unpinned.ll,/home/dungbv/clau/reports/ir_boundary_public_20260816/artifacts/O1/p00327/bundle_default_opt_4.after.ll,True,4,4,0,32,32,0,566,562,-4,19,19,0,21,21,0,21,21,0,0,0,0,4,4,0,3,3,0,50,50,0,153,153,0,56,56,0,8,8,0,25,25,0,0,0,0,0,0,0,262,262,0,128,128,0,0,0,0
public_v1,O1,p00327,bundle_post_opt_4_custom_cleanup,/home/dungbv/clau/reports/ir_boundary_public_20260816/artifacts/O1/p00327/bundle_default_opt_4.after.ll,/home/dungbv/clau/result/ir_public_o1_20260816/p00327/p00327_final.ll,True,4,4,0,32,33,1,562,477,-85,19,19,0,21,21,0,21,21,0,0,0,0,4,4,0,3,3,0,50,44,-6,153,71,-82,56,56,0,8,18,10,25,17,-8,0,0,0,0,0,0,262,174,-88,128,130,2,0,0,0
public_v1,O1,p00678,main_default_opt_1,/home/dungbv/clau/reports/ir_boundary_public_20260816/artifacts/O1/p00678/main_opt_1.before.ll,/home/dungbv/clau/reports/ir_boundary_public_20260816/artifacts/O1/p00678/main_opt_1.after.ll,True,6,5,-1,93,79,-14,1815,1253,-562,32,21,-11,43,31,-12,43,31,-12,0,0,0,25,14,-11,11,7,-4,123,112,-11,229,169,-60,250,143,-107,78,77,-1,50,20,-30,8,5,-3,3,3,0,613,431,-182,492,306,-186,0,0,0
public_v1,O1,p00678,main_default_opt_2,/home/dungbv/clau/reports/ir_boundary_public_20260816/artifacts/O1/p00678/main_opt_2.before.ll,/home/dungbv/clau/reports/ir_boundary_public_20260816/artifacts/O1/p00678/main_opt_2.after.ll,True,5,5,0,79,78,-1,1426,1169,-257,21,18,-3,29,29,0,29,29,0,0,0,0,12,12,0,7,7,0,100,100,0,141,141,0,149,125,-24,77,77,0,26,20,-6,5,4,-1,3,3,0,397,373,-24,320,293,-27,0,0,0
public_v1,O1,p00678,bundle_default_opt_3,/home/dungbv/clau/result/ir_public_o1_20260816/p00678/p00678_final.02-pointer-opt.ll,/home/dungbv/clau/reports/ir_boundary_public_20260816/artifacts/O1/p00678/bundle_default_opt_3.after.ll,True,5,5,0,78,78,0,1169,1169,0,18,18,0,29,29,0,29,29,0,0,0,0,12,12,0,7,7,0,100,100,0,141,141,0,125,125,0,77,77,0,20,20,0,4,4,0,3,3,0,373,373,0,293,293,0,0,0,0
public_v1,O1,p00678,bundle_default_opt_4,/home/dungbv/clau/result/ir_public_o1_20260816/p00678/p00678_final.05-unpinned.ll,/home/dungbv/clau/reports/ir_boundary_public_20260816/artifacts/O1/p00678/bundle_default_opt_4.after.ll,True,5,5,0,78,78,0,1169,1169,0,18,18,0,29,29,0,29,29,0,0,0,0,12,12,0,7,7,0,100,100,0,141,141,0,125,125,0,77,77,0,20,20,0,4,4,0,3,3,0,373,373,0,293,293,0,0,0,0
public_v1,O1,p00678,bundle_post_opt_4_custom_cleanup,/home/dungbv/clau/reports/ir_boundary_public_20260816/artifacts/O1/p00678/bundle_default_opt_4.after.ll,/home/dungbv/clau/result/ir_public_o1_20260816/p00678/p00678_final.ll,True,5,5,0,78,78,0,1169,1173,4,18,18,0,29,29,0,29,29,0,0,0,0,12,12,0,7,7,0,100,91,-9,141,141,0,125,125,0,77,88,11,20,20,0,4,4,0,3,3,0,373,364,-9,293,306,13,0,0,0
public_v1,O1,p00693,main_default_opt_1,/home/dungbv/clau/reports/ir_boundary_public_20260816/artifacts/O1/p00693/main_opt_1.before.ll,/home/dungbv/clau/reports/ir_boundary_public_20260816/artifacts/O1/p00693/main_opt_1.after.ll,True,4,3,-1,41,36,-5,1388,1015,-373,15,19,4,32,17,-15,32,17,-15,0,0,0,24,10,-14,11,5,-6,108,77,-31,260,228,-32,270,188,-82,16,8,-8,98,100,2,0,0,0,0,0,0,649,498,-151,344,287,-57,0,0,0
public_v1,O1,p00693,main_default_opt_2,/home/dungbv/clau/reports/ir_boundary_public_20260816/artifacts/O1/p00693/main_opt_2.before.ll,/home/dungbv/clau/reports/ir_boundary_public_20260816/artifacts/O1/p00693/main_opt_2.after.ll,True,3,3,0,36,36,0,1193,845,-348,19,19,0,15,17,2,15,17,2,0,0,0,8,10,2,5,5,0,64,52,-12,200,194,-6,201,162,-39,8,8,0,112,91,-21,0,0,0,0,0,0,470,413,-57,316,246,-70,0,0,0
public_v1,O1,p00693,bundle_default_opt_3,/home/dungbv/clau/result/ir_public_o1_20260816/p00693/p00693_final.02-pointer-opt.ll,/home/dungbv/clau/reports/ir_boundary_public_20260816/artifacts/O1/p00693/bundle_default_opt_3.after.ll,True,5,5,0,40,39,-1,670,653,-17,19,20,1,32,32,0,32,32,0,0,0,0,10,10,0,5,5,0,51,52,1,194,198,4,107,105,-2,9,4,-5,49,50,1,0,0,0,0,0,0,357,360,3,153,146,-7,0,0,0
public_v1,O1,p00693,bundle_default_opt_4,/home/dungbv/clau/result/ir_public_o1_20260816/p00693/p00693_final.05-unpinned.ll,/home/dungbv/clau/reports/ir_boundary_public_20260816/artifacts/O1/p00693/bundle_default_opt_4.after.ll,True,5,5,0,39,39,0,653,651,-2,20,20,0,32,32,0,32,32,0,0,0,0,10,10,0,5,5,0,52,52,0,198,198,0,105,103,-2,4,4,0,50,50,0,0,0,0,0,0,0,360,358,-2,146,146,0,0,0,0
public_v1,O1,p00693,bundle_post_opt_4_custom_cleanup,/home/dungbv/clau/reports/ir_boundary_public_20260816/artifacts/O1/p00693/bundle_default_opt_4.after.ll,/home/dungbv/clau/result/ir_public_o1_20260816/p00693/p00693_final.ll,True,5,5,0,39,40,1,651,562,-89,20,20,0,32,30,-2,32,30,-2,0,0,0,10,10,0,5,5,0,52,47,-5,198,110,-88,103,107,4,4,13,9,50,42,-8,0,0,0,0,0,0,358,269,-89,146,147,1,0,0,0
public_v1,O1,p00788,main_default_opt_1,/home/dungbv/clau/reports/ir_boundary_public_20260816/artifacts/O1/p00788/main_opt_1.before.ll,/home/dungbv/clau/reports/ir_boundary_public_20260816/artifacts/O1/p00788/main_opt_1.after.ll,True,5,3,-2,57,49,-8,1353,834,-519,20,14,-6,27,15,-12,27,15,-12,0,0,0,10,2,-8,5,1,-4,121,99,-22,179,143,-36,202,86,-116,23,21,-2,52,37,-15,2,1,-1,11,9,-2,507,329,-178,293,212,-81,0,0,0
public_v1,O1,p00788,main_default_opt_2,/home/dungbv/clau/reports/ir_boundary_public_20260816/artifacts/O1/p00788/main_opt_2.before.ll,/home/dungbv/clau/reports/ir_boundary_public_20260816/artifacts/O1/p00788/main_opt_2.after.ll,True,3,3,0,49,45,-4,605,524,-81,14,14,0,17,13,-4,17,13,-4,0,0,0,4,0,-4,3,3,0,68,62,-6,115,96,-19,89,73,-16,4,6,2,37,37,0,1,1,0,9,9,0,275,234,-41,134,132,-2,0,0,0
public_v1,O1,p00788,bundle_default_opt_3,/home/dungbv/clau/result/ir_public_o1_20260816/p00788/p00788_final.02-pointer-opt.ll,/home/dungbv/clau/reports/ir_boundary_public_20260816/artifacts/O1/p00788/bundle_default_opt_3.after.ll,True,3,2,-1,45,46,1,423,428,5,14,15,1,13,11,-2,13,11,-2,0,0,0,0,0,0,3,3,0,51,51,0,96,120,24,54,60,6,6,5,-1,13,14,1,1,1,0,9,9,0,204,234,30,88,75,-13,0,0,0
public_v1,O1,p00788,bundle_default_opt_4,/home/dungbv/clau/result/ir_public_o1_20260816/p00788/p00788_final.05-unpinned.ll,/home/dungbv/clau/reports/ir_boundary_public_20260816/artifacts/O1/p00788/bundle_default_opt_4.after.ll,True,2,2,0,46,46,0,428,405,-23,15,15,0,11,11,0,11,11,0,0,0,0,0,0,0,3,3,0,51,43,-8,120,120,0,60,46,-14,5,7,2,14,14,0,1,1,0,9,9,0,234,212,-22,75,75,0,0,0,0
public_v1,O1,p00788,bundle_post_opt_4_custom_cleanup,/home/dungbv/clau/reports/ir_boundary_public_20260816/artifacts/O1/p00788/bundle_default_opt_4.after.ll,/home/dungbv/clau/result/ir_public_o1_20260816/p00788/p00788_final.ll,True,2,2,0,46,45,-1,405,204,-201,15,15,0,11,11,0,11,11,0,0,0,0,0,0,0,3,8,5,43,4,-39,120,9,-111,46,0,-46,7,29,22,14,6,-8,1,1,0,9,9,0,212,21,-191,75,77,2,0,0,0
public_v1,O1,p00793,main_default_opt_1,/home/dungbv/clau/reports/ir_boundary_public_20260816/artifacts/O1/p00793/main_opt_1.before.ll,/home/dungbv/clau/reports/ir_boundary_public_20260816/artifacts/O1/p00793/main_opt_1.after.ll,True,9,8,-1,99,101,2,5450,5571,121,44,42,-2,48,60,12,48,60,12,0,0,0,27,40,13,5,5,0,624,619,-5,2487,2458,-29,300,259,-41,412,422,10,96,96,0,9,9,0,4,4,0,3416,3341,-75,1143,1226,83,0,0,0
public_v1,O1,p00793,main_default_opt_2,/home/dungbv/clau/reports/ir_boundary_public_20260816/artifacts/O1/p00793/main_opt_2.before.ll,/home/dungbv/clau/reports/ir_boundary_public_20260816/artifacts/O1/p00793/main_opt_2.after.ll,True,8,8,0,101,101,0,5585,5492,-93,42,42,0,60,58,-2,60,58,-2,0,0,0,40,38,-2,6,6,0,620,620,0,2459,2458,-1,268,262,-6,422,423,1,98,98,0,9,9,0,4,4,0,3353,3346,-7,1227,1180,-47,0,0,0
public_v1,O1,p00793,bundle_default_opt_3,/home/dungbv/clau/result/ir_public_o1_20260816/p00793/p00793_final.02-pointer-opt.ll,/home/dungbv/clau/reports/ir_boundary_public_20260816/artifacts/O1/p00793/bundle_default_opt_3.after.ll,True,9,9,0,103,103,0,5116,5061,-55,42,42,0,101,101,0,101,101,0,0,0,0,38,38,0,6,6,0,620,601,-19,2458,2422,-36,136,136,0,423,423,0,14,14,0,9,9,0,4,4,0,3220,3165,-55,970,970,0,0,0,0
public_v1,O1,p00793,bundle_default_opt_4,/home/dungbv/clau/result/ir_public_o1_20260816/p00793/p00793_final.05-unpinned.ll,/home/dungbv/clau/reports/ir_boundary_public_20260816/artifacts/O1/p00793/bundle_default_opt_4.after.ll,True,9,9,0,103,103,0,5061,5061,0,42,42,0,101,101,0,101,101,0,0,0,0,38,38,0,6,6,0,601,601,0,2422,2422,0,136,136,0,423,423,0,14,14,0,9,9,0,4,4,0,3165,3165,0,970,970,0,0,0,0
public_v1,O1,p00793,bundle_post_opt_4_custom_cleanup,/home/dungbv/clau/reports/ir_boundary_public_20260816/artifacts/O1/p00793/bundle_default_opt_4.after.ll,/home/dungbv/clau/result/ir_public_o1_20260816/p00793/p00793_final.ll,True,9,9,0,103,103,0,5061,5023,-38,42,42,0,101,101,0,101,101,0,0,0,0,38,38,0,6,6,0,601,598,-3,2422,2386,-36,136,136,0,423,430,7,14,14,0,9,9,0,4,4,0,3165,3126,-39,970,971,1,0,0,0
public_v1,O1,p00859,main_default_opt_1,/home/dungbv/clau/reports/ir_boundary_public_20260816/artifacts/O1/p00859/main_opt_1.before.ll,/home/dungbv/clau/reports/ir_boundary_public_20260816/artifacts/O1/p00859/main_opt_1.after.ll,True,10,5,-5,103,91,-12,2192,1490,-702,10,6,-4,38,24,-14,38,24,-14,0,0,0,13,4,-9,4,2,-2,192,155,-37,253,228,-25,246,159,-87,37,31,-6,61,61,0,3,2,-1,0,0,0,695,544,-151,495,366,-129,0,0,0
public_v1,O1,p00859,main_default_opt_2,/home/dungbv/clau/reports/ir_boundary_public_20260816/artifacts/O1/p00859/main_opt_2.before.ll,/home/dungbv/clau/reports/ir_boundary_public_20260816/artifacts/O1/p00859/main_opt_2.after.ll,True,5,5,0,91,91,0,1513,1442,-71,6,6,0,24,24,0,24,24,0,0,0,0,4,4,0,2,2,0,155,147,-8,228,228,0,161,143,-18,31,31,0,65,65,0,2,2,0,0,0,0,546,520,-26,380,363,-17,0,0,0
public_v1,O1,p00859,bundle_default_opt_3,/home/dungbv/clau/result/ir_public_o1_20260816/p00859/p00859_final.02-pointer-opt.ll,/home/dungbv/clau/reports/ir_boundary_public_20260816/artifacts/O1/p00859/bundle_default_opt_3.after.ll,True,7,7,0,93,92,-1,1218,876,-342,5,5,0,40,40,0,40,40,0,0,0,0,0,0,0,1,1,0,137,98,-39,183,172,-11,109,100,-9,30,28,-2,20,20,0,2,2,0,0,0,0,430,371,-59,268,169,-99,0,0,0
public_v1,O1,p00859,bundle_default_opt_4,/home/dungbv/clau/result/ir_public_o1_20260816/p00859/p00859_final.05-unpinned.ll,/home/dungbv/clau/reports/ir_boundary_public_20260816/artifacts/O1/p00859/bundle_default_opt_4.after.ll,True,7,7,0,92,92,0,876,846,-30,5,5,0,40,40,0,40,40,0,0,0,0,0,0,0,1,1,0,98,98,0,172,172,0,100,78,-22,28,28,0,20,20,0,2,2,0,0,0,0,371,349,-22,169,169,0,0,0,0
public_v1,O1,p00859,bundle_post_opt_4_custom_cleanup,/home/dungbv/clau/reports/ir_boundary_public_20260816/artifacts/O1/p00859/bundle_default_opt_4.after.ll,/home/dungbv/clau/result/ir_public_o1_20260816/p00859/p00859_final.ll,True,7,7,0,92,92,0,846,836,-10,5,5,0,40,40,0,40,40,0,0,0,0,0,0,0,1,1,0,98,94,-4,172,162,-10,78,75,-3,28,36,8,20,19,-1,2,2,0,0,0,0,349,332,-17,169,176,7,0,0,0
public_v1,O1,p00867,main_default_opt_1,/home/dungbv/clau/reports/ir_boundary_public_20260816/artifacts/O1/p00867/main_opt_1.before.ll,/home/dungbv/clau/reports/ir_boundary_public_20260816/artifacts/O1/p00867/main_opt_1.after.ll,True,15,10,-5,385,352,-33,8539,7043,-1496,51,26,-25,91,49,-42,91,49,-42,0,0,0,33,2,-31,7,1,-6,777,780,3,753,728,-25,1134,843,-291,105,108,3,381,381,0,19,8,-11,0,0,0,2671,2352,-319,2084,1787,-297,0,0,0
public_v1,O1,p00867,main_default_opt_2,/home/dungbv/clau/reports/ir_boundary_public_20260816/artifacts/O1/p00867/main_opt_2.before.ll,/home/dungbv/clau/reports/ir_boundary_public_20260816/artifacts/O1/p00867/main_opt_2.after.ll,True,10,9,-1,352,357,5,7055,6572,-483,26,28,2,48,43,-5,48,43,-5,0,0,0,1,0,-1,1,1,0,768,714,-54,700,755,55,843,678,-165,108,116,8,381,383,2,8,8,0,0,0,0,2312,2148,-164,1788,1796,8,0,0,0
public_v1,O1,p00867,bundle_default_opt_3,/home/dungbv/clau/result/ir_public_o1_20260816/p00867/p00867_final.02-pointer-opt.ll,/home/dungbv/clau/reports/ir_boundary_public_20260816/artifacts/O1/p00867/bundle_default_opt_3.after.ll,True,15,15,0,369,363,-6,5461,4932,-529,28,28,0,140,140,0,140,140,0,0,0,0,0,0,0,1,1,0,714,710,-4,755,567,-188,435,378,-57,117,99,-18,104,104,0,8,8,0,0,0,0,1905,1656,-249,1206,1110,-96,0,0,0
public_v1,O1,p00867,bundle_default_opt_4,/home/dungbv/clau/result/ir_public_o1_20260816/p00867/p00867_final.05-unpinned.ll,/home/dungbv/clau/reports/ir_boundary_public_20260816/artifacts/O1/p00867/bundle_default_opt_4.after.ll,True,15,14,-1,363,378,15,4932,5059,127,28,35,7,140,133,-7,140,133,-7,0,0,0,0,0,0,1,1,0,710,749,39,567,653,86,378,359,-19,99,101,2,104,111,7,8,8,0,0,0,0,1656,1762,106,1110,1154,44,0,0,0
public_v1,O1,p00867,bundle_post_opt_4_custom_cleanup,/home/dungbv/clau/reports/ir_boundary_public_20260816/artifacts/O1/p00867/bundle_default_opt_4.after.ll,/home/dungbv/clau/result/ir_public_o1_20260816/p00867/p00867_final.ll,True,14,15,1,378,376,-2,5059,4875,-184,35,33,-2,133,135,2,133,135,2,0,0,0,0,0,0,1,1,0,749,707,-42,653,534,-119,359,317,-42,101,118,17,111,94,-17,8,8,0,0,0,0,1762,1559,-203,1154,1173,19,0,0,0
public_v1,O1,p01296,main_default_opt_1,/home/dungbv/clau/reports/ir_boundary_public_20260816/artifacts/O1/p01296/main_opt_1.before.ll,/home/dungbv/clau/reports/ir_boundary_public_20260816/artifacts/O1/p01296/main_opt_1.after.ll,True,10,9,-1,268,277,9,7902,6710,-1192,35,30,-5,70,53,-17,70,53,-17,0,0,0,16,1,-15,1,1,0,623,604,-19,572,593,21,1444,1012,-432,70,59,-11,595,594,-1,8,7,-1,2,2,0,2640,2210,-430,2293,2028,-265,0,0,0
public_v1,O1,p01296,main_default_opt_2,/home/dungbv/clau/reports/ir_boundary_public_20260816/artifacts/O1/p01296/main_opt_2.before.ll,/home/dungbv/clau/reports/ir_boundary_public_20260816/artifacts/O1/p01296/main_opt_2.after.ll,True,9,9,0,276,276,0,6737,6089,-648,30,30,0,52,52,0,52,52,0,0,0,0,0,0,0,1,1,0,600,577,-23,576,574,-2,1015,787,-228,56,55,-1,597,594,-3,7,7,0,2,2,0,2192,1939,-253,2032,1988,-44,0,0,0
public_v1,O1,p01296,bundle_default_opt_3,/home/dungbv/clau/result/ir_public_o1_20260816/p01296/p01296_final.02-pointer-opt.ll,/home/dungbv/clau/reports/ir_boundary_public_20260816/artifacts/O1/p01296/bundle_default_opt_3.after.ll,True,10,9,-1,278,262,-16,3922,2399,-1523,30,33,3,231,222,-9,231,222,-9,0,0,0,0,0,0,1,1,0,569,439,-130,573,404,-169,250,214,-36,57,55,-2,51,53,2,7,6,-1,2,2,0,1393,1058,-335,784,451,-333,0,0,0
public_v1,O1,p01296,bundle_default_opt_4,/home/dungbv/clau/result/ir_public_o1_20260816/p01296/p01296_final.05-unpinned.ll,/home/dungbv/clau/reports/ir_boundary_public_20260816/artifacts/O1/p01296/bundle_default_opt_4.after.ll,True,9,9,0,262,247,-15,2399,2323,-76,33,34,1,222,222,0,222,222,0,0,0,0,0,0,0,1,1,0,439,430,-9,404,402,-2,214,187,-27,55,56,1,53,53,0,6,7,1,2,2,0,1058,1020,-38,451,445,-6,0,0,0
public_v1,O1,p01296,bundle_post_opt_4_custom_cleanup,/home/dungbv/clau/reports/ir_boundary_public_20260816/artifacts/O1/p01296/bundle_default_opt_4.after.ll,/home/dungbv/clau/result/ir_public_o1_20260816/p01296/p01296_final.ll,True,9,9,0,247,238,-9,2323,2224,-99,34,33,-1,222,222,0,222,222,0,0,0,0,0,0,0,1,1,0,430,420,-10,402,320,-82,187,186,-1,56,64,8,53,50,-3,7,7,0,2,2,0,1020,927,-93,445,448,3,0,0,0
public_v1,O1,p01315,main_default_opt_1,/home/dungbv/clau/reports/ir_boundary_public_20260816/artifacts/O1/p01315/main_opt_1.before.ll,/home/dungbv/clau/reports/ir_boundary_public_20260816/artifacts/O1/p01315/main_opt_1.after.ll,True,5,4,-1,36,34,-2,1840,1126,-714,11,12,1,40,23,-17,40,23,-17,0,0,0,26,10,-16,12,6,-6,153,107,-46,263,183,-80,373,217,-156,24,22,-2,123,106,-17,0,0,0,0,0,0,801,513,-288,478,338,-140,0,0,0
public_v1,O1,p01315,main_default_opt_2,/home/dungbv/clau/reports/ir_boundary_public_20260816/artifacts/O1/p01315/main_opt_2.before.ll,/home/dungbv/clau/reports/ir_boundary_public_20260816/artifacts/O1/p01315/main_opt_2.after.ll,True,4,4,0,34,34,0,1113,1057,-56,12,12,0,23,23,0,23,23,0,0,0,0,10,10,0,6,6,0,103,91,-12,181,181,0,217,200,-17,23,23,0,106,104,-2,0,0,0,0,0,0,507,478,-29,338,327,-11,0,0,0
public_v1,O1,p01315,bundle_default_opt_3,/home/dungbv/clau/result/ir_public_o1_20260816/p01315/p01315_final.02-pointer-opt.ll,/home/dungbv/clau/reports/ir_boundary_public_20260816/artifacts/O1/p01315/bundle_default_opt_3.after.ll,True,6,6,0,38,36,-2,755,764,9,12,14,2,63,66,3,63,66,3,0,0,0,10,10,0,6,6,0,91,98,7,181,190,9,128,125,-3,23,28,5,28,30,2,0,0,0,0,0,0,406,419,13,143,146,3,0,0,0
public_v1,O1,p01315,bundle_default_opt_4,/home/dungbv/clau/result/ir_public_o1_20260816/p01315/p01315_final.05-unpinned.ll,/home/dungbv/clau/reports/ir_boundary_public_20260816/artifacts/O1/p01315/bundle_default_opt_4.after.ll,True,6,6,0,36,36,0,764,761,-3,14,14,0,66,66,0,66,66,0,0,0,0,10,10,0,6,6,0,98,98,0,190,190,0,125,124,-1,28,28,0,30,30,0,0,0,0,0,0,0,419,418,-1,146,145,-1,0,0,0
public_v1,O1,p01315,bundle_post_opt_4_custom_cleanup,/home/dungbv/clau/reports/ir_boundary_public_20260816/artifacts/O1/p01315/bundle_default_opt_4.after.ll,/home/dungbv/clau/result/ir_public_o1_20260816/p01315/p01315_final.ll,True,6,6,0,36,36,0,761,704,-57,14,14,0,66,66,0,66,66,0,0,0,0,10,10,0,6,6,0,98,97,-1,190,142,-48,124,122,-2,28,28,0,30,25,-5,0,0,0,0,0,0,418,367,-51,145,140,-5,0,0,0
public_v1,O1,p01571,main_default_opt_1,/home/dungbv/clau/reports/ir_boundary_public_20260816/artifacts/O1/p01571/main_opt_1.before.ll,/home/dungbv/clau/reports/ir_boundary_public_20260816/artifacts/O1/p01571/main_opt_1.after.ll,True,14,11,-3,274,266,-8,8205,6717,-1488,28,22,-6,71,52,-19,71,52,-19,0,0,0,27,11,-16,10,6,-4,803,758,-45,703,650,-53,1487,966,-521,107,116,9,513,499,-14,11,9,-2,0,0,0,3003,2380,-623,2197,2003,-194,0,0,0
public_v1,O1,p01571,main_default_opt_2,/home/dungbv/clau/reports/ir_boundary_public_20260816/artifacts/O1/p01571/main_opt_2.before.ll,/home/dungbv/clau/reports/ir_boundary_public_20260816/artifacts/O1/p01571/main_opt_2.after.ll,True,11,11,0,265,262,-3,6591,6021,-570,22,22,0,52,52,0,52,52,0,0,0,0,11,11,0,6,6,0,749,712,-37,650,567,-83,960,791,-169,108,117,9,497,493,-4,9,9,0,0,0,0,2365,2076,-289,1964,1945,-19,0,0,0
public_v1,O1,p01571,bundle_default_opt_3,/home/dungbv/clau/result/ir_public_o1_20260816/p01571/p01571_final.02-pointer-opt.ll,/home/dungbv/clau/reports/ir_boundary_public_20260816/artifacts/O1/p01571/bundle_default_opt_3.after.ll,True,19,19,0,276,272,-4,4268,3552,-716,21,21,0,268,268,0,268,268,0,0,0,0,8,9,1,5,5,0,709,644,-65,519,432,-87,374,351,-23,116,109,-7,68,68,0,9,9,0,0,0,0,1607,1432,-175,918,744,-174,0,0,0
public_v1,O1,p01571,bundle_default_opt_4,/home/dungbv/clau/result/ir_public_o1_20260816/p01571/p01571_final.05-unpinned.ll,/home/dungbv/clau/reports/ir_boundary_public_20260816/artifacts/O1/p01571/bundle_default_opt_4.after.ll,True,19,19,0,272,272,0,3552,3298,-254,21,21,0,268,267,-1,268,267,-1,0,0,0,9,9,0,5,5,0,644,625,-19,432,431,-1,351,339,-12,109,99,-10,68,68,0,9,9,0,0,0,0,1432,1400,-32,744,671,-73,0,0,0
public_v1,O1,p01571,bundle_post_opt_4_custom_cleanup,/home/dungbv/clau/reports/ir_boundary_public_20260816/artifacts/O1/p01571/bundle_default_opt_4.after.ll,/home/dungbv/clau/result/ir_public_o1_20260816/p01571/p01571_final.ll,True,19,19,0,272,273,1,3298,3235,-63,21,21,0,267,267,0,267,267,0,0,0,0,9,9,0,5,5,0,625,611,-14,431,394,-37,339,330,-9,99,112,13,68,66,-2,9,9,0,0,0,0,1400,1340,-60,671,677,6,0,0,0
public_v1,O1,p01687,main_default_opt_1,/home/dungbv/clau/reports/ir_boundary_public_20260816/artifacts/O1/p01687/main_opt_1.before.ll,/home/dungbv/clau/reports/ir_boundary_public_20260816/artifacts/O1/p01687/main_opt_1.after.ll,True,6,4,-2,67,63,-4,1393,946,-447,23,18,-5,23,11,-12,23,11,-12,0,0,0,10,0,-10,3,1,-2,106,85,-21,177,125,-52,205,137,-68,36,26,-10,90,78,-12,2,1,-1,0,0,0,491,348,-143,388,287,-101,0,0,0
public_v1,O1,p01687,main_default_opt_2,/home/dungbv/clau/reports/ir_boundary_public_20260816/artifacts/O1/p01687/main_opt_2.before.ll,/home/dungbv/clau/reports/ir_boundary_public_20260816/artifacts/O1/p01687/main_opt_2.after.ll,True,4,4,0,63,53,-10,819,680,-139,18,18,0,11,11,0,11,11,0,0,0,0,0,0,0,1,1,0,68,56,-12,122,102,-20,137,116,-21,20,13,-7,78,74,-4,1,1,0,0,0,0,328,275,-53,249,216,-33,0,0,0
public_v1,O1,p01687,bundle_default_opt_3,/home/dungbv/clau/result/ir_public_o1_20260816/p01687/p01687_final.02-pointer-opt.ll,/home/dungbv/clau/reports/ir_boundary_public_20260816/artifacts/O1/p01687/bundle_default_opt_3.after.ll,True,4,4,0,53,53,0,668,654,-14,18,18,0,11,11,0,11,11,0,0,0,0,0,0,0,1,1,0,56,56,0,102,102,0,113,113,0,14,12,-2,70,70,0,1,1,0,0,0,0,272,272,0,212,206,-6,0,0,0
public_v1,O1,p01687,bundle_default_opt_4,/home/dungbv/clau/result/ir_public_o1_20260816/p01687/p01687_final.05-unpinned.ll,/home/dungbv/clau/reports/ir_boundary_public_20260816/artifacts/O1/p01687/bundle_default_opt_4.after.ll,True,4,4,0,53,53,0,654,648,-6,18,18,0,11,11,0,11,11,0,0,0,0,0,0,0,1,1,0,56,56,0,102,102,0,113,107,-6,12,12,0,70,70,0,1,1,0,0,0,0,272,266,-6,206,206,0,0,0,0
public_v1,O1,p01687,bundle_post_opt_4_custom_cleanup,/home/dungbv/clau/reports/ir_boundary_public_20260816/artifacts/O1/p01687/bundle_default_opt_4.after.ll,/home/dungbv/clau/result/ir_public_o1_20260816/p01687/p01687_final.ll,True,4,4,0,53,53,0,648,623,-25,18,18,0,11,11,0,11,11,0,0,0,0,0,0,0,1,1,0,56,55,-1,102,80,-22,107,107,0,12,14,2,70,66,-4,1,1,0,0,0,0,266,243,-23,206,204,-2,0,0,0
public_v1,O1,p01766,main_default_opt_1,/home/dungbv/clau/reports/ir_boundary_public_20260816/artifacts/O1/p01766/main_opt_1.before.ll,/home/dungbv/clau/reports/ir_boundary_public_20260816/artifacts/O1/p01766/main_opt_1.after.ll,True,3,2,-1,26,22,-4,655,487,-168,9,11,2,20,19,-1,20,19,-1,0,0,0,14,14,0,7,7,0,65,41,-24,146,129,-17,101,95,-6,27,14,-13,19,15,-4,0,0,0,0,0,0,319,272,-47,134,100,-34,0,0,0
public_v1,O1,p01766,main_default_opt_2,/home/dungbv/clau/reports/ir_boundary_public_20260816/artifacts/O1/p01766/main_opt_2.before.ll,/home/dungbv/clau/reports/ir_boundary_public_20260816/artifacts/O1/p01766/main_opt_2.after.ll,True,2,2,0,22,23,1,553,365,-188,11,11,0,15,14,-1,15,14,-1,0,0,0,10,9,-1,6,6,0,26,26,0,83,85,2,79,79,0,9,8,-1,15,15,0,0,0,0,0,0,0,194,196,2,75,77,2,0,0,0
public_v1,O1,p01766,bundle_default_opt_3,/home/dungbv/clau/result/ir_public_o1_20260816/p01766/p01766_final.02-pointer-opt.ll,/home/dungbv/clau/reports/ir_boundary_public_20260816/artifacts/O1/p01766/bundle_default_opt_3.after.ll,True,2,2,0,23,23,0,307,301,-6,11,11,0,14,14,0,14,14,0,0,0,0,9,9,0,6,6,0,24,24,0,50,50,0,69,68,-1,8,8,0,10,10,0,0,0,0,0,0,0,149,148,-1,67,64,-3,0,0,0
public_v1,O1,p01766,bundle_default_opt_4,/home/dungbv/clau/result/ir_public_o1_20260816/p01766/p01766_final.05-unpinned.ll,/home/dungbv/clau/reports/ir_boundary_public_20260816/artifacts/O1/p01766/bundle_default_opt_4.after.ll,True,2,2,0,23,23,0,301,301,0,11,11,0,14,14,0,14,14,0,0,0,0,9,9,0,6,6,0,24,24,0,50,50,0,68,68,0,8,8,0,10,10,0,0,0,0,0,0,0,148,148,0,64,64,0,0,0,0
public_v1,O1,p01766,bundle_post_opt_4_custom_cleanup,/home/dungbv/clau/reports/ir_boundary_public_20260816/artifacts/O1/p01766/bundle_default_opt_4.after.ll,/home/dungbv/clau/result/ir_public_o1_20260816/p01766/p01766_final.ll,True,2,2,0,23,22,-1,301,293,-8,11,11,0,14,14,0,14,14,0,0,0,0,9,9,0,6,6,0,24,23,-1,50,46,-4,68,67,-1,8,8,0,10,10,0,0,0,0,0,0,0,148,142,-6,64,63,-1,0,0,0
public_v1,O1,p01970,main_default_opt_1,/home/dungbv/clau/reports/ir_boundary_public_20260816/artifacts/O1/p01970/main_opt_1.before.ll,/home/dungbv/clau/reports/ir_boundary_public_20260816/artifacts/O1/p01970/main_opt_1.after.ll,True,5,2,-3,90,73,-17,1319,595,-724,7,4,-3,17,6,-11,17,6,-11,0,0,0,9,0,-9,3,0,-3,139,57,-82,173,13,-160,83,26,-57,58,30,-28,13,13,0,4,2,-2,0,0,0,398,96,-302,318,177,-141,0,0,0
public_v1,O1,p01970,main_default_opt_2,/home/dungbv/clau/reports/ir_boundary_public_20260816/artifacts/O1/p01970/main_opt_2.before.ll,/home/dungbv/clau/reports/ir_boundary_public_20260816/artifacts/O1/p01970/main_opt_2.after.ll,True,2,2,0,68,68,0,311,294,-17,4,4,0,6,6,0,6,6,0,0,0,0,0,0,0,0,0,0,21,19,-2,13,13,0,26,23,-3,28,27,-1,13,13,0,2,2,0,0,0,0,60,55,-5,98,93,-5,0,0,0
public_v1,O1,p01970,bundle_default_opt_3,/home/dungbv/clau/result/ir_public_o1_20260816/p01970/p01970_final.02-pointer-opt.ll,/home/dungbv/clau/reports/ir_boundary_public_20260816/artifacts/O1/p01970/bundle_default_opt_3.after.ll,True,2,2,0,68,68,0,294,294,0,4,4,0,6,6,0,6,6,0,0,0,0,0,0,0,0,0,0,19,19,0,13,13,0,23,23,0,27,27,0,13,13,0,2,2,0,0,0,0,55,55,0,93,93,0,0,0,0
public_v1,O1,p01970,bundle_default_opt_4,/home/dungbv/clau/result/ir_public_o1_20260816/p01970/p01970_final.05-unpinned.ll,/home/dungbv/clau/reports/ir_boundary_public_20260816/artifacts/O1/p01970/bundle_default_opt_4.after.ll,True,2,2,0,68,68,0,294,294,0,4,4,0,6,6,0,6,6,0,0,0,0,0,0,0,0,0,0,19,19,0,13,13,0,23,23,0,27,27,0,13,13,0,2,2,0,0,0,0,55,55,0,93,93,0,0,0,0
public_v1,O1,p01970,bundle_post_opt_4_custom_cleanup,/home/dungbv/clau/reports/ir_boundary_public_20260816/artifacts/O1/p01970/bundle_default_opt_4.after.ll,/home/dungbv/clau/result/ir_public_o1_20260816/p01970/p01970_final.ll,True,2,2,0,68,68,0,294,294,0,4,4,0,6,6,0,6,6,0,0,0,0,0,0,0,0,0,0,19,19,0,13,13,0,23,23,0,27,27,0,13,13,0,2,2,0,0,0,0,55,55,0,93,93,0,0,0,0
public_v1,O1,p02029,main_default_opt_1,/home/dungbv/clau/reports/ir_boundary_public_20260816/artifacts/O1/p02029/main_opt_1.before.ll,/home/dungbv/clau/reports/ir_boundary_public_20260816/artifacts/O1/p02029/main_opt_1.after.ll,True,8,6,-2,142,128,-14,3379,2491,-888,17,7,-10,39,24,-15,39,24,-15,0,0,0,14,1,-13,3,1,-2,304,292,-12,304,285,-19,488,284,-204,46,45,-1,156,156,0,8,3,-5,0,0,0,1099,862,-237,868,709,-159,0,0,0
public_v1,O1,p02029,main_default_opt_2,/home/dungbv/clau/reports/ir_boundary_public_20260816/artifacts/O1/p02029/main_opt_2.before.ll,/home/dungbv/clau/reports/ir_boundary_public_20260816/artifacts/O1/p02029/main_opt_2.after.ll,True,6,6,0,128,128,0,2158,1993,-165,7,7,0,23,23,0,23,23,0,0,0,0,0,0,0,1,1,0,240,229,-11,257,257,0,284,246,-38,37,35,-2,156,156,0,3,3,0,0,0,0,782,733,-49,609,596,-13,0,0,0
public_v1,O1,p02029,bundle_default_opt_3,/home/dungbv/clau/result/ir_public_o1_20260816/p02029/p02029_final.02-pointer-opt.ll,/home/dungbv/clau/reports/ir_boundary_public_20260816/artifacts/O1/p02029/bundle_default_opt_3.after.ll,True,7,7,0,130,130,0,1519,1403,-116,7,9,2,89,92,3,89,92,3,0,0,0,0,0,0,1,1,0,228,225,-3,257,259,2,150,145,-5,35,39,4,26,27,1,3,3,0,0,0,0,636,630,-6,305,259,-46,0,0,0
public_v1,O1,p02029,bundle_default_opt_4,/home/dungbv/clau/result/ir_public_o1_20260816/p02029/p02029_final.05-unpinned.ll,/home/dungbv/clau/reports/ir_boundary_public_20260816/artifacts/O1/p02029/bundle_default_opt_4.after.ll,True,7,7,0,130,130,0,1403,1373,-30,9,9,0,92,92,0,92,92,0,0,0,0,0,0,0,1,1,0,225,223,-2,259,259,0,145,125,-20,39,39,0,27,27,0,3,3,0,0,0,0,630,608,-22,259,259,0,0,0,0
public_v1,O1,p02029,bundle_post_opt_4_custom_cleanup,/home/dungbv/clau/reports/ir_boundary_public_20260816/artifacts/O1/p02029/bundle_default_opt_4.after.ll,/home/dungbv/clau/result/ir_public_o1_20260816/p02029/p02029_final.ll,True,7,7,0,130,130,0,1373,1352,-21,9,9,0,92,92,0,92,92,0,0,0,0,0,0,0,1,1,0,223,217,-6,259,245,-14,125,117,-8,39,47,8,27,26,-1,3,3,0,0,0,0,608,580,-28,259,266,7,0,0,0
public_v1,O1,p02100,main_default_opt_1,/home/dungbv/clau/reports/ir_boundary_public_20260816/artifacts/O1/p02100/main_opt_1.before.ll,/home/dungbv/clau/reports/ir_boundary_public_20260816/artifacts/O1/p02100/main_opt_1.after.ll,True,5,3,-2,51,45,-6,1168,783,-385,11,10,-1,20,7,-13,20,7,-13,0,0,0,13,2,-11,5,1,-4,105,82,-23,178,147,-31,167,103,-64,30,25,-5,51,52,1,2,1,-1,0,0,0,455,333,-122,275,218,-57,0,0,0
public_v1,O1,p02100,main_default_opt_2,/home/dungbv/clau/reports/ir_boundary_public_20260816/artifacts/O1/p02100/main_opt_2.before.ll,/home/dungbv/clau/reports/ir_boundary_public_20260816/artifacts/O1/p02100/main_opt_2.after.ll,True,3,3,0,45,43,-2,673,553,-120,10,10,0,5,5,0,5,5,0,0,0,0,0,0,0,1,1,0,58,52,-6,119,103,-16,105,92,-13,16,15,-1,54,52,-2,1,1,0,0,0,0,283,248,-35,176,162,-14,0,0,0
public_v1,O1,p02100,bundle_default_opt_3,/home/dungbv/clau/result/ir_public_o1_20260816/p02100/p02100_final.02-pointer-opt.ll,/home/dungbv/clau/reports/ir_boundary_public_20260816/artifacts/O1/p02100/bundle_default_opt_3.after.ll,True,4,4,0,45,45,0,401,387,-14,10,10,0,23,23,0,23,23,0,0,0,0,0,0,0,1,1,0,50,50,0,103,103,0,47,47,0,16,14,-2,14,14,0,1,1,0,0,0,0,201,201,0,75,69,-6,0,0,0
public_v1,O1,p02100,bundle_default_opt_4,/home/dungbv/clau/result/ir_public_o1_20260816/p02100/p02100_final.05-unpinned.ll,/home/dungbv/clau/reports/ir_boundary_public_20260816/artifacts/O1/p02100/bundle_default_opt_4.after.ll,True,4,4,0,45,45,0,387,382,-5,10,10,0,23,23,0,23,23,0,0,0,0,0,0,0,1,1,0,50,50,0,103,103,0,47,42,-5,14,14,0,14,14,0,1,1,0,0,0,0,201,196,-5,69,69,0,0,0,0
public_v1,O1,p02100,bundle_post_opt_4_custom_cleanup,/home/dungbv/clau/reports/ir_boundary_public_20260816/artifacts/O1/p02100/bundle_default_opt_4.after.ll,/home/dungbv/clau/result/ir_public_o1_20260816/p02100/p02100_final.ll,True,4,4,0,45,44,-1,382,349,-33,10,10,0,23,22,-1,23,22,-1,0,0,0,0,0,0,1,1,0,50,43,-7,103,77,-26,42,39,-3,14,21,7,14,12,-2,1,1,0,0,0,0,196,160,-36,69,74,5,0,0,0
public_v1,O1,p02289,main_default_opt_1,/home/dungbv/clau/reports/ir_boundary_public_20260816/artifacts/O1/p02289/main_opt_1.before.ll,/home/dungbv/clau/reports/ir_boundary_public_20260816/artifacts/O1/p02289/main_opt_1.after.ll,True,10,6,-4,261,218,-43,5153,3906,-1247,43,9,-34,59,29,-30,59,29,-30,0,0,0,28,2,-26,11,1,-10,422,407,-15,465,359,-106,771,424,-347,121,120,-1,279,274,-5,20,7,-13,0,0,0,1669,1191,-478,1396,1171,-225,0,0,0
public_v1,O1,p02289,main_default_opt_2,/home/dungbv/clau/reports/ir_boundary_public_20260816/artifacts/O1/p02289/main_opt_2.before.ll,/home/dungbv/clau/reports/ir_boundary_public_20260816/artifacts/O1/p02289/main_opt_2.after.ll,True,6,6,0,218,218,0,3080,2846,-234,9,9,0,29,27,-2,29,27,-2,0,0,0,2,0,-2,2,2,0,315,309,-6,331,333,2,416,352,-64,90,83,-7,258,258,0,7,7,0,0,0,0,1064,996,-68,912,894,-18,0,0,0
public_v1,O1,p02289,bundle_default_opt_3,/home/dungbv/clau/result/ir_public_o1_20260816/p02289/p02289_final.02-pointer-opt.ll,/home/dungbv/clau/reports/ir_boundary_public_20260816/artifacts/O1/p02289/bundle_default_opt_3.after.ll,True,7,7,0,220,218,-2,1957,1737,-220,9,9,0,139,139,0,139,139,0,0,0,0,0,0,0,2,2,0,292,276,-16,333,319,-14,146,141,-5,83,65,-18,34,34,0,7,7,0,0,0,0,773,738,-35,362,281,-81,0,0,0
public_v1,O1,p02289,bundle_default_opt_4,/home/dungbv/clau/result/ir_public_o1_20260816/p02289/p02289_final.05-unpinned.ll,/home/dungbv/clau/reports/ir_boundary_public_20260816/artifacts/O1/p02289/bundle_default_opt_4.after.ll,True,7,7,0,218,218,0,1737,1599,-138,9,9,0,139,139,0,139,139,0,0,0,0,0,0,0,2,2,0,276,268,-8,319,319,0,141,137,-4,65,61,-4,34,34,0,7,7,0,0,0,0,738,726,-12,281,248,-33,0,0,0
public_v1,O1,p02289,bundle_post_opt_4_custom_cleanup,/home/dungbv/clau/reports/ir_boundary_public_20260816/artifacts/O1/p02289/bundle_default_opt_4.after.ll,/home/dungbv/clau/result/ir_public_o1_20260816/p02289/p02289_final.ll,True,7,7,0,218,218,0,1599,1571,-28,9,9,0,139,138,-1,139,138,-1,0,0,0,0,0,0,2,2,0,268,258,-10,319,302,-17,137,125,-12,61,79,18,34,32,-2,7,7,0,0,0,0,726,687,-39,248,264,16,0,0,0
public_v1,O1,p02474,main_default_opt_1,/home/dungbv/clau/reports/ir_boundary_public_20260816/artifacts/O1/p02474/main_opt_1.before.ll,/home/dungbv/clau/reports/ir_boundary_public_20260816/artifacts/O1/p02474/main_opt_1.after.ll,True,3,2,-1,32,27,-5,659,345,-314,11,14,3,17,8,-9,17,8,-9,0,0,0,10,2,-8,5,1,-4,81,34,-47,177,104,-73,83,39,-44,5,11,6,17,7,-10,0,0,0,0,0,0,346,178,-168,105,77,-28,0,0,0
public_v1,O1,p02474,main_default_opt_2,/home/dungbv/clau/reports/ir_boundary_public_20260816/artifacts/O1/p02474/main_opt_2.before.ll,/home/dungbv/clau/reports/ir_boundary_public_20260816/artifacts/O1/p02474/main_opt_2.after.ll,True,2,2,0,27,22,-5,268,141,-127,14,12,-2,6,6,0,6,6,0,0,0,0,0,0,0,1,0,-1,21,13,-8,76,5,-71,38,15,-23,10,9,-1,7,2,-5,0,0,0,0,0,0,136,33,-103,53,44,-9,0,0,0
public_v1,O1,p02474,bundle_default_opt_3,/home/dungbv/clau/result/ir_public_o1_20260816/p02474/p02474_final.02-pointer-opt.ll,/home/dungbv/clau/reports/ir_boundary_public_20260816/artifacts/O1/p02474/bundle_default_opt_3.after.ll,True,2,2,0,22,22,0,141,139,-2,12,12,0,6,6,0,6,6,0,0,0,0,0,0,0,0,0,0,13,13,0,5,5,0,15,15,0,9,9,0,2,2,0,0,0,0,0,0,0,33,33,0,44,42,-2,0,0,0
public_v1,O1,p02474,bundle_default_opt_4,/home/dungbv/clau/result/ir_public_o1_20260816/p02474/p02474_final.05-unpinned.ll,/home/dungbv/clau/reports/ir_boundary_public_20260816/artifacts/O1/p02474/bundle_default_opt_4.after.ll,True,2,2,0,22,22,0,139,139,0,12,12,0,6,6,0,6,6,0,0,0,0,0,0,0,0,0,0,13,13,0,5,5,0,15,15,0,9,9,0,2,2,0,0,0,0,0,0,0,33,33,0,42,42,0,0,0,0
public_v1,O1,p02474,bundle_post_opt_4_custom_cleanup,/home/dungbv/clau/reports/ir_boundary_public_20260816/artifacts/O1/p02474/bundle_default_opt_4.after.ll,/home/dungbv/clau/result/ir_public_o1_20260816/p02474/p02474_final.ll,True,2,2,0,22,22,0,139,139,0,12,12,0,6,6,0,6,6,0,0,0,0,0,0,0,0,0,0,13,13,0,5,5,0,15,15,0,9,9,0,2,2,0,0,0,0,0,0,0,33,33,0,42,42,0,0,0,0
public_v1,O1,p02477,main_default_opt_1,/home/dungbv/clau/reports/ir_boundary_public_20260816/artifacts/O1/p02477/main_opt_1.before.ll,/home/dungbv/clau/reports/ir_boundary_public_20260816/artifacts/O1/p02477/main_opt_1.after.ll,True,6,4,-2,144,130,-14,2594,1955,-639,19,10,-9,15,9,-6,15,9,-6,0,0,0,4,0,-4,1,1,0,262,238,-24,306,254,-52,310,199,-111,48,32,-16,115,107,-8,6,3,-3,0,0,0,879,692,-187,606,503,-103,0,0,0
public_v1,O1,p02477,main_default_opt_2,/home/dungbv/clau/reports/ir_boundary_public_20260816/artifacts/O1/p02477/main_opt_2.before.ll,/home/dungbv/clau/reports/ir_boundary_public_20260816/artifacts/O1/p02477/main_opt_2.after.ll,True,4,4,0,130,130,0,1931,1763,-168,10,10,0,9,9,0,9,9,0,0,0,0,0,0,0,1,1,0,235,215,-20,251,226,-25,199,153,-46,30,34,4,107,103,-4,3,3,0,0,0,0,686,595,-91,501,492,-9,0,0,0
public_v1,O1,p02477,bundle_default_opt_3,/home/dungbv/clau/result/ir_public_o1_20260816/p02477/p02477_final.02-pointer-opt.ll,/home/dungbv/clau/reports/ir_boundary_public_20260816/artifacts/O1/p02477/bundle_default_opt_3.after.ll,True,5,5,0,132,131,-1,1427,1407,-20,10,11,1,48,47,-1,48,47,-1,0,0,0,0,0,0,1,1,0,194,192,-2,226,234,8,79,77,-2,34,33,-1,27,28,1,3,3,0,0,0,0,500,504,4,310,302,-8,0,0,0
public_v1,O1,p02477,bundle_default_opt_4,/home/dungbv/clau/result/ir_public_o1_20260816/p02477/p02477_final.05-unpinned.ll,/home/dungbv/clau/reports/ir_boundary_public_20260816/artifacts/O1/p02477/bundle_default_opt_4.after.ll,True,5,5,0,131,131,0,1407,1393,-14,11,11,0,47,47,0,47,47,0,0,0,0,0,0,0,1,1,0,192,192,0,234,234,0,77,65,-12,33,33,0,28,28,0,3,3,0,0,0,0,504,492,-12,302,302,0,0,0,0
public_v1,O1,p02477,bundle_post_opt_4_custom_cleanup,/home/dungbv/clau/reports/ir_boundary_public_20260816/artifacts/O1/p02477/bundle_default_opt_4.after.ll,/home/dungbv/clau/result/ir_public_o1_20260816/p02477/p02477_final.ll,True,5,5,0,131,130,-1,1393,1352,-41,11,10,-1,47,47,0,47,47,0,0,0,0,0,0,0,1,1,0,192,182,-10,234,196,-38,65,64,-1,33,46,13,28,24,-4,3,3,0,0,0,0,492,443,-49,302,311,9,0,0,0
public_v1,O1,p02788,main_default_opt_1,/home/dungbv/clau/reports/ir_boundary_public_20260816/artifacts/O1/p02788/main_opt_1.before.ll,/home/dungbv/clau/reports/ir_boundary_public_20260816/artifacts/O1/p02788/main_opt_1.after.ll,True,10,8,-2,156,162,6,4192,3083,-1109,34,22,-12,68,38,-30,68,38,-30,0,0,0,28,0,-28,3,1,-2,394,364,-30,363,314,-49,523,407,-116,93,100,7,155,155,0,10,5,-5,4,4,0,1283,1086,-197,1097,816,-281,0,0,0
public_v1,O1,p02788,main_default_opt_2,/home/dungbv/clau/reports/ir_boundary_public_20260816/artifacts/O1/p02788/main_opt_2.before.ll,/home/dungbv/clau/reports/ir_boundary_public_20260816/artifacts/O1/p02788/main_opt_2.after.ll,True,8,8,0,162,139,-23,2823,2529,-294,22,23,1,38,38,0,38,38,0,0,0,0,0,0,0,1,1,0,339,309,-30,312,270,-42,407,323,-84,87,72,-15,155,154,-1,5,5,0,4,4,0,1059,903,-156,746,716,-30,0,0,0
public_v1,O1,p02788,bundle_default_opt_3,/home/dungbv/clau/result/ir_public_o1_20260816/p02788/p02788_final.02-pointer-opt.ll,/home/dungbv/clau/reports/ir_boundary_public_20260816/artifacts/O1/p02788/bundle_default_opt_3.after.ll,True,9,8,-1,123,128,5,1873,1762,-111,21,24,3,96,94,-2,96,94,-2,0,0,0,0,0,0,1,1,0,276,256,-20,256,237,-19,205,194,-11,46,54,8,28,27,-1,3,3,0,4,4,0,738,688,-50,389,357,-32,0,0,0
public_v1,O1,p02788,bundle_default_opt_4,/home/dungbv/clau/result/ir_public_o1_20260816/p02788/p02788_final.05-unpinned.ll,/home/dungbv/clau/reports/ir_boundary_public_20260816/artifacts/O1/p02788/bundle_default_opt_4.after.ll,True,8,7,-1,128,130,2,1762,1839,77,24,26,2,94,91,-3,94,91,-3,0,0,0,0,0,0,1,1,0,256,280,24,237,269,32,194,186,-8,54,54,0,27,29,2,3,3,0,4,4,0,688,736,48,357,371,14,0,0,0
public_v1,O1,p02788,bundle_post_opt_4_custom_cleanup,/home/dungbv/clau/reports/ir_boundary_public_20260816/artifacts/O1/p02788/bundle_default_opt_4.after.ll,/home/dungbv/clau/result/ir_public_o1_20260816/p02788/p02788_final.ll,True,7,7,0,130,129,-1,1839,1791,-48,26,25,-1,91,91,0,91,91,0,0,0,0,0,0,0,1,1,0,280,275,-5,269,224,-45,186,183,-3,54,64,10,29,24,-5,3,3,0,4,4,0,736,683,-53,371,376,5,0,0,0
public_v1,O1,p02814,main_default_opt_1,/home/dungbv/clau/reports/ir_boundary_public_20260816/artifacts/O1/p02814/main_opt_1.before.ll,/home/dungbv/clau/reports/ir_boundary_public_20260816/artifacts/O1/p02814/main_opt_1.after.ll,False,11,6,-5,87,76,-11,3508,2371,-1137,26,26,0,75,50,-25,75,50,-25,0,0,0,35,15,-20,16,8,-8,227,190,-37,351,274,-77,739,445,-294,46,33,-13,245,216,-29,1,1,0,18,18,0,1333,917,-416,940,736,-204,0,0,0
public_v1,O1,p02814,main_default_opt_2,/home/dungbv/clau/reports/ir_boundary_public_20260816/artifacts/O1/p02814/main_opt_2.before.ll,/home/dungbv/clau/reports/ir_boundary_public_20260816/artifacts/O1/p02814/main_opt_2.after.ll,False,6,6,0,76,76,0,2304,2047,-257,26,26,0,50,50,0,50,50,0,0,0,0,15,15,0,8,8,0,172,157,-15,274,274,0,455,408,-47,30,29,-1,234,222,-12,1,1,0,18,18,0,909,847,-62,748,661,-87,0,0,0
public_v1,O1,p02814,bundle_default_opt_3,/home/dungbv/clau/result/ir_public_o1_20260816/p02814/p02814_final.02-pointer-opt.ll,/home/dungbv/clau/reports/ir_boundary_public_20260816/artifacts/O1/p02814/bundle_default_opt_3.after.ll,True,9,9,0,79,80,1,1123,1019,-104,25,25,0,111,112,1,111,112,1,0,0,0,12,13,1,7,7,0,148,135,-13,228,186,-42,166,143,-23,18,19,1,23,22,-1,1,1,0,18,18,0,549,471,-78,202,191,-11,0,0,0
public_v1,O1,p02814,bundle_default_opt_4,/home/dungbv/clau/result/ir_public_o1_20260816/p02814/p02814_final.05-unpinned.ll,/home/dungbv/clau/reports/ir_boundary_public_20260816/artifacts/O1/p02814/bundle_default_opt_4.after.ll,True,9,9,0,80,80,0,1019,1015,-4,25,25,0,112,112,0,112,112,0,0,0,0,13,13,0,7,7,0,135,134,-1,186,186,0,143,141,-2,19,20,1,22,21,-1,1,1,0,18,18,0,471,468,-3,191,191,0,0,0,0
public_v1,O1,p02814,bundle_post_opt_4_custom_cleanup,/home/dungbv/clau/reports/ir_boundary_public_20260816/artifacts/O1/p02814/bundle_default_opt_4.after.ll,/home/dungbv/clau/result/ir_public_o1_20260816/p02814/p02814_final.ll,True,9,9,0,80,80,0,1015,1000,-15,25,25,0,112,112,0,112,112,0,0,0,0,13,13,0,7,7,0,134,130,-4,186,171,-15,141,139,-2,20,27,7,21,20,-1,1,1,0,18,18,0,468,447,-21,191,197,6,0,0,0
public_v1,O1,p02950,main_default_opt_1,/home/dungbv/clau/reports/ir_boundary_public_20260816/artifacts/O1/p02950/main_opt_1.before.ll,/home/dungbv/clau/reports/ir_boundary_public_20260816/artifacts/O1/p02950/main_opt_1.after.ll,True,4,3,-1,114,108,-6,2564,1618,-946,32,28,-4,71,40,-31,71,40,-31,0,0,0,32,2,-30,13,1,-12,198,183,-15,324,216,-108,357,111,-246,25,22,-3,82,46,-36,3,1,-2,24,24,0,892,511,-381,590,394,-196,0,0,0
public_v1,O1,p02950,main_default_opt_2,/home/dungbv/clau/reports/ir_boundary_public_20260816/artifacts/O1/p02950/main_opt_2.before.ll,/home/dungbv/clau/reports/ir_boundary_public_20260816/artifacts/O1/p02950/main_opt_2.after.ll,True,4,3,-1,110,101,-9,1058,876,-182,28,28,0,39,38,-1,39,38,-1,0,0,0,0,0,0,1,1,0,119,109,-10,188,108,-80,113,89,-24,6,4,-2,46,43,-3,1,1,0,24,24,0,421,307,-114,227,212,-15,0,0,0
public_v1,O1,p02950,bundle_default_opt_3,/home/dungbv/clau/result/ir_public_o1_20260816/p02950/p02950_final.02-pointer-opt.ll,/home/dungbv/clau/reports/ir_boundary_public_20260816/artifacts/O1/p02950/bundle_default_opt_3.after.ll,True,4,4,0,103,103,0,795,745,-50,28,28,0,46,46,0,46,46,0,0,0,0,0,0,0,1,1,0,108,106,-2,108,108,0,71,66,-5,5,3,-2,19,19,0,1,1,0,24,24,0,288,281,-7,171,155,-16,0,0,0
public_v1,O1,p02950,bundle_default_opt_4,/home/dungbv/clau/result/ir_public_o1_20260816/p02950/p02950_final.05-unpinned.ll,/home/dungbv/clau/reports/ir_boundary_public_20260816/artifacts/O1/p02950/bundle_default_opt_4.after.ll,True,4,4,0,103,103,0,745,735,-10,28,28,0,46,46,0,46,46,0,0,0,0,0,0,0,1,1,0,106,106,0,108,108,0,66,56,-10,3,3,0,19,19,0,1,1,0,24,24,0,281,271,-10,155,155,0,0,0,0
public_v1,O1,p02950,bundle_post_opt_4_custom_cleanup,/home/dungbv/clau/reports/ir_boundary_public_20260816/artifacts/O1/p02950/bundle_default_opt_4.after.ll,/home/dungbv/clau/result/ir_public_o1_20260816/p02950/p02950_final.ll,True,4,4,0,103,103,0,735,712,-23,28,28,0,46,44,-2,46,44,-2,0,0,0,0,0,0,1,1,0,106,104,-2,108,91,-17,56,54,-2,3,5,2,19,17,-2,1,1,0,24,24,0,271,250,-21,155,155,0,0,0,0
public_v1,O1,p03006,main_default_opt_1,/home/dungbv/clau/reports/ir_boundary_public_20260816/artifacts/O1/p03006/main_opt_1.before.ll,/home/dungbv/clau/reports/ir_boundary_public_20260816/artifacts/O1/p03006/main_opt_1.after.ll,True,8,3,-5,124,109,-15,2464,1633,-831,15,7,-8,44,16,-28,44,16,-28,0,0,0,30,7,-23,11,3,-8,199,172,-27,304,236,-68,317,162,-155,72,69,-3,64,64,0,5,4,-1,0,0,0,831,573,-258,512,397,-115,0,0,0
public_v1,O1,p03006,main_default_opt_2,/home/dungbv/clau/reports/ir_boundary_public_20260816/artifacts/O1/p03006/main_opt_2.before.ll,/home/dungbv/clau/reports/ir_boundary_public_20260816/artifacts/O1/p03006/main_opt_2.after.ll,True,3,3,0,109,98,-11,914,781,-133,7,7,0,12,10,-2,12,10,-2,0,0,0,3,1,-2,2,2,0,105,101,-4,190,128,-62,139,130,-9,13,11,-2,55,55,0,4,4,0,0,0,0,436,361,-75,158,150,-8,0,0,0
public_v1,O1,p03006,bundle_default_opt_3,/home/dungbv/clau/result/ir_public_o1_20260816/p03006/p03006_final.02-pointer-opt.ll,/home/dungbv/clau/reports/ir_boundary_public_20260816/artifacts/O1/p03006/bundle_default_opt_3.after.ll,True,3,3,0,98,98,0,769,758,-11,7,7,0,10,10,0,10,10,0,0,0,0,1,1,0,2,2,0,87,87,0,128,127,-1,133,133,0,11,11,0,55,55,0,4,4,0,0,0,0,350,349,-1,153,150,-3,0,0,0
public_v1,O1,p03006,bundle_default_opt_4,/home/dungbv/clau/result/ir_public_o1_20260816/p03006/p03006_final.05-unpinned.ll,/home/dungbv/clau/reports/ir_boundary_public_20260816/artifacts/O1/p03006/bundle_default_opt_4.after.ll,True,3,3,0,98,98,0,758,654,-104,7,7,0,10,10,0,10,10,0,0,0,0,1,1,0,2,2,0,87,87,0,127,127,0,133,108,-25,11,11,0,55,37,-18,4,4,0,0,0,0,349,324,-25,150,108,-42,0,0,0
public_v1,O1,p03006,bundle_post_opt_4_custom_cleanup,/home/dungbv/clau/reports/ir_boundary_public_20260816/artifacts/O1/p03006/bundle_default_opt_4.after.ll,/home/dungbv/clau/result/ir_public_o1_20260816/p03006/p03006_final.ll,True,3,3,0,98,93,-5,654,625,-29,7,7,0,10,10,0,10,10,0,0,0,0,1,1,0,2,2,0,87,80,-7,127,112,-15,108,107,-1,11,13,2,37,36,-1,4,4,0,0,0,0,324,301,-23,108,108,0,0,0,0
public_v1,O1,p03111,main_default_opt_1,/home/dungbv/clau/reports/ir_boundary_public_20260816/artifacts/O1/p03111/main_opt_1.before.ll,/home/dungbv/clau/reports/ir_boundary_public_20260816/artifacts/O1/p03111/main_opt_1.after.ll,True,23,9,-14,108,83,-25,4007,2918,-1089,17,17,0,81,87,6,81,87,6,0,0,0,36,56,20,12,24,12,318,222,-96,389,505,116,749,568,-181,37,34,-3,245,239,-6,2,1,-1,8,8,0,1468,1319,-149,968,774,-194,0,0,0
public_v1,O1,p03111,main_default_opt_2,/home/dungbv/clau/reports/ir_boundary_public_20260816/artifacts/O1/p03111/main_opt_2.before.ll,/home/dungbv/clau/reports/ir_boundary_public_20260816/artifacts/O1/p03111/main_opt_2.after.ll,True,4,4,0,66,65,-1,2903,2223,-680,14,11,-3,63,60,-3,63,60,-3,0,0,0,33,33,0,17,17,0,175,159,-16,345,305,-40,529,447,-82,22,21,-1,272,224,-48,1,1,0,8,5,-3,1066,928,-138,874,659,-215,0,0,0
public_v1,O1,p03111,bundle_default_opt_3,/home/dungbv/clau/result/ir_public_o1_20260816/p03111/p03111_final.02-pointer-opt.ll,/home/dungbv/clau/reports/ir_boundary_public_20260816/artifacts/O1/p03111/bundle_default_opt_3.after.ll,True,5,5,0,67,66,-1,1389,1350,-39,11,10,-1,131,130,-1,131,130,-1,0,0,0,33,33,0,17,17,0,159,155,-4,305,301,-4,243,240,-3,21,22,1,14,14,0,1,1,0,5,4,-1,724,713,-11,175,165,-10,0,0,0
public_v1,O1,p03111,bundle_default_opt_4,/home/dungbv/clau/result/ir_public_o1_20260816/p03111/p03111_final.05-unpinned.ll,/home/dungbv/clau/reports/ir_boundary_public_20260816/artifacts/O1/p03111/bundle_default_opt_4.after.ll,True,5,5,0,66,66,0,1350,1340,-10,10,10,0,130,130,0,130,130,0,0,0,0,33,33,0,17,17,0,155,155,0,301,301,0,240,232,-8,22,22,0,14,14,0,1,1,0,4,4,0,713,705,-8,165,165,0,0,0,0
public_v1,O1,p03111,bundle_post_opt_4_custom_cleanup,/home/dungbv/clau/reports/ir_boundary_public_20260816/artifacts/O1/p03111/bundle_default_opt_4.after.ll,/home/dungbv/clau/result/ir_public_o1_20260816/p03111/p03111_final.ll,True,5,5,0,66,66,0,1340,1324,-16,10,10,0,130,130,0,130,130,0,0,0,0,33,33,0,17,17,0,155,153,-2,301,286,-15,232,232,0,22,24,2,14,13,-1,1,1,0,4,4,0,705,688,-17,165,166,1,0,0,0
public_v1,O1,p03142,main_default_opt_1,/home/dungbv/clau/reports/ir_boundary_public_20260816/artifacts/O1/p03142/main_opt_1.before.ll,/home/dungbv/clau/reports/ir_boundary_public_20260816/artifacts/O1/p03142/main_opt_1.after.ll,True,21,8,-13,122,92,-30,3736,3023,-713,15,5,-10,56,59,3,56,59,3,0,0,0,28,44,16,12,18,6,321,245,-76,340,397,57,692,521,-171,61,56,-5,231,234,3,4,3,-1,0,0,0,1365,1181,-184,973,869,-104,0,0,0
public_v1,O1,p03142,main_default_opt_2,/home/dungbv/clau/reports/ir_boundary_public_20260816/artifacts/O1/p03142/main_opt_2.before.ll,/home/dungbv/clau/reports/ir_boundary_public_20260816/artifacts/O1/p03142/main_opt_2.after.ll,True,3,3,0,77,75,-2,3060,2359,-701,3,3,0,38,38,0,38,38,0,0,0,0,24,24,0,13,13,0,198,198,0,276,265,-11,534,453,-81,46,31,-15,283,247,-36,3,3,0,0,0,0,1021,929,-92,961,768,-193,0,0,0
public_v1,O1,p03142,bundle_default_opt_3,/home/dungbv/clau/result/ir_public_o1_20260816/p03142/p03142_final.02-pointer-opt.ll,/home/dungbv/clau/reports/ir_boundary_public_20260816/artifacts/O1/p03142/bundle_default_opt_3.after.ll,True,4,4,0,77,77,0,1426,1345,-81,3,4,1,113,113,0,113,113,0,0,0,0,24,24,0,13,13,0,198,196,-2,265,219,-46,208,197,-11,31,28,-3,13,13,0,3,3,0,0,0,0,684,625,-59,243,240,-3,0,0,0
public_v1,O1,p03142,bundle_default_opt_4,/home/dungbv/clau/result/ir_public_o1_20260816/p03142/p03142_final.05-unpinned.ll,/home/dungbv/clau/reports/ir_boundary_public_20260816/artifacts/O1/p03142/bundle_default_opt_4.after.ll,True,4,4,0,77,77,0,1345,1343,-2,4,4,0,113,113,0,113,113,0,0,0,0,24,24,0,13,13,0,196,196,0,219,219,0,197,195,-2,28,28,0,13,13,0,3,3,0,0,0,0,625,623,-2,240,240,0,0,0,0
public_v1,O1,p03142,bundle_post_opt_4_custom_cleanup,/home/dungbv/clau/reports/ir_boundary_public_20260816/artifacts/O1/p03142/bundle_default_opt_4.after.ll,/home/dungbv/clau/result/ir_public_o1_20260816/p03142/p03142_final.ll,True,4,4,0,77,77,0,1343,1343,0,4,4,0,113,113,0,113,113,0,0,0,0,24,24,0,13,13,0,196,195,-1,219,219,0,195,194,-1,28,30,2,13,13,0,3,3,0,0,0,0,623,621,-2,240,242,2,0,0,0
public_v1,O1,p03199,main_default_opt_1,/home/dungbv/clau/reports/ir_boundary_public_20260816/artifacts/O1/p03199/main_opt_1.before.ll,/home/dungbv/clau/reports/ir_boundary_public_20260816/artifacts/O1/p03199/main_opt_1.after.ll,True,13,7,-6,199,182,-17,5067,3819,-1248,28,24,-4,64,46,-18,64,46,-18,0,0,0,30,19,-11,11,9,-2,451,395,-56,552,531,-21,735,563,-172,46,52,6,202,193,-9,6,4,-2,6,5,-1,1749,1498,-251,1144,953,-191,0,0,0
public_v1,O1,p03199,main_default_opt_2,/home/dungbv/clau/reports/ir_boundary_public_20260816/artifacts/O1/p03199/main_opt_2.before.ll,/home/dungbv/clau/reports/ir_boundary_public_20260816/artifacts/O1/p03199/main_opt_2.after.ll,True,8,7,-1,184,199,15,2826,2654,-172,24,33,9,51,30,-21,51,30,-21,0,0,0,23,7,-16,11,11,0,293,280,-13,479,563,84,509,426,-83,39,49,10,186,161,-25,4,4,0,5,5,0,1292,1280,-12,694,631,-63,0,0,0
public_v1,O1,p03199,bundle_default_opt_3,/home/dungbv/clau/result/ir_public_o1_20260816/p03199/p03199_final.02-pointer-opt.ll,/home/dungbv/clau/reports/ir_boundary_public_20260816/artifacts/O1/p03199/bundle_default_opt_3.after.ll,True,9,9,0,198,198,0,2028,1932,-96,33,33,0,68,68,0,68,68,0,0,0,0,4,4,0,11,11,0,260,252,-8,530,527,-3,229,229,0,49,41,-8,45,45,0,4,4,0,5,5,0,1030,1019,-11,362,331,-31,0,0,0
public_v1,O1,p03199,bundle_default_opt_4,/home/dungbv/clau/result/ir_public_o1_20260816/p03199/p03199_final.05-unpinned.ll,/home/dungbv/clau/reports/ir_boundary_public_20260816/artifacts/O1/p03199/bundle_default_opt_4.after.ll,True,9,9,0,198,199,1,1932,1897,-35,33,33,0,68,68,0,68,68,0,0,0,0,4,4,0,11,11,0,252,243,-9,527,527,0,229,210,-19,41,44,3,45,45,0,4,4,0,5,5,0,1019,991,-28,331,331,0,0,0,0
public_v1,O1,p03199,bundle_post_opt_4_custom_cleanup,/home/dungbv/clau/reports/ir_boundary_public_20260816/artifacts/O1/p03199/bundle_default_opt_4.after.ll,/home/dungbv/clau/result/ir_public_o1_20260816/p03199/p03199_final.ll,True,9,9,0,199,201,2,1897,1782,-115,33,33,0,68,68,0,68,68,0,0,0,0,4,4,0,11,11,0,243,233,-10,527,459,-68,210,175,-35,44,49,5,45,39,-6,4,4,0,5,5,0,991,878,-113,331,329,-2,0,0,0
public_v1,O1,p03261,main_default_opt_1,/home/dungbv/clau/reports/ir_boundary_public_20260816/artifacts/O1/p03261/main_opt_1.before.ll,/home/dungbv/clau/reports/ir_boundary_public_20260816/artifacts/O1/p03261/main_opt_1.after.ll,True,3,2,-1,22,20,-2,566,339,-227,6,10,4,30,11,-19,30,11,-19,0,0,0,22,6,-16,11,3,-8,44,20,-24,181,125,-56,104,40,-64,7,10,3,9,13,4,0,0,0,0,0,0,340,188,-152,65,78,13,0,0,0
public_v1,O1,p03261,main_default_opt_2,/home/dungbv/clau/reports/ir_boundary_public_20260816/artifacts/O1/p03261/main_opt_2.before.ll,/home/dungbv/clau/reports/ir_boundary_public_20260816/artifacts/O1/p03261/main_opt_2.after.ll,True,3,2,-1,22,17,-5,214,182,-32,10,10,0,6,5,-1,6,5,-1,0,0,0,0,0,0,1,1,0,6,6,0,79,79,0,22,22,0,6,7,1,10,9,-1,0,0,0,0,0,0,108,108,0,46,39,-7,0,0,0
public_v1,O1,p03261,bundle_default_opt_3,/home/dungbv/clau/result/ir_public_o1_20260816/p03261/p03261_final.02-pointer-opt.ll,/home/dungbv/clau/reports/ir_boundary_public_20260816/artifacts/O1/p03261/bundle_default_opt_3.after.ll,True,2,2,0,17,17,0,182,180,-2,10,10,0,5,5,0,5,5,0,0,0,0,0,0,0,1,1,0,6,6,0,79,79,0,22,21,-1,7,7,0,9,9,0,0,0,0,0,0,0,108,107,-1,39,38,-1,0,0,0
public_v1,O1,p03261,bundle_default_opt_4,/home/dungbv/clau/result/ir_public_o1_20260816/p03261/p03261_final.05-unpinned.ll,/home/dungbv/clau/reports/ir_boundary_public_20260816/artifacts/O1/p03261/bundle_default_opt_4.after.ll,True,2,2,0,17,17,0,180,180,0,10,10,0,5,5,0,5,5,0,0,0,0,0,0,0,1,1,0,6,6,0,79,79,0,21,21,0,7,7,0,9,9,0,0,0,0,0,0,0,107,107,0,38,38,0,0,0,0
public_v1,O1,p03261,bundle_post_opt_4_custom_cleanup,/home/dungbv/clau/reports/ir_boundary_public_20260816/artifacts/O1/p03261/bundle_default_opt_4.after.ll,/home/dungbv/clau/result/ir_public_o1_20260816/p03261/p03261_final.ll,True,2,1,-1,17,16,-1,180,130,-50,10,10,0,5,5,0,5,5,0,0,0,0,0,0,0,1,1,0,6,5,-1,79,33,-46,21,21,0,7,8,1,9,7,-2,0,0,0,0,0,0,107,60,-47,38,36,-2,0,0,0
public_v1,O1,p03430,main_default_opt_1,/home/dungbv/clau/reports/ir_boundary_public_20260816/artifacts/O1/p03430/main_opt_1.before.ll,/home/dungbv/clau/reports/ir_boundary_public_20260816/artifacts/O1/p03430/main_opt_1.after.ll,True,4,2,-2,83,77,-6,3285,2345,-940,4,2,-2,41,24,-17,41,24,-17,0,0,0,27,12,-15,13,7,-6,272,252,-20,265,197,-68,717,333,-384,16,10,-6,254,254,0,3,2,-1,0,0,0,1267,789,-478,867,805,-62,0,0,0
public_v1,O1,p03430,main_default_opt_2,/home/dungbv/clau/reports/ir_boundary_public_20260816/artifacts/O1/p03430/main_opt_2.before.ll,/home/dungbv/clau/reports/ir_boundary_public_20260816/artifacts/O1/p03430/main_opt_2.after.ll,True,2,2,0,77,77,0,2343,2337,-6,2,2,0,24,24,0,24,24,0,0,0,0,12,12,0,7,7,0,252,252,0,197,197,0,333,333,0,10,10,0,252,252,0,2,2,0,0,0,0,789,789,0,804,800,-4,0,0,0
public_v1,O1,p03430,bundle_default_opt_3,/home/dungbv/clau/result/ir_public_o1_20260816/p03430/p03430_final.02-pointer-opt.ll,/home/dungbv/clau/reports/ir_boundary_public_20260816/artifacts/O1/p03430/bundle_default_opt_3.after.ll,True,4,4,0,81,81,0,1394,1394,0,2,2,0,143,143,0,143,143,0,0,0,0,12,12,0,7,7,0,252,252,0,192,192,0,94,94,0,10,10,0,18,18,0,2,2,0,0,0,0,545,545,0,215,215,0,0,0,0
public_v1,O1,p03430,bundle_default_opt_4,/home/dungbv/clau/result/ir_public_o1_20260816/p03430/p03430_final.05-unpinned.ll,/home/dungbv/clau/reports/ir_boundary_public_20260816/artifacts/O1/p03430/bundle_default_opt_4.after.ll,True,4,4,0,81,81,0,1394,1394,0,2,2,0,143,143,0,143,143,0,0,0,0,12,12,0,7,7,0,252,252,0,192,192,0,94,94,0,10,10,0,18,18,0,2,2,0,0,0,0,545,545,0,215,215,0,0,0,0
public_v1,O1,p03430,bundle_post_opt_4_custom_cleanup,/home/dungbv/clau/reports/ir_boundary_public_20260816/artifacts/O1/p03430/bundle_default_opt_4.after.ll,/home/dungbv/clau/result/ir_public_o1_20260816/p03430/p03430_final.ll,True,4,4,0,81,79,-2,1394,1322,-72,2,2,0,143,143,0,143,143,0,0,0,0,12,12,0,7,7,0,252,251,-1,192,121,-71,94,94,0,10,12,2,18,18,0,2,2,0,0,0,0,545,473,-72,215,217,2,0,0,0
public_v1,O1,p03434,main_default_opt_1,/home/dungbv/clau/reports/ir_boundary_public_20260816/artifacts/O1/p03434/main_opt_1.before.ll,/home/dungbv/clau/reports/ir_boundary_public_20260816/artifacts/O1/p03434/main_opt_1.after.ll,True,7,3,-4,32,24,-8,925,478,-447,8,7,-1,30,14,-16,30,14,-16,0,0,0,20,8,-12,10,4,-6,78,41,-37,186,131,-55,167,76,-91,14,16,2,35,24,-11,1,1,0,1,1,0,441,252,-189,169,114,-55,0,0,0
public_v1,O1,p03434,main_default_opt_2,/home/dungbv/clau/reports/ir_boundary_public_20260816/artifacts/O1/p03434/main_opt_2.before.ll,/home/dungbv/clau/reports/ir_boundary_public_20260816/artifacts/O1/p03434/main_opt_2.after.ll,True,3,3,0,24,23,-1,515,448,-67,7,6,-1,16,13,-3,16,13,-3,0,0,0,10,8,-2,5,5,0,40,36,-4,131,133,2,74,67,-7,17,17,0,27,21,-6,1,1,0,1,0,-1,250,241,-9,137,105,-32,0,0,0
public_v1,O1,p03434,bundle_default_opt_3,/home/dungbv/clau/result/ir_public_o1_20260816/p03434/p03434_final.02-pointer-opt.ll,/home/dungbv/clau/reports/ir_boundary_public_20260816/artifacts/O1/p03434/bundle_default_opt_3.after.ll,True,4,4,0,25,23,-2,325,255,-70,6,5,-1,16,14,-2,16,14,-2,0,0,0,6,4,-2,5,4,-1,36,23,-13,103,74,-29,51,41,-10,13,14,1,9,7,-2,1,1,0,0,0,0,195,142,-53,51,48,-3,0,0,0
public_v1,O1,p03434,bundle_default_opt_4,/home/dungbv/clau/result/ir_public_o1_20260816/p03434/p03434_final.05-unpinned.ll,/home/dungbv/clau/reports/ir_boundary_public_20260816/artifacts/O1/p03434/bundle_default_opt_4.after.ll,True,4,4,0,23,23,0,255,255,0,5,5,0,14,14,0,14,14,0,0,0,0,4,4,0,4,4,0,23,23,0,74,74,0,41,41,0,14,14,0,7,7,0,1,1,0,0,0,0,142,142,0,48,48,0,0,0,0
public_v1,O1,p03434,bundle_post_opt_4_custom_cleanup,/home/dungbv/clau/reports/ir_boundary_public_20260816/artifacts/O1/p03434/bundle_default_opt_4.after.ll,/home/dungbv/clau/result/ir_public_o1_20260816/p03434/p03434_final.ll,True,4,4,0,23,23,0,255,237,-18,5,5,0,14,14,0,14,14,0,0,0,0,4,4,0,4,4,0,23,20,-3,74,57,-17,41,41,0,14,16,2,7,7,0,1,1,0,0,0,0,142,122,-20,48,50,2,0,0,0
public_v1,O1,p03493,main_default_opt_1,/home/dungbv/clau/reports/ir_boundary_public_20260816/artifacts/O1/p03493/main_opt_1.before.ll,/home/dungbv/clau/reports/ir_boundary_public_20260816/artifacts/O1/p03493/main_opt_1.after.ll,True,3,2,-1,13,11,-2,637,408,-229,4,4,0,22,9,-13,22,9,-13,0,0,0,17,5,-12,9,3,-6,47,32,-15,140,86,-54,151,97,-54,1,1,0,40,37,-3,0,0,0,0,0,0,347,218,-129,122,107,-15,0,0,0
public_v1,O1,p03493,main_default_opt_2,/home/dungbv/clau/reports/ir_boundary_public_20260816/artifacts/O1/p03493/main_opt_2.before.ll,/home/dungbv/clau/reports/ir_boundary_public_20260816/artifacts/O1/p03493/main_opt_2.after.ll,True,2,2,0,11,11,0,551,325,-226,4,4,0,8,9,1,8,9,1,0,0,0,4,5,1,3,3,0,18,17,-1,58,55,-3,102,93,-9,4,4,0,40,34,-6,0,0,0,0,0,0,181,168,-13,118,92,-26,0,0,0
public_v1,O1,p03493,bundle_default_opt_3,/home/dungbv/clau/result/ir_public_o1_20260816/p03493/p03493_final.02-pointer-opt.ll,/home/dungbv/clau/reports/ir_boundary_public_20260816/artifacts/O1/p03493/bundle_default_opt_3.after.ll,True,2,2,0,11,11,0,183,173,-10,4,4,0,9,9,0,9,9,0,0,0,0,5,5,0,3,3,0,9,9,0,55,55,0,50,41,-9,5,4,-1,7,7,0,0,0,0,0,0,0,117,108,-9,30,29,-1,0,0,0
public_v1,O1,p03493,bundle_default_opt_4,/home/dungbv/clau/result/ir_public_o1_20260816/p03493/p03493_final.05-unpinned.ll,/home/dungbv/clau/reports/ir_boundary_public_20260816/artifacts/O1/p03493/bundle_default_opt_4.after.ll,True,2,2,0,11,11,0,173,173,0,4,4,0,9,9,0,9,9,0,0,0,0,5,5,0,3,3,0,9,9,0,55,55,0,41,41,0,4,4,0,7,7,0,0,0,0,0,0,0,108,108,0,29,29,0,0,0,0
public_v1,O1,p03493,bundle_post_opt_4_custom_cleanup,/home/dungbv/clau/reports/ir_boundary_public_20260816/artifacts/O1/p03493/bundle_default_opt_4.after.ll,/home/dungbv/clau/result/ir_public_o1_20260816/p03493/p03493_final.ll,True,2,2,0,11,11,0,173,165,-8,4,4,0,9,9,0,9,9,0,0,0,0,5,5,0,3,3,0,9,9,0,55,47,-8,41,41,0,4,4,0,7,7,0,0,0,0,0,0,0,108,100,-8,29,29,0,0,0,0
public_v1,O1,p03510,main_default_opt_1,/home/dungbv/clau/reports/ir_boundary_public_20260816/artifacts/O1/p03510/main_opt_1.before.ll,/home/dungbv/clau/reports/ir_boundary_public_20260816/artifacts/O1/p03510/main_opt_1.after.ll,True,7,3,-4,75,65,-10,3269,2442,-827,13,10,-3,52,33,-19,52,33,-19,0,0,0,23,9,-14,9,5,-4,301,262,-39,312,276,-36,692,488,-204,38,29,-9,249,231,-18,3,2,-1,2,2,0,1314,1031,-283,853,702,-151,0,0,0
public_v1,O1,p03510,main_default_opt_2,/home/dungbv/clau/reports/ir_boundary_public_20260816/artifacts/O1/p03510/main_opt_2.before.ll,/home/dungbv/clau/reports/ir_boundary_public_20260816/artifacts/O1/p03510/main_opt_2.after.ll,True,3,3,0,65,65,0,2484,2130,-354,10,10,0,34,35,1,34,35,1,0,0,0,10,11,1,6,6,0,238,228,-10,248,244,-4,463,399,-64,35,34,-1,213,205,-8,2,2,0,2,2,0,955,877,-78,664,630,-34,0,0,0
public_v1,O1,p03510,bundle_default_opt_3,/home/dungbv/clau/result/ir_public_o1_20260816/p03510/p03510_final.02-pointer-opt.ll,/home/dungbv/clau/reports/ir_boundary_public_20260816/artifacts/O1/p03510/bundle_default_opt_3.after.ll,True,4,4,0,67,66,-1,1277,1207,-70,10,12,2,85,85,0,85,85,0,0,0,0,11,11,0,6,6,0,183,185,2,244,221,-23,183,149,-34,36,35,-1,15,17,2,2,2,0,2,2,0,616,561,-55,180,175,-5,0,0,0
public_v1,O1,p03510,bundle_default_opt_4,/home/dungbv/clau/result/ir_public_o1_20260816/p03510/p03510_final.05-unpinned.ll,/home/dungbv/clau/reports/ir_boundary_public_20260816/artifacts/O1/p03510/bundle_default_opt_4.after.ll,True,4,4,0,66,66,0,1207,1196,-11,12,12,0,85,85,0,85,85,0,0,0,0,11,11,0,6,6,0,185,185,0,221,221,0,149,141,-8,35,35,0,17,17,0,2,2,0,2,2,0,561,553,-8,175,175,0,0,0,0
public_v1,O1,p03510,bundle_post_opt_4_custom_cleanup,/home/dungbv/clau/reports/ir_boundary_public_20260816/artifacts/O1/p03510/bundle_default_opt_4.after.ll,/home/dungbv/clau/result/ir_public_o1_20260816/p03510/p03510_final.ll,True,4,4,0,66,66,0,1196,1178,-18,12,12,0,85,85,0,85,85,0,0,0,0,11,11,0,6,6,0,185,183,-2,221,202,-19,141,141,0,35,39,4,17,16,-1,2,2,0,2,2,0,553,532,-21,175,178,3,0,0,0
public_v1,O1,p03543,main_default_opt_1,/home/dungbv/clau/reports/ir_boundary_public_20260816/artifacts/O1/p03543/main_opt_1.before.ll,/home/dungbv/clau/reports/ir_boundary_public_20260816/artifacts/O1/p03543/main_opt_1.after.ll,True,3,2,-1,21,12,-9,827,476,-351,5,4,-1,16,6,-10,16,6,-10,0,0,0,9,1,-8,5,1,-4,61,46,-15,107,65,-42,183,113,-70,30,11,-19,67,49,-18,1,0,-1,0,0,0,356,225,-131,231,143,-88,0,0,0
public_v1,O1,p03543,main_default_opt_2,/home/dungbv/clau/reports/ir_boundary_public_20260816/artifacts/O1/p03543/main_opt_2.before.ll,/home/dungbv/clau/reports/ir_boundary_public_20260816/artifacts/O1/p03543/main_opt_2.after.ll,True,2,2,0,12,11,-1,338,275,-63,4,4,0,7,4,-3,7,4,-3,0,0,0,2,0,-2,2,2,0,26,22,-4,37,39,2,91,72,-19,2,3,1,34,28,-6,0,0,0,0,0,0,156,135,-21,86,72,-14,0,0,0
public_v1,O1,p03543,bundle_default_opt_3,/home/dungbv/clau/result/ir_public_o1_20260816/p03543/p03543_final.02-pointer-opt.ll,/home/dungbv/clau/reports/ir_boundary_public_20260816/artifacts/O1/p03543/bundle_default_opt_3.after.ll,True,3,3,0,13,13,0,168,167,-1,4,4,0,12,12,0,12,12,0,0,0,0,0,0,0,2,2,0,22,22,0,39,39,0,27,26,-1,3,3,0,7,7,0,0,0,0,0,0,0,90,89,-1,23,23,0,0,0,0
public_v1,O1,p03543,bundle_default_opt_4,/home/dungbv/clau/result/ir_public_o1_20260816/p03543/p03543_final.05-unpinned.ll,/home/dungbv/clau/reports/ir_boundary_public_20260816/artifacts/O1/p03543/bundle_default_opt_4.after.ll,True,3,3,0,13,13,0,167,167,0,4,4,0,12,12,0,12,12,0,0,0,0,0,0,0,2,2,0,22,22,0,39,39,0,26,26,0,3,3,0,7,7,0,0,0,0,0,0,0,89,89,0,23,23,0,0,0,0
public_v1,O1,p03543,bundle_post_opt_4_custom_cleanup,/home/dungbv/clau/reports/ir_boundary_public_20260816/artifacts/O1/p03543/bundle_default_opt_4.after.ll,/home/dungbv/clau/result/ir_public_o1_20260816/p03543/p03543_final.ll,True,3,3,0,13,13,0,167,158,-9,4,4,0,12,12,0,12,12,0,0,0,0,0,0,0,2,2,0,22,21,-1,39,31,-8,26,26,0,3,3,0,7,7,0,0,0,0,0,0,0,89,80,-9,23,23,0,0,0,0
public_v1,O1,p03773,main_default_opt_1,/home/dungbv/clau/reports/ir_boundary_public_20260816/artifacts/O1/p03773/main_opt_1.before.ll,/home/dungbv/clau/reports/ir_boundary_public_20260816/artifacts/O1/p03773/main_opt_1.after.ll,True,3,2,-1,7,3,-4,450,120,-330,1,0,-1,22,3,-19,22,3,-19,0,0,0,17,1,-16,9,1,-8,36,15,-21,119,41,-78,104,22,-82,2,0,-2,13,6,-7,0,0,0,0,0,0,268,79,-189,55,25,-30,0,0,0
public_v1,O1,p03773,main_default_opt_2,/home/dungbv/clau/reports/ir_boundary_public_20260816/artifacts/O1/p03773/main_opt_2.before.ll,/home/dungbv/clau/reports/ir_boundary_public_20260816/artifacts/O1/p03773/main_opt_2.after.ll,True,2,2,0,3,3,0,63,47,-16,0,0,0,6,2,-4,6,2,-4,0,0,0,4,0,-4,3,3,0,2,4,2,13,17,4,14,12,-2,0,0,0,0,0,0,0,0,0,0,0,0,32,36,4,3,3,0,0,0,0
public_v1,O1,p03773,bundle_default_opt_3,/home/dungbv/clau/result/ir_public_o1_20260816/p03773/p03773_final.02-pointer-opt.ll,/home/dungbv/clau/reports/ir_boundary_public_20260816/artifacts/O1/p03773/bundle_default_opt_3.after.ll,True,2,2,0,3,3,0,12,12,0,0,0,0,2,2,0,2,2,0,0,0,0,0,0,0,2,2,0,2,2,0,0,0,0,0,0,0,0,0,0,0,0,0,0,0,0,0,0,0,4,4,0,2,2,0,0,0,0
public_v1,O1,p03773,bundle_default_opt_4,/home/dungbv/clau/result/ir_public_o1_20260816/p03773/p03773_final.05-unpinned.ll,/home/dungbv/clau/reports/ir_boundary_public_20260816/artifacts/O1/p03773/bundle_default_opt_4.after.ll,True,2,2,0,3,3,0,12,12,0,0,0,0,2,2,0,2,2,0,0,0,0,0,0,0,2,2,0,2,2,0,0,0,0,0,0,0,0,0,0,0,0,0,0,0,0,0,0,0,4,4,0,2,2,0,0,0,0
public_v1,O1,p03773,bundle_post_opt_4_custom_cleanup,/home/dungbv/clau/reports/ir_boundary_public_20260816/artifacts/O1/p03773/bundle_default_opt_4.after.ll,/home/dungbv/clau/result/ir_public_o1_20260816/p03773/p03773_final.ll,True,2,1,-1,3,2,-1,12,11,-1,0,0,0,2,2,0,2,2,0,0,0,0,0,0,0,2,2,0,2,2,0,0,0,0,0,0,0,0,0,0,0,0,0,0,0,0,0,0,0,4,4,0,2,2,0,0,0,0
public_v1,O1,p03776,main_default_opt_1,/home/dungbv/clau/reports/ir_boundary_public_20260816/artifacts/O1/p03776/main_opt_1.before.ll,/home/dungbv/clau/reports/ir_boundary_public_20260816/artifacts/O1/p03776/main_opt_1.after.ll,True,7,6,-1,358,343,-15,8392,6949,-1443,26,20,-6,63,45,-18,63,45,-18,0,0,0,22,5,-17,9,3,-6,754,741,-13,784,510,-274,1404,890,-514,53,54,1,508,509,1,8,6,-2,0,0,0,2951,2144,-807,2032,1928,-104,0,0,0
public_v1,O1,p03776,main_default_opt_2,/home/dungbv/clau/reports/ir_boundary_public_20260816/artifacts/O1/p03776/main_opt_2.before.ll,/home/dungbv/clau/reports/ir_boundary_public_20260816/artifacts/O1/p03776/main_opt_2.after.ll,True,6,6,0,343,343,0,6983,6206,-777,20,20,0,44,44,0,44,44,0,0,0,0,4,4,0,3,3,0,730,692,-38,482,482,0,889,666,-223,48,47,-1,506,506,0,6,6,0,0,0,0,2104,1843,-261,1902,1883,-19,0,0,0
public_v1,O1,p03776,bundle_default_opt_3,/home/dungbv/clau/result/ir_public_o1_20260816/p03776/p03776_final.02-pointer-opt.ll,/home/dungbv/clau/reports/ir_boundary_public_20260816/artifacts/O1/p03776/bundle_default_opt_3.after.ll,True,8,8,0,347,347,0,4360,4233,-127,20,20,0,195,195,0,195,195,0,0,0,0,4,4,0,3,3,0,679,679,0,482,482,0,245,240,-5,47,43,-4,59,59,0,6,6,0,0,0,0,1409,1404,-5,867,828,-39,0,0,0
public_v1,O1,p03776,bundle_default_opt_4,/home/dungbv/clau/result/ir_public_o1_20260816/p03776/p03776_final.05-unpinned.ll,/home/dungbv/clau/reports/ir_boundary_public_20260816/artifacts/O1/p03776/bundle_default_opt_4.after.ll,True,8,8,0,347,347,0,4233,4197,-36,20,20,0,195,195,0,195,195,0,0,0,0,4,4,0,3,3,0,679,679,0,482,482,0,240,218,-22,43,43,0,59,59,0,6,6,0,0,0,0,1404,1382,-22,828,828,0,0,0,0
public_v1,O1,p03776,bundle_post_opt_4_custom_cleanup,/home/dungbv/clau/reports/ir_boundary_public_20260816/artifacts/O1/p03776/bundle_default_opt_4.after.ll,/home/dungbv/clau/result/ir_public_o1_20260816/p03776/p03776_final.ll,True,8,8,0,347,341,-6,4197,4109,-88,20,17,-3,195,195,0,195,195,0,0,0,0,4,4,0,3,3,0,679,666,-13,482,416,-66,218,218,0,43,55,12,59,50,-9,6,6,0,0,0,0,1382,1303,-79,828,828,0,0,0,0
public_v1,O1,p03835,main_default_opt_1,/home/dungbv/clau/reports/ir_boundary_public_20260816/artifacts/O1/p03835/main_opt_1.before.ll,/home/dungbv/clau/reports/ir_boundary_public_20260816/artifacts/O1/p03835/main_opt_1.after.ll,True,3,2,-1,14,11,-3,355,141,-214,4,4,0,13,4,-9,13,4,-9,0,0,0,10,2,-8,5,1,-4,41,15,-26,99,44,-55,45,12,-33,1,9,8,4,1,-3,0,0,0,0,0,0,190,72,-118,41,33,-8,0,0,0
public_v1,O1,p03835,main_default_opt_2,/home/dungbv/clau/reports/ir_boundary_public_20260816/artifacts/O1/p03835/main_opt_2.before.ll,/home/dungbv/clau/reports/ir_boundary_public_20260816/artifacts/O1/p03835/main_opt_2.after.ll,True,2,2,0,11,7,-4,89,32,-57,4,3,-1,6,2,-4,6,2,-4,0,0,0,4,0,-4,3,2,-1,4,2,-2,16,0,-16,14,0,-14,9,8,-1,1,3,2,0,0,0,0,0,0,37,4,-33,15,15,0,0,0,0
public_v1,O1,p03835,bundle_default_opt_3,/home/dungbv/clau/result/ir_public_o1_20260816/p03835/p03835_final.02-pointer-opt.ll,/home/dungbv/clau/reports/ir_boundary_public_20260816/artifacts/O1/p03835/bundle_default_opt_3.after.ll,True,2,2,0,7,7,0,32,32,0,3,3,0,2,2,0,2,2,0,0,0,0,0,0,0,2,2,0,2,2,0,0,0,0,0,0,0,8,8,0,3,3,0,0,0,0,0,0,0,4,4,0,15,15,0,0,0,0
public_v1,O1,p03835,bundle_default_opt_4,/home/dungbv/clau/result/ir_public_o1_20260816/p03835/p03835_final.05-unpinned.ll,/home/dungbv/clau/reports/ir_boundary_public_20260816/artifacts/O1/p03835/bundle_default_opt_4.after.ll,True,2,2,0,7,7,0,32,32,0,3,3,0,2,2,0,2,2,0,0,0,0,0,0,0,2,2,0,2,2,0,0,0,0,0,0,0,8,8,0,3,3,0,0,0,0,0,0,0,4,4,0,15,15,0,0,0,0
public_v1,O1,p03835,bundle_post_opt_4_custom_cleanup,/home/dungbv/clau/reports/ir_boundary_public_20260816/artifacts/O1/p03835/bundle_default_opt_4.after.ll,/home/dungbv/clau/result/ir_public_o1_20260816/p03835/p03835_final.ll,True,2,1,-1,7,6,-1,32,31,-1,3,3,0,2,2,0,2,2,0,0,0,0,0,0,0,2,2,0,2,2,0,0,0,0,0,0,0,8,8,0,3,3,0,0,0,0,0,0,0,4,4,0,15,15,0,0,0,0
public_v1,O1,p03854,main_default_opt_1,/home/dungbv/clau/reports/ir_boundary_public_20260816/artifacts/O1/p03854/main_opt_1.before.ll,/home/dungbv/clau/reports/ir_boundary_public_20260816/artifacts/O1/p03854/main_opt_1.after.ll,True,3,2,-1,22,18,-4,549,239,-310,8,8,0,26,7,-19,26,7,-19,0,0,0,18,2,-16,9,1,-8,51,19,-32,166,89,-77,93,17,-76,2,6,4,14,13,-1,0,0,0,0,0,0,319,126,-193,79,57,-22,0,0,0
public_v1,O1,p03854,main_default_opt_2,/home/dungbv/clau/reports/ir_boundary_public_20260816/artifacts/O1/p03854/main_opt_2.before.ll,/home/dungbv/clau/reports/ir_boundary_public_20260816/artifacts/O1/p03854/main_opt_2.after.ll,True,2,2,0,19,16,-3,175,67,-108,8,7,-1,5,5,0,5,5,0,0,0,0,0,0,0,1,0,-1,6,3,-3,63,2,-61,16,6,-10,3,4,1,14,4,-10,0,1,1,0,0,0,86,11,-75,38,24,-14,0,0,0
public_v1,O1,p03854,bundle_default_opt_3,/home/dungbv/clau/result/ir_public_o1_20260816/p03854/p03854_final.02-pointer-opt.ll,/home/dungbv/clau/reports/ir_boundary_public_20260816/artifacts/O1/p03854/bundle_default_opt_3.after.ll,True,3,3,0,18,18,0,70,70,0,7,7,0,6,6,0,6,6,0,0,0,0,0,0,0,0,0,0,3,3,0,2,2,0,7,7,0,4,4,0,4,4,0,1,1,0,0,0,0,12,12,0,24,24,0,0,0,0
public_v1,O1,p03854,bundle_default_opt_4,/home/dungbv/clau/result/ir_public_o1_20260816/p03854/p03854_final.05-unpinned.ll,/home/dungbv/clau/reports/ir_boundary_public_20260816/artifacts/O1/p03854/bundle_default_opt_4.after.ll,True,3,3,0,18,18,0,70,70,0,7,7,0,6,6,0,6,6,0,0,0,0,0,0,0,0,0,0,3,3,0,2,2,0,7,7,0,4,4,0,4,4,0,1,1,0,0,0,0,12,12,0,24,24,0,0,0,0
public_v1,O1,p03854,bundle_post_opt_4_custom_cleanup,/home/dungbv/clau/reports/ir_boundary_public_20260816/artifacts/O1/p03854/bundle_default_opt_4.after.ll,/home/dungbv/clau/result/ir_public_o1_20260816/p03854/p03854_final.ll,True,3,3,0,18,18,0,70,70,0,7,7,0,6,6,0,6,6,0,0,0,0,0,0,0,0,0,0,3,3,0,2,2,0,7,7,0,4,4,0,4,4,0,1,1,0,0,0,0,12,12,0,24,24,0,0,0,0
public_v1,O1,p04028,main_default_opt_1,/home/dungbv/clau/reports/ir_boundary_public_20260816/artifacts/O1/p04028/main_opt_1.before.ll,/home/dungbv/clau/reports/ir_boundary_public_20260816/artifacts/O1/p04028/main_opt_1.after.ll,True,6,3,-3,37,29,-8,1603,997,-606,13,16,3,35,18,-17,35,18,-17,0,0,0,19,5,-14,7,3,-4,141,90,-51,168,126,-42,256,134,-122,8,4,-4,113,100,-13,0,0,0,3,3,0,572,353,-219,428,302,-126,0,0,0
public_v1,O1,p04028,main_default_opt_2,/home/dungbv/clau/reports/ir_boundary_public_20260816/artifacts/O1/p04028/main_opt_2.before.ll,/home/dungbv/clau/reports/ir_boundary_public_20260816/artifacts/O1/p04028/main_opt_2.after.ll,True,3,3,0,29,28,-1,630,453,-177,16,13,-3,18,13,-5,18,13,-5,0,0,0,5,0,-5,3,2,-1,74,32,-42,112,62,-50,67,51,-16,3,5,2,28,17,-11,0,0,0,3,3,0,256,147,-109,130,115,-15,0,0,0
public_v1,O1,p04028,bundle_default_opt_3,/home/dungbv/clau/result/ir_public_o1_20260816/p04028/p04028_final.02-pointer-opt.ll,/home/dungbv/clau/reports/ir_boundary_public_20260816/artifacts/O1/p04028/bundle_default_opt_3.after.ll,True,3,3,0,28,23,-5,440,359,-81,13,11,-2,13,13,0,13,13,0,0,0,0,0,0,0,2,2,0,27,21,-6,62,60,-2,50,40,-10,5,5,0,17,13,-4,0,0,0,3,3,0,141,123,-18,115,90,-25,0,0,0
public_v1,O1,p04028,bundle_default_opt_4,/home/dungbv/clau/result/ir_public_o1_20260816/p04028/p04028_final.05-unpinned.ll,/home/dungbv/clau/reports/ir_boundary_public_20260816/artifacts/O1/p04028/bundle_default_opt_4.after.ll,True,3,2,-1,23,28,5,359,437,78,11,15,4,13,13,0,13,13,0,0,0,0,0,0,0,2,2,0,21,21,0,60,78,18,40,47,7,5,12,7,13,13,0,0,0,0,3,5,2,123,148,25,90,112,22,0,0,0
public_v1,O1,p04028,bundle_post_opt_4_custom_cleanup,/home/dungbv/clau/reports/ir_boundary_public_20260816/artifacts/O1/p04028/bundle_default_opt_4.after.ll,/home/dungbv/clau/result/ir_public_o1_20260816/p04028/p04028_final.ll,True,2,1,-1,28,26,-2,437,309,-128,15,15,0,13,13,0,13,13,0,0,0,0,0,0,0,2,1,-1,21,14,-7,78,8,-70,47,9,-38,12,13,1,13,11,-2,0,0,0,5,5,0,148,32,-116,112,105,-7,0,0,0
public_v1,O2,p00001,main_default_opt_1,/home/dungbv/clau/reports/ir_boundary_public_20260816/artifacts/O2/p00001/main_opt_1.before.ll,/home/dungbv/clau/reports/ir_boundary_public_20260816/artifacts/O2/p00001/main_opt_1.after.ll,True,9,3,-6,45,29,-16,1185,421,-764,10,7,-3,29,15,-14,29,15,-14,0,0,0,14,6,-8,6,3,-3,103,35,-68,198,83,-115,137,81,-56,25,13,-12,29,26,-3,2,1,-1,0,0,0,444,202,-242,235,111,-124,0,0,0
public_v1,O2,p00001,main_default_opt_2,/home/dungbv/clau/reports/ir_boundary_public_20260816/artifacts/O2/p00001/main_opt_2.before.ll,/home/dungbv/clau/reports/ir_boundary_public_20260816/artifacts/O2/p00001/main_opt_2.after.ll,True,3,3,0,26,23,-3,239,188,-51,7,5,-2,11,13,2,11,13,2,0,0,0,2,4,2,1,1,0,18,12,-6,65,49,-16,49,45,-4,11,8,-3,8,6,-2,1,1,0,0,0,0,133,107,-26,50,34,-16,0,0,0
public_v1,O2,p00001,bundle_default_opt_3,/home/dungbv/clau/result/ir_public_o2_20260816/p00001/p00001_final.02-pointer-opt.ll,/home/dungbv/clau/reports/ir_boundary_public_20260816/artifacts/O2/p00001/bundle_default_opt_3.after.ll,True,3,3,0,23,23,0,162,159,-3,5,5,0,13,13,0,13,13,0,0,0,0,4,4,0,1,1,0,8,8,0,49,47,-2,37,36,-1,9,8,-1,2,2,0,1,1,0,0,0,0,95,92,-3,25,25,0,0,0,0
public_v1,O2,p00001,bundle_default_opt_4,/home/dungbv/clau/result/ir_public_o2_20260816/p00001/p00001_final.05-unpinned.ll,/home/dungbv/clau/reports/ir_boundary_public_20260816/artifacts/O2/p00001/bundle_default_opt_4.after.ll,True,3,3,0,23,23,0,159,159,0,5,5,0,13,13,0,13,13,0,0,0,0,4,4,0,1,1,0,8,8,0,47,47,0,36,36,0,8,8,0,2,2,0,1,1,0,0,0,0,92,92,0,25,25,0,0,0,0
public_v1,O2,p00001,bundle_post_opt_4_custom_cleanup,/home/dungbv/clau/reports/ir_boundary_public_20260816/artifacts/O2/p00001/bundle_default_opt_4.after.ll,/home/dungbv/clau/result/ir_public_o2_20260816/p00001/p00001_final.ll,True,3,2,-1,23,22,-1,159,158,-1,5,5,0,13,13,0,13,13,0,0,0,0,4,4,0,1,1,0,8,8,0,47,47,0,36,36,0,8,8,0,2,2,0,1,1,0,0,0,0,92,92,0,25,25,0,0,0,0
public_v1,O2,p00008,main_default_opt_1,/home/dungbv/clau/reports/ir_boundary_public_20260816/artifacts/O2/p00008/main_opt_1.before.ll,/home/dungbv/clau/reports/ir_boundary_public_20260816/artifacts/O2/p00008/main_opt_1.after.ll,True,3,2,-1,34,32,-2,1558,1124,-434,13,14,1,12,7,-5,12,7,-5,0,0,0,9,5,-4,5,3,-2,131,105,-26,204,143,-61,390,198,-192,1,17,16,178,156,-22,0,0,0,0,0,0,730,449,-281,456,417,-39,0,0,0
public_v1,O2,p00008,main_default_opt_2,/home/dungbv/clau/reports/ir_boundary_public_20260816/artifacts/O2/p00008/main_opt_2.before.ll,/home/dungbv/clau/reports/ir_boundary_public_20260816/artifacts/O2/p00008/main_opt_2.after.ll,True,2,2,0,32,28,-4,367,335,-32,14,19,5,2,3,1,2,3,1,0,0,0,0,0,0,1,1,0,44,49,5,97,110,13,71,37,-34,6,3,-3,9,11,2,0,0,0,0,0,0,213,197,-16,57,63,6,0,0,0
public_v1,O2,p00008,bundle_default_opt_3,/home/dungbv/clau/result/ir_public_o2_20260816/p00008/p00008_final.02-pointer-opt.ll,/home/dungbv/clau/reports/ir_boundary_public_20260816/artifacts/O2/p00008/bundle_default_opt_3.after.ll,True,2,2,0,25,25,0,166,155,-11,14,14,0,3,3,0,3,3,0,0,0,0,0,0,0,1,1,0,39,24,-15,20,20,0,28,22,-6,0,5,5,2,13,11,0,0,0,0,0,0,88,67,-21,28,41,13,0,0,0
public_v1,O2,p00008,bundle_default_opt_4,/home/dungbv/clau/result/ir_public_o2_20260816/p00008/p00008_final.05-unpinned.ll,/home/dungbv/clau/reports/ir_boundary_public_20260816/artifacts/O2/p00008/bundle_default_opt_4.after.ll,True,2,2,0,25,26,1,155,157,2,14,14,0,3,3,0,3,3,0,0,0,0,0,0,0,1,1,0,24,24,0,20,20,0,22,22,0,5,5,0,13,13,0,0,0,0,0,0,0,67,67,0,41,42,1,0,0,0
public_v1,O2,p00008,bundle_post_opt_4_custom_cleanup,/home/dungbv/clau/reports/ir_boundary_public_20260816/artifacts/O2/p00008/bundle_default_opt_4.after.ll,/home/dungbv/clau/result/ir_public_o2_20260816/p00008/p00008_final.ll,True,2,2,0,26,26,0,157,157,0,14,14,0,3,3,0,3,3,0,0,0,0,0,0,0,1,1,0,24,24,0,20,20,0,22,22,0,5,5,0,13,13,0,0,0,0,0,0,0,67,67,0,42,42,0,0,0,0
public_v1,O2,p00033,main_default_opt_1,/home/dungbv/clau/reports/ir_boundary_public_20260816/artifacts/O2/p00033/main_opt_1.before.ll,/home/dungbv/clau/reports/ir_boundary_public_20260816/artifacts/O2/p00033/main_opt_1.after.ll,True,4,3,-1,97,89,-8,1839,1218,-621,7,4,-3,40,21,-19,40,21,-19,0,0,0,28,10,-18,14,4,-10,148,129,-19,306,129,-177,239,100,-139,19,23,4,41,40,-1,3,2,-1,0,0,0,707,362,-345,305,283,-22,0,0,0
public_v1,O2,p00033,main_default_opt_2,/home/dungbv/clau/reports/ir_boundary_public_20260816/artifacts/O2/p00033/main_opt_2.before.ll,/home/dungbv/clau/reports/ir_boundary_public_20260816/artifacts/O2/p00033/main_opt_2.after.ll,True,3,3,0,89,86,-3,611,563,-48,4,4,0,37,14,-23,37,14,-23,0,0,0,26,3,-23,13,13,0,59,79,20,78,97,19,77,72,-5,7,7,0,25,25,0,2,2,0,0,0,0,227,261,34,97,95,-2,0,0,0
public_v1,O2,p00033,bundle_default_opt_3,/home/dungbv/clau/result/ir_public_o2_20260816/p00033/p00033_final.02-pointer-opt.ll,/home/dungbv/clau/reports/ir_boundary_public_20260816/artifacts/O2/p00033/bundle_default_opt_3.after.ll,True,4,4,0,88,88,0,535,521,-14,4,4,0,18,18,0,18,18,0,0,0,0,3,3,0,13,13,0,79,79,0,97,95,-2,66,66,0,7,7,0,16,16,0,2,2,0,0,0,0,255,253,-2,78,73,-5,0,0,0
public_v1,O2,p00033,bundle_default_opt_4,/home/dungbv/clau/result/ir_public_o2_20260816/p00033/p00033_final.05-unpinned.ll,/home/dungbv/clau/reports/ir_boundary_public_20260816/artifacts/O2/p00033/bundle_default_opt_4.after.ll,True,4,3,-1,88,90,2,521,569,48,4,6,2,18,18,0,18,18,0,0,0,0,3,3,0,13,13,0,79,81,2,95,110,15,66,73,7,7,10,3,16,17,1,2,2,0,0,0,0,253,277,24,73,82,9,0,0,0
public_v1,O2,p00033,bundle_post_opt_4_custom_cleanup,/home/dungbv/clau/reports/ir_boundary_public_20260816/artifacts/O2/p00033/bundle_default_opt_4.after.ll,/home/dungbv/clau/result/ir_public_o2_20260816/p00033/p00033_final.ll,True,3,3,0,90,90,0,569,569,0,6,6,0,18,18,0,18,18,0,0,0,0,3,3,0,13,13,0,81,81,0,110,110,0,73,73,0,10,10,0,17,17,0,2,2,0,0,0,0,277,277,0,82,82,0,0,0,0
public_v1,O2,p00165,main_default_opt_1,/home/dungbv/clau/reports/ir_boundary_public_20260816/artifacts/O2/p00165/main_opt_1.before.ll,/home/dungbv/clau/reports/ir_boundary_public_20260816/artifacts/O2/p00165/main_opt_1.after.ll,True,3,2,-1,31,28,-3,1067,803,-264,11,14,3,17,12,-5,17,12,-5,0,0,0,13,9,-4,7,5,-2,105,82,-23,199,149,-50,230,133,-97,7,31,24,91,83,-8,0,0,0,0,0,0,541,369,-172,266,267,1,0,0,0
public_v1,O2,p00165,main_default_opt_2,/home/dungbv/clau/reports/ir_boundary_public_20260816/artifacts/O2/p00165/main_opt_2.before.ll,/home/dungbv/clau/reports/ir_boundary_public_20260816/artifacts/O2/p00165/main_opt_2.after.ll,True,2,2,0,28,27,-1,377,315,-62,14,16,2,3,4,1,3,4,1,0,0,0,0,0,0,1,1,0,38,37,-1,85,90,5,67,40,-27,12,7,-5,23,24,1,0,0,0,0,0,0,191,168,-23,91,76,-15,0,0,0
public_v1,O2,p00165,bundle_default_opt_3,/home/dungbv/clau/result/ir_public_o2_20260816/p00165/p00165_final.02-pointer-opt.ll,/home/dungbv/clau/reports/ir_boundary_public_20260816/artifacts/O2/p00165/bundle_default_opt_3.after.ll,True,3,3,0,25,18,-7,165,148,-17,14,10,-4,9,13,4,9,13,4,0,0,0,0,4,4,1,1,0,34,22,-12,26,22,-4,15,13,-2,4,7,3,4,9,5,0,0,0,0,0,0,76,58,-18,33,37,4,0,0,0
public_v1,O2,p00165,bundle_default_opt_4,/home/dungbv/clau/result/ir_public_o2_20260816/p00165/p00165_final.05-unpinned.ll,/home/dungbv/clau/reports/ir_boundary_public_20260816/artifacts/O2/p00165/bundle_default_opt_4.after.ll,True,3,3,0,18,18,0,148,147,-1,10,10,0,13,12,-1,13,12,-1,0,0,0,4,3,-1,1,1,0,22,22,0,22,22,0,13,13,0,7,7,0,9,9,0,0,0,0,0,0,0,58,58,0,37,37,0,0,0,0
public_v1,O2,p00165,bundle_post_opt_4_custom_cleanup,/home/dungbv/clau/reports/ir_boundary_public_20260816/artifacts/O2/p00165/bundle_default_opt_4.after.ll,/home/dungbv/clau/result/ir_public_o2_20260816/p00165/p00165_final.ll,True,3,3,0,18,18,0,147,147,0,10,10,0,12,12,0,12,12,0,0,0,0,3,3,0,1,1,0,22,22,0,22,22,0,13,13,0,7,7,0,9,9,0,0,0,0,0,0,0,58,58,0,37,37,0,0,0,0
public_v1,O2,p00327,main_default_opt_1,/home/dungbv/clau/reports/ir_boundary_public_20260816/artifacts/O2/p00327/main_opt_1.before.ll,/home/dungbv/clau/reports/ir_boundary_public_20260816/artifacts/O2/p00327/main_opt_1.after.ll,True,3,2,-1,33,28,-5,1085,713,-372,14,18,4,14,7,-7,14,7,-7,0,0,0,10,4,-6,5,3,-2,111,49,-62,167,73,-94,168,100,-68,20,46,26,63,59,-4,0,0,0,0,0,0,451,225,-226,276,265,-11,0,0,0
public_v1,O2,p00327,main_default_opt_2,/home/dungbv/clau/reports/ir_boundary_public_20260816/artifacts/O2/p00327/main_opt_2.before.ll,/home/dungbv/clau/reports/ir_boundary_public_20260816/artifacts/O2/p00327/main_opt_2.after.ll,True,3,2,-1,30,28,-2,668,580,-88,18,19,1,8,7,-1,8,7,-1,0,0,0,4,4,0,3,3,0,45,48,3,71,71,0,101,93,-8,22,22,0,59,53,-6,0,0,0,0,0,0,220,215,-5,236,206,-30,0,0,0
public_v1,O2,p00327,bundle_default_opt_3,/home/dungbv/clau/result/ir_public_o2_20260816/p00327/p00327_final.02-pointer-opt.ll,/home/dungbv/clau/reports/ir_boundary_public_20260816/artifacts/O2/p00327/bundle_default_opt_3.after.ll,True,4,4,0,32,33,1,432,421,-11,19,19,0,21,21,0,21,21,0,0,0,0,4,4,0,3,3,0,44,44,0,71,71,0,57,56,-1,18,18,0,17,17,0,0,0,0,0,0,0,175,174,-1,118,114,-4,0,0,0
public_v1,O2,p00327,bundle_default_opt_4,/home/dungbv/clau/result/ir_public_o2_20260816/p00327/p00327_final.05-unpinned.ll,/home/dungbv/clau/reports/ir_boundary_public_20260816/artifacts/O2/p00327/bundle_default_opt_4.after.ll,True,4,4,0,33,33,0,421,420,-1,19,19,0,21,21,0,21,21,0,0,0,0,4,4,0,3,3,0,44,44,0,71,71,0,56,56,0,18,18,0,17,17,0,0,0,0,0,0,0,174,174,0,114,113,-1,0,0,0
public_v1,O2,p00327,bundle_post_opt_4_custom_cleanup,/home/dungbv/clau/reports/ir_boundary_public_20260816/artifacts/O2/p00327/bundle_default_opt_4.after.ll,/home/dungbv/clau/result/ir_public_o2_20260816/p00327/p00327_final.ll,True,4,4,0,33,33,0,420,420,0,19,19,0,21,21,0,21,21,0,0,0,0,4,4,0,3,3,0,44,44,0,71,71,0,56,56,0,18,18,0,17,17,0,0,0,0,0,0,0,174,174,0,113,113,0,0,0,0
public_v1,O2,p00678,main_default_opt_1,/home/dungbv/clau/reports/ir_boundary_public_20260816/artifacts/O2/p00678/main_opt_1.before.ll,/home/dungbv/clau/reports/ir_boundary_public_20260816/artifacts/O2/p00678/main_opt_1.after.ll,True,6,5,-1,93,78,-15,1815,1244,-571,32,18,-14,43,31,-12,43,31,-12,0,0,0,25,14,-11,11,7,-4,123,103,-20,229,179,-50,250,125,-125,78,88,10,50,20,-30,8,4,-4,3,3,0,613,414,-199,492,316,-176,0,0,0
public_v1,O2,p00678,main_default_opt_2,/home/dungbv/clau/reports/ir_boundary_public_20260816/artifacts/O2/p00678/main_opt_2.before.ll,/home/dungbv/clau/reports/ir_boundary_public_20260816/artifacts/O2/p00678/main_opt_2.after.ll,True,5,5,0,78,78,0,1417,1183,-234,18,18,0,29,29,0,29,29,0,0,0,0,12,12,0,7,7,0,91,91,0,151,151,0,131,125,-6,88,88,0,26,20,-6,4,4,0,3,3,0,380,374,-6,330,306,-24,0,0,0
public_v1,O2,p00678,bundle_default_opt_3,/home/dungbv/clau/result/ir_public_o2_20260816/p00678/p00678_final.02-pointer-opt.ll,/home/dungbv/clau/reports/ir_boundary_public_20260816/artifacts/O2/p00678/bundle_default_opt_3.after.ll,True,5,5,0,78,78,0,1183,1183,0,18,18,0,29,29,0,29,29,0,0,0,0,12,12,0,7,7,0,91,91,0,151,151,0,125,125,0,88,88,0,20,20,0,4,4,0,3,3,0,374,374,0,306,306,0,0,0,0
public_v1,O2,p00678,bundle_default_opt_4,/home/dungbv/clau/result/ir_public_o2_20260816/p00678/p00678_final.05-unpinned.ll,/home/dungbv/clau/reports/ir_boundary_public_20260816/artifacts/O2/p00678/bundle_default_opt_4.after.ll,True,5,5,0,78,78,0,1183,1183,0,18,18,0,29,29,0,29,29,0,0,0,0,12,12,0,7,7,0,91,91,0,151,151,0,125,125,0,88,88,0,20,20,0,4,4,0,3,3,0,374,374,0,306,306,0,0,0,0
public_v1,O2,p00678,bundle_post_opt_4_custom_cleanup,/home/dungbv/clau/reports/ir_boundary_public_20260816/artifacts/O2/p00678/bundle_default_opt_4.after.ll,/home/dungbv/clau/result/ir_public_o2_20260816/p00678/p00678_final.ll,True,5,5,0,78,78,0,1183,1183,0,18,18,0,29,29,0,29,29,0,0,0,0,12,12,0,7,7,0,91,91,0,151,151,0,125,125,0,88,88,0,20,20,0,4,4,0,3,3,0,374,374,0,306,306,0,0,0,0
public_v1,O2,p00693,main_default_opt_1,/home/dungbv/clau/reports/ir_boundary_public_20260816/artifacts/O2/p00693/main_opt_1.before.ll,/home/dungbv/clau/reports/ir_boundary_public_20260816/artifacts/O2/p00693/main_opt_1.after.ll,True,4,3,-1,41,32,-9,1388,824,-564,15,18,3,32,18,-14,32,18,-14,0,0,0,24,10,-14,11,5,-6,108,60,-48,260,143,-117,270,157,-113,16,22,6,98,79,-19,0,0,0,0,0,0,649,365,-284,344,262,-82,0,0,0
public_v1,O2,p00693,main_default_opt_2,/home/dungbv/clau/reports/ir_boundary_public_20260816/artifacts/O2/p00693/main_opt_2.before.ll,/home/dungbv/clau/reports/ir_boundary_public_20260816/artifacts/O2/p00693/main_opt_2.after.ll,True,3,3,0,32,32,0,989,716,-273,18,18,0,16,18,2,16,18,2,0,0,0,8,10,2,5,5,0,47,47,0,115,107,-8,165,149,-16,21,20,-1,88,76,-12,0,0,0,0,0,0,332,308,-24,284,234,-50,0,0,0
public_v1,O2,p00693,bundle_default_opt_3,/home/dungbv/clau/result/ir_public_o2_20260816/p00693/p00693_final.02-pointer-opt.ll,/home/dungbv/clau/reports/ir_boundary_public_20260816/artifacts/O2/p00693/bundle_default_opt_3.after.ll,True,5,5,0,36,35,-1,583,563,-20,18,19,1,31,32,1,31,32,1,0,0,0,10,10,0,5,5,0,47,49,2,107,111,4,107,102,-5,20,14,-6,43,44,1,0,0,0,0,0,0,266,267,1,162,153,-9,0,0,0
public_v1,O2,p00693,bundle_default_opt_4,/home/dungbv/clau/result/ir_public_o2_20260816/p00693/p00693_final.05-unpinned.ll,/home/dungbv/clau/reports/ir_boundary_public_20260816/artifacts/O2/p00693/bundle_default_opt_4.after.ll,True,5,5,0,35,35,0,563,563,0,19,19,0,32,32,0,32,32,0,0,0,0,10,10,0,5,5,0,49,49,0,111,111,0,102,102,0,14,14,0,44,44,0,0,0,0,0,0,0,267,267,0,153,153,0,0,0,0
public_v1,O2,p00693,bundle_post_opt_4_custom_cleanup,/home/dungbv/clau/reports/ir_boundary_public_20260816/artifacts/O2/p00693/bundle_default_opt_4.after.ll,/home/dungbv/clau/result/ir_public_o2_20260816/p00693/p00693_final.ll,True,5,5,0,35,35,0,563,563,0,19,19,0,32,32,0,32,32,0,0,0,0,10,10,0,5,5,0,49,49,0,111,111,0,102,102,0,14,14,0,44,44,0,0,0,0,0,0,0,267,267,0,153,153,0,0,0,0
public_v1,O2,p00788,main_default_opt_1,/home/dungbv/clau/reports/ir_boundary_public_20260816/artifacts/O2/p00788/main_opt_1.before.ll,/home/dungbv/clau/reports/ir_boundary_public_20260816/artifacts/O2/p00788/main_opt_1.after.ll,True,5,3,-2,57,47,-10,1353,719,-634,20,14,-6,27,15,-12,27,15,-12,0,0,0,10,2,-8,5,1,-4,121,84,-37,179,106,-73,202,63,-139,23,24,1,52,28,-24,2,1,-1,11,9,-2,507,254,-253,293,192,-101,0,0,0
public_v1,O2,p00788,main_default_opt_2,/home/dungbv/clau/reports/ir_boundary_public_20260816/artifacts/O2/p00788/main_opt_2.before.ll,/home/dungbv/clau/reports/ir_boundary_public_20260816/artifacts/O2/p00788/main_opt_2.after.ll,True,3,3,0,47,45,-2,490,453,-37,14,12,-2,17,11,-6,17,11,-6,0,0,0,4,0,-4,3,3,0,53,53,0,78,82,4,66,64,-2,7,7,0,28,28,0,1,1,0,9,7,-2,200,202,2,114,109,-5,0,0,0
public_v1,O2,p00788,bundle_default_opt_3,/home/dungbv/clau/result/ir_public_o2_20260816/p00788/p00788_final.02-pointer-opt.ll,/home/dungbv/clau/reports/ir_boundary_public_20260816/artifacts/O2/p00788/bundle_default_opt_3.after.ll,True,3,2,-1,45,46,1,393,383,-10,12,15,3,11,11,0,11,11,0,0,0,0,0,0,0,3,3,0,47,47,0,82,96,14,54,46,-8,7,7,0,13,14,1,1,1,0,7,9,2,186,192,6,83,74,-9,0,0,0
public_v1,O2,p00788,bundle_default_opt_4,/home/dungbv/clau/result/ir_public_o2_20260816/p00788/p00788_final.05-unpinned.ll,/home/dungbv/clau/reports/ir_boundary_public_20260816/artifacts/O2/p00788/bundle_default_opt_4.after.ll,True,2,2,0,46,46,0,383,374,-9,15,15,0,11,11,0,11,11,0,0,0,0,0,0,0,3,3,0,47,41,-6,96,96,0,46,43,-3,7,7,0,14,14,0,1,1,0,9,9,0,192,183,-9,74,74,0,0,0,0
public_v1,O2,p00788,bundle_post_opt_4_custom_cleanup,/home/dungbv/clau/reports/ir_boundary_public_20260816/artifacts/O2/p00788/bundle_default_opt_4.after.ll,/home/dungbv/clau/result/ir_public_o2_20260816/p00788/p00788_final.ll,True,2,2,0,46,45,-1,374,204,-170,15,15,0,11,11,0,11,11,0,0,0,0,0,0,0,3,8,5,41,4,-37,96,9,-87,43,0,-43,7,29,22,14,6,-8,1,1,0,9,9,0,183,21,-162,74,77,3,0,0,0
public_v1,O2,p00793,main_default_opt_1,/home/dungbv/clau/reports/ir_boundary_public_20260816/artifacts/O2/p00793/main_opt_1.before.ll,/home/dungbv/clau/reports/ir_boundary_public_20260816/artifacts/O2/p00793/main_opt_1.after.ll,True,9,8,-1,99,101,2,5450,5517,67,44,42,-2,48,60,12,48,60,12,0,0,0,27,40,13,5,5,0,624,618,-6,2487,2432,-55,300,258,-42,412,428,16,96,96,0,9,9,0,4,4,0,3416,3313,-103,1143,1213,70,0,0,0
public_v1,O2,p00793,main_default_opt_2,/home/dungbv/clau/reports/ir_boundary_public_20260816/artifacts/O2/p00793/main_opt_2.before.ll,/home/dungbv/clau/reports/ir_boundary_public_20260816/artifacts/O2/p00793/main_opt_2.after.ll,True,8,8,0,101,100,-1,5531,5348,-183,42,42,0,60,54,-6,60,54,-6,0,0,0,40,34,-6,6,6,0,619,619,0,2433,2429,-4,267,262,-5,428,430,2,98,98,0,9,9,0,4,4,0,3325,3316,-9,1214,1136,-78,0,0,0
public_v1,O2,p00793,bundle_default_opt_3,/home/dungbv/clau/result/ir_public_o2_20260816/p00793/p00793_final.02-pointer-opt.ll,/home/dungbv/clau/reports/ir_boundary_public_20260816/artifacts/O2/p00793/bundle_default_opt_3.after.ll,True,9,9,0,102,102,0,4972,4825,-147,42,42,0,97,97,0,97,97,0,0,0,0,34,34,0,6,6,0,619,598,-21,2429,2301,-128,136,136,0,430,430,0,14,14,0,9,9,0,4,4,0,3190,3041,-149,926,928,2,0,0,0
public_v1,O2,p00793,bundle_default_opt_4,/home/dungbv/clau/result/ir_public_o2_20260816/p00793/p00793_final.05-unpinned.ll,/home/dungbv/clau/reports/ir_boundary_public_20260816/artifacts/O2/p00793/bundle_default_opt_4.after.ll,True,9,9,0,102,102,0,4825,4809,-16,42,42,0,97,97,0,97,97,0,0,0,0,34,34,0,6,6,0,598,598,0,2301,2285,-16,136,136,0,430,430,0,14,14,0,9,9,0,4,4,0,3041,3025,-16,928,928,0,0,0,0
public_v1,O2,p00793,bundle_post_opt_4_custom_cleanup,/home/dungbv/clau/reports/ir_boundary_public_20260816/artifacts/O2/p00793/bundle_default_opt_4.after.ll,/home/dungbv/clau/result/ir_public_o2_20260816/p00793/p00793_final.ll,True,9,9,0,102,102,0,4809,4798,-11,42,42,0,97,97,0,97,97,0,0,0,0,34,34,0,6,6,0,598,598,0,2285,2274,-11,136,136,0,430,430,0,14,14,0,9,9,0,4,4,0,3025,3014,-11,928,928,0,0,0,0
public_v1,O2,p00859,main_default_opt_1,/home/dungbv/clau/reports/ir_boundary_public_20260816/artifacts/O2/p00859/main_opt_1.before.ll,/home/dungbv/clau/reports/ir_boundary_public_20260816/artifacts/O2/p00859/main_opt_1.after.ll,True,10,5,-5,103,89,-14,2192,1428,-764,10,6,-4,38,24,-14,38,24,-14,0,0,0,13,4,-9,4,2,-2,192,136,-56,253,217,-36,246,141,-105,37,33,-4,61,60,-1,3,2,-1,0,0,0,695,496,-199,495,364,-131,0,0,0
public_v1,O2,p00859,main_default_opt_2,/home/dungbv/clau/reports/ir_boundary_public_20260816/artifacts/O2/p00859/main_opt_2.before.ll,/home/dungbv/clau/reports/ir_boundary_public_20260816/artifacts/O2/p00859/main_opt_2.after.ll,True,5,5,0,89,87,-2,1451,1361,-90,6,5,-1,24,24,0,24,24,0,0,0,0,4,4,0,2,2,0,136,134,-2,217,202,-15,143,121,-22,33,34,1,64,63,-1,2,2,0,0,0,0,498,459,-39,378,355,-23,0,0,0
public_v1,O2,p00859,bundle_default_opt_3,/home/dungbv/clau/result/ir_public_o2_20260816/p00859/p00859_final.02-pointer-opt.ll,/home/dungbv/clau/reports/ir_boundary_public_20260816/artifacts/O2/p00859/bundle_default_opt_3.after.ll,True,7,7,0,91,91,0,1183,863,-320,5,6,1,40,41,1,40,41,1,0,0,0,0,0,0,1,1,0,131,96,-35,175,166,-9,106,90,-16,34,33,-1,19,19,0,2,2,0,0,0,0,413,353,-60,262,176,-86,0,0,0
public_v1,O2,p00859,bundle_default_opt_4,/home/dungbv/clau/result/ir_public_o2_20260816/p00859/p00859_final.05-unpinned.ll,/home/dungbv/clau/reports/ir_boundary_public_20260816/artifacts/O2/p00859/bundle_default_opt_4.after.ll,True,7,7,0,91,91,0,863,847,-16,6,6,0,41,41,0,41,41,0,0,0,0,0,0,0,1,1,0,96,96,0,166,164,-2,90,76,-14,33,33,0,19,19,0,2,2,0,0,0,0,353,337,-16,176,176,0,0,0,0
public_v1,O2,p00859,bundle_post_opt_4_custom_cleanup,/home/dungbv/clau/reports/ir_boundary_public_20260816/artifacts/O2/p00859/bundle_default_opt_4.after.ll,/home/dungbv/clau/result/ir_public_o2_20260816/p00859/p00859_final.ll,True,7,7,0,91,91,0,847,847,0,6,6,0,41,41,0,41,41,0,0,0,0,0,0,0,1,1,0,96,96,0,164,164,0,76,76,0,33,33,0,19,19,0,2,2,0,0,0,0,337,337,0,176,176,0,0,0,0
public_v1,O2,p00867,main_default_opt_1,/home/dungbv/clau/reports/ir_boundary_public_20260816/artifacts/O2/p00867/main_opt_1.before.ll,/home/dungbv/clau/reports/ir_boundary_public_20260816/artifacts/O2/p00867/main_opt_1.after.ll,True,15,8,-7,385,364,-21,8539,6798,-1741,51,36,-15,91,38,-53,91,38,-53,0,0,0,33,2,-31,7,1,-6,777,736,-41,753,786,33,1134,714,-420,105,139,34,381,384,3,19,8,-11,0,0,0,2671,2237,-434,2084,1893,-191,0,0,0
public_v1,O2,p00867,main_default_opt_2,/home/dungbv/clau/reports/ir_boundary_public_20260816/artifacts/O2/p00867/main_opt_2.before.ll,/home/dungbv/clau/reports/ir_boundary_public_20260816/artifacts/O2/p00867/main_opt_2.after.ll,True,8,8,0,364,364,0,6789,6680,-109,36,36,0,37,36,-1,37,36,-1,0,0,0,1,0,-1,1,1,0,724,724,0,758,750,-8,707,709,2,139,139,0,378,376,-2,8,8,0,0,0,0,2190,2184,-6,1882,1867,-15,0,0,0
public_v1,O2,p00867,bundle_default_opt_3,/home/dungbv/clau/result/ir_public_o2_20260816/p00867/p00867_final.02-pointer-opt.ll,/home/dungbv/clau/reports/ir_boundary_public_20260816/artifacts/O2/p00867/bundle_default_opt_3.after.ll,True,14,14,0,376,366,-10,5581,4997,-584,36,37,1,133,133,0,133,133,0,0,0,0,0,0,0,1,1,0,724,718,-6,750,543,-207,464,354,-110,137,125,-12,103,101,-2,8,8,0,0,0,0,1939,1616,-323,1278,1201,-77,0,0,0
public_v1,O2,p00867,bundle_default_opt_4,/home/dungbv/clau/result/ir_public_o2_20260816/p00867/p00867_final.05-unpinned.ll,/home/dungbv/clau/reports/ir_boundary_public_20260816/artifacts/O2/p00867/bundle_default_opt_4.after.ll,True,14,14,0,366,366,0,4997,4919,-78,37,37,0,133,133,0,133,133,0,0,0,0,0,0,0,1,1,0,718,717,-1,543,543,0,354,320,-34,125,123,-2,101,101,0,8,8,0,0,0,0,1616,1581,-35,1201,1198,-3,0,0,0
public_v1,O2,p00867,bundle_post_opt_4_custom_cleanup,/home/dungbv/clau/reports/ir_boundary_public_20260816/artifacts/O2/p00867/bundle_default_opt_4.after.ll,/home/dungbv/clau/result/ir_public_o2_20260816/p00867/p00867_final.ll,True,14,15,1,366,368,2,4919,4909,-10,37,37,0,133,135,2,133,135,2,0,0,0,0,0,0,1,1,0,717,717,0,543,543,0,320,319,-1,123,123,0,101,98,-3,8,8,0,0,0,0,1581,1580,-1,1198,1193,-5,0,0,0
public_v1,O2,p01296,main_default_opt_1,/home/dungbv/clau/reports/ir_boundary_public_20260816/artifacts/O2/p01296/main_opt_1.before.ll,/home/dungbv/clau/reports/ir_boundary_public_20260816/artifacts/O2/p01296/main_opt_1.after.ll,True,10,9,-1,268,263,-5,7902,6057,-1845,35,31,-4,70,53,-17,70,53,-17,0,0,0,16,1,-15,1,1,0,623,573,-50,572,525,-47,1444,784,-660,70,61,-9,595,588,-7,8,7,-1,2,2,0,2640,1883,-757,2293,2004,-289,0,0,0
public_v1,O2,p01296,main_default_opt_2,/home/dungbv/clau/reports/ir_boundary_public_20260816/artifacts/O2/p01296/main_opt_2.before.ll,/home/dungbv/clau/reports/ir_boundary_public_20260816/artifacts/O2/p01296/main_opt_2.after.ll,True,9,9,0,260,260,0,6059,5949,-110,31,31,0,52,52,0,52,52,0,0,0,0,0,0,0,1,1,0,569,567,-2,509,502,-7,777,771,-6,58,58,0,585,584,-1,7,7,0,2,2,0,1856,1841,-15,1996,1971,-25,0,0,0
public_v1,O2,p01296,bundle_default_opt_3,/home/dungbv/clau/result/ir_public_o2_20260816/p01296/p01296_final.02-pointer-opt.ll,/home/dungbv/clau/reports/ir_boundary_public_20260816/artifacts/O2/p01296/bundle_default_opt_3.after.ll,True,10,9,-1,262,249,-13,3843,2269,-1574,31,32,1,229,220,-9,229,220,-9,0,0,0,0,0,0,1,1,0,559,424,-135,502,318,-184,257,194,-63,57,58,1,53,53,0,7,7,0,2,2,0,1319,937,-382,793,455,-338,0,0,0
public_v1,O2,p01296,bundle_default_opt_4,/home/dungbv/clau/result/ir_public_o2_20260816/p01296/p01296_final.05-unpinned.ll,/home/dungbv/clau/reports/ir_boundary_public_20260816/artifacts/O2/p01296/bundle_default_opt_4.after.ll,True,9,9,0,249,233,-16,2269,2237,-32,32,33,1,220,220,0,220,220,0,0,0,0,0,0,0,1,1,0,424,421,-3,318,314,-4,194,194,0,58,67,9,53,53,0,7,8,1,2,2,0,937,930,-7,455,458,3,0,0,0
public_v1,O2,p01296,bundle_post_opt_4_custom_cleanup,/home/dungbv/clau/reports/ir_boundary_public_20260816/artifacts/O2/p01296/bundle_default_opt_4.after.ll,/home/dungbv/clau/result/ir_public_o2_20260816/p01296/p01296_final.ll,True,9,9,0,233,233,0,2237,2237,0,33,33,0,220,220,0,220,220,0,0,0,0,0,0,0,1,1,0,421,421,0,314,314,0,194,194,0,67,67,0,53,53,0,8,8,0,2,2,0,930,930,0,458,458,0,0,0,0
public_v1,O2,p01315,main_default_opt_1,/home/dungbv/clau/reports/ir_boundary_public_20260816/artifacts/O2/p01315/main_opt_1.before.ll,/home/dungbv/clau/reports/ir_boundary_public_20260816/artifacts/O2/p01315/main_opt_1.after.ll,True,5,4,-1,36,31,-5,1840,1102,-738,11,15,4,40,25,-15,40,25,-15,0,0,0,26,11,-15,12,6,-6,153,101,-52,263,147,-116,373,202,-171,24,33,9,123,105,-18,0,0,0,0,0,0,801,456,-345,478,363,-115,0,0,0
public_v1,O2,p01315,main_default_opt_2,/home/dungbv/clau/reports/ir_boundary_public_20260816/artifacts/O2/p01315/main_opt_2.before.ll,/home/dungbv/clau/reports/ir_boundary_public_20260816/artifacts/O2/p01315/main_opt_2.after.ll,True,4,4,0,31,31,0,1087,1076,-11,15,15,0,25,25,0,25,25,0,0,0,0,11,11,0,6,6,0,97,97,0,145,143,-2,202,200,-2,31,31,0,105,104,-1,0,0,0,0,0,0,450,446,-4,360,357,-3,0,0,0
public_v1,O2,p01315,bundle_default_opt_3,/home/dungbv/clau/result/ir_public_o2_20260816/p01315/p01315_final.02-pointer-opt.ll,/home/dungbv/clau/reports/ir_boundary_public_20260816/artifacts/O2/p01315/bundle_default_opt_3.after.ll,True,6,6,0,35,35,0,765,765,0,15,16,1,67,69,2,67,69,2,0,0,0,11,11,0,6,6,0,96,100,4,143,145,2,124,121,-3,31,36,5,24,25,1,0,0,0,0,0,0,369,372,3,163,164,1,0,0,0
public_v1,O2,p01315,bundle_default_opt_4,/home/dungbv/clau/result/ir_public_o2_20260816/p01315/p01315_final.05-unpinned.ll,/home/dungbv/clau/reports/ir_boundary_public_20260816/artifacts/O2/p01315/bundle_default_opt_4.after.ll,True,6,5,-1,35,33,-2,765,791,26,16,16,0,69,67,-2,69,67,-2,0,0,0,11,11,0,6,6,0,100,107,7,145,160,15,121,136,15,36,19,-17,25,28,3,0,0,0,0,0,0,372,409,37,164,151,-13,0,0,0
public_v1,O2,p01315,bundle_post_opt_4_custom_cleanup,/home/dungbv/clau/reports/ir_boundary_public_20260816/artifacts/O2/p01315/bundle_default_opt_4.after.ll,/home/dungbv/clau/result/ir_public_o2_20260816/p01315/p01315_final.ll,True,5,6,1,33,35,2,791,769,-22,16,16,0,67,71,4,67,71,4,0,0,0,11,11,0,6,6,0,107,107,0,160,160,0,136,130,-6,19,19,0,28,22,-6,0,0,0,0,0,0,409,403,-6,151,136,-15,0,0,0
public_v1,O2,p01571,main_default_opt_1,/home/dungbv/clau/reports/ir_boundary_public_20260816/artifacts/O2/p01571/main_opt_1.before.ll,/home/dungbv/clau/reports/ir_boundary_public_20260816/artifacts/O2/p01571/main_opt_1.after.ll,True,14,11,-3,274,258,-16,8205,6111,-2094,28,24,-4,71,52,-19,71,52,-19,0,0,0,27,11,-16,10,6,-4,803,710,-93,703,532,-171,1487,796,-691,107,129,22,513,494,-19,11,9,-2,0,0,0,3003,2044,-959,2197,1992,-205,0,0,0
public_v1,O2,p01571,main_default_opt_2,/home/dungbv/clau/reports/ir_boundary_public_20260816/artifacts/O2/p01571/main_opt_2.before.ll,/home/dungbv/clau/reports/ir_boundary_public_20260816/artifacts/O2/p01571/main_opt_2.after.ll,True,11,11,0,256,260,4,5984,5981,-3,24,24,0,52,52,0,52,52,0,0,0,0,11,11,0,6,6,0,701,699,-2,532,530,-2,790,788,-2,121,132,11,492,492,0,9,9,0,0,0,0,2029,2023,-6,1953,1962,9,0,0,0
public_v1,O2,p01571,bundle_default_opt_3,/home/dungbv/clau/result/ir_public_o2_20260816/p01571/p01571_final.02-pointer-opt.ll,/home/dungbv/clau/reports/ir_boundary_public_20260816/artifacts/O2/p01571/bundle_default_opt_3.after.ll,True,19,19,0,273,274,1,4231,3510,-721,23,24,1,268,269,1,268,269,1,0,0,0,8,9,1,5,5,0,697,633,-64,485,397,-88,378,347,-31,125,116,-9,67,68,1,9,9,0,0,0,0,1565,1382,-183,932,759,-173,0,0,0
public_v1,O2,p01571,bundle_default_opt_4,/home/dungbv/clau/result/ir_public_o2_20260816/p01571/p01571_final.05-unpinned.ll,/home/dungbv/clau/reports/ir_boundary_public_20260816/artifacts/O2/p01571/bundle_default_opt_4.after.ll,True,19,19,0,274,274,0,3510,3261,-249,24,24,0,269,269,0,269,269,0,0,0,0,9,9,0,5,5,0,633,615,-18,397,397,0,347,333,-14,116,108,-8,68,68,0,9,9,0,0,0,0,1382,1350,-32,759,687,-72,0,0,0
public_v1,O2,p01571,bundle_post_opt_4_custom_cleanup,/home/dungbv/clau/reports/ir_boundary_public_20260816/artifacts/O2/p01571/bundle_default_opt_4.after.ll,/home/dungbv/clau/result/ir_public_o2_20260816/p01571/p01571_final.ll,True,19,19,0,274,274,0,3261,3244,-17,24,24,0,269,269,0,269,269,0,0,0,0,9,9,0,5,5,0,615,615,0,397,397,0,333,335,2,108,106,-2,68,68,0,9,9,0,0,0,0,1350,1352,2,687,682,-5,0,0,0
public_v1,O2,p01687,main_default_opt_1,/home/dungbv/clau/reports/ir_boundary_public_20260816/artifacts/O2/p01687/main_opt_1.before.ll,/home/dungbv/clau/reports/ir_boundary_public_20260816/artifacts/O2/p01687/main_opt_1.after.ll,True,6,4,-2,67,61,-6,1393,830,-563,23,18,-5,23,11,-12,23,11,-12,0,0,0,10,0,-10,3,1,-2,106,75,-31,177,82,-95,205,116,-89,36,29,-7,90,69,-21,2,1,-1,0,0,0,491,274,-217,388,271,-117,0,0,0
public_v1,O2,p01687,main_default_opt_2,/home/dungbv/clau/reports/ir_boundary_public_20260816/artifacts/O2/p01687/main_opt_2.before.ll,/home/dungbv/clau/reports/ir_boundary_public_20260816/artifacts/O2/p01687/main_opt_2.after.ll,True,4,4,0,60,49,-11,685,624,-61,18,15,-3,11,10,-1,11,10,-1,0,0,0,0,0,0,1,1,0,58,54,-4,79,78,-1,109,110,1,23,15,-8,65,68,3,1,1,0,0,0,0,247,243,-4,225,206,-19,0,0,0
public_v1,O2,p01687,bundle_default_opt_3,/home/dungbv/clau/result/ir_public_o2_20260816/p01687/p01687_final.02-pointer-opt.ll,/home/dungbv/clau/reports/ir_boundary_public_20260816/artifacts/O2/p01687/bundle_default_opt_3.after.ll,True,4,3,-1,49,46,-3,627,539,-88,15,15,0,10,9,-1,10,9,-1,0,0,0,0,0,0,1,1,0,54,47,-7,78,66,-12,111,91,-20,15,7,-8,68,64,-4,1,1,0,0,0,0,244,205,-39,209,183,-26,0,0,0
public_v1,O2,p01687,bundle_default_opt_4,/home/dungbv/clau/result/ir_public_o2_20260816/p01687/p01687_final.05-unpinned.ll,/home/dungbv/clau/reports/ir_boundary_public_20260816/artifacts/O2/p01687/bundle_default_opt_4.after.ll,True,3,3,0,46,46,0,539,539,0,15,15,0,9,9,0,9,9,0,0,0,0,0,0,0,1,1,0,47,47,0,66,66,0,91,91,0,7,7,0,64,64,0,1,1,0,0,0,0,205,205,0,183,183,0,0,0,0
public_v1,O2,p01687,bundle_post_opt_4_custom_cleanup,/home/dungbv/clau/reports/ir_boundary_public_20260816/artifacts/O2/p01687/bundle_default_opt_4.after.ll,/home/dungbv/clau/result/ir_public_o2_20260816/p01687/p01687_final.ll,True,3,3,0,46,46,0,539,343,-196,15,15,0,9,9,0,9,9,0,0,0,0,0,0,0,1,1,0,47,37,-10,66,56,-10,91,42,-49,7,6,-1,64,24,-40,1,1,0,0,0,0,205,136,-69,183,97,-86,0,0,0
public_v1,O2,p01766,main_default_opt_1,/home/dungbv/clau/reports/ir_boundary_public_20260816/artifacts/O2/p01766/main_opt_1.before.ll,/home/dungbv/clau/reports/ir_boundary_public_20260816/artifacts/O2/p01766/main_opt_1.after.ll,True,3,2,-1,26,23,-3,655,459,-196,9,11,2,20,19,-1,20,19,-1,0,0,0,14,15,1,7,7,0,65,37,-28,146,113,-33,101,94,-7,27,13,-14,19,14,-5,0,0,0,0,0,0,319,251,-68,134,95,-39,0,0,0
public_v1,O2,p01766,main_default_opt_2,/home/dungbv/clau/reports/ir_boundary_public_20260816/artifacts/O2/p01766/main_opt_2.before.ll,/home/dungbv/clau/reports/ir_boundary_public_20260816/artifacts/O2/p01766/main_opt_2.after.ll,True,2,2,0,23,23,0,525,333,-192,11,11,0,15,13,-2,15,13,-2,0,0,0,11,9,-2,6,6,0,23,23,0,67,68,1,78,78,0,7,7,0,14,14,0,0,0,0,0,0,0,174,175,1,69,70,1,0,0,0
public_v1,O2,p01766,bundle_default_opt_3,/home/dungbv/clau/result/ir_public_o2_20260816/p01766/p01766_final.02-pointer-opt.ll,/home/dungbv/clau/reports/ir_boundary_public_20260816/artifacts/O2/p01766/bundle_default_opt_3.after.ll,True,2,2,0,22,22,0,290,290,0,11,11,0,13,13,0,13,13,0,0,0,0,9,9,0,6,6,0,22,22,0,48,48,0,67,67,0,7,7,0,10,10,0,0,0,0,0,0,0,143,143,0,61,61,0,0,0,0
public_v1,O2,p01766,bundle_default_opt_4,/home/dungbv/clau/result/ir_public_o2_20260816/p01766/p01766_final.05-unpinned.ll,/home/dungbv/clau/reports/ir_boundary_public_20260816/artifacts/O2/p01766/bundle_default_opt_4.after.ll,True,2,2,0,22,22,0,290,290,0,11,11,0,13,13,0,13,13,0,0,0,0,9,9,0,6,6,0,22,22,0,48,48,0,67,67,0,7,7,0,10,10,0,0,0,0,0,0,0,143,143,0,61,61,0,0,0,0
public_v1,O2,p01766,bundle_post_opt_4_custom_cleanup,/home/dungbv/clau/reports/ir_boundary_public_20260816/artifacts/O2/p01766/bundle_default_opt_4.after.ll,/home/dungbv/clau/result/ir_public_o2_20260816/p01766/p01766_final.ll,True,2,2,0,22,22,0,290,290,0,11,11,0,13,13,0,13,13,0,0,0,0,9,9,0,6,6,0,22,22,0,48,48,0,67,67,0,7,7,0,10,10,0,0,0,0,0,0,0,143,143,0,61,61,0,0,0,0
public_v1,O2,p01970,main_default_opt_1,/home/dungbv/clau/reports/ir_boundary_public_20260816/artifacts/O2/p01970/main_opt_1.before.ll,/home/dungbv/clau/reports/ir_boundary_public_20260816/artifacts/O2/p01970/main_opt_1.after.ll,True,5,2,-3,90,73,-17,1319,589,-730,7,4,-3,17,6,-11,17,6,-11,0,0,0,9,0,-9,3,0,-3,139,57,-82,173,13,-160,83,25,-58,58,29,-29,13,13,0,4,2,-2,0,0,0,398,95,-303,318,174,-144,0,0,0
public_v1,O2,p01970,main_default_opt_2,/home/dungbv/clau/reports/ir_boundary_public_20260816/artifacts/O2/p01970/main_opt_2.before.ll,/home/dungbv/clau/reports/ir_boundary_public_20260816/artifacts/O2/p01970/main_opt_2.after.ll,True,2,2,0,68,68,0,304,294,-10,4,4,0,6,6,0,6,6,0,0,0,0,0,0,0,0,0,0,21,19,-2,13,13,0,25,23,-2,27,27,0,13,13,0,2,2,0,0,0,0,59,55,-4,95,93,-2,0,0,0
public_v1,O2,p01970,bundle_default_opt_3,/home/dungbv/clau/result/ir_public_o2_20260816/p01970/p01970_final.02-pointer-opt.ll,/home/dungbv/clau/reports/ir_boundary_public_20260816/artifacts/O2/p01970/bundle_default_opt_3.after.ll,True,2,2,0,68,68,0,294,294,0,4,4,0,6,6,0,6,6,0,0,0,0,0,0,0,0,0,0,19,19,0,13,13,0,23,23,0,27,27,0,13,13,0,2,2,0,0,0,0,55,55,0,93,93,0,0,0,0
public_v1,O2,p01970,bundle_default_opt_4,/home/dungbv/clau/result/ir_public_o2_20260816/p01970/p01970_final.05-unpinned.ll,/home/dungbv/clau/reports/ir_boundary_public_20260816/artifacts/O2/p01970/bundle_default_opt_4.after.ll,True,2,2,0,68,68,0,294,294,0,4,4,0,6,6,0,6,6,0,0,0,0,0,0,0,0,0,0,19,19,0,13,13,0,23,23,0,27,27,0,13,13,0,2,2,0,0,0,0,55,55,0,93,93,0,0,0,0
public_v1,O2,p01970,bundle_post_opt_4_custom_cleanup,/home/dungbv/clau/reports/ir_boundary_public_20260816/artifacts/O2/p01970/bundle_default_opt_4.after.ll,/home/dungbv/clau/result/ir_public_o2_20260816/p01970/p01970_final.ll,True,2,2,0,68,68,0,294,294,0,4,4,0,6,6,0,6,6,0,0,0,0,0,0,0,0,0,0,19,19,0,13,13,0,23,23,0,27,27,0,13,13,0,2,2,0,0,0,0,55,55,0,93,93,0,0,0,0
public_v1,O2,p02029,main_default_opt_1,/home/dungbv/clau/reports/ir_boundary_public_20260816/artifacts/O2/p02029/main_opt_1.before.ll,/home/dungbv/clau/reports/ir_boundary_public_20260816/artifacts/O2/p02029/main_opt_1.after.ll,True,8,6,-2,142,127,-15,3379,2403,-976,17,8,-9,39,24,-15,39,24,-15,0,0,0,14,1,-13,3,1,-2,304,282,-22,304,285,-19,488,244,-244,46,57,11,156,156,0,8,3,-5,0,0,0,1099,812,-287,868,719,-149,0,0,0
public_v1,O2,p02029,main_default_opt_2,/home/dungbv/clau/reports/ir_boundary_public_20260816/artifacts/O2/p02029/main_opt_2.before.ll,/home/dungbv/clau/reports/ir_boundary_public_20260816/artifacts/O2/p02029/main_opt_2.after.ll,True,6,6,0,127,127,0,2070,2003,-67,8,8,0,23,23,0,23,23,0,0,0,0,0,0,0,1,1,0,230,228,-2,257,256,-1,244,246,2,49,46,-3,156,156,0,3,3,0,0,0,0,732,731,-1,619,609,-10,0,0,0
public_v1,O2,p02029,bundle_default_opt_3,/home/dungbv/clau/result/ir_public_o2_20260816/p02029/p02029_final.02-pointer-opt.ll,/home/dungbv/clau/reports/ir_boundary_public_20260816/artifacts/O2/p02029/bundle_default_opt_3.after.ll,True,7,7,0,129,130,1,1528,1374,-154,8,9,1,89,92,3,89,92,3,0,0,0,0,0,0,1,1,0,226,217,-9,256,245,-11,150,139,-11,46,47,1,26,26,0,3,3,0,0,0,0,633,602,-31,318,266,-52,0,0,0
public_v1,O2,p02029,bundle_default_opt_4,/home/dungbv/clau/result/ir_public_o2_20260816/p02029/p02029_final.05-unpinned.ll,/home/dungbv/clau/reports/ir_boundary_public_20260816/artifacts/O2/p02029/bundle_default_opt_4.after.ll,True,7,7,0,130,130,0,1374,1355,-19,9,9,0,92,92,0,92,92,0,0,0,0,0,0,0,1,1,0,217,217,0,245,245,0,139,120,-19,47,47,0,26,26,0,3,3,0,0,0,0,602,583,-19,266,266,0,0,0,0
public_v1,O2,p02029,bundle_post_opt_4_custom_cleanup,/home/dungbv/clau/reports/ir_boundary_public_20260816/artifacts/O2/p02029/bundle_default_opt_4.after.ll,/home/dungbv/clau/result/ir_public_o2_20260816/p02029/p02029_final.ll,True,7,7,0,130,130,0,1355,1355,0,9,9,0,92,92,0,92,92,0,0,0,0,0,0,0,1,1,0,217,217,0,245,245,0,120,120,0,47,47,0,26,26,0,3,3,0,0,0,0,583,583,0,266,266,0,0,0,0
public_v1,O2,p02100,main_default_opt_1,/home/dungbv/clau/reports/ir_boundary_public_20260816/artifacts/O2/p02100/main_opt_1.before.ll,/home/dungbv/clau/reports/ir_boundary_public_20260816/artifacts/O2/p02100/main_opt_1.after.ll,True,5,3,-2,51,44,-7,1168,692,-476,11,10,-1,20,7,-13,20,7,-13,0,0,0,13,2,-11,5,1,-4,105,69,-36,178,107,-71,167,88,-79,30,32,2,51,46,-5,2,1,-1,0,0,0,455,265,-190,275,210,-65,0,0,0
public_v1,O2,p02100,main_default_opt_2,/home/dungbv/clau/reports/ir_boundary_public_20260816/artifacts/O2/p02100/main_opt_2.before.ll,/home/dungbv/clau/reports/ir_boundary_public_20260816/artifacts/O2/p02100/main_opt_2.after.ll,True,3,3,0,44,40,-4,626,506,-120,10,10,0,5,4,-1,5,4,-1,0,0,0,0,0,0,1,1,0,45,42,-3,82,79,-3,95,90,-5,23,21,-2,54,54,0,1,1,0,0,0,0,223,212,-11,188,161,-27,0,0,0
public_v1,O2,p02100,bundle_default_opt_3,/home/dungbv/clau/result/ir_public_o2_20260816/p02100/p02100_final.02-pointer-opt.ll,/home/dungbv/clau/reports/ir_boundary_public_20260816/artifacts/O2/p02100/bundle_default_opt_3.after.ll,True,4,3,-1,42,41,-1,388,359,-29,10,10,0,21,19,-2,21,19,-2,0,0,0,0,0,0,1,1,0,42,39,-3,79,77,-2,57,52,-5,20,14,-6,18,20,2,1,1,0,0,0,0,179,169,-10,88,81,-7,0,0,0
public_v1,O2,p02100,bundle_default_opt_4,/home/dungbv/clau/result/ir_public_o2_20260816/p02100/p02100_final.05-unpinned.ll,/home/dungbv/clau/reports/ir_boundary_public_20260816/artifacts/O2/p02100/bundle_default_opt_4.after.ll,True,3,3,0,41,41,0,359,359,0,10,10,0,19,19,0,19,19,0,0,0,0,0,0,0,1,1,0,39,39,0,77,77,0,52,52,0,14,14,0,20,20,0,1,1,0,0,0,0,169,169,0,81,81,0,0,0,0
public_v1,O2,p02100,bundle_post_opt_4_custom_cleanup,/home/dungbv/clau/reports/ir_boundary_public_20260816/artifacts/O2/p02100/bundle_default_opt_4.after.ll,/home/dungbv/clau/result/ir_public_o2_20260816/p02100/p02100_final.ll,True,3,4,1,41,43,2,359,309,-50,10,10,0,19,15,-4,19,15,-4,0,0,0,0,0,0,1,1,0,39,28,-11,77,72,-5,52,42,-10,14,13,-1,20,14,-6,1,1,0,0,0,0,169,143,-26,81,66,-15,0,0,0
public_v1,O2,p02289,main_default_opt_1,/home/dungbv/clau/reports/ir_boundary_public_20260816/artifacts/O2/p02289/main_opt_1.before.ll,/home/dungbv/clau/reports/ir_boundary_public_20260816/artifacts/O2/p02289/main_opt_1.after.ll,True,10,6,-4,261,216,-45,5153,3740,-1413,43,9,-34,59,29,-30,59,29,-30,0,0,0,28,2,-26,11,1,-10,422,394,-28,465,339,-126,771,370,-401,121,124,3,279,274,-5,20,7,-13,0,0,0,1669,1104,-565,1396,1171,-225,0,0,0
public_v1,O2,p02289,main_default_opt_2,/home/dungbv/clau/reports/ir_boundary_public_20260816/artifacts/O2/p02289/main_opt_2.before.ll,/home/dungbv/clau/reports/ir_boundary_public_20260816/artifacts/O2/p02289/main_opt_2.after.ll,True,6,6,0,215,214,-1,2899,2777,-122,9,9,0,29,26,-3,29,26,-3,0,0,0,2,0,-2,2,2,0,299,301,2,315,310,-5,362,354,-8,94,75,-19,258,258,0,7,7,0,0,0,0,978,967,-11,907,878,-29,0,0,0
public_v1,O2,p02289,bundle_default_opt_3,/home/dungbv/clau/result/ir_public_o2_20260816/p02289/p02289_final.02-pointer-opt.ll,/home/dungbv/clau/reports/ir_boundary_public_20260816/artifacts/O2/p02289/bundle_default_opt_3.after.ll,True,7,6,-1,216,217,1,1888,1766,-122,9,13,4,138,137,-1,138,137,-1,0,0,0,0,0,0,2,2,0,284,282,-2,310,317,7,148,153,5,75,72,-3,34,34,0,7,7,0,0,0,0,744,754,10,346,300,-46,0,0,0
public_v1,O2,p02289,bundle_default_opt_4,/home/dungbv/clau/result/ir_public_o2_20260816/p02289/p02289_final.05-unpinned.ll,/home/dungbv/clau/reports/ir_boundary_public_20260816/artifacts/O2/p02289/bundle_default_opt_4.after.ll,True,6,6,0,217,217,0,1766,1611,-155,13,13,0,137,137,0,137,137,0,0,0,0,0,0,0,2,2,0,282,274,-8,317,317,0,153,129,-24,72,68,-4,34,34,0,7,7,0,0,0,0,754,722,-32,300,267,-33,0,0,0
public_v1,O2,p02289,bundle_post_opt_4_custom_cleanup,/home/dungbv/clau/reports/ir_boundary_public_20260816/artifacts/O2/p02289/bundle_default_opt_4.after.ll,/home/dungbv/clau/result/ir_public_o2_20260816/p02289/p02289_final.ll,True,6,6,0,217,217,0,1611,1611,0,13,13,0,137,136,-1,137,136,-1,0,0,0,0,0,0,2,2,0,274,268,-6,317,317,0,129,130,1,68,75,7,34,34,0,7,7,0,0,0,0,722,717,-5,267,274,7,0,0,0
public_v1,O2,p02474,main_default_opt_1,/home/dungbv/clau/reports/ir_boundary_public_20260816/artifacts/O2/p02474/main_opt_1.before.ll,/home/dungbv/clau/reports/ir_boundary_public_20260816/artifacts/O2/p02474/main_opt_1.after.ll,True,3,2,-1,32,29,-3,659,304,-355,11,14,3,17,8,-9,17,8,-9,0,0,0,10,2,-8,5,1,-4,81,29,-52,177,71,-106,83,39,-44,5,15,10,17,4,-13,0,0,0,0,0,0,346,140,-206,105,72,-33,0,0,0
public_v1,O2,p02474,main_default_opt_2,/home/dungbv/clau/reports/ir_boundary_public_20260816/artifacts/O2/p02474/main_opt_2.before.ll,/home/dungbv/clau/reports/ir_boundary_public_20260816/artifacts/O2/p02474/main_opt_2.after.ll,True,2,2,0,29,22,-7,229,142,-87,14,12,-2,6,6,0,6,6,0,0,0,0,0,0,0,1,0,-1,16,13,-3,43,5,-38,38,15,-23,14,12,-2,4,3,-1,0,0,0,0,0,0,98,33,-65,49,45,-4,0,0,0
public_v1,O2,p02474,bundle_default_opt_3,/home/dungbv/clau/result/ir_public_o2_20260816/p02474/p02474_final.02-pointer-opt.ll,/home/dungbv/clau/reports/ir_boundary_public_20260816/artifacts/O2/p02474/bundle_default_opt_3.after.ll,True,2,2,0,22,22,0,142,141,-1,12,12,0,6,6,0,6,6,0,0,0,0,0,0,0,0,0,0,13,13,0,5,5,0,15,15,0,12,12,0,3,3,0,0,0,0,0,0,0,33,33,0,45,44,-1,0,0,0
public_v1,O2,p02474,bundle_default_opt_4,/home/dungbv/clau/result/ir_public_o2_20260816/p02474/p02474_final.05-unpinned.ll,/home/dungbv/clau/reports/ir_boundary_public_20260816/artifacts/O2/p02474/bundle_default_opt_4.after.ll,True,2,2,0,22,22,0,141,141,0,12,12,0,6,6,0,6,6,0,0,0,0,0,0,0,0,0,0,13,13,0,5,5,0,15,15,0,12,12,0,3,3,0,0,0,0,0,0,0,33,33,0,44,44,0,0,0,0
public_v1,O2,p02474,bundle_post_opt_4_custom_cleanup,/home/dungbv/clau/reports/ir_boundary_public_20260816/artifacts/O2/p02474/bundle_default_opt_4.after.ll,/home/dungbv/clau/result/ir_public_o2_20260816/p02474/p02474_final.ll,True,2,2,0,22,22,0,141,141,0,12,12,0,6,6,0,6,6,0,0,0,0,0,0,0,0,0,0,13,13,0,5,5,0,15,15,0,12,12,0,3,3,0,0,0,0,0,0,0,33,33,0,44,44,0,0,0,0
public_v1,O2,p02477,main_default_opt_1,/home/dungbv/clau/reports/ir_boundary_public_20260816/artifacts/O2/p02477/main_opt_1.before.ll,/home/dungbv/clau/reports/ir_boundary_public_20260816/artifacts/O2/p02477/main_opt_1.after.ll,True,6,4,-2,144,128,-16,2594,1766,-828,19,10,-9,15,9,-6,15,9,-6,0,0,0,4,0,-4,1,1,0,262,210,-52,306,201,-105,310,155,-155,48,50,2,115,102,-13,6,3,-3,0,0,0,879,567,-312,606,509,-97,0,0,0
public_v1,O2,p02477,main_default_opt_2,/home/dungbv/clau/reports/ir_boundary_public_20260816/artifacts/O2/p02477/main_opt_2.before.ll,/home/dungbv/clau/reports/ir_boundary_public_20260816/artifacts/O2/p02477/main_opt_2.after.ll,True,4,4,0,128,128,0,1744,1738,-6,10,10,0,9,9,0,9,9,0,0,0,0,0,0,0,1,1,0,207,207,0,201,197,-4,155,155,0,47,47,0,102,101,-1,3,3,0,0,0,0,564,560,-4,506,504,-2,0,0,0
public_v1,O2,p02477,bundle_default_opt_3,/home/dungbv/clau/result/ir_public_o2_20260816/p02477/p02477_final.02-pointer-opt.ll,/home/dungbv/clau/reports/ir_boundary_public_20260816/artifacts/O2/p02477/bundle_default_opt_3.after.ll,True,5,5,0,130,129,-1,1395,1367,-28,10,11,1,49,47,-2,49,47,-2,0,0,0,0,0,0,1,1,0,186,184,-2,197,199,2,79,69,-10,46,49,3,23,22,-1,3,3,0,0,0,0,463,453,-10,316,311,-5,0,0,0
public_v1,O2,p02477,bundle_default_opt_4,/home/dungbv/clau/result/ir_public_o2_20260816/p02477/p02477_final.05-unpinned.ll,/home/dungbv/clau/reports/ir_boundary_public_20260816/artifacts/O2/p02477/bundle_default_opt_4.after.ll,True,5,5,0,129,129,0,1367,1362,-5,11,11,0,47,47,0,47,47,0,0,0,0,0,0,0,1,1,0,184,184,0,199,199,0,69,64,-5,49,49,0,22,22,0,3,3,0,0,0,0,453,448,-5,311,311,0,0,0,0
public_v1,O2,p02477,bundle_post_opt_4_custom_cleanup,/home/dungbv/clau/reports/ir_boundary_public_20260816/artifacts/O2/p02477/bundle_default_opt_4.after.ll,/home/dungbv/clau/result/ir_public_o2_20260816/p02477/p02477_final.ll,True,5,5,0,129,129,0,1362,1361,-1,11,11,0,47,47,0,47,47,0,0,0,0,0,0,0,1,1,0,184,183,-1,199,199,0,64,64,0,49,49,0,22,22,0,3,3,0,0,0,0,448,447,-1,311,311,0,0,0,0
public_v1,O2,p02788,main_default_opt_1,/home/dungbv/clau/reports/ir_boundary_public_20260816/artifacts/O2/p02788/main_opt_1.before.ll,/home/dungbv/clau/reports/ir_boundary_public_20260816/artifacts/O2/p02788/main_opt_1.after.ll,True,10,8,-2,156,142,-14,4192,2780,-1412,34,22,-12,68,38,-30,68,38,-30,0,0,0,28,0,-28,3,1,-2,394,331,-63,363,239,-124,523,323,-200,93,96,3,155,148,-7,10,5,-5,4,4,0,1283,894,-389,1097,791,-306,0,0,0
public_v1,O2,p02788,main_default_opt_2,/home/dungbv/clau/reports/ir_boundary_public_20260816/artifacts/O2/p02788/main_opt_2.before.ll,/home/dungbv/clau/reports/ir_boundary_public_20260816/artifacts/O2/p02788/main_opt_2.after.ll,True,8,6,-2,141,149,8,2524,2683,159,22,29,7,38,32,-6,38,32,-6,0,0,0,0,0,0,1,1,0,308,343,35,237,285,48,320,371,51,84,90,6,146,149,3,5,5,0,4,4,0,866,1000,134,720,741,21,0,0,0
public_v1,O2,p02788,bundle_default_opt_3,/home/dungbv/clau/result/ir_public_o2_20260816/p02788/p02788_final.02-pointer-opt.ll,/home/dungbv/clau/reports/ir_boundary_public_20260816/artifacts/O2/p02788/bundle_default_opt_3.after.ll,True,7,7,0,129,128,-1,1957,1796,-161,26,25,-1,91,91,0,91,91,0,0,0,0,0,0,0,1,1,0,297,275,-22,258,221,-37,236,192,-44,58,63,5,24,24,0,3,3,0,4,4,0,792,689,-103,397,373,-24,0,0,0
public_v1,O2,p02788,bundle_default_opt_4,/home/dungbv/clau/result/ir_public_o2_20260816/p02788/p02788_final.05-unpinned.ll,/home/dungbv/clau/reports/ir_boundary_public_20260816/artifacts/O2/p02788/bundle_default_opt_4.after.ll,True,7,7,0,128,128,0,1796,1786,-10,25,25,0,91,91,0,91,91,0,0,0,0,0,0,0,1,1,0,275,275,0,221,221,0,192,182,-10,63,63,0,24,24,0,3,3,0,4,4,0,689,679,-10,373,373,0,0,0,0
public_v1,O2,p02788,bundle_post_opt_4_custom_cleanup,/home/dungbv/clau/reports/ir_boundary_public_20260816/artifacts/O2/p02788/bundle_default_opt_4.after.ll,/home/dungbv/clau/result/ir_public_o2_20260816/p02788/p02788_final.ll,True,7,7,0,128,128,0,1786,1786,0,25,25,0,91,91,0,91,91,0,0,0,0,0,0,0,1,1,0,275,275,0,221,221,0,182,182,0,63,63,0,24,24,0,3,3,0,4,4,0,679,679,0,373,373,0,0,0,0
public_v1,O2,p02814,main_default_opt_1,/home/dungbv/clau/reports/ir_boundary_public_20260816/artifacts/O2/p02814/main_opt_1.before.ll,/home/dungbv/clau/reports/ir_boundary_public_20260816/artifacts/O2/p02814/main_opt_1.after.ll,True,11,6,-5,87,72,-15,3508,2148,-1360,26,23,-3,75,46,-29,75,46,-29,0,0,0,35,13,-22,16,7,-9,227,162,-65,351,209,-142,739,399,-340,46,39,-7,245,214,-31,1,1,0,18,16,-2,1333,777,-556,940,715,-225,0,0,0
public_v1,O2,p02814,main_default_opt_2,/home/dungbv/clau/reports/ir_boundary_public_20260816/artifacts/O2/p02814/main_opt_2.before.ll,/home/dungbv/clau/reports/ir_boundary_public_20260816/artifacts/O2/p02814/main_opt_2.after.ll,True,6,5,-1,72,76,4,2067,1859,-208,23,26,3,46,44,-2,46,44,-2,0,0,0,13,13,0,7,7,0,144,138,-6,209,224,15,404,387,-17,36,28,-8,229,218,-11,1,1,0,16,16,0,764,756,-8,718,623,-95,0,0,0
public_v1,O2,p02814,bundle_default_opt_3,/home/dungbv/clau/result/ir_public_o2_20260816/p02814/p02814_final.02-pointer-opt.ll,/home/dungbv/clau/reports/ir_boundary_public_20260816/artifacts/O2/p02814/bundle_default_opt_3.after.ll,True,8,8,0,82,81,-1,1083,996,-87,26,26,0,106,107,1,106,107,1,0,0,0,13,13,0,7,7,0,133,128,-5,224,183,-41,174,148,-26,28,30,2,23,21,-2,1,1,0,16,16,0,538,466,-72,197,194,-3,0,0,0
public_v1,O2,p02814,bundle_default_opt_4,/home/dungbv/clau/result/ir_public_o2_20260816/p02814/p02814_final.05-unpinned.ll,/home/dungbv/clau/reports/ir_boundary_public_20260816/artifacts/O2/p02814/bundle_default_opt_4.after.ll,True,8,8,0,81,81,0,996,994,-2,26,26,0,107,107,0,107,107,0,0,0,0,13,13,0,7,7,0,128,128,0,183,183,0,148,146,-2,30,30,0,21,21,0,1,1,0,16,16,0,466,464,-2,194,194,0,0,0,0
public_v1,O2,p02814,bundle_post_opt_4_custom_cleanup,/home/dungbv/clau/reports/ir_boundary_public_20260816/artifacts/O2/p02814/bundle_default_opt_4.after.ll,/home/dungbv/clau/result/ir_public_o2_20260816/p02814/p02814_final.ll,True,8,8,0,81,81,0,994,991,-3,26,26,0,107,102,-5,107,102,-5,0,0,0,13,13,0,7,7,0,128,125,-3,183,183,0,146,150,4,30,30,0,21,21,0,1,1,0,16,16,0,464,465,1,194,193,-1,0,0,0
public_v1,O2,p02950,main_default_opt_1,/home/dungbv/clau/reports/ir_boundary_public_20260816/artifacts/O2/p02950/main_opt_1.before.ll,/home/dungbv/clau/reports/ir_boundary_public_20260816/artifacts/O2/p02950/main_opt_1.after.ll,True,4,3,-1,114,106,-8,2564,1463,-1101,32,28,-4,71,40,-31,71,40,-31,0,0,0,32,2,-30,13,1,-12,198,174,-24,324,119,-205,357,89,-268,25,27,2,82,41,-41,3,1,-2,24,24,0,892,383,-509,590,387,-203,0,0,0
public_v1,O2,p02950,main_default_opt_2,/home/dungbv/clau/reports/ir_boundary_public_20260816/artifacts/O2/p02950/main_opt_2.before.ll,/home/dungbv/clau/reports/ir_boundary_public_20260816/artifacts/O2/p02950/main_opt_2.after.ll,True,4,3,-1,108,101,-7,889,846,-43,28,28,0,39,38,-1,39,38,-1,0,0,0,0,0,0,1,1,0,110,108,-2,91,91,0,86,85,-1,9,7,-2,38,38,0,1,1,0,24,24,0,288,285,-3,212,206,-6,0,0,0
public_v1,O2,p02950,bundle_default_opt_3,/home/dungbv/clau/result/ir_public_o2_20260816/p02950/p02950_final.02-pointer-opt.ll,/home/dungbv/clau/reports/ir_boundary_public_20260816/artifacts/O2/p02950/bundle_default_opt_3.after.ll,True,4,4,0,103,102,-1,780,728,-52,28,29,1,46,47,1,46,47,1,0,0,0,0,0,0,1,1,0,108,108,0,91,96,5,71,56,-15,7,4,-3,17,18,1,1,1,0,24,24,0,271,261,-10,172,157,-15,0,0,0
public_v1,O2,p02950,bundle_default_opt_4,/home/dungbv/clau/result/ir_public_o2_20260816/p02950/p02950_final.05-unpinned.ll,/home/dungbv/clau/reports/ir_boundary_public_20260816/artifacts/O2/p02950/bundle_default_opt_4.after.ll,True,4,4,0,102,102,0,728,722,-6,29,29,0,47,47,0,47,47,0,0,0,0,0,0,0,1,1,0,108,108,0,96,96,0,56,50,-6,4,4,0,18,18,0,1,1,0,24,24,0,261,255,-6,157,157,0,0,0,0
public_v1,O2,p02950,bundle_post_opt_4_custom_cleanup,/home/dungbv/clau/reports/ir_boundary_public_20260816/artifacts/O2/p02950/bundle_default_opt_4.after.ll,/home/dungbv/clau/result/ir_public_o2_20260816/p02950/p02950_final.ll,True,4,4,0,102,102,0,722,722,0,29,29,0,47,47,0,47,47,0,0,0,0,0,0,0,1,1,0,108,108,0,96,96,0,50,50,0,4,4,0,18,18,0,1,1,0,24,24,0,255,255,0,157,157,0,0,0,0
public_v1,O2,p03006,main_default_opt_1,/home/dungbv/clau/reports/ir_boundary_public_20260816/artifacts/O2/p03006/main_opt_1.before.ll,/home/dungbv/clau/reports/ir_boundary_public_20260816/artifacts/O2/p03006/main_opt_1.after.ll,True,8,3,-5,124,100,-24,2464,1466,-998,15,7,-8,44,16,-28,44,16,-28,0,0,0,30,7,-23,11,3,-8,199,160,-39,304,147,-157,317,144,-173,72,65,-7,64,57,-7,5,4,-1,0,0,0,831,454,-377,512,377,-135,0,0,0
public_v1,O2,p03006,main_default_opt_2,/home/dungbv/clau/reports/ir_boundary_public_20260816/artifacts/O2/p03006/main_opt_2.before.ll,/home/dungbv/clau/reports/ir_boundary_public_20260816/artifacts/O2/p03006/main_opt_2.after.ll,True,3,3,0,100,90,-10,752,702,-50,7,7,0,12,10,-2,12,10,-2,0,0,0,3,1,-2,2,2,0,93,93,0,101,102,1,121,123,2,14,12,-2,48,48,0,4,4,0,0,0,0,317,320,3,143,135,-8,0,0,0
public_v1,O2,p03006,bundle_default_opt_3,/home/dungbv/clau/result/ir_public_o2_20260816/p03006/p03006_final.02-pointer-opt.ll,/home/dungbv/clau/reports/ir_boundary_public_20260816/artifacts/O2/p03006/bundle_default_opt_3.after.ll,True,3,3,0,90,91,1,691,617,-74,7,7,0,10,10,0,10,10,0,0,0,0,1,1,0,2,2,0,81,80,-1,102,101,-1,126,112,-14,11,13,2,48,36,-12,4,4,0,0,0,0,311,295,-16,137,108,-29,0,0,0
public_v1,O2,p03006,bundle_default_opt_4,/home/dungbv/clau/result/ir_public_o2_20260816/p03006/p03006_final.05-unpinned.ll,/home/dungbv/clau/reports/ir_boundary_public_20260816/artifacts/O2/p03006/bundle_default_opt_4.after.ll,True,3,3,0,91,91,0,617,613,-4,7,7,0,10,10,0,10,10,0,0,0,0,1,1,0,2,2,0,80,80,0,101,101,0,112,108,-4,13,13,0,36,36,0,4,4,0,0,0,0,295,291,-4,108,108,0,0,0,0
public_v1,O2,p03006,bundle_post_opt_4_custom_cleanup,/home/dungbv/clau/reports/ir_boundary_public_20260816/artifacts/O2/p03006/bundle_default_opt_4.after.ll,/home/dungbv/clau/result/ir_public_o2_20260816/p03006/p03006_final.ll,True,3,3,0,91,91,0,613,613,0,7,7,0,10,10,0,10,10,0,0,0,0,1,1,0,2,2,0,80,80,0,101,101,0,108,108,0,13,13,0,36,36,0,4,4,0,0,0,0,291,291,0,108,108,0,0,0,0
public_v1,O2,p03111,main_default_opt_1,/home/dungbv/clau/reports/ir_boundary_public_20260816/artifacts/O2/p03111/main_opt_1.before.ll,/home/dungbv/clau/reports/ir_boundary_public_20260816/artifacts/O2/p03111/main_opt_1.after.ll,True,23,9,-14,108,82,-26,4007,2757,-1250,17,14,-3,81,83,2,81,83,2,0,0,0,36,55,19,12,24,12,318,203,-115,389,434,45,749,533,-216,37,39,2,245,239,-6,2,1,-1,8,5,-3,1468,1194,-274,968,772,-196,0,0,0
public_v1,O2,p03111,main_default_opt_2,/home/dungbv/clau/reports/ir_boundary_public_20260816/artifacts/O2/p03111/main_opt_2.before.ll,/home/dungbv/clau/reports/ir_boundary_public_20260816/artifacts/O2/p03111/main_opt_2.after.ll,True,4,4,0,65,64,-1,2773,2184,-589,11,10,-1,59,58,-1,59,58,-1,0,0,0,32,32,0,17,17,0,158,157,-1,292,292,0,497,443,-54,27,24,-3,271,223,-48,1,1,0,5,4,-1,964,909,-55,874,656,-218,0,0,0
public_v1,O2,p03111,bundle_default_opt_3,/home/dungbv/clau/result/ir_public_o2_20260816/p03111/p03111_final.02-pointer-opt.ll,/home/dungbv/clau/reports/ir_boundary_public_20260816/artifacts/O2/p03111/bundle_default_opt_3.after.ll,True,5,5,0,66,66,0,1348,1315,-33,10,10,0,129,129,0,129,129,0,0,0,0,32,32,0,17,17,0,157,153,-4,292,286,-6,239,232,-7,22,24,2,13,13,0,1,1,0,4,4,0,705,688,-17,170,166,-4,0,0,0
public_v1,O2,p03111,bundle_default_opt_4,/home/dungbv/clau/result/ir_public_o2_20260816/p03111/p03111_final.05-unpinned.ll,/home/dungbv/clau/reports/ir_boundary_public_20260816/artifacts/O2/p03111/bundle_default_opt_4.after.ll,True,5,5,0,66,66,0,1315,1311,-4,10,10,0,129,129,0,129,129,0,0,0,0,32,32,0,17,17,0,153,153,0,286,286,0,232,228,-4,24,24,0,13,13,0,1,1,0,4,4,0,688,684,-4,166,166,0,0,0,0
public_v1,O2,p03111,bundle_post_opt_4_custom_cleanup,/home/dungbv/clau/reports/ir_boundary_public_20260816/artifacts/O2/p03111/bundle_default_opt_4.after.ll,/home/dungbv/clau/result/ir_public_o2_20260816/p03111/p03111_final.ll,True,5,5,0,66,66,0,1311,1311,0,10,10,0,129,129,0,129,129,0,0,0,0,32,32,0,17,17,0,153,153,0,286,286,0,228,228,0,24,24,0,13,13,0,1,1,0,4,4,0,684,684,0,166,166,0,0,0,0
public_v1,O2,p03142,main_default_opt_1,/home/dungbv/clau/reports/ir_boundary_public_20260816/artifacts/O2/p03142/main_opt_1.before.ll,/home/dungbv/clau/reports/ir_boundary_public_20260816/artifacts/O2/p03142/main_opt_1.after.ll,True,21,8,-13,122,91,-31,3736,2820,-916,15,5,-10,56,59,3,56,59,3,0,0,0,28,44,16,12,18,6,321,241,-80,340,368,28,692,457,-235,61,60,-1,231,235,4,4,3,-1,0,0,0,1365,1084,-281,973,871,-102,0,0,0
public_v1,O2,p03142,main_default_opt_2,/home/dungbv/clau/reports/ir_boundary_public_20260816/artifacts/O2/p03142/main_opt_2.before.ll,/home/dungbv/clau/reports/ir_boundary_public_20260816/artifacts/O2/p03142/main_opt_2.after.ll,True,3,3,0,77,75,-2,2887,2318,-569,3,4,1,38,38,0,38,38,0,0,0,0,24,24,0,13,13,0,196,195,-1,263,264,1,473,424,-49,49,34,-15,283,247,-36,3,3,0,0,0,0,945,896,-49,965,773,-192,0,0,0
public_v1,O2,p03142,bundle_default_opt_3,/home/dungbv/clau/result/ir_public_o2_20260816/p03142/p03142_final.02-pointer-opt.ll,/home/dungbv/clau/reports/ir_boundary_public_20260816/artifacts/O2/p03142/bundle_default_opt_3.after.ll,True,4,4,0,77,76,-1,1423,1337,-86,4,4,0,112,112,0,112,112,0,0,0,0,24,24,0,13,13,0,195,195,0,264,217,-47,205,193,-12,34,30,-4,13,13,0,3,3,0,0,0,0,677,618,-59,247,241,-6,0,0,0
public_v1,O2,p03142,bundle_default_opt_4,/home/dungbv/clau/result/ir_public_o2_20260816/p03142/p03142_final.05-unpinned.ll,/home/dungbv/clau/reports/ir_boundary_public_20260816/artifacts/O2/p03142/bundle_default_opt_4.after.ll,True,4,4,0,76,75,-1,1337,1334,-3,4,4,0,112,112,0,112,112,0,0,0,0,24,24,0,13,13,0,195,194,-1,217,217,0,193,192,-1,30,30,0,13,13,0,3,3,0,0,0,0,618,616,-2,241,241,0,0,0,0
public_v1,O2,p03142,bundle_post_opt_4_custom_cleanup,/home/dungbv/clau/reports/ir_boundary_public_20260816/artifacts/O2/p03142/bundle_default_opt_4.after.ll,/home/dungbv/clau/result/ir_public_o2_20260816/p03142/p03142_final.ll,True,4,4,0,75,75,0,1334,1334,0,4,4,0,112,112,0,112,112,0,0,0,0,24,24,0,13,13,0,194,194,0,217,217,0,192,192,0,30,30,0,13,13,0,3,3,0,0,0,0,616,616,0,241,241,0,0,0,0
public_v1,O2,p03199,main_default_opt_1,/home/dungbv/clau/reports/ir_boundary_public_20260816/artifacts/O2/p03199/main_opt_1.before.ll,/home/dungbv/clau/reports/ir_boundary_public_20260816/artifacts/O2/p03199/main_opt_1.after.ll,True,13,6,-7,199,194,-5,5067,3537,-1530,28,33,5,64,41,-23,64,41,-23,0,0,0,30,19,-11,11,9,-2,451,352,-99,552,534,-18,735,488,-247,46,73,27,202,165,-37,6,4,-2,6,5,-1,1749,1383,-366,1144,908,-236,0,0,0
public_v1,O2,p03199,main_default_opt_2,/home/dungbv/clau/reports/ir_boundary_public_20260816/artifacts/O2/p03199/main_opt_2.before.ll,/home/dungbv/clau/reports/ir_boundary_public_20260816/artifacts/O2/p03199/main_opt_2.after.ll,True,7,7,0,196,196,0,2600,2569,-31,33,33,0,46,30,-16,46,30,-16,0,0,0,23,7,-16,11,11,0,249,260,11,482,496,14,434,426,-8,62,62,0,158,156,-2,4,4,0,5,5,0,1176,1193,17,653,634,-19,0,0,0
public_v1,O2,p03199,bundle_default_opt_3,/home/dungbv/clau/result/ir_public_o2_20260816/p03199/p03199_final.02-pointer-opt.ll,/home/dungbv/clau/reports/ir_boundary_public_20260816/artifacts/O2/p03199/bundle_default_opt_3.after.ll,True,9,9,0,200,200,0,1953,1831,-122,33,33,0,68,68,0,68,68,0,0,0,0,4,4,0,11,11,0,247,238,-9,463,457,-6,229,214,-15,61,53,-8,40,40,0,4,4,0,5,5,0,950,920,-30,363,331,-32,0,0,0
public_v1,O2,p03199,bundle_default_opt_4,/home/dungbv/clau/result/ir_public_o2_20260816/p03199/p03199_final.05-unpinned.ll,/home/dungbv/clau/reports/ir_boundary_public_20260816/artifacts/O2/p03199/bundle_default_opt_4.after.ll,True,9,9,0,200,200,0,1831,1783,-48,33,33,0,68,68,0,68,68,0,0,0,0,4,4,0,11,11,0,238,231,-7,457,457,0,214,177,-37,53,53,0,40,40,0,4,4,0,5,5,0,920,876,-44,331,329,-2,0,0,0
public_v1,O2,p03199,bundle_post_opt_4_custom_cleanup,/home/dungbv/clau/reports/ir_boundary_public_20260816/artifacts/O2/p03199/bundle_default_opt_4.after.ll,/home/dungbv/clau/result/ir_public_o2_20260816/p03199/p03199_final.ll,True,9,9,0,200,200,0,1783,1774,-9,33,33,0,68,68,0,68,68,0,0,0,0,4,4,0,11,11,0,231,231,0,457,457,0,177,175,-2,53,50,-3,40,39,-1,4,4,0,5,5,0,876,874,-2,329,324,-5,0,0,0
public_v1,O2,p03261,main_default_opt_1,/home/dungbv/clau/reports/ir_boundary_public_20260816/artifacts/O2/p03261/main_opt_1.before.ll,/home/dungbv/clau/reports/ir_boundary_public_20260816/artifacts/O2/p03261/main_opt_1.after.ll,True,3,2,-1,22,19,-3,566,286,-280,6,10,4,30,11,-19,30,11,-19,0,0,0,22,6,-16,11,3,-8,44,18,-26,181,80,-101,104,43,-61,7,11,4,9,10,1,0,0,0,0,0,0,340,144,-196,65,71,6,0,0,0
public_v1,O2,p03261,main_default_opt_2,/home/dungbv/clau/reports/ir_boundary_public_20260816/artifacts/O2/p03261/main_opt_2.before.ll,/home/dungbv/clau/reports/ir_boundary_public_20260816/artifacts/O2/p03261/main_opt_2.after.ll,True,3,2,-1,21,17,-4,164,131,-33,10,10,0,6,5,-1,6,5,-1,0,0,0,0,0,0,1,1,0,5,5,0,34,34,0,25,21,-4,7,7,0,7,7,0,0,0,0,0,0,0,65,61,-4,40,35,-5,0,0,0
public_v1,O2,p03261,bundle_default_opt_3,/home/dungbv/clau/result/ir_public_o2_20260816/p03261/p03261_final.02-pointer-opt.ll,/home/dungbv/clau/reports/ir_boundary_public_20260816/artifacts/O2/p03261/bundle_default_opt_3.after.ll,True,2,2,0,17,17,0,131,131,0,10,10,0,5,5,0,5,5,0,0,0,0,0,0,0,1,1,0,5,5,0,34,34,0,21,21,0,7,7,0,7,7,0,0,0,0,0,0,0,61,61,0,35,35,0,0,0,0
public_v1,O2,p03261,bundle_default_opt_4,/home/dungbv/clau/result/ir_public_o2_20260816/p03261/p03261_final.05-unpinned.ll,/home/dungbv/clau/reports/ir_boundary_public_20260816/artifacts/O2/p03261/bundle_default_opt_4.after.ll,True,2,2,0,17,17,0,131,131,0,10,10,0,5,5,0,5,5,0,0,0,0,0,0,0,1,1,0,5,5,0,34,34,0,21,21,0,7,7,0,7,7,0,0,0,0,0,0,0,61,61,0,35,35,0,0,0,0
public_v1,O2,p03261,bundle_post_opt_4_custom_cleanup,/home/dungbv/clau/reports/ir_boundary_public_20260816/artifacts/O2/p03261/bundle_default_opt_4.after.ll,/home/dungbv/clau/result/ir_public_o2_20260816/p03261/p03261_final.ll,True,2,1,-1,17,16,-1,131,130,-1,10,10,0,5,5,0,5,5,0,0,0,0,0,0,0,1,1,0,5,5,0,34,34,0,21,21,0,7,7,0,7,7,0,0,0,0,0,0,0,61,61,0,35,35,0,0,0,0
public_v1,O2,p03430,main_default_opt_1,/home/dungbv/clau/reports/ir_boundary_public_20260816/artifacts/O2/p03430/main_opt_1.before.ll,/home/dungbv/clau/reports/ir_boundary_public_20260816/artifacts/O2/p03430/main_opt_1.after.ll,True,4,2,-2,83,77,-6,3285,2346,-939,4,2,-2,41,24,-17,41,24,-17,0,0,0,27,12,-15,13,7,-6,272,251,-21,265,197,-68,717,333,-384,16,12,-4,254,254,0,3,2,-1,0,0,0,1267,788,-479,867,807,-60,0,0,0
public_v1,O2,p03430,main_default_opt_2,/home/dungbv/clau/reports/ir_boundary_public_20260816/artifacts/O2/p03430/main_opt_2.before.ll,/home/dungbv/clau/reports/ir_boundary_public_20260816/artifacts/O2/p03430/main_opt_2.after.ll,True,2,2,0,77,77,0,2344,2338,-6,2,2,0,24,24,0,24,24,0,0,0,0,12,12,0,7,7,0,251,251,0,197,197,0,333,333,0,12,12,0,252,252,0,2,2,0,0,0,0,788,788,0,806,802,-4,0,0,0
public_v1,O2,p03430,bundle_default_opt_3,/home/dungbv/clau/result/ir_public_o2_20260816/p03430/p03430_final.02-pointer-opt.ll,/home/dungbv/clau/reports/ir_boundary_public_20260816/artifacts/O2/p03430/bundle_default_opt_3.after.ll,True,4,4,0,79,79,0,1322,1322,0,2,2,0,143,143,0,143,143,0,0,0,0,12,12,0,7,7,0,251,251,0,121,121,0,94,94,0,12,12,0,18,18,0,2,2,0,0,0,0,473,473,0,217,217,0,0,0,0
public_v1,O2,p03430,bundle_default_opt_4,/home/dungbv/clau/result/ir_public_o2_20260816/p03430/p03430_final.05-unpinned.ll,/home/dungbv/clau/reports/ir_boundary_public_20260816/artifacts/O2/p03430/bundle_default_opt_4.after.ll,True,4,4,0,79,79,0,1322,1322,0,2,2,0,143,143,0,143,143,0,0,0,0,12,12,0,7,7,0,251,251,0,121,121,0,94,94,0,12,12,0,18,18,0,2,2,0,0,0,0,473,473,0,217,217,0,0,0,0
public_v1,O2,p03430,bundle_post_opt_4_custom_cleanup,/home/dungbv/clau/reports/ir_boundary_public_20260816/artifacts/O2/p03430/bundle_default_opt_4.after.ll,/home/dungbv/clau/result/ir_public_o2_20260816/p03430/p03430_final.ll,True,4,4,0,79,79,0,1322,1322,0,2,2,0,143,143,0,143,143,0,0,0,0,12,12,0,7,7,0,251,251,0,121,121,0,94,94,0,12,12,0,18,18,0,2,2,0,0,0,0,473,473,0,217,217,0,0,0,0
public_v1,O2,p03434,main_default_opt_1,/home/dungbv/clau/reports/ir_boundary_public_20260816/artifacts/O2/p03434/main_opt_1.before.ll,/home/dungbv/clau/reports/ir_boundary_public_20260816/artifacts/O2/p03434/main_opt_1.after.ll,True,7,3,-4,32,22,-10,925,413,-512,8,5,-3,30,13,-17,30,13,-17,0,0,0,20,8,-12,10,4,-6,78,31,-47,186,99,-87,167,63,-104,14,19,5,35,23,-12,1,1,0,1,0,-1,441,197,-244,169,111,-58,0,0,0
public_v1,O2,p03434,main_default_opt_2,/home/dungbv/clau/reports/ir_boundary_public_20260816/artifacts/O2/p03434/main_opt_2.before.ll,/home/dungbv/clau/reports/ir_boundary_public_20260816/artifacts/O2/p03434/main_opt_2.after.ll,True,3,3,0,22,22,0,449,394,-55,5,5,0,15,13,-2,15,13,-2,0,0,0,10,8,-2,5,5,0,30,30,0,99,95,-4,61,57,-4,19,19,0,26,20,-6,1,1,0,0,0,0,195,187,-8,133,106,-27,0,0,0
public_v1,O2,p03434,bundle_default_opt_3,/home/dungbv/clau/result/ir_public_o2_20260816/p03434/p03434_final.02-pointer-opt.ll,/home/dungbv/clau/reports/ir_boundary_public_20260816/artifacts/O2/p03434/bundle_default_opt_3.after.ll,True,4,4,0,24,24,0,267,237,-30,5,5,0,14,14,0,14,14,0,0,0,0,4,4,0,4,4,0,31,20,-11,66,57,-9,41,41,0,15,15,0,7,7,0,1,1,0,0,0,0,142,122,-20,49,49,0,0,0,0
public_v1,O2,p03434,bundle_default_opt_4,/home/dungbv/clau/result/ir_public_o2_20260816/p03434/p03434_final.05-unpinned.ll,/home/dungbv/clau/reports/ir_boundary_public_20260816/artifacts/O2/p03434/bundle_default_opt_4.after.ll,True,4,4,0,24,24,0,237,237,0,5,5,0,14,14,0,14,14,0,0,0,0,4,4,0,4,4,0,20,20,0,57,57,0,41,41,0,15,15,0,7,7,0,1,1,0,0,0,0,122,122,0,49,49,0,0,0,0
public_v1,O2,p03434,bundle_post_opt_4_custom_cleanup,/home/dungbv/clau/reports/ir_boundary_public_20260816/artifacts/O2/p03434/bundle_default_opt_4.after.ll,/home/dungbv/clau/result/ir_public_o2_20260816/p03434/p03434_final.ll,True,4,4,0,24,24,0,237,237,0,5,5,0,14,14,0,14,14,0,0,0,0,4,4,0,4,4,0,20,20,0,57,57,0,41,41,0,15,15,0,7,7,0,1,1,0,0,0,0,122,122,0,49,49,0,0,0,0
public_v1,O2,p03493,main_default_opt_1,/home/dungbv/clau/reports/ir_boundary_public_20260816/artifacts/O2/p03493/main_opt_1.before.ll,/home/dungbv/clau/reports/ir_boundary_public_20260816/artifacts/O2/p03493/main_opt_1.after.ll,True,3,2,-1,13,11,-2,637,402,-235,4,4,0,22,9,-13,22,9,-13,0,0,0,17,5,-12,9,3,-6,47,32,-15,140,78,-62,151,97,-54,1,3,2,40,37,-3,0,0,0,0,0,0,347,210,-137,122,109,-13,0,0,0
public_v1,O2,p03493,main_default_opt_2,/home/dungbv/clau/reports/ir_boundary_public_20260816/artifacts/O2/p03493/main_opt_2.before.ll,/home/dungbv/clau/reports/ir_boundary_public_20260816/artifacts/O2/p03493/main_opt_2.after.ll,True,2,2,0,11,11,0,545,319,-226,4,4,0,8,9,1,8,9,1,0,0,0,4,5,1,3,3,0,18,17,-1,50,47,-3,102,93,-9,6,6,0,40,34,-6,0,0,0,0,0,0,173,160,-13,120,94,-26,0,0,0
public_v1,O2,p03493,bundle_default_opt_3,/home/dungbv/clau/result/ir_public_o2_20260816/p03493/p03493_final.02-pointer-opt.ll,/home/dungbv/clau/reports/ir_boundary_public_20260816/artifacts/O2/p03493/bundle_default_opt_3.after.ll,True,2,2,0,11,11,0,177,167,-10,4,4,0,9,9,0,9,9,0,0,0,0,5,5,0,3,3,0,9,9,0,47,47,0,48,39,-9,5,4,-1,7,7,0,0,0,0,0,0,0,107,98,-9,32,31,-1,0,0,0
public_v1,O2,p03493,bundle_default_opt_4,/home/dungbv/clau/result/ir_public_o2_20260816/p03493/p03493_final.05-unpinned.ll,/home/dungbv/clau/reports/ir_boundary_public_20260816/artifacts/O2/p03493/bundle_default_opt_4.after.ll,True,2,2,0,11,11,0,167,167,0,4,4,0,9,9,0,9,9,0,0,0,0,5,5,0,3,3,0,9,9,0,47,47,0,39,39,0,4,4,0,7,7,0,0,0,0,0,0,0,98,98,0,31,31,0,0,0,0
public_v1,O2,p03493,bundle_post_opt_4_custom_cleanup,/home/dungbv/clau/reports/ir_boundary_public_20260816/artifacts/O2/p03493/bundle_default_opt_4.after.ll,/home/dungbv/clau/result/ir_public_o2_20260816/p03493/p03493_final.ll,True,2,2,0,11,11,0,167,165,-2,4,4,0,9,9,0,9,9,0,0,0,0,5,5,0,3,3,0,9,9,0,47,47,0,39,41,2,4,4,0,7,7,0,0,0,0,0,0,0,98,100,2,31,29,-2,0,0,0
public_v1,O2,p03510,main_default_opt_1,/home/dungbv/clau/reports/ir_boundary_public_20260816/artifacts/O2/p03510/main_opt_1.before.ll,/home/dungbv/clau/reports/ir_boundary_public_20260816/artifacts/O2/p03510/main_opt_1.after.ll,True,7,3,-4,75,64,-11,3269,2326,-943,13,10,-3,52,33,-19,52,33,-19,0,0,0,23,9,-14,9,5,-4,301,259,-42,312,257,-55,692,444,-248,38,33,-5,249,230,-19,3,2,-1,2,2,0,1314,965,-349,853,705,-148,0,0,0
public_v1,O2,p03510,main_default_opt_2,/home/dungbv/clau/reports/ir_boundary_public_20260816/artifacts/O2/p03510/main_opt_2.before.ll,/home/dungbv/clau/reports/ir_boundary_public_20260816/artifacts/O2/p03510/main_opt_2.after.ll,True,3,3,0,64,64,0,1946,1692,-254,10,12,2,30,30,0,30,30,0,0,0,0,6,6,0,4,4,0,202,197,-5,211,215,4,320,277,-43,32,32,0,138,134,-4,2,2,0,2,2,0,737,693,-44,474,452,-22,0,0,0
public_v1,O2,p03510,bundle_default_opt_3,/home/dungbv/clau/result/ir_public_o2_20260816/p03510/p03510_final.02-pointer-opt.ll,/home/dungbv/clau/reports/ir_boundary_public_20260816/artifacts/O2/p03510/bundle_default_opt_3.after.ll,True,4,4,0,65,65,0,1189,1130,-59,12,12,0,79,79,0,79,79,0,0,0,0,6,6,0,4,4,0,186,183,-3,215,184,-31,138,133,-5,33,33,0,16,16,0,2,2,0,2,2,0,543,504,-39,175,167,-8,0,0,0
public_v1,O2,p03510,bundle_default_opt_4,/home/dungbv/clau/result/ir_public_o2_20260816/p03510/p03510_final.05-unpinned.ll,/home/dungbv/clau/reports/ir_boundary_public_20260816/artifacts/O2/p03510/bundle_default_opt_4.after.ll,True,4,4,0,65,63,-2,1130,1108,-22,12,12,0,79,78,-1,79,78,-1,0,0,0,6,6,0,4,4,0,183,178,-5,184,183,-1,133,124,-9,33,33,0,16,16,0,2,2,0,2,2,0,504,489,-15,167,167,0,0,0,0
public_v1,O2,p03510,bundle_post_opt_4_custom_cleanup,/home/dungbv/clau/reports/ir_boundary_public_20260816/artifacts/O2/p03510/bundle_default_opt_4.after.ll,/home/dungbv/clau/result/ir_public_o2_20260816/p03510/p03510_final.ll,True,4,4,0,63,63,0,1108,1108,0,12,12,0,78,78,0,78,78,0,0,0,0,6,6,0,4,4,0,178,178,0,183,183,0,124,124,0,33,33,0,16,16,0,2,2,0,2,2,0,489,489,0,167,167,0,0,0,0
public_v1,O2,p03543,main_default_opt_1,/home/dungbv/clau/reports/ir_boundary_public_20260816/artifacts/O2/p03543/main_opt_1.before.ll,/home/dungbv/clau/reports/ir_boundary_public_20260816/artifacts/O2/p03543/main_opt_1.after.ll,True,3,2,-1,21,11,-10,827,433,-394,5,4,-1,16,6,-10,16,6,-10,0,0,0,9,1,-8,5,1,-4,61,44,-17,107,58,-49,183,97,-86,30,6,-24,67,43,-24,1,0,-1,0,0,0,356,200,-156,231,132,-99,0,0,0
public_v1,O2,p03543,main_default_opt_2,/home/dungbv/clau/reports/ir_boundary_public_20260816/artifacts/O2/p03543/main_opt_2.before.ll,/home/dungbv/clau/reports/ir_boundary_public_20260816/artifacts/O2/p03543/main_opt_2.after.ll,True,2,2,0,11,9,-2,300,271,-29,4,4,0,7,3,-4,7,3,-4,0,0,0,2,0,-2,2,2,0,24,21,-3,30,31,1,75,72,-3,2,3,1,28,28,0,0,0,0,0,0,0,131,126,-5,80,80,0,0,0,0
public_v1,O2,p03543,bundle_default_opt_3,/home/dungbv/clau/result/ir_public_o2_20260816/p03543/p03543_final.02-pointer-opt.ll,/home/dungbv/clau/reports/ir_boundary_public_20260816/artifacts/O2/p03543/bundle_default_opt_3.after.ll,True,3,3,0,11,11,0,164,163,-1,4,4,0,11,11,0,11,11,0,0,0,0,0,0,0,2,2,0,21,21,0,31,31,0,27,26,-1,3,3,0,7,7,0,0,0,0,0,0,0,81,80,-1,31,31,0,0,0,0
public_v1,O2,p03543,bundle_default_opt_4,/home/dungbv/clau/result/ir_public_o2_20260816/p03543/p03543_final.05-unpinned.ll,/home/dungbv/clau/reports/ir_boundary_public_20260816/artifacts/O2/p03543/bundle_default_opt_4.after.ll,True,3,3,0,11,11,0,163,163,0,4,4,0,11,11,0,11,11,0,0,0,0,0,0,0,2,2,0,21,21,0,31,31,0,26,26,0,3,3,0,7,7,0,0,0,0,0,0,0,80,80,0,31,31,0,0,0,0
public_v1,O2,p03543,bundle_post_opt_4_custom_cleanup,/home/dungbv/clau/reports/ir_boundary_public_20260816/artifacts/O2/p03543/bundle_default_opt_4.after.ll,/home/dungbv/clau/result/ir_public_o2_20260816/p03543/p03543_final.ll,True,3,3,0,11,11,0,163,163,0,4,4,0,11,11,0,11,11,0,0,0,0,0,0,0,2,2,0,21,21,0,31,31,0,26,26,0,3,3,0,7,7,0,0,0,0,0,0,0,80,80,0,31,31,0,0,0,0
public_v1,O2,p03773,main_default_opt_1,/home/dungbv/clau/reports/ir_boundary_public_20260816/artifacts/O2/p03773/main_opt_1.before.ll,/home/dungbv/clau/reports/ir_boundary_public_20260816/artifacts/O2/p03773/main_opt_1.after.ll,True,3,2,-1,7,3,-4,450,114,-336,1,0,-1,22,3,-19,22,3,-19,0,0,0,17,1,-16,9,1,-8,36,15,-21,119,37,-82,104,22,-82,2,0,-2,13,6,-7,0,0,0,0,0,0,268,75,-193,55,23,-32,0,0,0
public_v1,O2,p03773,main_default_opt_2,/home/dungbv/clau/reports/ir_boundary_public_20260816/artifacts/O2/p03773/main_opt_2.before.ll,/home/dungbv/clau/reports/ir_boundary_public_20260816/artifacts/O2/p03773/main_opt_2.after.ll,True,2,2,0,3,3,0,57,37,-20,0,0,0,6,2,-4,6,2,-4,0,0,0,4,0,-4,3,3,0,2,2,0,9,11,2,14,12,-2,0,0,0,0,0,0,0,0,0,0,0,0,28,28,0,1,1,0,0,0,0
public_v1,O2,p03773,bundle_default_opt_3,/home/dungbv/clau/result/ir_public_o2_20260816/p03773/p03773_final.02-pointer-opt.ll,/home/dungbv/clau/reports/ir_boundary_public_20260816/artifacts/O2/p03773/bundle_default_opt_3.after.ll,True,2,2,0,3,3,0,10,10,0,0,0,0,2,2,0,2,2,0,0,0,0,0,0,0,2,2,0,2,2,0,0,0,0,0,0,0,0,0,0,0,0,0,0,0,0,0,0,0,4,4,0,0,0,0,0,0,0
public_v1,O2,p03773,bundle_default_opt_4,/home/dungbv/clau/result/ir_public_o2_20260816/p03773/p03773_final.05-unpinned.ll,/home/dungbv/clau/reports/ir_boundary_public_20260816/artifacts/O2/p03773/bundle_default_opt_4.after.ll,True,2,2,0,3,3,0,10,10,0,0,0,0,2,2,0,2,2,0,0,0,0,0,0,0,2,2,0,2,2,0,0,0,0,0,0,0,0,0,0,0,0,0,0,0,0,0,0,0,4,4,0,0,0,0,0,0,0
public_v1,O2,p03773,bundle_post_opt_4_custom_cleanup,/home/dungbv/clau/reports/ir_boundary_public_20260816/artifacts/O2/p03773/bundle_default_opt_4.after.ll,/home/dungbv/clau/result/ir_public_o2_20260816/p03773/p03773_final.ll,True,2,1,-1,3,2,-1,10,9,-1,0,0,0,2,2,0,2,2,0,0,0,0,0,0,0,2,2,0,2,2,0,0,0,0,0,0,0,0,0,0,0,0,0,0,0,0,0,0,0,4,4,0,0,0,0,0,0,0
public_v1,O2,p03776,main_default_opt_1,/home/dungbv/clau/reports/ir_boundary_public_20260816/artifacts/O2/p03776/main_opt_1.before.ll,/home/dungbv/clau/reports/ir_boundary_public_20260816/artifacts/O2/p03776/main_opt_1.after.ll,True,7,6,-1,358,337,-21,8392,6269,-2123,26,19,-7,63,45,-18,63,45,-18,0,0,0,22,5,-17,9,3,-6,754,694,-60,784,452,-332,1404,669,-735,53,73,20,508,500,-8,8,6,-2,0,0,0,2951,1818,-1133,2032,1928,-104,0,0,0
public_v1,O2,p03776,main_default_opt_2,/home/dungbv/clau/reports/ir_boundary_public_20260816/artifacts/O2/p03776/main_opt_2.before.ll,/home/dungbv/clau/reports/ir_boundary_public_20260816/artifacts/O2/p03776/main_opt_2.after.ll,True,6,6,0,336,337,1,6319,6328,9,18,20,2,44,44,0,44,44,0,0,0,0,4,4,0,3,3,0,684,680,-4,433,612,179,669,666,-3,68,63,-5,498,497,-1,6,6,0,0,0,0,1789,1961,172,1905,1894,-11,0,0,0
public_v1,O2,p03776,bundle_default_opt_3,/home/dungbv/clau/result/ir_public_o2_20260816/p03776/p03776_final.02-pointer-opt.ll,/home/dungbv/clau/reports/ir_boundary_public_20260816/artifacts/O2/p03776/bundle_default_opt_3.after.ll,True,8,8,0,341,340,-1,4482,4317,-165,20,20,0,195,195,0,195,195,0,0,0,0,4,4,0,3,3,0,667,666,-1,612,606,-6,245,225,-20,63,58,-5,50,49,-1,6,6,0,0,0,0,1527,1500,-27,878,837,-41,0,0,0
public_v1,O2,p03776,bundle_default_opt_4,/home/dungbv/clau/result/ir_public_o2_20260816/p03776/p03776_final.05-unpinned.ll,/home/dungbv/clau/reports/ir_boundary_public_20260816/artifacts/O2/p03776/bundle_default_opt_4.after.ll,True,8,8,0,340,340,0,4317,4314,-3,20,20,0,195,195,0,195,195,0,0,0,0,4,4,0,3,3,0,666,666,0,606,606,0,225,222,-3,58,58,0,49,49,0,6,6,0,0,0,0,1500,1497,-3,837,837,0,0,0,0
public_v1,O2,p03776,bundle_post_opt_4_custom_cleanup,/home/dungbv/clau/reports/ir_boundary_public_20260816/artifacts/O2/p03776/bundle_default_opt_4.after.ll,/home/dungbv/clau/result/ir_public_o2_20260816/p03776/p03776_final.ll,True,8,8,0,340,340,0,4314,4314,0,20,20,0,195,195,0,195,195,0,0,0,0,4,4,0,3,3,0,666,666,0,606,606,0,222,222,0,58,58,0,49,49,0,6,6,0,0,0,0,1497,1497,0,837,837,0,0,0,0
public_v1,O2,p03835,main_default_opt_1,/home/dungbv/clau/reports/ir_boundary_public_20260816/artifacts/O2/p03835/main_opt_1.before.ll,/home/dungbv/clau/reports/ir_boundary_public_20260816/artifacts/O2/p03835/main_opt_1.after.ll,True,3,2,-1,14,11,-3,355,129,-226,4,4,0,13,4,-9,13,4,-9,0,0,0,10,2,-8,5,1,-4,41,13,-28,99,39,-60,45,12,-33,1,6,5,4,0,-4,0,0,0,0,0,0,190,65,-125,41,28,-13,0,0,0
public_v1,O2,p03835,main_default_opt_2,/home/dungbv/clau/reports/ir_boundary_public_20260816/artifacts/O2/p03835/main_opt_2.before.ll,/home/dungbv/clau/reports/ir_boundary_public_20260816/artifacts/O2/p03835/main_opt_2.after.ll,True,2,2,0,11,7,-4,77,27,-50,4,3,-1,6,2,-4,6,2,-4,0,0,0,4,0,-4,3,2,-1,2,2,0,11,0,-11,14,0,-14,6,5,-1,0,0,0,0,0,0,0,0,0,30,4,-26,10,10,0,0,0,0
public_v1,O2,p03835,bundle_default_opt_3,/home/dungbv/clau/result/ir_public_o2_20260816/p03835/p03835_final.02-pointer-opt.ll,/home/dungbv/clau/reports/ir_boundary_public_20260816/artifacts/O2/p03835/bundle_default_opt_3.after.ll,True,2,2,0,7,7,0,27,27,0,3,3,0,2,2,0,2,2,0,0,0,0,0,0,0,2,2,0,2,2,0,0,0,0,0,0,0,5,5,0,0,0,0,0,0,0,0,0,0,4,4,0,10,10,0,0,0,0
public_v1,O2,p03835,bundle_default_opt_4,/home/dungbv/clau/result/ir_public_o2_20260816/p03835/p03835_final.05-unpinned.ll,/home/dungbv/clau/reports/ir_boundary_public_20260816/artifacts/O2/p03835/bundle_default_opt_4.after.ll,True,2,2,0,7,7,0,27,27,0,3,3,0,2,2,0,2,2,0,0,0,0,0,0,0,2,2,0,2,2,0,0,0,0,0,0,0,5,5,0,0,0,0,0,0,0,0,0,0,4,4,0,10,10,0,0,0,0
public_v1,O2,p03835,bundle_post_opt_4_custom_cleanup,/home/dungbv/clau/reports/ir_boundary_public_20260816/artifacts/O2/p03835/bundle_default_opt_4.after.ll,/home/dungbv/clau/result/ir_public_o2_20260816/p03835/p03835_final.ll,True,2,1,-1,7,6,-1,27,26,-1,3,3,0,2,2,0,2,2,0,0,0,0,0,0,0,2,2,0,2,2,0,0,0,0,0,0,0,5,5,0,0,0,0,0,0,0,0,0,0,4,4,0,10,10,0,0,0,0
public_v1,O2,p03854,main_default_opt_1,/home/dungbv/clau/reports/ir_boundary_public_20260816/artifacts/O2/p03854/main_opt_1.before.ll,/home/dungbv/clau/reports/ir_boundary_public_20260816/artifacts/O2/p03854/main_opt_1.after.ll,True,3,2,-1,22,19,-3,549,196,-353,8,8,0,26,7,-19,26,7,-19,0,0,0,18,2,-16,9,1,-8,51,16,-35,166,54,-112,93,16,-77,2,7,5,14,7,-7,0,0,0,0,0,0,319,87,-232,79,52,-27,0,0,0
public_v1,O2,p03854,main_default_opt_2,/home/dungbv/clau/reports/ir_boundary_public_20260816/artifacts/O2/p03854/main_opt_2.before.ll,/home/dungbv/clau/reports/ir_boundary_public_20260816/artifacts/O2/p03854/main_opt_2.after.ll,True,2,2,0,19,16,-3,127,67,-60,8,7,-1,5,5,0,5,5,0,0,0,0,0,0,0,1,0,-1,3,3,0,26,2,-24,15,6,-9,4,4,0,7,4,-3,0,1,1,0,0,0,45,11,-34,31,24,-7,0,0,0
public_v1,O2,p03854,bundle_default_opt_3,/home/dungbv/clau/result/ir_public_o2_20260816/p03854/p03854_final.02-pointer-opt.ll,/home/dungbv/clau/reports/ir_boundary_public_20260816/artifacts/O2/p03854/bundle_default_opt_3.after.ll,True,3,3,0,18,18,0,70,70,0,7,7,0,6,6,0,6,6,0,0,0,0,0,0,0,0,0,0,3,3,0,2,2,0,7,7,0,4,4,0,4,4,0,1,1,0,0,0,0,12,12,0,24,24,0,0,0,0
public_v1,O2,p03854,bundle_default_opt_4,/home/dungbv/clau/result/ir_public_o2_20260816/p03854/p03854_final.05-unpinned.ll,/home/dungbv/clau/reports/ir_boundary_public_20260816/artifacts/O2/p03854/bundle_default_opt_4.after.ll,True,3,3,0,18,18,0,70,70,0,7,7,0,6,6,0,6,6,0,0,0,0,0,0,0,0,0,0,3,3,0,2,2,0,7,7,0,4,4,0,4,4,0,1,1,0,0,0,0,12,12,0,24,24,0,0,0,0
public_v1,O2,p03854,bundle_post_opt_4_custom_cleanup,/home/dungbv/clau/reports/ir_boundary_public_20260816/artifacts/O2/p03854/bundle_default_opt_4.after.ll,/home/dungbv/clau/result/ir_public_o2_20260816/p03854/p03854_final.ll,True,3,3,0,18,18,0,70,70,0,7,7,0,6,6,0,6,6,0,0,0,0,0,0,0,0,0,0,3,3,0,2,2,0,7,7,0,4,4,0,4,4,0,1,1,0,0,0,0,12,12,0,24,24,0,0,0,0
public_v1,O2,p04028,main_default_opt_1,/home/dungbv/clau/reports/ir_boundary_public_20260816/artifacts/O2/p04028/main_opt_1.before.ll,/home/dungbv/clau/reports/ir_boundary_public_20260816/artifacts/O2/p04028/main_opt_1.after.ll,True,6,3,-3,37,32,-5,1603,984,-619,13,16,3,35,18,-17,35,18,-17,0,0,0,19,5,-14,7,3,-4,141,78,-63,168,103,-65,256,126,-130,8,40,32,113,100,-13,0,0,0,3,3,0,572,310,-262,428,336,-92,0,0,0
public_v1,O2,p04028,main_default_opt_2,/home/dungbv/clau/reports/ir_boundary_public_20260816/artifacts/O2/p04028/main_opt_2.before.ll,/home/dungbv/clau/reports/ir_boundary_public_20260816/artifacts/O2/p04028/main_opt_2.after.ll,True,3,3,0,31,25,-6,612,371,-241,16,11,-5,18,13,-5,18,13,-5,0,0,0,5,0,-5,3,2,-1,62,17,-45,89,53,-36,59,44,-15,35,10,-25,28,13,-15,0,0,0,3,3,0,213,116,-97,160,94,-66,0,0,0
public_v1,O2,p04028,bundle_default_opt_3,/home/dungbv/clau/result/ir_public_o2_20260816/p04028/p04028_final.02-pointer-opt.ll,/home/dungbv/clau/reports/ir_boundary_public_20260816/artifacts/O2/p04028/bundle_default_opt_3.after.ll,True,3,3,0,25,25,0,362,351,-11,11,11,0,13,13,0,13,13,0,0,0,0,0,0,0,2,2,0,16,16,0,53,53,0,43,40,-3,10,10,0,13,13,0,0,0,0,3,3,0,114,111,-3,94,92,-2,0,0,0
public_v1,O2,p04028,bundle_default_opt_4,/home/dungbv/clau/result/ir_public_o2_20260816/p04028/p04028_final.05-unpinned.ll,/home/dungbv/clau/reports/ir_boundary_public_20260816/artifacts/O2/p04028/bundle_default_opt_4.after.ll,True,3,3,0,25,25,0,351,351,0,11,11,0,13,13,0,13,13,0,0,0,0,0,0,0,2,2,0,16,16,0,53,53,0,40,40,0,10,10,0,13,13,0,0,0,0,3,3,0,111,111,0,92,92,0,0,0,0
public_v1,O2,p04028,bundle_post_opt_4_custom_cleanup,/home/dungbv/clau/reports/ir_boundary_public_20260816/artifacts/O2/p04028/bundle_default_opt_4.after.ll,/home/dungbv/clau/result/ir_public_o2_20260816/p04028/p04028_final.ll,True,3,2,-1,25,24,-1,351,348,-3,11,11,0,13,13,0,13,13,0,0,0,0,0,0,0,2,2,0,16,14,-2,53,53,0,40,40,0,10,10,0,13,13,0,0,0,0,3,3,0,111,109,-2,92,91,-1,0,0,0
public_v1,O3,p00001,main_default_opt_1,/home/dungbv/clau/reports/ir_boundary_public_20260816/artifacts/O3/p00001/main_opt_1.before.ll,/home/dungbv/clau/reports/ir_boundary_public_20260816/artifacts/O3/p00001/main_opt_1.after.ll,True,9,3,-6,45,29,-16,1185,421,-764,10,7,-3,29,15,-14,29,15,-14,0,0,0,14,6,-8,6,3,-3,103,35,-68,198,83,-115,137,81,-56,25,13,-12,29,26,-3,2,1,-1,0,0,0,444,202,-242,235,111,-124,0,0,0
public_v1,O3,p00001,main_default_opt_2,/home/dungbv/clau/reports/ir_boundary_public_20260816/artifacts/O3/p00001/main_opt_2.before.ll,/home/dungbv/clau/reports/ir_boundary_public_20260816/artifacts/O3/p00001/main_opt_2.after.ll,True,3,3,0,26,23,-3,239,188,-51,7,5,-2,11,13,2,11,13,2,0,0,0,2,4,2,1,1,0,18,12,-6,65,49,-16,49,45,-4,11,8,-3,8,6,-2,1,1,0,0,0,0,133,107,-26,50,34,-16,0,0,0
public_v1,O3,p00001,bundle_default_opt_3,/home/dungbv/clau/result/ir_public_o3_20260816/p00001/p00001_final.02-pointer-opt.ll,/home/dungbv/clau/reports/ir_boundary_public_20260816/artifacts/O3/p00001/bundle_default_opt_3.after.ll,True,3,3,0,23,23,0,162,159,-3,5,5,0,13,13,0,13,13,0,0,0,0,4,4,0,1,1,0,8,8,0,49,47,-2,37,36,-1,9,8,-1,2,2,0,1,1,0,0,0,0,95,92,-3,25,25,0,0,0,0
public_v1,O3,p00001,bundle_default_opt_4,/home/dungbv/clau/result/ir_public_o3_20260816/p00001/p00001_final.05-unpinned.ll,/home/dungbv/clau/reports/ir_boundary_public_20260816/artifacts/O3/p00001/bundle_default_opt_4.after.ll,True,3,3,0,23,23,0,159,159,0,5,5,0,13,13,0,13,13,0,0,0,0,4,4,0,1,1,0,8,8,0,47,47,0,36,36,0,8,8,0,2,2,0,1,1,0,0,0,0,92,92,0,25,25,0,0,0,0
public_v1,O3,p00001,bundle_post_opt_4_custom_cleanup,/home/dungbv/clau/reports/ir_boundary_public_20260816/artifacts/O3/p00001/bundle_default_opt_4.after.ll,/home/dungbv/clau/result/ir_public_o3_20260816/p00001/p00001_final.ll,True,3,2,-1,23,22,-1,159,158,-1,5,5,0,13,13,0,13,13,0,0,0,0,4,4,0,1,1,0,8,8,0,47,47,0,36,36,0,8,8,0,2,2,0,1,1,0,0,0,0,92,92,0,25,25,0,0,0,0
public_v1,O3,p00008,main_default_opt_1,/home/dungbv/clau/reports/ir_boundary_public_20260816/artifacts/O3/p00008/main_opt_1.before.ll,/home/dungbv/clau/reports/ir_boundary_public_20260816/artifacts/O3/p00008/main_opt_1.after.ll,True,3,2,-1,34,32,-2,1558,1124,-434,13,14,1,12,7,-5,12,7,-5,0,0,0,9,5,-4,5,3,-2,131,105,-26,204,143,-61,390,198,-192,1,17,16,178,156,-22,0,0,0,0,0,0,730,449,-281,456,417,-39,0,0,0
public_v1,O3,p00008,main_default_opt_2,/home/dungbv/clau/reports/ir_boundary_public_20260816/artifacts/O3/p00008/main_opt_2.before.ll,/home/dungbv/clau/reports/ir_boundary_public_20260816/artifacts/O3/p00008/main_opt_2.after.ll,True,2,2,0,32,28,-4,367,335,-32,14,19,5,2,3,1,2,3,1,0,0,0,0,0,0,1,1,0,44,49,5,97,110,13,71,37,-34,6,3,-3,9,11,2,0,0,0,0,0,0,213,197,-16,57,63,6,0,0,0
public_v1,O3,p00008,bundle_default_opt_3,/home/dungbv/clau/result/ir_public_o3_20260816/p00008/p00008_final.02-pointer-opt.ll,/home/dungbv/clau/reports/ir_boundary_public_20260816/artifacts/O3/p00008/bundle_default_opt_3.after.ll,True,2,2,0,25,25,0,166,155,-11,14,14,0,3,3,0,3,3,0,0,0,0,0,0,0,1,1,0,39,24,-15,20,20,0,28,22,-6,0,5,5,2,13,11,0,0,0,0,0,0,88,67,-21,28,41,13,0,0,0
public_v1,O3,p00008,bundle_default_opt_4,/home/dungbv/clau/result/ir_public_o3_20260816/p00008/p00008_final.05-unpinned.ll,/home/dungbv/clau/reports/ir_boundary_public_20260816/artifacts/O3/p00008/bundle_default_opt_4.after.ll,True,2,2,0,25,26,1,155,157,2,14,14,0,3,3,0,3,3,0,0,0,0,0,0,0,1,1,0,24,24,0,20,20,0,22,22,0,5,5,0,13,13,0,0,0,0,0,0,0,67,67,0,41,42,1,0,0,0
public_v1,O3,p00008,bundle_post_opt_4_custom_cleanup,/home/dungbv/clau/reports/ir_boundary_public_20260816/artifacts/O3/p00008/bundle_default_opt_4.after.ll,/home/dungbv/clau/result/ir_public_o3_20260816/p00008/p00008_final.ll,True,2,2,0,26,26,0,157,157,0,14,14,0,3,3,0,3,3,0,0,0,0,0,0,0,1,1,0,24,24,0,20,20,0,22,22,0,5,5,0,13,13,0,0,0,0,0,0,0,67,67,0,42,42,0,0,0,0
public_v1,O3,p00033,main_default_opt_1,/home/dungbv/clau/reports/ir_boundary_public_20260816/artifacts/O3/p00033/main_opt_1.before.ll,/home/dungbv/clau/reports/ir_boundary_public_20260816/artifacts/O3/p00033/main_opt_1.after.ll,True,4,3,-1,97,89,-8,1839,1218,-621,7,4,-3,40,21,-19,40,21,-19,0,0,0,28,10,-18,14,4,-10,148,129,-19,306,129,-177,239,100,-139,19,23,4,41,40,-1,3,2,-1,0,0,0,707,362,-345,305,283,-22,0,0,0
public_v1,O3,p00033,main_default_opt_2,/home/dungbv/clau/reports/ir_boundary_public_20260816/artifacts/O3/p00033/main_opt_2.before.ll,/home/dungbv/clau/reports/ir_boundary_public_20260816/artifacts/O3/p00033/main_opt_2.after.ll,True,3,3,0,89,86,-3,611,563,-48,4,4,0,37,14,-23,37,14,-23,0,0,0,26,3,-23,13,13,0,59,79,20,78,97,19,77,72,-5,7,7,0,25,25,0,2,2,0,0,0,0,227,261,34,97,95,-2,0,0,0
public_v1,O3,p00033,bundle_default_opt_3,/home/dungbv/clau/result/ir_public_o3_20260816/p00033/p00033_final.02-pointer-opt.ll,/home/dungbv/clau/reports/ir_boundary_public_20260816/artifacts/O3/p00033/bundle_default_opt_3.after.ll,True,4,3,-1,88,90,2,535,568,33,4,6,2,18,18,0,18,18,0,0,0,0,3,3,0,13,13,0,79,81,2,97,110,13,66,72,6,7,10,3,16,17,1,2,2,0,0,0,0,255,276,21,78,82,4,0,0,0
public_v1,O3,p00033,bundle_default_opt_4,/home/dungbv/clau/result/ir_public_o3_20260816/p00033/p00033_final.05-unpinned.ll,/home/dungbv/clau/reports/ir_boundary_public_20260816/artifacts/O3/p00033/bundle_default_opt_4.after.ll,True,3,3,0,90,90,0,568,568,0,6,6,0,18,18,0,18,18,0,0,0,0,3,3,0,13,13,0,81,81,0,110,110,0,72,72,0,10,10,0,17,17,0,2,2,0,0,0,0,276,276,0,82,82,0,0,0,0
public_v1,O3,p00033,bundle_post_opt_4_custom_cleanup,/home/dungbv/clau/reports/ir_boundary_public_20260816/artifacts/O3/p00033/bundle_default_opt_4.after.ll,/home/dungbv/clau/result/ir_public_o3_20260816/p00033/p00033_final.ll,True,3,3,0,90,90,0,568,568,0,6,6,0,18,18,0,18,18,0,0,0,0,3,3,0,13,13,0,81,81,0,110,110,0,72,72,0,10,10,0,17,17,0,2,2,0,0,0,0,276,276,0,82,82,0,0,0,0
public_v1,O3,p00165,main_default_opt_1,/home/dungbv/clau/reports/ir_boundary_public_20260816/artifacts/O3/p00165/main_opt_1.before.ll,/home/dungbv/clau/reports/ir_boundary_public_20260816/artifacts/O3/p00165/main_opt_1.after.ll,True,3,2,-1,31,28,-3,1067,803,-264,11,14,3,17,12,-5,17,12,-5,0,0,0,13,9,-4,7,5,-2,105,82,-23,199,149,-50,230,133,-97,7,31,24,91,83,-8,0,0,0,0,0,0,541,369,-172,266,267,1,0,0,0
public_v1,O3,p00165,main_default_opt_2,/home/dungbv/clau/reports/ir_boundary_public_20260816/artifacts/O3/p00165/main_opt_2.before.ll,/home/dungbv/clau/reports/ir_boundary_public_20260816/artifacts/O3/p00165/main_opt_2.after.ll,True,2,2,0,28,27,-1,377,315,-62,14,16,2,3,4,1,3,4,1,0,0,0,0,0,0,1,1,0,38,37,-1,85,90,5,67,40,-27,12,7,-5,23,24,1,0,0,0,0,0,0,191,168,-23,91,76,-15,0,0,0
public_v1,O3,p00165,bundle_default_opt_3,/home/dungbv/clau/result/ir_public_o3_20260816/p00165/p00165_final.02-pointer-opt.ll,/home/dungbv/clau/reports/ir_boundary_public_20260816/artifacts/O3/p00165/bundle_default_opt_3.after.ll,True,3,3,0,25,18,-7,165,148,-17,14,10,-4,9,13,4,9,13,4,0,0,0,0,4,4,1,1,0,34,22,-12,26,22,-4,15,13,-2,4,7,3,4,9,5,0,0,0,0,0,0,76,58,-18,33,37,4,0,0,0
public_v1,O3,p00165,bundle_default_opt_4,/home/dungbv/clau/result/ir_public_o3_20260816/p00165/p00165_final.05-unpinned.ll,/home/dungbv/clau/reports/ir_boundary_public_20260816/artifacts/O3/p00165/bundle_default_opt_4.after.ll,True,3,3,0,18,18,0,148,147,-1,10,10,0,13,12,-1,13,12,-1,0,0,0,4,3,-1,1,1,0,22,22,0,22,22,0,13,13,0,7,7,0,9,9,0,0,0,0,0,0,0,58,58,0,37,37,0,0,0,0
public_v1,O3,p00165,bundle_post_opt_4_custom_cleanup,/home/dungbv/clau/reports/ir_boundary_public_20260816/artifacts/O3/p00165/bundle_default_opt_4.after.ll,/home/dungbv/clau/result/ir_public_o3_20260816/p00165/p00165_final.ll,True,3,3,0,18,18,0,147,147,0,10,10,0,12,12,0,12,12,0,0,0,0,3,3,0,1,1,0,22,22,0,22,22,0,13,13,0,7,7,0,9,9,0,0,0,0,0,0,0,58,58,0,37,37,0,0,0,0
public_v1,O3,p00327,main_default_opt_1,/home/dungbv/clau/reports/ir_boundary_public_20260816/artifacts/O3/p00327/main_opt_1.before.ll,/home/dungbv/clau/reports/ir_boundary_public_20260816/artifacts/O3/p00327/main_opt_1.after.ll,True,3,2,-1,33,28,-5,1085,713,-372,14,18,4,14,7,-7,14,7,-7,0,0,0,10,4,-6,5,3,-2,111,49,-62,167,73,-94,168,100,-68,20,46,26,63,59,-4,0,0,0,0,0,0,451,225,-226,276,265,-11,0,0,0
public_v1,O3,p00327,main_default_opt_2,/home/dungbv/clau/reports/ir_boundary_public_20260816/artifacts/O3/p00327/main_opt_2.before.ll,/home/dungbv/clau/reports/ir_boundary_public_20260816/artifacts/O3/p00327/main_opt_2.after.ll,True,3,2,-1,30,28,-2,668,580,-88,18,19,1,8,7,-1,8,7,-1,0,0,0,4,4,0,3,3,0,45,48,3,71,71,0,101,93,-8,22,22,0,59,53,-6,0,0,0,0,0,0,220,215,-5,236,206,-30,0,0,0
public_v1,O3,p00327,bundle_default_opt_3,/home/dungbv/clau/result/ir_public_o3_20260816/p00327/p00327_final.02-pointer-opt.ll,/home/dungbv/clau/reports/ir_boundary_public_20260816/artifacts/O3/p00327/bundle_default_opt_3.after.ll,True,4,4,0,32,33,1,432,421,-11,19,19,0,21,21,0,21,21,0,0,0,0,4,4,0,3,3,0,44,44,0,71,71,0,57,56,-1,18,18,0,17,17,0,0,0,0,0,0,0,175,174,-1,118,114,-4,0,0,0
public_v1,O3,p00327,bundle_default_opt_4,/home/dungbv/clau/result/ir_public_o3_20260816/p00327/p00327_final.05-unpinned.ll,/home/dungbv/clau/reports/ir_boundary_public_20260816/artifacts/O3/p00327/bundle_default_opt_4.after.ll,True,4,4,0,33,33,0,421,420,-1,19,19,0,21,21,0,21,21,0,0,0,0,4,4,0,3,3,0,44,44,0,71,71,0,56,56,0,18,18,0,17,17,0,0,0,0,0,0,0,174,174,0,114,113,-1,0,0,0
public_v1,O3,p00327,bundle_post_opt_4_custom_cleanup,/home/dungbv/clau/reports/ir_boundary_public_20260816/artifacts/O3/p00327/bundle_default_opt_4.after.ll,/home/dungbv/clau/result/ir_public_o3_20260816/p00327/p00327_final.ll,True,4,4,0,33,33,0,420,420,0,19,19,0,21,21,0,21,21,0,0,0,0,4,4,0,3,3,0,44,44,0,71,71,0,56,56,0,18,18,0,17,17,0,0,0,0,0,0,0,174,174,0,113,113,0,0,0,0
public_v1,O3,p00678,main_default_opt_1,/home/dungbv/clau/reports/ir_boundary_public_20260816/artifacts/O3/p00678/main_opt_1.before.ll,/home/dungbv/clau/reports/ir_boundary_public_20260816/artifacts/O3/p00678/main_opt_1.after.ll,True,6,5,-1,93,78,-15,1815,1244,-571,32,18,-14,43,31,-12,43,31,-12,0,0,0,25,14,-11,11,7,-4,123,103,-20,229,179,-50,250,125,-125,78,88,10,50,20,-30,8,4,-4,3,3,0,613,414,-199,492,316,-176,0,0,0
public_v1,O3,p00678,main_default_opt_2,/home/dungbv/clau/reports/ir_boundary_public_20260816/artifacts/O3/p00678/main_opt_2.before.ll,/home/dungbv/clau/reports/ir_boundary_public_20260816/artifacts/O3/p00678/main_opt_2.after.ll,True,5,5,0,78,78,0,1417,1183,-234,18,18,0,29,29,0,29,29,0,0,0,0,12,12,0,7,7,0,91,91,0,151,151,0,131,125,-6,88,88,0,26,20,-6,4,4,0,3,3,0,380,374,-6,330,306,-24,0,0,0
public_v1,O3,p00678,bundle_default_opt_3,/home/dungbv/clau/result/ir_public_o3_20260816/p00678/p00678_final.02-pointer-opt.ll,/home/dungbv/clau/reports/ir_boundary_public_20260816/artifacts/O3/p00678/bundle_default_opt_3.after.ll,True,5,5,0,78,78,0,1183,1183,0,18,18,0,29,29,0,29,29,0,0,0,0,12,12,0,7,7,0,91,91,0,151,151,0,125,125,0,88,88,0,20,20,0,4,4,0,3,3,0,374,374,0,306,306,0,0,0,0
public_v1,O3,p00678,bundle_default_opt_4,/home/dungbv/clau/result/ir_public_o3_20260816/p00678/p00678_final.05-unpinned.ll,/home/dungbv/clau/reports/ir_boundary_public_20260816/artifacts/O3/p00678/bundle_default_opt_4.after.ll,True,5,5,0,78,78,0,1183,1183,0,18,18,0,29,29,0,29,29,0,0,0,0,12,12,0,7,7,0,91,91,0,151,151,0,125,125,0,88,88,0,20,20,0,4,4,0,3,3,0,374,374,0,306,306,0,0,0,0
public_v1,O3,p00678,bundle_post_opt_4_custom_cleanup,/home/dungbv/clau/reports/ir_boundary_public_20260816/artifacts/O3/p00678/bundle_default_opt_4.after.ll,/home/dungbv/clau/result/ir_public_o3_20260816/p00678/p00678_final.ll,True,5,5,0,78,78,0,1183,1183,0,18,18,0,29,29,0,29,29,0,0,0,0,12,12,0,7,7,0,91,91,0,151,151,0,125,125,0,88,88,0,20,20,0,4,4,0,3,3,0,374,374,0,306,306,0,0,0,0
public_v1,O3,p00693,main_default_opt_1,/home/dungbv/clau/reports/ir_boundary_public_20260816/artifacts/O3/p00693/main_opt_1.before.ll,/home/dungbv/clau/reports/ir_boundary_public_20260816/artifacts/O3/p00693/main_opt_1.after.ll,True,4,3,-1,41,32,-9,1388,824,-564,15,18,3,32,18,-14,32,18,-14,0,0,0,24,10,-14,11,5,-6,108,60,-48,260,143,-117,270,157,-113,16,22,6,98,79,-19,0,0,0,0,0,0,649,365,-284,344,262,-82,0,0,0
public_v1,O3,p00693,main_default_opt_2,/home/dungbv/clau/reports/ir_boundary_public_20260816/artifacts/O3/p00693/main_opt_2.before.ll,/home/dungbv/clau/reports/ir_boundary_public_20260816/artifacts/O3/p00693/main_opt_2.after.ll,True,3,3,0,32,32,0,989,716,-273,18,18,0,16,18,2,16,18,2,0,0,0,8,10,2,5,5,0,47,47,0,115,107,-8,165,149,-16,21,20,-1,88,76,-12,0,0,0,0,0,0,332,308,-24,284,234,-50,0,0,0
public_v1,O3,p00693,bundle_default_opt_3,/home/dungbv/clau/result/ir_public_o3_20260816/p00693/p00693_final.02-pointer-opt.ll,/home/dungbv/clau/reports/ir_boundary_public_20260816/artifacts/O3/p00693/bundle_default_opt_3.after.ll,True,5,5,0,36,35,-1,583,563,-20,18,19,1,31,32,1,31,32,1,0,0,0,10,10,0,5,5,0,47,49,2,107,111,4,107,102,-5,20,14,-6,43,44,1,0,0,0,0,0,0,266,267,1,162,153,-9,0,0,0
public_v1,O3,p00693,bundle_default_opt_4,/home/dungbv/clau/result/ir_public_o3_20260816/p00693/p00693_final.05-unpinned.ll,/home/dungbv/clau/reports/ir_boundary_public_20260816/artifacts/O3/p00693/bundle_default_opt_4.after.ll,True,5,5,0,35,35,0,563,563,0,19,19,0,32,32,0,32,32,0,0,0,0,10,10,0,5,5,0,49,49,0,111,111,0,102,102,0,14,14,0,44,44,0,0,0,0,0,0,0,267,267,0,153,153,0,0,0,0
public_v1,O3,p00693,bundle_post_opt_4_custom_cleanup,/home/dungbv/clau/reports/ir_boundary_public_20260816/artifacts/O3/p00693/bundle_default_opt_4.after.ll,/home/dungbv/clau/result/ir_public_o3_20260816/p00693/p00693_final.ll,True,5,5,0,35,35,0,563,563,0,19,19,0,32,32,0,32,32,0,0,0,0,10,10,0,5,5,0,49,49,0,111,111,0,102,102,0,14,14,0,44,44,0,0,0,0,0,0,0,267,267,0,153,153,0,0,0,0
public_v1,O3,p00788,main_default_opt_1,/home/dungbv/clau/reports/ir_boundary_public_20260816/artifacts/O3/p00788/main_opt_1.before.ll,/home/dungbv/clau/reports/ir_boundary_public_20260816/artifacts/O3/p00788/main_opt_1.after.ll,True,5,3,-2,57,47,-10,1353,719,-634,20,14,-6,27,15,-12,27,15,-12,0,0,0,10,2,-8,5,1,-4,121,84,-37,179,106,-73,202,63,-139,23,24,1,52,28,-24,2,1,-1,11,9,-2,507,254,-253,293,192,-101,0,0,0
public_v1,O3,p00788,main_default_opt_2,/home/dungbv/clau/reports/ir_boundary_public_20260816/artifacts/O3/p00788/main_opt_2.before.ll,/home/dungbv/clau/reports/ir_boundary_public_20260816/artifacts/O3/p00788/main_opt_2.after.ll,True,3,2,-1,47,46,-1,490,443,-47,14,15,1,17,11,-6,17,11,-6,0,0,0,4,0,-4,3,3,0,53,47,-6,78,96,18,66,58,-8,7,7,0,28,29,1,1,1,0,9,9,0,200,204,4,114,107,-7,0,0,0
public_v1,O3,p00788,bundle_default_opt_3,/home/dungbv/clau/result/ir_public_o3_20260816/p00788/p00788_final.02-pointer-opt.ll,/home/dungbv/clau/reports/ir_boundary_public_20260816/artifacts/O3/p00788/bundle_default_opt_3.after.ll,True,2,2,0,42,42,0,203,191,-12,14,14,0,11,11,0,11,11,0,0,0,0,0,0,0,8,2,-6,11,4,-7,7,2,-5,0,0,0,24,30,6,9,11,2,1,1,0,9,9,0,26,8,-18,75,83,8,0,0,0
public_v1,O3,p00788,bundle_default_opt_4,/home/dungbv/clau/result/ir_public_o3_20260816/p00788/p00788_final.05-unpinned.ll,/home/dungbv/clau/reports/ir_boundary_public_20260816/artifacts/O3/p00788/bundle_default_opt_4.after.ll,True,2,2,0,42,42,0,191,191,0,14,14,0,11,11,0,11,11,0,0,0,0,0,0,0,2,2,0,4,4,0,2,2,0,0,0,0,30,30,0,11,11,0,1,1,0,9,9,0,8,8,0,83,83,0,0,0,0
public_v1,O3,p00788,bundle_post_opt_4_custom_cleanup,/home/dungbv/clau/reports/ir_boundary_public_20260816/artifacts/O3/p00788/bundle_default_opt_4.after.ll,/home/dungbv/clau/result/ir_public_o3_20260816/p00788/p00788_final.ll,True,2,2,0,42,42,0,191,191,0,14,14,0,11,11,0,11,11,0,0,0,0,0,0,0,2,2,0,4,4,0,2,2,0,0,0,0,30,30,0,11,11,0,1,1,0,9,9,0,8,8,0,83,83,0,0,0,0
public_v1,O3,p00793,main_default_opt_1,/home/dungbv/clau/reports/ir_boundary_public_20260816/artifacts/O3/p00793/main_opt_1.before.ll,/home/dungbv/clau/reports/ir_boundary_public_20260816/artifacts/O3/p00793/main_opt_1.after.ll,True,9,8,-1,99,101,2,5450,5517,67,44,42,-2,48,60,12,48,60,12,0,0,0,27,40,13,5,5,0,624,618,-6,2487,2432,-55,300,258,-42,412,428,16,96,96,0,9,9,0,4,4,0,3416,3313,-103,1143,1213,70,0,0,0
public_v1,O3,p00793,main_default_opt_2,/home/dungbv/clau/reports/ir_boundary_public_20260816/artifacts/O3/p00793/main_opt_2.before.ll,/home/dungbv/clau/reports/ir_boundary_public_20260816/artifacts/O3/p00793/main_opt_2.after.ll,True,8,8,0,101,100,-1,5531,5348,-183,42,42,0,60,54,-6,60,54,-6,0,0,0,40,34,-6,6,6,0,619,619,0,2433,2429,-4,267,262,-5,428,430,2,98,98,0,9,9,0,4,4,0,3325,3316,-9,1214,1136,-78,0,0,0
public_v1,O3,p00793,bundle_default_opt_3,/home/dungbv/clau/result/ir_public_o3_20260816/p00793/p00793_final.02-pointer-opt.ll,/home/dungbv/clau/reports/ir_boundary_public_20260816/artifacts/O3/p00793/bundle_default_opt_3.after.ll,True,9,9,0,102,102,0,4972,4825,-147,42,42,0,97,97,0,97,97,0,0,0,0,34,34,0,6,6,0,619,598,-21,2429,2301,-128,136,136,0,430,430,0,14,14,0,9,9,0,4,4,0,3190,3041,-149,926,928,2,0,0,0
public_v1,O3,p00793,bundle_default_opt_4,/home/dungbv/clau/result/ir_public_o3_20260816/p00793/p00793_final.05-unpinned.ll,/home/dungbv/clau/reports/ir_boundary_public_20260816/artifacts/O3/p00793/bundle_default_opt_4.after.ll,True,9,9,0,102,102,0,4825,4809,-16,42,42,0,97,97,0,97,97,0,0,0,0,34,34,0,6,6,0,598,598,0,2301,2285,-16,136,136,0,430,430,0,14,14,0,9,9,0,4,4,0,3041,3025,-16,928,928,0,0,0,0
public_v1,O3,p00793,bundle_post_opt_4_custom_cleanup,/home/dungbv/clau/reports/ir_boundary_public_20260816/artifacts/O3/p00793/bundle_default_opt_4.after.ll,/home/dungbv/clau/result/ir_public_o3_20260816/p00793/p00793_final.ll,True,9,9,0,102,102,0,4809,4798,-11,42,42,0,97,97,0,97,97,0,0,0,0,34,34,0,6,6,0,598,598,0,2285,2274,-11,136,136,0,430,430,0,14,14,0,9,9,0,4,4,0,3025,3014,-11,928,928,0,0,0,0
public_v1,O3,p00859,main_default_opt_1,/home/dungbv/clau/reports/ir_boundary_public_20260816/artifacts/O3/p00859/main_opt_1.before.ll,/home/dungbv/clau/reports/ir_boundary_public_20260816/artifacts/O3/p00859/main_opt_1.after.ll,True,10,5,-5,103,89,-14,2192,1428,-764,10,6,-4,38,24,-14,38,24,-14,0,0,0,13,4,-9,4,2,-2,192,136,-56,253,217,-36,246,141,-105,37,33,-4,61,60,-1,3,2,-1,0,0,0,695,496,-199,495,364,-131,0,0,0
public_v1,O3,p00859,main_default_opt_2,/home/dungbv/clau/reports/ir_boundary_public_20260816/artifacts/O3/p00859/main_opt_2.before.ll,/home/dungbv/clau/reports/ir_boundary_public_20260816/artifacts/O3/p00859/main_opt_2.after.ll,True,5,5,0,89,87,-2,1451,1361,-90,6,5,-1,24,24,0,24,24,0,0,0,0,4,4,0,2,2,0,136,134,-2,217,202,-15,143,121,-22,33,34,1,64,63,-1,2,2,0,0,0,0,498,459,-39,378,355,-23,0,0,0
public_v1,O3,p00859,bundle_default_opt_3,/home/dungbv/clau/result/ir_public_o3_20260816/p00859/p00859_final.02-pointer-opt.ll,/home/dungbv/clau/reports/ir_boundary_public_20260816/artifacts/O3/p00859/bundle_default_opt_3.after.ll,True,7,7,0,91,91,0,1183,863,-320,5,6,1,40,41,1,40,41,1,0,0,0,0,0,0,1,1,0,131,96,-35,175,166,-9,106,90,-16,34,33,-1,19,19,0,2,2,0,0,0,0,413,353,-60,262,176,-86,0,0,0
public_v1,O3,p00859,bundle_default_opt_4,/home/dungbv/clau/result/ir_public_o3_20260816/p00859/p00859_final.05-unpinned.ll,/home/dungbv/clau/reports/ir_boundary_public_20260816/artifacts/O3/p00859/bundle_default_opt_4.after.ll,True,7,7,0,91,91,0,863,847,-16,6,6,0,41,41,0,41,41,0,0,0,0,0,0,0,1,1,0,96,96,0,166,164,-2,90,76,-14,33,33,0,19,19,0,2,2,0,0,0,0,353,337,-16,176,176,0,0,0,0
public_v1,O3,p00859,bundle_post_opt_4_custom_cleanup,/home/dungbv/clau/reports/ir_boundary_public_20260816/artifacts/O3/p00859/bundle_default_opt_4.after.ll,/home/dungbv/clau/result/ir_public_o3_20260816/p00859/p00859_final.ll,True,7,7,0,91,91,0,847,847,0,6,6,0,41,41,0,41,41,0,0,0,0,0,0,0,1,1,0,96,96,0,164,164,0,76,76,0,33,33,0,19,19,0,2,2,0,0,0,0,337,337,0,176,176,0,0,0,0
public_v1,O3,p00867,main_default_opt_1,/home/dungbv/clau/reports/ir_boundary_public_20260816/artifacts/O3/p00867/main_opt_1.before.ll,/home/dungbv/clau/reports/ir_boundary_public_20260816/artifacts/O3/p00867/main_opt_1.after.ll,True,15,8,-7,385,364,-21,8539,6798,-1741,51,36,-15,91,38,-53,91,38,-53,0,0,0,33,2,-31,7,1,-6,777,736,-41,753,786,33,1134,714,-420,105,139,34,381,384,3,19,8,-11,0,0,0,2671,2237,-434,2084,1893,-191,0,0,0
public_v1,O3,p00867,main_default_opt_2,/home/dungbv/clau/reports/ir_boundary_public_20260816/artifacts/O3/p00867/main_opt_2.before.ll,/home/dungbv/clau/reports/ir_boundary_public_20260816/artifacts/O3/p00867/main_opt_2.after.ll,True,8,7,-1,364,383,19,6789,6978,189,36,43,7,37,28,-9,37,28,-9,0,0,0,1,0,-1,1,1,0,724,747,23,758,882,124,707,679,-28,139,158,19,378,383,5,8,8,0,0,0,0,2190,2309,119,1882,1979,97,0,0,0
public_v1,O3,p00867,bundle_default_opt_3,/home/dungbv/clau/result/ir_public_o3_20260816/p00867/p00867_final.02-pointer-opt.ll,/home/dungbv/clau/reports/ir_boundary_public_20260816/artifacts/O3/p00867/bundle_default_opt_3.after.ll,True,13,13,0,395,422,27,5854,5592,-262,43,62,19,125,123,-2,125,123,-2,0,0,0,0,0,0,1,1,0,747,739,-8,882,728,-154,420,389,-31,156,190,34,110,108,-2,8,8,0,0,0,0,2050,1857,-193,1375,1418,43,0,0,0
public_v1,O3,p00867,bundle_default_opt_4,/home/dungbv/clau/result/ir_public_o3_20260816/p00867/p00867_final.05-unpinned.ll,/home/dungbv/clau/reports/ir_boundary_public_20260816/artifacts/O3/p00867/bundle_default_opt_4.after.ll,True,13,13,0,422,420,-2,5592,5401,-191,62,62,0,123,123,0,123,123,0,0,0,0,0,0,0,1,1,0,739,738,-1,728,654,-74,389,324,-65,190,179,-11,108,108,0,8,8,0,0,0,0,1857,1717,-140,1418,1406,-12,0,0,0
public_v1,O3,p00867,bundle_post_opt_4_custom_cleanup,/home/dungbv/clau/reports/ir_boundary_public_20260816/artifacts/O3/p00867/bundle_default_opt_4.after.ll,/home/dungbv/clau/result/ir_public_o3_20260816/p00867/p00867_final.ll,True,13,14,1,420,422,2,5401,5391,-10,62,62,0,123,125,2,123,125,2,0,0,0,0,0,0,1,1,0,738,738,0,654,654,0,324,321,-3,179,179,0,108,105,-3,8,8,0,0,0,0,1717,1714,-3,1406,1399,-7,0,0,0
public_v1,O3,p01296,main_default_opt_1,/home/dungbv/clau/reports/ir_boundary_public_20260816/artifacts/O3/p01296/main_opt_1.before.ll,/home/dungbv/clau/reports/ir_boundary_public_20260816/artifacts/O3/p01296/main_opt_1.after.ll,True,10,9,-1,268,263,-5,7902,6057,-1845,35,31,-4,70,53,-17,70,53,-17,0,0,0,16,1,-15,1,1,0,623,573,-50,572,525,-47,1444,784,-660,70,61,-9,595,588,-7,8,7,-1,2,2,0,2640,1883,-757,2293,2004,-289,0,0,0
public_v1,O3,p01296,main_default_opt_2,/home/dungbv/clau/reports/ir_boundary_public_20260816/artifacts/O3/p01296/main_opt_2.before.ll,/home/dungbv/clau/reports/ir_boundary_public_20260816/artifacts/O3/p01296/main_opt_2.after.ll,True,9,9,0,260,260,0,6059,5949,-110,31,31,0,52,52,0,52,52,0,0,0,0,0,0,0,1,1,0,569,567,-2,509,502,-7,777,771,-6,58,58,0,585,584,-1,7,7,0,2,2,0,1856,1841,-15,1996,1971,-25,0,0,0
public_v1,O3,p01296,bundle_default_opt_3,/home/dungbv/clau/result/ir_public_o3_20260816/p01296/p01296_final.02-pointer-opt.ll,/home/dungbv/clau/reports/ir_boundary_public_20260816/artifacts/O3/p01296/bundle_default_opt_3.after.ll,True,10,9,-1,262,249,-13,3843,2269,-1574,31,32,1,229,220,-9,229,220,-9,0,0,0,0,0,0,1,1,0,559,424,-135,502,318,-184,257,194,-63,57,58,1,53,53,0,7,7,0,2,2,0,1319,937,-382,793,455,-338,0,0,0
public_v1,O3,p01296,bundle_default_opt_4,/home/dungbv/clau/result/ir_public_o3_20260816/p01296/p01296_final.05-unpinned.ll,/home/dungbv/clau/reports/ir_boundary_public_20260816/artifacts/O3/p01296/bundle_default_opt_4.after.ll,True,9,9,0,249,233,-16,2269,2237,-32,32,33,1,220,220,0,220,220,0,0,0,0,0,0,0,1,1,0,424,421,-3,318,314,-4,194,194,0,58,67,9,53,53,0,7,8,1,2,2,0,937,930,-7,455,458,3,0,0,0
public_v1,O3,p01296,bundle_post_opt_4_custom_cleanup,/home/dungbv/clau/reports/ir_boundary_public_20260816/artifacts/O3/p01296/bundle_default_opt_4.after.ll,/home/dungbv/clau/result/ir_public_o3_20260816/p01296/p01296_final.ll,True,9,9,0,233,233,0,2237,2237,0,33,33,0,220,220,0,220,220,0,0,0,0,0,0,0,1,1,0,421,421,0,314,314,0,194,194,0,67,67,0,53,53,0,8,8,0,2,2,0,930,930,0,458,458,0,0,0,0
public_v1,O3,p01315,main_default_opt_1,/home/dungbv/clau/reports/ir_boundary_public_20260816/artifacts/O3/p01315/main_opt_1.before.ll,/home/dungbv/clau/reports/ir_boundary_public_20260816/artifacts/O3/p01315/main_opt_1.after.ll,True,5,2,-3,36,27,-9,1840,1019,-821,11,15,4,40,20,-20,40,20,-20,0,0,0,26,10,-16,12,6,-6,153,100,-53,263,156,-107,373,183,-190,24,27,3,123,104,-19,0,0,0,0,0,0,801,445,-356,478,336,-142,0,0,0
public_v1,O3,p01315,main_default_opt_2,/home/dungbv/clau/reports/ir_boundary_public_20260816/artifacts/O3/p01315/main_opt_2.before.ll,/home/dungbv/clau/reports/ir_boundary_public_20260816/artifacts/O3/p01315/main_opt_2.after.ll,True,2,2,0,26,26,0,988,986,-2,15,15,0,20,20,0,20,20,0,0,0,0,10,10,0,6,6,0,96,96,0,154,154,0,183,183,0,16,16,0,104,104,0,0,0,0,0,0,0,439,439,0,323,321,-2,0,0,0
public_v1,O3,p01315,bundle_default_opt_3,/home/dungbv/clau/result/ir_public_o3_20260816/p01315/p01315_final.02-pointer-opt.ll,/home/dungbv/clau/reports/ir_boundary_public_20260816/artifacts/O3/p01315/bundle_default_opt_3.after.ll,True,5,5,0,32,31,-1,634,640,6,15,16,1,67,67,0,67,67,0,0,0,0,10,10,0,6,6,0,93,97,4,154,158,4,95,95,0,13,16,3,16,17,1,0,0,0,0,0,0,348,356,8,98,101,3,0,0,0
public_v1,O3,p01315,bundle_default_opt_4,/home/dungbv/clau/result/ir_public_o3_20260816/p01315/p01315_final.05-unpinned.ll,/home/dungbv/clau/reports/ir_boundary_public_20260816/artifacts/O3/p01315/bundle_default_opt_4.after.ll,True,5,5,0,31,31,0,640,640,0,16,16,0,67,67,0,67,67,0,0,0,0,10,10,0,6,6,0,97,97,0,158,158,0,95,95,0,16,16,0,17,17,0,0,0,0,0,0,0,356,356,0,101,101,0,0,0,0
public_v1,O3,p01315,bundle_post_opt_4_custom_cleanup,/home/dungbv/clau/reports/ir_boundary_public_20260816/artifacts/O3/p01315/bundle_default_opt_4.after.ll,/home/dungbv/clau/result/ir_public_o3_20260816/p01315/p01315_final.ll,True,5,6,1,31,33,2,640,642,2,16,16,0,67,68,1,67,68,1,0,0,0,10,10,0,6,6,0,97,97,0,158,158,0,95,95,0,16,16,0,17,17,0,0,0,0,0,0,0,356,356,0,101,101,0,0,0,0
public_v1,O3,p01571,main_default_opt_1,/home/dungbv/clau/reports/ir_boundary_public_20260816/artifacts/O3/p01571/main_opt_1.before.ll,/home/dungbv/clau/reports/ir_boundary_public_20260816/artifacts/O3/p01571/main_opt_1.after.ll,True,14,11,-3,274,258,-16,8205,6111,-2094,28,24,-4,71,52,-19,71,52,-19,0,0,0,27,11,-16,10,6,-4,803,710,-93,703,532,-171,1487,796,-691,107,129,22,513,494,-19,11,9,-2,0,0,0,3003,2044,-959,2197,1992,-205,0,0,0
public_v1,O3,p01571,main_default_opt_2,/home/dungbv/clau/reports/ir_boundary_public_20260816/artifacts/O3/p01571/main_opt_2.before.ll,/home/dungbv/clau/reports/ir_boundary_public_20260816/artifacts/O3/p01571/main_opt_2.after.ll,True,11,11,0,256,261,5,5984,6020,36,24,26,2,52,52,0,52,52,0,0,0,0,11,11,0,6,6,0,701,701,0,532,537,5,790,788,-2,121,137,16,492,492,0,9,9,0,0,0,0,2029,2032,3,1953,1969,16,0,0,0
public_v1,O3,p01571,bundle_default_opt_3,/home/dungbv/clau/result/ir_public_o3_20260816/p01571/p01571_final.02-pointer-opt.ll,/home/dungbv/clau/reports/ir_boundary_public_20260816/artifacts/O3/p01571/bundle_default_opt_3.after.ll,True,19,19,0,274,275,1,4270,3549,-721,25,26,1,268,269,1,268,269,1,0,0,0,8,9,1,5,5,0,699,635,-64,492,404,-88,378,347,-31,130,121,-9,67,68,1,9,9,0,0,0,0,1574,1391,-183,939,766,-173,0,0,0
public_v1,O3,p01571,bundle_default_opt_4,/home/dungbv/clau/result/ir_public_o3_20260816/p01571/p01571_final.05-unpinned.ll,/home/dungbv/clau/reports/ir_boundary_public_20260816/artifacts/O3/p01571/bundle_default_opt_4.after.ll,True,19,19,0,275,275,0,3549,3300,-249,26,26,0,269,269,0,269,269,0,0,0,0,9,9,0,5,5,0,635,617,-18,404,404,0,347,333,-14,121,113,-8,68,68,0,9,9,0,0,0,0,1391,1359,-32,766,694,-72,0,0,0
public_v1,O3,p01571,bundle_post_opt_4_custom_cleanup,/home/dungbv/clau/reports/ir_boundary_public_20260816/artifacts/O3/p01571/bundle_default_opt_4.after.ll,/home/dungbv/clau/result/ir_public_o3_20260816/p01571/p01571_final.ll,True,19,19,0,275,275,0,3300,3283,-17,26,26,0,269,269,0,269,269,0,0,0,0,9,9,0,5,5,0,617,617,0,404,404,0,333,335,2,113,111,-2,68,68,0,9,9,0,0,0,0,1359,1361,2,694,689,-5,0,0,0
public_v1,O3,p01687,main_default_opt_1,/home/dungbv/clau/reports/ir_boundary_public_20260816/artifacts/O3/p01687/main_opt_1.before.ll,/home/dungbv/clau/reports/ir_boundary_public_20260816/artifacts/O3/p01687/main_opt_1.after.ll,True,6,4,-2,67,61,-6,1393,830,-563,23,18,-5,23,11,-12,23,11,-12,0,0,0,10,0,-10,3,1,-2,106,75,-31,177,82,-95,205,116,-89,36,29,-7,90,69,-21,2,1,-1,0,0,0,491,274,-217,388,271,-117,0,0,0
public_v1,O3,p01687,main_default_opt_2,/home/dungbv/clau/reports/ir_boundary_public_20260816/artifacts/O3/p01687/main_opt_2.before.ll,/home/dungbv/clau/reports/ir_boundary_public_20260816/artifacts/O3/p01687/main_opt_2.after.ll,True,4,4,0,60,49,-11,685,624,-61,18,15,-3,11,10,-1,11,10,-1,0,0,0,0,0,0,1,1,0,58,54,-4,79,78,-1,109,110,1,23,15,-8,65,68,3,1,1,0,0,0,0,247,243,-4,225,206,-19,0,0,0
public_v1,O3,p01687,bundle_default_opt_3,/home/dungbv/clau/result/ir_public_o3_20260816/p01687/p01687_final.02-pointer-opt.ll,/home/dungbv/clau/reports/ir_boundary_public_20260816/artifacts/O3/p01687/bundle_default_opt_3.after.ll,True,4,3,-1,49,46,-3,627,539,-88,15,15,0,10,9,-1,10,9,-1,0,0,0,0,0,0,1,1,0,54,47,-7,78,66,-12,111,91,-20,15,7,-8,68,64,-4,1,1,0,0,0,0,244,205,-39,209,183,-26,0,0,0
public_v1,O3,p01687,bundle_default_opt_4,/home/dungbv/clau/result/ir_public_o3_20260816/p01687/p01687_final.05-unpinned.ll,/home/dungbv/clau/reports/ir_boundary_public_20260816/artifacts/O3/p01687/bundle_default_opt_4.after.ll,True,3,3,0,46,46,0,539,539,0,15,15,0,9,9,0,9,9,0,0,0,0,0,0,0,1,1,0,47,47,0,66,66,0,91,91,0,7,7,0,64,64,0,1,1,0,0,0,0,205,205,0,183,183,0,0,0,0
public_v1,O3,p01687,bundle_post_opt_4_custom_cleanup,/home/dungbv/clau/reports/ir_boundary_public_20260816/artifacts/O3/p01687/bundle_default_opt_4.after.ll,/home/dungbv/clau/result/ir_public_o3_20260816/p01687/p01687_final.ll,True,3,3,0,46,46,0,539,343,-196,15,15,0,9,9,0,9,9,0,0,0,0,0,0,0,1,1,0,47,37,-10,66,56,-10,91,42,-49,7,6,-1,64,24,-40,1,1,0,0,0,0,205,136,-69,183,97,-86,0,0,0
public_v1,O3,p01766,main_default_opt_1,/home/dungbv/clau/reports/ir_boundary_public_20260816/artifacts/O3/p01766/main_opt_1.before.ll,/home/dungbv/clau/reports/ir_boundary_public_20260816/artifacts/O3/p01766/main_opt_1.after.ll,True,3,2,-1,26,23,-3,655,459,-196,9,11,2,20,19,-1,20,19,-1,0,0,0,14,15,1,7,7,0,65,37,-28,146,113,-33,101,94,-7,27,13,-14,19,14,-5,0,0,0,0,0,0,319,251,-68,134,95,-39,0,0,0
public_v1,O3,p01766,main_default_opt_2,/home/dungbv/clau/reports/ir_boundary_public_20260816/artifacts/O3/p01766/main_opt_2.before.ll,/home/dungbv/clau/reports/ir_boundary_public_20260816/artifacts/O3/p01766/main_opt_2.after.ll,True,2,2,0,23,23,0,525,333,-192,11,11,0,15,13,-2,15,13,-2,0,0,0,11,9,-2,6,6,0,23,23,0,67,68,1,78,78,0,7,7,0,14,14,0,0,0,0,0,0,0,174,175,1,69,70,1,0,0,0
public_v1,O3,p01766,bundle_default_opt_3,/home/dungbv/clau/result/ir_public_o3_20260816/p01766/p01766_final.02-pointer-opt.ll,/home/dungbv/clau/reports/ir_boundary_public_20260816/artifacts/O3/p01766/bundle_default_opt_3.after.ll,True,2,2,0,22,22,0,290,290,0,11,11,0,13,13,0,13,13,0,0,0,0,9,9,0,6,6,0,22,22,0,48,48,0,67,67,0,7,7,0,10,10,0,0,0,0,0,0,0,143,143,0,61,61,0,0,0,0
public_v1,O3,p01766,bundle_default_opt_4,/home/dungbv/clau/result/ir_public_o3_20260816/p01766/p01766_final.05-unpinned.ll,/home/dungbv/clau/reports/ir_boundary_public_20260816/artifacts/O3/p01766/bundle_default_opt_4.after.ll,True,2,2,0,22,22,0,290,290,0,11,11,0,13,13,0,13,13,0,0,0,0,9,9,0,6,6,0,22,22,0,48,48,0,67,67,0,7,7,0,10,10,0,0,0,0,0,0,0,143,143,0,61,61,0,0,0,0
public_v1,O3,p01766,bundle_post_opt_4_custom_cleanup,/home/dungbv/clau/reports/ir_boundary_public_20260816/artifacts/O3/p01766/bundle_default_opt_4.after.ll,/home/dungbv/clau/result/ir_public_o3_20260816/p01766/p01766_final.ll,True,2,2,0,22,22,0,290,290,0,11,11,0,13,13,0,13,13,0,0,0,0,9,9,0,6,6,0,22,22,0,48,48,0,67,67,0,7,7,0,10,10,0,0,0,0,0,0,0,143,143,0,61,61,0,0,0,0
public_v1,O3,p01970,main_default_opt_1,/home/dungbv/clau/reports/ir_boundary_public_20260816/artifacts/O3/p01970/main_opt_1.before.ll,/home/dungbv/clau/reports/ir_boundary_public_20260816/artifacts/O3/p01970/main_opt_1.after.ll,True,5,2,-3,90,73,-17,1319,589,-730,7,4,-3,17,6,-11,17,6,-11,0,0,0,9,0,-9,3,0,-3,139,57,-82,173,13,-160,83,25,-58,58,29,-29,13,13,0,4,2,-2,0,0,0,398,95,-303,318,174,-144,0,0,0
public_v1,O3,p01970,main_default_opt_2,/home/dungbv/clau/reports/ir_boundary_public_20260816/artifacts/O3/p01970/main_opt_2.before.ll,/home/dungbv/clau/reports/ir_boundary_public_20260816/artifacts/O3/p01970/main_opt_2.after.ll,True,2,2,0,68,68,0,304,294,-10,4,4,0,6,6,0,6,6,0,0,0,0,0,0,0,0,0,0,21,19,-2,13,13,0,25,23,-2,27,27,0,13,13,0,2,2,0,0,0,0,59,55,-4,95,93,-2,0,0,0
public_v1,O3,p01970,bundle_default_opt_3,/home/dungbv/clau/result/ir_public_o3_20260816/p01970/p01970_final.02-pointer-opt.ll,/home/dungbv/clau/reports/ir_boundary_public_20260816/artifacts/O3/p01970/bundle_default_opt_3.after.ll,True,2,2,0,68,68,0,294,294,0,4,4,0,6,6,0,6,6,0,0,0,0,0,0,0,0,0,0,19,19,0,13,13,0,23,23,0,27,27,0,13,13,0,2,2,0,0,0,0,55,55,0,93,93,0,0,0,0
public_v1,O3,p01970,bundle_default_opt_4,/home/dungbv/clau/result/ir_public_o3_20260816/p01970/p01970_final.05-unpinned.ll,/home/dungbv/clau/reports/ir_boundary_public_20260816/artifacts/O3/p01970/bundle_default_opt_4.after.ll,True,2,2,0,68,68,0,294,294,0,4,4,0,6,6,0,6,6,0,0,0,0,0,0,0,0,0,0,19,19,0,13,13,0,23,23,0,27,27,0,13,13,0,2,2,0,0,0,0,55,55,0,93,93,0,0,0,0
public_v1,O3,p01970,bundle_post_opt_4_custom_cleanup,/home/dungbv/clau/reports/ir_boundary_public_20260816/artifacts/O3/p01970/bundle_default_opt_4.after.ll,/home/dungbv/clau/result/ir_public_o3_20260816/p01970/p01970_final.ll,True,2,2,0,68,68,0,294,294,0,4,4,0,6,6,0,6,6,0,0,0,0,0,0,0,0,0,0,19,19,0,13,13,0,23,23,0,27,27,0,13,13,0,2,2,0,0,0,0,55,55,0,93,93,0,0,0,0
public_v1,O3,p02029,main_default_opt_1,/home/dungbv/clau/reports/ir_boundary_public_20260816/artifacts/O3/p02029/main_opt_1.before.ll,/home/dungbv/clau/reports/ir_boundary_public_20260816/artifacts/O3/p02029/main_opt_1.after.ll,True,8,6,-2,142,127,-15,3379,2403,-976,17,8,-9,39,24,-15,39,24,-15,0,0,0,14,1,-13,3,1,-2,304,282,-22,304,285,-19,488,244,-244,46,57,11,156,156,0,8,3,-5,0,0,0,1099,812,-287,868,719,-149,0,0,0
public_v1,O3,p02029,main_default_opt_2,/home/dungbv/clau/reports/ir_boundary_public_20260816/artifacts/O3/p02029/main_opt_2.before.ll,/home/dungbv/clau/reports/ir_boundary_public_20260816/artifacts/O3/p02029/main_opt_2.after.ll,True,6,6,0,127,127,0,2070,2003,-67,8,8,0,23,23,0,23,23,0,0,0,0,0,0,0,1,1,0,230,228,-2,257,256,-1,244,246,2,49,46,-3,156,156,0,3,3,0,0,0,0,732,731,-1,619,609,-10,0,0,0
public_v1,O3,p02029,bundle_default_opt_3,/home/dungbv/clau/result/ir_public_o3_20260816/p02029/p02029_final.02-pointer-opt.ll,/home/dungbv/clau/reports/ir_boundary_public_20260816/artifacts/O3/p02029/bundle_default_opt_3.after.ll,True,7,7,0,129,136,7,1528,1426,-102,8,12,4,89,91,2,89,91,2,0,0,0,0,0,0,1,1,0,226,221,-5,256,258,2,150,147,-3,46,53,7,26,27,1,3,3,0,0,0,0,633,627,-6,318,281,-37,0,0,0
public_v1,O3,p02029,bundle_default_opt_4,/home/dungbv/clau/result/ir_public_o3_20260816/p02029/p02029_final.05-unpinned.ll,/home/dungbv/clau/reports/ir_boundary_public_20260816/artifacts/O3/p02029/bundle_default_opt_4.after.ll,True,7,6,-1,136,135,-1,1426,1382,-44,12,12,0,91,90,-1,91,90,-1,0,0,0,0,0,0,1,1,0,221,219,-2,258,254,-4,147,129,-18,53,51,-2,27,26,-1,3,3,0,0,0,0,627,603,-24,281,272,-9,0,0,0
public_v1,O3,p02029,bundle_post_opt_4_custom_cleanup,/home/dungbv/clau/reports/ir_boundary_public_20260816/artifacts/O3/p02029/bundle_default_opt_4.after.ll,/home/dungbv/clau/result/ir_public_o3_20260816/p02029/p02029_final.ll,True,6,6,0,135,135,0,1382,1382,0,12,12,0,90,90,0,90,90,0,0,0,0,0,0,0,1,1,0,219,219,0,254,254,0,129,129,0,51,51,0,26,26,0,3,3,0,0,0,0,603,603,0,272,272,0,0,0,0
public_v1,O3,p02100,main_default_opt_1,/home/dungbv/clau/reports/ir_boundary_public_20260816/artifacts/O3/p02100/main_opt_1.before.ll,/home/dungbv/clau/reports/ir_boundary_public_20260816/artifacts/O3/p02100/main_opt_1.after.ll,True,5,3,-2,51,44,-7,1168,692,-476,11,10,-1,20,7,-13,20,7,-13,0,0,0,13,2,-11,5,1,-4,105,69,-36,178,107,-71,167,88,-79,30,32,2,51,46,-5,2,1,-1,0,0,0,455,265,-190,275,210,-65,0,0,0
public_v1,O3,p02100,main_default_opt_2,/home/dungbv/clau/reports/ir_boundary_public_20260816/artifacts/O3/p02100/main_opt_2.before.ll,/home/dungbv/clau/reports/ir_boundary_public_20260816/artifacts/O3/p02100/main_opt_2.after.ll,True,3,3,0,44,40,-4,626,506,-120,10,10,0,5,4,-1,5,4,-1,0,0,0,0,0,0,1,1,0,45,42,-3,82,79,-3,95,90,-5,23,21,-2,54,54,0,1,1,0,0,0,0,223,212,-11,188,161,-27,0,0,0
public_v1,O3,p02100,bundle_default_opt_3,/home/dungbv/clau/result/ir_public_o3_20260816/p02100/p02100_final.02-pointer-opt.ll,/home/dungbv/clau/reports/ir_boundary_public_20260816/artifacts/O3/p02100/bundle_default_opt_3.after.ll,True,4,3,-1,42,41,-1,388,359,-29,10,10,0,21,19,-2,21,19,-2,0,0,0,0,0,0,1,1,0,42,39,-3,79,77,-2,57,52,-5,20,14,-6,18,20,2,1,1,0,0,0,0,179,169,-10,88,81,-7,0,0,0
public_v1,O3,p02100,bundle_default_opt_4,/home/dungbv/clau/result/ir_public_o3_20260816/p02100/p02100_final.05-unpinned.ll,/home/dungbv/clau/reports/ir_boundary_public_20260816/artifacts/O3/p02100/bundle_default_opt_4.after.ll,True,3,3,0,41,41,0,359,359,0,10,10,0,19,19,0,19,19,0,0,0,0,0,0,0,1,1,0,39,39,0,77,77,0,52,52,0,14,14,0,20,20,0,1,1,0,0,0,0,169,169,0,81,81,0,0,0,0
public_v1,O3,p02100,bundle_post_opt_4_custom_cleanup,/home/dungbv/clau/reports/ir_boundary_public_20260816/artifacts/O3/p02100/bundle_default_opt_4.after.ll,/home/dungbv/clau/result/ir_public_o3_20260816/p02100/p02100_final.ll,True,3,4,1,41,43,2,359,309,-50,10,10,0,19,15,-4,19,15,-4,0,0,0,0,0,0,1,1,0,39,28,-11,77,72,-5,52,42,-10,14,13,-1,20,14,-6,1,1,0,0,0,0,169,143,-26,81,66,-15,0,0,0
public_v1,O3,p02289,main_default_opt_1,/home/dungbv/clau/reports/ir_boundary_public_20260816/artifacts/O3/p02289/main_opt_1.before.ll,/home/dungbv/clau/reports/ir_boundary_public_20260816/artifacts/O3/p02289/main_opt_1.after.ll,True,10,5,-5,261,218,-43,5153,3834,-1319,43,13,-30,59,26,-33,59,26,-33,0,0,0,28,2,-26,11,1,-10,422,404,-18,465,364,-101,771,392,-379,121,130,9,279,279,0,20,7,-13,0,0,0,1669,1161,-508,1396,1204,-192,0,0,0
public_v1,O3,p02289,main_default_opt_2,/home/dungbv/clau/reports/ir_boundary_public_20260816/artifacts/O3/p02289/main_opt_2.before.ll,/home/dungbv/clau/reports/ir_boundary_public_20260816/artifacts/O3/p02289/main_opt_2.after.ll,True,5,5,0,217,216,-1,2970,2867,-103,13,13,0,26,23,-3,26,23,-3,0,0,0,2,0,-2,2,2,0,309,311,2,340,338,-2,384,376,-8,100,81,-19,263,265,2,7,7,0,0,0,0,1035,1027,-8,932,908,-24,0,0,0
public_v1,O3,p02289,bundle_default_opt_3,/home/dungbv/clau/result/ir_public_o3_20260816/p02289/p02289_final.02-pointer-opt.ll,/home/dungbv/clau/reports/ir_boundary_public_20260816/artifacts/O3/p02289/bundle_default_opt_3.after.ll,True,6,6,0,218,217,-1,1949,1772,-177,13,13,0,134,134,0,134,134,0,0,0,0,0,0,0,2,2,0,291,279,-12,338,323,-15,161,153,-8,81,72,-9,37,37,0,7,7,0,0,0,0,792,757,-35,363,306,-57,0,0,0
public_v1,O3,p02289,bundle_default_opt_4,/home/dungbv/clau/result/ir_public_o3_20260816/p02289/p02289_final.05-unpinned.ll,/home/dungbv/clau/reports/ir_boundary_public_20260816/artifacts/O3/p02289/bundle_default_opt_4.after.ll,True,6,6,0,217,217,0,1772,1617,-155,13,13,0,134,134,0,134,134,0,0,0,0,0,0,0,2,2,0,279,271,-8,323,323,0,153,129,-24,72,68,-4,37,37,0,7,7,0,0,0,0,757,725,-32,306,273,-33,0,0,0
public_v1,O3,p02289,bundle_post_opt_4_custom_cleanup,/home/dungbv/clau/reports/ir_boundary_public_20260816/artifacts/O3/p02289/bundle_default_opt_4.after.ll,/home/dungbv/clau/result/ir_public_o3_20260816/p02289/p02289_final.ll,True,6,6,0,217,217,0,1617,1620,3,13,13,0,134,133,-1,134,133,-1,0,0,0,0,0,0,2,2,0,271,268,-3,323,323,0,129,130,1,68,75,7,37,37,0,7,7,0,0,0,0,725,723,-2,273,280,7,0,0,0
public_v1,O3,p02474,main_default_opt_1,/home/dungbv/clau/reports/ir_boundary_public_20260816/artifacts/O3/p02474/main_opt_1.before.ll,/home/dungbv/clau/reports/ir_boundary_public_20260816/artifacts/O3/p02474/main_opt_1.after.ll,True,3,2,-1,32,29,-3,659,304,-355,11,14,3,17,8,-9,17,8,-9,0,0,0,10,2,-8,5,1,-4,81,29,-52,177,71,-106,83,39,-44,5,15,10,17,4,-13,0,0,0,0,0,0,346,140,-206,105,72,-33,0,0,0
public_v1,O3,p02474,main_default_opt_2,/home/dungbv/clau/reports/ir_boundary_public_20260816/artifacts/O3/p02474/main_opt_2.before.ll,/home/dungbv/clau/reports/ir_boundary_public_20260816/artifacts/O3/p02474/main_opt_2.after.ll,True,2,2,0,29,22,-7,229,142,-87,14,12,-2,6,6,0,6,6,0,0,0,0,0,0,0,1,0,-1,16,13,-3,43,5,-38,38,15,-23,14,12,-2,4,3,-1,0,0,0,0,0,0,98,33,-65,49,45,-4,0,0,0
public_v1,O3,p02474,bundle_default_opt_3,/home/dungbv/clau/result/ir_public_o3_20260816/p02474/p02474_final.02-pointer-opt.ll,/home/dungbv/clau/reports/ir_boundary_public_20260816/artifacts/O3/p02474/bundle_default_opt_3.after.ll,True,2,2,0,22,22,0,142,141,-1,12,12,0,6,6,0,6,6,0,0,0,0,0,0,0,0,0,0,13,13,0,5,5,0,15,15,0,12,12,0,3,3,0,0,0,0,0,0,0,33,33,0,45,44,-1,0,0,0
public_v1,O3,p02474,bundle_default_opt_4,/home/dungbv/clau/result/ir_public_o3_20260816/p02474/p02474_final.05-unpinned.ll,/home/dungbv/clau/reports/ir_boundary_public_20260816/artifacts/O3/p02474/bundle_default_opt_4.after.ll,True,2,2,0,22,22,0,141,141,0,12,12,0,6,6,0,6,6,0,0,0,0,0,0,0,0,0,0,13,13,0,5,5,0,15,15,0,12,12,0,3,3,0,0,0,0,0,0,0,33,33,0,44,44,0,0,0,0
public_v1,O3,p02474,bundle_post_opt_4_custom_cleanup,/home/dungbv/clau/reports/ir_boundary_public_20260816/artifacts/O3/p02474/bundle_default_opt_4.after.ll,/home/dungbv/clau/result/ir_public_o3_20260816/p02474/p02474_final.ll,True,2,2,0,22,22,0,141,141,0,12,12,0,6,6,0,6,6,0,0,0,0,0,0,0,0,0,0,13,13,0,5,5,0,15,15,0,12,12,0,3,3,0,0,0,0,0,0,0,33,33,0,44,44,0,0,0,0
public_v1,O3,p02477,main_default_opt_1,/home/dungbv/clau/reports/ir_boundary_public_20260816/artifacts/O3/p02477/main_opt_1.before.ll,/home/dungbv/clau/reports/ir_boundary_public_20260816/artifacts/O3/p02477/main_opt_1.after.ll,True,6,4,-2,144,128,-16,2594,1766,-828,19,10,-9,15,9,-6,15,9,-6,0,0,0,4,0,-4,1,1,0,262,210,-52,306,201,-105,310,155,-155,48,50,2,115,102,-13,6,3,-3,0,0,0,879,567,-312,606,509,-97,0,0,0
public_v1,O3,p02477,main_default_opt_2,/home/dungbv/clau/reports/ir_boundary_public_20260816/artifacts/O3/p02477/main_opt_2.before.ll,/home/dungbv/clau/reports/ir_boundary_public_20260816/artifacts/O3/p02477/main_opt_2.after.ll,True,4,4,0,128,128,0,1744,1738,-6,10,10,0,9,9,0,9,9,0,0,0,0,0,0,0,1,1,0,207,207,0,201,197,-4,155,155,0,47,47,0,102,101,-1,3,3,0,0,0,0,564,560,-4,506,504,-2,0,0,0
public_v1,O3,p02477,bundle_default_opt_3,/home/dungbv/clau/result/ir_public_o3_20260816/p02477/p02477_final.02-pointer-opt.ll,/home/dungbv/clau/reports/ir_boundary_public_20260816/artifacts/O3/p02477/bundle_default_opt_3.after.ll,True,5,5,0,130,129,-1,1395,1367,-28,10,11,1,49,47,-2,49,47,-2,0,0,0,0,0,0,1,1,0,186,184,-2,197,199,2,79,69,-10,46,49,3,23,22,-1,3,3,0,0,0,0,463,453,-10,316,311,-5,0,0,0
public_v1,O3,p02477,bundle_default_opt_4,/home/dungbv/clau/result/ir_public_o3_20260816/p02477/p02477_final.05-unpinned.ll,/home/dungbv/clau/reports/ir_boundary_public_20260816/artifacts/O3/p02477/bundle_default_opt_4.after.ll,True,5,5,0,129,129,0,1367,1362,-5,11,11,0,47,47,0,47,47,0,0,0,0,0,0,0,1,1,0,184,184,0,199,199,0,69,64,-5,49,49,0,22,22,0,3,3,0,0,0,0,453,448,-5,311,311,0,0,0,0
public_v1,O3,p02477,bundle_post_opt_4_custom_cleanup,/home/dungbv/clau/reports/ir_boundary_public_20260816/artifacts/O3/p02477/bundle_default_opt_4.after.ll,/home/dungbv/clau/result/ir_public_o3_20260816/p02477/p02477_final.ll,True,5,5,0,129,129,0,1362,1361,-1,11,11,0,47,47,0,47,47,0,0,0,0,0,0,0,1,1,0,184,183,-1,199,199,0,64,64,0,49,49,0,22,22,0,3,3,0,0,0,0,448,447,-1,311,311,0,0,0,0
public_v1,O3,p02788,main_default_opt_1,/home/dungbv/clau/reports/ir_boundary_public_20260816/artifacts/O3/p02788/main_opt_1.before.ll,/home/dungbv/clau/reports/ir_boundary_public_20260816/artifacts/O3/p02788/main_opt_1.after.ll,True,10,8,-2,156,142,-14,4192,2780,-1412,34,22,-12,68,38,-30,68,38,-30,0,0,0,28,0,-28,3,1,-2,394,331,-63,363,239,-124,523,323,-200,93,96,3,155,148,-7,10,5,-5,4,4,0,1283,894,-389,1097,791,-306,0,0,0
public_v1,O3,p02788,main_default_opt_2,/home/dungbv/clau/reports/ir_boundary_public_20260816/artifacts/O3/p02788/main_opt_2.before.ll,/home/dungbv/clau/reports/ir_boundary_public_20260816/artifacts/O3/p02788/main_opt_2.after.ll,True,8,6,-2,141,149,8,2524,2683,159,22,29,7,38,32,-6,38,32,-6,0,0,0,0,0,0,1,1,0,308,343,35,237,285,48,320,371,51,84,90,6,146,149,3,5,5,0,4,4,0,866,1000,134,720,741,21,0,0,0
public_v1,O3,p02788,bundle_default_opt_3,/home/dungbv/clau/result/ir_public_o3_20260816/p02788/p02788_final.02-pointer-opt.ll,/home/dungbv/clau/reports/ir_boundary_public_20260816/artifacts/O3/p02788/bundle_default_opt_3.after.ll,True,7,7,0,129,128,-1,1957,1796,-161,26,25,-1,91,91,0,91,91,0,0,0,0,0,0,0,1,1,0,297,275,-22,258,221,-37,236,192,-44,58,63,5,24,24,0,3,3,0,4,4,0,792,689,-103,397,373,-24,0,0,0
public_v1,O3,p02788,bundle_default_opt_4,/home/dungbv/clau/result/ir_public_o3_20260816/p02788/p02788_final.05-unpinned.ll,/home/dungbv/clau/reports/ir_boundary_public_20260816/artifacts/O3/p02788/bundle_default_opt_4.after.ll,True,7,7,0,128,128,0,1796,1786,-10,25,25,0,91,91,0,91,91,0,0,0,0,0,0,0,1,1,0,275,275,0,221,221,0,192,182,-10,63,63,0,24,24,0,3,3,0,4,4,0,689,679,-10,373,373,0,0,0,0
public_v1,O3,p02788,bundle_post_opt_4_custom_cleanup,/home/dungbv/clau/reports/ir_boundary_public_20260816/artifacts/O3/p02788/bundle_default_opt_4.after.ll,/home/dungbv/clau/result/ir_public_o3_20260816/p02788/p02788_final.ll,True,7,7,0,128,128,0,1786,1786,0,25,25,0,91,91,0,91,91,0,0,0,0,0,0,0,1,1,0,275,275,0,221,221,0,182,182,0,63,63,0,24,24,0,3,3,0,4,4,0,679,679,0,373,373,0,0,0,0
public_v1,O3,p02814,main_default_opt_1,/home/dungbv/clau/reports/ir_boundary_public_20260816/artifacts/O3/p02814/main_opt_1.before.ll,/home/dungbv/clau/reports/ir_boundary_public_20260816/artifacts/O3/p02814/main_opt_1.after.ll,True,11,5,-6,87,75,-12,3508,2155,-1353,26,26,0,75,44,-31,75,44,-31,0,0,0,35,13,-22,16,7,-9,227,162,-65,351,226,-125,739,408,-331,46,38,-8,245,216,-29,1,1,0,18,16,-2,1333,803,-530,940,712,-228,0,0,0
public_v1,O3,p02814,main_default_opt_2,/home/dungbv/clau/reports/ir_boundary_public_20260816/artifacts/O3/p02814/main_opt_2.before.ll,/home/dungbv/clau/reports/ir_boundary_public_20260816/artifacts/O3/p02814/main_opt_2.after.ll,True,5,5,0,75,75,0,2070,1855,-215,26,26,0,44,44,0,44,44,0,0,0,0,13,13,0,7,7,0,143,138,-5,226,224,-2,413,386,-27,35,28,-7,231,218,-13,1,1,0,16,16,0,789,755,-34,713,623,-90,0,0,0
public_v1,O3,p02814,bundle_default_opt_3,/home/dungbv/clau/result/ir_public_o3_20260816/p02814/p02814_final.02-pointer-opt.ll,/home/dungbv/clau/reports/ir_boundary_public_20260816/artifacts/O3/p02814/bundle_default_opt_3.after.ll,True,8,8,0,81,81,0,1082,996,-86,26,26,0,106,107,1,106,107,1,0,0,0,13,13,0,7,7,0,133,128,-5,224,183,-41,174,148,-26,28,30,2,23,21,-2,1,1,0,16,16,0,538,466,-72,197,194,-3,0,0,0
public_v1,O3,p02814,bundle_default_opt_4,/home/dungbv/clau/result/ir_public_o3_20260816/p02814/p02814_final.05-unpinned.ll,/home/dungbv/clau/reports/ir_boundary_public_20260816/artifacts/O3/p02814/bundle_default_opt_4.after.ll,True,8,8,0,81,81,0,996,994,-2,26,26,0,107,107,0,107,107,0,0,0,0,13,13,0,7,7,0,128,128,0,183,183,0,148,146,-2,30,30,0,21,21,0,1,1,0,16,16,0,466,464,-2,194,194,0,0,0,0
public_v1,O3,p02814,bundle_post_opt_4_custom_cleanup,/home/dungbv/clau/reports/ir_boundary_public_20260816/artifacts/O3/p02814/bundle_default_opt_4.after.ll,/home/dungbv/clau/result/ir_public_o3_20260816/p02814/p02814_final.ll,True,8,8,0,81,81,0,994,991,-3,26,26,0,107,102,-5,107,102,-5,0,0,0,13,13,0,7,7,0,128,125,-3,183,183,0,146,150,4,30,30,0,21,21,0,1,1,0,16,16,0,464,465,1,194,193,-1,0,0,0
public_v1,O3,p02950,main_default_opt_1,/home/dungbv/clau/reports/ir_boundary_public_20260816/artifacts/O3/p02950/main_opt_1.before.ll,/home/dungbv/clau/reports/ir_boundary_public_20260816/artifacts/O3/p02950/main_opt_1.after.ll,True,4,3,-1,114,106,-8,2564,1463,-1101,32,28,-4,71,40,-31,71,40,-31,0,0,0,32,2,-30,13,1,-12,198,174,-24,324,119,-205,357,89,-268,25,27,2,82,41,-41,3,1,-2,24,24,0,892,383,-509,590,387,-203,0,0,0
public_v1,O3,p02950,main_default_opt_2,/home/dungbv/clau/reports/ir_boundary_public_20260816/artifacts/O3/p02950/main_opt_2.before.ll,/home/dungbv/clau/reports/ir_boundary_public_20260816/artifacts/O3/p02950/main_opt_2.after.ll,True,4,3,-1,108,101,-7,889,846,-43,28,28,0,39,38,-1,39,38,-1,0,0,0,0,0,0,1,1,0,110,108,-2,91,91,0,86,85,-1,9,7,-2,38,38,0,1,1,0,24,24,0,288,285,-3,212,206,-6,0,0,0
public_v1,O3,p02950,bundle_default_opt_3,/home/dungbv/clau/result/ir_public_o3_20260816/p02950/p02950_final.02-pointer-opt.ll,/home/dungbv/clau/reports/ir_boundary_public_20260816/artifacts/O3/p02950/bundle_default_opt_3.after.ll,True,4,4,0,103,102,-1,780,728,-52,28,29,1,46,47,1,46,47,1,0,0,0,0,0,0,1,1,0,108,108,0,91,96,5,71,56,-15,7,4,-3,17,18,1,1,1,0,24,24,0,271,261,-10,172,157,-15,0,0,0
public_v1,O3,p02950,bundle_default_opt_4,/home/dungbv/clau/result/ir_public_o3_20260816/p02950/p02950_final.05-unpinned.ll,/home/dungbv/clau/reports/ir_boundary_public_20260816/artifacts/O3/p02950/bundle_default_opt_4.after.ll,True,4,4,0,102,102,0,728,722,-6,29,29,0,47,47,0,47,47,0,0,0,0,0,0,0,1,1,0,108,108,0,96,96,0,56,50,-6,4,4,0,18,18,0,1,1,0,24,24,0,261,255,-6,157,157,0,0,0,0
public_v1,O3,p02950,bundle_post_opt_4_custom_cleanup,/home/dungbv/clau/reports/ir_boundary_public_20260816/artifacts/O3/p02950/bundle_default_opt_4.after.ll,/home/dungbv/clau/result/ir_public_o3_20260816/p02950/p02950_final.ll,True,4,4,0,102,102,0,722,722,0,29,29,0,47,47,0,47,47,0,0,0,0,0,0,0,1,1,0,108,108,0,96,96,0,50,50,0,4,4,0,18,18,0,1,1,0,24,24,0,255,255,0,157,157,0,0,0,0
public_v1,O3,p03006,main_default_opt_1,/home/dungbv/clau/reports/ir_boundary_public_20260816/artifacts/O3/p03006/main_opt_1.before.ll,/home/dungbv/clau/reports/ir_boundary_public_20260816/artifacts/O3/p03006/main_opt_1.after.ll,True,8,3,-5,124,100,-24,2464,1466,-998,15,7,-8,44,16,-28,44,16,-28,0,0,0,30,7,-23,11,3,-8,199,160,-39,304,147,-157,317,144,-173,72,65,-7,64,57,-7,5,4,-1,0,0,0,831,454,-377,512,377,-135,0,0,0
public_v1,O3,p03006,main_default_opt_2,/home/dungbv/clau/reports/ir_boundary_public_20260816/artifacts/O3/p03006/main_opt_2.before.ll,/home/dungbv/clau/reports/ir_boundary_public_20260816/artifacts/O3/p03006/main_opt_2.after.ll,True,3,3,0,100,90,-10,752,702,-50,7,7,0,12,10,-2,12,10,-2,0,0,0,3,1,-2,2,2,0,93,93,0,101,102,1,121,123,2,14,12,-2,48,48,0,4,4,0,0,0,0,317,320,3,143,135,-8,0,0,0
public_v1,O3,p03006,bundle_default_opt_3,/home/dungbv/clau/result/ir_public_o3_20260816/p03006/p03006_final.02-pointer-opt.ll,/home/dungbv/clau/reports/ir_boundary_public_20260816/artifacts/O3/p03006/bundle_default_opt_3.after.ll,True,3,3,0,90,91,1,691,617,-74,7,7,0,10,10,0,10,10,0,0,0,0,1,1,0,2,2,0,81,80,-1,102,101,-1,126,112,-14,11,13,2,48,36,-12,4,4,0,0,0,0,311,295,-16,137,108,-29,0,0,0
public_v1,O3,p03006,bundle_default_opt_4,/home/dungbv/clau/result/ir_public_o3_20260816/p03006/p03006_final.05-unpinned.ll,/home/dungbv/clau/reports/ir_boundary_public_20260816/artifacts/O3/p03006/bundle_default_opt_4.after.ll,True,3,3,0,91,91,0,617,613,-4,7,7,0,10,10,0,10,10,0,0,0,0,1,1,0,2,2,0,80,80,0,101,101,0,112,108,-4,13,13,0,36,36,0,4,4,0,0,0,0,295,291,-4,108,108,0,0,0,0
public_v1,O3,p03006,bundle_post_opt_4_custom_cleanup,/home/dungbv/clau/reports/ir_boundary_public_20260816/artifacts/O3/p03006/bundle_default_opt_4.after.ll,/home/dungbv/clau/result/ir_public_o3_20260816/p03006/p03006_final.ll,True,3,3,0,91,91,0,613,613,0,7,7,0,10,10,0,10,10,0,0,0,0,1,1,0,2,2,0,80,80,0,101,101,0,108,108,0,13,13,0,36,36,0,4,4,0,0,0,0,291,291,0,108,108,0,0,0,0
public_v1,O3,p03111,main_default_opt_1,/home/dungbv/clau/reports/ir_boundary_public_20260816/artifacts/O3/p03111/main_opt_1.before.ll,/home/dungbv/clau/reports/ir_boundary_public_20260816/artifacts/O3/p03111/main_opt_1.after.ll,True,23,9,-14,108,82,-26,4007,2757,-1250,17,14,-3,81,83,2,81,83,2,0,0,0,36,55,19,12,24,12,318,203,-115,389,434,45,749,533,-216,37,39,2,245,239,-6,2,1,-1,8,5,-3,1468,1194,-274,968,772,-196,0,0,0
public_v1,O3,p03111,main_default_opt_2,/home/dungbv/clau/reports/ir_boundary_public_20260816/artifacts/O3/p03111/main_opt_2.before.ll,/home/dungbv/clau/reports/ir_boundary_public_20260816/artifacts/O3/p03111/main_opt_2.after.ll,True,4,4,0,65,64,-1,2773,2184,-589,11,10,-1,59,58,-1,59,58,-1,0,0,0,32,32,0,17,17,0,158,157,-1,292,292,0,497,443,-54,27,24,-3,271,223,-48,1,1,0,5,4,-1,964,909,-55,874,656,-218,0,0,0
public_v1,O3,p03111,bundle_default_opt_3,/home/dungbv/clau/result/ir_public_o3_20260816/p03111/p03111_final.02-pointer-opt.ll,/home/dungbv/clau/reports/ir_boundary_public_20260816/artifacts/O3/p03111/bundle_default_opt_3.after.ll,True,5,5,0,66,66,0,1348,1315,-33,10,10,0,129,129,0,129,129,0,0,0,0,32,32,0,17,17,0,157,153,-4,292,286,-6,239,232,-7,22,24,2,13,13,0,1,1,0,4,4,0,705,688,-17,170,166,-4,0,0,0
public_v1,O3,p03111,bundle_default_opt_4,/home/dungbv/clau/result/ir_public_o3_20260816/p03111/p03111_final.05-unpinned.ll,/home/dungbv/clau/reports/ir_boundary_public_20260816/artifacts/O3/p03111/bundle_default_opt_4.after.ll,True,5,5,0,66,66,0,1315,1311,-4,10,10,0,129,129,0,129,129,0,0,0,0,32,32,0,17,17,0,153,153,0,286,286,0,232,228,-4,24,24,0,13,13,0,1,1,0,4,4,0,688,684,-4,166,166,0,0,0,0
public_v1,O3,p03111,bundle_post_opt_4_custom_cleanup,/home/dungbv/clau/reports/ir_boundary_public_20260816/artifacts/O3/p03111/bundle_default_opt_4.after.ll,/home/dungbv/clau/result/ir_public_o3_20260816/p03111/p03111_final.ll,True,5,5,0,66,66,0,1311,1311,0,10,10,0,129,129,0,129,129,0,0,0,0,32,32,0,17,17,0,153,153,0,286,286,0,228,228,0,24,24,0,13,13,0,1,1,0,4,4,0,684,684,0,166,166,0,0,0,0
public_v1,O3,p03142,main_default_opt_1,/home/dungbv/clau/reports/ir_boundary_public_20260816/artifacts/O3/p03142/main_opt_1.before.ll,/home/dungbv/clau/reports/ir_boundary_public_20260816/artifacts/O3/p03142/main_opt_1.after.ll,True,21,8,-13,122,91,-31,3736,2820,-916,15,5,-10,56,59,3,56,59,3,0,0,0,28,44,16,12,18,6,321,241,-80,340,368,28,692,457,-235,61,60,-1,231,235,4,4,3,-1,0,0,0,1365,1084,-281,973,871,-102,0,0,0
public_v1,O3,p03142,main_default_opt_2,/home/dungbv/clau/reports/ir_boundary_public_20260816/artifacts/O3/p03142/main_opt_2.before.ll,/home/dungbv/clau/reports/ir_boundary_public_20260816/artifacts/O3/p03142/main_opt_2.after.ll,True,3,3,0,77,76,-1,2887,2323,-564,3,3,0,38,38,0,38,38,0,0,0,0,24,24,0,13,13,0,196,195,-1,263,263,0,473,424,-49,49,32,-17,283,247,-36,3,3,0,0,0,0,945,895,-50,965,769,-196,0,0,0
public_v1,O3,p03142,bundle_default_opt_3,/home/dungbv/clau/result/ir_public_o3_20260816/p03142/p03142_final.02-pointer-opt.ll,/home/dungbv/clau/reports/ir_boundary_public_20260816/artifacts/O3/p03142/bundle_default_opt_3.after.ll,True,4,4,0,78,78,0,1428,1343,-85,3,3,0,112,112,0,112,112,0,0,0,0,24,24,0,13,13,0,195,195,0,263,216,-47,205,193,-12,32,28,-4,13,13,0,3,3,0,0,0,0,676,617,-59,243,237,-6,0,0,0
public_v1,O3,p03142,bundle_default_opt_4,/home/dungbv/clau/result/ir_public_o3_20260816/p03142/p03142_final.05-unpinned.ll,/home/dungbv/clau/reports/ir_boundary_public_20260816/artifacts/O3/p03142/bundle_default_opt_4.after.ll,True,4,4,0,78,78,0,1343,1341,-2,3,3,0,112,112,0,112,112,0,0,0,0,24,24,0,13,13,0,195,194,-1,216,216,0,193,192,-1,28,28,0,13,13,0,3,3,0,0,0,0,617,615,-2,237,237,0,0,0,0
public_v1,O3,p03142,bundle_post_opt_4_custom_cleanup,/home/dungbv/clau/reports/ir_boundary_public_20260816/artifacts/O3/p03142/bundle_default_opt_4.after.ll,/home/dungbv/clau/result/ir_public_o3_20260816/p03142/p03142_final.ll,True,4,4,0,78,78,0,1341,1341,0,3,3,0,112,112,0,112,112,0,0,0,0,24,24,0,13,13,0,194,194,0,216,216,0,192,192,0,28,28,0,13,13,0,3,3,0,0,0,0,615,615,0,237,237,0,0,0,0
public_v1,O3,p03199,main_default_opt_1,/home/dungbv/clau/reports/ir_boundary_public_20260816/artifacts/O3/p03199/main_opt_1.before.ll,/home/dungbv/clau/reports/ir_boundary_public_20260816/artifacts/O3/p03199/main_opt_1.after.ll,True,13,6,-7,199,194,-5,5067,3537,-1530,28,33,5,64,41,-23,64,41,-23,0,0,0,30,19,-11,11,9,-2,451,352,-99,552,534,-18,735,488,-247,46,73,27,202,165,-37,6,4,-2,6,5,-1,1749,1383,-366,1144,908,-236,0,0,0
public_v1,O3,p03199,main_default_opt_2,/home/dungbv/clau/reports/ir_boundary_public_20260816/artifacts/O3/p03199/main_opt_2.before.ll,/home/dungbv/clau/reports/ir_boundary_public_20260816/artifacts/O3/p03199/main_opt_2.after.ll,True,7,7,0,196,196,0,2600,2569,-31,33,33,0,46,30,-16,46,30,-16,0,0,0,23,7,-16,11,11,0,249,260,11,482,496,14,434,426,-8,62,62,0,158,156,-2,4,4,0,5,5,0,1176,1193,17,653,634,-19,0,0,0
public_v1,O3,p03199,bundle_default_opt_3,/home/dungbv/clau/result/ir_public_o3_20260816/p03199/p03199_final.02-pointer-opt.ll,/home/dungbv/clau/reports/ir_boundary_public_20260816/artifacts/O3/p03199/bundle_default_opt_3.after.ll,True,9,9,0,200,200,0,1953,1831,-122,33,33,0,68,68,0,68,68,0,0,0,0,4,4,0,11,11,0,247,238,-9,463,457,-6,229,214,-15,61,53,-8,40,40,0,4,4,0,5,5,0,950,920,-30,363,331,-32,0,0,0
public_v1,O3,p03199,bundle_default_opt_4,/home/dungbv/clau/result/ir_public_o3_20260816/p03199/p03199_final.05-unpinned.ll,/home/dungbv/clau/reports/ir_boundary_public_20260816/artifacts/O3/p03199/bundle_default_opt_4.after.ll,True,9,9,0,200,200,0,1831,1783,-48,33,33,0,68,68,0,68,68,0,0,0,0,4,4,0,11,11,0,238,231,-7,457,457,0,214,177,-37,53,53,0,40,40,0,4,4,0,5,5,0,920,876,-44,331,329,-2,0,0,0
public_v1,O3,p03199,bundle_post_opt_4_custom_cleanup,/home/dungbv/clau/reports/ir_boundary_public_20260816/artifacts/O3/p03199/bundle_default_opt_4.after.ll,/home/dungbv/clau/result/ir_public_o3_20260816/p03199/p03199_final.ll,True,9,9,0,200,200,0,1783,1774,-9,33,33,0,68,68,0,68,68,0,0,0,0,4,4,0,11,11,0,231,231,0,457,457,0,177,175,-2,53,50,-3,40,39,-1,4,4,0,5,5,0,876,874,-2,329,324,-5,0,0,0
public_v1,O3,p03261,main_default_opt_1,/home/dungbv/clau/reports/ir_boundary_public_20260816/artifacts/O3/p03261/main_opt_1.before.ll,/home/dungbv/clau/reports/ir_boundary_public_20260816/artifacts/O3/p03261/main_opt_1.after.ll,True,3,2,-1,22,19,-3,566,286,-280,6,10,4,30,11,-19,30,11,-19,0,0,0,22,6,-16,11,3,-8,44,18,-26,181,80,-101,104,43,-61,7,11,4,9,10,1,0,0,0,0,0,0,340,144,-196,65,71,6,0,0,0
public_v1,O3,p03261,main_default_opt_2,/home/dungbv/clau/reports/ir_boundary_public_20260816/artifacts/O3/p03261/main_opt_2.before.ll,/home/dungbv/clau/reports/ir_boundary_public_20260816/artifacts/O3/p03261/main_opt_2.after.ll,True,3,2,-1,21,17,-4,164,131,-33,10,10,0,6,5,-1,6,5,-1,0,0,0,0,0,0,1,1,0,5,5,0,34,34,0,25,21,-4,7,7,0,7,7,0,0,0,0,0,0,0,65,61,-4,40,35,-5,0,0,0
public_v1,O3,p03261,bundle_default_opt_3,/home/dungbv/clau/result/ir_public_o3_20260816/p03261/p03261_final.02-pointer-opt.ll,/home/dungbv/clau/reports/ir_boundary_public_20260816/artifacts/O3/p03261/bundle_default_opt_3.after.ll,True,2,2,0,17,17,0,131,131,0,10,10,0,5,5,0,5,5,0,0,0,0,0,0,0,1,1,0,5,5,0,34,34,0,21,21,0,7,7,0,7,7,0,0,0,0,0,0,0,61,61,0,35,35,0,0,0,0
public_v1,O3,p03261,bundle_default_opt_4,/home/dungbv/clau/result/ir_public_o3_20260816/p03261/p03261_final.05-unpinned.ll,/home/dungbv/clau/reports/ir_boundary_public_20260816/artifacts/O3/p03261/bundle_default_opt_4.after.ll,True,2,2,0,17,17,0,131,131,0,10,10,0,5,5,0,5,5,0,0,0,0,0,0,0,1,1,0,5,5,0,34,34,0,21,21,0,7,7,0,7,7,0,0,0,0,0,0,0,61,61,0,35,35,0,0,0,0
public_v1,O3,p03261,bundle_post_opt_4_custom_cleanup,/home/dungbv/clau/reports/ir_boundary_public_20260816/artifacts/O3/p03261/bundle_default_opt_4.after.ll,/home/dungbv/clau/result/ir_public_o3_20260816/p03261/p03261_final.ll,True,2,1,-1,17,16,-1,131,130,-1,10,10,0,5,5,0,5,5,0,0,0,0,0,0,0,1,1,0,5,5,0,34,34,0,21,21,0,7,7,0,7,7,0,0,0,0,0,0,0,61,61,0,35,35,0,0,0,0
public_v1,O3,p03430,main_default_opt_1,/home/dungbv/clau/reports/ir_boundary_public_20260816/artifacts/O3/p03430/main_opt_1.before.ll,/home/dungbv/clau/reports/ir_boundary_public_20260816/artifacts/O3/p03430/main_opt_1.after.ll,True,4,2,-2,83,77,-6,3285,2346,-939,4,2,-2,41,24,-17,41,24,-17,0,0,0,27,12,-15,13,7,-6,272,251,-21,265,197,-68,717,333,-384,16,12,-4,254,254,0,3,2,-1,0,0,0,1267,788,-479,867,807,-60,0,0,0
public_v1,O3,p03430,main_default_opt_2,/home/dungbv/clau/reports/ir_boundary_public_20260816/artifacts/O3/p03430/main_opt_2.before.ll,/home/dungbv/clau/reports/ir_boundary_public_20260816/artifacts/O3/p03430/main_opt_2.after.ll,True,2,2,0,77,77,0,2344,2338,-6,2,2,0,24,24,0,24,24,0,0,0,0,12,12,0,7,7,0,251,251,0,197,197,0,333,333,0,12,12,0,252,252,0,2,2,0,0,0,0,788,788,0,806,802,-4,0,0,0
public_v1,O3,p03430,bundle_default_opt_3,/home/dungbv/clau/result/ir_public_o3_20260816/p03430/p03430_final.02-pointer-opt.ll,/home/dungbv/clau/reports/ir_boundary_public_20260816/artifacts/O3/p03430/bundle_default_opt_3.after.ll,True,4,4,0,79,79,0,1322,1322,0,2,2,0,143,143,0,143,143,0,0,0,0,12,12,0,7,7,0,251,251,0,121,121,0,94,94,0,12,12,0,18,18,0,2,2,0,0,0,0,473,473,0,217,217,0,0,0,0
public_v1,O3,p03430,bundle_default_opt_4,/home/dungbv/clau/result/ir_public_o3_20260816/p03430/p03430_final.05-unpinned.ll,/home/dungbv/clau/reports/ir_boundary_public_20260816/artifacts/O3/p03430/bundle_default_opt_4.after.ll,True,4,4,0,79,79,0,1322,1322,0,2,2,0,143,143,0,143,143,0,0,0,0,12,12,0,7,7,0,251,251,0,121,121,0,94,94,0,12,12,0,18,18,0,2,2,0,0,0,0,473,473,0,217,217,0,0,0,0
public_v1,O3,p03430,bundle_post_opt_4_custom_cleanup,/home/dungbv/clau/reports/ir_boundary_public_20260816/artifacts/O3/p03430/bundle_default_opt_4.after.ll,/home/dungbv/clau/result/ir_public_o3_20260816/p03430/p03430_final.ll,True,4,4,0,79,79,0,1322,1322,0,2,2,0,143,143,0,143,143,0,0,0,0,12,12,0,7,7,0,251,251,0,121,121,0,94,94,0,12,12,0,18,18,0,2,2,0,0,0,0,473,473,0,217,217,0,0,0,0
public_v1,O3,p03434,main_default_opt_1,/home/dungbv/clau/reports/ir_boundary_public_20260816/artifacts/O3/p03434/main_opt_1.before.ll,/home/dungbv/clau/reports/ir_boundary_public_20260816/artifacts/O3/p03434/main_opt_1.after.ll,True,7,3,-4,32,22,-10,925,413,-512,8,5,-3,30,13,-17,30,13,-17,0,0,0,20,8,-12,10,4,-6,78,31,-47,186,99,-87,167,63,-104,14,19,5,35,23,-12,1,1,0,1,0,-1,441,197,-244,169,111,-58,0,0,0
public_v1,O3,p03434,main_default_opt_2,/home/dungbv/clau/reports/ir_boundary_public_20260816/artifacts/O3/p03434/main_opt_2.before.ll,/home/dungbv/clau/reports/ir_boundary_public_20260816/artifacts/O3/p03434/main_opt_2.after.ll,True,3,3,0,22,22,0,449,394,-55,5,5,0,15,13,-2,15,13,-2,0,0,0,10,8,-2,5,5,0,30,30,0,99,95,-4,61,57,-4,19,19,0,26,20,-6,1,1,0,0,0,0,195,187,-8,133,106,-27,0,0,0
public_v1,O3,p03434,bundle_default_opt_3,/home/dungbv/clau/result/ir_public_o3_20260816/p03434/p03434_final.02-pointer-opt.ll,/home/dungbv/clau/reports/ir_boundary_public_20260816/artifacts/O3/p03434/bundle_default_opt_3.after.ll,True,4,4,0,24,24,0,267,237,-30,5,5,0,14,14,0,14,14,0,0,0,0,4,4,0,4,4,0,31,20,-11,66,57,-9,41,41,0,15,15,0,7,7,0,1,1,0,0,0,0,142,122,-20,49,49,0,0,0,0
public_v1,O3,p03434,bundle_default_opt_4,/home/dungbv/clau/result/ir_public_o3_20260816/p03434/p03434_final.05-unpinned.ll,/home/dungbv/clau/reports/ir_boundary_public_20260816/artifacts/O3/p03434/bundle_default_opt_4.after.ll,True,4,4,0,24,24,0,237,237,0,5,5,0,14,14,0,14,14,0,0,0,0,4,4,0,4,4,0,20,20,0,57,57,0,41,41,0,15,15,0,7,7,0,1,1,0,0,0,0,122,122,0,49,49,0,0,0,0
public_v1,O3,p03434,bundle_post_opt_4_custom_cleanup,/home/dungbv/clau/reports/ir_boundary_public_20260816/artifacts/O3/p03434/bundle_default_opt_4.after.ll,/home/dungbv/clau/result/ir_public_o3_20260816/p03434/p03434_final.ll,True,4,4,0,24,24,0,237,237,0,5,5,0,14,14,0,14,14,0,0,0,0,4,4,0,4,4,0,20,20,0,57,57,0,41,41,0,15,15,0,7,7,0,1,1,0,0,0,0,122,122,0,49,49,0,0,0,0
public_v1,O3,p03493,main_default_opt_1,/home/dungbv/clau/reports/ir_boundary_public_20260816/artifacts/O3/p03493/main_opt_1.before.ll,/home/dungbv/clau/reports/ir_boundary_public_20260816/artifacts/O3/p03493/main_opt_1.after.ll,True,3,2,-1,13,11,-2,637,402,-235,4,4,0,22,9,-13,22,9,-13,0,0,0,17,5,-12,9,3,-6,47,32,-15,140,78,-62,151,97,-54,1,3,2,40,37,-3,0,0,0,0,0,0,347,210,-137,122,109,-13,0,0,0
public_v1,O3,p03493,main_default_opt_2,/home/dungbv/clau/reports/ir_boundary_public_20260816/artifacts/O3/p03493/main_opt_2.before.ll,/home/dungbv/clau/reports/ir_boundary_public_20260816/artifacts/O3/p03493/main_opt_2.after.ll,True,2,2,0,11,11,0,545,319,-226,4,4,0,8,9,1,8,9,1,0,0,0,4,5,1,3,3,0,18,17,-1,50,47,-3,102,93,-9,6,6,0,40,34,-6,0,0,0,0,0,0,173,160,-13,120,94,-26,0,0,0
public_v1,O3,p03493,bundle_default_opt_3,/home/dungbv/clau/result/ir_public_o3_20260816/p03493/p03493_final.02-pointer-opt.ll,/home/dungbv/clau/reports/ir_boundary_public_20260816/artifacts/O3/p03493/bundle_default_opt_3.after.ll,True,2,2,0,11,11,0,177,167,-10,4,4,0,9,9,0,9,9,0,0,0,0,5,5,0,3,3,0,9,9,0,47,47,0,48,39,-9,5,4,-1,7,7,0,0,0,0,0,0,0,107,98,-9,32,31,-1,0,0,0
public_v1,O3,p03493,bundle_default_opt_4,/home/dungbv/clau/result/ir_public_o3_20260816/p03493/p03493_final.05-unpinned.ll,/home/dungbv/clau/reports/ir_boundary_public_20260816/artifacts/O3/p03493/bundle_default_opt_4.after.ll,True,2,2,0,11,11,0,167,167,0,4,4,0,9,9,0,9,9,0,0,0,0,5,5,0,3,3,0,9,9,0,47,47,0,39,39,0,4,4,0,7,7,0,0,0,0,0,0,0,98,98,0,31,31,0,0,0,0
public_v1,O3,p03493,bundle_post_opt_4_custom_cleanup,/home/dungbv/clau/reports/ir_boundary_public_20260816/artifacts/O3/p03493/bundle_default_opt_4.after.ll,/home/dungbv/clau/result/ir_public_o3_20260816/p03493/p03493_final.ll,True,2,2,0,11,11,0,167,165,-2,4,4,0,9,9,0,9,9,0,0,0,0,5,5,0,3,3,0,9,9,0,47,47,0,39,41,2,4,4,0,7,7,0,0,0,0,0,0,0,98,100,2,31,29,-2,0,0,0
public_v1,O3,p03510,main_default_opt_1,/home/dungbv/clau/reports/ir_boundary_public_20260816/artifacts/O3/p03510/main_opt_1.before.ll,/home/dungbv/clau/reports/ir_boundary_public_20260816/artifacts/O3/p03510/main_opt_1.after.ll,True,7,3,-4,75,64,-11,3269,2326,-943,13,10,-3,52,33,-19,52,33,-19,0,0,0,23,9,-14,9,5,-4,301,259,-42,312,257,-55,692,444,-248,38,33,-5,249,230,-19,3,2,-1,2,2,0,1314,965,-349,853,705,-148,0,0,0
public_v1,O3,p03510,main_default_opt_2,/home/dungbv/clau/reports/ir_boundary_public_20260816/artifacts/O3/p03510/main_opt_2.before.ll,/home/dungbv/clau/reports/ir_boundary_public_20260816/artifacts/O3/p03510/main_opt_2.after.ll,True,3,3,0,64,64,0,1946,1692,-254,10,12,2,30,30,0,30,30,0,0,0,0,6,6,0,4,4,0,202,197,-5,211,215,4,320,277,-43,32,32,0,138,134,-4,2,2,0,2,2,0,737,693,-44,474,452,-22,0,0,0
public_v1,O3,p03510,bundle_default_opt_3,/home/dungbv/clau/result/ir_public_o3_20260816/p03510/p03510_final.02-pointer-opt.ll,/home/dungbv/clau/reports/ir_boundary_public_20260816/artifacts/O3/p03510/bundle_default_opt_3.after.ll,True,4,4,0,65,65,0,1189,1130,-59,12,12,0,79,79,0,79,79,0,0,0,0,6,6,0,4,4,0,186,183,-3,215,184,-31,138,133,-5,33,33,0,16,16,0,2,2,0,2,2,0,543,504,-39,175,167,-8,0,0,0
public_v1,O3,p03510,bundle_default_opt_4,/home/dungbv/clau/result/ir_public_o3_20260816/p03510/p03510_final.05-unpinned.ll,/home/dungbv/clau/reports/ir_boundary_public_20260816/artifacts/O3/p03510/bundle_default_opt_4.after.ll,True,4,4,0,65,63,-2,1130,1108,-22,12,12,0,79,78,-1,79,78,-1,0,0,0,6,6,0,4,4,0,183,178,-5,184,183,-1,133,124,-9,33,33,0,16,16,0,2,2,0,2,2,0,504,489,-15,167,167,0,0,0,0
public_v1,O3,p03510,bundle_post_opt_4_custom_cleanup,/home/dungbv/clau/reports/ir_boundary_public_20260816/artifacts/O3/p03510/bundle_default_opt_4.after.ll,/home/dungbv/clau/result/ir_public_o3_20260816/p03510/p03510_final.ll,True,4,4,0,63,63,0,1108,1108,0,12,12,0,78,78,0,78,78,0,0,0,0,6,6,0,4,4,0,178,178,0,183,183,0,124,124,0,33,33,0,16,16,0,2,2,0,2,2,0,489,489,0,167,167,0,0,0,0
public_v1,O3,p03543,main_default_opt_1,/home/dungbv/clau/reports/ir_boundary_public_20260816/artifacts/O3/p03543/main_opt_1.before.ll,/home/dungbv/clau/reports/ir_boundary_public_20260816/artifacts/O3/p03543/main_opt_1.after.ll,True,3,2,-1,21,11,-10,827,433,-394,5,4,-1,16,6,-10,16,6,-10,0,0,0,9,1,-8,5,1,-4,61,44,-17,107,58,-49,183,97,-86,30,6,-24,67,43,-24,1,0,-1,0,0,0,356,200,-156,231,132,-99,0,0,0
public_v1,O3,p03543,main_default_opt_2,/home/dungbv/clau/reports/ir_boundary_public_20260816/artifacts/O3/p03543/main_opt_2.before.ll,/home/dungbv/clau/reports/ir_boundary_public_20260816/artifacts/O3/p03543/main_opt_2.after.ll,True,2,2,0,11,9,-2,300,271,-29,4,4,0,7,3,-4,7,3,-4,0,0,0,2,0,-2,2,2,0,24,21,-3,30,31,1,75,72,-3,2,3,1,28,28,0,0,0,0,0,0,0,131,126,-5,80,80,0,0,0,0
public_v1,O3,p03543,bundle_default_opt_3,/home/dungbv/clau/result/ir_public_o3_20260816/p03543/p03543_final.02-pointer-opt.ll,/home/dungbv/clau/reports/ir_boundary_public_20260816/artifacts/O3/p03543/bundle_default_opt_3.after.ll,True,3,3,0,11,11,0,164,163,-1,4,4,0,11,11,0,11,11,0,0,0,0,0,0,0,2,2,0,21,21,0,31,31,0,27,26,-1,3,3,0,7,7,0,0,0,0,0,0,0,81,80,-1,31,31,0,0,0,0
public_v1,O3,p03543,bundle_default_opt_4,/home/dungbv/clau/result/ir_public_o3_20260816/p03543/p03543_final.05-unpinned.ll,/home/dungbv/clau/reports/ir_boundary_public_20260816/artifacts/O3/p03543/bundle_default_opt_4.after.ll,True,3,3,0,11,11,0,163,163,0,4,4,0,11,11,0,11,11,0,0,0,0,0,0,0,2,2,0,21,21,0,31,31,0,26,26,0,3,3,0,7,7,0,0,0,0,0,0,0,80,80,0,31,31,0,0,0,0
public_v1,O3,p03543,bundle_post_opt_4_custom_cleanup,/home/dungbv/clau/reports/ir_boundary_public_20260816/artifacts/O3/p03543/bundle_default_opt_4.after.ll,/home/dungbv/clau/result/ir_public_o3_20260816/p03543/p03543_final.ll,True,3,3,0,11,11,0,163,163,0,4,4,0,11,11,0,11,11,0,0,0,0,0,0,0,2,2,0,21,21,0,31,31,0,26,26,0,3,3,0,7,7,0,0,0,0,0,0,0,80,80,0,31,31,0,0,0,0
public_v1,O3,p03773,main_default_opt_1,/home/dungbv/clau/reports/ir_boundary_public_20260816/artifacts/O3/p03773/main_opt_1.before.ll,/home/dungbv/clau/reports/ir_boundary_public_20260816/artifacts/O3/p03773/main_opt_1.after.ll,True,3,2,-1,7,3,-4,450,114,-336,1,0,-1,22,3,-19,22,3,-19,0,0,0,17,1,-16,9,1,-8,36,15,-21,119,37,-82,104,22,-82,2,0,-2,13,6,-7,0,0,0,0,0,0,268,75,-193,55,23,-32,0,0,0
public_v1,O3,p03773,main_default_opt_2,/home/dungbv/clau/reports/ir_boundary_public_20260816/artifacts/O3/p03773/main_opt_2.before.ll,/home/dungbv/clau/reports/ir_boundary_public_20260816/artifacts/O3/p03773/main_opt_2.after.ll,True,2,2,0,3,3,0,57,37,-20,0,0,0,6,2,-4,6,2,-4,0,0,0,4,0,-4,3,3,0,2,2,0,9,11,2,14,12,-2,0,0,0,0,0,0,0,0,0,0,0,0,28,28,0,1,1,0,0,0,0
public_v1,O3,p03773,bundle_default_opt_3,/home/dungbv/clau/result/ir_public_o3_20260816/p03773/p03773_final.02-pointer-opt.ll,/home/dungbv/clau/reports/ir_boundary_public_20260816/artifacts/O3/p03773/bundle_default_opt_3.after.ll,True,2,2,0,3,3,0,10,10,0,0,0,0,2,2,0,2,2,0,0,0,0,0,0,0,2,2,0,2,2,0,0,0,0,0,0,0,0,0,0,0,0,0,0,0,0,0,0,0,4,4,0,0,0,0,0,0,0
public_v1,O3,p03773,bundle_default_opt_4,/home/dungbv/clau/result/ir_public_o3_20260816/p03773/p03773_final.05-unpinned.ll,/home/dungbv/clau/reports/ir_boundary_public_20260816/artifacts/O3/p03773/bundle_default_opt_4.after.ll,True,2,2,0,3,3,0,10,10,0,0,0,0,2,2,0,2,2,0,0,0,0,0,0,0,2,2,0,2,2,0,0,0,0,0,0,0,0,0,0,0,0,0,0,0,0,0,0,0,4,4,0,0,0,0,0,0,0
public_v1,O3,p03773,bundle_post_opt_4_custom_cleanup,/home/dungbv/clau/reports/ir_boundary_public_20260816/artifacts/O3/p03773/bundle_default_opt_4.after.ll,/home/dungbv/clau/result/ir_public_o3_20260816/p03773/p03773_final.ll,True,2,1,-1,3,2,-1,10,9,-1,0,0,0,2,2,0,2,2,0,0,0,0,0,0,0,2,2,0,2,2,0,0,0,0,0,0,0,0,0,0,0,0,0,0,0,0,0,0,0,4,4,0,0,0,0,0,0,0
public_v1,O3,p03776,main_default_opt_1,/home/dungbv/clau/reports/ir_boundary_public_20260816/artifacts/O3/p03776/main_opt_1.before.ll,/home/dungbv/clau/reports/ir_boundary_public_20260816/artifacts/O3/p03776/main_opt_1.after.ll,True,7,6,-1,358,337,-21,8392,6269,-2123,26,19,-7,63,45,-18,63,45,-18,0,0,0,22,5,-17,9,3,-6,754,694,-60,784,452,-332,1404,669,-735,53,73,20,508,500,-8,8,6,-2,0,0,0,2951,1818,-1133,2032,1928,-104,0,0,0
public_v1,O3,p03776,main_default_opt_2,/home/dungbv/clau/reports/ir_boundary_public_20260816/artifacts/O3/p03776/main_opt_2.before.ll,/home/dungbv/clau/reports/ir_boundary_public_20260816/artifacts/O3/p03776/main_opt_2.after.ll,True,6,6,0,336,337,1,6319,6328,9,18,20,2,44,44,0,44,44,0,0,0,0,4,4,0,3,3,0,684,680,-4,433,612,179,669,666,-3,68,63,-5,498,497,-1,6,6,0,0,0,0,1789,1961,172,1905,1894,-11,0,0,0
public_v1,O3,p03776,bundle_default_opt_3,/home/dungbv/clau/result/ir_public_o3_20260816/p03776/p03776_final.02-pointer-opt.ll,/home/dungbv/clau/reports/ir_boundary_public_20260816/artifacts/O3/p03776/bundle_default_opt_3.after.ll,True,8,8,0,341,340,-1,4482,4317,-165,20,20,0,195,195,0,195,195,0,0,0,0,4,4,0,3,3,0,667,666,-1,612,606,-6,245,225,-20,63,58,-5,50,49,-1,6,6,0,0,0,0,1527,1500,-27,878,837,-41,0,0,0
public_v1,O3,p03776,bundle_default_opt_4,/home/dungbv/clau/result/ir_public_o3_20260816/p03776/p03776_final.05-unpinned.ll,/home/dungbv/clau/reports/ir_boundary_public_20260816/artifacts/O3/p03776/bundle_default_opt_4.after.ll,True,8,8,0,340,340,0,4317,4314,-3,20,20,0,195,195,0,195,195,0,0,0,0,4,4,0,3,3,0,666,666,0,606,606,0,225,222,-3,58,58,0,49,49,0,6,6,0,0,0,0,1500,1497,-3,837,837,0,0,0,0
public_v1,O3,p03776,bundle_post_opt_4_custom_cleanup,/home/dungbv/clau/reports/ir_boundary_public_20260816/artifacts/O3/p03776/bundle_default_opt_4.after.ll,/home/dungbv/clau/result/ir_public_o3_20260816/p03776/p03776_final.ll,True,8,8,0,340,340,0,4314,4314,0,20,20,0,195,195,0,195,195,0,0,0,0,4,4,0,3,3,0,666,666,0,606,606,0,222,222,0,58,58,0,49,49,0,6,6,0,0,0,0,1497,1497,0,837,837,0,0,0,0
public_v1,O3,p03835,main_default_opt_1,/home/dungbv/clau/reports/ir_boundary_public_20260816/artifacts/O3/p03835/main_opt_1.before.ll,/home/dungbv/clau/reports/ir_boundary_public_20260816/artifacts/O3/p03835/main_opt_1.after.ll,True,3,2,-1,14,11,-3,355,129,-226,4,4,0,13,4,-9,13,4,-9,0,0,0,10,2,-8,5,1,-4,41,13,-28,99,39,-60,45,12,-33,1,6,5,4,0,-4,0,0,0,0,0,0,190,65,-125,41,28,-13,0,0,0
public_v1,O3,p03835,main_default_opt_2,/home/dungbv/clau/reports/ir_boundary_public_20260816/artifacts/O3/p03835/main_opt_2.before.ll,/home/dungbv/clau/reports/ir_boundary_public_20260816/artifacts/O3/p03835/main_opt_2.after.ll,True,2,2,0,11,7,-4,77,27,-50,4,3,-1,6,2,-4,6,2,-4,0,0,0,4,0,-4,3,2,-1,2,2,0,11,0,-11,14,0,-14,6,5,-1,0,0,0,0,0,0,0,0,0,30,4,-26,10,10,0,0,0,0
public_v1,O3,p03835,bundle_default_opt_3,/home/dungbv/clau/result/ir_public_o3_20260816/p03835/p03835_final.02-pointer-opt.ll,/home/dungbv/clau/reports/ir_boundary_public_20260816/artifacts/O3/p03835/bundle_default_opt_3.after.ll,True,2,2,0,7,7,0,27,27,0,3,3,0,2,2,0,2,2,0,0,0,0,0,0,0,2,2,0,2,2,0,0,0,0,0,0,0,5,5,0,0,0,0,0,0,0,0,0,0,4,4,0,10,10,0,0,0,0
public_v1,O3,p03835,bundle_default_opt_4,/home/dungbv/clau/result/ir_public_o3_20260816/p03835/p03835_final.05-unpinned.ll,/home/dungbv/clau/reports/ir_boundary_public_20260816/artifacts/O3/p03835/bundle_default_opt_4.after.ll,True,2,2,0,7,7,0,27,27,0,3,3,0,2,2,0,2,2,0,0,0,0,0,0,0,2,2,0,2,2,0,0,0,0,0,0,0,5,5,0,0,0,0,0,0,0,0,0,0,4,4,0,10,10,0,0,0,0
public_v1,O3,p03835,bundle_post_opt_4_custom_cleanup,/home/dungbv/clau/reports/ir_boundary_public_20260816/artifacts/O3/p03835/bundle_default_opt_4.after.ll,/home/dungbv/clau/result/ir_public_o3_20260816/p03835/p03835_final.ll,True,2,1,-1,7,6,-1,27,26,-1,3,3,0,2,2,0,2,2,0,0,0,0,0,0,0,2,2,0,2,2,0,0,0,0,0,0,0,5,5,0,0,0,0,0,0,0,0,0,0,4,4,0,10,10,0,0,0,0
public_v1,O3,p03854,main_default_opt_1,/home/dungbv/clau/reports/ir_boundary_public_20260816/artifacts/O3/p03854/main_opt_1.before.ll,/home/dungbv/clau/reports/ir_boundary_public_20260816/artifacts/O3/p03854/main_opt_1.after.ll,True,3,2,-1,22,19,-3,549,196,-353,8,8,0,26,7,-19,26,7,-19,0,0,0,18,2,-16,9,1,-8,51,16,-35,166,54,-112,93,16,-77,2,7,5,14,7,-7,0,0,0,0,0,0,319,87,-232,79,52,-27,0,0,0
public_v1,O3,p03854,main_default_opt_2,/home/dungbv/clau/reports/ir_boundary_public_20260816/artifacts/O3/p03854/main_opt_2.before.ll,/home/dungbv/clau/reports/ir_boundary_public_20260816/artifacts/O3/p03854/main_opt_2.after.ll,True,2,2,0,19,16,-3,127,67,-60,8,7,-1,5,5,0,5,5,0,0,0,0,0,0,0,1,0,-1,3,3,0,26,2,-24,15,6,-9,4,4,0,7,4,-3,0,1,1,0,0,0,45,11,-34,31,24,-7,0,0,0
public_v1,O3,p03854,bundle_default_opt_3,/home/dungbv/clau/result/ir_public_o3_20260816/p03854/p03854_final.02-pointer-opt.ll,/home/dungbv/clau/reports/ir_boundary_public_20260816/artifacts/O3/p03854/bundle_default_opt_3.after.ll,True,3,3,0,18,18,0,70,70,0,7,7,0,6,6,0,6,6,0,0,0,0,0,0,0,0,0,0,3,3,0,2,2,0,7,7,0,4,4,0,4,4,0,1,1,0,0,0,0,12,12,0,24,24,0,0,0,0
public_v1,O3,p03854,bundle_default_opt_4,/home/dungbv/clau/result/ir_public_o3_20260816/p03854/p03854_final.05-unpinned.ll,/home/dungbv/clau/reports/ir_boundary_public_20260816/artifacts/O3/p03854/bundle_default_opt_4.after.ll,True,3,3,0,18,18,0,70,70,0,7,7,0,6,6,0,6,6,0,0,0,0,0,0,0,0,0,0,3,3,0,2,2,0,7,7,0,4,4,0,4,4,0,1,1,0,0,0,0,12,12,0,24,24,0,0,0,0
public_v1,O3,p03854,bundle_post_opt_4_custom_cleanup,/home/dungbv/clau/reports/ir_boundary_public_20260816/artifacts/O3/p03854/bundle_default_opt_4.after.ll,/home/dungbv/clau/result/ir_public_o3_20260816/p03854/p03854_final.ll,True,3,3,0,18,18,0,70,70,0,7,7,0,6,6,0,6,6,0,0,0,0,0,0,0,0,0,0,3,3,0,2,2,0,7,7,0,4,4,0,4,4,0,1,1,0,0,0,0,12,12,0,24,24,0,0,0,0
public_v1,O3,p04028,main_default_opt_1,/home/dungbv/clau/reports/ir_boundary_public_20260816/artifacts/O3/p04028/main_opt_1.before.ll,/home/dungbv/clau/reports/ir_boundary_public_20260816/artifacts/O3/p04028/main_opt_1.after.ll,True,6,3,-3,37,32,-5,1603,984,-619,13,16,3,35,18,-17,35,18,-17,0,0,0,19,5,-14,7,3,-4,141,78,-63,168,103,-65,256,126,-130,8,40,32,113,100,-13,0,0,0,3,3,0,572,310,-262,428,336,-92,0,0,0
public_v1,O3,p04028,main_default_opt_2,/home/dungbv/clau/reports/ir_boundary_public_20260816/artifacts/O3/p04028/main_opt_2.before.ll,/home/dungbv/clau/reports/ir_boundary_public_20260816/artifacts/O3/p04028/main_opt_2.after.ll,True,3,3,0,31,25,-6,612,371,-241,16,11,-5,18,13,-5,18,13,-5,0,0,0,5,0,-5,3,2,-1,62,17,-45,89,53,-36,59,44,-15,35,10,-25,28,13,-15,0,0,0,3,3,0,213,116,-97,160,94,-66,0,0,0
public_v1,O3,p04028,bundle_default_opt_3,/home/dungbv/clau/result/ir_public_o3_20260816/p04028/p04028_final.02-pointer-opt.ll,/home/dungbv/clau/reports/ir_boundary_public_20260816/artifacts/O3/p04028/bundle_default_opt_3.after.ll,True,3,3,0,25,25,0,362,351,-11,11,11,0,13,13,0,13,13,0,0,0,0,0,0,0,2,2,0,16,16,0,53,53,0,43,40,-3,10,10,0,13,13,0,0,0,0,3,3,0,114,111,-3,94,92,-2,0,0,0
public_v1,O3,p04028,bundle_default_opt_4,/home/dungbv/clau/result/ir_public_o3_20260816/p04028/p04028_final.05-unpinned.ll,/home/dungbv/clau/reports/ir_boundary_public_20260816/artifacts/O3/p04028/bundle_default_opt_4.after.ll,True,3,2,-1,25,30,5,351,421,70,11,15,4,13,13,0,13,13,0,0,0,0,0,0,0,2,2,0,16,14,-2,53,67,14,40,44,4,10,15,5,13,13,0,0,0,0,3,5,2,111,127,16,92,114,22,0,0,0
public_v1,O3,p04028,bundle_post_opt_4_custom_cleanup,/home/dungbv/clau/reports/ir_boundary_public_20260816/artifacts/O3/p04028/bundle_default_opt_4.after.ll,/home/dungbv/clau/result/ir_public_o3_20260816/p04028/p04028_final.ll,True,2,1,-1,30,27,-3,421,312,-109,15,15,0,13,13,0,13,13,0,0,0,0,0,0,0,2,1,-1,14,14,0,67,8,-59,44,9,-35,15,14,-1,13,11,-2,0,0,0,5,5,0,127,32,-95,114,106,-8,0,0,0
