dataset,level,sample_id,boundary,production_replay_valid,opcode,before,after,delta
public_v1,O1,p00001,main_default_opt_1,True,add,105,44,-61
public_v1,O1,p00001,main_default_opt_1,True,alloca,6,4,-2
public_v1,O1,p00001,main_default_opt_1,True,and,54,14,-40
public_v1,O1,p00001,main_default_opt_1,True,br,27,24,-3
public_v1,O1,p00001,main_default_opt_1,True,call,29,19,-10
public_v1,O1,p00001,main_default_opt_1,True,extractvalue,50,0,-50
public_v1,O1,p00001,main_default_opt_1,True,getelementptr,137,96,-41
public_v1,O1,p00001,main_default_opt_1,True,icmp,61,39,-22
public_v1,O1,p00001,main_default_opt_1,True,insertvalue,86,0,-86
public_v1,O1,p00001,main_default_opt_1,True,inttoptr,12,10,-2
public_v1,O1,p00001,main_default_opt_1,True,load,103,48,-55
public_v1,O1,p00001,main_default_opt_1,True,lshr,13,2,-11
public_v1,O1,p00001,main_default_opt_1,True,mul,9,3,-6
public_v1,O1,p00001,main_default_opt_1,True,or,31,11,-20
public_v1,O1,p00001,main_default_opt_1,True,phi,25,9,-16
public_v1,O1,p00001,main_default_opt_1,True,ptrtoint,17,12,-5
public_v1,O1,p00001,main_default_opt_1,True,ret,9,3,-6
public_v1,O1,p00001,main_default_opt_1,True,select,29,29,0
public_v1,O1,p00001,main_default_opt_1,True,sext,4,4,0
public_v1,O1,p00001,main_default_opt_1,True,shl,6,5,-1
public_v1,O1,p00001,main_default_opt_1,True,store,198,194,-4
public_v1,O1,p00001,main_default_opt_1,True,sub,51,4,-47
public_v1,O1,p00001,main_default_opt_1,True,switch,2,1,-1
public_v1,O1,p00001,main_default_opt_1,True,trunc,25,5,-20
public_v1,O1,p00001,main_default_opt_1,True,xor,34,13,-21
public_v1,O1,p00001,main_default_opt_1,True,zext,62,23,-39
public_v1,O1,p00001,main_default_opt_2,True,add,20,20,0
public_v1,O1,p00001,main_default_opt_2,True,alloca,2,2,0
public_v1,O1,p00001,main_default_opt_2,True,and,11,11,0
public_v1,O1,p00001,main_default_opt_2,True,br,24,24,0
public_v1,O1,p00001,main_default_opt_2,True,call,15,15,0
public_v1,O1,p00001,main_default_opt_2,True,getelementptr,65,64,-1
public_v1,O1,p00001,main_default_opt_2,True,icmp,22,21,-1
public_v1,O1,p00001,main_default_opt_2,True,inttoptr,4,3,-1
public_v1,O1,p00001,main_default_opt_2,True,load,28,28,0
public_v1,O1,p00001,main_default_opt_2,True,lshr,2,2,0
public_v1,O1,p00001,main_default_opt_2,True,mul,2,2,0
public_v1,O1,p00001,main_default_opt_2,True,or,10,10,0
public_v1,O1,p00001,main_default_opt_2,True,phi,12,14,2
public_v1,O1,p00001,main_default_opt_2,True,ptrtoint,11,10,-1
public_v1,O1,p00001,main_default_opt_2,True,ret,3,3,0
public_v1,O1,p00001,main_default_opt_2,True,select,13,10,-3
public_v1,O1,p00001,main_default_opt_2,True,sext,4,4,0
public_v1,O1,p00001,main_default_opt_2,True,shl,5,5,0
public_v1,O1,p00001,main_default_opt_2,True,store,176,160,-16
public_v1,O1,p00001,main_default_opt_2,True,sub,1,1,0
public_v1,O1,p00001,main_default_opt_2,True,switch,1,1,0
public_v1,O1,p00001,main_default_opt_2,True,trunc,5,5,0
public_v1,O1,p00001,main_default_opt_2,True,xor,11,11,0
public_v1,O1,p00001,main_default_opt_2,True,zext,18,16,-2
public_v1,O1,p00001,bundle_default_opt_3,True,add,9,7,-2
public_v1,O1,p00001,bundle_default_opt_3,True,alloca,1,1,0
public_v1,O1,p00001,bundle_default_opt_3,True,and,5,1,-4
public_v1,O1,p00001,bundle_default_opt_3,True,br,22,18,-4
public_v1,O1,p00001,bundle_default_opt_3,True,call,13,15,2
public_v1,O1,p00001,bundle_default_opt_3,True,getelementptr,42,38,-4
public_v1,O1,p00001,bundle_default_opt_3,True,icmp,14,7,-7
public_v1,O1,p00001,bundle_default_opt_3,True,inttoptr,1,1,0
public_v1,O1,p00001,bundle_default_opt_3,True,load,20,12,-8
public_v1,O1,p00001,bundle_default_opt_3,True,mul,1,0,-1
public_v1,O1,p00001,bundle_default_opt_3,True,or,4,0,-4
public_v1,O1,p00001,bundle_default_opt_3,True,phi,10,4,-6
public_v1,O1,p00001,bundle_default_opt_3,True,ptrtoint,4,4,0
public_v1,O1,p00001,bundle_default_opt_3,True,ret,4,4,0
public_v1,O1,p00001,bundle_default_opt_3,True,select,5,5,0
public_v1,O1,p00001,bundle_default_opt_3,True,sext,4,2,-2
public_v1,O1,p00001,bundle_default_opt_3,True,shl,4,2,-2
public_v1,O1,p00001,bundle_default_opt_3,True,store,112,107,-5
public_v1,O1,p00001,bundle_default_opt_3,True,sub,1,1,0
public_v1,O1,p00001,bundle_default_opt_3,True,switch,1,1,0
public_v1,O1,p00001,bundle_default_opt_3,True,trunc,1,0,-1
public_v1,O1,p00001,bundle_default_opt_3,True,xor,5,0,-5
public_v1,O1,p00001,bundle_default_opt_3,True,zext,8,2,-6
public_v1,O1,p00001,bundle_default_opt_4,True,add,7,7,0
public_v1,O1,p00001,bundle_default_opt_4,True,alloca,1,1,0
public_v1,O1,p00001,bundle_default_opt_4,True,and,1,1,0
public_v1,O1,p00001,bundle_default_opt_4,True,br,18,18,0
public_v1,O1,p00001,bundle_default_opt_4,True,call,15,15,0
public_v1,O1,p00001,bundle_default_opt_4,True,getelementptr,38,38,0
public_v1,O1,p00001,bundle_default_opt_4,True,icmp,7,7,0
public_v1,O1,p00001,bundle_default_opt_4,True,inttoptr,1,1,0
public_v1,O1,p00001,bundle_default_opt_4,True,load,12,12,0
public_v1,O1,p00001,bundle_default_opt_4,True,phi,4,4,0
public_v1,O1,p00001,bundle_default_opt_4,True,ptrtoint,4,4,0
public_v1,O1,p00001,bundle_default_opt_4,True,ret,4,4,0
public_v1,O1,p00001,bundle_default_opt_4,True,select,5,5,0
public_v1,O1,p00001,bundle_default_opt_4,True,sext,2,2,0
public_v1,O1,p00001,bundle_default_opt_4,True,shl,2,2,0
public_v1,O1,p00001,bundle_default_opt_4,True,store,107,107,0
public_v1,O1,p00001,bundle_default_opt_4,True,sub,1,1,0
public_v1,O1,p00001,bundle_default_opt_4,True,switch,1,1,0
public_v1,O1,p00001,bundle_default_opt_4,True,zext,2,2,0
public_v1,O1,p00001,bundle_post_opt_4_custom_cleanup,True,add,7,4,-3
public_v1,O1,p00001,bundle_post_opt_4_custom_cleanup,True,alloca,1,1,0
public_v1,O1,p00001,bundle_post_opt_4_custom_cleanup,True,and,1,1,0
public_v1,O1,p00001,bundle_post_opt_4_custom_cleanup,True,br,18,18,0
public_v1,O1,p00001,bundle_post_opt_4_custom_cleanup,True,call,15,13,-2
public_v1,O1,p00001,bundle_post_opt_4_custom_cleanup,True,getelementptr,38,37,-1
public_v1,O1,p00001,bundle_post_opt_4_custom_cleanup,True,icmp,7,5,-2
public_v1,O1,p00001,bundle_post_opt_4_custom_cleanup,True,inttoptr,1,0,-1
public_v1,O1,p00001,bundle_post_opt_4_custom_cleanup,True,load,12,8,-4
public_v1,O1,p00001,bundle_post_opt_4_custom_cleanup,True,phi,4,7,3
public_v1,O1,p00001,bundle_post_opt_4_custom_cleanup,True,ptrtoint,4,4,0
public_v1,O1,p00001,bundle_post_opt_4_custom_cleanup,True,ret,4,2,-2
public_v1,O1,p00001,bundle_post_opt_4_custom_cleanup,True,select,5,2,-3
public_v1,O1,p00001,bundle_post_opt_4_custom_cleanup,True,sext,2,2,0
public_v1,O1,p00001,bundle_post_opt_4_custom_cleanup,True,shl,2,2,0
public_v1,O1,p00001,bundle_post_opt_4_custom_cleanup,True,store,107,58,-49
public_v1,O1,p00001,bundle_post_opt_4_custom_cleanup,True,sub,1,1,0
public_v1,O1,p00001,bundle_post_opt_4_custom_cleanup,True,switch,1,1,0
public_v1,O1,p00001,bundle_post_opt_4_custom_cleanup,True,zext,2,2,0
public_v1,O1,p00008,main_default_opt_1,True,add,226,181,-45
public_v1,O1,p00008,main_default_opt_1,True,alloca,5,3,-2
public_v1,O1,p00008,main_default_opt_1,True,and,15,8,-7
public_v1,O1,p00008,main_default_opt_1,True,br,29,29,0
public_v1,O1,p00008,main_default_opt_1,True,call,12,7,-5
public_v1,O1,p00008,main_default_opt_1,True,extractvalue,14,0,-14
public_v1,O1,p00008,main_default_opt_1,True,getelementptr,390,195,-195
public_v1,O1,p00008,main_default_opt_1,True,icmp,187,160,-27
public_v1,O1,p00008,main_default_opt_1,True,insertvalue,22,0,-22
public_v1,O1,p00008,main_default_opt_1,True,inttoptr,55,48,-7
public_v1,O1,p00008,main_default_opt_1,True,load,131,103,-28
public_v1,O1,p00008,main_default_opt_1,True,mul,3,3,0
public_v1,O1,p00008,main_default_opt_1,True,or,7,8,1
public_v1,O1,p00008,main_default_opt_1,True,phi,1,1,0
public_v1,O1,p00008,main_default_opt_1,True,ptrtoint,6,5,-1
public_v1,O1,p00008,main_default_opt_1,True,ret,3,2,-1
public_v1,O1,p00008,main_default_opt_1,True,select,178,157,-21
public_v1,O1,p00008,main_default_opt_1,True,sext,8,8,0
public_v1,O1,p00008,main_default_opt_1,True,shl,8,8,0
public_v1,O1,p00008,main_default_opt_1,True,store,204,186,-18
public_v1,O1,p00008,main_default_opt_1,True,sub,25,2,-23
public_v1,O1,p00008,main_default_opt_1,True,trunc,3,1,-2
public_v1,O1,p00008,main_default_opt_1,True,xor,8,8,0
public_v1,O1,p00008,main_default_opt_1,True,zext,18,17,-1
public_v1,O1,p00008,main_default_opt_2,True,add,180,180,0
public_v1,O1,p00008,main_default_opt_2,True,alloca,3,3,0
public_v1,O1,p00008,main_default_opt_2,True,and,101,7,-94
public_v1,O1,p00008,main_default_opt_2,True,br,29,29,0
public_v1,O1,p00008,main_default_opt_2,True,call,6,7,1
public_v1,O1,p00008,main_default_opt_2,True,getelementptr,204,196,-8
public_v1,O1,p00008,main_default_opt_2,True,icmp,177,165,-12
public_v1,O1,p00008,main_default_opt_2,True,inttoptr,51,49,-2
public_v1,O1,p00008,main_default_opt_2,True,load,90,90,0
public_v1,O1,p00008,main_default_opt_2,True,mul,2,2,0
public_v1,O1,p00008,main_default_opt_2,True,or,92,4,-88
public_v1,O1,p00008,main_default_opt_2,True,phi,3,3,0
public_v1,O1,p00008,main_default_opt_2,True,ptrtoint,5,3,-2
public_v1,O1,p00008,main_default_opt_2,True,ret,2,2,0
public_v1,O1,p00008,main_default_opt_2,True,select,166,160,-6
public_v1,O1,p00008,main_default_opt_2,True,sext,8,8,0
public_v1,O1,p00008,main_default_opt_2,True,shl,8,8,0
public_v1,O1,p00008,main_default_opt_2,True,store,158,155,-3
public_v1,O1,p00008,main_default_opt_2,True,sub,9,0,-9
public_v1,O1,p00008,main_default_opt_2,True,trunc,3,1,-2
public_v1,O1,p00008,main_default_opt_2,True,xor,6,6,0
public_v1,O1,p00008,main_default_opt_2,True,zext,13,11,-2
public_v1,O1,p00008,bundle_default_opt_3,True,add,11,11,0
public_v1,O1,p00008,bundle_default_opt_3,True,alloca,3,3,0
public_v1,O1,p00008,bundle_default_opt_3,True,and,7,7,0
public_v1,O1,p00008,bundle_default_opt_3,True,br,29,24,-5
public_v1,O1,p00008,bundle_default_opt_3,True,call,7,7,0
public_v1,O1,p00008,bundle_default_opt_3,True,getelementptr,84,45,-39
public_v1,O1,p00008,bundle_default_opt_3,True,icmp,21,22,1
public_v1,O1,p00008,bundle_default_opt_3,True,inttoptr,1,1,0
public_v1,O1,p00008,bundle_default_opt_3,True,load,45,31,-14
public_v1,O1,p00008,bundle_default_opt_3,True,mul,2,2,0
public_v1,O1,p00008,bundle_default_opt_3,True,or,4,4,0
public_v1,O1,p00008,bundle_default_opt_3,True,phi,4,6,2
public_v1,O1,p00008,bundle_default_opt_3,True,ptrtoint,2,2,0
public_v1,O1,p00008,bundle_default_opt_3,True,ret,2,2,0
public_v1,O1,p00008,bundle_default_opt_3,True,select,3,3,0
public_v1,O1,p00008,bundle_default_opt_3,True,sext,8,3,-5
public_v1,O1,p00008,bundle_default_opt_3,True,shl,8,3,-5
public_v1,O1,p00008,bundle_default_opt_3,True,store,39,39,0
public_v1,O1,p00008,bundle_default_opt_3,True,trunc,1,2,1
public_v1,O1,p00008,bundle_default_opt_3,True,xor,6,6,0
public_v1,O1,p00008,bundle_default_opt_3,True,zext,5,5,0
public_v1,O1,p00008,bundle_default_opt_4,True,add,11,11,0
public_v1,O1,p00008,bundle_default_opt_4,True,alloca,3,3,0
public_v1,O1,p00008,bundle_default_opt_4,True,and,7,7,0
public_v1,O1,p00008,bundle_default_opt_4,True,br,24,24,0
public_v1,O1,p00008,bundle_default_opt_4,True,call,7,7,0
public_v1,O1,p00008,bundle_default_opt_4,True,getelementptr,45,45,0
public_v1,O1,p00008,bundle_default_opt_4,True,icmp,22,22,0
public_v1,O1,p00008,bundle_default_opt_4,True,inttoptr,1,1,0
public_v1,O1,p00008,bundle_default_opt_4,True,load,31,31,0
public_v1,O1,p00008,bundle_default_opt_4,True,mul,2,2,0
public_v1,O1,p00008,bundle_default_opt_4,True,or,4,4,0
public_v1,O1,p00008,bundle_default_opt_4,True,phi,6,6,0
public_v1,O1,p00008,bundle_default_opt_4,True,ptrtoint,2,2,0
public_v1,O1,p00008,bundle_default_opt_4,True,ret,2,2,0
public_v1,O1,p00008,bundle_default_opt_4,True,select,3,3,0
public_v1,O1,p00008,bundle_default_opt_4,True,sext,3,3,0
public_v1,O1,p00008,bundle_default_opt_4,True,shl,3,3,0
public_v1,O1,p00008,bundle_default_opt_4,True,store,39,39,0
public_v1,O1,p00008,bundle_default_opt_4,True,trunc,2,2,0
public_v1,O1,p00008,bundle_default_opt_4,True,xor,6,6,0
public_v1,O1,p00008,bundle_default_opt_4,True,zext,5,5,0
public_v1,O1,p00008,bundle_post_opt_4_custom_cleanup,True,add,11,11,0
public_v1,O1,p00008,bundle_post_opt_4_custom_cleanup,True,alloca,3,3,0
public_v1,O1,p00008,bundle_post_opt_4_custom_cleanup,True,and,7,7,0
public_v1,O1,p00008,bundle_post_opt_4_custom_cleanup,True,br,24,24,0
public_v1,O1,p00008,bundle_post_opt_4_custom_cleanup,True,call,7,7,0
public_v1,O1,p00008,bundle_post_opt_4_custom_cleanup,True,getelementptr,45,45,0
public_v1,O1,p00008,bundle_post_opt_4_custom_cleanup,True,icmp,22,22,0
public_v1,O1,p00008,bundle_post_opt_4_custom_cleanup,True,inttoptr,1,1,0
public_v1,O1,p00008,bundle_post_opt_4_custom_cleanup,True,load,31,17,-14
public_v1,O1,p00008,bundle_post_opt_4_custom_cleanup,True,mul,2,2,0
public_v1,O1,p00008,bundle_post_opt_4_custom_cleanup,True,or,4,4,0
public_v1,O1,p00008,bundle_post_opt_4_custom_cleanup,True,phi,6,35,29
public_v1,O1,p00008,bundle_post_opt_4_custom_cleanup,True,ptrtoint,2,2,0
public_v1,O1,p00008,bundle_post_opt_4_custom_cleanup,True,ret,2,2,0
public_v1,O1,p00008,bundle_post_opt_4_custom_cleanup,True,select,3,3,0
public_v1,O1,p00008,bundle_post_opt_4_custom_cleanup,True,sext,3,2,-1
public_v1,O1,p00008,bundle_post_opt_4_custom_cleanup,True,shl,3,3,0
public_v1,O1,p00008,bundle_post_opt_4_custom_cleanup,True,store,39,39,0
public_v1,O1,p00008,bundle_post_opt_4_custom_cleanup,True,trunc,2,2,0
public_v1,O1,p00008,bundle_post_opt_4_custom_cleanup,True,xor,6,6,0
public_v1,O1,p00008,bundle_post_opt_4_custom_cleanup,True,zext,5,6,1
public_v1,O1,p00033,main_default_opt_1,True,add,195,111,-84
public_v1,O1,p00033,main_default_opt_1,True,alloca,14,4,-10
public_v1,O1,p00033,main_default_opt_1,True,and,133,126,-7
public_v1,O1,p00033,main_default_opt_1,True,bitcast,2,2,0
public_v1,O1,p00033,main_default_opt_1,True,br,87,84,-3
public_v1,O1,p00033,main_default_opt_1,True,call,40,21,-19
public_v1,O1,p00033,main_default_opt_1,True,extractvalue,28,8,-20
public_v1,O1,p00033,main_default_opt_1,True,fcmp,1,1,0
public_v1,O1,p00033,main_default_opt_1,True,fptosi,1,1,0
public_v1,O1,p00033,main_default_opt_1,True,getelementptr,239,121,-118
public_v1,O1,p00033,main_default_opt_1,True,icmp,82,78,-4
public_v1,O1,p00033,main_default_opt_1,True,insertvalue,37,4,-33
public_v1,O1,p00033,main_default_opt_1,True,inttoptr,11,10,-1
public_v1,O1,p00033,main_default_opt_1,True,load,148,138,-10
public_v1,O1,p00033,main_default_opt_1,True,lshr,9,5,-4
public_v1,O1,p00033,main_default_opt_1,True,mul,39,38,-1
public_v1,O1,p00033,main_default_opt_1,True,or,94,92,-2
public_v1,O1,p00033,main_default_opt_1,True,phi,19,19,0
public_v1,O1,p00033,main_default_opt_1,True,ptrtoint,13,12,-1
public_v1,O1,p00033,main_default_opt_1,True,ret,4,3,-1
public_v1,O1,p00033,main_default_opt_1,True,select,41,42,1
public_v1,O1,p00033,main_default_opt_1,True,sext,22,22,0
public_v1,O1,p00033,main_default_opt_1,True,shl,20,20,0
public_v1,O1,p00033,main_default_opt_1,True,sitofp,1,1,0
public_v1,O1,p00033,main_default_opt_1,True,store,306,223,-83
public_v1,O1,p00033,main_default_opt_1,True,sub,76,12,-64
public_v1,O1,p00033,main_default_opt_1,True,switch,3,2,-1
public_v1,O1,p00033,main_default_opt_1,True,trunc,8,4,-4
public_v1,O1,p00033,main_default_opt_1,True,xor,60,57,-3
public_v1,O1,p00033,main_default_opt_1,True,zext,106,95,-11
public_v1,O1,p00033,main_default_opt_2,True,add,59,58,-1
public_v1,O1,p00033,main_default_opt_2,True,alloca,13,13,0
public_v1,O1,p00033,main_default_opt_2,True,and,30,3,-27
public_v1,O1,p00033,main_default_opt_2,True,br,84,78,-6
public_v1,O1,p00033,main_default_opt_2,True,call,37,14,-23
public_v1,O1,p00033,main_default_opt_2,True,extractvalue,4,4,0
public_v1,O1,p00033,main_default_opt_2,True,fcmp,1,1,0
public_v1,O1,p00033,main_default_opt_2,True,fptosi,1,1,0
public_v1,O1,p00033,main_default_opt_2,True,getelementptr,98,72,-26
public_v1,O1,p00033,main_default_opt_2,True,icmp,32,28,-4
public_v1,O1,p00033,main_default_opt_2,True,insertvalue,4,2,-2
public_v1,O1,p00033,main_default_opt_2,True,inttoptr,4,4,0
public_v1,O1,p00033,main_default_opt_2,True,load,68,82,14
public_v1,O1,p00033,main_default_opt_2,True,lshr,2,2,0
public_v1,O1,p00033,main_default_opt_2,True,mul,10,10,0
public_v1,O1,p00033,main_default_opt_2,True,or,26,0,-26
public_v1,O1,p00033,main_default_opt_2,True,phi,3,5,2
public_v1,O1,p00033,main_default_opt_2,True,ptrtoint,4,4,0
public_v1,O1,p00033,main_default_opt_2,True,ret,3,3,0
public_v1,O1,p00033,main_default_opt_2,True,select,27,26,-1
public_v1,O1,p00033,main_default_opt_2,True,sext,22,22,0
public_v1,O1,p00033,main_default_opt_2,True,shl,20,20,0
public_v1,O1,p00033,main_default_opt_2,True,sitofp,1,1,0
public_v1,O1,p00033,main_default_opt_2,True,store,172,116,-56
public_v1,O1,p00033,main_default_opt_2,True,sub,12,5,-7
public_v1,O1,p00033,main_default_opt_2,True,switch,2,2,0
public_v1,O1,p00033,main_default_opt_2,True,xor,4,3,-1
public_v1,O1,p00033,main_default_opt_2,True,zext,6,4,-2
public_v1,O1,p00033,bundle_default_opt_3,True,add,49,46,-3
public_v1,O1,p00033,bundle_default_opt_3,True,alloca,13,13,0
public_v1,O1,p00033,bundle_default_opt_3,True,and,3,3,0
public_v1,O1,p00033,bundle_default_opt_3,True,br,78,77,-1
public_v1,O1,p00033,bundle_default_opt_3,True,call,18,18,0
public_v1,O1,p00033,bundle_default_opt_3,True,extractvalue,2,0,-2
public_v1,O1,p00033,bundle_default_opt_3,True,fcmp,1,1,0
public_v1,O1,p00033,bundle_default_opt_3,True,fptosi,1,1,0
public_v1,O1,p00033,bundle_default_opt_3,True,getelementptr,66,66,0
public_v1,O1,p00033,bundle_default_opt_3,True,icmp,19,20,1
public_v1,O1,p00033,bundle_default_opt_3,True,insertvalue,2,0,-2
public_v1,O1,p00033,bundle_default_opt_3,True,inttoptr,1,1,0
public_v1,O1,p00033,bundle_default_opt_3,True,load,82,81,-1
public_v1,O1,p00033,bundle_default_opt_3,True,lshr,2,2,0
public_v1,O1,p00033,bundle_default_opt_3,True,mul,10,10,0
public_v1,O1,p00033,bundle_default_opt_3,True,phi,5,6,1
public_v1,O1,p00033,bundle_default_opt_3,True,ptrtoint,8,3,-5
public_v1,O1,p00033,bundle_default_opt_3,True,ret,4,4,0
public_v1,O1,p00033,bundle_default_opt_3,True,select,17,17,0
public_v1,O1,p00033,bundle_default_opt_3,True,sext,22,20,-2
public_v1,O1,p00033,bundle_default_opt_3,True,shl,20,20,0
public_v1,O1,p00033,bundle_default_opt_3,True,sitofp,1,1,0
public_v1,O1,p00033,bundle_default_opt_3,True,store,116,116,0
public_v1,O1,p00033,bundle_default_opt_3,True,sub,6,6,0
public_v1,O1,p00033,bundle_default_opt_3,True,switch,2,2,0
public_v1,O1,p00033,bundle_default_opt_3,True,trunc,0,1,1
public_v1,O1,p00033,bundle_default_opt_3,True,xor,3,3,0
public_v1,O1,p00033,bundle_default_opt_3,True,zext,4,4,0
public_v1,O1,p00033,bundle_default_opt_4,True,add,46,46,0
public_v1,O1,p00033,bundle_default_opt_4,True,alloca,13,13,0
public_v1,O1,p00033,bundle_default_opt_4,True,and,3,3,0
public_v1,O1,p00033,bundle_default_opt_4,True,br,77,77,0
public_v1,O1,p00033,bundle_default_opt_4,True,call,18,18,0
public_v1,O1,p00033,bundle_default_opt_4,True,fcmp,1,1,0
public_v1,O1,p00033,bundle_default_opt_4,True,fptosi,1,1,0
public_v1,O1,p00033,bundle_default_opt_4,True,getelementptr,66,66,0
public_v1,O1,p00033,bundle_default_opt_4,True,icmp,20,20,0
public_v1,O1,p00033,bundle_default_opt_4,True,inttoptr,1,1,0
public_v1,O1,p00033,bundle_default_opt_4,True,load,81,81,0
public_v1,O1,p00033,bundle_default_opt_4,True,lshr,2,2,0
public_v1,O1,p00033,bundle_default_opt_4,True,mul,10,10,0
public_v1,O1,p00033,bundle_default_opt_4,True,phi,6,6,0
public_v1,O1,p00033,bundle_default_opt_4,True,ptrtoint,3,3,0
public_v1,O1,p00033,bundle_default_opt_4,True,ret,4,4,0
public_v1,O1,p00033,bundle_default_opt_4,True,select,17,17,0
public_v1,O1,p00033,bundle_default_opt_4,True,sext,20,20,0
public_v1,O1,p00033,bundle_default_opt_4,True,shl,20,20,0
public_v1,O1,p00033,bundle_default_opt_4,True,sitofp,1,1,0
public_v1,O1,p00033,bundle_default_opt_4,True,store,116,116,0
public_v1,O1,p00033,bundle_default_opt_4,True,sub,6,6,0
public_v1,O1,p00033,bundle_default_opt_4,True,switch,2,2,0
public_v1,O1,p00033,bundle_default_opt_4,True,trunc,1,1,0
public_v1,O1,p00033,bundle_default_opt_4,True,xor,3,3,0
public_v1,O1,p00033,bundle_default_opt_4,True,zext,4,4,0
public_v1,O1,p00033,bundle_post_opt_4_custom_cleanup,True,add,46,46,0
public_v1,O1,p00033,bundle_post_opt_4_custom_cleanup,True,alloca,13,13,0
public_v1,O1,p00033,bundle_post_opt_4_custom_cleanup,True,and,3,3,0
public_v1,O1,p00033,bundle_post_opt_4_custom_cleanup,True,br,77,77,0
public_v1,O1,p00033,bundle_post_opt_4_custom_cleanup,True,call,18,18,0
public_v1,O1,p00033,bundle_post_opt_4_custom_cleanup,True,fcmp,1,1,0
public_v1,O1,p00033,bundle_post_opt_4_custom_cleanup,True,fptosi,1,1,0
public_v1,O1,p00033,bundle_post_opt_4_custom_cleanup,True,getelementptr,66,65,-1
public_v1,O1,p00033,bundle_post_opt_4_custom_cleanup,True,icmp,20,20,0
public_v1,O1,p00033,bundle_post_opt_4_custom_cleanup,True,inttoptr,1,1,0
public_v1,O1,p00033,bundle_post_opt_4_custom_cleanup,True,load,81,79,-2
public_v1,O1,p00033,bundle_post_opt_4_custom_cleanup,True,lshr,2,2,0
public_v1,O1,p00033,bundle_post_opt_4_custom_cleanup,True,mul,10,10,0
public_v1,O1,p00033,bundle_post_opt_4_custom_cleanup,True,phi,6,9,3
public_v1,O1,p00033,bundle_post_opt_4_custom_cleanup,True,ptrtoint,3,3,0
public_v1,O1,p00033,bundle_post_opt_4_custom_cleanup,True,ret,4,4,0
public_v1,O1,p00033,bundle_post_opt_4_custom_cleanup,True,select,17,16,-1
public_v1,O1,p00033,bundle_post_opt_4_custom_cleanup,True,sext,20,20,0
public_v1,O1,p00033,bundle_post_opt_4_custom_cleanup,True,shl,20,20,0
public_v1,O1,p00033,bundle_post_opt_4_custom_cleanup,True,sitofp,1,1,0
public_v1,O1,p00033,bundle_post_opt_4_custom_cleanup,True,store,116,95,-21
public_v1,O1,p00033,bundle_post_opt_4_custom_cleanup,True,sub,6,6,0
public_v1,O1,p00033,bundle_post_opt_4_custom_cleanup,True,switch,2,2,0
public_v1,O1,p00033,bundle_post_opt_4_custom_cleanup,True,trunc,1,1,0
public_v1,O1,p00033,bundle_post_opt_4_custom_cleanup,True,xor,3,3,0
public_v1,O1,p00033,bundle_post_opt_4_custom_cleanup,True,zext,4,4,0
public_v1,O1,p00165,main_default_opt_1,True,add,125,96,-29
public_v1,O1,p00165,main_default_opt_1,True,alloca,7,5,-2
public_v1,O1,p00165,main_default_opt_1,True,and,12,8,-4
public_v1,O1,p00165,main_default_opt_1,True,br,26,24,-2
public_v1,O1,p00165,main_default_opt_1,True,call,17,12,-5
public_v1,O1,p00165,main_default_opt_1,True,extractvalue,14,0,-14
public_v1,O1,p00165,main_default_opt_1,True,getelementptr,230,133,-97
public_v1,O1,p00165,main_default_opt_1,True,icmp,97,89,-8
public_v1,O1,p00165,main_default_opt_1,True,insertvalue,22,0,-22
public_v1,O1,p00165,main_default_opt_1,True,inttoptr,40,36,-4
public_v1,O1,p00165,main_default_opt_1,True,load,105,85,-20
public_v1,O1,p00165,main_default_opt_1,True,mul,3,3,0
public_v1,O1,p00165,main_default_opt_1,True,or,7,8,1
public_v1,O1,p00165,main_default_opt_1,True,phi,7,12,5
public_v1,O1,p00165,main_default_opt_1,True,ptrtoint,9,8,-1
public_v1,O1,p00165,main_default_opt_1,True,ret,3,2,-1
public_v1,O1,p00165,main_default_opt_1,True,select,91,88,-3
public_v1,O1,p00165,main_default_opt_1,True,sext,4,4,0
public_v1,O1,p00165,main_default_opt_1,True,shl,2,2,0
public_v1,O1,p00165,main_default_opt_1,True,store,199,199,0
public_v1,O1,p00165,main_default_opt_1,True,sub,21,3,-18
public_v1,O1,p00165,main_default_opt_1,True,trunc,3,1,-2
public_v1,O1,p00165,main_default_opt_1,True,xor,8,9,1
public_v1,O1,p00165,main_default_opt_1,True,zext,15,15,0
public_v1,O1,p00165,main_default_opt_2,True,add,95,95,0
public_v1,O1,p00165,main_default_opt_2,True,alloca,5,5,0
public_v1,O1,p00165,main_default_opt_2,True,and,110,4,-106
public_v1,O1,p00165,main_default_opt_2,True,br,24,24,0
public_v1,O1,p00165,main_default_opt_2,True,call,11,13,2
public_v1,O1,p00165,main_default_opt_2,True,getelementptr,151,137,-14
public_v1,O1,p00165,main_default_opt_2,True,icmp,124,88,-36
public_v1,O1,p00165,main_default_opt_2,True,inttoptr,41,36,-5
public_v1,O1,p00165,main_default_opt_2,True,load,72,72,0
public_v1,O1,p00165,main_default_opt_2,True,mul,2,2,0
public_v1,O1,p00165,main_default_opt_2,True,or,90,2,-88
public_v1,O1,p00165,main_default_opt_2,True,phi,14,14,0
public_v1,O1,p00165,main_default_opt_2,True,ptrtoint,10,5,-5
public_v1,O1,p00165,main_default_opt_2,True,ret,2,2,0
public_v1,O1,p00165,main_default_opt_2,True,select,106,96,-10
public_v1,O1,p00165,main_default_opt_2,True,sext,4,4,0
public_v1,O1,p00165,main_default_opt_2,True,shl,2,2,0
public_v1,O1,p00165,main_default_opt_2,True,store,171,165,-6
public_v1,O1,p00165,main_default_opt_2,True,sub,19,1,-18
public_v1,O1,p00165,main_default_opt_2,True,trunc,3,1,-2
public_v1,O1,p00165,main_default_opt_2,True,xor,5,5,0
public_v1,O1,p00165,main_default_opt_2,True,zext,10,8,-2
public_v1,O1,p00165,bundle_default_opt_3,True,add,19,19,0
public_v1,O1,p00165,bundle_default_opt_3,True,alloca,5,5,0
public_v1,O1,p00165,bundle_default_opt_3,True,and,4,4,0
public_v1,O1,p00165,bundle_default_opt_3,True,br,23,22,-1
public_v1,O1,p00165,bundle_default_opt_3,True,call,18,18,0
public_v1,O1,p00165,bundle_default_opt_3,True,getelementptr,69,45,-24
public_v1,O1,p00165,bundle_default_opt_3,True,icmp,17,18,1
public_v1,O1,p00165,bundle_default_opt_3,True,inttoptr,1,1,0
public_v1,O1,p00165,bundle_default_opt_3,True,load,40,37,-3
public_v1,O1,p00165,bundle_default_opt_3,True,mul,2,2,0
public_v1,O1,p00165,bundle_default_opt_3,True,or,2,2,0
public_v1,O1,p00165,bundle_default_opt_3,True,phi,11,10,-1
public_v1,O1,p00165,bundle_default_opt_3,True,ptrtoint,4,4,0
public_v1,O1,p00165,bundle_default_opt_3,True,ret,3,3,0
public_v1,O1,p00165,bundle_default_opt_3,True,select,2,2,0
public_v1,O1,p00165,bundle_default_opt_3,True,sext,4,4,0
public_v1,O1,p00165,bundle_default_opt_3,True,shl,2,2,0
public_v1,O1,p00165,bundle_default_opt_3,True,store,59,59,0
public_v1,O1,p00165,bundle_default_opt_3,True,sub,1,1,0
public_v1,O1,p00165,bundle_default_opt_3,True,trunc,1,1,0
public_v1,O1,p00165,bundle_default_opt_3,True,xor,5,5,0
public_v1,O1,p00165,bundle_default_opt_3,True,zext,4,4,0
public_v1,O1,p00165,bundle_default_opt_4,True,add,19,19,0
public_v1,O1,p00165,bundle_default_opt_4,True,alloca,5,5,0
public_v1,O1,p00165,bundle_default_opt_4,True,and,4,4,0
public_v1,O1,p00165,bundle_default_opt_4,True,br,22,22,0
public_v1,O1,p00165,bundle_default_opt_4,True,call,18,18,0
public_v1,O1,p00165,bundle_default_opt_4,True,getelementptr,45,45,0
public_v1,O1,p00165,bundle_default_opt_4,True,icmp,18,18,0
public_v1,O1,p00165,bundle_default_opt_4,True,inttoptr,1,1,0
public_v1,O1,p00165,bundle_default_opt_4,True,load,37,36,-1
public_v1,O1,p00165,bundle_default_opt_4,True,mul,2,2,0
public_v1,O1,p00165,bundle_default_opt_4,True,or,2,2,0
public_v1,O1,p00165,bundle_default_opt_4,True,phi,10,10,0
public_v1,O1,p00165,bundle_default_opt_4,True,ptrtoint,4,4,0
public_v1,O1,p00165,bundle_default_opt_4,True,ret,3,3,0
public_v1,O1,p00165,bundle_default_opt_4,True,select,2,2,0
public_v1,O1,p00165,bundle_default_opt_4,True,sext,4,4,0
public_v1,O1,p00165,bundle_default_opt_4,True,shl,2,2,0
public_v1,O1,p00165,bundle_default_opt_4,True,store,59,59,0
public_v1,O1,p00165,bundle_default_opt_4,True,sub,1,1,0
public_v1,O1,p00165,bundle_default_opt_4,True,trunc,1,1,0
public_v1,O1,p00165,bundle_default_opt_4,True,xor,5,5,0
public_v1,O1,p00165,bundle_default_opt_4,True,zext,4,4,0
public_v1,O1,p00165,bundle_post_opt_4_custom_cleanup,True,add,19,19,0
public_v1,O1,p00165,bundle_post_opt_4_custom_cleanup,True,alloca,5,5,0
public_v1,O1,p00165,bundle_post_opt_4_custom_cleanup,True,and,4,4,0
public_v1,O1,p00165,bundle_post_opt_4_custom_cleanup,True,br,22,22,0
public_v1,O1,p00165,bundle_post_opt_4_custom_cleanup,True,call,18,18,0
public_v1,O1,p00165,bundle_post_opt_4_custom_cleanup,True,getelementptr,45,45,0
public_v1,O1,p00165,bundle_post_opt_4_custom_cleanup,True,icmp,18,18,0
public_v1,O1,p00165,bundle_post_opt_4_custom_cleanup,True,inttoptr,1,1,0
public_v1,O1,p00165,bundle_post_opt_4_custom_cleanup,True,load,36,25,-11
public_v1,O1,p00165,bundle_post_opt_4_custom_cleanup,True,mul,2,2,0
public_v1,O1,p00165,bundle_post_opt_4_custom_cleanup,True,or,2,2,0
public_v1,O1,p00165,bundle_post_opt_4_custom_cleanup,True,phi,10,20,10
public_v1,O1,p00165,bundle_post_opt_4_custom_cleanup,True,ptrtoint,4,4,0
public_v1,O1,p00165,bundle_post_opt_4_custom_cleanup,True,ret,3,3,0
public_v1,O1,p00165,bundle_post_opt_4_custom_cleanup,True,select,2,2,0
public_v1,O1,p00165,bundle_post_opt_4_custom_cleanup,True,sext,4,4,0
public_v1,O1,p00165,bundle_post_opt_4_custom_cleanup,True,shl,2,2,0
public_v1,O1,p00165,bundle_post_opt_4_custom_cleanup,True,store,59,58,-1
public_v1,O1,p00165,bundle_post_opt_4_custom_cleanup,True,sub,1,1,0
public_v1,O1,p00165,bundle_post_opt_4_custom_cleanup,True,trunc,1,1,0
public_v1,O1,p00165,bundle_post_opt_4_custom_cleanup,True,xor,5,5,0
public_v1,O1,p00165,bundle_post_opt_4_custom_cleanup,True,zext,4,4,0
public_v1,O1,p00327,main_default_opt_1,True,add,120,99,-21
public_v1,O1,p00327,main_default_opt_1,True,alloca,5,3,-2
public_v1,O1,p00327,main_default_opt_1,True,and,50,26,-24
public_v1,O1,p00327,main_default_opt_1,True,br,28,24,-4
public_v1,O1,p00327,main_default_opt_1,True,call,14,7,-7
public_v1,O1,p00327,main_default_opt_1,True,extractvalue,14,0,-14
public_v1,O1,p00327,main_default_opt_1,True,getelementptr,168,100,-68
public_v1,O1,p00327,main_default_opt_1,True,icmp,81,72,-9
public_v1,O1,p00327,main_default_opt_1,True,insertvalue,22,0,-22
public_v1,O1,p00327,main_default_opt_1,True,inttoptr,18,18,0
public_v1,O1,p00327,main_default_opt_1,True,load,111,56,-55
public_v1,O1,p00327,main_default_opt_1,True,lshr,3,0,-3
public_v1,O1,p00327,main_default_opt_1,True,mul,16,13,-3
public_v1,O1,p00327,main_default_opt_1,True,or,28,19,-9
public_v1,O1,p00327,main_default_opt_1,True,phi,20,29,9
public_v1,O1,p00327,main_default_opt_1,True,ptrtoint,9,5,-4
public_v1,O1,p00327,main_default_opt_1,True,ret,3,2,-1
public_v1,O1,p00327,main_default_opt_1,True,select,63,66,3
public_v1,O1,p00327,main_default_opt_1,True,sext,43,38,-5
public_v1,O1,p00327,main_default_opt_1,True,shl,10,9,-1
public_v1,O1,p00327,main_default_opt_1,True,store,167,144,-23
public_v1,O1,p00327,main_default_opt_1,True,sub,18,2,-16
public_v1,O1,p00327,main_default_opt_1,True,trunc,9,4,-5
public_v1,O1,p00327,main_default_opt_1,True,xor,32,22,-10
public_v1,O1,p00327,main_default_opt_1,True,zext,33,23,-10
public_v1,O1,p00327,main_default_opt_2,True,add,98,92,-6
public_v1,O1,p00327,main_default_opt_2,True,alloca,3,3,0
public_v1,O1,p00327,main_default_opt_2,True,and,19,14,-5
public_v1,O1,p00327,main_default_opt_2,True,br,24,23,-1
public_v1,O1,p00327,main_default_opt_2,True,call,8,7,-1
public_v1,O1,p00327,main_default_opt_2,True,getelementptr,101,93,-8
public_v1,O1,p00327,main_default_opt_2,True,icmp,71,66,-5
public_v1,O1,p00327,main_default_opt_2,True,inttoptr,17,15,-2
public_v1,O1,p00327,main_default_opt_2,True,load,52,55,3
public_v1,O1,p00327,main_default_opt_2,True,mul,12,12,0
public_v1,O1,p00327,main_default_opt_2,True,or,17,15,-2
public_v1,O1,p00327,main_default_opt_2,True,phi,9,11,2
public_v1,O1,p00327,main_default_opt_2,True,ptrtoint,4,2,-2
public_v1,O1,p00327,main_default_opt_2,True,ret,3,2,-1
public_v1,O1,p00327,main_default_opt_2,True,select,66,61,-5
public_v1,O1,p00327,main_default_opt_2,True,sext,38,33,-5
public_v1,O1,p00327,main_default_opt_2,True,shl,9,9,0
public_v1,O1,p00327,main_default_opt_2,True,store,142,148,6
public_v1,O1,p00327,main_default_opt_2,True,sub,2,2,0
public_v1,O1,p00327,main_default_opt_2,True,trunc,4,4,0
public_v1,O1,p00327,main_default_opt_2,True,xor,20,20,0
public_v1,O1,p00327,main_default_opt_2,True,zext,21,27,6
public_v1,O1,p00327,bundle_default_opt_3,True,add,56,55,-1
public_v1,O1,p00327,bundle_default_opt_3,True,alloca,3,3,0
public_v1,O1,p00327,bundle_default_opt_3,True,and,14,14,0
public_v1,O1,p00327,bundle_default_opt_3,True,br,23,25,2
public_v1,O1,p00327,bundle_default_opt_3,True,call,21,21,0
public_v1,O1,p00327,bundle_default_opt_3,True,getelementptr,57,56,-1
public_v1,O1,p00327,bundle_default_opt_3,True,icmp,30,30,0
public_v1,O1,p00327,bundle_default_opt_3,True,inttoptr,3,3,0
public_v1,O1,p00327,bundle_default_opt_3,True,load,50,50,0
public_v1,O1,p00327,bundle_default_opt_3,True,mul,12,12,0
public_v1,O1,p00327,bundle_default_opt_3,True,or,15,15,0
public_v1,O1,p00327,bundle_default_opt_3,True,phi,9,8,-1
public_v1,O1,p00327,bundle_default_opt_3,True,ptrtoint,2,2,0
public_v1,O1,p00327,bundle_default_opt_3,True,ret,4,4,0
public_v1,O1,p00327,bundle_default_opt_3,True,select,25,25,0
public_v1,O1,p00327,bundle_default_opt_3,True,sext,33,29,-4
public_v1,O1,p00327,bundle_default_opt_3,True,shl,9,8,-1
public_v1,O1,p00327,bundle_default_opt_3,True,store,148,153,5
public_v1,O1,p00327,bundle_default_opt_3,True,sub,2,2,0
public_v1,O1,p00327,bundle_default_opt_3,True,trunc,4,4,0
public_v1,O1,p00327,bundle_default_opt_3,True,xor,20,20,0
public_v1,O1,p00327,bundle_default_opt_3,True,zext,27,27,0
public_v1,O1,p00327,bundle_default_opt_4,True,add,55,51,-4
public_v1,O1,p00327,bundle_default_opt_4,True,alloca,3,3,0
public_v1,O1,p00327,bundle_default_opt_4,True,and,14,14,0
public_v1,O1,p00327,bundle_default_opt_4,True,br,25,25,0
public_v1,O1,p00327,bundle_default_opt_4,True,call,21,21,0
public_v1,O1,p00327,bundle_default_opt_4,True,getelementptr,56,56,0
public_v1,O1,p00327,bundle_default_opt_4,True,icmp,30,30,0
public_v1,O1,p00327,bundle_default_opt_4,True,inttoptr,3,3,0
public_v1,O1,p00327,bundle_default_opt_4,True,load,50,50,0
public_v1,O1,p00327,bundle_default_opt_4,True,mul,12,12,0
public_v1,O1,p00327,bundle_default_opt_4,True,or,15,15,0
public_v1,O1,p00327,bundle_default_opt_4,True,phi,8,8,0
public_v1,O1,p00327,bundle_default_opt_4,True,ptrtoint,2,2,0
public_v1,O1,p00327,bundle_default_opt_4,True,ret,4,4,0
public_v1,O1,p00327,bundle_default_opt_4,True,select,25,25,0
public_v1,O1,p00327,bundle_default_opt_4,True,sext,29,29,0
public_v1,O1,p00327,bundle_default_opt_4,True,shl,8,8,0
public_v1,O1,p00327,bundle_default_opt_4,True,store,153,153,0
public_v1,O1,p00327,bundle_default_opt_4,True,sub,2,2,0
public_v1,O1,p00327,bundle_default_opt_4,True,trunc,4,4,0
public_v1,O1,p00327,bundle_default_opt_4,True,xor,20,20,0
public_v1,O1,p00327,bundle_default_opt_4,True,zext,27,27,0
public_v1,O1,p00327,bundle_post_opt_4_custom_cleanup,True,add,51,51,0
public_v1,O1,p00327,bundle_post_opt_4_custom_cleanup,True,alloca,3,3,0
public_v1,O1,p00327,bundle_post_opt_4_custom_cleanup,True,and,14,14,0
public_v1,O1,p00327,bundle_post_opt_4_custom_cleanup,True,br,25,26,1
public_v1,O1,p00327,bundle_post_opt_4_custom_cleanup,True,call,21,21,0
public_v1,O1,p00327,bundle_post_opt_4_custom_cleanup,True,getelementptr,56,56,0
public_v1,O1,p00327,bundle_post_opt_4_custom_cleanup,True,icmp,30,30,0
public_v1,O1,p00327,bundle_post_opt_4_custom_cleanup,True,inttoptr,3,3,0
public_v1,O1,p00327,bundle_post_opt_4_custom_cleanup,True,load,50,44,-6
public_v1,O1,p00327,bundle_post_opt_4_custom_cleanup,True,mul,12,12,0
public_v1,O1,p00327,bundle_post_opt_4_custom_cleanup,True,or,15,15,0
public_v1,O1,p00327,bundle_post_opt_4_custom_cleanup,True,phi,8,18,10
public_v1,O1,p00327,bundle_post_opt_4_custom_cleanup,True,ptrtoint,2,2,0
public_v1,O1,p00327,bundle_post_opt_4_custom_cleanup,True,ret,4,4,0
public_v1,O1,p00327,bundle_post_opt_4_custom_cleanup,True,select,25,17,-8
public_v1,O1,p00327,bundle_post_opt_4_custom_cleanup,True,sext,29,29,0
public_v1,O1,p00327,bundle_post_opt_4_custom_cleanup,True,shl,8,8,0
public_v1,O1,p00327,bundle_post_opt_4_custom_cleanup,True,store,153,71,-82
public_v1,O1,p00327,bundle_post_opt_4_custom_cleanup,True,sub,2,2,0
public_v1,O1,p00327,bundle_post_opt_4_custom_cleanup,True,trunc,4,4,0
public_v1,O1,p00327,bundle_post_opt_4_custom_cleanup,True,xor,20,20,0
public_v1,O1,p00327,bundle_post_opt_4_custom_cleanup,True,zext,27,27,0
public_v1,O1,p00678,main_default_opt_1,True,add,87,57,-30
public_v1,O1,p00678,main_default_opt_1,True,alloca,11,7,-4
public_v1,O1,p00678,main_default_opt_1,True,and,110,77,-33
public_v1,O1,p00678,main_default_opt_1,True,bitcast,14,9,-5
public_v1,O1,p00678,main_default_opt_1,True,br,89,80,-9
public_v1,O1,p00678,main_default_opt_1,True,call,43,31,-12
public_v1,O1,p00678,main_default_opt_1,True,extractvalue,94,61,-33
public_v1,O1,p00678,main_default_opt_1,True,fadd,13,13,0
public_v1,O1,p00678,main_default_opt_1,True,fcmp,12,12,0
public_v1,O1,p00678,main_default_opt_1,True,fdiv,5,5,0
public_v1,O1,p00678,main_default_opt_1,True,fmul,2,2,0
public_v1,O1,p00678,main_default_opt_1,True,fsub,2,2,0
public_v1,O1,p00678,main_default_opt_1,True,getelementptr,250,143,-107
public_v1,O1,p00678,main_default_opt_1,True,icmp,126,55,-71
public_v1,O1,p00678,main_default_opt_1,True,insertvalue,72,29,-43
public_v1,O1,p00678,main_default_opt_1,True,inttoptr,13,3,-10
public_v1,O1,p00678,main_default_opt_1,True,load,123,112,-11
public_v1,O1,p00678,main_default_opt_1,True,lshr,18,2,-16
public_v1,O1,p00678,main_default_opt_1,True,mul,18,18,0
public_v1,O1,p00678,main_default_opt_1,True,or,68,66,-2
public_v1,O1,p00678,main_default_opt_1,True,phi,78,77,-1
public_v1,O1,p00678,main_default_opt_1,True,ptrtoint,16,6,-10
public_v1,O1,p00678,main_default_opt_1,True,ret,6,5,-1
public_v1,O1,p00678,main_default_opt_1,True,select,50,20,-30
public_v1,O1,p00678,main_default_opt_1,True,sext,8,8,0
public_v1,O1,p00678,main_default_opt_1,True,shl,8,8,0
public_v1,O1,p00678,main_default_opt_1,True,sitofp,5,5,0
public_v1,O1,p00678,main_default_opt_1,True,store,229,169,-60
public_v1,O1,p00678,main_default_opt_1,True,switch,8,5,-3
public_v1,O1,p00678,main_default_opt_1,True,trunc,45,25,-20
public_v1,O1,p00678,main_default_opt_1,True,unreachable,3,3,0
public_v1,O1,p00678,main_default_opt_1,True,xor,59,47,-12
public_v1,O1,p00678,main_default_opt_1,True,zext,130,91,-39
public_v1,O1,p00678,main_default_opt_2,True,add,54,54,0
public_v1,O1,p00678,main_default_opt_2,True,alloca,7,7,0
public_v1,O1,p00678,main_default_opt_2,True,and,177,75,-102
public_v1,O1,p00678,main_default_opt_2,True,bitcast,9,9,0
public_v1,O1,p00678,main_default_opt_2,True,br,80,79,-1
public_v1,O1,p00678,main_default_opt_2,True,call,29,29,0
public_v1,O1,p00678,main_default_opt_2,True,extractvalue,61,61,0
public_v1,O1,p00678,main_default_opt_2,True,fadd,13,13,0
public_v1,O1,p00678,main_default_opt_2,True,fcmp,12,11,-1
public_v1,O1,p00678,main_default_opt_2,True,fdiv,5,5,0
public_v1,O1,p00678,main_default_opt_2,True,fmul,2,2,0
public_v1,O1,p00678,main_default_opt_2,True,fsub,2,2,0
public_v1,O1,p00678,main_default_opt_2,True,getelementptr,149,125,-24
public_v1,O1,p00678,main_default_opt_2,True,icmp,64,51,-13
public_v1,O1,p00678,main_default_opt_2,True,insertvalue,29,29,0
public_v1,O1,p00678,main_default_opt_2,True,inttoptr,5,3,-2
public_v1,O1,p00678,main_default_opt_2,True,load,100,100,0
public_v1,O1,p00678,main_default_opt_2,True,mul,18,18,0
public_v1,O1,p00678,main_default_opt_2,True,or,162,66,-96
public_v1,O1,p00678,main_default_opt_2,True,phi,77,77,0
public_v1,O1,p00678,main_default_opt_2,True,ptrtoint,7,5,-2
public_v1,O1,p00678,main_default_opt_2,True,ret,5,5,0
public_v1,O1,p00678,main_default_opt_2,True,select,26,20,-6
public_v1,O1,p00678,main_default_opt_2,True,sext,8,8,0
public_v1,O1,p00678,main_default_opt_2,True,shl,8,8,0
public_v1,O1,p00678,main_default_opt_2,True,sitofp,5,5,0
public_v1,O1,p00678,main_default_opt_2,True,store,141,141,0
public_v1,O1,p00678,main_default_opt_2,True,sub,6,0,-6
public_v1,O1,p00678,main_default_opt_2,True,switch,5,4,-1
public_v1,O1,p00678,main_default_opt_2,True,trunc,24,22,-2
public_v1,O1,p00678,main_default_opt_2,True,unreachable,3,3,0
public_v1,O1,p00678,main_default_opt_2,True,xor,45,45,0
public_v1,O1,p00678,main_default_opt_2,True,zext,88,87,-1
public_v1,O1,p00678,bundle_default_opt_3,True,add,54,54,0
public_v1,O1,p00678,bundle_default_opt_3,True,alloca,7,7,0
public_v1,O1,p00678,bundle_default_opt_3,True,and,75,75,0
public_v1,O1,p00678,bundle_default_opt_3,True,bitcast,9,9,0
public_v1,O1,p00678,bundle_default_opt_3,True,br,79,79,0
public_v1,O1,p00678,bundle_default_opt_3,True,call,29,29,0
public_v1,O1,p00678,bundle_default_opt_3,True,extractvalue,61,61,0
public_v1,O1,p00678,bundle_default_opt_3,True,fadd,13,13,0
public_v1,O1,p00678,bundle_default_opt_3,True,fcmp,11,11,0
public_v1,O1,p00678,bundle_default_opt_3,True,fdiv,5,5,0
public_v1,O1,p00678,bundle_default_opt_3,True,fmul,2,2,0
public_v1,O1,p00678,bundle_default_opt_3,True,fsub,2,2,0
public_v1,O1,p00678,bundle_default_opt_3,True,getelementptr,125,125,0
public_v1,O1,p00678,bundle_default_opt_3,True,icmp,51,51,0
public_v1,O1,p00678,bundle_default_opt_3,True,insertvalue,29,29,0
public_v1,O1,p00678,bundle_default_opt_3,True,inttoptr,3,3,0
public_v1,O1,p00678,bundle_default_opt_3,True,load,100,100,0
public_v1,O1,p00678,bundle_default_opt_3,True,mul,18,18,0
public_v1,O1,p00678,bundle_default_opt_3,True,or,66,66,0
public_v1,O1,p00678,bundle_default_opt_3,True,phi,77,77,0
public_v1,O1,p00678,bundle_default_opt_3,True,ptrtoint,5,5,0
public_v1,O1,p00678,bundle_default_opt_3,True,ret,5,5,0
public_v1,O1,p00678,bundle_default_opt_3,True,select,20,20,0
public_v1,O1,p00678,bundle_default_opt_3,True,sext,8,8,0
public_v1,O1,p00678,bundle_default_opt_3,True,shl,8,8,0
public_v1,O1,p00678,bundle_default_opt_3,True,sitofp,5,5,0
public_v1,O1,p00678,bundle_default_opt_3,True,store,141,141,0
public_v1,O1,p00678,bundle_default_opt_3,True,switch,4,4,0
public_v1,O1,p00678,bundle_default_opt_3,True,trunc,22,22,0
public_v1,O1,p00678,bundle_default_opt_3,True,unreachable,3,3,0
public_v1,O1,p00678,bundle_default_opt_3,True,xor,45,45,0
public_v1,O1,p00678,bundle_default_opt_3,True,zext,87,87,0
public_v1,O1,p00678,bundle_default_opt_4,True,add,54,54,0
public_v1,O1,p00678,bundle_default_opt_4,True,alloca,7,7,0
public_v1,O1,p00678,bundle_default_opt_4,True,and,75,75,0
public_v1,O1,p00678,bundle_default_opt_4,True,bitcast,9,9,0
public_v1,O1,p00678,bundle_default_opt_4,True,br,79,79,0
public_v1,O1,p00678,bundle_default_opt_4,True,call,29,29,0
public_v1,O1,p00678,bundle_default_opt_4,True,extractvalue,61,61,0
public_v1,O1,p00678,bundle_default_opt_4,True,fadd,13,13,0
public_v1,O1,p00678,bundle_default_opt_4,True,fcmp,11,11,0
public_v1,O1,p00678,bundle_default_opt_4,True,fdiv,5,5,0
public_v1,O1,p00678,bundle_default_opt_4,True,fmul,2,2,0
public_v1,O1,p00678,bundle_default_opt_4,True,fsub,2,2,0
public_v1,O1,p00678,bundle_default_opt_4,True,getelementptr,125,125,0
public_v1,O1,p00678,bundle_default_opt_4,True,icmp,51,51,0
public_v1,O1,p00678,bundle_default_opt_4,True,insertvalue,29,29,0
public_v1,O1,p00678,bundle_default_opt_4,True,inttoptr,3,3,0
public_v1,O1,p00678,bundle_default_opt_4,True,load,100,100,0
public_v1,O1,p00678,bundle_default_opt_4,True,mul,18,18,0
public_v1,O1,p00678,bundle_default_opt_4,True,or,66,66,0
public_v1,O1,p00678,bundle_default_opt_4,True,phi,77,77,0
public_v1,O1,p00678,bundle_default_opt_4,True,ptrtoint,5,5,0
public_v1,O1,p00678,bundle_default_opt_4,True,ret,5,5,0
public_v1,O1,p00678,bundle_default_opt_4,True,select,20,20,0
public_v1,O1,p00678,bundle_default_opt_4,True,sext,8,8,0
public_v1,O1,p00678,bundle_default_opt_4,True,shl,8,8,0
public_v1,O1,p00678,bundle_default_opt_4,True,sitofp,5,5,0
public_v1,O1,p00678,bundle_default_opt_4,True,store,141,141,0
public_v1,O1,p00678,bundle_default_opt_4,True,switch,4,4,0
public_v1,O1,p00678,bundle_default_opt_4,True,trunc,22,22,0
public_v1,O1,p00678,bundle_default_opt_4,True,unreachable,3,3,0
public_v1,O1,p00678,bundle_default_opt_4,True,xor,45,45,0
public_v1,O1,p00678,bundle_default_opt_4,True,zext,87,87,0
public_v1,O1,p00678,bundle_post_opt_4_custom_cleanup,True,add,54,54,0
public_v1,O1,p00678,bundle_post_opt_4_custom_cleanup,True,alloca,7,7,0
public_v1,O1,p00678,bundle_post_opt_4_custom_cleanup,True,and,75,75,0
public_v1,O1,p00678,bundle_post_opt_4_custom_cleanup,True,bitcast,9,11,2
public_v1,O1,p00678,bundle_post_opt_4_custom_cleanup,True,br,79,79,0
public_v1,O1,p00678,bundle_post_opt_4_custom_cleanup,True,call,29,29,0
public_v1,O1,p00678,bundle_post_opt_4_custom_cleanup,True,extractvalue,61,61,0
public_v1,O1,p00678,bundle_post_opt_4_custom_cleanup,True,fadd,13,13,0
public_v1,O1,p00678,bundle_post_opt_4_custom_cleanup,True,fcmp,11,11,0
public_v1,O1,p00678,bundle_post_opt_4_custom_cleanup,True,fdiv,5,5,0
public_v1,O1,p00678,bundle_post_opt_4_custom_cleanup,True,fmul,2,2,0
public_v1,O1,p00678,bundle_post_opt_4_custom_cleanup,True,fsub,2,2,0
public_v1,O1,p00678,bundle_post_opt_4_custom_cleanup,True,getelementptr,125,125,0
public_v1,O1,p00678,bundle_post_opt_4_custom_cleanup,True,icmp,51,51,0
public_v1,O1,p00678,bundle_post_opt_4_custom_cleanup,True,insertvalue,29,29,0
public_v1,O1,p00678,bundle_post_opt_4_custom_cleanup,True,inttoptr,3,3,0
public_v1,O1,p00678,bundle_post_opt_4_custom_cleanup,True,load,100,91,-9
public_v1,O1,p00678,bundle_post_opt_4_custom_cleanup,True,mul,18,18,0
public_v1,O1,p00678,bundle_post_opt_4_custom_cleanup,True,or,66,66,0
public_v1,O1,p00678,bundle_post_opt_4_custom_cleanup,True,phi,77,88,11
public_v1,O1,p00678,bundle_post_opt_4_custom_cleanup,True,ptrtoint,5,5,0
public_v1,O1,p00678,bundle_post_opt_4_custom_cleanup,True,ret,5,5,0
public_v1,O1,p00678,bundle_post_opt_4_custom_cleanup,True,select,20,20,0
public_v1,O1,p00678,bundle_post_opt_4_custom_cleanup,True,sext,8,8,0
public_v1,O1,p00678,bundle_post_opt_4_custom_cleanup,True,shl,8,8,0
public_v1,O1,p00678,bundle_post_opt_4_custom_cleanup,True,sitofp,5,5,0
public_v1,O1,p00678,bundle_post_opt_4_custom_cleanup,True,store,141,141,0
public_v1,O1,p00678,bundle_post_opt_4_custom_cleanup,True,switch,4,4,0
public_v1,O1,p00678,bundle_post_opt_4_custom_cleanup,True,trunc,22,22,0
public_v1,O1,p00678,bundle_post_opt_4_custom_cleanup,True,unreachable,3,3,0
public_v1,O1,p00678,bundle_post_opt_4_custom_cleanup,True,xor,45,45,0
public_v1,O1,p00678,bundle_post_opt_4_custom_cleanup,True,zext,87,87,0
public_v1,O1,p00693,main_default_opt_1,True,add,148,121,-27
public_v1,O1,p00693,main_default_opt_1,True,alloca,11,5,-6
public_v1,O1,p00693,main_default_opt_1,True,and,28,7,-21
public_v1,O1,p00693,main_default_opt_1,True,ashr,1,1,0
public_v1,O1,p00693,main_default_opt_1,True,br,34,31,-3
public_v1,O1,p00693,main_default_opt_1,True,call,32,17,-15
public_v1,O1,p00693,main_default_opt_1,True,extractvalue,20,4,-16
public_v1,O1,p00693,main_default_opt_1,True,getelementptr,270,188,-82
public_v1,O1,p00693,main_default_opt_1,True,icmp,119,105,-14
public_v1,O1,p00693,main_default_opt_1,True,insertvalue,37,2,-35
public_v1,O1,p00693,main_default_opt_1,True,inttoptr,31,27,-4
public_v1,O1,p00693,main_default_opt_1,True,load,108,77,-31
public_v1,O1,p00693,main_default_opt_1,True,lshr,9,3,-6
public_v1,O1,p00693,main_default_opt_1,True,mul,21,16,-5
public_v1,O1,p00693,main_default_opt_1,True,or,11,4,-7
public_v1,O1,p00693,main_default_opt_1,True,phi,16,8,-8
public_v1,O1,p00693,main_default_opt_1,True,ptrtoint,15,10,-5
public_v1,O1,p00693,main_default_opt_1,True,ret,4,3,-1
public_v1,O1,p00693,main_default_opt_1,True,select,98,100,2
public_v1,O1,p00693,main_default_opt_1,True,sext,16,16,0
public_v1,O1,p00693,main_default_opt_1,True,store,260,228,-32
public_v1,O1,p00693,main_default_opt_1,True,sub,27,15,-12
public_v1,O1,p00693,main_default_opt_1,True,trunc,16,5,-11
public_v1,O1,p00693,main_default_opt_1,True,xor,23,6,-17
public_v1,O1,p00693,main_default_opt_1,True,zext,33,16,-17
public_v1,O1,p00693,main_default_opt_2,True,add,116,107,-9
public_v1,O1,p00693,main_default_opt_2,True,alloca,5,5,0
public_v1,O1,p00693,main_default_opt_2,True,and,102,1,-101
public_v1,O1,p00693,main_default_opt_2,True,ashr,1,1,0
public_v1,O1,p00693,main_default_opt_2,True,br,31,31,0
public_v1,O1,p00693,main_default_opt_2,True,call,15,17,2
public_v1,O1,p00693,main_default_opt_2,True,extractvalue,4,4,0
public_v1,O1,p00693,main_default_opt_2,True,getelementptr,201,162,-39
public_v1,O1,p00693,main_default_opt_2,True,icmp,125,92,-33
public_v1,O1,p00693,main_default_opt_2,True,insertvalue,2,2,0
public_v1,O1,p00693,main_default_opt_2,True,inttoptr,31,24,-7
public_v1,O1,p00693,main_default_opt_2,True,load,64,52,-12
public_v1,O1,p00693,main_default_opt_2,True,mul,15,14,-1
public_v1,O1,p00693,main_default_opt_2,True,or,89,1,-88
public_v1,O1,p00693,main_default_opt_2,True,phi,8,8,0
public_v1,O1,p00693,main_default_opt_2,True,ptrtoint,12,8,-4
public_v1,O1,p00693,main_default_opt_2,True,ret,3,3,0
public_v1,O1,p00693,main_default_opt_2,True,select,112,91,-21
public_v1,O1,p00693,main_default_opt_2,True,sext,16,15,-1
public_v1,O1,p00693,main_default_opt_2,True,store,200,194,-6
public_v1,O1,p00693,main_default_opt_2,True,sub,27,3,-24
public_v1,O1,p00693,main_default_opt_2,True,trunc,3,1,-2
public_v1,O1,p00693,main_default_opt_2,True,xor,2,2,0
public_v1,O1,p00693,main_default_opt_2,True,zext,9,7,-2
public_v1,O1,p00693,bundle_default_opt_3,True,add,65,61,-4
public_v1,O1,p00693,bundle_default_opt_3,True,alloca,5,5,0
public_v1,O1,p00693,bundle_default_opt_3,True,and,1,1,0
public_v1,O1,p00693,bundle_default_opt_3,True,ashr,1,1,0
public_v1,O1,p00693,bundle_default_opt_3,True,br,31,30,-1
public_v1,O1,p00693,bundle_default_opt_3,True,call,32,32,0
public_v1,O1,p00693,bundle_default_opt_3,True,extractvalue,2,0,-2
public_v1,O1,p00693,bundle_default_opt_3,True,getelementptr,107,105,-2
public_v1,O1,p00693,bundle_default_opt_3,True,icmp,50,51,1
public_v1,O1,p00693,bundle_default_opt_3,True,insertvalue,2,0,-2
public_v1,O1,p00693,bundle_default_opt_3,True,inttoptr,10,10,0
public_v1,O1,p00693,bundle_default_opt_3,True,load,51,52,1
public_v1,O1,p00693,bundle_default_opt_3,True,mul,14,14,0
public_v1,O1,p00693,bundle_default_opt_3,True,or,1,1,0
public_v1,O1,p00693,bundle_default_opt_3,True,phi,9,4,-5
public_v1,O1,p00693,bundle_default_opt_3,True,ptrtoint,12,8,-4
public_v1,O1,p00693,bundle_default_opt_3,True,ret,5,5,0
public_v1,O1,p00693,bundle_default_opt_3,True,select,49,50,1
public_v1,O1,p00693,bundle_default_opt_3,True,sext,15,15,0
public_v1,O1,p00693,bundle_default_opt_3,True,store,194,198,4
public_v1,O1,p00693,bundle_default_opt_3,True,sub,4,0,-4
public_v1,O1,p00693,bundle_default_opt_3,True,trunc,1,1,0
public_v1,O1,p00693,bundle_default_opt_3,True,xor,2,2,0
public_v1,O1,p00693,bundle_default_opt_3,True,zext,7,7,0
public_v1,O1,p00693,bundle_default_opt_4,True,add,61,61,0
public_v1,O1,p00693,bundle_default_opt_4,True,alloca,5,5,0
public_v1,O1,p00693,bundle_default_opt_4,True,and,1,1,0
public_v1,O1,p00693,bundle_default_opt_4,True,ashr,1,1,0
public_v1,O1,p00693,bundle_default_opt_4,True,br,30,30,0
public_v1,O1,p00693,bundle_default_opt_4,True,call,32,32,0
public_v1,O1,p00693,bundle_default_opt_4,True,getelementptr,105,103,-2
public_v1,O1,p00693,bundle_default_opt_4,True,icmp,51,51,0
public_v1,O1,p00693,bundle_default_opt_4,True,inttoptr,10,10,0
public_v1,O1,p00693,bundle_default_opt_4,True,load,52,52,0
public_v1,O1,p00693,bundle_default_opt_4,True,mul,14,14,0
public_v1,O1,p00693,bundle_default_opt_4,True,or,1,1,0
public_v1,O1,p00693,bundle_default_opt_4,True,phi,4,4,0
public_v1,O1,p00693,bundle_default_opt_4,True,ptrtoint,8,8,0
public_v1,O1,p00693,bundle_default_opt_4,True,ret,5,5,0
public_v1,O1,p00693,bundle_default_opt_4,True,select,50,50,0
public_v1,O1,p00693,bundle_default_opt_4,True,sext,15,15,0
public_v1,O1,p00693,bundle_default_opt_4,True,store,198,198,0
public_v1,O1,p00693,bundle_default_opt_4,True,trunc,1,1,0
public_v1,O1,p00693,bundle_default_opt_4,True,xor,2,2,0
public_v1,O1,p00693,bundle_default_opt_4,True,zext,7,7,0
public_v1,O1,p00693,bundle_post_opt_4_custom_cleanup,True,add,61,61,0
public_v1,O1,p00693,bundle_post_opt_4_custom_cleanup,True,alloca,5,5,0
public_v1,O1,p00693,bundle_post_opt_4_custom_cleanup,True,and,1,1,0
public_v1,O1,p00693,bundle_post_opt_4_custom_cleanup,True,ashr,1,1,0
public_v1,O1,p00693,bundle_post_opt_4_custom_cleanup,True,br,30,31,1
public_v1,O1,p00693,bundle_post_opt_4_custom_cleanup,True,call,32,30,-2
public_v1,O1,p00693,bundle_post_opt_4_custom_cleanup,True,getelementptr,103,107,4
public_v1,O1,p00693,bundle_post_opt_4_custom_cleanup,True,icmp,51,51,0
public_v1,O1,p00693,bundle_post_opt_4_custom_cleanup,True,inttoptr,10,10,0
public_v1,O1,p00693,bundle_post_opt_4_custom_cleanup,True,load,52,47,-5
public_v1,O1,p00693,bundle_post_opt_4_custom_cleanup,True,mul,14,14,0
public_v1,O1,p00693,bundle_post_opt_4_custom_cleanup,True,or,1,1,0
public_v1,O1,p00693,bundle_post_opt_4_custom_cleanup,True,phi,4,13,9
public_v1,O1,p00693,bundle_post_opt_4_custom_cleanup,True,ptrtoint,8,8,0
public_v1,O1,p00693,bundle_post_opt_4_custom_cleanup,True,ret,5,5,0
public_v1,O1,p00693,bundle_post_opt_4_custom_cleanup,True,select,50,42,-8
public_v1,O1,p00693,bundle_post_opt_4_custom_cleanup,True,sext,15,15,0
public_v1,O1,p00693,bundle_post_opt_4_custom_cleanup,True,store,198,110,-88
public_v1,O1,p00693,bundle_post_opt_4_custom_cleanup,True,trunc,1,1,0
public_v1,O1,p00693,bundle_post_opt_4_custom_cleanup,True,xor,2,2,0
public_v1,O1,p00693,bundle_post_opt_4_custom_cleanup,True,zext,7,7,0
public_v1,O1,p00788,main_default_opt_1,True,add,134,60,-74
public_v1,O1,p00788,main_default_opt_1,True,alloca,5,1,-4
public_v1,O1,p00788,main_default_opt_1,True,and,64,46,-18
public_v1,O1,p00788,main_default_opt_1,True,ashr,4,2,-2
public_v1,O1,p00788,main_default_opt_1,True,br,51,46,-5
public_v1,O1,p00788,main_default_opt_1,True,call,27,15,-12
public_v1,O1,p00788,main_default_opt_1,True,extractvalue,27,5,-22
public_v1,O1,p00788,main_default_opt_1,True,getelementptr,202,86,-116
public_v1,O1,p00788,main_default_opt_1,True,icmp,91,64,-27
public_v1,O1,p00788,main_default_opt_1,True,insertvalue,52,4,-48
public_v1,O1,p00788,main_default_opt_1,True,inttoptr,16,11,-5
public_v1,O1,p00788,main_default_opt_1,True,load,121,99,-22
public_v1,O1,p00788,main_default_opt_1,True,lshr,9,4,-5
public_v1,O1,p00788,main_default_opt_1,True,mul,25,23,-2
public_v1,O1,p00788,main_default_opt_1,True,or,34,29,-5
public_v1,O1,p00788,main_default_opt_1,True,phi,23,21,-2
public_v1,O1,p00788,main_default_opt_1,True,ptrtoint,10,5,-5
public_v1,O1,p00788,main_default_opt_1,True,ret,5,3,-2
public_v1,O1,p00788,main_default_opt_1,True,sdiv,5,5,0
public_v1,O1,p00788,main_default_opt_1,True,select,52,37,-15
public_v1,O1,p00788,main_default_opt_1,True,sext,8,8,0
public_v1,O1,p00788,main_default_opt_1,True,shl,4,2,-2
public_v1,O1,p00788,main_default_opt_1,True,srem,2,1,-1
public_v1,O1,p00788,main_default_opt_1,True,store,179,143,-36
public_v1,O1,p00788,main_default_opt_1,True,sub,64,12,-52
public_v1,O1,p00788,main_default_opt_1,True,switch,2,1,-1
public_v1,O1,p00788,main_default_opt_1,True,trunc,28,18,-10
public_v1,O1,p00788,main_default_opt_1,True,udiv,1,1,0
public_v1,O1,p00788,main_default_opt_1,True,unreachable,11,9,-2
public_v1,O1,p00788,main_default_opt_1,True,xor,32,25,-7
public_v1,O1,p00788,main_default_opt_1,True,zext,65,48,-17
public_v1,O1,p00788,main_default_opt_2,True,add,47,47,0
public_v1,O1,p00788,main_default_opt_2,True,alloca,3,3,0
public_v1,O1,p00788,main_default_opt_2,True,and,13,3,-10
public_v1,O1,p00788,main_default_opt_2,True,ashr,2,2,0
public_v1,O1,p00788,main_default_opt_2,True,br,46,42,-4
public_v1,O1,p00788,main_default_opt_2,True,call,17,13,-4
public_v1,O1,p00788,main_default_opt_2,True,extractvalue,4,4,0
public_v1,O1,p00788,main_default_opt_2,True,getelementptr,89,73,-16
public_v1,O1,p00788,main_default_opt_2,True,icmp,51,49,-2
public_v1,O1,p00788,main_default_opt_2,True,insertvalue,4,2,-2
public_v1,O1,p00788,main_default_opt_2,True,inttoptr,9,9,0
public_v1,O1,p00788,main_default_opt_2,True,load,68,62,-6
public_v1,O1,p00788,main_default_opt_2,True,lshr,1,1,0
public_v1,O1,p00788,main_default_opt_2,True,mul,14,13,-1
public_v1,O1,p00788,main_default_opt_2,True,or,10,2,-8
public_v1,O1,p00788,main_default_opt_2,True,phi,4,6,2
public_v1,O1,p00788,main_default_opt_2,True,ptrtoint,3,3,0
public_v1,O1,p00788,main_default_opt_2,True,ret,3,3,0
public_v1,O1,p00788,main_default_opt_2,True,sdiv,5,5,0
public_v1,O1,p00788,main_default_opt_2,True,select,37,37,0
public_v1,O1,p00788,main_default_opt_2,True,sext,8,8,0
public_v1,O1,p00788,main_default_opt_2,True,shl,2,2,0
public_v1,O1,p00788,main_default_opt_2,True,srem,1,1,0
public_v1,O1,p00788,main_default_opt_2,True,store,115,96,-19
public_v1,O1,p00788,main_default_opt_2,True,sub,12,5,-7
public_v1,O1,p00788,main_default_opt_2,True,switch,1,1,0
public_v1,O1,p00788,main_default_opt_2,True,trunc,12,11,-1
public_v1,O1,p00788,main_default_opt_2,True,udiv,1,1,0
public_v1,O1,p00788,main_default_opt_2,True,unreachable,9,9,0
public_v1,O1,p00788,main_default_opt_2,True,xor,4,2,-2
public_v1,O1,p00788,main_default_opt_2,True,zext,10,9,-1
public_v1,O1,p00788,bundle_default_opt_3,True,add,23,21,-2
public_v1,O1,p00788,bundle_default_opt_3,True,alloca,3,3,0
public_v1,O1,p00788,bundle_default_opt_3,True,and,3,3,0
public_v1,O1,p00788,bundle_default_opt_3,True,ashr,2,0,-2
public_v1,O1,p00788,bundle_default_opt_3,True,br,42,44,2
public_v1,O1,p00788,bundle_default_opt_3,True,call,13,11,-2
public_v1,O1,p00788,bundle_default_opt_3,True,extractvalue,2,0,-2
public_v1,O1,p00788,bundle_default_opt_3,True,getelementptr,54,60,6
public_v1,O1,p00788,bundle_default_opt_3,True,icmp,25,26,1
public_v1,O1,p00788,bundle_default_opt_3,True,insertvalue,2,0,-2
public_v1,O1,p00788,bundle_default_opt_3,True,inttoptr,9,3,-6
public_v1,O1,p00788,bundle_default_opt_3,True,load,51,51,0
public_v1,O1,p00788,bundle_default_opt_3,True,lshr,1,1,0
public_v1,O1,p00788,bundle_default_opt_3,True,mul,13,13,0
public_v1,O1,p00788,bundle_default_opt_3,True,or,2,2,0
public_v1,O1,p00788,bundle_default_opt_3,True,phi,6,5,-1
public_v1,O1,p00788,bundle_default_opt_3,True,ptrtoint,7,2,-5
public_v1,O1,p00788,bundle_default_opt_3,True,ret,3,2,-1
public_v1,O1,p00788,bundle_default_opt_3,True,sdiv,5,6,1
public_v1,O1,p00788,bundle_default_opt_3,True,select,13,14,1
public_v1,O1,p00788,bundle_default_opt_3,True,sext,8,12,4
public_v1,O1,p00788,bundle_default_opt_3,True,shl,2,0,-2
public_v1,O1,p00788,bundle_default_opt_3,True,srem,1,2,1
public_v1,O1,p00788,bundle_default_opt_3,True,store,96,120,24
public_v1,O1,p00788,bundle_default_opt_3,True,sub,4,1,-3
public_v1,O1,p00788,bundle_default_opt_3,True,switch,1,1,0
public_v1,O1,p00788,bundle_default_opt_3,True,trunc,11,8,-3
public_v1,O1,p00788,bundle_default_opt_3,True,udiv,1,1,0
public_v1,O1,p00788,bundle_default_opt_3,True,unreachable,9,9,0
public_v1,O1,p00788,bundle_default_opt_3,True,xor,2,2,0
public_v1,O1,p00788,bundle_default_opt_3,True,zext,9,5,-4
public_v1,O1,p00788,bundle_default_opt_4,True,add,21,20,-1
public_v1,O1,p00788,bundle_default_opt_4,True,alloca,3,3,0
public_v1,O1,p00788,bundle_default_opt_4,True,and,3,3,0
public_v1,O1,p00788,bundle_default_opt_4,True,br,44,44,0
public_v1,O1,p00788,bundle_default_opt_4,True,call,11,11,0
public_v1,O1,p00788,bundle_default_opt_4,True,getelementptr,60,46,-14
public_v1,O1,p00788,bundle_default_opt_4,True,icmp,26,26,0
public_v1,O1,p00788,bundle_default_opt_4,True,inttoptr,3,3,0
public_v1,O1,p00788,bundle_default_opt_4,True,load,51,43,-8
public_v1,O1,p00788,bundle_default_opt_4,True,lshr,1,1,0
public_v1,O1,p00788,bundle_default_opt_4,True,mul,13,13,0
public_v1,O1,p00788,bundle_default_opt_4,True,or,2,2,0
public_v1,O1,p00788,bundle_default_opt_4,True,phi,5,7,2
public_v1,O1,p00788,bundle_default_opt_4,True,ptrtoint,2,2,0
public_v1,O1,p00788,bundle_default_opt_4,True,ret,2,2,0
public_v1,O1,p00788,bundle_default_opt_4,True,sdiv,6,6,0
public_v1,O1,p00788,bundle_default_opt_4,True,select,14,14,0
public_v1,O1,p00788,bundle_default_opt_4,True,sext,12,10,-2
public_v1,O1,p00788,bundle_default_opt_4,True,srem,2,2,0
public_v1,O1,p00788,bundle_default_opt_4,True,store,120,120,0
public_v1,O1,p00788,bundle_default_opt_4,True,sub,1,1,0
public_v1,O1,p00788,bundle_default_opt_4,True,switch,1,1,0
public_v1,O1,p00788,bundle_default_opt_4,True,trunc,8,8,0
public_v1,O1,p00788,bundle_default_opt_4,True,udiv,1,1,0
public_v1,O1,p00788,bundle_default_opt_4,True,unreachable,9,9,0
public_v1,O1,p00788,bundle_default_opt_4,True,xor,2,2,0
public_v1,O1,p00788,bundle_default_opt_4,True,zext,5,5,0
public_v1,O1,p00788,bundle_post_opt_4_custom_cleanup,True,add,20,12,-8
public_v1,O1,p00788,bundle_post_opt_4_custom_cleanup,True,alloca,3,8,5
public_v1,O1,p00788,bundle_post_opt_4_custom_cleanup,True,and,3,2,-1
public_v1,O1,p00788,bundle_post_opt_4_custom_cleanup,True,br,44,43,-1
public_v1,O1,p00788,bundle_post_opt_4_custom_cleanup,True,call,11,11,0
public_v1,O1,p00788,bundle_post_opt_4_custom_cleanup,True,getelementptr,46,0,-46
public_v1,O1,p00788,bundle_post_opt_4_custom_cleanup,True,icmp,26,22,-4
public_v1,O1,p00788,bundle_post_opt_4_custom_cleanup,True,inttoptr,3,0,-3
public_v1,O1,p00788,bundle_post_opt_4_custom_cleanup,True,load,43,4,-39
public_v1,O1,p00788,bundle_post_opt_4_custom_cleanup,True,lshr,1,1,0
public_v1,O1,p00788,bundle_post_opt_4_custom_cleanup,True,mul,13,12,-1
public_v1,O1,p00788,bundle_post_opt_4_custom_cleanup,True,or,2,2,0
public_v1,O1,p00788,bundle_post_opt_4_custom_cleanup,True,phi,7,29,22
public_v1,O1,p00788,bundle_post_opt_4_custom_cleanup,True,ptrtoint,2,0,-2
public_v1,O1,p00788,bundle_post_opt_4_custom_cleanup,True,ret,2,2,0
public_v1,O1,p00788,bundle_post_opt_4_custom_cleanup,True,sdiv,6,6,0
public_v1,O1,p00788,bundle_post_opt_4_custom_cleanup,True,select,14,6,-8
public_v1,O1,p00788,bundle_post_opt_4_custom_cleanup,True,sext,10,10,0
public_v1,O1,p00788,bundle_post_opt_4_custom_cleanup,True,srem,2,2,0
public_v1,O1,p00788,bundle_post_opt_4_custom_cleanup,True,store,120,9,-111
public_v1,O1,p00788,bundle_post_opt_4_custom_cleanup,True,sub,1,0,-1
public_v1,O1,p00788,bundle_post_opt_4_custom_cleanup,True,switch,1,1,0
public_v1,O1,p00788,bundle_post_opt_4_custom_cleanup,True,trunc,8,8,0
public_v1,O1,p00788,bundle_post_opt_4_custom_cleanup,True,udiv,1,1,0
public_v1,O1,p00788,bundle_post_opt_4_custom_cleanup,True,unreachable,9,9,0
public_v1,O1,p00788,bundle_post_opt_4_custom_cleanup,True,xor,2,2,0
public_v1,O1,p00788,bundle_post_opt_4_custom_cleanup,True,zext,5,2,-3
public_v1,O1,p00793,main_default_opt_1,True,add,298,308,10
public_v1,O1,p00793,main_default_opt_1,True,alloca,5,5,0
public_v1,O1,p00793,main_default_opt_1,True,and,129,155,26
public_v1,O1,p00793,main_default_opt_1,True,bitcast,37,33,-4
public_v1,O1,p00793,main_default_opt_1,True,br,93,95,2
public_v1,O1,p00793,main_default_opt_1,True,call,48,60,12
public_v1,O1,p00793,main_default_opt_1,True,fadd,11,8,-3
public_v1,O1,p00793,main_default_opt_1,True,fcmp,16,14,-2
public_v1,O1,p00793,main_default_opt_1,True,fdiv,4,4,0
public_v1,O1,p00793,main_default_opt_1,True,fmul,12,12,0
public_v1,O1,p00793,main_default_opt_1,True,fneg,1,1,0
public_v1,O1,p00793,main_default_opt_1,True,fsub,30,31,1
public_v1,O1,p00793,main_default_opt_1,True,getelementptr,300,259,-41
public_v1,O1,p00793,main_default_opt_1,True,icmp,179,199,20
public_v1,O1,p00793,main_default_opt_1,True,inttoptr,171,173,2
public_v1,O1,p00793,main_default_opt_1,True,load,624,619,-5
public_v1,O1,p00793,main_default_opt_1,True,lshr,56,76,20
public_v1,O1,p00793,main_default_opt_1,True,mul,17,17,0
public_v1,O1,p00793,main_default_opt_1,True,or,56,56,0
public_v1,O1,p00793,main_default_opt_1,True,phi,412,422,10
public_v1,O1,p00793,main_default_opt_1,True,ptrtoint,5,5,0
public_v1,O1,p00793,main_default_opt_1,True,ret,9,8,-1
public_v1,O1,p00793,main_default_opt_1,True,select,96,96,0
public_v1,O1,p00793,main_default_opt_1,True,sext,10,10,0
public_v1,O1,p00793,main_default_opt_1,True,shl,10,10,0
public_v1,O1,p00793,main_default_opt_1,True,store,2487,2458,-29
public_v1,O1,p00793,main_default_opt_1,True,switch,9,9,0
public_v1,O1,p00793,main_default_opt_1,True,trunc,88,117,29
public_v1,O1,p00793,main_default_opt_1,True,unreachable,4,4,0
public_v1,O1,p00793,main_default_opt_1,True,xor,104,150,46
public_v1,O1,p00793,main_default_opt_1,True,zext,129,157,28
public_v1,O1,p00793,main_default_opt_2,True,add,305,299,-6
public_v1,O1,p00793,main_default_opt_2,True,alloca,6,6,0
public_v1,O1,p00793,main_default_opt_2,True,and,157,150,-7
public_v1,O1,p00793,main_default_opt_2,True,bitcast,33,33,0
public_v1,O1,p00793,main_default_opt_2,True,br,94,94,0
public_v1,O1,p00793,main_default_opt_2,True,call,60,58,-2
public_v1,O1,p00793,main_default_opt_2,True,fadd,8,8,0
public_v1,O1,p00793,main_default_opt_2,True,fcmp,14,14,0
public_v1,O1,p00793,main_default_opt_2,True,fdiv,4,4,0
public_v1,O1,p00793,main_default_opt_2,True,fmul,12,12,0
public_v1,O1,p00793,main_default_opt_2,True,fneg,1,1,0
public_v1,O1,p00793,main_default_opt_2,True,freeze,1,0,-1
public_v1,O1,p00793,main_default_opt_2,True,fsub,31,31,0
public_v1,O1,p00793,main_default_opt_2,True,getelementptr,268,262,-6
public_v1,O1,p00793,main_default_opt_2,True,icmp,203,190,-13
public_v1,O1,p00793,main_default_opt_2,True,inttoptr,167,158,-9
public_v1,O1,p00793,main_default_opt_2,True,load,620,620,0
public_v1,O1,p00793,main_default_opt_2,True,lshr,76,74,-2
public_v1,O1,p00793,main_default_opt_2,True,mul,17,17,0
public_v1,O1,p00793,main_default_opt_2,True,or,56,56,0
public_v1,O1,p00793,main_default_opt_2,True,phi,422,423,1
public_v1,O1,p00793,main_default_opt_2,True,ptrtoint,6,6,0
public_v1,O1,p00793,main_default_opt_2,True,ret,8,8,0
public_v1,O1,p00793,main_default_opt_2,True,select,98,98,0
public_v1,O1,p00793,main_default_opt_2,True,sext,10,10,0
public_v1,O1,p00793,main_default_opt_2,True,shl,10,10,0
public_v1,O1,p00793,main_default_opt_2,True,store,2459,2458,-1
public_v1,O1,p00793,main_default_opt_2,True,sub,2,0,-2
public_v1,O1,p00793,main_default_opt_2,True,switch,9,9,0
public_v1,O1,p00793,main_default_opt_2,True,trunc,117,113,-4
public_v1,O1,p00793,main_default_opt_2,True,unreachable,4,4,0
public_v1,O1,p00793,main_default_opt_2,True,xor,150,131,-19
public_v1,O1,p00793,main_default_opt_2,True,zext,157,135,-22
public_v1,O1,p00793,bundle_default_opt_3,True,add,215,215,0
public_v1,O1,p00793,bundle_default_opt_3,True,alloca,6,6,0
public_v1,O1,p00793,bundle_default_opt_3,True,and,150,150,0
public_v1,O1,p00793,bundle_default_opt_3,True,bitcast,33,33,0
public_v1,O1,p00793,bundle_default_opt_3,True,br,94,94,0
public_v1,O1,p00793,bundle_default_opt_3,True,call,101,101,0
public_v1,O1,p00793,bundle_default_opt_3,True,fadd,8,8,0
public_v1,O1,p00793,bundle_default_opt_3,True,fcmp,14,14,0
public_v1,O1,p00793,bundle_default_opt_3,True,fdiv,4,4,0
public_v1,O1,p00793,bundle_default_opt_3,True,fmul,12,12,0
public_v1,O1,p00793,bundle_default_opt_3,True,fneg,1,1,0
public_v1,O1,p00793,bundle_default_opt_3,True,fsub,31,31,0
public_v1,O1,p00793,bundle_default_opt_3,True,getelementptr,136,136,0
public_v1,O1,p00793,bundle_default_opt_3,True,icmp,106,106,0
public_v1,O1,p00793,bundle_default_opt_3,True,inttoptr,116,116,0
public_v1,O1,p00793,bundle_default_opt_3,True,load,620,601,-19
public_v1,O1,p00793,bundle_default_opt_3,True,lshr,74,74,0
public_v1,O1,p00793,bundle_default_opt_3,True,mul,17,17,0
public_v1,O1,p00793,bundle_default_opt_3,True,or,56,56,0
public_v1,O1,p00793,bundle_default_opt_3,True,phi,423,423,0
public_v1,O1,p00793,bundle_default_opt_3,True,ptrtoint,6,6,0
public_v1,O1,p00793,bundle_default_opt_3,True,ret,9,9,0
public_v1,O1,p00793,bundle_default_opt_3,True,select,14,14,0
public_v1,O1,p00793,bundle_default_opt_3,True,sext,10,10,0
public_v1,O1,p00793,bundle_default_opt_3,True,shl,10,10,0
public_v1,O1,p00793,bundle_default_opt_3,True,store,2458,2422,-36
public_v1,O1,p00793,bundle_default_opt_3,True,switch,9,9,0
public_v1,O1,p00793,bundle_default_opt_3,True,trunc,113,113,0
public_v1,O1,p00793,bundle_default_opt_3,True,unreachable,4,4,0
public_v1,O1,p00793,bundle_default_opt_3,True,xor,131,131,0
public_v1,O1,p00793,bundle_default_opt_3,True,zext,135,135,0
public_v1,O1,p00793,bundle_default_opt_4,True,add,215,215,0
public_v1,O1,p00793,bundle_default_opt_4,True,alloca,6,6,0
public_v1,O1,p00793,bundle_default_opt_4,True,and,150,150,0
public_v1,O1,p00793,bundle_default_opt_4,True,bitcast,33,33,0
public_v1,O1,p00793,bundle_default_opt_4,True,br,94,94,0
public_v1,O1,p00793,bundle_default_opt_4,True,call,101,101,0
public_v1,O1,p00793,bundle_default_opt_4,True,fadd,8,8,0
public_v1,O1,p00793,bundle_default_opt_4,True,fcmp,14,14,0
public_v1,O1,p00793,bundle_default_opt_4,True,fdiv,4,4,0
public_v1,O1,p00793,bundle_default_opt_4,True,fmul,12,12,0
public_v1,O1,p00793,bundle_default_opt_4,True,fneg,1,1,0
public_v1,O1,p00793,bundle_default_opt_4,True,fsub,31,31,0
public_v1,O1,p00793,bundle_default_opt_4,True,getelementptr,136,136,0
public_v1,O1,p00793,bundle_default_opt_4,True,icmp,106,106,0
public_v1,O1,p00793,bundle_default_opt_4,True,inttoptr,116,116,0
public_v1,O1,p00793,bundle_default_opt_4,True,load,601,601,0
public_v1,O1,p00793,bundle_default_opt_4,True,lshr,74,74,0
public_v1,O1,p00793,bundle_default_opt_4,True,mul,17,17,0
public_v1,O1,p00793,bundle_default_opt_4,True,or,56,56,0
public_v1,O1,p00793,bundle_default_opt_4,True,phi,423,423,0
public_v1,O1,p00793,bundle_default_opt_4,True,ptrtoint,6,6,0
public_v1,O1,p00793,bundle_default_opt_4,True,ret,9,9,0
public_v1,O1,p00793,bundle_default_opt_4,True,select,14,14,0
public_v1,O1,p00793,bundle_default_opt_4,True,sext,10,10,0
public_v1,O1,p00793,bundle_default_opt_4,True,shl,10,10,0
public_v1,O1,p00793,bundle_default_opt_4,True,store,2422,2422,0
public_v1,O1,p00793,bundle_default_opt_4,True,switch,9,9,0
public_v1,O1,p00793,bundle_default_opt_4,True,trunc,113,113,0
public_v1,O1,p00793,bundle_default_opt_4,True,unreachable,4,4,0
public_v1,O1,p00793,bundle_default_opt_4,True,xor,131,131,0
public_v1,O1,p00793,bundle_default_opt_4,True,zext,135,135,0
public_v1,O1,p00793,bundle_post_opt_4_custom_cleanup,True,add,215,215,0
public_v1,O1,p00793,bundle_post_opt_4_custom_cleanup,True,alloca,6,6,0
public_v1,O1,p00793,bundle_post_opt_4_custom_cleanup,True,and,150,150,0
public_v1,O1,p00793,bundle_post_opt_4_custom_cleanup,True,bitcast,33,36,3
public_v1,O1,p00793,bundle_post_opt_4_custom_cleanup,True,br,94,94,0
public_v1,O1,p00793,bundle_post_opt_4_custom_cleanup,True,call,101,101,0
public_v1,O1,p00793,bundle_post_opt_4_custom_cleanup,True,fadd,8,8,0
public_v1,O1,p00793,bundle_post_opt_4_custom_cleanup,True,fcmp,14,14,0
public_v1,O1,p00793,bundle_post_opt_4_custom_cleanup,True,fdiv,4,4,0
public_v1,O1,p00793,bundle_post_opt_4_custom_cleanup,True,fmul,12,12,0
public_v1,O1,p00793,bundle_post_opt_4_custom_cleanup,True,fneg,1,1,0
public_v1,O1,p00793,bundle_post_opt_4_custom_cleanup,True,fsub,31,31,0
public_v1,O1,p00793,bundle_post_opt_4_custom_cleanup,True,getelementptr,136,136,0
public_v1,O1,p00793,bundle_post_opt_4_custom_cleanup,True,icmp,106,106,0
public_v1,O1,p00793,bundle_post_opt_4_custom_cleanup,True,inttoptr,116,109,-7
public_v1,O1,p00793,bundle_post_opt_4_custom_cleanup,True,load,601,598,-3
public_v1,O1,p00793,bundle_post_opt_4_custom_cleanup,True,lshr,74,74,0
public_v1,O1,p00793,bundle_post_opt_4_custom_cleanup,True,mul,17,17,0
public_v1,O1,p00793,bundle_post_opt_4_custom_cleanup,True,or,56,56,0
public_v1,O1,p00793,bundle_post_opt_4_custom_cleanup,True,phi,423,430,7
public_v1,O1,p00793,bundle_post_opt_4_custom_cleanup,True,ptrtoint,6,4,-2
public_v1,O1,p00793,bundle_post_opt_4_custom_cleanup,True,ret,9,9,0
public_v1,O1,p00793,bundle_post_opt_4_custom_cleanup,True,select,14,14,0
public_v1,O1,p00793,bundle_post_opt_4_custom_cleanup,True,sext,10,10,0
public_v1,O1,p00793,bundle_post_opt_4_custom_cleanup,True,shl,10,10,0
public_v1,O1,p00793,bundle_post_opt_4_custom_cleanup,True,store,2422,2386,-36
public_v1,O1,p00793,bundle_post_opt_4_custom_cleanup,True,switch,9,9,0
public_v1,O1,p00793,bundle_post_opt_4_custom_cleanup,True,trunc,113,113,0
public_v1,O1,p00793,bundle_post_opt_4_custom_cleanup,True,unreachable,4,4,0
public_v1,O1,p00793,bundle_post_opt_4_custom_cleanup,True,xor,131,131,0
public_v1,O1,p00793,bundle_post_opt_4_custom_cleanup,True,zext,135,135,0
public_v1,O1,p00859,main_default_opt_1,True,add,212,119,-93
public_v1,O1,p00859,main_default_opt_1,True,alloca,4,2,-2
public_v1,O1,p00859,main_default_opt_1,True,and,122,86,-36
public_v1,O1,p00859,main_default_opt_1,True,br,82,80,-2
public_v1,O1,p00859,main_default_opt_1,True,call,38,24,-14
public_v1,O1,p00859,main_default_opt_1,True,extractvalue,129,58,-71
public_v1,O1,p00859,main_default_opt_1,True,getelementptr,246,159,-87
public_v1,O1,p00859,main_default_opt_1,True,icmp,122,92,-30
public_v1,O1,p00859,main_default_opt_1,True,insertvalue,87,10,-77
public_v1,O1,p00859,main_default_opt_1,True,inttoptr,22,22,0
public_v1,O1,p00859,main_default_opt_1,True,load,192,155,-37
public_v1,O1,p00859,main_default_opt_1,True,lshr,35,5,-30
public_v1,O1,p00859,main_default_opt_1,True,mul,29,28,-1
public_v1,O1,p00859,main_default_opt_1,True,or,71,68,-3
public_v1,O1,p00859,main_default_opt_1,True,phi,37,31,-6
public_v1,O1,p00859,main_default_opt_1,True,ptrtoint,16,10,-6
public_v1,O1,p00859,main_default_opt_1,True,ret,10,5,-5
public_v1,O1,p00859,main_default_opt_1,True,select,61,61,0
public_v1,O1,p00859,main_default_opt_1,True,sext,23,20,-3
public_v1,O1,p00859,main_default_opt_1,True,shl,14,13,-1
public_v1,O1,p00859,main_default_opt_1,True,store,253,228,-25
public_v1,O1,p00859,main_default_opt_1,True,sub,88,31,-57
public_v1,O1,p00859,main_default_opt_1,True,switch,3,2,-1
public_v1,O1,p00859,main_default_opt_1,True,trunc,62,26,-36
public_v1,O1,p00859,main_default_opt_1,True,xor,82,51,-31
public_v1,O1,p00859,main_default_opt_1,True,zext,152,104,-48
public_v1,O1,p00859,main_default_opt_2,True,add,111,110,-1
public_v1,O1,p00859,main_default_opt_2,True,alloca,2,2,0
public_v1,O1,p00859,main_default_opt_2,True,and,94,86,-8
public_v1,O1,p00859,main_default_opt_2,True,br,80,80,0
public_v1,O1,p00859,main_default_opt_2,True,call,24,24,0
public_v1,O1,p00859,main_default_opt_2,True,extractvalue,58,58,0
public_v1,O1,p00859,main_default_opt_2,True,getelementptr,161,143,-18
public_v1,O1,p00859,main_default_opt_2,True,icmp,104,88,-16
public_v1,O1,p00859,main_default_opt_2,True,insertvalue,10,10,0
public_v1,O1,p00859,main_default_opt_2,True,inttoptr,20,20,0
public_v1,O1,p00859,main_default_opt_2,True,load,155,147,-8
public_v1,O1,p00859,main_default_opt_2,True,lshr,5,5,0
public_v1,O1,p00859,main_default_opt_2,True,mul,28,28,0
public_v1,O1,p00859,main_default_opt_2,True,or,68,68,0
public_v1,O1,p00859,main_default_opt_2,True,phi,31,31,0
public_v1,O1,p00859,main_default_opt_2,True,ptrtoint,10,10,0
public_v1,O1,p00859,main_default_opt_2,True,ret,5,5,0
public_v1,O1,p00859,main_default_opt_2,True,select,65,65,0
public_v1,O1,p00859,main_default_opt_2,True,sext,20,19,-1
public_v1,O1,p00859,main_default_opt_2,True,shl,13,12,-1
public_v1,O1,p00859,main_default_opt_2,True,store,228,228,0
public_v1,O1,p00859,main_default_opt_2,True,sub,38,20,-18
public_v1,O1,p00859,main_default_opt_2,True,switch,2,2,0
public_v1,O1,p00859,main_default_opt_2,True,trunc,26,26,0
public_v1,O1,p00859,main_default_opt_2,True,xor,51,51,0
public_v1,O1,p00859,main_default_opt_2,True,zext,104,104,0
public_v1,O1,p00859,bundle_default_opt_3,True,add,69,40,-29
public_v1,O1,p00859,bundle_default_opt_3,True,alloca,1,1,0
public_v1,O1,p00859,bundle_default_opt_3,True,and,83,30,-53
public_v1,O1,p00859,bundle_default_opt_3,True,ashr,1,1,0
public_v1,O1,p00859,bundle_default_opt_3,True,br,78,77,-1
public_v1,O1,p00859,bundle_default_opt_3,True,call,40,40,0
public_v1,O1,p00859,bundle_default_opt_3,True,extractvalue,50,48,-2
public_v1,O1,p00859,bundle_default_opt_3,True,getelementptr,109,100,-9
public_v1,O1,p00859,bundle_default_opt_3,True,icmp,49,36,-13
public_v1,O1,p00859,bundle_default_opt_3,True,insertvalue,10,8,-2
public_v1,O1,p00859,bundle_default_opt_3,True,inttoptr,2,2,0
public_v1,O1,p00859,bundle_default_opt_3,True,load,137,98,-39
public_v1,O1,p00859,bundle_default_opt_3,True,lshr,3,3,0
public_v1,O1,p00859,bundle_default_opt_3,True,mul,27,9,-18
public_v1,O1,p00859,bundle_default_opt_3,True,or,65,21,-44
public_v1,O1,p00859,bundle_default_opt_3,True,phi,30,28,-2
public_v1,O1,p00859,bundle_default_opt_3,True,ptrtoint,26,3,-23
public_v1,O1,p00859,bundle_default_opt_3,True,ret,7,7,0
public_v1,O1,p00859,bundle_default_opt_3,True,select,20,20,0
public_v1,O1,p00859,bundle_default_opt_3,True,sext,18,14,-4
public_v1,O1,p00859,bundle_default_opt_3,True,shl,13,9,-4
public_v1,O1,p00859,bundle_default_opt_3,True,store,183,172,-11
public_v1,O1,p00859,bundle_default_opt_3,True,sub,24,16,-8
public_v1,O1,p00859,bundle_default_opt_3,True,switch,2,2,0
public_v1,O1,p00859,bundle_default_opt_3,True,trunc,25,24,-1
public_v1,O1,p00859,bundle_default_opt_3,True,xor,48,25,-23
public_v1,O1,p00859,bundle_default_opt_3,True,zext,98,42,-56
public_v1,O1,p00859,bundle_default_opt_4,True,add,40,35,-5
public_v1,O1,p00859,bundle_default_opt_4,True,alloca,1,1,0
public_v1,O1,p00859,bundle_default_opt_4,True,and,30,30,0
public_v1,O1,p00859,bundle_default_opt_4,True,ashr,1,1,0
public_v1,O1,p00859,bundle_default_opt_4,True,br,77,77,0
public_v1,O1,p00859,bundle_default_opt_4,True,call,40,40,0
public_v1,O1,p00859,bundle_default_opt_4,True,extractvalue,48,48,0
public_v1,O1,p00859,bundle_default_opt_4,True,getelementptr,100,78,-22
public_v1,O1,p00859,bundle_default_opt_4,True,icmp,36,36,0
public_v1,O1,p00859,bundle_default_opt_4,True,insertvalue,8,8,0
public_v1,O1,p00859,bundle_default_opt_4,True,inttoptr,2,2,0
public_v1,O1,p00859,bundle_default_opt_4,True,load,98,98,0
public_v1,O1,p00859,bundle_default_opt_4,True,lshr,3,3,0
public_v1,O1,p00859,bundle_default_opt_4,True,mul,9,9,0
public_v1,O1,p00859,bundle_default_opt_4,True,or,21,21,0
public_v1,O1,p00859,bundle_default_opt_4,True,phi,28,28,0
public_v1,O1,p00859,bundle_default_opt_4,True,ptrtoint,3,3,0
public_v1,O1,p00859,bundle_default_opt_4,True,ret,7,7,0
public_v1,O1,p00859,bundle_default_opt_4,True,select,20,20,0
public_v1,O1,p00859,bundle_default_opt_4,True,sext,14,14,0
public_v1,O1,p00859,bundle_default_opt_4,True,shl,9,9,0
public_v1,O1,p00859,bundle_default_opt_4,True,store,172,172,0
public_v1,O1,p00859,bundle_default_opt_4,True,sub,16,13,-3
public_v1,O1,p00859,bundle_default_opt_4,True,switch,2,2,0
public_v1,O1,p00859,bundle_default_opt_4,True,trunc,24,24,0
public_v1,O1,p00859,bundle_default_opt_4,True,xor,25,25,0
public_v1,O1,p00859,bundle_default_opt_4,True,zext,42,42,0
public_v1,O1,p00859,bundle_post_opt_4_custom_cleanup,True,add,35,35,0
public_v1,O1,p00859,bundle_post_opt_4_custom_cleanup,True,alloca,1,1,0
public_v1,O1,p00859,bundle_post_opt_4_custom_cleanup,True,and,30,30,0
public_v1,O1,p00859,bundle_post_opt_4_custom_cleanup,True,ashr,1,1,0
public_v1,O1,p00859,bundle_post_opt_4_custom_cleanup,True,br,77,77,0
public_v1,O1,p00859,bundle_post_opt_4_custom_cleanup,True,call,40,40,0
public_v1,O1,p00859,bundle_post_opt_4_custom_cleanup,True,extractvalue,48,48,0
public_v1,O1,p00859,bundle_post_opt_4_custom_cleanup,True,getelementptr,78,75,-3
public_v1,O1,p00859,bundle_post_opt_4_custom_cleanup,True,icmp,36,36,0
public_v1,O1,p00859,bundle_post_opt_4_custom_cleanup,True,insertvalue,8,8,0
public_v1,O1,p00859,bundle_post_opt_4_custom_cleanup,True,inttoptr,2,2,0
public_v1,O1,p00859,bundle_post_opt_4_custom_cleanup,True,load,98,94,-4
public_v1,O1,p00859,bundle_post_opt_4_custom_cleanup,True,lshr,3,3,0
public_v1,O1,p00859,bundle_post_opt_4_custom_cleanup,True,mul,9,9,0
public_v1,O1,p00859,bundle_post_opt_4_custom_cleanup,True,or,21,21,0
public_v1,O1,p00859,bundle_post_opt_4_custom_cleanup,True,phi,28,36,8
public_v1,O1,p00859,bundle_post_opt_4_custom_cleanup,True,ptrtoint,3,3,0
public_v1,O1,p00859,bundle_post_opt_4_custom_cleanup,True,ret,7,7,0
public_v1,O1,p00859,bundle_post_opt_4_custom_cleanup,True,select,20,19,-1
public_v1,O1,p00859,bundle_post_opt_4_custom_cleanup,True,sext,14,14,0
public_v1,O1,p00859,bundle_post_opt_4_custom_cleanup,True,shl,9,9,0
public_v1,O1,p00859,bundle_post_opt_4_custom_cleanup,True,store,172,162,-10
public_v1,O1,p00859,bundle_post_opt_4_custom_cleanup,True,sub,13,13,0
public_v1,O1,p00859,bundle_post_opt_4_custom_cleanup,True,switch,2,2,0
public_v1,O1,p00859,bundle_post_opt_4_custom_cleanup,True,trunc,24,24,0
public_v1,O1,p00859,bundle_post_opt_4_custom_cleanup,True,xor,25,25,0
public_v1,O1,p00859,bundle_post_opt_4_custom_cleanup,True,zext,42,42,0
public_v1,O1,p00867,main_default_opt_1,True,add,1014,818,-196
public_v1,O1,p00867,main_default_opt_1,True,alloca,7,1,-6
public_v1,O1,p00867,main_default_opt_1,True,and,502,428,-74
public_v1,O1,p00867,main_default_opt_1,True,ashr,7,7,0
public_v1,O1,p00867,main_default_opt_1,True,br,337,325,-12
public_v1,O1,p00867,main_default_opt_1,True,call,91,49,-42
public_v1,O1,p00867,main_default_opt_1,True,extractvalue,344,145,-199
public_v1,O1,p00867,main_default_opt_1,True,getelementptr,1134,843,-291
public_v1,O1,p00867,main_default_opt_1,True,icmp,606,523,-83
public_v1,O1,p00867,main_default_opt_1,True,insertvalue,186,50,-136
public_v1,O1,p00867,main_default_opt_1,True,inttoptr,101,101,0
public_v1,O1,p00867,main_default_opt_1,True,load,777,780,3
public_v1,O1,p00867,main_default_opt_1,True,lshr,86,12,-74
public_v1,O1,p00867,main_default_opt_1,True,mul,156,168,12
public_v1,O1,p00867,main_default_opt_1,True,or,332,327,-5
public_v1,O1,p00867,main_default_opt_1,True,phi,105,108,3
public_v1,O1,p00867,main_default_opt_1,True,ptrtoint,17,12,-5
public_v1,O1,p00867,main_default_opt_1,True,ret,15,10,-5
public_v1,O1,p00867,main_default_opt_1,True,select,381,381,0
public_v1,O1,p00867,main_default_opt_1,True,sext,161,158,-3
public_v1,O1,p00867,main_default_opt_1,True,shl,83,78,-5
public_v1,O1,p00867,main_default_opt_1,True,store,753,728,-25
public_v1,O1,p00867,main_default_opt_1,True,sub,310,255,-55
public_v1,O1,p00867,main_default_opt_1,True,switch,19,8,-11
public_v1,O1,p00867,main_default_opt_1,True,trunc,166,70,-96
public_v1,O1,p00867,main_default_opt_1,True,xor,302,224,-78
public_v1,O1,p00867,main_default_opt_1,True,zext,547,434,-113
public_v1,O1,p00867,main_default_opt_2,True,add,818,725,-93
public_v1,O1,p00867,main_default_opt_2,True,alloca,1,1,0
public_v1,O1,p00867,main_default_opt_2,True,and,460,420,-40
public_v1,O1,p00867,main_default_opt_2,True,ashr,7,7,0
public_v1,O1,p00867,main_default_opt_2,True,br,325,332,7
public_v1,O1,p00867,main_default_opt_2,True,call,48,43,-5
public_v1,O1,p00867,main_default_opt_2,True,extractvalue,133,124,-9
public_v1,O1,p00867,main_default_opt_2,True,getelementptr,843,678,-165
public_v1,O1,p00867,main_default_opt_2,True,icmp,523,520,-3
public_v1,O1,p00867,main_default_opt_2,True,insertvalue,50,35,-15
public_v1,O1,p00867,main_default_opt_2,True,inttoptr,101,101,0
public_v1,O1,p00867,main_default_opt_2,True,load,768,714,-54
public_v1,O1,p00867,main_default_opt_2,True,lshr,12,16,4
public_v1,O1,p00867,main_default_opt_2,True,mul,168,177,9
public_v1,O1,p00867,main_default_opt_2,True,or,359,329,-30
public_v1,O1,p00867,main_default_opt_2,True,phi,108,116,8
public_v1,O1,p00867,main_default_opt_2,True,ptrtoint,11,10,-1
public_v1,O1,p00867,main_default_opt_2,True,ret,10,9,-1
public_v1,O1,p00867,main_default_opt_2,True,select,381,383,2
public_v1,O1,p00867,main_default_opt_2,True,sext,158,157,-1
public_v1,O1,p00867,main_default_opt_2,True,shl,78,77,-1
public_v1,O1,p00867,main_default_opt_2,True,store,700,755,55
public_v1,O1,p00867,main_default_opt_2,True,sub,255,101,-154
public_v1,O1,p00867,main_default_opt_2,True,switch,8,8,0
public_v1,O1,p00867,main_default_opt_2,True,trunc,72,78,6
public_v1,O1,p00867,main_default_opt_2,True,xor,224,225,1
public_v1,O1,p00867,main_default_opt_2,True,zext,434,431,-3
public_v1,O1,p00867,bundle_default_opt_3,True,add,405,352,-53
public_v1,O1,p00867,bundle_default_opt_3,True,alloca,1,1,0
public_v1,O1,p00867,bundle_default_opt_3,True,and,420,384,-36
public_v1,O1,p00867,bundle_default_opt_3,True,ashr,7,7,0
public_v1,O1,p00867,bundle_default_opt_3,True,br,332,326,-6
public_v1,O1,p00867,bundle_default_opt_3,True,call,140,140,0
public_v1,O1,p00867,bundle_default_opt_3,True,extractvalue,98,79,-19
public_v1,O1,p00867,bundle_default_opt_3,True,getelementptr,435,378,-57
public_v1,O1,p00867,bundle_default_opt_3,True,icmp,241,240,-1
public_v1,O1,p00867,bundle_default_opt_3,True,insertvalue,35,27,-8
public_v1,O1,p00867,bundle_default_opt_3,True,inttoptr,9,9,0
public_v1,O1,p00867,bundle_default_opt_3,True,load,714,710,-4
public_v1,O1,p00867,bundle_default_opt_3,True,lshr,16,16,0
public_v1,O1,p00867,bundle_default_opt_3,True,mul,177,176,-1
public_v1,O1,p00867,bundle_default_opt_3,True,or,329,291,-38
public_v1,O1,p00867,bundle_default_opt_3,True,phi,117,99,-18
public_v1,O1,p00867,bundle_default_opt_3,True,ptrtoint,69,8,-61
public_v1,O1,p00867,bundle_default_opt_3,True,ret,15,15,0
public_v1,O1,p00867,bundle_default_opt_3,True,select,104,104,0
public_v1,O1,p00867,bundle_default_opt_3,True,sext,157,156,-1
public_v1,O1,p00867,bundle_default_opt_3,True,shl,77,77,0
public_v1,O1,p00867,bundle_default_opt_3,True,store,755,567,-188
public_v1,O1,p00867,bundle_default_opt_3,True,sub,66,47,-19
public_v1,O1,p00867,bundle_default_opt_3,True,switch,8,8,0
public_v1,O1,p00867,bundle_default_opt_3,True,trunc,78,77,-1
public_v1,O1,p00867,bundle_default_opt_3,True,xor,225,221,-4
public_v1,O1,p00867,bundle_default_opt_3,True,zext,431,417,-14
public_v1,O1,p00867,bundle_default_opt_4,True,add,352,349,-3
public_v1,O1,p00867,bundle_default_opt_4,True,alloca,1,1,0
public_v1,O1,p00867,bundle_default_opt_4,True,and,384,371,-13
public_v1,O1,p00867,bundle_default_opt_4,True,ashr,7,7,0
public_v1,O1,p00867,bundle_default_opt_4,True,br,326,343,17
public_v1,O1,p00867,bundle_default_opt_4,True,call,140,133,-7
public_v1,O1,p00867,bundle_default_opt_4,True,extractvalue,79,59,-20
public_v1,O1,p00867,bundle_default_opt_4,True,getelementptr,378,359,-19
public_v1,O1,p00867,bundle_default_opt_4,True,icmp,240,251,11
public_v1,O1,p00867,bundle_default_opt_4,True,insertvalue,27,21,-6
public_v1,O1,p00867,bundle_default_opt_4,True,inttoptr,9,9,0
public_v1,O1,p00867,bundle_default_opt_4,True,load,710,749,39
public_v1,O1,p00867,bundle_default_opt_4,True,lshr,16,16,0
public_v1,O1,p00867,bundle_default_opt_4,True,mul,176,179,3
public_v1,O1,p00867,bundle_default_opt_4,True,or,291,274,-17
public_v1,O1,p00867,bundle_default_opt_4,True,phi,99,101,2
public_v1,O1,p00867,bundle_default_opt_4,True,ptrtoint,8,8,0
public_v1,O1,p00867,bundle_default_opt_4,True,ret,15,14,-1
public_v1,O1,p00867,bundle_default_opt_4,True,select,104,111,7
public_v1,O1,p00867,bundle_default_opt_4,True,sext,156,175,19
public_v1,O1,p00867,bundle_default_opt_4,True,shl,77,96,19
public_v1,O1,p00867,bundle_default_opt_4,True,store,567,653,86
public_v1,O1,p00867,bundle_default_opt_4,True,sub,47,43,-4
public_v1,O1,p00867,bundle_default_opt_4,True,switch,8,8,0
public_v1,O1,p00867,bundle_default_opt_4,True,trunc,77,73,-4
public_v1,O1,p00867,bundle_default_opt_4,True,xor,221,230,9
public_v1,O1,p00867,bundle_default_opt_4,True,zext,417,426,9
public_v1,O1,p00867,bundle_post_opt_4_custom_cleanup,True,add,349,341,-8
public_v1,O1,p00867,bundle_post_opt_4_custom_cleanup,True,alloca,1,1,0
public_v1,O1,p00867,bundle_post_opt_4_custom_cleanup,True,and,371,373,2
public_v1,O1,p00867,bundle_post_opt_4_custom_cleanup,True,ashr,7,7,0
public_v1,O1,p00867,bundle_post_opt_4_custom_cleanup,True,br,343,339,-4
public_v1,O1,p00867,bundle_post_opt_4_custom_cleanup,True,call,133,135,2
public_v1,O1,p00867,bundle_post_opt_4_custom_cleanup,True,extractvalue,59,57,-2
public_v1,O1,p00867,bundle_post_opt_4_custom_cleanup,True,getelementptr,359,317,-42
public_v1,O1,p00867,bundle_post_opt_4_custom_cleanup,True,icmp,251,248,-3
public_v1,O1,p00867,bundle_post_opt_4_custom_cleanup,True,insertvalue,21,20,-1
public_v1,O1,p00867,bundle_post_opt_4_custom_cleanup,True,inttoptr,9,8,-1
public_v1,O1,p00867,bundle_post_opt_4_custom_cleanup,True,load,749,707,-42
public_v1,O1,p00867,bundle_post_opt_4_custom_cleanup,True,lshr,16,27,11
public_v1,O1,p00867,bundle_post_opt_4_custom_cleanup,True,mul,179,179,0
public_v1,O1,p00867,bundle_post_opt_4_custom_cleanup,True,or,274,274,0
public_v1,O1,p00867,bundle_post_opt_4_custom_cleanup,True,phi,101,118,17
public_v1,O1,p00867,bundle_post_opt_4_custom_cleanup,True,ptrtoint,8,10,2
public_v1,O1,p00867,bundle_post_opt_4_custom_cleanup,True,ret,14,15,1
public_v1,O1,p00867,bundle_post_opt_4_custom_cleanup,True,select,111,94,-17
public_v1,O1,p00867,bundle_post_opt_4_custom_cleanup,True,sext,175,175,0
public_v1,O1,p00867,bundle_post_opt_4_custom_cleanup,True,shl,96,96,0
public_v1,O1,p00867,bundle_post_opt_4_custom_cleanup,True,store,653,534,-119
public_v1,O1,p00867,bundle_post_opt_4_custom_cleanup,True,sub,43,42,-1
public_v1,O1,p00867,bundle_post_opt_4_custom_cleanup,True,switch,8,8,0
public_v1,O1,p00867,bundle_post_opt_4_custom_cleanup,True,trunc,73,95,22
public_v1,O1,p00867,bundle_post_opt_4_custom_cleanup,True,xor,230,230,0
public_v1,O1,p00867,bundle_post_opt_4_custom_cleanup,True,zext,426,425,-1
public_v1,O1,p01296,main_default_opt_1,True,add,988,874,-114
public_v1,O1,p01296,main_default_opt_1,True,alloca,1,1,0
public_v1,O1,p01296,main_default_opt_1,True,and,398,302,-96
public_v1,O1,p01296,main_default_opt_1,True,ashr,2,2,0
public_v1,O1,p01296,main_default_opt_1,True,br,241,253,12
public_v1,O1,p01296,main_default_opt_1,True,call,70,53,-17
public_v1,O1,p01296,main_default_opt_1,True,extractvalue,225,170,-55
public_v1,O1,p01296,main_default_opt_1,True,getelementptr,1444,1012,-432
public_v1,O1,p01296,main_default_opt_1,True,icmp,767,697,-70
public_v1,O1,p01296,main_default_opt_1,True,insertvalue,110,41,-69
public_v1,O1,p01296,main_default_opt_1,True,inttoptr,183,182,-1
public_v1,O1,p01296,main_default_opt_1,True,load,623,604,-19
public_v1,O1,p01296,main_default_opt_1,True,lshr,66,3,-63
public_v1,O1,p01296,main_default_opt_1,True,mul,83,80,-3
public_v1,O1,p01296,main_default_opt_1,True,or,273,255,-18
public_v1,O1,p01296,main_default_opt_1,True,phi,70,59,-11
public_v1,O1,p01296,main_default_opt_1,True,ptrtoint,13,12,-1
public_v1,O1,p01296,main_default_opt_1,True,ret,10,9,-1
public_v1,O1,p01296,main_default_opt_1,True,sdiv,2,2,0
public_v1,O1,p01296,main_default_opt_1,True,select,595,594,-1
public_v1,O1,p01296,main_default_opt_1,True,sext,60,61,1
public_v1,O1,p01296,main_default_opt_1,True,shl,44,45,1
public_v1,O1,p01296,main_default_opt_1,True,store,572,593,21
public_v1,O1,p01296,main_default_opt_1,True,sub,221,215,-6
public_v1,O1,p01296,main_default_opt_1,True,switch,8,7,-1
public_v1,O1,p01296,main_default_opt_1,True,trunc,145,74,-71
public_v1,O1,p01296,main_default_opt_1,True,unreachable,2,2,0
public_v1,O1,p01296,main_default_opt_1,True,xor,226,159,-67
public_v1,O1,p01296,main_default_opt_1,True,zext,460,349,-111
public_v1,O1,p01296,main_default_opt_2,True,add,874,763,-111
public_v1,O1,p01296,main_default_opt_2,True,alloca,1,1,0
public_v1,O1,p01296,main_default_opt_2,True,and,328,295,-33
public_v1,O1,p01296,main_default_opt_2,True,ashr,2,2,0
public_v1,O1,p01296,main_default_opt_2,True,br,252,252,0
public_v1,O1,p01296,main_default_opt_2,True,call,52,52,0
public_v1,O1,p01296,main_default_opt_2,True,extractvalue,163,157,-6
public_v1,O1,p01296,main_default_opt_2,True,getelementptr,1015,787,-228
public_v1,O1,p01296,main_default_opt_2,True,icmp,702,687,-15
public_v1,O1,p01296,main_default_opt_2,True,insertvalue,41,34,-7
public_v1,O1,p01296,main_default_opt_2,True,inttoptr,182,180,-2
public_v1,O1,p01296,main_default_opt_2,True,load,600,577,-23
public_v1,O1,p01296,main_default_opt_2,True,lshr,3,3,0
public_v1,O1,p01296,main_default_opt_2,True,mul,80,80,0
public_v1,O1,p01296,main_default_opt_2,True,or,278,254,-24
public_v1,O1,p01296,main_default_opt_2,True,phi,56,55,-1
public_v1,O1,p01296,main_default_opt_2,True,ptrtoint,10,10,0
public_v1,O1,p01296,main_default_opt_2,True,ret,9,9,0
public_v1,O1,p01296,main_default_opt_2,True,sdiv,2,2,0
public_v1,O1,p01296,main_default_opt_2,True,select,597,594,-3
public_v1,O1,p01296,main_default_opt_2,True,sext,61,61,0
public_v1,O1,p01296,main_default_opt_2,True,shl,45,45,0
public_v1,O1,p01296,main_default_opt_2,True,store,576,574,-2
public_v1,O1,p01296,main_default_opt_2,True,sub,218,49,-169
public_v1,O1,p01296,main_default_opt_2,True,switch,7,7,0
public_v1,O1,p01296,main_default_opt_2,True,trunc,76,70,-6
public_v1,O1,p01296,main_default_opt_2,True,unreachable,2,2,0
public_v1,O1,p01296,main_default_opt_2,True,xor,157,156,-1
public_v1,O1,p01296,main_default_opt_2,True,zext,348,331,-17
public_v1,O1,p01296,bundle_default_opt_3,True,add,205,96,-109
public_v1,O1,p01296,bundle_default_opt_3,True,alloca,1,1,0
public_v1,O1,p01296,bundle_default_opt_3,True,and,291,50,-241
public_v1,O1,p01296,bundle_default_opt_3,True,ashr,2,2,0
public_v1,O1,p01296,bundle_default_opt_3,True,br,252,239,-13
public_v1,O1,p01296,bundle_default_opt_3,True,call,231,222,-9
public_v1,O1,p01296,bundle_default_opt_3,True,extractvalue,133,77,-56
public_v1,O1,p01296,bundle_default_opt_3,True,getelementptr,250,214,-36
public_v1,O1,p01296,bundle_default_opt_3,True,icmp,147,94,-53
public_v1,O1,p01296,bundle_default_opt_3,True,insertvalue,34,16,-18
public_v1,O1,p01296,bundle_default_opt_3,True,inttoptr,1,1,0
public_v1,O1,p01296,bundle_default_opt_3,True,load,569,439,-130
public_v1,O1,p01296,bundle_default_opt_3,True,lshr,3,3,0
public_v1,O1,p01296,bundle_default_opt_3,True,mul,80,24,-56
public_v1,O1,p01296,bundle_default_opt_3,True,or,254,23,-231
public_v1,O1,p01296,bundle_default_opt_3,True,phi,57,55,-2
public_v1,O1,p01296,bundle_default_opt_3,True,ptrtoint,66,7,-59
public_v1,O1,p01296,bundle_default_opt_3,True,ret,10,9,-1
public_v1,O1,p01296,bundle_default_opt_3,True,sdiv,2,2,0
public_v1,O1,p01296,bundle_default_opt_3,True,select,51,53,2
public_v1,O1,p01296,bundle_default_opt_3,True,sext,61,54,-7
public_v1,O1,p01296,bundle_default_opt_3,True,shl,45,44,-1
public_v1,O1,p01296,bundle_default_opt_3,True,store,573,404,-169
public_v1,O1,p01296,bundle_default_opt_3,True,sub,38,29,-9
public_v1,O1,p01296,bundle_default_opt_3,True,switch,7,6,-1
public_v1,O1,p01296,bundle_default_opt_3,True,trunc,70,69,-1
public_v1,O1,p01296,bundle_default_opt_3,True,unreachable,2,2,0
public_v1,O1,p01296,bundle_default_opt_3,True,xor,156,46,-110
public_v1,O1,p01296,bundle_default_opt_3,True,zext,331,118,-213
public_v1,O1,p01296,bundle_default_opt_4,True,add,96,95,-1
public_v1,O1,p01296,bundle_default_opt_4,True,alloca,1,1,0
public_v1,O1,p01296,bundle_default_opt_4,True,and,50,45,-5
public_v1,O1,p01296,bundle_default_opt_4,True,ashr,2,2,0
public_v1,O1,p01296,bundle_default_opt_4,True,br,239,223,-16
public_v1,O1,p01296,bundle_default_opt_4,True,call,222,222,0
public_v1,O1,p01296,bundle_default_opt_4,True,extractvalue,77,76,-1
public_v1,O1,p01296,bundle_default_opt_4,True,getelementptr,214,187,-27
public_v1,O1,p01296,bundle_default_opt_4,True,icmp,94,93,-1
public_v1,O1,p01296,bundle_default_opt_4,True,insertvalue,16,14,-2
public_v1,O1,p01296,bundle_default_opt_4,True,inttoptr,1,1,0
public_v1,O1,p01296,bundle_default_opt_4,True,load,439,430,-9
public_v1,O1,p01296,bundle_default_opt_4,True,lshr,3,3,0
public_v1,O1,p01296,bundle_default_opt_4,True,mul,24,24,0
public_v1,O1,p01296,bundle_default_opt_4,True,or,23,19,-4
public_v1,O1,p01296,bundle_default_opt_4,True,phi,55,56,1
public_v1,O1,p01296,bundle_default_opt_4,True,ptrtoint,7,7,0
public_v1,O1,p01296,bundle_default_opt_4,True,ret,9,9,0
public_v1,O1,p01296,bundle_default_opt_4,True,sdiv,2,2,0
public_v1,O1,p01296,bundle_default_opt_4,True,select,53,53,0
public_v1,O1,p01296,bundle_default_opt_4,True,sext,54,51,-3
public_v1,O1,p01296,bundle_default_opt_4,True,shl,44,42,-2
public_v1,O1,p01296,bundle_default_opt_4,True,store,404,402,-2
public_v1,O1,p01296,bundle_default_opt_4,True,sub,29,29,0
public_v1,O1,p01296,bundle_default_opt_4,True,switch,6,7,1
public_v1,O1,p01296,bundle_default_opt_4,True,trunc,69,72,3
public_v1,O1,p01296,bundle_default_opt_4,True,unreachable,2,2,0
public_v1,O1,p01296,bundle_default_opt_4,True,xor,46,44,-2
public_v1,O1,p01296,bundle_default_opt_4,True,zext,118,112,-6
public_v1,O1,p01296,bundle_post_opt_4_custom_cleanup,True,add,95,95,0
public_v1,O1,p01296,bundle_post_opt_4_custom_cleanup,True,alloca,1,1,0
public_v1,O1,p01296,bundle_post_opt_4_custom_cleanup,True,and,45,45,0
public_v1,O1,p01296,bundle_post_opt_4_custom_cleanup,True,ashr,2,2,0
public_v1,O1,p01296,bundle_post_opt_4_custom_cleanup,True,br,223,214,-9
public_v1,O1,p01296,bundle_post_opt_4_custom_cleanup,True,call,222,222,0
public_v1,O1,p01296,bundle_post_opt_4_custom_cleanup,True,extractvalue,76,76,0
public_v1,O1,p01296,bundle_post_opt_4_custom_cleanup,True,getelementptr,187,186,-1
public_v1,O1,p01296,bundle_post_opt_4_custom_cleanup,True,icmp,93,93,0
public_v1,O1,p01296,bundle_post_opt_4_custom_cleanup,True,insertvalue,14,14,0
public_v1,O1,p01296,bundle_post_opt_4_custom_cleanup,True,inttoptr,1,1,0
public_v1,O1,p01296,bundle_post_opt_4_custom_cleanup,True,load,430,420,-10
public_v1,O1,p01296,bundle_post_opt_4_custom_cleanup,True,lshr,3,3,0
public_v1,O1,p01296,bundle_post_opt_4_custom_cleanup,True,mul,24,24,0
public_v1,O1,p01296,bundle_post_opt_4_custom_cleanup,True,or,19,19,0
public_v1,O1,p01296,bundle_post_opt_4_custom_cleanup,True,phi,56,64,8
public_v1,O1,p01296,bundle_post_opt_4_custom_cleanup,True,ptrtoint,7,7,0
public_v1,O1,p01296,bundle_post_opt_4_custom_cleanup,True,ret,9,9,0
public_v1,O1,p01296,bundle_post_opt_4_custom_cleanup,True,sdiv,2,2,0
public_v1,O1,p01296,bundle_post_opt_4_custom_cleanup,True,select,53,50,-3
public_v1,O1,p01296,bundle_post_opt_4_custom_cleanup,True,sext,51,51,0
public_v1,O1,p01296,bundle_post_opt_4_custom_cleanup,True,shl,42,42,0
public_v1,O1,p01296,bundle_post_opt_4_custom_cleanup,True,store,402,320,-82
public_v1,O1,p01296,bundle_post_opt_4_custom_cleanup,True,sub,29,29,0
public_v1,O1,p01296,bundle_post_opt_4_custom_cleanup,True,switch,7,7,0
public_v1,O1,p01296,bundle_post_opt_4_custom_cleanup,True,trunc,72,70,-2
public_v1,O1,p01296,bundle_post_opt_4_custom_cleanup,True,unreachable,2,2,0
public_v1,O1,p01296,bundle_post_opt_4_custom_cleanup,True,xor,44,44,0
public_v1,O1,p01296,bundle_post_opt_4_custom_cleanup,True,zext,112,112,0
public_v1,O1,p01315,main_default_opt_1,True,add,205,144,-61
public_v1,O1,p01315,main_default_opt_1,True,alloca,12,6,-6
public_v1,O1,p01315,main_default_opt_1,True,and,50,6,-44
public_v1,O1,p01315,main_default_opt_1,True,ashr,3,3,0
public_v1,O1,p01315,main_default_opt_1,True,br,27,27,0
public_v1,O1,p01315,main_default_opt_1,True,call,40,23,-17
public_v1,O1,p01315,main_default_opt_1,True,extractvalue,22,6,-16
public_v1,O1,p01315,main_default_opt_1,True,getelementptr,373,217,-156
public_v1,O1,p01315,main_default_opt_1,True,icmp,150,108,-42
public_v1,O1,p01315,main_default_opt_1,True,insertvalue,50,4,-46
public_v1,O1,p01315,main_default_opt_1,True,inttoptr,57,47,-10
public_v1,O1,p01315,main_default_opt_1,True,load,153,107,-46
public_v1,O1,p01315,main_default_opt_1,True,lshr,15,0,-15
public_v1,O1,p01315,main_default_opt_1,True,mul,23,17,-6
public_v1,O1,p01315,main_default_opt_1,True,or,25,3,-22
public_v1,O1,p01315,main_default_opt_1,True,phi,24,22,-2
public_v1,O1,p01315,main_default_opt_1,True,ptrtoint,22,13,-9
public_v1,O1,p01315,main_default_opt_1,True,ret,5,4,-1
public_v1,O1,p01315,main_default_opt_1,True,select,123,106,-17
public_v1,O1,p01315,main_default_opt_1,True,sext,19,19,0
public_v1,O1,p01315,main_default_opt_1,True,shl,12,12,0
public_v1,O1,p01315,main_default_opt_1,True,store,263,183,-80
public_v1,O1,p01315,main_default_opt_1,True,sub,44,22,-22
public_v1,O1,p01315,main_default_opt_1,True,trunc,24,7,-17
public_v1,O1,p01315,main_default_opt_1,True,xor,40,4,-36
public_v1,O1,p01315,main_default_opt_1,True,zext,59,16,-43
public_v1,O1,p01315,main_default_opt_2,True,add,144,142,-2
public_v1,O1,p01315,main_default_opt_2,True,alloca,6,6,0
public_v1,O1,p01315,main_default_opt_2,True,and,5,3,-2
public_v1,O1,p01315,main_default_opt_2,True,ashr,3,4,1
public_v1,O1,p01315,main_default_opt_2,True,br,27,27,0
public_v1,O1,p01315,main_default_opt_2,True,call,23,23,0
public_v1,O1,p01315,main_default_opt_2,True,extractvalue,6,6,0
public_v1,O1,p01315,main_default_opt_2,True,getelementptr,217,200,-17
public_v1,O1,p01315,main_default_opt_2,True,icmp,107,105,-2
public_v1,O1,p01315,main_default_opt_2,True,insertvalue,4,4,0
public_v1,O1,p01315,main_default_opt_2,True,inttoptr,47,46,-1
public_v1,O1,p01315,main_default_opt_2,True,load,103,91,-12
public_v1,O1,p01315,main_default_opt_2,True,mul,16,16,0
public_v1,O1,p01315,main_default_opt_2,True,or,1,1,0
public_v1,O1,p01315,main_default_opt_2,True,phi,23,23,0
public_v1,O1,p01315,main_default_opt_2,True,ptrtoint,15,13,-2
public_v1,O1,p01315,main_default_opt_2,True,ret,4,4,0
public_v1,O1,p01315,main_default_opt_2,True,select,106,104,-2
public_v1,O1,p01315,main_default_opt_2,True,sext,19,16,-3
public_v1,O1,p01315,main_default_opt_2,True,shl,12,10,-2
public_v1,O1,p01315,main_default_opt_2,True,store,181,181,0
public_v1,O1,p01315,main_default_opt_2,True,sub,21,10,-11
public_v1,O1,p01315,main_default_opt_2,True,trunc,7,7,0
public_v1,O1,p01315,main_default_opt_2,True,xor,2,2,0
public_v1,O1,p01315,main_default_opt_2,True,zext,14,13,-1
public_v1,O1,p01315,bundle_default_opt_3,True,add,60,57,-3
public_v1,O1,p01315,bundle_default_opt_3,True,alloca,6,6,0
public_v1,O1,p01315,bundle_default_opt_3,True,and,3,3,0
public_v1,O1,p01315,bundle_default_opt_3,True,ashr,4,3,-1
public_v1,O1,p01315,bundle_default_opt_3,True,br,27,25,-2
public_v1,O1,p01315,bundle_default_opt_3,True,call,63,66,3
public_v1,O1,p01315,bundle_default_opt_3,True,extractvalue,4,4,0
public_v1,O1,p01315,bundle_default_opt_3,True,getelementptr,128,125,-3
public_v1,O1,p01315,bundle_default_opt_3,True,icmp,29,31,2
public_v1,O1,p01315,bundle_default_opt_3,True,insertvalue,4,3,-1
public_v1,O1,p01315,bundle_default_opt_3,True,inttoptr,8,8,0
public_v1,O1,p01315,bundle_default_opt_3,True,load,91,98,7
public_v1,O1,p01315,bundle_default_opt_3,True,mul,16,16,0
public_v1,O1,p01315,bundle_default_opt_3,True,or,1,1,0
public_v1,O1,p01315,bundle_default_opt_3,True,phi,23,28,5
public_v1,O1,p01315,bundle_default_opt_3,True,ptrtoint,19,13,-6
public_v1,O1,p01315,bundle_default_opt_3,True,ret,6,6,0
public_v1,O1,p01315,bundle_default_opt_3,True,select,28,30,2
public_v1,O1,p01315,bundle_default_opt_3,True,sext,16,16,0
public_v1,O1,p01315,bundle_default_opt_3,True,shl,10,9,-1
public_v1,O1,p01315,bundle_default_opt_3,True,store,181,190,9
public_v1,O1,p01315,bundle_default_opt_3,True,sub,6,4,-2
public_v1,O1,p01315,bundle_default_opt_3,True,trunc,7,7,0
public_v1,O1,p01315,bundle_default_opt_3,True,xor,2,2,0
public_v1,O1,p01315,bundle_default_opt_3,True,zext,13,13,0
public_v1,O1,p01315,bundle_default_opt_4,True,add,57,56,-1
public_v1,O1,p01315,bundle_default_opt_4,True,alloca,6,6,0
public_v1,O1,p01315,bundle_default_opt_4,True,and,3,3,0
public_v1,O1,p01315,bundle_default_opt_4,True,ashr,3,3,0
public_v1,O1,p01315,bundle_default_opt_4,True,br,25,25,0
public_v1,O1,p01315,bundle_default_opt_4,True,call,66,66,0
public_v1,O1,p01315,bundle_default_opt_4,True,extractvalue,4,4,0
public_v1,O1,p01315,bundle_default_opt_4,True,getelementptr,125,124,-1
public_v1,O1,p01315,bundle_default_opt_4,True,icmp,31,31,0
public_v1,O1,p01315,bundle_default_opt_4,True,insertvalue,3,3,0
public_v1,O1,p01315,bundle_default_opt_4,True,inttoptr,8,8,0
public_v1,O1,p01315,bundle_default_opt_4,True,load,98,98,0
public_v1,O1,p01315,bundle_default_opt_4,True,mul,16,16,0
public_v1,O1,p01315,bundle_default_opt_4,True,or,1,1,0
public_v1,O1,p01315,bundle_default_opt_4,True,phi,28,28,0
public_v1,O1,p01315,bundle_default_opt_4,True,ptrtoint,13,12,-1
public_v1,O1,p01315,bundle_default_opt_4,True,ret,6,6,0
public_v1,O1,p01315,bundle_default_opt_4,True,select,30,30,0
public_v1,O1,p01315,bundle_default_opt_4,True,sext,16,16,0
public_v1,O1,p01315,bundle_default_opt_4,True,shl,9,9,0
public_v1,O1,p01315,bundle_default_opt_4,True,store,190,190,0
public_v1,O1,p01315,bundle_default_opt_4,True,sub,4,4,0
public_v1,O1,p01315,bundle_default_opt_4,True,trunc,7,7,0
public_v1,O1,p01315,bundle_default_opt_4,True,xor,2,2,0
public_v1,O1,p01315,bundle_default_opt_4,True,zext,13,13,0
public_v1,O1,p01315,bundle_post_opt_4_custom_cleanup,True,add,56,56,0
public_v1,O1,p01315,bundle_post_opt_4_custom_cleanup,True,alloca,6,6,0
public_v1,O1,p01315,bundle_post_opt_4_custom_cleanup,True,and,3,3,0
public_v1,O1,p01315,bundle_post_opt_4_custom_cleanup,True,ashr,3,3,0
public_v1,O1,p01315,bundle_post_opt_4_custom_cleanup,True,br,25,25,0
public_v1,O1,p01315,bundle_post_opt_4_custom_cleanup,True,call,66,66,0
public_v1,O1,p01315,bundle_post_opt_4_custom_cleanup,True,extractvalue,4,4,0
public_v1,O1,p01315,bundle_post_opt_4_custom_cleanup,True,getelementptr,124,122,-2
public_v1,O1,p01315,bundle_post_opt_4_custom_cleanup,True,icmp,31,31,0
public_v1,O1,p01315,bundle_post_opt_4_custom_cleanup,True,insertvalue,3,3,0
public_v1,O1,p01315,bundle_post_opt_4_custom_cleanup,True,inttoptr,8,8,0
public_v1,O1,p01315,bundle_post_opt_4_custom_cleanup,True,load,98,97,-1
public_v1,O1,p01315,bundle_post_opt_4_custom_cleanup,True,mul,16,16,0
public_v1,O1,p01315,bundle_post_opt_4_custom_cleanup,True,or,1,1,0
public_v1,O1,p01315,bundle_post_opt_4_custom_cleanup,True,phi,28,28,0
public_v1,O1,p01315,bundle_post_opt_4_custom_cleanup,True,ptrtoint,12,12,0
public_v1,O1,p01315,bundle_post_opt_4_custom_cleanup,True,ret,6,6,0
public_v1,O1,p01315,bundle_post_opt_4_custom_cleanup,True,select,30,25,-5
public_v1,O1,p01315,bundle_post_opt_4_custom_cleanup,True,sext,16,16,0
public_v1,O1,p01315,bundle_post_opt_4_custom_cleanup,True,shl,9,9,0
public_v1,O1,p01315,bundle_post_opt_4_custom_cleanup,True,store,190,142,-48
public_v1,O1,p01315,bundle_post_opt_4_custom_cleanup,True,sub,4,3,-1
public_v1,O1,p01315,bundle_post_opt_4_custom_cleanup,True,trunc,7,7,0
public_v1,O1,p01315,bundle_post_opt_4_custom_cleanup,True,xor,2,2,0
public_v1,O1,p01315,bundle_post_opt_4_custom_cleanup,True,zext,13,13,0
public_v1,O1,p01571,main_default_opt_1,True,add,1041,810,-231
public_v1,O1,p01571,main_default_opt_1,True,alloca,10,6,-4
public_v1,O1,p01571,main_default_opt_1,True,and,338,290,-48
public_v1,O1,p01571,main_default_opt_1,True,ashr,9,7,-2
public_v1,O1,p01571,main_default_opt_1,True,br,237,236,-1
public_v1,O1,p01571,main_default_opt_1,True,call,71,52,-19
public_v1,O1,p01571,main_default_opt_1,True,extractvalue,151,98,-53
public_v1,O1,p01571,main_default_opt_1,True,getelementptr,1487,966,-521
public_v1,O1,p01571,main_default_opt_1,True,icmp,660,599,-61
public_v1,O1,p01571,main_default_opt_1,True,insertvalue,155,45,-110
public_v1,O1,p01571,main_default_opt_1,True,inttoptr,234,225,-9
public_v1,O1,p01571,main_default_opt_1,True,load,803,758,-45
public_v1,O1,p01571,main_default_opt_1,True,lshr,39,1,-38
public_v1,O1,p01571,main_default_opt_1,True,mul,86,85,-1
public_v1,O1,p01571,main_default_opt_1,True,or,234,226,-8
public_v1,O1,p01571,main_default_opt_1,True,phi,107,116,9
public_v1,O1,p01571,main_default_opt_1,True,ptrtoint,29,25,-4
public_v1,O1,p01571,main_default_opt_1,True,ret,14,11,-3
public_v1,O1,p01571,main_default_opt_1,True,select,513,499,-14
public_v1,O1,p01571,main_default_opt_1,True,sext,136,130,-6
public_v1,O1,p01571,main_default_opt_1,True,shl,105,101,-4
public_v1,O1,p01571,main_default_opt_1,True,store,703,650,-53
public_v1,O1,p01571,main_default_opt_1,True,sub,320,211,-109
public_v1,O1,p01571,main_default_opt_1,True,switch,11,9,-2
public_v1,O1,p01571,main_default_opt_1,True,trunc,112,58,-54
public_v1,O1,p01571,main_default_opt_1,True,xor,194,152,-42
public_v1,O1,p01571,main_default_opt_1,True,zext,406,351,-55
public_v1,O1,p01571,main_default_opt_2,True,add,799,704,-95
public_v1,O1,p01571,main_default_opt_2,True,alloca,6,6,0
public_v1,O1,p01571,main_default_opt_2,True,and,269,261,-8
public_v1,O1,p01571,main_default_opt_2,True,ashr,7,7,0
public_v1,O1,p01571,main_default_opt_2,True,br,235,232,-3
public_v1,O1,p01571,main_default_opt_2,True,call,52,52,0
public_v1,O1,p01571,main_default_opt_2,True,extractvalue,93,93,0
public_v1,O1,p01571,main_default_opt_2,True,getelementptr,960,791,-169
public_v1,O1,p01571,main_default_opt_2,True,icmp,595,584,-11
public_v1,O1,p01571,main_default_opt_2,True,insertvalue,45,43,-2
public_v1,O1,p01571,main_default_opt_2,True,inttoptr,225,223,-2
public_v1,O1,p01571,main_default_opt_2,True,load,749,712,-37
public_v1,O1,p01571,main_default_opt_2,True,lshr,1,1,0
public_v1,O1,p01571,main_default_opt_2,True,mul,80,76,-4
public_v1,O1,p01571,main_default_opt_2,True,or,203,202,-1
public_v1,O1,p01571,main_default_opt_2,True,phi,108,117,9
public_v1,O1,p01571,main_default_opt_2,True,ptrtoint,25,25,0
public_v1,O1,p01571,main_default_opt_2,True,ret,11,11,0
public_v1,O1,p01571,main_default_opt_2,True,select,497,493,-4
public_v1,O1,p01571,main_default_opt_2,True,sext,128,117,-11
public_v1,O1,p01571,main_default_opt_2,True,shl,101,98,-3
public_v1,O1,p01571,main_default_opt_2,True,store,650,567,-83
public_v1,O1,p01571,main_default_opt_2,True,sub,211,66,-145
public_v1,O1,p01571,main_default_opt_2,True,switch,9,9,0
public_v1,O1,p01571,main_default_opt_2,True,trunc,58,58,0
public_v1,O1,p01571,main_default_opt_2,True,xor,146,145,-1
public_v1,O1,p01571,main_default_opt_2,True,zext,328,328,0
public_v1,O1,p01571,bundle_default_opt_3,True,add,261,204,-57
public_v1,O1,p01571,bundle_default_opt_3,True,alloca,5,5,0
public_v1,O1,p01571,bundle_default_opt_3,True,and,260,158,-102
public_v1,O1,p01571,bundle_default_opt_3,True,ashr,7,7,0
public_v1,O1,p01571,bundle_default_opt_3,True,br,230,226,-4
public_v1,O1,p01571,bundle_default_opt_3,True,call,268,268,0
public_v1,O1,p01571,bundle_default_opt_3,True,extractvalue,80,64,-16
public_v1,O1,p01571,bundle_default_opt_3,True,getelementptr,374,351,-23
public_v1,O1,p01571,bundle_default_opt_3,True,icmp,162,138,-24
public_v1,O1,p01571,bundle_default_opt_3,True,insertvalue,43,33,-10
public_v1,O1,p01571,bundle_default_opt_3,True,inttoptr,12,12,0
public_v1,O1,p01571,bundle_default_opt_3,True,load,709,644,-65
public_v1,O1,p01571,bundle_default_opt_3,True,lshr,1,1,0
public_v1,O1,p01571,bundle_default_opt_3,True,mul,75,51,-24
public_v1,O1,p01571,bundle_default_opt_3,True,or,197,101,-96
public_v1,O1,p01571,bundle_default_opt_3,True,phi,116,109,-7
public_v1,O1,p01571,bundle_default_opt_3,True,ptrtoint,60,18,-42
public_v1,O1,p01571,bundle_default_opt_3,True,ret,19,19,0
public_v1,O1,p01571,bundle_default_opt_3,True,select,68,68,0
public_v1,O1,p01571,bundle_default_opt_3,True,sext,117,112,-5
public_v1,O1,p01571,bundle_default_opt_3,True,shl,98,98,0
public_v1,O1,p01571,bundle_default_opt_3,True,store,519,432,-87
public_v1,O1,p01571,bundle_default_opt_3,True,sub,52,44,-8
public_v1,O1,p01571,bundle_default_opt_3,True,switch,9,9,0
public_v1,O1,p01571,bundle_default_opt_3,True,trunc,60,59,-1
public_v1,O1,p01571,bundle_default_opt_3,True,xor,143,93,-50
public_v1,O1,p01571,bundle_default_opt_3,True,zext,323,228,-95
public_v1,O1,p01571,bundle_default_opt_4,True,add,204,185,-19
public_v1,O1,p01571,bundle_default_opt_4,True,alloca,5,5,0
public_v1,O1,p01571,bundle_default_opt_4,True,and,158,112,-46
public_v1,O1,p01571,bundle_default_opt_4,True,ashr,7,7,0
public_v1,O1,p01571,bundle_default_opt_4,True,br,226,226,0
public_v1,O1,p01571,bundle_default_opt_4,True,call,268,267,-1
public_v1,O1,p01571,bundle_default_opt_4,True,extractvalue,64,63,-1
public_v1,O1,p01571,bundle_default_opt_4,True,getelementptr,351,339,-12
public_v1,O1,p01571,bundle_default_opt_4,True,icmp,138,131,-7
public_v1,O1,p01571,bundle_default_opt_4,True,insertvalue,33,32,-1
public_v1,O1,p01571,bundle_default_opt_4,True,inttoptr,12,12,0
public_v1,O1,p01571,bundle_default_opt_4,True,load,644,625,-19
public_v1,O1,p01571,bundle_default_opt_4,True,lshr,1,1,0
public_v1,O1,p01571,bundle_default_opt_4,True,mul,51,40,-11
public_v1,O1,p01571,bundle_default_opt_4,True,or,101,59,-42
public_v1,O1,p01571,bundle_default_opt_4,True,phi,109,99,-10
public_v1,O1,p01571,bundle_default_opt_4,True,ptrtoint,18,18,0
public_v1,O1,p01571,bundle_default_opt_4,True,ret,19,19,0
public_v1,O1,p01571,bundle_default_opt_4,True,select,68,68,0
public_v1,O1,p01571,bundle_default_opt_4,True,sext,112,111,-1
public_v1,O1,p01571,bundle_default_opt_4,True,shl,98,98,0
public_v1,O1,p01571,bundle_default_opt_4,True,store,432,431,-1
public_v1,O1,p01571,bundle_default_opt_4,True,sub,44,40,-4
public_v1,O1,p01571,bundle_default_opt_4,True,switch,9,9,0
public_v1,O1,p01571,bundle_default_opt_4,True,trunc,59,59,0
public_v1,O1,p01571,bundle_default_opt_4,True,xor,93,69,-24
public_v1,O1,p01571,bundle_default_opt_4,True,zext,228,173,-55
public_v1,O1,p01571,bundle_post_opt_4_custom_cleanup,True,add,185,183,-2
public_v1,O1,p01571,bundle_post_opt_4_custom_cleanup,True,alloca,5,5,0
public_v1,O1,p01571,bundle_post_opt_4_custom_cleanup,True,and,112,109,-3
public_v1,O1,p01571,bundle_post_opt_4_custom_cleanup,True,ashr,7,7,0
public_v1,O1,p01571,bundle_post_opt_4_custom_cleanup,True,br,226,227,1
public_v1,O1,p01571,bundle_post_opt_4_custom_cleanup,True,call,267,267,0
public_v1,O1,p01571,bundle_post_opt_4_custom_cleanup,True,extractvalue,63,62,-1
public_v1,O1,p01571,bundle_post_opt_4_custom_cleanup,True,getelementptr,339,330,-9
public_v1,O1,p01571,bundle_post_opt_4_custom_cleanup,True,icmp,131,131,0
public_v1,O1,p01571,bundle_post_opt_4_custom_cleanup,True,insertvalue,32,32,0
public_v1,O1,p01571,bundle_post_opt_4_custom_cleanup,True,inttoptr,12,12,0
public_v1,O1,p01571,bundle_post_opt_4_custom_cleanup,True,load,625,611,-14
public_v1,O1,p01571,bundle_post_opt_4_custom_cleanup,True,lshr,1,1,0
public_v1,O1,p01571,bundle_post_opt_4_custom_cleanup,True,mul,40,40,0
public_v1,O1,p01571,bundle_post_opt_4_custom_cleanup,True,or,59,55,-4
public_v1,O1,p01571,bundle_post_opt_4_custom_cleanup,True,phi,99,112,13
public_v1,O1,p01571,bundle_post_opt_4_custom_cleanup,True,ptrtoint,18,18,0
public_v1,O1,p01571,bundle_post_opt_4_custom_cleanup,True,ret,19,19,0
public_v1,O1,p01571,bundle_post_opt_4_custom_cleanup,True,select,68,66,-2
public_v1,O1,p01571,bundle_post_opt_4_custom_cleanup,True,sext,111,111,0
public_v1,O1,p01571,bundle_post_opt_4_custom_cleanup,True,shl,98,98,0
public_v1,O1,p01571,bundle_post_opt_4_custom_cleanup,True,store,431,394,-37
public_v1,O1,p01571,bundle_post_opt_4_custom_cleanup,True,sub,40,40,0
public_v1,O1,p01571,bundle_post_opt_4_custom_cleanup,True,switch,9,9,0
public_v1,O1,p01571,bundle_post_opt_4_custom_cleanup,True,trunc,59,59,0
public_v1,O1,p01571,bundle_post_opt_4_custom_cleanup,True,xor,69,69,0
public_v1,O1,p01571,bundle_post_opt_4_custom_cleanup,True,zext,173,168,-5
public_v1,O1,p01687,main_default_opt_1,True,add,135,89,-46
public_v1,O1,p01687,main_default_opt_1,True,alloca,3,1,-2
public_v1,O1,p01687,main_default_opt_1,True,and,76,52,-24
public_v1,O1,p01687,main_default_opt_1,True,br,51,52,1
public_v1,O1,p01687,main_default_opt_1,True,call,23,11,-12
public_v1,O1,p01687,main_default_opt_1,True,extractvalue,33,12,-21
public_v1,O1,p01687,main_default_opt_1,True,getelementptr,205,137,-68
public_v1,O1,p01687,main_default_opt_1,True,icmp,131,101,-30
public_v1,O1,p01687,main_default_opt_1,True,insertvalue,51,7,-44
public_v1,O1,p01687,main_default_opt_1,True,inttoptr,18,15,-3
public_v1,O1,p01687,main_default_opt_1,True,load,106,85,-21
public_v1,O1,p01687,main_default_opt_1,True,lshr,15,0,-15
public_v1,O1,p01687,main_default_opt_1,True,mul,11,11,0
public_v1,O1,p01687,main_default_opt_1,True,or,31,23,-8
public_v1,O1,p01687,main_default_opt_1,True,phi,36,26,-10
public_v1,O1,p01687,main_default_opt_1,True,ptrtoint,9,5,-4
public_v1,O1,p01687,main_default_opt_1,True,ret,9,7,-2
public_v1,O1,p01687,main_default_opt_1,True,select,90,78,-12
public_v1,O1,p01687,main_default_opt_1,True,sext,8,7,-1
public_v1,O1,p01687,main_default_opt_1,True,shl,1,1,0
public_v1,O1,p01687,main_default_opt_1,True,store,177,125,-52
public_v1,O1,p01687,main_default_opt_1,True,sub,40,23,-17
public_v1,O1,p01687,main_default_opt_1,True,switch,2,1,-1
public_v1,O1,p01687,main_default_opt_1,True,trunc,32,11,-21
public_v1,O1,p01687,main_default_opt_1,True,xor,36,22,-14
public_v1,O1,p01687,main_default_opt_1,True,zext,64,44,-20
public_v1,O1,p01687,main_default_opt_2,True,add,82,71,-11
public_v1,O1,p01687,main_default_opt_2,True,alloca,1,1,0
public_v1,O1,p01687,main_default_opt_2,True,and,32,23,-9
public_v1,O1,p01687,main_default_opt_2,True,br,52,42,-10
public_v1,O1,p01687,main_default_opt_2,True,call,11,11,0
public_v1,O1,p01687,main_default_opt_2,True,extractvalue,8,8,0
public_v1,O1,p01687,main_default_opt_2,True,getelementptr,137,116,-21
public_v1,O1,p01687,main_default_opt_2,True,icmp,94,85,-9
public_v1,O1,p01687,main_default_opt_2,True,insertvalue,7,4,-3
public_v1,O1,p01687,main_default_opt_2,True,inttoptr,15,14,-1
public_v1,O1,p01687,main_default_opt_2,True,load,68,56,-12
public_v1,O1,p01687,main_default_opt_2,True,mul,4,4,0
public_v1,O1,p01687,main_default_opt_2,True,or,4,1,-3
public_v1,O1,p01687,main_default_opt_2,True,phi,20,13,-7
public_v1,O1,p01687,main_default_opt_2,True,ptrtoint,4,4,0
public_v1,O1,p01687,main_default_opt_2,True,ret,7,7,0
public_v1,O1,p01687,main_default_opt_2,True,select,78,74,-4
public_v1,O1,p01687,main_default_opt_2,True,sext,7,7,0
public_v1,O1,p01687,main_default_opt_2,True,shl,1,1,0
public_v1,O1,p01687,main_default_opt_2,True,store,122,102,-20
public_v1,O1,p01687,main_default_opt_2,True,sub,23,8,-15
public_v1,O1,p01687,main_default_opt_2,True,switch,1,1,0
public_v1,O1,p01687,main_default_opt_2,True,trunc,11,9,-2
public_v1,O1,p01687,main_default_opt_2,True,xor,10,8,-2
public_v1,O1,p01687,main_default_opt_2,True,zext,20,10,-10
public_v1,O1,p01687,bundle_default_opt_3,True,add,68,64,-4
public_v1,O1,p01687,bundle_default_opt_3,True,alloca,1,1,0
public_v1,O1,p01687,bundle_default_opt_3,True,and,22,22,0
public_v1,O1,p01687,bundle_default_opt_3,True,br,42,42,0
public_v1,O1,p01687,bundle_default_opt_3,True,call,11,11,0
public_v1,O1,p01687,bundle_default_opt_3,True,extractvalue,6,6,0
public_v1,O1,p01687,bundle_default_opt_3,True,getelementptr,113,113,0
public_v1,O1,p01687,bundle_default_opt_3,True,icmp,81,81,0
public_v1,O1,p01687,bundle_default_opt_3,True,insertvalue,4,3,-1
public_v1,O1,p01687,bundle_default_opt_3,True,inttoptr,13,13,0
public_v1,O1,p01687,bundle_default_opt_3,True,load,56,56,0
public_v1,O1,p01687,bundle_default_opt_3,True,mul,4,4,0
public_v1,O1,p01687,bundle_default_opt_3,True,or,1,1,0
public_v1,O1,p01687,bundle_default_opt_3,True,phi,14,12,-2
public_v1,O1,p01687,bundle_default_opt_3,True,ptrtoint,8,4,-4
public_v1,O1,p01687,bundle_default_opt_3,True,ret,7,7,0
public_v1,O1,p01687,bundle_default_opt_3,True,select,70,70,0
public_v1,O1,p01687,bundle_default_opt_3,True,sext,7,7,0
public_v1,O1,p01687,bundle_default_opt_3,True,shl,1,1,0
public_v1,O1,p01687,bundle_default_opt_3,True,store,102,102,0
public_v1,O1,p01687,bundle_default_opt_3,True,sub,9,6,-3
public_v1,O1,p01687,bundle_default_opt_3,True,switch,1,1,0
public_v1,O1,p01687,bundle_default_opt_3,True,trunc,9,9,0
public_v1,O1,p01687,bundle_default_opt_3,True,xor,8,8,0
public_v1,O1,p01687,bundle_default_opt_3,True,zext,10,10,0
public_v1,O1,p01687,bundle_default_opt_4,True,add,64,64,0
public_v1,O1,p01687,bundle_default_opt_4,True,alloca,1,1,0
public_v1,O1,p01687,bundle_default_opt_4,True,and,22,22,0
public_v1,O1,p01687,bundle_default_opt_4,True,br,42,42,0
public_v1,O1,p01687,bundle_default_opt_4,True,call,11,11,0
public_v1,O1,p01687,bundle_default_opt_4,True,extractvalue,6,6,0
public_v1,O1,p01687,bundle_default_opt_4,True,getelementptr,113,107,-6
public_v1,O1,p01687,bundle_default_opt_4,True,icmp,81,81,0
public_v1,O1,p01687,bundle_default_opt_4,True,insertvalue,3,3,0
public_v1,O1,p01687,bundle_default_opt_4,True,inttoptr,13,13,0
public_v1,O1,p01687,bundle_default_opt_4,True,load,56,56,0
public_v1,O1,p01687,bundle_default_opt_4,True,mul,4,4,0
public_v1,O1,p01687,bundle_default_opt_4,True,or,1,1,0
public_v1,O1,p01687,bundle_default_opt_4,True,phi,12,12,0
public_v1,O1,p01687,bundle_default_opt_4,True,ptrtoint,4,4,0
public_v1,O1,p01687,bundle_default_opt_4,True,ret,7,7,0
public_v1,O1,p01687,bundle_default_opt_4,True,select,70,70,0
public_v1,O1,p01687,bundle_default_opt_4,True,sext,7,7,0
public_v1,O1,p01687,bundle_default_opt_4,True,shl,1,1,0
public_v1,O1,p01687,bundle_default_opt_4,True,store,102,102,0
public_v1,O1,p01687,bundle_default_opt_4,True,sub,6,6,0
public_v1,O1,p01687,bundle_default_opt_4,True,switch,1,1,0
public_v1,O1,p01687,bundle_default_opt_4,True,trunc,9,9,0
public_v1,O1,p01687,bundle_default_opt_4,True,xor,8,8,0
public_v1,O1,p01687,bundle_default_opt_4,True,zext,10,10,0
public_v1,O1,p01687,bundle_post_opt_4_custom_cleanup,True,add,64,64,0
public_v1,O1,p01687,bundle_post_opt_4_custom_cleanup,True,alloca,1,1,0
public_v1,O1,p01687,bundle_post_opt_4_custom_cleanup,True,and,22,22,0
public_v1,O1,p01687,bundle_post_opt_4_custom_cleanup,True,br,42,42,0
public_v1,O1,p01687,bundle_post_opt_4_custom_cleanup,True,call,11,11,0
public_v1,O1,p01687,bundle_post_opt_4_custom_cleanup,True,extractvalue,6,6,0
public_v1,O1,p01687,bundle_post_opt_4_custom_cleanup,True,getelementptr,107,107,0
public_v1,O1,p01687,bundle_post_opt_4_custom_cleanup,True,icmp,81,81,0
public_v1,O1,p01687,bundle_post_opt_4_custom_cleanup,True,insertvalue,3,3,0
public_v1,O1,p01687,bundle_post_opt_4_custom_cleanup,True,inttoptr,13,13,0
public_v1,O1,p01687,bundle_post_opt_4_custom_cleanup,True,load,56,55,-1
public_v1,O1,p01687,bundle_post_opt_4_custom_cleanup,True,mul,4,4,0
public_v1,O1,p01687,bundle_post_opt_4_custom_cleanup,True,or,1,1,0
public_v1,O1,p01687,bundle_post_opt_4_custom_cleanup,True,phi,12,14,2
public_v1,O1,p01687,bundle_post_opt_4_custom_cleanup,True,ptrtoint,4,4,0
public_v1,O1,p01687,bundle_post_opt_4_custom_cleanup,True,ret,7,7,0
public_v1,O1,p01687,bundle_post_opt_4_custom_cleanup,True,select,70,66,-4
public_v1,O1,p01687,bundle_post_opt_4_custom_cleanup,True,sext,7,7,0
public_v1,O1,p01687,bundle_post_opt_4_custom_cleanup,True,shl,1,1,0
public_v1,O1,p01687,bundle_post_opt_4_custom_cleanup,True,store,102,80,-22
public_v1,O1,p01687,bundle_post_opt_4_custom_cleanup,True,sub,6,6,0
public_v1,O1,p01687,bundle_post_opt_4_custom_cleanup,True,switch,1,1,0
public_v1,O1,p01687,bundle_post_opt_4_custom_cleanup,True,trunc,9,9,0
public_v1,O1,p01687,bundle_post_opt_4_custom_cleanup,True,xor,8,8,0
public_v1,O1,p01687,bundle_post_opt_4_custom_cleanup,True,zext,10,10,0
public_v1,O1,p01766,main_default_opt_1,True,add,40,27,-13
public_v1,O1,p01766,main_default_opt_1,True,alloca,7,7,0
public_v1,O1,p01766,main_default_opt_1,True,and,18,10,-8
public_v1,O1,p01766,main_default_opt_1,True,bitcast,2,2,0
public_v1,O1,p01766,main_default_opt_1,True,br,21,19,-2
public_v1,O1,p01766,main_default_opt_1,True,call,20,19,-1
public_v1,O1,p01766,main_default_opt_1,True,extractvalue,17,0,-17
public_v1,O1,p01766,main_default_opt_1,True,fdiv,1,1,0
public_v1,O1,p01766,main_default_opt_1,True,getelementptr,101,95,-6
public_v1,O1,p01766,main_default_opt_1,True,icmp,28,26,-2
public_v1,O1,p01766,main_default_opt_1,True,insertvalue,22,0,-22
public_v1,O1,p01766,main_default_opt_1,True,inttoptr,5,5,0
public_v1,O1,p01766,main_default_opt_1,True,load,65,41,-24
public_v1,O1,p01766,main_default_opt_1,True,lshr,3,3,0
public_v1,O1,p01766,main_default_opt_1,True,mul,6,4,-2
public_v1,O1,p01766,main_default_opt_1,True,or,17,9,-8
public_v1,O1,p01766,main_default_opt_1,True,phi,27,14,-13
public_v1,O1,p01766,main_default_opt_1,True,ptrtoint,9,9,0
public_v1,O1,p01766,main_default_opt_1,True,ret,3,2,-1
public_v1,O1,p01766,main_default_opt_1,True,select,19,15,-4
public_v1,O1,p01766,main_default_opt_1,True,sext,14,9,-5
public_v1,O1,p01766,main_default_opt_1,True,shl,11,7,-4
public_v1,O1,p01766,main_default_opt_1,True,sitofp,2,2,0
public_v1,O1,p01766,main_default_opt_1,True,store,146,129,-17
public_v1,O1,p01766,main_default_opt_1,True,sub,8,4,-4
public_v1,O1,p01766,main_default_opt_1,True,trunc,5,4,-1
public_v1,O1,p01766,main_default_opt_1,True,xor,13,8,-5
public_v1,O1,p01766,main_default_opt_1,True,zext,25,16,-9
public_v1,O1,p01766,main_default_opt_2,True,add,23,23,0
public_v1,O1,p01766,main_default_opt_2,True,alloca,6,6,0
public_v1,O1,p01766,main_default_opt_2,True,and,101,5,-96
public_v1,O1,p01766,main_default_opt_2,True,br,19,20,1
public_v1,O1,p01766,main_default_opt_2,True,call,15,14,-1
public_v1,O1,p01766,main_default_opt_2,True,fdiv,1,1,0
public_v1,O1,p01766,main_default_opt_2,True,getelementptr,79,79,0
public_v1,O1,p01766,main_default_opt_2,True,icmp,22,22,0
public_v1,O1,p01766,main_default_opt_2,True,inttoptr,5,5,0
public_v1,O1,p01766,main_default_opt_2,True,load,26,26,0
public_v1,O1,p01766,main_default_opt_2,True,lshr,1,1,0
public_v1,O1,p01766,main_default_opt_2,True,mul,3,3,0
public_v1,O1,p01766,main_default_opt_2,True,or,102,6,-96
public_v1,O1,p01766,main_default_opt_2,True,phi,9,8,-1
public_v1,O1,p01766,main_default_opt_2,True,ptrtoint,5,5,0
public_v1,O1,p01766,main_default_opt_2,True,ret,2,2,0
public_v1,O1,p01766,main_default_opt_2,True,select,15,15,0
public_v1,O1,p01766,main_default_opt_2,True,sext,9,9,0
public_v1,O1,p01766,main_default_opt_2,True,shl,7,7,0
public_v1,O1,p01766,main_default_opt_2,True,sitofp,2,1,-1
public_v1,O1,p01766,main_default_opt_2,True,store,83,85,2
public_v1,O1,p01766,main_default_opt_2,True,sub,4,4,0
public_v1,O1,p01766,main_default_opt_2,True,trunc,2,4,2
public_v1,O1,p01766,main_default_opt_2,True,uitofp,0,1,1
public_v1,O1,p01766,main_default_opt_2,True,xor,4,4,0
public_v1,O1,p01766,main_default_opt_2,True,zext,8,9,1
public_v1,O1,p01766,bundle_default_opt_3,True,add,23,22,-1
public_v1,O1,p01766,bundle_default_opt_3,True,alloca,6,6,0
public_v1,O1,p01766,bundle_default_opt_3,True,and,5,5,0
public_v1,O1,p01766,bundle_default_opt_3,True,br,20,20,0
public_v1,O1,p01766,bundle_default_opt_3,True,call,14,14,0
public_v1,O1,p01766,bundle_default_opt_3,True,fdiv,1,1,0
public_v1,O1,p01766,bundle_default_opt_3,True,getelementptr,69,68,-1
public_v1,O1,p01766,bundle_default_opt_3,True,icmp,22,22,0
public_v1,O1,p01766,bundle_default_opt_3,True,inttoptr,5,5,0
public_v1,O1,p01766,bundle_default_opt_3,True,load,24,24,0
public_v1,O1,p01766,bundle_default_opt_3,True,mul,3,3,0
public_v1,O1,p01766,bundle_default_opt_3,True,or,6,6,0
public_v1,O1,p01766,bundle_default_opt_3,True,phi,8,8,0
public_v1,O1,p01766,bundle_default_opt_3,True,ptrtoint,5,5,0
public_v1,O1,p01766,bundle_default_opt_3,True,ret,2,2,0
public_v1,O1,p01766,bundle_default_opt_3,True,select,10,10,0
public_v1,O1,p01766,bundle_default_opt_3,True,sext,9,7,-2
public_v1,O1,p01766,bundle_default_opt_3,True,shl,7,6,-1
public_v1,O1,p01766,bundle_default_opt_3,True,sitofp,1,1,0
public_v1,O1,p01766,bundle_default_opt_3,True,store,50,50,0
public_v1,O1,p01766,bundle_default_opt_3,True,sub,4,4,0
public_v1,O1,p01766,bundle_default_opt_3,True,trunc,3,2,-1
public_v1,O1,p01766,bundle_default_opt_3,True,uitofp,1,1,0
public_v1,O1,p01766,bundle_default_opt_3,True,xor,4,4,0
public_v1,O1,p01766,bundle_default_opt_3,True,zext,5,5,0
public_v1,O1,p01766,bundle_default_opt_4,True,add,22,22,0
public_v1,O1,p01766,bundle_default_opt_4,True,alloca,6,6,0
public_v1,O1,p01766,bundle_default_opt_4,True,and,5,5,0
public_v1,O1,p01766,bundle_default_opt_4,True,br,20,20,0
public_v1,O1,p01766,bundle_default_opt_4,True,call,14,14,0
public_v1,O1,p01766,bundle_default_opt_4,True,fdiv,1,1,0
public_v1,O1,p01766,bundle_default_opt_4,True,getelementptr,68,68,0
public_v1,O1,p01766,bundle_default_opt_4,True,icmp,22,22,0
public_v1,O1,p01766,bundle_default_opt_4,True,inttoptr,5,5,0
public_v1,O1,p01766,bundle_default_opt_4,True,load,24,24,0
public_v1,O1,p01766,bundle_default_opt_4,True,mul,3,3,0
public_v1,O1,p01766,bundle_default_opt_4,True,or,6,6,0
public_v1,O1,p01766,bundle_default_opt_4,True,phi,8,8,0
public_v1,O1,p01766,bundle_default_opt_4,True,ptrtoint,5,5,0
public_v1,O1,p01766,bundle_default_opt_4,True,ret,2,2,0
public_v1,O1,p01766,bundle_default_opt_4,True,select,10,10,0
public_v1,O1,p01766,bundle_default_opt_4,True,sext,7,7,0
public_v1,O1,p01766,bundle_default_opt_4,True,shl,6,6,0
public_v1,O1,p01766,bundle_default_opt_4,True,sitofp,1,1,0
public_v1,O1,p01766,bundle_default_opt_4,True,store,50,50,0
public_v1,O1,p01766,bundle_default_opt_4,True,sub,4,4,0
public_v1,O1,p01766,bundle_default_opt_4,True,trunc,2,2,0
public_v1,O1,p01766,bundle_default_opt_4,True,uitofp,1,1,0
public_v1,O1,p01766,bundle_default_opt_4,True,xor,4,4,0
public_v1,O1,p01766,bundle_default_opt_4,True,zext,5,5,0
public_v1,O1,p01766,bundle_post_opt_4_custom_cleanup,True,add,22,22,0
public_v1,O1,p01766,bundle_post_opt_4_custom_cleanup,True,alloca,6,6,0
public_v1,O1,p01766,bundle_post_opt_4_custom_cleanup,True,and,5,5,0
public_v1,O1,p01766,bundle_post_opt_4_custom_cleanup,True,br,20,19,-1
public_v1,O1,p01766,bundle_post_opt_4_custom_cleanup,True,call,14,14,0
public_v1,O1,p01766,bundle_post_opt_4_custom_cleanup,True,fdiv,1,1,0
public_v1,O1,p01766,bundle_post_opt_4_custom_cleanup,True,getelementptr,68,67,-1
public_v1,O1,p01766,bundle_post_opt_4_custom_cleanup,True,icmp,22,22,0
public_v1,O1,p01766,bundle_post_opt_4_custom_cleanup,True,inttoptr,5,5,0
public_v1,O1,p01766,bundle_post_opt_4_custom_cleanup,True,load,24,23,-1
public_v1,O1,p01766,bundle_post_opt_4_custom_cleanup,True,mul,3,3,0
public_v1,O1,p01766,bundle_post_opt_4_custom_cleanup,True,or,6,6,0
public_v1,O1,p01766,bundle_post_opt_4_custom_cleanup,True,phi,8,8,0
public_v1,O1,p01766,bundle_post_opt_4_custom_cleanup,True,ptrtoint,5,5,0
public_v1,O1,p01766,bundle_post_opt_4_custom_cleanup,True,ret,2,2,0
public_v1,O1,p01766,bundle_post_opt_4_custom_cleanup,True,select,10,10,0
public_v1,O1,p01766,bundle_post_opt_4_custom_cleanup,True,sext,7,7,0
public_v1,O1,p01766,bundle_post_opt_4_custom_cleanup,True,shl,6,6,0
public_v1,O1,p01766,bundle_post_opt_4_custom_cleanup,True,sitofp,1,1,0
public_v1,O1,p01766,bundle_post_opt_4_custom_cleanup,True,store,50,46,-4
public_v1,O1,p01766,bundle_post_opt_4_custom_cleanup,True,sub,4,4,0
public_v1,O1,p01766,bundle_post_opt_4_custom_cleanup,True,trunc,2,1,-1
public_v1,O1,p01766,bundle_post_opt_4_custom_cleanup,True,uitofp,1,1,0
public_v1,O1,p01766,bundle_post_opt_4_custom_cleanup,True,xor,4,4,0
public_v1,O1,p01766,bundle_post_opt_4_custom_cleanup,True,zext,5,5,0
public_v1,O1,p01970,main_default_opt_1,True,add,75,54,-21
public_v1,O1,p01970,main_default_opt_1,True,alloca,3,0,-3
public_v1,O1,p01970,main_default_opt_1,True,and,109,58,-51
public_v1,O1,p01970,main_default_opt_1,True,br,77,68,-9
public_v1,O1,p01970,main_default_opt_1,True,call,17,6,-11
public_v1,O1,p01970,main_default_opt_1,True,extractvalue,43,0,-43
public_v1,O1,p01970,main_default_opt_1,True,getelementptr,83,26,-57
public_v1,O1,p01970,main_default_opt_1,True,icmp,62,41,-21
public_v1,O1,p01970,main_default_opt_1,True,insertvalue,52,0,-52
public_v1,O1,p01970,main_default_opt_1,True,load,139,57,-82
public_v1,O1,p01970,main_default_opt_1,True,lshr,18,8,-10
public_v1,O1,p01970,main_default_opt_1,True,mul,26,21,-5
public_v1,O1,p01970,main_default_opt_1,True,or,86,40,-46
public_v1,O1,p01970,main_default_opt_1,True,phi,58,30,-28
public_v1,O1,p01970,main_default_opt_1,True,ptrtoint,3,0,-3
public_v1,O1,p01970,main_default_opt_1,True,ret,5,2,-3
public_v1,O1,p01970,main_default_opt_1,True,select,13,13,0
public_v1,O1,p01970,main_default_opt_1,True,sext,29,29,0
public_v1,O1,p01970,main_default_opt_1,True,shl,17,17,0
public_v1,O1,p01970,main_default_opt_1,True,store,173,13,-160
public_v1,O1,p01970,main_default_opt_1,True,switch,4,2,-2
public_v1,O1,p01970,main_default_opt_1,True,trunc,34,4,-30
public_v1,O1,p01970,main_default_opt_1,True,xor,74,46,-28
public_v1,O1,p01970,main_default_opt_1,True,zext,119,60,-59
public_v1,O1,p01970,main_default_opt_2,True,add,36,34,-2
public_v1,O1,p01970,main_default_opt_2,True,and,7,7,0
public_v1,O1,p01970,main_default_opt_2,True,br,63,63,0
public_v1,O1,p01970,main_default_opt_2,True,call,6,6,0
public_v1,O1,p01970,main_default_opt_2,True,freeze,1,0,-1
public_v1,O1,p01970,main_default_opt_2,True,getelementptr,26,23,-3
public_v1,O1,p01970,main_default_opt_2,True,icmp,23,23,0
public_v1,O1,p01970,main_default_opt_2,True,load,21,19,-2
public_v1,O1,p01970,main_default_opt_2,True,lshr,8,8,0
public_v1,O1,p01970,main_default_opt_2,True,mul,3,3,0
public_v1,O1,p01970,main_default_opt_2,True,phi,28,27,-1
public_v1,O1,p01970,main_default_opt_2,True,ret,2,2,0
public_v1,O1,p01970,main_default_opt_2,True,select,13,13,0
public_v1,O1,p01970,main_default_opt_2,True,sext,26,22,-4
public_v1,O1,p01970,main_default_opt_2,True,shl,17,13,-4
public_v1,O1,p01970,main_default_opt_2,True,store,13,13,0
public_v1,O1,p01970,main_default_opt_2,True,switch,2,2,0
public_v1,O1,p01970,main_default_opt_2,True,trunc,4,4,0
public_v1,O1,p01970,main_default_opt_2,True,xor,8,8,0
public_v1,O1,p01970,main_default_opt_2,True,zext,4,4,0
public_v1,O1,p01970,bundle_default_opt_3,True,add,34,34,0
public_v1,O1,p01970,bundle_default_opt_3,True,and,7,7,0
public_v1,O1,p01970,bundle_default_opt_3,True,br,63,63,0
public_v1,O1,p01970,bundle_default_opt_3,True,call,6,6,0
public_v1,O1,p01970,bundle_default_opt_3,True,getelementptr,23,23,0
public_v1,O1,p01970,bundle_default_opt_3,True,icmp,23,23,0
public_v1,O1,p01970,bundle_default_opt_3,True,load,19,19,0
public_v1,O1,p01970,bundle_default_opt_3,True,lshr,8,8,0
public_v1,O1,p01970,bundle_default_opt_3,True,mul,3,3,0
public_v1,O1,p01970,bundle_default_opt_3,True,phi,27,27,0
public_v1,O1,p01970,bundle_default_opt_3,True,ret,2,2,0
public_v1,O1,p01970,bundle_default_opt_3,True,select,13,13,0
public_v1,O1,p01970,bundle_default_opt_3,True,sext,22,22,0
public_v1,O1,p01970,bundle_default_opt_3,True,shl,13,13,0
public_v1,O1,p01970,bundle_default_opt_3,True,store,13,13,0
public_v1,O1,p01970,bundle_default_opt_3,True,switch,2,2,0
public_v1,O1,p01970,bundle_default_opt_3,True,trunc,4,4,0
public_v1,O1,p01970,bundle_default_opt_3,True,xor,8,8,0
public_v1,O1,p01970,bundle_default_opt_3,True,zext,4,4,0
public_v1,O1,p01970,bundle_default_opt_4,True,add,34,34,0
public_v1,O1,p01970,bundle_default_opt_4,True,and,7,7,0
public_v1,O1,p01970,bundle_default_opt_4,True,br,63,63,0
public_v1,O1,p01970,bundle_default_opt_4,True,call,6,6,0
public_v1,O1,p01970,bundle_default_opt_4,True,getelementptr,23,23,0
public_v1,O1,p01970,bundle_default_opt_4,True,icmp,23,23,0
public_v1,O1,p01970,bundle_default_opt_4,True,load,19,19,0
public_v1,O1,p01970,bundle_default_opt_4,True,lshr,8,8,0
public_v1,O1,p01970,bundle_default_opt_4,True,mul,3,3,0
public_v1,O1,p01970,bundle_default_opt_4,True,phi,27,27,0
public_v1,O1,p01970,bundle_default_opt_4,True,ret,2,2,0
public_v1,O1,p01970,bundle_default_opt_4,True,select,13,13,0
public_v1,O1,p01970,bundle_default_opt_4,True,sext,22,22,0
public_v1,O1,p01970,bundle_default_opt_4,True,shl,13,13,0
public_v1,O1,p01970,bundle_default_opt_4,True,store,13,13,0
public_v1,O1,p01970,bundle_default_opt_4,True,switch,2,2,0
public_v1,O1,p01970,bundle_default_opt_4,True,trunc,4,4,0
public_v1,O1,p01970,bundle_default_opt_4,True,xor,8,8,0
public_v1,O1,p01970,bundle_default_opt_4,True,zext,4,4,0
public_v1,O1,p01970,bundle_post_opt_4_custom_cleanup,True,add,34,34,0
public_v1,O1,p01970,bundle_post_opt_4_custom_cleanup,True,and,7,7,0
public_v1,O1,p01970,bundle_post_opt_4_custom_cleanup,True,br,63,63,0
public_v1,O1,p01970,bundle_post_opt_4_custom_cleanup,True,call,6,6,0
public_v1,O1,p01970,bundle_post_opt_4_custom_cleanup,True,getelementptr,23,23,0
public_v1,O1,p01970,bundle_post_opt_4_custom_cleanup,True,icmp,23,23,0
public_v1,O1,p01970,bundle_post_opt_4_custom_cleanup,True,load,19,19,0
public_v1,O1,p01970,bundle_post_opt_4_custom_cleanup,True,lshr,8,8,0
public_v1,O1,p01970,bundle_post_opt_4_custom_cleanup,True,mul,3,3,0
public_v1,O1,p01970,bundle_post_opt_4_custom_cleanup,True,phi,27,27,0
public_v1,O1,p01970,bundle_post_opt_4_custom_cleanup,True,ret,2,2,0
public_v1,O1,p01970,bundle_post_opt_4_custom_cleanup,True,select,13,13,0
public_v1,O1,p01970,bundle_post_opt_4_custom_cleanup,True,sext,22,22,0
public_v1,O1,p01970,bundle_post_opt_4_custom_cleanup,True,shl,13,13,0
public_v1,O1,p01970,bundle_post_opt_4_custom_cleanup,True,store,13,13,0
public_v1,O1,p01970,bundle_post_opt_4_custom_cleanup,True,switch,2,2,0
public_v1,O1,p01970,bundle_post_opt_4_custom_cleanup,True,trunc,4,4,0
public_v1,O1,p01970,bundle_post_opt_4_custom_cleanup,True,xor,8,8,0
public_v1,O1,p01970,bundle_post_opt_4_custom_cleanup,True,zext,4,4,0
public_v1,O1,p02029,main_default_opt_1,True,add,372,249,-123
public_v1,O1,p02029,main_default_opt_1,True,alloca,3,1,-2
public_v1,O1,p02029,main_default_opt_1,True,and,157,117,-40
public_v1,O1,p02029,main_default_opt_1,True,ashr,4,4,0
public_v1,O1,p02029,main_default_opt_1,True,br,119,114,-5
public_v1,O1,p02029,main_default_opt_1,True,call,39,24,-15
public_v1,O1,p02029,main_default_opt_1,True,extractvalue,174,93,-81
public_v1,O1,p02029,main_default_opt_1,True,getelementptr,488,284,-204
public_v1,O1,p02029,main_default_opt_1,True,icmp,243,203,-40
public_v1,O1,p02029,main_default_opt_1,True,insertvalue,90,25,-65
public_v1,O1,p02029,main_default_opt_1,True,inttoptr,66,66,0
public_v1,O1,p02029,main_default_opt_1,True,load,304,292,-12
public_v1,O1,p02029,main_default_opt_1,True,lshr,40,4,-36
public_v1,O1,p02029,main_default_opt_1,True,mul,34,34,0
public_v1,O1,p02029,main_default_opt_1,True,or,92,91,-1
public_v1,O1,p02029,main_default_opt_1,True,phi,46,45,-1
public_v1,O1,p02029,main_default_opt_1,True,ptrtoint,10,8,-2
public_v1,O1,p02029,main_default_opt_1,True,ret,8,6,-2
public_v1,O1,p02029,main_default_opt_1,True,select,156,156,0
public_v1,O1,p02029,main_default_opt_1,True,sext,51,45,-6
public_v1,O1,p02029,main_default_opt_1,True,shl,45,45,0
public_v1,O1,p02029,main_default_opt_1,True,store,304,285,-19
public_v1,O1,p02029,main_default_opt_1,True,sub,133,56,-77
public_v1,O1,p02029,main_default_opt_1,True,switch,8,3,-5
public_v1,O1,p02029,main_default_opt_1,True,trunc,76,29,-47
public_v1,O1,p02029,main_default_opt_1,True,xor,97,55,-42
public_v1,O1,p02029,main_default_opt_1,True,zext,220,157,-63
public_v1,O1,p02029,main_default_opt_2,True,add,225,210,-15
public_v1,O1,p02029,main_default_opt_2,True,alloca,1,1,0
public_v1,O1,p02029,main_default_opt_2,True,and,76,50,-26
public_v1,O1,p02029,main_default_opt_2,True,ashr,4,4,0
public_v1,O1,p02029,main_default_opt_2,True,br,114,114,0
public_v1,O1,p02029,main_default_opt_2,True,call,23,23,0
public_v1,O1,p02029,main_default_opt_2,True,extractvalue,85,85,0
public_v1,O1,p02029,main_default_opt_2,True,getelementptr,284,246,-38
public_v1,O1,p02029,main_default_opt_2,True,icmp,186,185,-1
public_v1,O1,p02029,main_default_opt_2,True,insertvalue,25,21,-4
public_v1,O1,p02029,main_default_opt_2,True,inttoptr,66,66,0
public_v1,O1,p02029,main_default_opt_2,True,load,240,229,-11
public_v1,O1,p02029,main_default_opt_2,True,lshr,4,4,0
public_v1,O1,p02029,main_default_opt_2,True,mul,10,10,0
public_v1,O1,p02029,main_default_opt_2,True,or,62,37,-25
public_v1,O1,p02029,main_default_opt_2,True,phi,37,35,-2
public_v1,O1,p02029,main_default_opt_2,True,ptrtoint,6,6,0
public_v1,O1,p02029,main_default_opt_2,True,ret,6,6,0
public_v1,O1,p02029,main_default_opt_2,True,select,156,156,0
public_v1,O1,p02029,main_default_opt_2,True,sext,45,42,-3
public_v1,O1,p02029,main_default_opt_2,True,shl,45,42,-3
public_v1,O1,p02029,main_default_opt_2,True,store,257,257,0
public_v1,O1,p02029,main_default_opt_2,True,sub,56,24,-32
public_v1,O1,p02029,main_default_opt_2,True,switch,3,3,0
public_v1,O1,p02029,main_default_opt_2,True,trunc,31,29,-2
public_v1,O1,p02029,main_default_opt_2,True,xor,29,31,2
public_v1,O1,p02029,main_default_opt_2,True,zext,82,77,-5
public_v1,O1,p02029,bundle_default_opt_3,True,add,73,53,-20
public_v1,O1,p02029,bundle_default_opt_3,True,alloca,1,1,0
public_v1,O1,p02029,bundle_default_opt_3,True,and,50,36,-14
public_v1,O1,p02029,bundle_default_opt_3,True,ashr,4,4,0
public_v1,O1,p02029,bundle_default_opt_3,True,br,114,114,0
public_v1,O1,p02029,bundle_default_opt_3,True,call,89,92,3
public_v1,O1,p02029,bundle_default_opt_3,True,extractvalue,69,69,0
public_v1,O1,p02029,bundle_default_opt_3,True,getelementptr,150,145,-5
public_v1,O1,p02029,bundle_default_opt_3,True,icmp,55,53,-2
public_v1,O1,p02029,bundle_default_opt_3,True,insertvalue,21,18,-3
public_v1,O1,p02029,bundle_default_opt_3,True,inttoptr,1,1,0
public_v1,O1,p02029,bundle_default_opt_3,True,load,228,225,-3
public_v1,O1,p02029,bundle_default_opt_3,True,lshr,4,4,0
public_v1,O1,p02029,bundle_default_opt_3,True,mul,10,5,-5
public_v1,O1,p02029,bundle_default_opt_3,True,or,37,23,-14
public_v1,O1,p02029,bundle_default_opt_3,True,phi,35,39,4
public_v1,O1,p02029,bundle_default_opt_3,True,ptrtoint,40,5,-35
public_v1,O1,p02029,bundle_default_opt_3,True,ret,7,7,0
public_v1,O1,p02029,bundle_default_opt_3,True,select,26,27,1
public_v1,O1,p02029,bundle_default_opt_3,True,sext,42,43,1
public_v1,O1,p02029,bundle_default_opt_3,True,shl,42,43,1
public_v1,O1,p02029,bundle_default_opt_3,True,store,257,259,2
public_v1,O1,p02029,bundle_default_opt_3,True,sub,24,18,-6
public_v1,O1,p02029,bundle_default_opt_3,True,switch,3,3,0
public_v1,O1,p02029,bundle_default_opt_3,True,trunc,29,29,0
public_v1,O1,p02029,bundle_default_opt_3,True,xor,31,25,-6
public_v1,O1,p02029,bundle_default_opt_3,True,zext,77,62,-15
public_v1,O1,p02029,bundle_default_opt_4,True,add,53,47,-6
public_v1,O1,p02029,bundle_default_opt_4,True,alloca,1,1,0
public_v1,O1,p02029,bundle_default_opt_4,True,and,36,36,0
public_v1,O1,p02029,bundle_default_opt_4,True,ashr,4,4,0
public_v1,O1,p02029,bundle_default_opt_4,True,br,114,114,0
public_v1,O1,p02029,bundle_default_opt_4,True,call,92,92,0
public_v1,O1,p02029,bundle_default_opt_4,True,extractvalue,69,69,0
public_v1,O1,p02029,bundle_default_opt_4,True,getelementptr,145,125,-20
public_v1,O1,p02029,bundle_default_opt_4,True,icmp,53,53,0
public_v1,O1,p02029,bundle_default_opt_4,True,insertvalue,18,18,0
public_v1,O1,p02029,bundle_default_opt_4,True,inttoptr,1,1,0
public_v1,O1,p02029,bundle_default_opt_4,True,load,225,223,-2
public_v1,O1,p02029,bundle_default_opt_4,True,lshr,4,4,0
public_v1,O1,p02029,bundle_default_opt_4,True,mul,5,5,0
public_v1,O1,p02029,bundle_default_opt_4,True,or,23,23,0
public_v1,O1,p02029,bundle_default_opt_4,True,phi,39,39,0
public_v1,O1,p02029,bundle_default_opt_4,True,ptrtoint,5,5,0
public_v1,O1,p02029,bundle_default_opt_4,True,ret,7,7,0
public_v1,O1,p02029,bundle_default_opt_4,True,select,27,27,0
public_v1,O1,p02029,bundle_default_opt_4,True,sext,43,43,0
public_v1,O1,p02029,bundle_default_opt_4,True,shl,43,43,0
public_v1,O1,p02029,bundle_default_opt_4,True,store,259,259,0
public_v1,O1,p02029,bundle_default_opt_4,True,sub,18,16,-2
public_v1,O1,p02029,bundle_default_opt_4,True,switch,3,3,0
public_v1,O1,p02029,bundle_default_opt_4,True,trunc,29,29,0
public_v1,O1,p02029,bundle_default_opt_4,True,xor,25,25,0
public_v1,O1,p02029,bundle_default_opt_4,True,zext,62,62,0
public_v1,O1,p02029,bundle_post_opt_4_custom_cleanup,True,add,47,47,0
public_v1,O1,p02029,bundle_post_opt_4_custom_cleanup,True,alloca,1,1,0
public_v1,O1,p02029,bundle_post_opt_4_custom_cleanup,True,and,36,36,0
public_v1,O1,p02029,bundle_post_opt_4_custom_cleanup,True,ashr,4,4,0
public_v1,O1,p02029,bundle_post_opt_4_custom_cleanup,True,br,114,114,0
public_v1,O1,p02029,bundle_post_opt_4_custom_cleanup,True,call,92,92,0
public_v1,O1,p02029,bundle_post_opt_4_custom_cleanup,True,extractvalue,69,69,0
public_v1,O1,p02029,bundle_post_opt_4_custom_cleanup,True,getelementptr,125,117,-8
public_v1,O1,p02029,bundle_post_opt_4_custom_cleanup,True,icmp,53,53,0
public_v1,O1,p02029,bundle_post_opt_4_custom_cleanup,True,insertvalue,18,18,0
public_v1,O1,p02029,bundle_post_opt_4_custom_cleanup,True,inttoptr,1,1,0
public_v1,O1,p02029,bundle_post_opt_4_custom_cleanup,True,load,223,217,-6
public_v1,O1,p02029,bundle_post_opt_4_custom_cleanup,True,lshr,4,4,0
public_v1,O1,p02029,bundle_post_opt_4_custom_cleanup,True,mul,5,5,0
public_v1,O1,p02029,bundle_post_opt_4_custom_cleanup,True,or,23,23,0
public_v1,O1,p02029,bundle_post_opt_4_custom_cleanup,True,phi,39,47,8
public_v1,O1,p02029,bundle_post_opt_4_custom_cleanup,True,ptrtoint,5,5,0
public_v1,O1,p02029,bundle_post_opt_4_custom_cleanup,True,ret,7,7,0
public_v1,O1,p02029,bundle_post_opt_4_custom_cleanup,True,select,27,26,-1
public_v1,O1,p02029,bundle_post_opt_4_custom_cleanup,True,sext,43,43,0
public_v1,O1,p02029,bundle_post_opt_4_custom_cleanup,True,shl,43,43,0
public_v1,O1,p02029,bundle_post_opt_4_custom_cleanup,True,store,259,245,-14
public_v1,O1,p02029,bundle_post_opt_4_custom_cleanup,True,sub,16,16,0
public_v1,O1,p02029,bundle_post_opt_4_custom_cleanup,True,switch,3,3,0
public_v1,O1,p02029,bundle_post_opt_4_custom_cleanup,True,trunc,29,29,0
public_v1,O1,p02029,bundle_post_opt_4_custom_cleanup,True,xor,25,25,0
public_v1,O1,p02029,bundle_post_opt_4_custom_cleanup,True,zext,62,62,0
public_v1,O1,p02100,main_default_opt_1,True,add,115,73,-42
public_v1,O1,p02100,main_default_opt_1,True,alloca,5,1,-4
public_v1,O1,p02100,main_default_opt_1,True,and,46,26,-20
public_v1,O1,p02100,main_default_opt_1,True,br,40,39,-1
public_v1,O1,p02100,main_default_opt_1,True,call,20,7,-13
public_v1,O1,p02100,main_default_opt_1,True,extractvalue,30,10,-20
public_v1,O1,p02100,main_default_opt_1,True,getelementptr,167,103,-64
public_v1,O1,p02100,main_default_opt_1,True,icmp,79,69,-10
public_v1,O1,p02100,main_default_opt_1,True,insertvalue,53,6,-47
public_v1,O1,p02100,main_default_opt_1,True,inttoptr,20,20,0
public_v1,O1,p02100,main_default_opt_1,True,load,105,82,-23
public_v1,O1,p02100,main_default_opt_1,True,lshr,13,3,-10
public_v1,O1,p02100,main_default_opt_1,True,mul,13,12,-1
public_v1,O1,p02100,main_default_opt_1,True,or,25,19,-6
public_v1,O1,p02100,main_default_opt_1,True,phi,30,25,-5
public_v1,O1,p02100,main_default_opt_1,True,ptrtoint,7,5,-2
public_v1,O1,p02100,main_default_opt_1,True,ret,5,3,-2
public_v1,O1,p02100,main_default_opt_1,True,select,51,52,1
public_v1,O1,p02100,main_default_opt_1,True,sext,12,9,-3
public_v1,O1,p02100,main_default_opt_1,True,shl,2,2,0
public_v1,O1,p02100,main_default_opt_1,True,store,178,147,-31
public_v1,O1,p02100,main_default_opt_1,True,sub,44,14,-30
public_v1,O1,p02100,main_default_opt_1,True,switch,2,1,-1
public_v1,O1,p02100,main_default_opt_1,True,trunc,19,5,-14
public_v1,O1,p02100,main_default_opt_1,True,xor,30,17,-13
public_v1,O1,p02100,main_default_opt_1,True,zext,57,33,-24
public_v1,O1,p02100,main_default_opt_2,True,add,64,62,-2
public_v1,O1,p02100,main_default_opt_2,True,alloca,1,1,0
public_v1,O1,p02100,main_default_opt_2,True,and,31,4,-27
public_v1,O1,p02100,main_default_opt_2,True,br,39,37,-2
public_v1,O1,p02100,main_default_opt_2,True,call,5,5,0
public_v1,O1,p02100,main_default_opt_2,True,extractvalue,7,7,0
public_v1,O1,p02100,main_default_opt_2,True,getelementptr,105,92,-13
public_v1,O1,p02100,main_default_opt_2,True,icmp,64,57,-7
public_v1,O1,p02100,main_default_opt_2,True,insertvalue,6,4,-2
public_v1,O1,p02100,main_default_opt_2,True,inttoptr,20,19,-1
public_v1,O1,p02100,main_default_opt_2,True,load,58,52,-6
public_v1,O1,p02100,main_default_opt_2,True,lshr,1,1,0
public_v1,O1,p02100,main_default_opt_2,True,mul,6,6,0
public_v1,O1,p02100,main_default_opt_2,True,or,27,2,-25
public_v1,O1,p02100,main_default_opt_2,True,phi,16,15,-1
public_v1,O1,p02100,main_default_opt_2,True,ptrtoint,2,2,0
public_v1,O1,p02100,main_default_opt_2,True,ret,3,3,0
public_v1,O1,p02100,main_default_opt_2,True,select,54,52,-2
public_v1,O1,p02100,main_default_opt_2,True,sext,8,8,0
public_v1,O1,p02100,main_default_opt_2,True,shl,2,2,0
public_v1,O1,p02100,main_default_opt_2,True,store,119,103,-16
public_v1,O1,p02100,main_default_opt_2,True,sub,16,4,-12
public_v1,O1,p02100,main_default_opt_2,True,switch,1,1,0
public_v1,O1,p02100,main_default_opt_2,True,trunc,4,2,-2
public_v1,O1,p02100,main_default_opt_2,True,xor,6,5,-1
public_v1,O1,p02100,main_default_opt_2,True,zext,8,7,-1
public_v1,O1,p02100,bundle_default_opt_3,True,add,26,22,-4
public_v1,O1,p02100,bundle_default_opt_3,True,alloca,1,1,0
public_v1,O1,p02100,bundle_default_opt_3,True,and,4,4,0
public_v1,O1,p02100,bundle_default_opt_3,True,br,37,37,0
public_v1,O1,p02100,bundle_default_opt_3,True,call,23,23,0
public_v1,O1,p02100,bundle_default_opt_3,True,extractvalue,5,5,0
public_v1,O1,p02100,bundle_default_opt_3,True,getelementptr,47,47,0
public_v1,O1,p02100,bundle_default_opt_3,True,icmp,21,21,0
public_v1,O1,p02100,bundle_default_opt_3,True,insertvalue,4,3,-1
public_v1,O1,p02100,bundle_default_opt_3,True,inttoptr,1,1,0
public_v1,O1,p02100,bundle_default_opt_3,True,load,50,50,0
public_v1,O1,p02100,bundle_default_opt_3,True,lshr,1,1,0
public_v1,O1,p02100,bundle_default_opt_3,True,mul,6,6,0
public_v1,O1,p02100,bundle_default_opt_3,True,or,2,2,0
public_v1,O1,p02100,bundle_default_opt_3,True,phi,16,14,-2
public_v1,O1,p02100,bundle_default_opt_3,True,ptrtoint,6,2,-4
public_v1,O1,p02100,bundle_default_opt_3,True,ret,4,4,0
public_v1,O1,p02100,bundle_default_opt_3,True,select,14,14,0
public_v1,O1,p02100,bundle_default_opt_3,True,sext,8,8,0
public_v1,O1,p02100,bundle_default_opt_3,True,shl,2,2,0
public_v1,O1,p02100,bundle_default_opt_3,True,store,103,103,0
public_v1,O1,p02100,bundle_default_opt_3,True,sub,5,2,-3
public_v1,O1,p02100,bundle_default_opt_3,True,switch,1,1,0
public_v1,O1,p02100,bundle_default_opt_3,True,trunc,2,2,0
public_v1,O1,p02100,bundle_default_opt_3,True,xor,5,5,0
public_v1,O1,p02100,bundle_default_opt_3,True,zext,7,7,0
public_v1,O1,p02100,bundle_default_opt_4,True,add,22,22,0
public_v1,O1,p02100,bundle_default_opt_4,True,alloca,1,1,0
public_v1,O1,p02100,bundle_default_opt_4,True,and,4,4,0
public_v1,O1,p02100,bundle_default_opt_4,True,br,37,37,0
public_v1,O1,p02100,bundle_default_opt_4,True,call,23,23,0
public_v1,O1,p02100,bundle_default_opt_4,True,extractvalue,5,5,0
public_v1,O1,p02100,bundle_default_opt_4,True,getelementptr,47,42,-5
public_v1,O1,p02100,bundle_default_opt_4,True,icmp,21,21,0
public_v1,O1,p02100,bundle_default_opt_4,True,insertvalue,3,3,0
public_v1,O1,p02100,bundle_default_opt_4,True,inttoptr,1,1,0
public_v1,O1,p02100,bundle_default_opt_4,True,load,50,50,0
public_v1,O1,p02100,bundle_default_opt_4,True,lshr,1,1,0
public_v1,O1,p02100,bundle_default_opt_4,True,mul,6,6,0
public_v1,O1,p02100,bundle_default_opt_4,True,or,2,2,0
public_v1,O1,p02100,bundle_default_opt_4,True,phi,14,14,0
public_v1,O1,p02100,bundle_default_opt_4,True,ptrtoint,2,2,0
public_v1,O1,p02100,bundle_default_opt_4,True,ret,4,4,0
public_v1,O1,p02100,bundle_default_opt_4,True,select,14,14,0
public_v1,O1,p02100,bundle_default_opt_4,True,sext,8,8,0
public_v1,O1,p02100,bundle_default_opt_4,True,shl,2,2,0
public_v1,O1,p02100,bundle_default_opt_4,True,store,103,103,0
public_v1,O1,p02100,bundle_default_opt_4,True,sub,2,2,0
public_v1,O1,p02100,bundle_default_opt_4,True,switch,1,1,0
public_v1,O1,p02100,bundle_default_opt_4,True,trunc,2,2,0
public_v1,O1,p02100,bundle_default_opt_4,True,xor,5,5,0
public_v1,O1,p02100,bundle_default_opt_4,True,zext,7,7,0
public_v1,O1,p02100,bundle_post_opt_4_custom_cleanup,True,add,22,22,0
public_v1,O1,p02100,bundle_post_opt_4_custom_cleanup,True,alloca,1,1,0
public_v1,O1,p02100,bundle_post_opt_4_custom_cleanup,True,and,4,4,0
public_v1,O1,p02100,bundle_post_opt_4_custom_cleanup,True,br,37,36,-1
public_v1,O1,p02100,bundle_post_opt_4_custom_cleanup,True,call,23,22,-1
public_v1,O1,p02100,bundle_post_opt_4_custom_cleanup,True,extractvalue,5,5,0
public_v1,O1,p02100,bundle_post_opt_4_custom_cleanup,True,getelementptr,42,39,-3
public_v1,O1,p02100,bundle_post_opt_4_custom_cleanup,True,icmp,21,21,0
public_v1,O1,p02100,bundle_post_opt_4_custom_cleanup,True,insertvalue,3,3,0
public_v1,O1,p02100,bundle_post_opt_4_custom_cleanup,True,inttoptr,1,1,0
public_v1,O1,p02100,bundle_post_opt_4_custom_cleanup,True,load,50,43,-7
public_v1,O1,p02100,bundle_post_opt_4_custom_cleanup,True,lshr,1,1,0
public_v1,O1,p02100,bundle_post_opt_4_custom_cleanup,True,mul,6,6,0
public_v1,O1,p02100,bundle_post_opt_4_custom_cleanup,True,or,2,2,0
public_v1,O1,p02100,bundle_post_opt_4_custom_cleanup,True,phi,14,21,7
public_v1,O1,p02100,bundle_post_opt_4_custom_cleanup,True,ptrtoint,2,2,0
public_v1,O1,p02100,bundle_post_opt_4_custom_cleanup,True,ret,4,4,0
public_v1,O1,p02100,bundle_post_opt_4_custom_cleanup,True,select,14,12,-2
public_v1,O1,p02100,bundle_post_opt_4_custom_cleanup,True,sext,8,8,0
public_v1,O1,p02100,bundle_post_opt_4_custom_cleanup,True,shl,2,2,0
public_v1,O1,p02100,bundle_post_opt_4_custom_cleanup,True,store,103,77,-26
public_v1,O1,p02100,bundle_post_opt_4_custom_cleanup,True,sub,2,2,0
public_v1,O1,p02100,bundle_post_opt_4_custom_cleanup,True,switch,1,1,0
public_v1,O1,p02100,bundle_post_opt_4_custom_cleanup,True,trunc,2,2,0
public_v1,O1,p02100,bundle_post_opt_4_custom_cleanup,True,xor,5,5,0
public_v1,O1,p02100,bundle_post_opt_4_custom_cleanup,True,zext,7,7,0
public_v1,O1,p02289,main_default_opt_1,True,add,585,453,-132
public_v1,O1,p02289,main_default_opt_1,True,alloca,11,1,-10
public_v1,O1,p02289,main_default_opt_1,True,and,293,250,-43
public_v1,O1,p02289,main_default_opt_1,True,br,222,200,-22
public_v1,O1,p02289,main_default_opt_1,True,call,59,29,-30
public_v1,O1,p02289,main_default_opt_1,True,extractvalue,125,80,-45
public_v1,O1,p02289,main_default_opt_1,True,getelementptr,771,424,-347
public_v1,O1,p02289,main_default_opt_1,True,icmp,434,359,-75
public_v1,O1,p02289,main_default_opt_1,True,insertvalue,135,27,-108
public_v1,O1,p02289,main_default_opt_1,True,inttoptr,128,123,-5
public_v1,O1,p02289,main_default_opt_1,True,load,422,407,-15
public_v1,O1,p02289,main_default_opt_1,True,lshr,43,2,-41
public_v1,O1,p02289,main_default_opt_1,True,mul,68,67,-1
public_v1,O1,p02289,main_default_opt_1,True,or,213,206,-7
public_v1,O1,p02289,main_default_opt_1,True,phi,121,120,-1
public_v1,O1,p02289,main_default_opt_1,True,ptrtoint,19,12,-7
public_v1,O1,p02289,main_default_opt_1,True,ret,10,6,-4
public_v1,O1,p02289,main_default_opt_1,True,sdiv,1,1,0
public_v1,O1,p02289,main_default_opt_1,True,select,279,274,-5
public_v1,O1,p02289,main_default_opt_1,True,sext,4,4,0
public_v1,O1,p02289,main_default_opt_1,True,shl,3,3,0
public_v1,O1,p02289,main_default_opt_1,True,srem,1,1,0
public_v1,O1,p02289,main_default_opt_1,True,store,465,359,-106
public_v1,O1,p02289,main_default_opt_1,True,sub,136,79,-57
public_v1,O1,p02289,main_default_opt_1,True,switch,20,7,-13
public_v1,O1,p02289,main_default_opt_1,True,trunc,78,27,-51
public_v1,O1,p02289,main_default_opt_1,True,xor,174,133,-41
public_v1,O1,p02289,main_default_opt_1,True,zext,333,252,-81
public_v1,O1,p02289,main_default_opt_2,True,add,394,360,-34
public_v1,O1,p02289,main_default_opt_2,True,alloca,2,2,0
public_v1,O1,p02289,main_default_opt_2,True,and,126,97,-29
public_v1,O1,p02289,main_default_opt_2,True,br,200,200,0
public_v1,O1,p02289,main_default_opt_2,True,call,29,27,-2
public_v1,O1,p02289,main_default_opt_2,True,extractvalue,46,46,0
public_v1,O1,p02289,main_default_opt_2,True,getelementptr,416,352,-64
public_v1,O1,p02289,main_default_opt_2,True,icmp,305,303,-2
public_v1,O1,p02289,main_default_opt_2,True,insertvalue,27,18,-9
public_v1,O1,p02289,main_default_opt_2,True,inttoptr,113,113,0
public_v1,O1,p02289,main_default_opt_2,True,load,315,309,-6
public_v1,O1,p02289,main_default_opt_2,True,mul,29,29,0
public_v1,O1,p02289,main_default_opt_2,True,or,97,66,-31
public_v1,O1,p02289,main_default_opt_2,True,phi,90,83,-7
public_v1,O1,p02289,main_default_opt_2,True,ptrtoint,7,7,0
public_v1,O1,p02289,main_default_opt_2,True,ret,6,6,0
public_v1,O1,p02289,main_default_opt_2,True,sdiv,1,1,0
public_v1,O1,p02289,main_default_opt_2,True,select,258,258,0
public_v1,O1,p02289,main_default_opt_2,True,sext,4,4,0
public_v1,O1,p02289,main_default_opt_2,True,shl,3,3,0
public_v1,O1,p02289,main_default_opt_2,True,srem,1,1,0
public_v1,O1,p02289,main_default_opt_2,True,store,331,333,2
public_v1,O1,p02289,main_default_opt_2,True,sub,78,29,-49
public_v1,O1,p02289,main_default_opt_2,True,switch,7,7,0
public_v1,O1,p02289,main_default_opt_2,True,trunc,26,24,-2
public_v1,O1,p02289,main_default_opt_2,True,xor,60,66,6
public_v1,O1,p02289,main_default_opt_2,True,zext,109,102,-7
public_v1,O1,p02289,bundle_default_opt_3,True,add,125,98,-27
public_v1,O1,p02289,bundle_default_opt_3,True,alloca,2,2,0
public_v1,O1,p02289,bundle_default_opt_3,True,and,97,71,-26
public_v1,O1,p02289,bundle_default_opt_3,True,br,200,198,-2
public_v1,O1,p02289,bundle_default_opt_3,True,call,139,139,0
public_v1,O1,p02289,bundle_default_opt_3,True,extractvalue,34,31,-3
public_v1,O1,p02289,bundle_default_opt_3,True,getelementptr,146,141,-5
public_v1,O1,p02289,bundle_default_opt_3,True,icmp,79,73,-6
public_v1,O1,p02289,bundle_default_opt_3,True,insertvalue,18,13,-5
public_v1,O1,p02289,bundle_default_opt_3,True,inttoptr,1,1,0
public_v1,O1,p02289,bundle_default_opt_3,True,load,292,276,-16
public_v1,O1,p02289,bundle_default_opt_3,True,mul,29,22,-7
public_v1,O1,p02289,bundle_default_opt_3,True,or,66,43,-23
public_v1,O1,p02289,bundle_default_opt_3,True,phi,83,65,-18
public_v1,O1,p02289,bundle_default_opt_3,True,ptrtoint,35,5,-30
public_v1,O1,p02289,bundle_default_opt_3,True,ret,7,7,0
public_v1,O1,p02289,bundle_default_opt_3,True,sdiv,1,1,0
public_v1,O1,p02289,bundle_default_opt_3,True,select,34,34,0
public_v1,O1,p02289,bundle_default_opt_3,True,sext,4,4,0
public_v1,O1,p02289,bundle_default_opt_3,True,shl,3,3,0
public_v1,O1,p02289,bundle_default_opt_3,True,srem,1,1,0
public_v1,O1,p02289,bundle_default_opt_3,True,store,333,319,-14
public_v1,O1,p02289,bundle_default_opt_3,True,sub,29,27,-2
public_v1,O1,p02289,bundle_default_opt_3,True,switch,7,7,0
public_v1,O1,p02289,bundle_default_opt_3,True,trunc,24,24,0
public_v1,O1,p02289,bundle_default_opt_3,True,xor,66,57,-9
public_v1,O1,p02289,bundle_default_opt_3,True,zext,102,75,-27
public_v1,O1,p02289,bundle_default_opt_4,True,add,98,83,-15
public_v1,O1,p02289,bundle_default_opt_4,True,alloca,2,2,0
public_v1,O1,p02289,bundle_default_opt_4,True,and,71,42,-29
public_v1,O1,p02289,bundle_default_opt_4,True,br,198,198,0
public_v1,O1,p02289,bundle_default_opt_4,True,call,139,139,0
public_v1,O1,p02289,bundle_default_opt_4,True,extractvalue,31,31,0
public_v1,O1,p02289,bundle_default_opt_4,True,getelementptr,141,137,-4
public_v1,O1,p02289,bundle_default_opt_4,True,icmp,73,70,-3
public_v1,O1,p02289,bundle_default_opt_4,True,insertvalue,13,13,0
public_v1,O1,p02289,bundle_default_opt_4,True,inttoptr,1,1,0
public_v1,O1,p02289,bundle_default_opt_4,True,load,276,268,-8
public_v1,O1,p02289,bundle_default_opt_4,True,mul,22,17,-5
public_v1,O1,p02289,bundle_default_opt_4,True,or,43,12,-31
public_v1,O1,p02289,bundle_default_opt_4,True,phi,65,61,-4
public_v1,O1,p02289,bundle_default_opt_4,True,ptrtoint,5,5,0
public_v1,O1,p02289,bundle_default_opt_4,True,ret,7,7,0
public_v1,O1,p02289,bundle_default_opt_4,True,sdiv,1,1,0
public_v1,O1,p02289,bundle_default_opt_4,True,select,34,34,0
public_v1,O1,p02289,bundle_default_opt_4,True,sext,4,4,0
public_v1,O1,p02289,bundle_default_opt_4,True,shl,3,3,0
public_v1,O1,p02289,bundle_default_opt_4,True,srem,1,1,0
public_v1,O1,p02289,bundle_default_opt_4,True,store,319,319,0
public_v1,O1,p02289,bundle_default_opt_4,True,sub,27,22,-5
public_v1,O1,p02289,bundle_default_opt_4,True,switch,7,7,0
public_v1,O1,p02289,bundle_default_opt_4,True,trunc,24,24,0
public_v1,O1,p02289,bundle_default_opt_4,True,xor,57,49,-8
public_v1,O1,p02289,bundle_default_opt_4,True,zext,75,49,-26
public_v1,O1,p02289,bundle_post_opt_4_custom_cleanup,True,add,83,82,-1
public_v1,O1,p02289,bundle_post_opt_4_custom_cleanup,True,alloca,2,2,0
public_v1,O1,p02289,bundle_post_opt_4_custom_cleanup,True,and,42,42,0
public_v1,O1,p02289,bundle_post_opt_4_custom_cleanup,True,br,198,198,0
public_v1,O1,p02289,bundle_post_opt_4_custom_cleanup,True,call,139,138,-1
public_v1,O1,p02289,bundle_post_opt_4_custom_cleanup,True,extractvalue,31,31,0
public_v1,O1,p02289,bundle_post_opt_4_custom_cleanup,True,getelementptr,137,125,-12
public_v1,O1,p02289,bundle_post_opt_4_custom_cleanup,True,icmp,70,70,0
public_v1,O1,p02289,bundle_post_opt_4_custom_cleanup,True,insertvalue,13,13,0
public_v1,O1,p02289,bundle_post_opt_4_custom_cleanup,True,inttoptr,1,1,0
public_v1,O1,p02289,bundle_post_opt_4_custom_cleanup,True,load,268,258,-10
public_v1,O1,p02289,bundle_post_opt_4_custom_cleanup,True,mul,17,17,0
public_v1,O1,p02289,bundle_post_opt_4_custom_cleanup,True,or,12,12,0
public_v1,O1,p02289,bundle_post_opt_4_custom_cleanup,True,phi,61,79,18
public_v1,O1,p02289,bundle_post_opt_4_custom_cleanup,True,ptrtoint,5,5,0
public_v1,O1,p02289,bundle_post_opt_4_custom_cleanup,True,ret,7,7,0
public_v1,O1,p02289,bundle_post_opt_4_custom_cleanup,True,sdiv,1,1,0
public_v1,O1,p02289,bundle_post_opt_4_custom_cleanup,True,select,34,32,-2
public_v1,O1,p02289,bundle_post_opt_4_custom_cleanup,True,sext,4,4,0
public_v1,O1,p02289,bundle_post_opt_4_custom_cleanup,True,shl,3,3,0
public_v1,O1,p02289,bundle_post_opt_4_custom_cleanup,True,srem,1,1,0
public_v1,O1,p02289,bundle_post_opt_4_custom_cleanup,True,store,319,302,-17
public_v1,O1,p02289,bundle_post_opt_4_custom_cleanup,True,sub,22,19,-3
public_v1,O1,p02289,bundle_post_opt_4_custom_cleanup,True,switch,7,7,0
public_v1,O1,p02289,bundle_post_opt_4_custom_cleanup,True,trunc,24,24,0
public_v1,O1,p02289,bundle_post_opt_4_custom_cleanup,True,xor,49,49,0
public_v1,O1,p02289,bundle_post_opt_4_custom_cleanup,True,zext,49,49,0
public_v1,O1,p02474,main_default_opt_1,True,add,54,21,-33
public_v1,O1,p02474,main_default_opt_1,True,alloca,5,1,-4
public_v1,O1,p02474,main_default_opt_1,True,and,12,8,-4
public_v1,O1,p02474,main_default_opt_1,True,br,27,24,-3
public_v1,O1,p02474,main_default_opt_1,True,call,17,8,-9
public_v1,O1,p02474,main_default_opt_1,True,extractvalue,13,0,-13
public_v1,O1,p02474,main_default_opt_1,True,getelementptr,83,39,-44
public_v1,O1,p02474,main_default_opt_1,True,icmp,28,20,-8
public_v1,O1,p02474,main_default_opt_1,True,insertvalue,23,0,-23
public_v1,O1,p02474,main_default_opt_1,True,inttoptr,2,0,-2
public_v1,O1,p02474,main_default_opt_1,True,load,81,34,-47
public_v1,O1,p02474,main_default_opt_1,True,lshr,2,2,0
public_v1,O1,p02474,main_default_opt_1,True,mul,3,2,-1
public_v1,O1,p02474,main_default_opt_1,True,or,7,5,-2
public_v1,O1,p02474,main_default_opt_1,True,phi,5,11,6
public_v1,O1,p02474,main_default_opt_1,True,ptrtoint,5,4,-1
public_v1,O1,p02474,main_default_opt_1,True,ret,3,2,-1
public_v1,O1,p02474,main_default_opt_1,True,sdiv,1,1,0
public_v1,O1,p02474,main_default_opt_1,True,select,17,7,-10
public_v1,O1,p02474,main_default_opt_1,True,sext,18,8,-10
public_v1,O1,p02474,main_default_opt_1,True,shl,9,8,-1
public_v1,O1,p02474,main_default_opt_1,True,srem,1,1,0
public_v1,O1,p02474,main_default_opt_1,True,store,177,104,-73
public_v1,O1,p02474,main_default_opt_1,True,sub,25,0,-25
public_v1,O1,p02474,main_default_opt_1,True,trunc,8,10,2
public_v1,O1,p02474,main_default_opt_1,True,xor,11,8,-3
public_v1,O1,p02474,main_default_opt_1,True,zext,22,17,-5
public_v1,O1,p02474,main_default_opt_2,True,add,17,17,0
public_v1,O1,p02474,main_default_opt_2,True,alloca,1,0,-1
public_v1,O1,p02474,main_default_opt_2,True,and,9,2,-7
public_v1,O1,p02474,main_default_opt_2,True,ashr,0,2,2
public_v1,O1,p02474,main_default_opt_2,True,br,24,19,-5
public_v1,O1,p02474,main_default_opt_2,True,call,6,6,0
public_v1,O1,p02474,main_default_opt_2,True,getelementptr,38,15,-23
public_v1,O1,p02474,main_default_opt_2,True,icmp,16,15,-1
public_v1,O1,p02474,main_default_opt_2,True,load,21,13,-8
public_v1,O1,p02474,main_default_opt_2,True,mul,1,1,0
public_v1,O1,p02474,main_default_opt_2,True,or,8,0,-8
public_v1,O1,p02474,main_default_opt_2,True,phi,10,9,-1
public_v1,O1,p02474,main_default_opt_2,True,ret,2,2,0
public_v1,O1,p02474,main_default_opt_2,True,sdiv,1,1,0
public_v1,O1,p02474,main_default_opt_2,True,select,7,2,-5
public_v1,O1,p02474,main_default_opt_2,True,sext,8,6,-2
public_v1,O1,p02474,main_default_opt_2,True,shl,8,10,2
public_v1,O1,p02474,main_default_opt_2,True,srem,1,1,0
public_v1,O1,p02474,main_default_opt_2,True,store,76,5,-71
public_v1,O1,p02474,main_default_opt_2,True,trunc,7,7,0
public_v1,O1,p02474,main_default_opt_2,True,xor,2,3,1
public_v1,O1,p02474,main_default_opt_2,True,zext,5,5,0
public_v1,O1,p02474,bundle_default_opt_3,True,add,17,17,0
public_v1,O1,p02474,bundle_default_opt_3,True,and,2,2,0
public_v1,O1,p02474,bundle_default_opt_3,True,ashr,2,2,0
public_v1,O1,p02474,bundle_default_opt_3,True,br,19,19,0
public_v1,O1,p02474,bundle_default_opt_3,True,call,6,6,0
public_v1,O1,p02474,bundle_default_opt_3,True,getelementptr,15,15,0
public_v1,O1,p02474,bundle_default_opt_3,True,icmp,15,15,0
public_v1,O1,p02474,bundle_default_opt_3,True,load,13,13,0
public_v1,O1,p02474,bundle_default_opt_3,True,mul,1,1,0
public_v1,O1,p02474,bundle_default_opt_3,True,phi,9,9,0
public_v1,O1,p02474,bundle_default_opt_3,True,ret,2,2,0
public_v1,O1,p02474,bundle_default_opt_3,True,sdiv,1,1,0
public_v1,O1,p02474,bundle_default_opt_3,True,select,2,2,0
public_v1,O1,p02474,bundle_default_opt_3,True,sext,6,6,0
public_v1,O1,p02474,bundle_default_opt_3,True,shl,10,10,0
public_v1,O1,p02474,bundle_default_opt_3,True,srem,1,1,0
public_v1,O1,p02474,bundle_default_opt_3,True,store,5,5,0
public_v1,O1,p02474,bundle_default_opt_3,True,trunc,7,7,0
public_v1,O1,p02474,bundle_default_opt_3,True,xor,3,3,0
public_v1,O1,p02474,bundle_default_opt_3,True,zext,5,3,-2
public_v1,O1,p02474,bundle_default_opt_4,True,add,17,17,0
public_v1,O1,p02474,bundle_default_opt_4,True,and,2,2,0
public_v1,O1,p02474,bundle_default_opt_4,True,ashr,2,2,0
public_v1,O1,p02474,bundle_default_opt_4,True,br,19,19,0
public_v1,O1,p02474,bundle_default_opt_4,True,call,6,6,0
public_v1,O1,p02474,bundle_default_opt_4,True,getelementptr,15,15,0
public_v1,O1,p02474,bundle_default_opt_4,True,icmp,15,15,0
public_v1,O1,p02474,bundle_default_opt_4,True,load,13,13,0
public_v1,O1,p02474,bundle_default_opt_4,True,mul,1,1,0
public_v1,O1,p02474,bundle_default_opt_4,True,phi,9,9,0
public_v1,O1,p02474,bundle_default_opt_4,True,ret,2,2,0
public_v1,O1,p02474,bundle_default_opt_4,True,sdiv,1,1,0
public_v1,O1,p02474,bundle_default_opt_4,True,select,2,2,0
public_v1,O1,p02474,bundle_default_opt_4,True,sext,6,6,0
public_v1,O1,p02474,bundle_default_opt_4,True,shl,10,10,0
public_v1,O1,p02474,bundle_default_opt_4,True,srem,1,1,0
public_v1,O1,p02474,bundle_default_opt_4,True,store,5,5,0
public_v1,O1,p02474,bundle_default_opt_4,True,trunc,7,7,0
public_v1,O1,p02474,bundle_default_opt_4,True,xor,3,3,0
public_v1,O1,p02474,bundle_default_opt_4,True,zext,3,3,0
public_v1,O1,p02474,bundle_post_opt_4_custom_cleanup,True,add,17,17,0
public_v1,O1,p02474,bundle_post_opt_4_custom_cleanup,True,and,2,2,0
public_v1,O1,p02474,bundle_post_opt_4_custom_cleanup,True,ashr,2,2,0
public_v1,O1,p02474,bundle_post_opt_4_custom_cleanup,True,br,19,19,0
public_v1,O1,p02474,bundle_post_opt_4_custom_cleanup,True,call,6,6,0
public_v1,O1,p02474,bundle_post_opt_4_custom_cleanup,True,getelementptr,15,15,0
public_v1,O1,p02474,bundle_post_opt_4_custom_cleanup,True,icmp,15,15,0
public_v1,O1,p02474,bundle_post_opt_4_custom_cleanup,True,load,13,13,0
public_v1,O1,p02474,bundle_post_opt_4_custom_cleanup,True,mul,1,1,0
public_v1,O1,p02474,bundle_post_opt_4_custom_cleanup,True,phi,9,9,0
public_v1,O1,p02474,bundle_post_opt_4_custom_cleanup,True,ret,2,2,0
public_v1,O1,p02474,bundle_post_opt_4_custom_cleanup,True,sdiv,1,1,0
public_v1,O1,p02474,bundle_post_opt_4_custom_cleanup,True,select,2,2,0
public_v1,O1,p02474,bundle_post_opt_4_custom_cleanup,True,sext,6,6,0
public_v1,O1,p02474,bundle_post_opt_4_custom_cleanup,True,shl,10,10,0
public_v1,O1,p02474,bundle_post_opt_4_custom_cleanup,True,srem,1,1,0
public_v1,O1,p02474,bundle_post_opt_4_custom_cleanup,True,store,5,5,0
public_v1,O1,p02474,bundle_post_opt_4_custom_cleanup,True,trunc,7,7,0
public_v1,O1,p02474,bundle_post_opt_4_custom_cleanup,True,xor,3,3,0
public_v1,O1,p02474,bundle_post_opt_4_custom_cleanup,True,zext,3,3,0
public_v1,O1,p02477,main_default_opt_1,True,add,316,210,-106
public_v1,O1,p02477,main_default_opt_1,True,alloca,1,1,0
public_v1,O1,p02477,main_default_opt_1,True,and,144,111,-33
public_v1,O1,p02477,main_default_opt_1,True,br,127,120,-7
public_v1,O1,p02477,main_default_opt_1,True,call,15,9,-6
public_v1,O1,p02477,main_default_opt_1,True,extractvalue,42,18,-24
public_v1,O1,p02477,main_default_opt_1,True,freeze,2,2,0
public_v1,O1,p02477,main_default_opt_1,True,getelementptr,310,199,-111
public_v1,O1,p02477,main_default_opt_1,True,icmp,179,150,-29
public_v1,O1,p02477,main_default_opt_1,True,insertvalue,59,11,-48
public_v1,O1,p02477,main_default_opt_1,True,inttoptr,46,41,-5
public_v1,O1,p02477,main_default_opt_1,True,load,262,238,-24
public_v1,O1,p02477,main_default_opt_1,True,lshr,13,3,-10
public_v1,O1,p02477,main_default_opt_1,True,mul,41,41,0
public_v1,O1,p02477,main_default_opt_1,True,or,114,87,-27
public_v1,O1,p02477,main_default_opt_1,True,phi,48,32,-16
public_v1,O1,p02477,main_default_opt_1,True,ptrtoint,8,3,-5
public_v1,O1,p02477,main_default_opt_1,True,ret,6,4,-2
public_v1,O1,p02477,main_default_opt_1,True,sdiv,2,2,0
public_v1,O1,p02477,main_default_opt_1,True,select,115,107,-8
public_v1,O1,p02477,main_default_opt_1,True,sext,29,25,-4
public_v1,O1,p02477,main_default_opt_1,True,shl,11,4,-7
public_v1,O1,p02477,main_default_opt_1,True,srem,3,3,0
public_v1,O1,p02477,main_default_opt_1,True,store,306,254,-52
public_v1,O1,p02477,main_default_opt_1,True,sub,115,54,-61
public_v1,O1,p02477,main_default_opt_1,True,switch,6,3,-3
public_v1,O1,p02477,main_default_opt_1,True,trunc,32,20,-12
public_v1,O1,p02477,main_default_opt_1,True,udiv,2,2,0
public_v1,O1,p02477,main_default_opt_1,True,urem,2,2,0
public_v1,O1,p02477,main_default_opt_1,True,xor,89,74,-15
public_v1,O1,p02477,main_default_opt_1,True,zext,149,125,-24
public_v1,O1,p02477,main_default_opt_2,True,add,210,187,-23
public_v1,O1,p02477,main_default_opt_2,True,alloca,1,1,0
public_v1,O1,p02477,main_default_opt_2,True,and,104,98,-6
public_v1,O1,p02477,main_default_opt_2,True,br,120,120,0
public_v1,O1,p02477,main_default_opt_2,True,call,9,9,0
public_v1,O1,p02477,main_default_opt_2,True,extractvalue,18,18,0
public_v1,O1,p02477,main_default_opt_2,True,freeze,2,2,0
public_v1,O1,p02477,main_default_opt_2,True,getelementptr,199,153,-46
public_v1,O1,p02477,main_default_opt_2,True,icmp,150,143,-7
public_v1,O1,p02477,main_default_opt_2,True,insertvalue,11,11,0
public_v1,O1,p02477,main_default_opt_2,True,inttoptr,41,39,-2
public_v1,O1,p02477,main_default_opt_2,True,load,235,215,-20
public_v1,O1,p02477,main_default_opt_2,True,lshr,3,3,0
public_v1,O1,p02477,main_default_opt_2,True,mul,41,41,0
public_v1,O1,p02477,main_default_opt_2,True,or,78,78,0
public_v1,O1,p02477,main_default_opt_2,True,phi,30,34,4
public_v1,O1,p02477,main_default_opt_2,True,ptrtoint,3,3,0
public_v1,O1,p02477,main_default_opt_2,True,ret,4,4,0
public_v1,O1,p02477,main_default_opt_2,True,sdiv,2,2,0
public_v1,O1,p02477,main_default_opt_2,True,select,107,103,-4
public_v1,O1,p02477,main_default_opt_2,True,sext,25,25,0
public_v1,O1,p02477,main_default_opt_2,True,shl,4,4,0
public_v1,O1,p02477,main_default_opt_2,True,srem,3,3,0
public_v1,O1,p02477,main_default_opt_2,True,store,251,226,-25
public_v1,O1,p02477,main_default_opt_2,True,sub,54,15,-39
public_v1,O1,p02477,main_default_opt_2,True,switch,3,3,0
public_v1,O1,p02477,main_default_opt_2,True,trunc,20,20,0
public_v1,O1,p02477,main_default_opt_2,True,udiv,2,2,0
public_v1,O1,p02477,main_default_opt_2,True,urem,2,2,0
public_v1,O1,p02477,main_default_opt_2,True,xor,74,74,0
public_v1,O1,p02477,main_default_opt_2,True,zext,125,125,0
public_v1,O1,p02477,bundle_default_opt_3,True,add,101,93,-8
public_v1,O1,p02477,bundle_default_opt_3,True,alloca,1,1,0
public_v1,O1,p02477,bundle_default_opt_3,True,and,98,98,0
public_v1,O1,p02477,bundle_default_opt_3,True,br,120,119,-1
public_v1,O1,p02477,bundle_default_opt_3,True,call,48,47,-1
public_v1,O1,p02477,bundle_default_opt_3,True,extractvalue,14,14,0
public_v1,O1,p02477,bundle_default_opt_3,True,freeze,2,2,0
public_v1,O1,p02477,bundle_default_opt_3,True,getelementptr,79,77,-2
public_v1,O1,p02477,bundle_default_opt_3,True,icmp,67,68,1
public_v1,O1,p02477,bundle_default_opt_3,True,insertvalue,11,9,-2
public_v1,O1,p02477,bundle_default_opt_3,True,inttoptr,1,1,0
public_v1,O1,p02477,bundle_default_opt_3,True,load,194,192,-2
public_v1,O1,p02477,bundle_default_opt_3,True,lshr,3,3,0
public_v1,O1,p02477,bundle_default_opt_3,True,mul,41,41,0
public_v1,O1,p02477,bundle_default_opt_3,True,or,78,78,0
public_v1,O1,p02477,bundle_default_opt_3,True,phi,34,33,-1
public_v1,O1,p02477,bundle_default_opt_3,True,ptrtoint,11,1,-10
public_v1,O1,p02477,bundle_default_opt_3,True,ret,5,5,0
public_v1,O1,p02477,bundle_default_opt_3,True,sdiv,2,2,0
public_v1,O1,p02477,bundle_default_opt_3,True,select,27,28,1
public_v1,O1,p02477,bundle_default_opt_3,True,sext,25,25,0
public_v1,O1,p02477,bundle_default_opt_3,True,shl,4,4,0
public_v1,O1,p02477,bundle_default_opt_3,True,srem,3,3,0
public_v1,O1,p02477,bundle_default_opt_3,True,store,226,234,8
public_v1,O1,p02477,bundle_default_opt_3,True,sub,6,2,-4
public_v1,O1,p02477,bundle_default_opt_3,True,switch,3,3,0
public_v1,O1,p02477,bundle_default_opt_3,True,trunc,20,20,0
public_v1,O1,p02477,bundle_default_opt_3,True,udiv,2,2,0
public_v1,O1,p02477,bundle_default_opt_3,True,urem,2,2,0
public_v1,O1,p02477,bundle_default_opt_3,True,xor,74,74,0
public_v1,O1,p02477,bundle_default_opt_3,True,zext,125,126,1
public_v1,O1,p02477,bundle_default_opt_4,True,add,93,91,-2
public_v1,O1,p02477,bundle_default_opt_4,True,alloca,1,1,0
public_v1,O1,p02477,bundle_default_opt_4,True,and,98,98,0
public_v1,O1,p02477,bundle_default_opt_4,True,br,119,119,0
public_v1,O1,p02477,bundle_default_opt_4,True,call,47,47,0
public_v1,O1,p02477,bundle_default_opt_4,True,extractvalue,14,14,0
public_v1,O1,p02477,bundle_default_opt_4,True,freeze,2,2,0
public_v1,O1,p02477,bundle_default_opt_4,True,getelementptr,77,65,-12
public_v1,O1,p02477,bundle_default_opt_4,True,icmp,68,68,0
public_v1,O1,p02477,bundle_default_opt_4,True,insertvalue,9,9,0
public_v1,O1,p02477,bundle_default_opt_4,True,inttoptr,1,1,0
public_v1,O1,p02477,bundle_default_opt_4,True,load,192,192,0
public_v1,O1,p02477,bundle_default_opt_4,True,lshr,3,3,0
public_v1,O1,p02477,bundle_default_opt_4,True,mul,41,41,0
public_v1,O1,p02477,bundle_default_opt_4,True,or,78,78,0
public_v1,O1,p02477,bundle_default_opt_4,True,phi,33,33,0
public_v1,O1,p02477,bundle_default_opt_4,True,ptrtoint,1,1,0
public_v1,O1,p02477,bundle_default_opt_4,True,ret,5,5,0
public_v1,O1,p02477,bundle_default_opt_4,True,sdiv,2,2,0
public_v1,O1,p02477,bundle_default_opt_4,True,select,28,28,0
public_v1,O1,p02477,bundle_default_opt_4,True,sext,25,25,0
public_v1,O1,p02477,bundle_default_opt_4,True,shl,4,4,0
public_v1,O1,p02477,bundle_default_opt_4,True,srem,3,3,0
public_v1,O1,p02477,bundle_default_opt_4,True,store,234,234,0
public_v1,O1,p02477,bundle_default_opt_4,True,sub,2,2,0
public_v1,O1,p02477,bundle_default_opt_4,True,switch,3,3,0
public_v1,O1,p02477,bundle_default_opt_4,True,trunc,20,20,0
public_v1,O1,p02477,bundle_default_opt_4,True,udiv,2,2,0
public_v1,O1,p02477,bundle_default_opt_4,True,urem,2,2,0
public_v1,O1,p02477,bundle_default_opt_4,True,xor,74,74,0
public_v1,O1,p02477,bundle_default_opt_4,True,zext,126,126,0
public_v1,O1,p02477,bundle_post_opt_4_custom_cleanup,True,add,91,91,0
public_v1,O1,p02477,bundle_post_opt_4_custom_cleanup,True,alloca,1,1,0
public_v1,O1,p02477,bundle_post_opt_4_custom_cleanup,True,and,98,98,0
public_v1,O1,p02477,bundle_post_opt_4_custom_cleanup,True,br,119,118,-1
public_v1,O1,p02477,bundle_post_opt_4_custom_cleanup,True,call,47,47,0
public_v1,O1,p02477,bundle_post_opt_4_custom_cleanup,True,extractvalue,14,14,0
public_v1,O1,p02477,bundle_post_opt_4_custom_cleanup,True,freeze,2,2,0
public_v1,O1,p02477,bundle_post_opt_4_custom_cleanup,True,getelementptr,65,64,-1
public_v1,O1,p02477,bundle_post_opt_4_custom_cleanup,True,icmp,68,68,0
public_v1,O1,p02477,bundle_post_opt_4_custom_cleanup,True,insertvalue,9,9,0
public_v1,O1,p02477,bundle_post_opt_4_custom_cleanup,True,inttoptr,1,1,0
public_v1,O1,p02477,bundle_post_opt_4_custom_cleanup,True,load,192,182,-10
public_v1,O1,p02477,bundle_post_opt_4_custom_cleanup,True,lshr,3,3,0
public_v1,O1,p02477,bundle_post_opt_4_custom_cleanup,True,mul,41,41,0
public_v1,O1,p02477,bundle_post_opt_4_custom_cleanup,True,or,78,78,0
public_v1,O1,p02477,bundle_post_opt_4_custom_cleanup,True,phi,33,46,13
public_v1,O1,p02477,bundle_post_opt_4_custom_cleanup,True,ptrtoint,1,1,0
public_v1,O1,p02477,bundle_post_opt_4_custom_cleanup,True,ret,5,5,0
public_v1,O1,p02477,bundle_post_opt_4_custom_cleanup,True,sdiv,2,2,0
public_v1,O1,p02477,bundle_post_opt_4_custom_cleanup,True,select,28,24,-4
public_v1,O1,p02477,bundle_post_opt_4_custom_cleanup,True,sext,25,25,0
public_v1,O1,p02477,bundle_post_opt_4_custom_cleanup,True,shl,4,4,0
public_v1,O1,p02477,bundle_post_opt_4_custom_cleanup,True,srem,3,3,0
public_v1,O1,p02477,bundle_post_opt_4_custom_cleanup,True,store,234,196,-38
public_v1,O1,p02477,bundle_post_opt_4_custom_cleanup,True,sub,2,2,0
public_v1,O1,p02477,bundle_post_opt_4_custom_cleanup,True,switch,3,3,0
public_v1,O1,p02477,bundle_post_opt_4_custom_cleanup,True,trunc,20,20,0
public_v1,O1,p02477,bundle_post_opt_4_custom_cleanup,True,udiv,2,2,0
public_v1,O1,p02477,bundle_post_opt_4_custom_cleanup,True,urem,2,2,0
public_v1,O1,p02477,bundle_post_opt_4_custom_cleanup,True,xor,74,74,0
public_v1,O1,p02477,bundle_post_opt_4_custom_cleanup,True,zext,126,126,0
public_v1,O1,p02788,main_default_opt_1,True,add,440,304,-136
public_v1,O1,p02788,main_default_opt_1,True,alloca,3,1,-2
public_v1,O1,p02788,main_default_opt_1,True,and,227,140,-87
public_v1,O1,p02788,main_default_opt_1,True,ashr,15,15,0
public_v1,O1,p02788,main_default_opt_1,True,br,129,144,15
public_v1,O1,p02788,main_default_opt_1,True,call,68,38,-30
public_v1,O1,p02788,main_default_opt_1,True,extractvalue,200,106,-94
public_v1,O1,p02788,main_default_opt_1,True,getelementptr,523,407,-116
public_v1,O1,p02788,main_default_opt_1,True,icmp,269,203,-66
public_v1,O1,p02788,main_default_opt_1,True,insertvalue,123,32,-91
public_v1,O1,p02788,main_default_opt_1,True,inttoptr,65,65,0
public_v1,O1,p02788,main_default_opt_1,True,load,394,364,-30
public_v1,O1,p02788,main_default_opt_1,True,lshr,62,5,-57
public_v1,O1,p02788,main_default_opt_1,True,mul,40,37,-3
public_v1,O1,p02788,main_default_opt_1,True,or,125,113,-12
public_v1,O1,p02788,main_default_opt_1,True,phi,93,100,7
public_v1,O1,p02788,main_default_opt_1,True,ptrtoint,12,8,-4
public_v1,O1,p02788,main_default_opt_1,True,ret,10,8,-2
public_v1,O1,p02788,main_default_opt_1,True,sdiv,2,2,0
public_v1,O1,p02788,main_default_opt_1,True,select,155,155,0
public_v1,O1,p02788,main_default_opt_1,True,sext,45,40,-5
public_v1,O1,p02788,main_default_opt_1,True,shl,57,57,0
public_v1,O1,p02788,main_default_opt_1,True,store,363,314,-49
public_v1,O1,p02788,main_default_opt_1,True,sub,155,96,-59
public_v1,O1,p02788,main_default_opt_1,True,switch,10,5,-5
public_v1,O1,p02788,main_default_opt_1,True,trunc,140,43,-97
public_v1,O1,p02788,main_default_opt_1,True,unreachable,4,4,0
public_v1,O1,p02788,main_default_opt_1,True,xor,145,75,-70
public_v1,O1,p02788,main_default_opt_1,True,zext,318,202,-116
public_v1,O1,p02788,main_default_opt_2,True,add,293,271,-22
public_v1,O1,p02788,main_default_opt_2,True,alloca,1,1,0
public_v1,O1,p02788,main_default_opt_2,True,and,92,86,-6
public_v1,O1,p02788,main_default_opt_2,True,ashr,15,15,0
public_v1,O1,p02788,main_default_opt_2,True,br,144,121,-23
public_v1,O1,p02788,main_default_opt_2,True,call,38,38,0
public_v1,O1,p02788,main_default_opt_2,True,extractvalue,89,88,-1
public_v1,O1,p02788,main_default_opt_2,True,getelementptr,407,323,-84
public_v1,O1,p02788,main_default_opt_2,True,icmp,191,187,-4
public_v1,O1,p02788,main_default_opt_2,True,insertvalue,32,27,-5
public_v1,O1,p02788,main_default_opt_2,True,inttoptr,65,64,-1
public_v1,O1,p02788,main_default_opt_2,True,load,339,309,-30
public_v1,O1,p02788,main_default_opt_2,True,lshr,5,5,0
public_v1,O1,p02788,main_default_opt_2,True,mul,26,25,-1
public_v1,O1,p02788,main_default_opt_2,True,or,64,61,-3
public_v1,O1,p02788,main_default_opt_2,True,phi,87,72,-15
public_v1,O1,p02788,main_default_opt_2,True,ptrtoint,7,7,0
public_v1,O1,p02788,main_default_opt_2,True,ret,8,8,0
public_v1,O1,p02788,main_default_opt_2,True,sdiv,2,2,0
public_v1,O1,p02788,main_default_opt_2,True,select,155,154,-1
public_v1,O1,p02788,main_default_opt_2,True,sext,40,39,-1
public_v1,O1,p02788,main_default_opt_2,True,shl,57,55,-2
public_v1,O1,p02788,main_default_opt_2,True,store,312,270,-42
public_v1,O1,p02788,main_default_opt_2,True,sub,96,48,-48
public_v1,O1,p02788,main_default_opt_2,True,switch,5,5,0
public_v1,O1,p02788,main_default_opt_2,True,trunc,43,43,0
public_v1,O1,p02788,main_default_opt_2,True,unreachable,4,4,0
public_v1,O1,p02788,main_default_opt_2,True,xor,48,51,3
public_v1,O1,p02788,main_default_opt_2,True,zext,158,150,-8
public_v1,O1,p02788,bundle_default_opt_3,True,add,120,104,-16
public_v1,O1,p02788,bundle_default_opt_3,True,alloca,1,1,0
public_v1,O1,p02788,bundle_default_opt_3,True,and,82,82,0
public_v1,O1,p02788,bundle_default_opt_3,True,ashr,11,13,2
public_v1,O1,p02788,bundle_default_opt_3,True,br,105,112,7
public_v1,O1,p02788,bundle_default_opt_3,True,call,96,94,-2
public_v1,O1,p02788,bundle_default_opt_3,True,extractvalue,65,61,-4
public_v1,O1,p02788,bundle_default_opt_3,True,getelementptr,205,194,-11
public_v1,O1,p02788,bundle_default_opt_3,True,icmp,61,64,3
public_v1,O1,p02788,bundle_default_opt_3,True,insertvalue,27,21,-6
public_v1,O1,p02788,bundle_default_opt_3,True,inttoptr,1,1,0
public_v1,O1,p02788,bundle_default_opt_3,True,load,276,256,-20
public_v1,O1,p02788,bundle_default_opt_3,True,lshr,5,5,0
public_v1,O1,p02788,bundle_default_opt_3,True,mul,25,25,0
public_v1,O1,p02788,bundle_default_opt_3,True,or,59,59,0
public_v1,O1,p02788,bundle_default_opt_3,True,phi,46,54,8
public_v1,O1,p02788,bundle_default_opt_3,True,ptrtoint,46,9,-37
public_v1,O1,p02788,bundle_default_opt_3,True,ret,9,8,-1
public_v1,O1,p02788,bundle_default_opt_3,True,sdiv,2,2,0
public_v1,O1,p02788,bundle_default_opt_3,True,select,28,27,-1
public_v1,O1,p02788,bundle_default_opt_3,True,sext,37,37,0
public_v1,O1,p02788,bundle_default_opt_3,True,shl,45,47,2
public_v1,O1,p02788,bundle_default_opt_3,True,store,256,237,-19
public_v1,O1,p02788,bundle_default_opt_3,True,sub,37,27,-10
public_v1,O1,p02788,bundle_default_opt_3,True,switch,3,3,0
public_v1,O1,p02788,bundle_default_opt_3,True,trunc,43,41,-2
public_v1,O1,p02788,bundle_default_opt_3,True,unreachable,4,4,0
public_v1,O1,p02788,bundle_default_opt_3,True,xor,51,50,-1
public_v1,O1,p02788,bundle_default_opt_3,True,zext,127,124,-3
public_v1,O1,p02788,bundle_default_opt_4,True,add,104,107,3
public_v1,O1,p02788,bundle_default_opt_4,True,alloca,1,1,0
public_v1,O1,p02788,bundle_default_opt_4,True,and,82,80,-2
public_v1,O1,p02788,bundle_default_opt_4,True,ashr,13,13,0
public_v1,O1,p02788,bundle_default_opt_4,True,br,112,116,4
public_v1,O1,p02788,bundle_default_opt_4,True,call,94,91,-3
public_v1,O1,p02788,bundle_default_opt_4,True,extractvalue,61,61,0
public_v1,O1,p02788,bundle_default_opt_4,True,getelementptr,194,186,-8
public_v1,O1,p02788,bundle_default_opt_4,True,icmp,64,66,2
public_v1,O1,p02788,bundle_default_opt_4,True,insertvalue,21,21,0
public_v1,O1,p02788,bundle_default_opt_4,True,inttoptr,1,1,0
public_v1,O1,p02788,bundle_default_opt_4,True,load,256,280,24
public_v1,O1,p02788,bundle_default_opt_4,True,lshr,5,5,0
public_v1,O1,p02788,bundle_default_opt_4,True,mul,25,27,2
public_v1,O1,p02788,bundle_default_opt_4,True,or,59,59,0
public_v1,O1,p02788,bundle_default_opt_4,True,phi,54,54,0
public_v1,O1,p02788,bundle_default_opt_4,True,ptrtoint,9,9,0
public_v1,O1,p02788,bundle_default_opt_4,True,ret,8,7,-1
public_v1,O1,p02788,bundle_default_opt_4,True,sdiv,2,2,0
public_v1,O1,p02788,bundle_default_opt_4,True,select,27,29,2
public_v1,O1,p02788,bundle_default_opt_4,True,sext,37,51,14
public_v1,O1,p02788,bundle_default_opt_4,True,shl,47,63,16
public_v1,O1,p02788,bundle_default_opt_4,True,store,237,269,32
public_v1,O1,p02788,bundle_default_opt_4,True,sub,27,23,-4
public_v1,O1,p02788,bundle_default_opt_4,True,switch,3,3,0
public_v1,O1,p02788,bundle_default_opt_4,True,trunc,41,41,0
public_v1,O1,p02788,bundle_default_opt_4,True,unreachable,4,4,0
public_v1,O1,p02788,bundle_default_opt_4,True,xor,50,50,0
public_v1,O1,p02788,bundle_default_opt_4,True,zext,124,120,-4
public_v1,O1,p02788,bundle_post_opt_4_custom_cleanup,True,add,107,107,0
public_v1,O1,p02788,bundle_post_opt_4_custom_cleanup,True,alloca,1,1,0
public_v1,O1,p02788,bundle_post_opt_4_custom_cleanup,True,and,80,80,0
public_v1,O1,p02788,bundle_post_opt_4_custom_cleanup,True,ashr,13,13,0
public_v1,O1,p02788,bundle_post_opt_4_custom_cleanup,True,br,116,115,-1
public_v1,O1,p02788,bundle_post_opt_4_custom_cleanup,True,call,91,91,0
public_v1,O1,p02788,bundle_post_opt_4_custom_cleanup,True,extractvalue,61,61,0
public_v1,O1,p02788,bundle_post_opt_4_custom_cleanup,True,getelementptr,186,183,-3
public_v1,O1,p02788,bundle_post_opt_4_custom_cleanup,True,icmp,66,66,0
public_v1,O1,p02788,bundle_post_opt_4_custom_cleanup,True,insertvalue,21,21,0
public_v1,O1,p02788,bundle_post_opt_4_custom_cleanup,True,inttoptr,1,1,0
public_v1,O1,p02788,bundle_post_opt_4_custom_cleanup,True,load,280,275,-5
public_v1,O1,p02788,bundle_post_opt_4_custom_cleanup,True,lshr,5,5,0
public_v1,O1,p02788,bundle_post_opt_4_custom_cleanup,True,mul,27,27,0
public_v1,O1,p02788,bundle_post_opt_4_custom_cleanup,True,or,59,60,1
public_v1,O1,p02788,bundle_post_opt_4_custom_cleanup,True,phi,54,64,10
public_v1,O1,p02788,bundle_post_opt_4_custom_cleanup,True,ptrtoint,9,9,0
public_v1,O1,p02788,bundle_post_opt_4_custom_cleanup,True,ret,7,7,0
public_v1,O1,p02788,bundle_post_opt_4_custom_cleanup,True,sdiv,2,2,0
public_v1,O1,p02788,bundle_post_opt_4_custom_cleanup,True,select,29,24,-5
public_v1,O1,p02788,bundle_post_opt_4_custom_cleanup,True,sext,51,51,0
public_v1,O1,p02788,bundle_post_opt_4_custom_cleanup,True,shl,63,63,0
public_v1,O1,p02788,bundle_post_opt_4_custom_cleanup,True,store,269,224,-45
public_v1,O1,p02788,bundle_post_opt_4_custom_cleanup,True,sub,23,23,0
public_v1,O1,p02788,bundle_post_opt_4_custom_cleanup,True,switch,3,3,0
public_v1,O1,p02788,bundle_post_opt_4_custom_cleanup,True,trunc,41,41,0
public_v1,O1,p02788,bundle_post_opt_4_custom_cleanup,True,unreachable,4,4,0
public_v1,O1,p02788,bundle_post_opt_4_custom_cleanup,True,xor,50,50,0
public_v1,O1,p02788,bundle_post_opt_4_custom_cleanup,True,zext,120,120,0
public_v1,O1,p02814,main_default_opt_1,False,add,400,275,-125
public_v1,O1,p02814,main_default_opt_1,False,alloca,16,8,-8
public_v1,O1,p02814,main_default_opt_1,False,and,138,65,-73
public_v1,O1,p02814,main_default_opt_1,False,ashr,2,2,0
public_v1,O1,p02814,main_default_opt_1,False,br,75,73,-2
public_v1,O1,p02814,main_default_opt_1,False,call,75,50,-25
public_v1,O1,p02814,main_default_opt_1,False,extractvalue,72,23,-49
public_v1,O1,p02814,main_default_opt_1,False,getelementptr,739,445,-294
public_v1,O1,p02814,main_default_opt_1,False,icmp,330,258,-72
public_v1,O1,p02814,main_default_opt_1,False,insertvalue,115,21,-94
public_v1,O1,p02814,main_default_opt_1,False,inttoptr,79,65,-14
public_v1,O1,p02814,main_default_opt_1,False,load,227,190,-37
public_v1,O1,p02814,main_default_opt_1,False,lshr,23,0,-23
public_v1,O1,p02814,main_default_opt_1,False,mul,23,22,-1
public_v1,O1,p02814,main_default_opt_1,False,or,66,44,-22
public_v1,O1,p02814,main_default_opt_1,False,phi,46,33,-13
public_v1,O1,p02814,main_default_opt_1,False,ptrtoint,28,14,-14
public_v1,O1,p02814,main_default_opt_1,False,ret,11,6,-5
public_v1,O1,p02814,main_default_opt_1,False,sdiv,11,11,0
public_v1,O1,p02814,main_default_opt_1,False,select,245,216,-29
public_v1,O1,p02814,main_default_opt_1,False,sext,26,24,-2
public_v1,O1,p02814,main_default_opt_1,False,shl,7,7,0
public_v1,O1,p02814,main_default_opt_1,False,srem,6,6,0
public_v1,O1,p02814,main_default_opt_1,False,store,351,274,-77
public_v1,O1,p02814,main_default_opt_1,False,sub,122,53,-69
public_v1,O1,p02814,main_default_opt_1,False,switch,1,1,0
public_v1,O1,p02814,main_default_opt_1,False,trunc,64,33,-31
public_v1,O1,p02814,main_default_opt_1,False,unreachable,18,18,0
public_v1,O1,p02814,main_default_opt_1,False,xor,70,41,-29
public_v1,O1,p02814,main_default_opt_1,False,zext,122,93,-29
public_v1,O1,p02814,main_default_opt_2,False,add,258,249,-9
public_v1,O1,p02814,main_default_opt_2,False,alloca,8,8,0
public_v1,O1,p02814,main_default_opt_2,False,and,53,19,-34
public_v1,O1,p02814,main_default_opt_2,False,ashr,2,2,0
public_v1,O1,p02814,main_default_opt_2,False,br,73,73,0
public_v1,O1,p02814,main_default_opt_2,False,call,50,50,0
public_v1,O1,p02814,main_default_opt_2,False,extractvalue,22,22,0
public_v1,O1,p02814,main_default_opt_2,False,getelementptr,455,408,-47
public_v1,O1,p02814,main_default_opt_2,False,icmp,294,238,-56
public_v1,O1,p02814,main_default_opt_2,False,insertvalue,21,17,-4
public_v1,O1,p02814,main_default_opt_2,False,inttoptr,68,64,-4
public_v1,O1,p02814,main_default_opt_2,False,load,172,157,-15
public_v1,O1,p02814,main_default_opt_2,False,mul,13,11,-2
public_v1,O1,p02814,main_default_opt_2,False,or,13,9,-4
public_v1,O1,p02814,main_default_opt_2,False,phi,30,29,-1
public_v1,O1,p02814,main_default_opt_2,False,ptrtoint,19,14,-5
public_v1,O1,p02814,main_default_opt_2,False,ret,6,6,0
public_v1,O1,p02814,main_default_opt_2,False,sdiv,11,11,0
public_v1,O1,p02814,main_default_opt_2,False,select,234,222,-12
public_v1,O1,p02814,main_default_opt_2,False,sext,24,22,-2
public_v1,O1,p02814,main_default_opt_2,False,shl,7,7,0
public_v1,O1,p02814,main_default_opt_2,False,srem,2,2,0
public_v1,O1,p02814,main_default_opt_2,False,store,274,274,0
public_v1,O1,p02814,main_default_opt_2,False,sub,81,23,-58
public_v1,O1,p02814,main_default_opt_2,False,switch,1,1,0
public_v1,O1,p02814,main_default_opt_2,False,trunc,33,30,-3
public_v1,O1,p02814,main_default_opt_2,False,unreachable,18,18,0
public_v1,O1,p02814,main_default_opt_2,False,xor,16,19,3
public_v1,O1,p02814,main_default_opt_2,False,zext,46,42,-4
public_v1,O1,p02814,bundle_default_opt_3,True,add,61,54,-7
public_v1,O1,p02814,bundle_default_opt_3,True,alloca,7,7,0
public_v1,O1,p02814,bundle_default_opt_3,True,and,16,15,-1
public_v1,O1,p02814,bundle_default_opt_3,True,ashr,2,2,0
public_v1,O1,p02814,bundle_default_opt_3,True,br,70,71,1
public_v1,O1,p02814,bundle_default_opt_3,True,call,111,112,1
public_v1,O1,p02814,bundle_default_opt_3,True,extractvalue,8,6,-2
public_v1,O1,p02814,bundle_default_opt_3,True,getelementptr,166,143,-23
public_v1,O1,p02814,bundle_default_opt_3,True,icmp,54,51,-3
public_v1,O1,p02814,bundle_default_opt_3,True,insertvalue,9,5,-4
public_v1,O1,p02814,bundle_default_opt_3,True,inttoptr,3,3,0
public_v1,O1,p02814,bundle_default_opt_3,True,load,148,135,-13
public_v1,O1,p02814,bundle_default_opt_3,True,mul,10,10,0
public_v1,O1,p02814,bundle_default_opt_3,True,or,5,4,-1
public_v1,O1,p02814,bundle_default_opt_3,True,phi,18,19,1
public_v1,O1,p02814,bundle_default_opt_3,True,ptrtoint,18,9,-9
public_v1,O1,p02814,bundle_default_opt_3,True,ret,9,9,0
public_v1,O1,p02814,bundle_default_opt_3,True,sdiv,11,11,0
public_v1,O1,p02814,bundle_default_opt_3,True,select,23,22,-1
public_v1,O1,p02814,bundle_default_opt_3,True,sext,22,22,0
public_v1,O1,p02814,bundle_default_opt_3,True,shl,7,7,0
public_v1,O1,p02814,bundle_default_opt_3,True,srem,2,2,0
public_v1,O1,p02814,bundle_default_opt_3,True,store,228,186,-42
public_v1,O1,p02814,bundle_default_opt_3,True,sub,14,14,0
public_v1,O1,p02814,bundle_default_opt_3,True,switch,1,1,0
public_v1,O1,p02814,bundle_default_opt_3,True,trunc,29,28,-1
public_v1,O1,p02814,bundle_default_opt_3,True,unreachable,18,18,0
public_v1,O1,p02814,bundle_default_opt_3,True,xor,18,16,-2
public_v1,O1,p02814,bundle_default_opt_3,True,zext,35,37,2
public_v1,O1,p02814,bundle_default_opt_4,True,add,54,54,0
public_v1,O1,p02814,bundle_default_opt_4,True,alloca,7,7,0
public_v1,O1,p02814,bundle_default_opt_4,True,and,15,15,0
public_v1,O1,p02814,bundle_default_opt_4,True,ashr,2,2,0
public_v1,O1,p02814,bundle_default_opt_4,True,br,71,71,0
public_v1,O1,p02814,bundle_default_opt_4,True,call,112,112,0
public_v1,O1,p02814,bundle_default_opt_4,True,extractvalue,6,6,0
public_v1,O1,p02814,bundle_default_opt_4,True,getelementptr,143,141,-2
public_v1,O1,p02814,bundle_default_opt_4,True,icmp,51,51,0
public_v1,O1,p02814,bundle_default_opt_4,True,insertvalue,5,5,0
public_v1,O1,p02814,bundle_default_opt_4,True,inttoptr,3,3,0
public_v1,O1,p02814,bundle_default_opt_4,True,load,135,134,-1
public_v1,O1,p02814,bundle_default_opt_4,True,mul,10,10,0
public_v1,O1,p02814,bundle_default_opt_4,True,or,4,4,0
public_v1,O1,p02814,bundle_default_opt_4,True,phi,19,20,1
public_v1,O1,p02814,bundle_default_opt_4,True,ptrtoint,9,9,0
public_v1,O1,p02814,bundle_default_opt_4,True,ret,9,9,0
public_v1,O1,p02814,bundle_default_opt_4,True,sdiv,11,11,0
public_v1,O1,p02814,bundle_default_opt_4,True,select,22,21,-1
public_v1,O1,p02814,bundle_default_opt_4,True,sext,22,22,0
public_v1,O1,p02814,bundle_default_opt_4,True,shl,7,7,0
public_v1,O1,p02814,bundle_default_opt_4,True,srem,2,2,0
public_v1,O1,p02814,bundle_default_opt_4,True,store,186,186,0
public_v1,O1,p02814,bundle_default_opt_4,True,sub,14,13,-1
public_v1,O1,p02814,bundle_default_opt_4,True,switch,1,1,0
public_v1,O1,p02814,bundle_default_opt_4,True,trunc,28,28,0
public_v1,O1,p02814,bundle_default_opt_4,True,unreachable,18,18,0
public_v1,O1,p02814,bundle_default_opt_4,True,xor,16,16,0
public_v1,O1,p02814,bundle_default_opt_4,True,zext,37,37,0
public_v1,O1,p02814,bundle_post_opt_4_custom_cleanup,True,add,54,54,0
public_v1,O1,p02814,bundle_post_opt_4_custom_cleanup,True,alloca,7,7,0
public_v1,O1,p02814,bundle_post_opt_4_custom_cleanup,True,and,15,15,0
public_v1,O1,p02814,bundle_post_opt_4_custom_cleanup,True,ashr,2,2,0
public_v1,O1,p02814,bundle_post_opt_4_custom_cleanup,True,br,71,71,0
public_v1,O1,p02814,bundle_post_opt_4_custom_cleanup,True,call,112,112,0
public_v1,O1,p02814,bundle_post_opt_4_custom_cleanup,True,extractvalue,6,6,0
public_v1,O1,p02814,bundle_post_opt_4_custom_cleanup,True,getelementptr,141,139,-2
public_v1,O1,p02814,bundle_post_opt_4_custom_cleanup,True,icmp,51,51,0
public_v1,O1,p02814,bundle_post_opt_4_custom_cleanup,True,insertvalue,5,5,0
public_v1,O1,p02814,bundle_post_opt_4_custom_cleanup,True,inttoptr,3,3,0
public_v1,O1,p02814,bundle_post_opt_4_custom_cleanup,True,load,134,130,-4
public_v1,O1,p02814,bundle_post_opt_4_custom_cleanup,True,mul,10,10,0
public_v1,O1,p02814,bundle_post_opt_4_custom_cleanup,True,or,4,4,0
public_v1,O1,p02814,bundle_post_opt_4_custom_cleanup,True,phi,20,27,7
public_v1,O1,p02814,bundle_post_opt_4_custom_cleanup,True,ptrtoint,9,9,0
public_v1,O1,p02814,bundle_post_opt_4_custom_cleanup,True,ret,9,9,0
public_v1,O1,p02814,bundle_post_opt_4_custom_cleanup,True,sdiv,11,11,0
public_v1,O1,p02814,bundle_post_opt_4_custom_cleanup,True,select,21,20,-1
public_v1,O1,p02814,bundle_post_opt_4_custom_cleanup,True,sext,22,22,0
public_v1,O1,p02814,bundle_post_opt_4_custom_cleanup,True,shl,7,7,0
public_v1,O1,p02814,bundle_post_opt_4_custom_cleanup,True,srem,2,2,0
public_v1,O1,p02814,bundle_post_opt_4_custom_cleanup,True,store,186,171,-15
public_v1,O1,p02814,bundle_post_opt_4_custom_cleanup,True,sub,13,13,0
public_v1,O1,p02814,bundle_post_opt_4_custom_cleanup,True,switch,1,1,0
public_v1,O1,p02814,bundle_post_opt_4_custom_cleanup,True,trunc,28,28,0
public_v1,O1,p02814,bundle_post_opt_4_custom_cleanup,True,unreachable,18,18,0
public_v1,O1,p02814,bundle_post_opt_4_custom_cleanup,True,xor,16,16,0
public_v1,O1,p02814,bundle_post_opt_4_custom_cleanup,True,zext,37,37,0
public_v1,O1,p02950,main_default_opt_1,True,add,236,116,-120
public_v1,O1,p02950,main_default_opt_1,True,alloca,13,1,-12
public_v1,O1,p02950,main_default_opt_1,True,and,161,126,-35
public_v1,O1,p02950,main_default_opt_1,True,ashr,8,8,0
public_v1,O1,p02950,main_default_opt_1,True,br,116,114,-2
public_v1,O1,p02950,main_default_opt_1,True,call,71,40,-31
public_v1,O1,p02950,main_default_opt_1,True,extractvalue,51,22,-29
public_v1,O1,p02950,main_default_opt_1,True,getelementptr,357,111,-246
public_v1,O1,p02950,main_default_opt_1,True,icmp,173,105,-68
public_v1,O1,p02950,main_default_opt_1,True,insertvalue,37,5,-32
public_v1,O1,p02950,main_default_opt_1,True,inttoptr,24,11,-13
public_v1,O1,p02950,main_default_opt_1,True,load,198,183,-15
public_v1,O1,p02950,main_default_opt_1,True,lshr,18,2,-16
public_v1,O1,p02950,main_default_opt_1,True,mul,36,36,0
public_v1,O1,p02950,main_default_opt_1,True,or,97,94,-3
public_v1,O1,p02950,main_default_opt_1,True,phi,25,22,-3
public_v1,O1,p02950,main_default_opt_1,True,ptrtoint,18,5,-13
public_v1,O1,p02950,main_default_opt_1,True,ret,4,3,-1
public_v1,O1,p02950,main_default_opt_1,True,sdiv,12,12,0
public_v1,O1,p02950,main_default_opt_1,True,select,82,46,-36
public_v1,O1,p02950,main_default_opt_1,True,sext,38,28,-10
public_v1,O1,p02950,main_default_opt_1,True,shl,17,17,0
public_v1,O1,p02950,main_default_opt_1,True,srem,11,10,-1
public_v1,O1,p02950,main_default_opt_1,True,store,324,216,-108
public_v1,O1,p02950,main_default_opt_1,True,sub,94,21,-73
public_v1,O1,p02950,main_default_opt_1,True,switch,3,1,-2
public_v1,O1,p02950,main_default_opt_1,True,trunc,53,32,-21
public_v1,O1,p02950,main_default_opt_1,True,unreachable,24,24,0
public_v1,O1,p02950,main_default_opt_1,True,xor,86,62,-24
public_v1,O1,p02950,main_default_opt_1,True,zext,177,145,-32
public_v1,O1,p02950,main_default_opt_2,True,add,86,82,-4
public_v1,O1,p02950,main_default_opt_2,True,alloca,1,1,0
public_v1,O1,p02950,main_default_opt_2,True,and,27,13,-14
public_v1,O1,p02950,main_default_opt_2,True,ashr,8,8,0
public_v1,O1,p02950,main_default_opt_2,True,br,114,107,-7
public_v1,O1,p02950,main_default_opt_2,True,call,39,38,-1
public_v1,O1,p02950,main_default_opt_2,True,extractvalue,14,14,0
public_v1,O1,p02950,main_default_opt_2,True,getelementptr,113,89,-24
public_v1,O1,p02950,main_default_opt_2,True,icmp,76,71,-5
public_v1,O1,p02950,main_default_opt_2,True,insertvalue,5,2,-3
public_v1,O1,p02950,main_default_opt_2,True,inttoptr,10,9,-1
public_v1,O1,p02950,main_default_opt_2,True,load,119,109,-10
public_v1,O1,p02950,main_default_opt_2,True,mul,10,10,0
public_v1,O1,p02950,main_default_opt_2,True,or,17,6,-11
public_v1,O1,p02950,main_default_opt_2,True,phi,6,4,-2
public_v1,O1,p02950,main_default_opt_2,True,ptrtoint,2,2,0
public_v1,O1,p02950,main_default_opt_2,True,ret,4,3,-1
public_v1,O1,p02950,main_default_opt_2,True,sdiv,12,12,0
public_v1,O1,p02950,main_default_opt_2,True,select,46,43,-3
public_v1,O1,p02950,main_default_opt_2,True,sext,28,28,0
public_v1,O1,p02950,main_default_opt_2,True,shl,17,17,0
public_v1,O1,p02950,main_default_opt_2,True,srem,9,9,0
public_v1,O1,p02950,main_default_opt_2,True,store,188,108,-80
public_v1,O1,p02950,main_default_opt_2,True,sub,20,9,-11
public_v1,O1,p02950,main_default_opt_2,True,switch,1,1,0
public_v1,O1,p02950,main_default_opt_2,True,trunc,23,23,0
public_v1,O1,p02950,main_default_opt_2,True,unreachable,24,24,0
public_v1,O1,p02950,main_default_opt_2,True,xor,3,2,-1
public_v1,O1,p02950,main_default_opt_2,True,zext,36,32,-4
public_v1,O1,p02950,bundle_default_opt_3,True,add,57,48,-9
public_v1,O1,p02950,bundle_default_opt_3,True,alloca,1,1,0
public_v1,O1,p02950,bundle_default_opt_3,True,and,13,13,0
public_v1,O1,p02950,bundle_default_opt_3,True,ashr,8,8,0
public_v1,O1,p02950,bundle_default_opt_3,True,br,107,107,0
public_v1,O1,p02950,bundle_default_opt_3,True,call,46,46,0
public_v1,O1,p02950,bundle_default_opt_3,True,extractvalue,7,0,-7
public_v1,O1,p02950,bundle_default_opt_3,True,getelementptr,71,66,-5
public_v1,O1,p02950,bundle_default_opt_3,True,icmp,47,47,0
public_v1,O1,p02950,bundle_default_opt_3,True,insertvalue,2,0,-2
public_v1,O1,p02950,bundle_default_opt_3,True,inttoptr,1,1,0
public_v1,O1,p02950,bundle_default_opt_3,True,load,108,106,-2
public_v1,O1,p02950,bundle_default_opt_3,True,mul,10,10,0
public_v1,O1,p02950,bundle_default_opt_3,True,or,6,6,0
public_v1,O1,p02950,bundle_default_opt_3,True,phi,5,3,-2
public_v1,O1,p02950,bundle_default_opt_3,True,ptrtoint,16,2,-14
public_v1,O1,p02950,bundle_default_opt_3,True,ret,4,4,0
public_v1,O1,p02950,bundle_default_opt_3,True,sdiv,12,12,0
public_v1,O1,p02950,bundle_default_opt_3,True,select,19,19,0
public_v1,O1,p02950,bundle_default_opt_3,True,sext,28,28,0
public_v1,O1,p02950,bundle_default_opt_3,True,shl,17,17,0
public_v1,O1,p02950,bundle_default_opt_3,True,srem,9,9,0
public_v1,O1,p02950,bundle_default_opt_3,True,store,108,108,0
public_v1,O1,p02950,bundle_default_opt_3,True,sub,11,2,-9
public_v1,O1,p02950,bundle_default_opt_3,True,switch,1,1,0
public_v1,O1,p02950,bundle_default_opt_3,True,trunc,23,23,0
public_v1,O1,p02950,bundle_default_opt_3,True,unreachable,24,24,0
public_v1,O1,p02950,bundle_default_opt_3,True,xor,2,2,0
public_v1,O1,p02950,bundle_default_opt_3,True,zext,32,32,0
public_v1,O1,p02950,bundle_default_opt_4,True,add,48,48,0
public_v1,O1,p02950,bundle_default_opt_4,True,alloca,1,1,0
public_v1,O1,p02950,bundle_default_opt_4,True,and,13,13,0
public_v1,O1,p02950,bundle_default_opt_4,True,ashr,8,8,0
public_v1,O1,p02950,bundle_default_opt_4,True,br,107,107,0
public_v1,O1,p02950,bundle_default_opt_4,True,call,46,46,0
public_v1,O1,p02950,bundle_default_opt_4,True,getelementptr,66,56,-10
public_v1,O1,p02950,bundle_default_opt_4,True,icmp,47,47,0
public_v1,O1,p02950,bundle_default_opt_4,True,inttoptr,1,1,0
public_v1,O1,p02950,bundle_default_opt_4,True,load,106,106,0
public_v1,O1,p02950,bundle_default_opt_4,True,mul,10,10,0
public_v1,O1,p02950,bundle_default_opt_4,True,or,6,6,0
public_v1,O1,p02950,bundle_default_opt_4,True,phi,3,3,0
public_v1,O1,p02950,bundle_default_opt_4,True,ptrtoint,2,2,0
public_v1,O1,p02950,bundle_default_opt_4,True,ret,4,4,0
public_v1,O1,p02950,bundle_default_opt_4,True,sdiv,12,12,0
public_v1,O1,p02950,bundle_default_opt_4,True,select,19,19,0
public_v1,O1,p02950,bundle_default_opt_4,True,sext,28,28,0
public_v1,O1,p02950,bundle_default_opt_4,True,shl,17,17,0
public_v1,O1,p02950,bundle_default_opt_4,True,srem,9,9,0
public_v1,O1,p02950,bundle_default_opt_4,True,store,108,108,0
public_v1,O1,p02950,bundle_default_opt_4,True,sub,2,2,0
public_v1,O1,p02950,bundle_default_opt_4,True,switch,1,1,0
public_v1,O1,p02950,bundle_default_opt_4,True,trunc,23,23,0
public_v1,O1,p02950,bundle_default_opt_4,True,unreachable,24,24,0
public_v1,O1,p02950,bundle_default_opt_4,True,xor,2,2,0
public_v1,O1,p02950,bundle_default_opt_4,True,zext,32,32,0
public_v1,O1,p02950,bundle_post_opt_4_custom_cleanup,True,add,48,48,0
public_v1,O1,p02950,bundle_post_opt_4_custom_cleanup,True,alloca,1,1,0
public_v1,O1,p02950,bundle_post_opt_4_custom_cleanup,True,and,13,13,0
public_v1,O1,p02950,bundle_post_opt_4_custom_cleanup,True,ashr,8,8,0
public_v1,O1,p02950,bundle_post_opt_4_custom_cleanup,True,br,107,107,0
public_v1,O1,p02950,bundle_post_opt_4_custom_cleanup,True,call,46,44,-2
public_v1,O1,p02950,bundle_post_opt_4_custom_cleanup,True,getelementptr,56,54,-2
public_v1,O1,p02950,bundle_post_opt_4_custom_cleanup,True,icmp,47,47,0
public_v1,O1,p02950,bundle_post_opt_4_custom_cleanup,True,inttoptr,1,1,0
public_v1,O1,p02950,bundle_post_opt_4_custom_cleanup,True,load,106,104,-2
public_v1,O1,p02950,bundle_post_opt_4_custom_cleanup,True,mul,10,10,0
public_v1,O1,p02950,bundle_post_opt_4_custom_cleanup,True,or,6,6,0
public_v1,O1,p02950,bundle_post_opt_4_custom_cleanup,True,phi,3,5,2
public_v1,O1,p02950,bundle_post_opt_4_custom_cleanup,True,ptrtoint,2,2,0
public_v1,O1,p02950,bundle_post_opt_4_custom_cleanup,True,ret,4,4,0
public_v1,O1,p02950,bundle_post_opt_4_custom_cleanup,True,sdiv,12,12,0
public_v1,O1,p02950,bundle_post_opt_4_custom_cleanup,True,select,19,17,-2
public_v1,O1,p02950,bundle_post_opt_4_custom_cleanup,True,sext,28,28,0
public_v1,O1,p02950,bundle_post_opt_4_custom_cleanup,True,shl,17,17,0
public_v1,O1,p02950,bundle_post_opt_4_custom_cleanup,True,srem,9,9,0
public_v1,O1,p02950,bundle_post_opt_4_custom_cleanup,True,store,108,91,-17
public_v1,O1,p02950,bundle_post_opt_4_custom_cleanup,True,sub,2,2,0
public_v1,O1,p02950,bundle_post_opt_4_custom_cleanup,True,switch,1,1,0
public_v1,O1,p02950,bundle_post_opt_4_custom_cleanup,True,trunc,23,23,0
public_v1,O1,p02950,bundle_post_opt_4_custom_cleanup,True,unreachable,24,24,0
public_v1,O1,p02950,bundle_post_opt_4_custom_cleanup,True,xor,2,2,0
public_v1,O1,p02950,bundle_post_opt_4_custom_cleanup,True,zext,32,32,0
public_v1,O1,p03006,main_default_opt_1,True,add,235,129,-106
public_v1,O1,p03006,main_default_opt_1,True,alloca,11,3,-8
public_v1,O1,p03006,main_default_opt_1,True,and,151,123,-28
public_v1,O1,p03006,main_default_opt_1,True,ashr,10,10,0
public_v1,O1,p03006,main_default_opt_1,True,br,104,100,-4
public_v1,O1,p03006,main_default_opt_1,True,call,44,16,-28
public_v1,O1,p03006,main_default_opt_1,True,extractvalue,66,15,-51
public_v1,O1,p03006,main_default_opt_1,True,getelementptr,317,162,-155
public_v1,O1,p03006,main_default_opt_1,True,icmp,142,107,-35
public_v1,O1,p03006,main_default_opt_1,True,insertvalue,92,6,-86
public_v1,O1,p03006,main_default_opt_1,True,inttoptr,17,17,0
public_v1,O1,p03006,main_default_opt_1,True,load,199,172,-27
public_v1,O1,p03006,main_default_opt_1,True,lshr,31,2,-29
public_v1,O1,p03006,main_default_opt_1,True,mul,56,54,-2
public_v1,O1,p03006,main_default_opt_1,True,or,102,100,-2
public_v1,O1,p03006,main_default_opt_1,True,phi,72,69,-3
public_v1,O1,p03006,main_default_opt_1,True,ptrtoint,13,8,-5
public_v1,O1,p03006,main_default_opt_1,True,ret,8,3,-5
public_v1,O1,p03006,main_default_opt_1,True,select,64,64,0
public_v1,O1,p03006,main_default_opt_1,True,shl,9,7,-2
public_v1,O1,p03006,main_default_opt_1,True,store,304,236,-68
public_v1,O1,p03006,main_default_opt_1,True,sub,103,24,-79
public_v1,O1,p03006,main_default_opt_1,True,switch,5,4,-1
public_v1,O1,p03006,main_default_opt_1,True,trunc,52,15,-37
public_v1,O1,p03006,main_default_opt_1,True,xor,105,70,-35
public_v1,O1,p03006,main_default_opt_1,True,zext,152,117,-35
public_v1,O1,p03006,main_default_opt_2,True,add,90,85,-5
public_v1,O1,p03006,main_default_opt_2,True,alloca,2,2,0
public_v1,O1,p03006,main_default_opt_2,True,and,18,7,-11
public_v1,O1,p03006,main_default_opt_2,True,ashr,10,9,-1
public_v1,O1,p03006,main_default_opt_2,True,br,100,89,-11
public_v1,O1,p03006,main_default_opt_2,True,call,12,10,-2
public_v1,O1,p03006,main_default_opt_2,True,extractvalue,10,10,0
public_v1,O1,p03006,main_default_opt_2,True,getelementptr,139,130,-9
public_v1,O1,p03006,main_default_opt_2,True,icmp,62,62,0
public_v1,O1,p03006,main_default_opt_2,True,insertvalue,6,4,-2
public_v1,O1,p03006,main_default_opt_2,True,inttoptr,15,13,-2
public_v1,O1,p03006,main_default_opt_2,True,load,105,101,-4
public_v1,O1,p03006,main_default_opt_2,True,mul,26,22,-4
public_v1,O1,p03006,main_default_opt_2,True,or,11,2,-9
public_v1,O1,p03006,main_default_opt_2,True,phi,13,11,-2
public_v1,O1,p03006,main_default_opt_2,True,ptrtoint,4,2,-2
public_v1,O1,p03006,main_default_opt_2,True,ret,3,3,0
public_v1,O1,p03006,main_default_opt_2,True,select,55,55,0
public_v1,O1,p03006,main_default_opt_2,True,shl,7,7,0
public_v1,O1,p03006,main_default_opt_2,True,store,190,128,-62
public_v1,O1,p03006,main_default_opt_2,True,sub,21,17,-4
public_v1,O1,p03006,main_default_opt_2,True,switch,4,4,0
public_v1,O1,p03006,main_default_opt_2,True,xor,2,1,-1
public_v1,O1,p03006,main_default_opt_2,True,zext,9,7,-2
public_v1,O1,p03006,bundle_default_opt_3,True,add,82,79,-3
public_v1,O1,p03006,bundle_default_opt_3,True,alloca,2,2,0
public_v1,O1,p03006,bundle_default_opt_3,True,and,7,7,0
public_v1,O1,p03006,bundle_default_opt_3,True,ashr,9,9,0
public_v1,O1,p03006,bundle_default_opt_3,True,br,89,89,0
public_v1,O1,p03006,bundle_default_opt_3,True,call,10,10,0
public_v1,O1,p03006,bundle_default_opt_3,True,extractvalue,10,10,0
public_v1,O1,p03006,bundle_default_opt_3,True,getelementptr,133,133,0
public_v1,O1,p03006,bundle_default_opt_3,True,icmp,62,62,0
public_v1,O1,p03006,bundle_default_opt_3,True,insertvalue,4,4,0
public_v1,O1,p03006,bundle_default_opt_3,True,inttoptr,13,13,0
public_v1,O1,p03006,bundle_default_opt_3,True,load,87,87,0
public_v1,O1,p03006,bundle_default_opt_3,True,mul,22,20,-2
public_v1,O1,p03006,bundle_default_opt_3,True,or,2,2,0
public_v1,O1,p03006,bundle_default_opt_3,True,phi,11,11,0
public_v1,O1,p03006,bundle_default_opt_3,True,ptrtoint,5,2,-3
public_v1,O1,p03006,bundle_default_opt_3,True,ret,3,3,0
public_v1,O1,p03006,bundle_default_opt_3,True,select,55,55,0
public_v1,O1,p03006,bundle_default_opt_3,True,shl,7,7,0
public_v1,O1,p03006,bundle_default_opt_3,True,store,128,127,-1
public_v1,O1,p03006,bundle_default_opt_3,True,sub,16,14,-2
public_v1,O1,p03006,bundle_default_opt_3,True,switch,4,4,0
public_v1,O1,p03006,bundle_default_opt_3,True,xor,1,1,0
public_v1,O1,p03006,bundle_default_opt_3,True,zext,7,7,0
public_v1,O1,p03006,bundle_default_opt_4,True,add,79,55,-24
public_v1,O1,p03006,bundle_default_opt_4,True,alloca,2,2,0
public_v1,O1,p03006,bundle_default_opt_4,True,and,7,7,0
public_v1,O1,p03006,bundle_default_opt_4,True,ashr,9,7,-2
public_v1,O1,p03006,bundle_default_opt_4,True,br,89,89,0
public_v1,O1,p03006,bundle_default_opt_4,True,call,10,10,0
public_v1,O1,p03006,bundle_default_opt_4,True,extractvalue,10,10,0
public_v1,O1,p03006,bundle_default_opt_4,True,getelementptr,133,108,-25
public_v1,O1,p03006,bundle_default_opt_4,True,icmp,62,44,-18
public_v1,O1,p03006,bundle_default_opt_4,True,insertvalue,4,4,0
public_v1,O1,p03006,bundle_default_opt_4,True,inttoptr,13,7,-6
public_v1,O1,p03006,bundle_default_opt_4,True,load,87,87,0
public_v1,O1,p03006,bundle_default_opt_4,True,mul,20,12,-8
public_v1,O1,p03006,bundle_default_opt_4,True,or,2,2,0
public_v1,O1,p03006,bundle_default_opt_4,True,phi,11,11,0
public_v1,O1,p03006,bundle_default_opt_4,True,ptrtoint,2,2,0
public_v1,O1,p03006,bundle_default_opt_4,True,ret,3,3,0
public_v1,O1,p03006,bundle_default_opt_4,True,select,55,37,-18
public_v1,O1,p03006,bundle_default_opt_4,True,shl,7,7,0
public_v1,O1,p03006,bundle_default_opt_4,True,store,127,127,0
public_v1,O1,p03006,bundle_default_opt_4,True,sub,14,11,-3
public_v1,O1,p03006,bundle_default_opt_4,True,switch,4,4,0
public_v1,O1,p03006,bundle_default_opt_4,True,xor,1,1,0
public_v1,O1,p03006,bundle_default_opt_4,True,zext,7,7,0
public_v1,O1,p03006,bundle_post_opt_4_custom_cleanup,True,add,55,54,-1
public_v1,O1,p03006,bundle_post_opt_4_custom_cleanup,True,alloca,2,2,0
public_v1,O1,p03006,bundle_post_opt_4_custom_cleanup,True,and,7,7,0
public_v1,O1,p03006,bundle_post_opt_4_custom_cleanup,True,ashr,7,7,0
public_v1,O1,p03006,bundle_post_opt_4_custom_cleanup,True,br,89,84,-5
public_v1,O1,p03006,bundle_post_opt_4_custom_cleanup,True,call,10,10,0
public_v1,O1,p03006,bundle_post_opt_4_custom_cleanup,True,extractvalue,10,10,0
public_v1,O1,p03006,bundle_post_opt_4_custom_cleanup,True,getelementptr,108,107,-1
public_v1,O1,p03006,bundle_post_opt_4_custom_cleanup,True,icmp,44,43,-1
public_v1,O1,p03006,bundle_post_opt_4_custom_cleanup,True,insertvalue,4,4,0
public_v1,O1,p03006,bundle_post_opt_4_custom_cleanup,True,inttoptr,7,7,0
public_v1,O1,p03006,bundle_post_opt_4_custom_cleanup,True,load,87,80,-7
public_v1,O1,p03006,bundle_post_opt_4_custom_cleanup,True,mul,12,12,0
public_v1,O1,p03006,bundle_post_opt_4_custom_cleanup,True,or,2,2,0
public_v1,O1,p03006,bundle_post_opt_4_custom_cleanup,True,phi,11,13,2
public_v1,O1,p03006,bundle_post_opt_4_custom_cleanup,True,ptrtoint,2,2,0
public_v1,O1,p03006,bundle_post_opt_4_custom_cleanup,True,ret,3,3,0
public_v1,O1,p03006,bundle_post_opt_4_custom_cleanup,True,select,37,36,-1
public_v1,O1,p03006,bundle_post_opt_4_custom_cleanup,True,shl,7,7,0
public_v1,O1,p03006,bundle_post_opt_4_custom_cleanup,True,store,127,112,-15
public_v1,O1,p03006,bundle_post_opt_4_custom_cleanup,True,sub,11,11,0
public_v1,O1,p03006,bundle_post_opt_4_custom_cleanup,True,switch,4,4,0
public_v1,O1,p03006,bundle_post_opt_4_custom_cleanup,True,xor,1,1,0
public_v1,O1,p03006,bundle_post_opt_4_custom_cleanup,True,zext,7,7,0
public_v1,O1,p03111,main_default_opt_1,True,add,500,325,-175
public_v1,O1,p03111,main_default_opt_1,True,alloca,12,24,12
public_v1,O1,p03111,main_default_opt_1,True,and,135,78,-57
public_v1,O1,p03111,main_default_opt_1,True,ashr,4,4,0
public_v1,O1,p03111,main_default_opt_1,True,br,70,69,-1
public_v1,O1,p03111,main_default_opt_1,True,call,81,87,6
public_v1,O1,p03111,main_default_opt_1,True,extractvalue,151,25,-126
public_v1,O1,p03111,main_default_opt_1,True,getelementptr,749,568,-181
public_v1,O1,p03111,main_default_opt_1,True,icmp,334,282,-52
public_v1,O1,p03111,main_default_opt_1,True,insertvalue,168,9,-159
public_v1,O1,p03111,main_default_opt_1,True,inttoptr,83,81,-2
public_v1,O1,p03111,main_default_opt_1,True,load,318,222,-96
public_v1,O1,p03111,main_default_opt_1,True,lshr,63,13,-50
public_v1,O1,p03111,main_default_opt_1,True,mul,25,24,-1
public_v1,O1,p03111,main_default_opt_1,True,or,64,66,2
public_v1,O1,p03111,main_default_opt_1,True,phi,37,34,-3
public_v1,O1,p03111,main_default_opt_1,True,ptrtoint,26,20,-6
public_v1,O1,p03111,main_default_opt_1,True,ret,23,9,-14
public_v1,O1,p03111,main_default_opt_1,True,sdiv,4,4,0
public_v1,O1,p03111,main_default_opt_1,True,select,245,239,-6
public_v1,O1,p03111,main_default_opt_1,True,sext,15,12,-3
public_v1,O1,p03111,main_default_opt_1,True,shl,9,10,1
public_v1,O1,p03111,main_default_opt_1,True,store,389,505,116
public_v1,O1,p03111,main_default_opt_1,True,sub,156,39,-117
public_v1,O1,p03111,main_default_opt_1,True,switch,2,1,-1
public_v1,O1,p03111,main_default_opt_1,True,trunc,90,23,-67
public_v1,O1,p03111,main_default_opt_1,True,unreachable,8,8,0
public_v1,O1,p03111,main_default_opt_1,True,xor,108,54,-54
public_v1,O1,p03111,main_default_opt_1,True,zext,138,83,-55
public_v1,O1,p03111,main_default_opt_2,True,add,271,295,24
public_v1,O1,p03111,main_default_opt_2,True,alloca,17,17,0
public_v1,O1,p03111,main_default_opt_2,True,and,212,51,-161
public_v1,O1,p03111,main_default_opt_2,True,ashr,4,3,-1
public_v1,O1,p03111,main_default_opt_2,True,br,62,58,-4
public_v1,O1,p03111,main_default_opt_2,True,call,63,60,-3
public_v1,O1,p03111,main_default_opt_2,True,extractvalue,19,19,0
public_v1,O1,p03111,main_default_opt_2,True,getelementptr,529,447,-82
public_v1,O1,p03111,main_default_opt_2,True,icmp,374,250,-124
public_v1,O1,p03111,main_default_opt_2,True,insertvalue,9,7,-2
public_v1,O1,p03111,main_default_opt_2,True,inttoptr,88,72,-16
public_v1,O1,p03111,main_default_opt_2,True,load,175,159,-16
public_v1,O1,p03111,main_default_opt_2,True,lshr,2,2,0
public_v1,O1,p03111,main_default_opt_2,True,mul,21,21,0
public_v1,O1,p03111,main_default_opt_2,True,or,130,41,-89
public_v1,O1,p03111,main_default_opt_2,True,phi,22,21,-1
public_v1,O1,p03111,main_default_opt_2,True,ptrtoint,39,15,-24
public_v1,O1,p03111,main_default_opt_2,True,ret,4,4,0
public_v1,O1,p03111,main_default_opt_2,True,sdiv,4,3,-1
public_v1,O1,p03111,main_default_opt_2,True,select,272,224,-48
public_v1,O1,p03111,main_default_opt_2,True,sext,8,6,-2
public_v1,O1,p03111,main_default_opt_2,True,shl,10,9,-1
public_v1,O1,p03111,main_default_opt_2,True,store,345,305,-40
public_v1,O1,p03111,main_default_opt_2,True,sub,109,23,-86
public_v1,O1,p03111,main_default_opt_2,True,switch,1,1,0
public_v1,O1,p03111,main_default_opt_2,True,trunc,11,8,-3
public_v1,O1,p03111,main_default_opt_2,True,unreachable,8,5,-3
public_v1,O1,p03111,main_default_opt_2,True,xor,34,34,0
public_v1,O1,p03111,main_default_opt_2,True,zext,60,63,3
public_v1,O1,p03111,bundle_default_opt_3,True,add,79,73,-6
public_v1,O1,p03111,bundle_default_opt_3,True,alloca,17,17,0
public_v1,O1,p03111,bundle_default_opt_3,True,and,51,49,-2
public_v1,O1,p03111,bundle_default_opt_3,True,ashr,3,1,-2
public_v1,O1,p03111,bundle_default_opt_3,True,br,58,57,-1
public_v1,O1,p03111,bundle_default_opt_3,True,call,131,130,-1
public_v1,O1,p03111,bundle_default_opt_3,True,extractvalue,19,18,-1
public_v1,O1,p03111,bundle_default_opt_3,True,getelementptr,243,240,-3
public_v1,O1,p03111,bundle_default_opt_3,True,icmp,40,40,0
public_v1,O1,p03111,bundle_default_opt_3,True,insertvalue,7,6,-1
public_v1,O1,p03111,bundle_default_opt_3,True,inttoptr,2,2,0
public_v1,O1,p03111,bundle_default_opt_3,True,load,159,155,-4
public_v1,O1,p03111,bundle_default_opt_3,True,lshr,2,3,1
public_v1,O1,p03111,bundle_default_opt_3,True,mul,21,20,-1
public_v1,O1,p03111,bundle_default_opt_3,True,or,41,39,-2
public_v1,O1,p03111,bundle_default_opt_3,True,phi,21,22,1
public_v1,O1,p03111,bundle_default_opt_3,True,ptrtoint,21,15,-6
public_v1,O1,p03111,bundle_default_opt_3,True,ret,5,5,0
public_v1,O1,p03111,bundle_default_opt_3,True,sdiv,3,2,-1
public_v1,O1,p03111,bundle_default_opt_3,True,select,14,14,0
public_v1,O1,p03111,bundle_default_opt_3,True,sext,6,4,-2
public_v1,O1,p03111,bundle_default_opt_3,True,shl,9,9,0
public_v1,O1,p03111,bundle_default_opt_3,True,store,305,301,-4
public_v1,O1,p03111,bundle_default_opt_3,True,sub,21,21,0
public_v1,O1,p03111,bundle_default_opt_3,True,switch,1,1,0
public_v1,O1,p03111,bundle_default_opt_3,True,trunc,8,6,-2
public_v1,O1,p03111,bundle_default_opt_3,True,unreachable,5,4,-1
public_v1,O1,p03111,bundle_default_opt_3,True,xor,34,34,0
public_v1,O1,p03111,bundle_default_opt_3,True,zext,63,62,-1
public_v1,O1,p03111,bundle_default_opt_4,True,add,73,73,0
public_v1,O1,p03111,bundle_default_opt_4,True,alloca,17,17,0
public_v1,O1,p03111,bundle_default_opt_4,True,and,49,49,0
public_v1,O1,p03111,bundle_default_opt_4,True,ashr,1,1,0
public_v1,O1,p03111,bundle_default_opt_4,True,br,57,57,0
public_v1,O1,p03111,bundle_default_opt_4,True,call,130,130,0
public_v1,O1,p03111,bundle_default_opt_4,True,extractvalue,18,18,0
public_v1,O1,p03111,bundle_default_opt_4,True,getelementptr,240,232,-8
public_v1,O1,p03111,bundle_default_opt_4,True,icmp,40,40,0
public_v1,O1,p03111,bundle_default_opt_4,True,insertvalue,6,6,0
public_v1,O1,p03111,bundle_default_opt_4,True,inttoptr,2,2,0
public_v1,O1,p03111,bundle_default_opt_4,True,load,155,155,0
public_v1,O1,p03111,bundle_default_opt_4,True,lshr,3,3,0
public_v1,O1,p03111,bundle_default_opt_4,True,mul,20,20,0
public_v1,O1,p03111,bundle_default_opt_4,True,or,39,39,0
public_v1,O1,p03111,bundle_default_opt_4,True,phi,22,22,0
public_v1,O1,p03111,bundle_default_opt_4,True,ptrtoint,15,15,0
public_v1,O1,p03111,bundle_default_opt_4,True,ret,5,5,0
public_v1,O1,p03111,bundle_default_opt_4,True,sdiv,2,2,0
public_v1,O1,p03111,bundle_default_opt_4,True,select,14,14,0
public_v1,O1,p03111,bundle_default_opt_4,True,sext,4,4,0
public_v1,O1,p03111,bundle_default_opt_4,True,shl,9,9,0
public_v1,O1,p03111,bundle_default_opt_4,True,store,301,301,0
public_v1,O1,p03111,bundle_default_opt_4,True,sub,21,19,-2
public_v1,O1,p03111,bundle_default_opt_4,True,switch,1,1,0
public_v1,O1,p03111,bundle_default_opt_4,True,trunc,6,6,0
public_v1,O1,p03111,bundle_default_opt_4,True,unreachable,4,4,0
public_v1,O1,p03111,bundle_default_opt_4,True,xor,34,34,0
public_v1,O1,p03111,bundle_default_opt_4,True,zext,62,62,0
public_v1,O1,p03111,bundle_post_opt_4_custom_cleanup,True,add,73,73,0
public_v1,O1,p03111,bundle_post_opt_4_custom_cleanup,True,alloca,17,17,0
public_v1,O1,p03111,bundle_post_opt_4_custom_cleanup,True,and,49,49,0
public_v1,O1,p03111,bundle_post_opt_4_custom_cleanup,True,ashr,1,1,0
public_v1,O1,p03111,bundle_post_opt_4_custom_cleanup,True,br,57,57,0
public_v1,O1,p03111,bundle_post_opt_4_custom_cleanup,True,call,130,130,0
public_v1,O1,p03111,bundle_post_opt_4_custom_cleanup,True,extractvalue,18,18,0
public_v1,O1,p03111,bundle_post_opt_4_custom_cleanup,True,getelementptr,232,232,0
public_v1,O1,p03111,bundle_post_opt_4_custom_cleanup,True,icmp,40,40,0
public_v1,O1,p03111,bundle_post_opt_4_custom_cleanup,True,insertvalue,6,6,0
public_v1,O1,p03111,bundle_post_opt_4_custom_cleanup,True,inttoptr,2,2,0
public_v1,O1,p03111,bundle_post_opt_4_custom_cleanup,True,load,155,153,-2
public_v1,O1,p03111,bundle_post_opt_4_custom_cleanup,True,lshr,3,3,0
public_v1,O1,p03111,bundle_post_opt_4_custom_cleanup,True,mul,20,20,0
public_v1,O1,p03111,bundle_post_opt_4_custom_cleanup,True,or,39,39,0
public_v1,O1,p03111,bundle_post_opt_4_custom_cleanup,True,phi,22,24,2
public_v1,O1,p03111,bundle_post_opt_4_custom_cleanup,True,ptrtoint,15,15,0
public_v1,O1,p03111,bundle_post_opt_4_custom_cleanup,True,ret,5,5,0
public_v1,O1,p03111,bundle_post_opt_4_custom_cleanup,True,sdiv,2,2,0
public_v1,O1,p03111,bundle_post_opt_4_custom_cleanup,True,select,14,13,-1
public_v1,O1,p03111,bundle_post_opt_4_custom_cleanup,True,sext,4,4,0
public_v1,O1,p03111,bundle_post_opt_4_custom_cleanup,True,shl,9,9,0
public_v1,O1,p03111,bundle_post_opt_4_custom_cleanup,True,store,301,286,-15
public_v1,O1,p03111,bundle_post_opt_4_custom_cleanup,True,sub,19,19,0
public_v1,O1,p03111,bundle_post_opt_4_custom_cleanup,True,switch,1,1,0
public_v1,O1,p03111,bundle_post_opt_4_custom_cleanup,True,trunc,6,6,0
public_v1,O1,p03111,bundle_post_opt_4_custom_cleanup,True,unreachable,4,4,0
public_v1,O1,p03111,bundle_post_opt_4_custom_cleanup,True,xor,34,34,0
public_v1,O1,p03111,bundle_post_opt_4_custom_cleanup,True,zext,62,62,0
public_v1,O1,p03142,main_default_opt_1,True,add,437,371,-66
public_v1,O1,p03142,main_default_opt_1,True,alloca,12,18,6
public_v1,O1,p03142,main_default_opt_1,True,and,130,96,-34
public_v1,O1,p03142,main_default_opt_1,True,br,82,74,-8
public_v1,O1,p03142,main_default_opt_1,True,call,56,59,3
public_v1,O1,p03142,main_default_opt_1,True,extractvalue,121,26,-95
public_v1,O1,p03142,main_default_opt_1,True,getelementptr,692,521,-171
public_v1,O1,p03142,main_default_opt_1,True,icmp,306,275,-31
public_v1,O1,p03142,main_default_opt_1,True,insertvalue,141,15,-126
public_v1,O1,p03142,main_default_opt_1,True,inttoptr,79,80,1
public_v1,O1,p03142,main_default_opt_1,True,load,321,245,-76
public_v1,O1,p03142,main_default_opt_1,True,lshr,39,15,-24
public_v1,O1,p03142,main_default_opt_1,True,mul,24,24,0
public_v1,O1,p03142,main_default_opt_1,True,or,79,79,0
public_v1,O1,p03142,main_default_opt_1,True,phi,61,56,-5
public_v1,O1,p03142,main_default_opt_1,True,ptrtoint,28,26,-2
public_v1,O1,p03142,main_default_opt_1,True,ret,21,8,-13
public_v1,O1,p03142,main_default_opt_1,True,select,231,234,3
public_v1,O1,p03142,main_default_opt_1,True,sext,51,51,0
public_v1,O1,p03142,main_default_opt_1,True,shl,56,56,0
public_v1,O1,p03142,main_default_opt_1,True,store,340,397,57
public_v1,O1,p03142,main_default_opt_1,True,sub,117,83,-34
public_v1,O1,p03142,main_default_opt_1,True,switch,4,3,-1
public_v1,O1,p03142,main_default_opt_1,True,trunc,83,53,-30
public_v1,O1,p03142,main_default_opt_1,True,xor,91,64,-27
public_v1,O1,p03142,main_default_opt_1,True,zext,134,94,-40
public_v1,O1,p03142,main_default_opt_2,True,add,342,297,-45
public_v1,O1,p03142,main_default_opt_2,True,alloca,13,13,0
public_v1,O1,p03142,main_default_opt_2,True,and,205,62,-143
public_v1,O1,p03142,main_default_opt_2,True,br,69,67,-2
public_v1,O1,p03142,main_default_opt_2,True,call,38,38,0
public_v1,O1,p03142,main_default_opt_2,True,extractvalue,22,6,-16
public_v1,O1,p03142,main_default_opt_2,True,getelementptr,534,453,-81
public_v1,O1,p03142,main_default_opt_2,True,icmp,368,257,-111
public_v1,O1,p03142,main_default_opt_2,True,insertvalue,15,4,-11
public_v1,O1,p03142,main_default_opt_2,True,inttoptr,87,75,-12
public_v1,O1,p03142,main_default_opt_2,True,load,198,198,0
public_v1,O1,p03142,main_default_opt_2,True,mul,17,17,0
public_v1,O1,p03142,main_default_opt_2,True,or,133,53,-80
public_v1,O1,p03142,main_default_opt_2,True,phi,46,31,-15
public_v1,O1,p03142,main_default_opt_2,True,ptrtoint,37,18,-19
public_v1,O1,p03142,main_default_opt_2,True,ret,3,3,0
public_v1,O1,p03142,main_default_opt_2,True,select,283,247,-36
public_v1,O1,p03142,main_default_opt_2,True,sext,47,47,0
public_v1,O1,p03142,main_default_opt_2,True,shl,56,56,0
public_v1,O1,p03142,main_default_opt_2,True,store,276,265,-11
public_v1,O1,p03142,main_default_opt_2,True,sub,141,22,-119
public_v1,O1,p03142,main_default_opt_2,True,switch,3,3,0
public_v1,O1,p03142,main_default_opt_2,True,trunc,37,36,-1
public_v1,O1,p03142,main_default_opt_2,True,xor,34,34,0
public_v1,O1,p03142,main_default_opt_2,True,zext,56,57,1
public_v1,O1,p03142,bundle_default_opt_3,True,add,75,71,-4
public_v1,O1,p03142,bundle_default_opt_3,True,alloca,13,13,0
public_v1,O1,p03142,bundle_default_opt_3,True,and,62,58,-4
public_v1,O1,p03142,bundle_default_opt_3,True,br,67,67,0
public_v1,O1,p03142,bundle_default_opt_3,True,call,113,113,0
public_v1,O1,p03142,bundle_default_opt_3,True,extractvalue,4,4,0
public_v1,O1,p03142,bundle_default_opt_3,True,getelementptr,208,197,-11
public_v1,O1,p03142,bundle_default_opt_3,True,icmp,35,36,1
public_v1,O1,p03142,bundle_default_opt_3,True,insertvalue,4,3,-1
public_v1,O1,p03142,bundle_default_opt_3,True,inttoptr,1,1,0
public_v1,O1,p03142,bundle_default_opt_3,True,load,198,196,-2
public_v1,O1,p03142,bundle_default_opt_3,True,mul,17,17,0
public_v1,O1,p03142,bundle_default_opt_3,True,or,53,46,-7
public_v1,O1,p03142,bundle_default_opt_3,True,phi,31,28,-3
public_v1,O1,p03142,bundle_default_opt_3,True,ptrtoint,23,18,-5
public_v1,O1,p03142,bundle_default_opt_3,True,ret,4,4,0
public_v1,O1,p03142,bundle_default_opt_3,True,select,13,13,0
public_v1,O1,p03142,bundle_default_opt_3,True,sext,47,47,0
public_v1,O1,p03142,bundle_default_opt_3,True,shl,56,56,0
public_v1,O1,p03142,bundle_default_opt_3,True,store,265,219,-46
public_v1,O1,p03142,bundle_default_opt_3,True,sub,7,5,-2
public_v1,O1,p03142,bundle_default_opt_3,True,switch,3,3,0
public_v1,O1,p03142,bundle_default_opt_3,True,trunc,36,36,0
public_v1,O1,p03142,bundle_default_opt_3,True,xor,34,33,-1
public_v1,O1,p03142,bundle_default_opt_3,True,zext,57,61,4
public_v1,O1,p03142,bundle_default_opt_4,True,add,71,71,0
public_v1,O1,p03142,bundle_default_opt_4,True,alloca,13,13,0
public_v1,O1,p03142,bundle_default_opt_4,True,and,58,58,0
public_v1,O1,p03142,bundle_default_opt_4,True,br,67,67,0
public_v1,O1,p03142,bundle_default_opt_4,True,call,113,113,0
public_v1,O1,p03142,bundle_default_opt_4,True,extractvalue,4,4,0
public_v1,O1,p03142,bundle_default_opt_4,True,getelementptr,197,195,-2
public_v1,O1,p03142,bundle_default_opt_4,True,icmp,36,36,0
public_v1,O1,p03142,bundle_default_opt_4,True,insertvalue,3,3,0
public_v1,O1,p03142,bundle_default_opt_4,True,inttoptr,1,1,0
public_v1,O1,p03142,bundle_default_opt_4,True,load,196,196,0
public_v1,O1,p03142,bundle_default_opt_4,True,mul,17,17,0
public_v1,O1,p03142,bundle_default_opt_4,True,or,46,46,0
public_v1,O1,p03142,bundle_default_opt_4,True,phi,28,28,0
public_v1,O1,p03142,bundle_default_opt_4,True,ptrtoint,18,18,0
public_v1,O1,p03142,bundle_default_opt_4,True,ret,4,4,0
public_v1,O1,p03142,bundle_default_opt_4,True,select,13,13,0
public_v1,O1,p03142,bundle_default_opt_4,True,sext,47,47,0
public_v1,O1,p03142,bundle_default_opt_4,True,shl,56,56,0
public_v1,O1,p03142,bundle_default_opt_4,True,store,219,219,0
public_v1,O1,p03142,bundle_default_opt_4,True,sub,5,5,0
public_v1,O1,p03142,bundle_default_opt_4,True,switch,3,3,0
public_v1,O1,p03142,bundle_default_opt_4,True,trunc,36,36,0
public_v1,O1,p03142,bundle_default_opt_4,True,xor,33,33,0
public_v1,O1,p03142,bundle_default_opt_4,True,zext,61,61,0
public_v1,O1,p03142,bundle_post_opt_4_custom_cleanup,True,add,71,71,0
public_v1,O1,p03142,bundle_post_opt_4_custom_cleanup,True,alloca,13,13,0
public_v1,O1,p03142,bundle_post_opt_4_custom_cleanup,True,and,58,58,0
public_v1,O1,p03142,bundle_post_opt_4_custom_cleanup,True,br,67,67,0
public_v1,O1,p03142,bundle_post_opt_4_custom_cleanup,True,call,113,113,0
public_v1,O1,p03142,bundle_post_opt_4_custom_cleanup,True,extractvalue,4,4,0
public_v1,O1,p03142,bundle_post_opt_4_custom_cleanup,True,getelementptr,195,194,-1
public_v1,O1,p03142,bundle_post_opt_4_custom_cleanup,True,icmp,36,36,0
public_v1,O1,p03142,bundle_post_opt_4_custom_cleanup,True,insertvalue,3,3,0
public_v1,O1,p03142,bundle_post_opt_4_custom_cleanup,True,inttoptr,1,1,0
public_v1,O1,p03142,bundle_post_opt_4_custom_cleanup,True,load,196,195,-1
public_v1,O1,p03142,bundle_post_opt_4_custom_cleanup,True,mul,17,17,0
public_v1,O1,p03142,bundle_post_opt_4_custom_cleanup,True,or,46,46,0
public_v1,O1,p03142,bundle_post_opt_4_custom_cleanup,True,phi,28,30,2
public_v1,O1,p03142,bundle_post_opt_4_custom_cleanup,True,ptrtoint,18,18,0
public_v1,O1,p03142,bundle_post_opt_4_custom_cleanup,True,ret,4,4,0
public_v1,O1,p03142,bundle_post_opt_4_custom_cleanup,True,select,13,13,0
public_v1,O1,p03142,bundle_post_opt_4_custom_cleanup,True,sext,47,47,0
public_v1,O1,p03142,bundle_post_opt_4_custom_cleanup,True,shl,56,56,0
public_v1,O1,p03142,bundle_post_opt_4_custom_cleanup,True,store,219,219,0
public_v1,O1,p03142,bundle_post_opt_4_custom_cleanup,True,sub,5,5,0
public_v1,O1,p03142,bundle_post_opt_4_custom_cleanup,True,switch,3,3,0
public_v1,O1,p03142,bundle_post_opt_4_custom_cleanup,True,trunc,36,36,0
public_v1,O1,p03142,bundle_post_opt_4_custom_cleanup,True,xor,33,33,0
public_v1,O1,p03142,bundle_post_opt_4_custom_cleanup,True,zext,61,61,0
public_v1,O1,p03199,main_default_opt_1,True,add,601,328,-273
public_v1,O1,p03199,main_default_opt_1,True,alloca,11,9,-2
public_v1,O1,p03199,main_default_opt_1,True,and,293,247,-46
public_v1,O1,p03199,main_default_opt_1,True,ashr,25,17,-8
public_v1,O1,p03199,main_default_opt_1,True,br,176,170,-6
public_v1,O1,p03199,main_default_opt_1,True,call,64,46,-18
public_v1,O1,p03199,main_default_opt_1,True,extractvalue,98,53,-45
public_v1,O1,p03199,main_default_opt_1,True,getelementptr,735,563,-172
public_v1,O1,p03199,main_default_opt_1,True,icmp,342,292,-50
public_v1,O1,p03199,main_default_opt_1,True,insertvalue,106,18,-88
public_v1,O1,p03199,main_default_opt_1,True,inttoptr,58,55,-3
public_v1,O1,p03199,main_default_opt_1,True,load,451,395,-56
public_v1,O1,p03199,main_default_opt_1,True,lshr,44,9,-35
public_v1,O1,p03199,main_default_opt_1,True,mul,83,81,-2
public_v1,O1,p03199,main_default_opt_1,True,or,179,167,-12
public_v1,O1,p03199,main_default_opt_1,True,phi,46,52,6
public_v1,O1,p03199,main_default_opt_1,True,ptrtoint,22,18,-4
public_v1,O1,p03199,main_default_opt_1,True,ret,13,7,-6
public_v1,O1,p03199,main_default_opt_1,True,sdiv,6,5,-1
public_v1,O1,p03199,main_default_opt_1,True,select,202,193,-9
public_v1,O1,p03199,main_default_opt_1,True,sext,49,46,-3
public_v1,O1,p03199,main_default_opt_1,True,shl,39,30,-9
public_v1,O1,p03199,main_default_opt_1,True,srem,5,5,0
public_v1,O1,p03199,main_default_opt_1,True,store,552,531,-21
public_v1,O1,p03199,main_default_opt_1,True,sub,264,55,-209
public_v1,O1,p03199,main_default_opt_1,True,switch,6,4,-2
public_v1,O1,p03199,main_default_opt_1,True,trunc,97,46,-51
public_v1,O1,p03199,main_default_opt_1,True,unreachable,6,5,-1
public_v1,O1,p03199,main_default_opt_1,True,xor,166,121,-45
public_v1,O1,p03199,main_default_opt_1,True,zext,328,251,-77
public_v1,O1,p03199,main_default_opt_2,True,add,267,241,-26
public_v1,O1,p03199,main_default_opt_2,True,alloca,11,11,0
public_v1,O1,p03199,main_default_opt_2,True,and,77,64,-13
public_v1,O1,p03199,main_default_opt_2,True,ashr,17,19,2
public_v1,O1,p03199,main_default_opt_2,True,br,170,187,17
public_v1,O1,p03199,main_default_opt_2,True,call,51,30,-21
public_v1,O1,p03199,main_default_opt_2,True,extractvalue,39,30,-9
public_v1,O1,p03199,main_default_opt_2,True,getelementptr,509,426,-83
public_v1,O1,p03199,main_default_opt_2,True,icmp,241,207,-34
public_v1,O1,p03199,main_default_opt_2,True,insertvalue,18,14,-4
public_v1,O1,p03199,main_default_opt_2,True,inttoptr,52,43,-9
public_v1,O1,p03199,main_default_opt_2,True,load,293,280,-13
public_v1,O1,p03199,main_default_opt_2,True,lshr,9,11,2
public_v1,O1,p03199,main_default_opt_2,True,mul,29,29,0
public_v1,O1,p03199,main_default_opt_2,True,or,26,24,-2
public_v1,O1,p03199,main_default_opt_2,True,phi,39,49,10
public_v1,O1,p03199,main_default_opt_2,True,ptrtoint,16,15,-1
public_v1,O1,p03199,main_default_opt_2,True,ret,8,7,-1
public_v1,O1,p03199,main_default_opt_2,True,sdiv,5,5,0
public_v1,O1,p03199,main_default_opt_2,True,select,186,161,-25
public_v1,O1,p03199,main_default_opt_2,True,sext,46,47,1
public_v1,O1,p03199,main_default_opt_2,True,shl,30,31,1
public_v1,O1,p03199,main_default_opt_2,True,srem,5,4,-1
public_v1,O1,p03199,main_default_opt_2,True,store,479,563,84
public_v1,O1,p03199,main_default_opt_2,True,sub,61,21,-40
public_v1,O1,p03199,main_default_opt_2,True,switch,4,4,0
public_v1,O1,p03199,main_default_opt_2,True,trunc,34,34,0
public_v1,O1,p03199,main_default_opt_2,True,unreachable,5,5,0
public_v1,O1,p03199,main_default_opt_2,True,xor,19,17,-2
public_v1,O1,p03199,main_default_opt_2,True,zext,80,75,-5
public_v1,O1,p03199,bundle_default_opt_3,True,add,118,105,-13
public_v1,O1,p03199,bundle_default_opt_3,True,alloca,11,11,0
public_v1,O1,p03199,bundle_default_opt_3,True,and,61,52,-9
public_v1,O1,p03199,bundle_default_opt_3,True,ashr,19,19,0
public_v1,O1,p03199,bundle_default_opt_3,True,br,182,182,0
public_v1,O1,p03199,bundle_default_opt_3,True,call,68,68,0
public_v1,O1,p03199,bundle_default_opt_3,True,extractvalue,18,18,0
public_v1,O1,p03199,bundle_default_opt_3,True,getelementptr,229,229,0
public_v1,O1,p03199,bundle_default_opt_3,True,icmp,88,87,-1
public_v1,O1,p03199,bundle_default_opt_3,True,insertvalue,14,8,-6
public_v1,O1,p03199,bundle_default_opt_3,True,inttoptr,4,4,0
public_v1,O1,p03199,bundle_default_opt_3,True,load,260,252,-8
public_v1,O1,p03199,bundle_default_opt_3,True,lshr,8,8,0
public_v1,O1,p03199,bundle_default_opt_3,True,mul,29,24,-5
public_v1,O1,p03199,bundle_default_opt_3,True,or,24,20,-4
public_v1,O1,p03199,bundle_default_opt_3,True,phi,49,41,-8
public_v1,O1,p03199,bundle_default_opt_3,True,ptrtoint,24,10,-14
public_v1,O1,p03199,bundle_default_opt_3,True,ret,9,9,0
public_v1,O1,p03199,bundle_default_opt_3,True,sdiv,5,5,0
public_v1,O1,p03199,bundle_default_opt_3,True,select,45,45,0
public_v1,O1,p03199,bundle_default_opt_3,True,sext,47,46,-1
public_v1,O1,p03199,bundle_default_opt_3,True,shl,31,31,0
public_v1,O1,p03199,bundle_default_opt_3,True,srem,4,4,0
public_v1,O1,p03199,bundle_default_opt_3,True,store,530,527,-3
public_v1,O1,p03199,bundle_default_opt_3,True,sub,23,11,-12
public_v1,O1,p03199,bundle_default_opt_3,True,switch,4,4,0
public_v1,O1,p03199,bundle_default_opt_3,True,trunc,33,32,-1
public_v1,O1,p03199,bundle_default_opt_3,True,unreachable,5,5,0
public_v1,O1,p03199,bundle_default_opt_3,True,xor,14,9,-5
public_v1,O1,p03199,bundle_default_opt_3,True,zext,72,66,-6
public_v1,O1,p03199,bundle_default_opt_4,True,add,105,103,-2
public_v1,O1,p03199,bundle_default_opt_4,True,alloca,11,11,0
public_v1,O1,p03199,bundle_default_opt_4,True,and,52,51,-1
public_v1,O1,p03199,bundle_default_opt_4,True,ashr,19,19,0
public_v1,O1,p03199,bundle_default_opt_4,True,br,182,183,1
public_v1,O1,p03199,bundle_default_opt_4,True,call,68,68,0
public_v1,O1,p03199,bundle_default_opt_4,True,extractvalue,18,18,0
public_v1,O1,p03199,bundle_default_opt_4,True,getelementptr,229,210,-19
public_v1,O1,p03199,bundle_default_opt_4,True,icmp,87,86,-1
public_v1,O1,p03199,bundle_default_opt_4,True,insertvalue,8,8,0
public_v1,O1,p03199,bundle_default_opt_4,True,inttoptr,4,4,0
public_v1,O1,p03199,bundle_default_opt_4,True,load,252,243,-9
public_v1,O1,p03199,bundle_default_opt_4,True,lshr,8,8,0
public_v1,O1,p03199,bundle_default_opt_4,True,mul,24,24,0
public_v1,O1,p03199,bundle_default_opt_4,True,or,20,20,0
public_v1,O1,p03199,bundle_default_opt_4,True,phi,41,44,3
public_v1,O1,p03199,bundle_default_opt_4,True,ptrtoint,10,10,0
public_v1,O1,p03199,bundle_default_opt_4,True,ret,9,9,0
public_v1,O1,p03199,bundle_default_opt_4,True,sdiv,5,5,0
public_v1,O1,p03199,bundle_default_opt_4,True,select,45,45,0
public_v1,O1,p03199,bundle_default_opt_4,True,sext,46,44,-2
public_v1,O1,p03199,bundle_default_opt_4,True,shl,31,29,-2
public_v1,O1,p03199,bundle_default_opt_4,True,srem,4,4,0
public_v1,O1,p03199,bundle_default_opt_4,True,store,527,527,0
public_v1,O1,p03199,bundle_default_opt_4,True,sub,11,8,-3
public_v1,O1,p03199,bundle_default_opt_4,True,switch,4,4,0
public_v1,O1,p03199,bundle_default_opt_4,True,trunc,32,32,0
public_v1,O1,p03199,bundle_default_opt_4,True,unreachable,5,5,0
public_v1,O1,p03199,bundle_default_opt_4,True,xor,9,9,0
public_v1,O1,p03199,bundle_default_opt_4,True,zext,66,66,0
public_v1,O1,p03199,bundle_post_opt_4_custom_cleanup,True,add,103,101,-2
public_v1,O1,p03199,bundle_post_opt_4_custom_cleanup,True,alloca,11,11,0
public_v1,O1,p03199,bundle_post_opt_4_custom_cleanup,True,and,51,51,0
public_v1,O1,p03199,bundle_post_opt_4_custom_cleanup,True,ashr,19,19,0
public_v1,O1,p03199,bundle_post_opt_4_custom_cleanup,True,br,183,185,2
public_v1,O1,p03199,bundle_post_opt_4_custom_cleanup,True,call,68,68,0
public_v1,O1,p03199,bundle_post_opt_4_custom_cleanup,True,extractvalue,18,18,0
public_v1,O1,p03199,bundle_post_opt_4_custom_cleanup,True,getelementptr,210,175,-35
public_v1,O1,p03199,bundle_post_opt_4_custom_cleanup,True,icmp,86,85,-1
public_v1,O1,p03199,bundle_post_opt_4_custom_cleanup,True,insertvalue,8,8,0
public_v1,O1,p03199,bundle_post_opt_4_custom_cleanup,True,inttoptr,4,4,0
public_v1,O1,p03199,bundle_post_opt_4_custom_cleanup,True,load,243,233,-10
public_v1,O1,p03199,bundle_post_opt_4_custom_cleanup,True,lshr,8,8,0
public_v1,O1,p03199,bundle_post_opt_4_custom_cleanup,True,mul,24,24,0
public_v1,O1,p03199,bundle_post_opt_4_custom_cleanup,True,or,20,20,0
public_v1,O1,p03199,bundle_post_opt_4_custom_cleanup,True,phi,44,49,5
public_v1,O1,p03199,bundle_post_opt_4_custom_cleanup,True,ptrtoint,10,10,0
public_v1,O1,p03199,bundle_post_opt_4_custom_cleanup,True,ret,9,9,0
public_v1,O1,p03199,bundle_post_opt_4_custom_cleanup,True,sdiv,5,5,0
public_v1,O1,p03199,bundle_post_opt_4_custom_cleanup,True,select,45,39,-6
public_v1,O1,p03199,bundle_post_opt_4_custom_cleanup,True,sext,44,44,0
public_v1,O1,p03199,bundle_post_opt_4_custom_cleanup,True,shl,29,29,0
public_v1,O1,p03199,bundle_post_opt_4_custom_cleanup,True,srem,4,4,0
public_v1,O1,p03199,bundle_post_opt_4_custom_cleanup,True,store,527,459,-68
public_v1,O1,p03199,bundle_post_opt_4_custom_cleanup,True,sub,8,8,0
public_v1,O1,p03199,bundle_post_opt_4_custom_cleanup,True,switch,4,4,0
public_v1,O1,p03199,bundle_post_opt_4_custom_cleanup,True,trunc,32,32,0
public_v1,O1,p03199,bundle_post_opt_4_custom_cleanup,True,unreachable,5,5,0
public_v1,O1,p03199,bundle_post_opt_4_custom_cleanup,True,xor,9,9,0
public_v1,O1,p03199,bundle_post_opt_4_custom_cleanup,True,zext,66,66,0
public_v1,O1,p03261,main_default_opt_1,True,add,34,19,-15
public_v1,O1,p03261,main_default_opt_1,True,alloca,11,3,-8
public_v1,O1,p03261,main_default_opt_1,True,and,8,7,-1
public_v1,O1,p03261,main_default_opt_1,True,ashr,1,1,0
public_v1,O1,p03261,main_default_opt_1,True,br,17,17,0
public_v1,O1,p03261,main_default_opt_1,True,call,30,11,-19
public_v1,O1,p03261,main_default_opt_1,True,extractvalue,14,0,-14
public_v1,O1,p03261,main_default_opt_1,True,getelementptr,104,40,-64
public_v1,O1,p03261,main_default_opt_1,True,icmp,14,19,5
public_v1,O1,p03261,main_default_opt_1,True,insertvalue,23,0,-23
public_v1,O1,p03261,main_default_opt_1,True,inttoptr,2,2,0
public_v1,O1,p03261,main_default_opt_1,True,load,44,20,-24
public_v1,O1,p03261,main_default_opt_1,True,lshr,2,2,0
public_v1,O1,p03261,main_default_opt_1,True,mul,1,1,0
public_v1,O1,p03261,main_default_opt_1,True,or,1,2,1
public_v1,O1,p03261,main_default_opt_1,True,phi,7,10,3
public_v1,O1,p03261,main_default_opt_1,True,ptrtoint,6,5,-1
public_v1,O1,p03261,main_default_opt_1,True,ret,3,2,-1
public_v1,O1,p03261,main_default_opt_1,True,select,9,13,4
public_v1,O1,p03261,main_default_opt_1,True,sext,8,3,-5
public_v1,O1,p03261,main_default_opt_1,True,shl,7,6,-1
public_v1,O1,p03261,main_default_opt_1,True,store,181,125,-56
public_v1,O1,p03261,main_default_opt_1,True,sub,16,1,-15
public_v1,O1,p03261,main_default_opt_1,True,trunc,5,8,3
public_v1,O1,p03261,main_default_opt_1,True,xor,4,4,0
public_v1,O1,p03261,main_default_opt_1,True,zext,14,18,4
public_v1,O1,p03261,main_default_opt_2,True,add,10,7,-3
public_v1,O1,p03261,main_default_opt_2,True,alloca,1,1,0
public_v1,O1,p03261,main_default_opt_2,True,and,8,0,-8
public_v1,O1,p03261,main_default_opt_2,True,ashr,1,1,0
public_v1,O1,p03261,main_default_opt_2,True,br,17,14,-3
public_v1,O1,p03261,main_default_opt_2,True,call,6,5,-1
public_v1,O1,p03261,main_default_opt_2,True,getelementptr,22,22,0
public_v1,O1,p03261,main_default_opt_2,True,icmp,13,12,-1
public_v1,O1,p03261,main_default_opt_2,True,inttoptr,1,0,-1
public_v1,O1,p03261,main_default_opt_2,True,load,6,6,0
public_v1,O1,p03261,main_default_opt_2,True,or,8,0,-8
public_v1,O1,p03261,main_default_opt_2,True,phi,6,7,1
public_v1,O1,p03261,main_default_opt_2,True,ptrtoint,2,0,-2
public_v1,O1,p03261,main_default_opt_2,True,ret,3,2,-1
public_v1,O1,p03261,main_default_opt_2,True,select,10,9,-1
public_v1,O1,p03261,main_default_opt_2,True,sext,1,1,0
public_v1,O1,p03261,main_default_opt_2,True,shl,6,6,0
public_v1,O1,p03261,main_default_opt_2,True,store,79,79,0
public_v1,O1,p03261,main_default_opt_2,True,sub,1,0,-1
public_v1,O1,p03261,main_default_opt_2,True,trunc,5,5,0
public_v1,O1,p03261,main_default_opt_2,True,zext,8,5,-3
public_v1,O1,p03261,bundle_default_opt_3,True,add,7,7,0
public_v1,O1,p03261,bundle_default_opt_3,True,alloca,1,1,0
public_v1,O1,p03261,bundle_default_opt_3,True,ashr,1,1,0
public_v1,O1,p03261,bundle_default_opt_3,True,br,14,14,0
public_v1,O1,p03261,bundle_default_opt_3,True,call,5,5,0
public_v1,O1,p03261,bundle_default_opt_3,True,getelementptr,22,21,-1
public_v1,O1,p03261,bundle_default_opt_3,True,icmp,12,12,0
public_v1,O1,p03261,bundle_default_opt_3,True,load,6,6,0
public_v1,O1,p03261,bundle_default_opt_3,True,phi,7,7,0
public_v1,O1,p03261,bundle_default_opt_3,True,ret,2,2,0
public_v1,O1,p03261,bundle_default_opt_3,True,select,9,9,0
public_v1,O1,p03261,bundle_default_opt_3,True,sext,1,1,0
public_v1,O1,p03261,bundle_default_opt_3,True,shl,6,6,0
public_v1,O1,p03261,bundle_default_opt_3,True,store,79,79,0
public_v1,O1,p03261,bundle_default_opt_3,True,trunc,5,5,0
public_v1,O1,p03261,bundle_default_opt_3,True,zext,5,4,-1
public_v1,O1,p03261,bundle_default_opt_4,True,add,7,7,0
public_v1,O1,p03261,bundle_default_opt_4,True,alloca,1,1,0
public_v1,O1,p03261,bundle_default_opt_4,True,ashr,1,1,0
public_v1,O1,p03261,bundle_default_opt_4,True,br,14,14,0
public_v1,O1,p03261,bundle_default_opt_4,True,call,5,5,0
public_v1,O1,p03261,bundle_default_opt_4,True,getelementptr,21,21,0
public_v1,O1,p03261,bundle_default_opt_4,True,icmp,12,12,0
public_v1,O1,p03261,bundle_default_opt_4,True,load,6,6,0
public_v1,O1,p03261,bundle_default_opt_4,True,phi,7,7,0
public_v1,O1,p03261,bundle_default_opt_4,True,ret,2,2,0
public_v1,O1,p03261,bundle_default_opt_4,True,select,9,9,0
public_v1,O1,p03261,bundle_default_opt_4,True,sext,1,1,0
public_v1,O1,p03261,bundle_default_opt_4,True,shl,6,6,0
public_v1,O1,p03261,bundle_default_opt_4,True,store,79,79,0
public_v1,O1,p03261,bundle_default_opt_4,True,trunc,5,5,0
public_v1,O1,p03261,bundle_default_opt_4,True,zext,4,4,0
public_v1,O1,p03261,bundle_post_opt_4_custom_cleanup,True,add,7,7,0
public_v1,O1,p03261,bundle_post_opt_4_custom_cleanup,True,alloca,1,1,0
public_v1,O1,p03261,bundle_post_opt_4_custom_cleanup,True,ashr,1,1,0
public_v1,O1,p03261,bundle_post_opt_4_custom_cleanup,True,br,14,14,0
public_v1,O1,p03261,bundle_post_opt_4_custom_cleanup,True,call,5,5,0
public_v1,O1,p03261,bundle_post_opt_4_custom_cleanup,True,getelementptr,21,21,0
public_v1,O1,p03261,bundle_post_opt_4_custom_cleanup,True,icmp,12,12,0
public_v1,O1,p03261,bundle_post_opt_4_custom_cleanup,True,load,6,5,-1
public_v1,O1,p03261,bundle_post_opt_4_custom_cleanup,True,phi,7,8,1
public_v1,O1,p03261,bundle_post_opt_4_custom_cleanup,True,ret,2,1,-1
public_v1,O1,p03261,bundle_post_opt_4_custom_cleanup,True,select,9,7,-2
public_v1,O1,p03261,bundle_post_opt_4_custom_cleanup,True,sext,1,1,0
public_v1,O1,p03261,bundle_post_opt_4_custom_cleanup,True,shl,6,6,0
public_v1,O1,p03261,bundle_post_opt_4_custom_cleanup,True,store,79,33,-46
public_v1,O1,p03261,bundle_post_opt_4_custom_cleanup,True,trunc,5,4,-1
public_v1,O1,p03261,bundle_post_opt_4_custom_cleanup,True,zext,4,4,0
public_v1,O1,p03430,main_default_opt_1,True,add,489,358,-131
public_v1,O1,p03430,main_default_opt_1,True,alloca,13,7,-6
public_v1,O1,p03430,main_default_opt_1,True,and,129,95,-34
public_v1,O1,p03430,main_default_opt_1,True,ashr,2,2,0
public_v1,O1,p03430,main_default_opt_1,True,br,73,72,-1
public_v1,O1,p03430,main_default_opt_1,True,call,41,24,-17
public_v1,O1,p03430,main_default_opt_1,True,extractvalue,9,0,-9
public_v1,O1,p03430,main_default_opt_1,True,getelementptr,717,333,-384
public_v1,O1,p03430,main_default_opt_1,True,icmp,293,285,-8
public_v1,O1,p03430,main_default_opt_1,True,insertvalue,31,0,-31
public_v1,O1,p03430,main_default_opt_1,True,inttoptr,123,122,-1
public_v1,O1,p03430,main_default_opt_1,True,load,272,252,-20
public_v1,O1,p03430,main_default_opt_1,True,lshr,8,0,-8
public_v1,O1,p03430,main_default_opt_1,True,mul,53,53,0
public_v1,O1,p03430,main_default_opt_1,True,or,93,61,-32
public_v1,O1,p03430,main_default_opt_1,True,phi,16,10,-6
public_v1,O1,p03430,main_default_opt_1,True,ptrtoint,21,16,-5
public_v1,O1,p03430,main_default_opt_1,True,ret,4,2,-2
public_v1,O1,p03430,main_default_opt_1,True,select,254,254,0
public_v1,O1,p03430,main_default_opt_1,True,sext,16,15,-1
public_v1,O1,p03430,main_default_opt_1,True,shl,14,14,0
public_v1,O1,p03430,main_default_opt_1,True,store,265,197,-68
public_v1,O1,p03430,main_default_opt_1,True,sub,133,8,-125
public_v1,O1,p03430,main_default_opt_1,True,switch,3,2,-1
public_v1,O1,p03430,main_default_opt_1,True,trunc,23,10,-13
public_v1,O1,p03430,main_default_opt_1,True,xor,69,60,-9
public_v1,O1,p03430,main_default_opt_1,True,zext,121,93,-28
public_v1,O1,p03430,main_default_opt_2,True,add,356,356,0
public_v1,O1,p03430,main_default_opt_2,True,alloca,7,7,0
public_v1,O1,p03430,main_default_opt_2,True,and,95,95,0
public_v1,O1,p03430,main_default_opt_2,True,ashr,2,2,0
public_v1,O1,p03430,main_default_opt_2,True,br,72,72,0
public_v1,O1,p03430,main_default_opt_2,True,call,24,24,0
public_v1,O1,p03430,main_default_opt_2,True,getelementptr,333,333,0
public_v1,O1,p03430,main_default_opt_2,True,icmp,283,283,0
public_v1,O1,p03430,main_default_opt_2,True,inttoptr,121,121,0
public_v1,O1,p03430,main_default_opt_2,True,load,252,252,0
public_v1,O1,p03430,main_default_opt_2,True,mul,53,53,0
public_v1,O1,p03430,main_default_opt_2,True,or,61,61,0
public_v1,O1,p03430,main_default_opt_2,True,phi,10,10,0
public_v1,O1,p03430,main_default_opt_2,True,ptrtoint,20,16,-4
public_v1,O1,p03430,main_default_opt_2,True,ret,2,2,0
public_v1,O1,p03430,main_default_opt_2,True,select,252,252,0
public_v1,O1,p03430,main_default_opt_2,True,sext,15,15,0
public_v1,O1,p03430,main_default_opt_2,True,shl,14,14,0
public_v1,O1,p03430,main_default_opt_2,True,store,197,197,0
public_v1,O1,p03430,main_default_opt_2,True,sub,9,7,-2
public_v1,O1,p03430,main_default_opt_2,True,switch,2,2,0
public_v1,O1,p03430,main_default_opt_2,True,trunc,10,10,0
public_v1,O1,p03430,main_default_opt_2,True,xor,60,60,0
public_v1,O1,p03430,main_default_opt_2,True,zext,93,93,0
public_v1,O1,p03430,bundle_default_opt_3,True,add,121,121,0
public_v1,O1,p03430,bundle_default_opt_3,True,alloca,7,7,0
public_v1,O1,p03430,bundle_default_opt_3,True,and,95,95,0
public_v1,O1,p03430,bundle_default_opt_3,True,ashr,2,2,0
public_v1,O1,p03430,bundle_default_opt_3,True,br,72,72,0
public_v1,O1,p03430,bundle_default_opt_3,True,call,143,143,0
public_v1,O1,p03430,bundle_default_opt_3,True,getelementptr,94,94,0
public_v1,O1,p03430,bundle_default_opt_3,True,icmp,49,49,0
public_v1,O1,p03430,bundle_default_opt_3,True,inttoptr,4,4,0
public_v1,O1,p03430,bundle_default_opt_3,True,load,252,252,0
public_v1,O1,p03430,bundle_default_opt_3,True,mul,53,53,0
public_v1,O1,p03430,bundle_default_opt_3,True,or,61,61,0
public_v1,O1,p03430,bundle_default_opt_3,True,phi,10,10,0
public_v1,O1,p03430,bundle_default_opt_3,True,ptrtoint,16,16,0
public_v1,O1,p03430,bundle_default_opt_3,True,ret,4,4,0
public_v1,O1,p03430,bundle_default_opt_3,True,select,18,18,0
public_v1,O1,p03430,bundle_default_opt_3,True,sext,15,15,0
public_v1,O1,p03430,bundle_default_opt_3,True,shl,14,14,0
public_v1,O1,p03430,bundle_default_opt_3,True,store,192,192,0
public_v1,O1,p03430,bundle_default_opt_3,True,sub,7,7,0
public_v1,O1,p03430,bundle_default_opt_3,True,switch,2,2,0
public_v1,O1,p03430,bundle_default_opt_3,True,trunc,10,10,0
public_v1,O1,p03430,bundle_default_opt_3,True,xor,60,60,0
public_v1,O1,p03430,bundle_default_opt_3,True,zext,93,93,0
public_v1,O1,p03430,bundle_default_opt_4,True,add,121,121,0
public_v1,O1,p03430,bundle_default_opt_4,True,alloca,7,7,0
public_v1,O1,p03430,bundle_default_opt_4,True,and,95,95,0
public_v1,O1,p03430,bundle_default_opt_4,True,ashr,2,2,0
public_v1,O1,p03430,bundle_default_opt_4,True,br,72,72,0
public_v1,O1,p03430,bundle_default_opt_4,True,call,143,143,0
public_v1,O1,p03430,bundle_default_opt_4,True,getelementptr,94,94,0
public_v1,O1,p03430,bundle_default_opt_4,True,icmp,49,49,0
public_v1,O1,p03430,bundle_default_opt_4,True,inttoptr,4,4,0
public_v1,O1,p03430,bundle_default_opt_4,True,load,252,252,0
public_v1,O1,p03430,bundle_default_opt_4,True,mul,53,53,0
public_v1,O1,p03430,bundle_default_opt_4,True,or,61,61,0
public_v1,O1,p03430,bundle_default_opt_4,True,phi,10,10,0
public_v1,O1,p03430,bundle_default_opt_4,True,ptrtoint,16,16,0
public_v1,O1,p03430,bundle_default_opt_4,True,ret,4,4,0
public_v1,O1,p03430,bundle_default_opt_4,True,select,18,18,0
public_v1,O1,p03430,bundle_default_opt_4,True,sext,15,15,0
public_v1,O1,p03430,bundle_default_opt_4,True,shl,14,14,0
public_v1,O1,p03430,bundle_default_opt_4,True,store,192,192,0
public_v1,O1,p03430,bundle_default_opt_4,True,sub,7,7,0
public_v1,O1,p03430,bundle_default_opt_4,True,switch,2,2,0
public_v1,O1,p03430,bundle_default_opt_4,True,trunc,10,10,0
public_v1,O1,p03430,bundle_default_opt_4,True,xor,60,60,0
public_v1,O1,p03430,bundle_default_opt_4,True,zext,93,93,0
public_v1,O1,p03430,bundle_post_opt_4_custom_cleanup,True,add,121,121,0
public_v1,O1,p03430,bundle_post_opt_4_custom_cleanup,True,alloca,7,7,0
public_v1,O1,p03430,bundle_post_opt_4_custom_cleanup,True,and,95,95,0
public_v1,O1,p03430,bundle_post_opt_4_custom_cleanup,True,ashr,2,2,0
public_v1,O1,p03430,bundle_post_opt_4_custom_cleanup,True,br,72,70,-2
public_v1,O1,p03430,bundle_post_opt_4_custom_cleanup,True,call,143,143,0
public_v1,O1,p03430,bundle_post_opt_4_custom_cleanup,True,getelementptr,94,94,0
public_v1,O1,p03430,bundle_post_opt_4_custom_cleanup,True,icmp,49,49,0
public_v1,O1,p03430,bundle_post_opt_4_custom_cleanup,True,inttoptr,4,4,0
public_v1,O1,p03430,bundle_post_opt_4_custom_cleanup,True,load,252,251,-1
public_v1,O1,p03430,bundle_post_opt_4_custom_cleanup,True,mul,53,53,0
public_v1,O1,p03430,bundle_post_opt_4_custom_cleanup,True,or,61,61,0
public_v1,O1,p03430,bundle_post_opt_4_custom_cleanup,True,phi,10,12,2
public_v1,O1,p03430,bundle_post_opt_4_custom_cleanup,True,ptrtoint,16,16,0
public_v1,O1,p03430,bundle_post_opt_4_custom_cleanup,True,ret,4,4,0
public_v1,O1,p03430,bundle_post_opt_4_custom_cleanup,True,select,18,18,0
public_v1,O1,p03430,bundle_post_opt_4_custom_cleanup,True,sext,15,15,0
public_v1,O1,p03430,bundle_post_opt_4_custom_cleanup,True,shl,14,14,0
public_v1,O1,p03430,bundle_post_opt_4_custom_cleanup,True,store,192,121,-71
public_v1,O1,p03430,bundle_post_opt_4_custom_cleanup,True,sub,7,7,0
public_v1,O1,p03430,bundle_post_opt_4_custom_cleanup,True,switch,2,2,0
public_v1,O1,p03430,bundle_post_opt_4_custom_cleanup,True,trunc,10,10,0
public_v1,O1,p03430,bundle_post_opt_4_custom_cleanup,True,xor,60,60,0
public_v1,O1,p03430,bundle_post_opt_4_custom_cleanup,True,zext,93,93,0
public_v1,O1,p03434,main_default_opt_1,True,add,75,34,-41
public_v1,O1,p03434,main_default_opt_1,True,alloca,10,4,-6
public_v1,O1,p03434,main_default_opt_1,True,and,17,11,-6
public_v1,O1,p03434,main_default_opt_1,True,br,19,18,-1
public_v1,O1,p03434,main_default_opt_1,True,call,30,14,-16
public_v1,O1,p03434,main_default_opt_1,True,extractvalue,37,0,-37
public_v1,O1,p03434,main_default_opt_1,True,getelementptr,167,76,-91
public_v1,O1,p03434,main_default_opt_1,True,icmp,51,31,-20
public_v1,O1,p03434,main_default_opt_1,True,insertvalue,60,0,-60
public_v1,O1,p03434,main_default_opt_1,True,inttoptr,11,5,-6
public_v1,O1,p03434,main_default_opt_1,True,load,78,41,-37
public_v1,O1,p03434,main_default_opt_1,True,lshr,8,2,-6
public_v1,O1,p03434,main_default_opt_1,True,mul,2,2,0
public_v1,O1,p03434,main_default_opt_1,True,or,6,8,2
public_v1,O1,p03434,main_default_opt_1,True,phi,14,16,2
public_v1,O1,p03434,main_default_opt_1,True,ptrtoint,14,9,-5
public_v1,O1,p03434,main_default_opt_1,True,ret,7,3,-4
public_v1,O1,p03434,main_default_opt_1,True,sdiv,1,1,0
public_v1,O1,p03434,main_default_opt_1,True,select,35,24,-11
public_v1,O1,p03434,main_default_opt_1,True,sext,2,2,0
public_v1,O1,p03434,main_default_opt_1,True,shl,6,6,0
public_v1,O1,p03434,main_default_opt_1,True,store,186,131,-55
public_v1,O1,p03434,main_default_opt_1,True,sub,30,3,-27
public_v1,O1,p03434,main_default_opt_1,True,switch,1,1,0
public_v1,O1,p03434,main_default_opt_1,True,trunc,14,5,-9
public_v1,O1,p03434,main_default_opt_1,True,unreachable,1,1,0
public_v1,O1,p03434,main_default_opt_1,True,xor,15,8,-7
public_v1,O1,p03434,main_default_opt_1,True,zext,28,22,-6
public_v1,O1,p03434,main_default_opt_2,True,add,24,30,6
public_v1,O1,p03434,main_default_opt_2,True,alloca,5,5,0
public_v1,O1,p03434,main_default_opt_2,True,and,23,11,-12
public_v1,O1,p03434,main_default_opt_2,True,br,18,17,-1
public_v1,O1,p03434,main_default_opt_2,True,call,16,13,-3
public_v1,O1,p03434,main_default_opt_2,True,getelementptr,74,67,-7
public_v1,O1,p03434,main_default_opt_2,True,icmp,46,27,-19
public_v1,O1,p03434,main_default_opt_2,True,inttoptr,7,5,-2
public_v1,O1,p03434,main_default_opt_2,True,load,40,36,-4
public_v1,O1,p03434,main_default_opt_2,True,lshr,2,2,0
public_v1,O1,p03434,main_default_opt_2,True,mul,2,2,0
public_v1,O1,p03434,main_default_opt_2,True,or,8,7,-1
public_v1,O1,p03434,main_default_opt_2,True,phi,17,17,0
public_v1,O1,p03434,main_default_opt_2,True,ptrtoint,11,9,-2
public_v1,O1,p03434,main_default_opt_2,True,ret,3,3,0
public_v1,O1,p03434,main_default_opt_2,True,sdiv,1,0,-1
public_v1,O1,p03434,main_default_opt_2,True,select,27,21,-6
public_v1,O1,p03434,main_default_opt_2,True,sext,2,0,-2
public_v1,O1,p03434,main_default_opt_2,True,shl,6,4,-2
public_v1,O1,p03434,main_default_opt_2,True,store,131,133,2
public_v1,O1,p03434,main_default_opt_2,True,sub,15,3,-12
public_v1,O1,p03434,main_default_opt_2,True,switch,1,1,0
public_v1,O1,p03434,main_default_opt_2,True,trunc,5,6,1
public_v1,O1,p03434,main_default_opt_2,True,unreachable,1,0,-1
public_v1,O1,p03434,main_default_opt_2,True,xor,8,9,1
public_v1,O1,p03434,main_default_opt_2,True,zext,22,20,-2
public_v1,O1,p03434,bundle_default_opt_3,True,add,15,13,-2
public_v1,O1,p03434,bundle_default_opt_3,True,alloca,5,4,-1
public_v1,O1,p03434,bundle_default_opt_3,True,and,10,4,-6
public_v1,O1,p03434,bundle_default_opt_3,True,br,17,15,-2
public_v1,O1,p03434,bundle_default_opt_3,True,call,16,14,-2
public_v1,O1,p03434,bundle_default_opt_3,True,getelementptr,51,41,-10
public_v1,O1,p03434,bundle_default_opt_3,True,icmp,12,12,0
public_v1,O1,p03434,bundle_default_opt_3,True,inttoptr,1,1,0
public_v1,O1,p03434,bundle_default_opt_3,True,load,36,23,-13
public_v1,O1,p03434,bundle_default_opt_3,True,mul,2,2,0
public_v1,O1,p03434,bundle_default_opt_3,True,or,2,0,-2
public_v1,O1,p03434,bundle_default_opt_3,True,phi,13,14,1
public_v1,O1,p03434,bundle_default_opt_3,True,ptrtoint,6,4,-2
public_v1,O1,p03434,bundle_default_opt_3,True,ret,4,4,0
public_v1,O1,p03434,bundle_default_opt_3,True,select,9,7,-2
public_v1,O1,p03434,bundle_default_opt_3,True,sext,0,1,1
public_v1,O1,p03434,bundle_default_opt_3,True,shl,4,4,0
public_v1,O1,p03434,bundle_default_opt_3,True,store,103,74,-29
public_v1,O1,p03434,bundle_default_opt_3,True,sub,3,3,0
public_v1,O1,p03434,bundle_default_opt_3,True,switch,1,1,0
public_v1,O1,p03434,bundle_default_opt_3,True,trunc,3,3,0
public_v1,O1,p03434,bundle_default_opt_3,True,xor,5,5,0
public_v1,O1,p03434,bundle_default_opt_3,True,zext,7,6,-1
public_v1,O1,p03434,bundle_default_opt_4,True,add,13,13,0
public_v1,O1,p03434,bundle_default_opt_4,True,alloca,4,4,0
public_v1,O1,p03434,bundle_default_opt_4,True,and,4,4,0
public_v1,O1,p03434,bundle_default_opt_4,True,br,15,15,0
public_v1,O1,p03434,bundle_default_opt_4,True,call,14,14,0
public_v1,O1,p03434,bundle_default_opt_4,True,getelementptr,41,41,0
public_v1,O1,p03434,bundle_default_opt_4,True,icmp,12,12,0
public_v1,O1,p03434,bundle_default_opt_4,True,inttoptr,1,1,0
public_v1,O1,p03434,bundle_default_opt_4,True,load,23,23,0
public_v1,O1,p03434,bundle_default_opt_4,True,mul,2,2,0
public_v1,O1,p03434,bundle_default_opt_4,True,phi,14,14,0
public_v1,O1,p03434,bundle_default_opt_4,True,ptrtoint,4,4,0
public_v1,O1,p03434,bundle_default_opt_4,True,ret,4,4,0
public_v1,O1,p03434,bundle_default_opt_4,True,select,7,7,0
public_v1,O1,p03434,bundle_default_opt_4,True,sext,1,1,0
public_v1,O1,p03434,bundle_default_opt_4,True,shl,4,4,0
public_v1,O1,p03434,bundle_default_opt_4,True,store,74,74,0
public_v1,O1,p03434,bundle_default_opt_4,True,sub,3,3,0
public_v1,O1,p03434,bundle_default_opt_4,True,switch,1,1,0
public_v1,O1,p03434,bundle_default_opt_4,True,trunc,3,3,0
public_v1,O1,p03434,bundle_default_opt_4,True,xor,5,5,0
public_v1,O1,p03434,bundle_default_opt_4,True,zext,6,6,0
public_v1,O1,p03434,bundle_post_opt_4_custom_cleanup,True,add,13,13,0
public_v1,O1,p03434,bundle_post_opt_4_custom_cleanup,True,alloca,4,4,0
public_v1,O1,p03434,bundle_post_opt_4_custom_cleanup,True,and,4,4,0
public_v1,O1,p03434,bundle_post_opt_4_custom_cleanup,True,br,15,15,0
public_v1,O1,p03434,bundle_post_opt_4_custom_cleanup,True,call,14,14,0
public_v1,O1,p03434,bundle_post_opt_4_custom_cleanup,True,getelementptr,41,41,0
public_v1,O1,p03434,bundle_post_opt_4_custom_cleanup,True,icmp,12,12,0
public_v1,O1,p03434,bundle_post_opt_4_custom_cleanup,True,inttoptr,1,1,0
public_v1,O1,p03434,bundle_post_opt_4_custom_cleanup,True,load,23,20,-3
public_v1,O1,p03434,bundle_post_opt_4_custom_cleanup,True,mul,2,2,0
public_v1,O1,p03434,bundle_post_opt_4_custom_cleanup,True,phi,14,16,2
public_v1,O1,p03434,bundle_post_opt_4_custom_cleanup,True,ptrtoint,4,4,0
public_v1,O1,p03434,bundle_post_opt_4_custom_cleanup,True,ret,4,4,0
public_v1,O1,p03434,bundle_post_opt_4_custom_cleanup,True,select,7,7,0
public_v1,O1,p03434,bundle_post_opt_4_custom_cleanup,True,sext,1,1,0
public_v1,O1,p03434,bundle_post_opt_4_custom_cleanup,True,shl,4,4,0
public_v1,O1,p03434,bundle_post_opt_4_custom_cleanup,True,store,74,57,-17
public_v1,O1,p03434,bundle_post_opt_4_custom_cleanup,True,sub,3,3,0
public_v1,O1,p03434,bundle_post_opt_4_custom_cleanup,True,switch,1,1,0
public_v1,O1,p03434,bundle_post_opt_4_custom_cleanup,True,trunc,3,3,0
public_v1,O1,p03434,bundle_post_opt_4_custom_cleanup,True,xor,5,5,0
public_v1,O1,p03434,bundle_post_opt_4_custom_cleanup,True,zext,6,6,0
public_v1,O1,p03493,main_default_opt_1,True,add,61,45,-16
public_v1,O1,p03493,main_default_opt_1,True,alloca,9,3,-6
public_v1,O1,p03493,main_default_opt_1,True,and,10,6,-4
public_v1,O1,p03493,main_default_opt_1,True,br,8,8,0
public_v1,O1,p03493,main_default_opt_1,True,call,22,9,-13
public_v1,O1,p03493,main_default_opt_1,True,extractvalue,14,0,-14
public_v1,O1,p03493,main_default_opt_1,True,getelementptr,151,97,-54
public_v1,O1,p03493,main_default_opt_1,True,icmp,44,39,-5
public_v1,O1,p03493,main_default_opt_1,True,insertvalue,22,0,-22
public_v1,O1,p03493,main_default_opt_1,True,inttoptr,13,12,-1
public_v1,O1,p03493,main_default_opt_1,True,load,47,32,-15
public_v1,O1,p03493,main_default_opt_1,True,mul,3,2,-1
public_v1,O1,p03493,main_default_opt_1,True,or,7,6,-1
public_v1,O1,p03493,main_default_opt_1,True,phi,1,1,0
public_v1,O1,p03493,main_default_opt_1,True,ptrtoint,8,6,-2
public_v1,O1,p03493,main_default_opt_1,True,ret,3,2,-1
public_v1,O1,p03493,main_default_opt_1,True,select,40,37,-3
public_v1,O1,p03493,main_default_opt_1,True,store,140,86,-54
public_v1,O1,p03493,main_default_opt_1,True,sub,14,2,-12
public_v1,O1,p03493,main_default_opt_1,True,trunc,3,1,-2
public_v1,O1,p03493,main_default_opt_1,True,xor,4,3,-1
public_v1,O1,p03493,main_default_opt_1,True,zext,13,11,-2
public_v1,O1,p03493,main_default_opt_2,True,add,40,40,0
public_v1,O1,p03493,main_default_opt_2,True,alloca,3,3,0
public_v1,O1,p03493,main_default_opt_2,True,and,96,2,-94
public_v1,O1,p03493,main_default_opt_2,True,br,8,8,0
public_v1,O1,p03493,main_default_opt_2,True,call,8,9,1
public_v1,O1,p03493,main_default_opt_2,True,getelementptr,102,93,-9
public_v1,O1,p03493,main_default_opt_2,True,icmp,47,35,-12
public_v1,O1,p03493,main_default_opt_2,True,inttoptr,12,10,-2
public_v1,O1,p03493,main_default_opt_2,True,load,18,17,-1
public_v1,O1,p03493,main_default_opt_2,True,mul,1,1,0
public_v1,O1,p03493,main_default_opt_2,True,or,90,2,-88
public_v1,O1,p03493,main_default_opt_2,True,phi,4,4,0
public_v1,O1,p03493,main_default_opt_2,True,ptrtoint,6,4,-2
public_v1,O1,p03493,main_default_opt_2,True,ret,2,2,0
public_v1,O1,p03493,main_default_opt_2,True,select,40,34,-6
public_v1,O1,p03493,main_default_opt_2,True,store,58,55,-3
public_v1,O1,p03493,main_default_opt_2,True,sub,6,0,-6
public_v1,O1,p03493,main_default_opt_2,True,trunc,3,1,-2
public_v1,O1,p03493,main_default_opt_2,True,xor,1,1,0
public_v1,O1,p03493,main_default_opt_2,True,zext,6,4,-2
public_v1,O1,p03493,bundle_default_opt_3,True,add,11,11,0
public_v1,O1,p03493,bundle_default_opt_3,True,alloca,3,3,0
public_v1,O1,p03493,bundle_default_opt_3,True,and,2,2,0
public_v1,O1,p03493,bundle_default_opt_3,True,br,8,8,0
public_v1,O1,p03493,bundle_default_opt_3,True,call,9,9,0
public_v1,O1,p03493,bundle_default_opt_3,True,getelementptr,50,41,-9
public_v1,O1,p03493,bundle_default_opt_3,True,icmp,8,8,0
public_v1,O1,p03493,bundle_default_opt_3,True,inttoptr,1,1,0
public_v1,O1,p03493,bundle_default_opt_3,True,load,9,9,0
public_v1,O1,p03493,bundle_default_opt_3,True,mul,1,1,0
public_v1,O1,p03493,bundle_default_opt_3,True,or,2,2,0
public_v1,O1,p03493,bundle_default_opt_3,True,phi,5,4,-1
public_v1,O1,p03493,bundle_default_opt_3,True,ptrtoint,4,4,0
public_v1,O1,p03493,bundle_default_opt_3,True,ret,2,2,0
public_v1,O1,p03493,bundle_default_opt_3,True,select,7,7,0
public_v1,O1,p03493,bundle_default_opt_3,True,store,55,55,0
public_v1,O1,p03493,bundle_default_opt_3,True,trunc,1,1,0
public_v1,O1,p03493,bundle_default_opt_3,True,xor,1,1,0
public_v1,O1,p03493,bundle_default_opt_3,True,zext,4,4,0
public_v1,O1,p03493,bundle_default_opt_4,True,add,11,11,0
public_v1,O1,p03493,bundle_default_opt_4,True,alloca,3,3,0
public_v1,O1,p03493,bundle_default_opt_4,True,and,2,2,0
public_v1,O1,p03493,bundle_default_opt_4,True,br,8,8,0
public_v1,O1,p03493,bundle_default_opt_4,True,call,9,9,0
public_v1,O1,p03493,bundle_default_opt_4,True,getelementptr,41,41,0
public_v1,O1,p03493,bundle_default_opt_4,True,icmp,8,8,0
public_v1,O1,p03493,bundle_default_opt_4,True,inttoptr,1,1,0
public_v1,O1,p03493,bundle_default_opt_4,True,load,9,9,0
public_v1,O1,p03493,bundle_default_opt_4,True,mul,1,1,0
public_v1,O1,p03493,bundle_default_opt_4,True,or,2,2,0
public_v1,O1,p03493,bundle_default_opt_4,True,phi,4,4,0
public_v1,O1,p03493,bundle_default_opt_4,True,ptrtoint,4,4,0
public_v1,O1,p03493,bundle_default_opt_4,True,ret,2,2,0
public_v1,O1,p03493,bundle_default_opt_4,True,select,7,7,0
public_v1,O1,p03493,bundle_default_opt_4,True,store,55,55,0
public_v1,O1,p03493,bundle_default_opt_4,True,trunc,1,1,0
public_v1,O1,p03493,bundle_default_opt_4,True,xor,1,1,0
public_v1,O1,p03493,bundle_default_opt_4,True,zext,4,4,0
public_v1,O1,p03493,bundle_post_opt_4_custom_cleanup,True,add,11,11,0
public_v1,O1,p03493,bundle_post_opt_4_custom_cleanup,True,alloca,3,3,0
public_v1,O1,p03493,bundle_post_opt_4_custom_cleanup,True,and,2,2,0
public_v1,O1,p03493,bundle_post_opt_4_custom_cleanup,True,br,8,8,0
public_v1,O1,p03493,bundle_post_opt_4_custom_cleanup,True,call,9,9,0
public_v1,O1,p03493,bundle_post_opt_4_custom_cleanup,True,getelementptr,41,41,0
public_v1,O1,p03493,bundle_post_opt_4_custom_cleanup,True,icmp,8,8,0
public_v1,O1,p03493,bundle_post_opt_4_custom_cleanup,True,inttoptr,1,1,0
public_v1,O1,p03493,bundle_post_opt_4_custom_cleanup,True,load,9,9,0
public_v1,O1,p03493,bundle_post_opt_4_custom_cleanup,True,mul,1,1,0
public_v1,O1,p03493,bundle_post_opt_4_custom_cleanup,True,or,2,2,0
public_v1,O1,p03493,bundle_post_opt_4_custom_cleanup,True,phi,4,4,0
public_v1,O1,p03493,bundle_post_opt_4_custom_cleanup,True,ptrtoint,4,4,0
public_v1,O1,p03493,bundle_post_opt_4_custom_cleanup,True,ret,2,2,0
public_v1,O1,p03493,bundle_post_opt_4_custom_cleanup,True,select,7,7,0
public_v1,O1,p03493,bundle_post_opt_4_custom_cleanup,True,store,55,47,-8
public_v1,O1,p03493,bundle_post_opt_4_custom_cleanup,True,trunc,1,1,0
public_v1,O1,p03493,bundle_post_opt_4_custom_cleanup,True,xor,1,1,0
public_v1,O1,p03493,bundle_post_opt_4_custom_cleanup,True,zext,4,4,0
public_v1,O1,p03510,main_default_opt_1,True,add,452,343,-109
public_v1,O1,p03510,main_default_opt_1,True,alloca,9,5,-4
public_v1,O1,p03510,main_default_opt_1,True,and,84,53,-31
public_v1,O1,p03510,main_default_opt_1,True,br,59,58,-1
public_v1,O1,p03510,main_default_opt_1,True,call,52,33,-19
public_v1,O1,p03510,main_default_opt_1,True,extractvalue,62,22,-40
public_v1,O1,p03510,main_default_opt_1,True,getelementptr,692,488,-204
public_v1,O1,p03510,main_default_opt_1,True,icmp,296,249,-47
public_v1,O1,p03510,main_default_opt_1,True,insertvalue,78,7,-71
public_v1,O1,p03510,main_default_opt_1,True,inttoptr,119,108,-11
public_v1,O1,p03510,main_default_opt_1,True,load,301,262,-39
public_v1,O1,p03510,main_default_opt_1,True,lshr,24,2,-22
public_v1,O1,p03510,main_default_opt_1,True,mul,15,14,-1
public_v1,O1,p03510,main_default_opt_1,True,or,55,43,-12
public_v1,O1,p03510,main_default_opt_1,True,phi,38,29,-9
public_v1,O1,p03510,main_default_opt_1,True,ptrtoint,24,20,-4
public_v1,O1,p03510,main_default_opt_1,True,ret,7,3,-4
public_v1,O1,p03510,main_default_opt_1,True,sdiv,2,2,0
public_v1,O1,p03510,main_default_opt_1,True,select,249,231,-18
public_v1,O1,p03510,main_default_opt_1,True,sext,4,4,0
public_v1,O1,p03510,main_default_opt_1,True,shl,33,32,-1
public_v1,O1,p03510,main_default_opt_1,True,store,312,276,-36
public_v1,O1,p03510,main_default_opt_1,True,sub,108,53,-55
public_v1,O1,p03510,main_default_opt_1,True,switch,3,2,-1
public_v1,O1,p03510,main_default_opt_1,True,trunc,35,9,-26
public_v1,O1,p03510,main_default_opt_1,True,unreachable,2,2,0
public_v1,O1,p03510,main_default_opt_1,True,xor,66,40,-26
public_v1,O1,p03510,main_default_opt_1,True,zext,88,52,-36
public_v1,O1,p03510,main_default_opt_2,True,add,320,292,-28
public_v1,O1,p03510,main_default_opt_2,True,alloca,6,6,0
public_v1,O1,p03510,main_default_opt_2,True,and,144,52,-92
public_v1,O1,p03510,main_default_opt_2,True,br,58,58,0
public_v1,O1,p03510,main_default_opt_2,True,call,34,35,1
public_v1,O1,p03510,main_default_opt_2,True,extractvalue,22,22,0
public_v1,O1,p03510,main_default_opt_2,True,getelementptr,463,399,-64
public_v1,O1,p03510,main_default_opt_2,True,icmp,234,222,-12
public_v1,O1,p03510,main_default_opt_2,True,insertvalue,7,7,0
public_v1,O1,p03510,main_default_opt_2,True,inttoptr,98,90,-8
public_v1,O1,p03510,main_default_opt_2,True,load,238,228,-10
public_v1,O1,p03510,main_default_opt_2,True,lshr,2,2,0
public_v1,O1,p03510,main_default_opt_2,True,mul,14,14,0
public_v1,O1,p03510,main_default_opt_2,True,or,130,42,-88
public_v1,O1,p03510,main_default_opt_2,True,phi,35,34,-1
public_v1,O1,p03510,main_default_opt_2,True,ptrtoint,21,18,-3
public_v1,O1,p03510,main_default_opt_2,True,ret,3,3,0
public_v1,O1,p03510,main_default_opt_2,True,sdiv,2,2,0
public_v1,O1,p03510,main_default_opt_2,True,select,213,205,-8
public_v1,O1,p03510,main_default_opt_2,True,sext,4,4,0
public_v1,O1,p03510,main_default_opt_2,True,shl,32,30,-2
public_v1,O1,p03510,main_default_opt_2,True,store,248,244,-4
public_v1,O1,p03510,main_default_opt_2,True,sub,53,21,-32
public_v1,O1,p03510,main_default_opt_2,True,switch,2,2,0
public_v1,O1,p03510,main_default_opt_2,True,trunc,10,9,-1
public_v1,O1,p03510,main_default_opt_2,True,unreachable,2,2,0
public_v1,O1,p03510,main_default_opt_2,True,xor,40,39,-1
public_v1,O1,p03510,main_default_opt_2,True,zext,49,48,-1
public_v1,O1,p03510,bundle_default_opt_3,True,add,101,94,-7
public_v1,O1,p03510,bundle_default_opt_3,True,alloca,6,6,0
public_v1,O1,p03510,bundle_default_opt_3,True,and,51,51,0
public_v1,O1,p03510,bundle_default_opt_3,True,br,58,57,-1
public_v1,O1,p03510,bundle_default_opt_3,True,call,85,85,0
public_v1,O1,p03510,bundle_default_opt_3,True,extractvalue,22,22,0
public_v1,O1,p03510,bundle_default_opt_3,True,getelementptr,183,149,-34
public_v1,O1,p03510,bundle_default_opt_3,True,icmp,36,38,2
public_v1,O1,p03510,bundle_default_opt_3,True,insertvalue,7,7,0
public_v1,O1,p03510,bundle_default_opt_3,True,inttoptr,7,7,0
public_v1,O1,p03510,bundle_default_opt_3,True,load,183,185,2
public_v1,O1,p03510,bundle_default_opt_3,True,lshr,2,2,0
public_v1,O1,p03510,bundle_default_opt_3,True,mul,14,14,0
public_v1,O1,p03510,bundle_default_opt_3,True,or,42,43,1
public_v1,O1,p03510,bundle_default_opt_3,True,phi,36,35,-1
public_v1,O1,p03510,bundle_default_opt_3,True,ptrtoint,25,17,-8
public_v1,O1,p03510,bundle_default_opt_3,True,ret,4,4,0
public_v1,O1,p03510,bundle_default_opt_3,True,sdiv,2,2,0
public_v1,O1,p03510,bundle_default_opt_3,True,select,15,17,2
public_v1,O1,p03510,bundle_default_opt_3,True,sext,4,4,0
public_v1,O1,p03510,bundle_default_opt_3,True,shl,30,30,0
public_v1,O1,p03510,bundle_default_opt_3,True,store,244,221,-23
public_v1,O1,p03510,bundle_default_opt_3,True,sub,20,18,-2
public_v1,O1,p03510,bundle_default_opt_3,True,switch,2,2,0
public_v1,O1,p03510,bundle_default_opt_3,True,trunc,9,9,0
public_v1,O1,p03510,bundle_default_opt_3,True,unreachable,2,2,0
public_v1,O1,p03510,bundle_default_opt_3,True,xor,39,38,-1
public_v1,O1,p03510,bundle_default_opt_3,True,zext,48,48,0
public_v1,O1,p03510,bundle_default_opt_4,True,add,94,94,0
public_v1,O1,p03510,bundle_default_opt_4,True,alloca,6,6,0
public_v1,O1,p03510,bundle_default_opt_4,True,and,51,51,0
public_v1,O1,p03510,bundle_default_opt_4,True,br,57,57,0
public_v1,O1,p03510,bundle_default_opt_4,True,call,85,85,0
public_v1,O1,p03510,bundle_default_opt_4,True,extractvalue,22,22,0
public_v1,O1,p03510,bundle_default_opt_4,True,getelementptr,149,141,-8
public_v1,O1,p03510,bundle_default_opt_4,True,icmp,38,38,0
public_v1,O1,p03510,bundle_default_opt_4,True,insertvalue,7,7,0
public_v1,O1,p03510,bundle_default_opt_4,True,inttoptr,7,7,0
public_v1,O1,p03510,bundle_default_opt_4,True,load,185,185,0
public_v1,O1,p03510,bundle_default_opt_4,True,lshr,2,2,0
public_v1,O1,p03510,bundle_default_opt_4,True,mul,14,14,0
public_v1,O1,p03510,bundle_default_opt_4,True,or,43,43,0
public_v1,O1,p03510,bundle_default_opt_4,True,phi,35,35,0
public_v1,O1,p03510,bundle_default_opt_4,True,ptrtoint,17,17,0
public_v1,O1,p03510,bundle_default_opt_4,True,ret,4,4,0
public_v1,O1,p03510,bundle_default_opt_4,True,sdiv,2,2,0
public_v1,O1,p03510,bundle_default_opt_4,True,select,17,17,0
public_v1,O1,p03510,bundle_default_opt_4,True,sext,4,4,0
public_v1,O1,p03510,bundle_default_opt_4,True,shl,30,29,-1
public_v1,O1,p03510,bundle_default_opt_4,True,store,221,221,0
public_v1,O1,p03510,bundle_default_opt_4,True,sub,18,16,-2
public_v1,O1,p03510,bundle_default_opt_4,True,switch,2,2,0
public_v1,O1,p03510,bundle_default_opt_4,True,trunc,9,9,0
public_v1,O1,p03510,bundle_default_opt_4,True,unreachable,2,2,0
public_v1,O1,p03510,bundle_default_opt_4,True,xor,38,38,0
public_v1,O1,p03510,bundle_default_opt_4,True,zext,48,48,0
public_v1,O1,p03510,bundle_post_opt_4_custom_cleanup,True,add,94,94,0
public_v1,O1,p03510,bundle_post_opt_4_custom_cleanup,True,alloca,6,6,0
public_v1,O1,p03510,bundle_post_opt_4_custom_cleanup,True,and,51,51,0
public_v1,O1,p03510,bundle_post_opt_4_custom_cleanup,True,br,57,57,0
public_v1,O1,p03510,bundle_post_opt_4_custom_cleanup,True,call,85,85,0
public_v1,O1,p03510,bundle_post_opt_4_custom_cleanup,True,extractvalue,22,22,0
public_v1,O1,p03510,bundle_post_opt_4_custom_cleanup,True,getelementptr,141,141,0
public_v1,O1,p03510,bundle_post_opt_4_custom_cleanup,True,icmp,38,38,0
public_v1,O1,p03510,bundle_post_opt_4_custom_cleanup,True,insertvalue,7,7,0
public_v1,O1,p03510,bundle_post_opt_4_custom_cleanup,True,inttoptr,7,7,0
public_v1,O1,p03510,bundle_post_opt_4_custom_cleanup,True,load,185,183,-2
public_v1,O1,p03510,bundle_post_opt_4_custom_cleanup,True,lshr,2,2,0
public_v1,O1,p03510,bundle_post_opt_4_custom_cleanup,True,mul,14,14,0
public_v1,O1,p03510,bundle_post_opt_4_custom_cleanup,True,or,43,43,0
public_v1,O1,p03510,bundle_post_opt_4_custom_cleanup,True,phi,35,39,4
public_v1,O1,p03510,bundle_post_opt_4_custom_cleanup,True,ptrtoint,17,17,0
public_v1,O1,p03510,bundle_post_opt_4_custom_cleanup,True,ret,4,4,0
public_v1,O1,p03510,bundle_post_opt_4_custom_cleanup,True,sdiv,2,2,0
public_v1,O1,p03510,bundle_post_opt_4_custom_cleanup,True,select,17,16,-1
public_v1,O1,p03510,bundle_post_opt_4_custom_cleanup,True,sext,4,4,0
public_v1,O1,p03510,bundle_post_opt_4_custom_cleanup,True,shl,29,29,0
public_v1,O1,p03510,bundle_post_opt_4_custom_cleanup,True,store,221,202,-19
public_v1,O1,p03510,bundle_post_opt_4_custom_cleanup,True,sub,16,16,0
public_v1,O1,p03510,bundle_post_opt_4_custom_cleanup,True,switch,2,2,0
public_v1,O1,p03510,bundle_post_opt_4_custom_cleanup,True,trunc,9,9,0
public_v1,O1,p03510,bundle_post_opt_4_custom_cleanup,True,unreachable,2,2,0
public_v1,O1,p03510,bundle_post_opt_4_custom_cleanup,True,xor,38,38,0
public_v1,O1,p03510,bundle_post_opt_4_custom_cleanup,True,zext,48,48,0
public_v1,O1,p03543,main_default_opt_1,True,add,80,56,-24
public_v1,O1,p03543,main_default_opt_1,True,alloca,5,1,-4
public_v1,O1,p03543,main_default_opt_1,True,and,25,5,-20
public_v1,O1,p03543,main_default_opt_1,True,br,15,9,-6
public_v1,O1,p03543,main_default_opt_1,True,call,16,6,-10
public_v1,O1,p03543,main_default_opt_1,True,extractvalue,14,0,-14
public_v1,O1,p03543,main_default_opt_1,True,freeze,6,6,0
public_v1,O1,p03543,main_default_opt_1,True,getelementptr,183,113,-70
public_v1,O1,p03543,main_default_opt_1,True,icmp,83,52,-31
public_v1,O1,p03543,main_default_opt_1,True,insertvalue,22,0,-22
public_v1,O1,p03543,main_default_opt_1,True,inttoptr,23,17,-6
public_v1,O1,p03543,main_default_opt_1,True,load,61,46,-15
public_v1,O1,p03543,main_default_opt_1,True,mul,4,2,-2
public_v1,O1,p03543,main_default_opt_1,True,or,19,5,-14
public_v1,O1,p03543,main_default_opt_1,True,phi,30,11,-19
public_v1,O1,p03543,main_default_opt_1,True,ptrtoint,11,4,-7
public_v1,O1,p03543,main_default_opt_1,True,ret,3,2,-1
public_v1,O1,p03543,main_default_opt_1,True,select,67,49,-18
public_v1,O1,p03543,main_default_opt_1,True,store,107,65,-42
public_v1,O1,p03543,main_default_opt_1,True,sub,17,1,-16
public_v1,O1,p03543,main_default_opt_1,True,switch,1,0,-1
public_v1,O1,p03543,main_default_opt_1,True,trunc,2,1,-1
public_v1,O1,p03543,main_default_opt_1,True,udiv,6,6,0
public_v1,O1,p03543,main_default_opt_1,True,urem,6,6,0
public_v1,O1,p03543,main_default_opt_1,True,xor,6,4,-2
public_v1,O1,p03543,main_default_opt_1,True,zext,15,9,-6
public_v1,O1,p03543,main_default_opt_2,True,add,38,32,-6
public_v1,O1,p03543,main_default_opt_2,True,alloca,2,2,0
public_v1,O1,p03543,main_default_opt_2,True,and,9,1,-8
public_v1,O1,p03543,main_default_opt_2,True,br,9,8,-1
public_v1,O1,p03543,main_default_opt_2,True,call,7,4,-3
public_v1,O1,p03543,main_default_opt_2,True,freeze,6,4,-2
public_v1,O1,p03543,main_default_opt_2,True,getelementptr,91,72,-19
public_v1,O1,p03543,main_default_opt_2,True,icmp,35,29,-6
public_v1,O1,p03543,main_default_opt_2,True,inttoptr,10,8,-2
public_v1,O1,p03543,main_default_opt_2,True,load,26,22,-4
public_v1,O1,p03543,main_default_opt_2,True,mul,1,1,0
public_v1,O1,p03543,main_default_opt_2,True,or,9,1,-8
public_v1,O1,p03543,main_default_opt_2,True,phi,2,3,1
public_v1,O1,p03543,main_default_opt_2,True,ptrtoint,2,1,-1
public_v1,O1,p03543,main_default_opt_2,True,ret,2,2,0
public_v1,O1,p03543,main_default_opt_2,True,select,34,28,-6
public_v1,O1,p03543,main_default_opt_2,True,store,37,39,2
public_v1,O1,p03543,main_default_opt_2,True,sub,1,1,0
public_v1,O1,p03543,main_default_opt_2,True,trunc,1,1,0
public_v1,O1,p03543,main_default_opt_2,True,udiv,6,6,0
public_v1,O1,p03543,main_default_opt_2,True,urem,6,6,0
public_v1,O1,p03543,main_default_opt_2,True,xor,2,2,0
public_v1,O1,p03543,main_default_opt_2,True,zext,2,2,0
public_v1,O1,p03543,bundle_default_opt_3,True,add,11,11,0
public_v1,O1,p03543,bundle_default_opt_3,True,alloca,2,2,0
public_v1,O1,p03543,bundle_default_opt_3,True,and,1,1,0
public_v1,O1,p03543,bundle_default_opt_3,True,br,8,8,0
public_v1,O1,p03543,bundle_default_opt_3,True,call,12,12,0
public_v1,O1,p03543,bundle_default_opt_3,True,freeze,4,4,0
public_v1,O1,p03543,bundle_default_opt_3,True,getelementptr,27,26,-1
public_v1,O1,p03543,bundle_default_opt_3,True,icmp,8,8,0
public_v1,O1,p03543,bundle_default_opt_3,True,inttoptr,1,1,0
public_v1,O1,p03543,bundle_default_opt_3,True,load,22,22,0
public_v1,O1,p03543,bundle_default_opt_3,True,mul,1,1,0
public_v1,O1,p03543,bundle_default_opt_3,True,or,1,1,0
public_v1,O1,p03543,bundle_default_opt_3,True,phi,3,3,0
public_v1,O1,p03543,bundle_default_opt_3,True,ptrtoint,1,1,0
public_v1,O1,p03543,bundle_default_opt_3,True,ret,3,3,0
public_v1,O1,p03543,bundle_default_opt_3,True,select,7,7,0
public_v1,O1,p03543,bundle_default_opt_3,True,store,39,39,0
public_v1,O1,p03543,bundle_default_opt_3,True,trunc,1,1,0
public_v1,O1,p03543,bundle_default_opt_3,True,udiv,6,6,0
public_v1,O1,p03543,bundle_default_opt_3,True,urem,6,6,0
public_v1,O1,p03543,bundle_default_opt_3,True,xor,2,2,0
public_v1,O1,p03543,bundle_default_opt_3,True,zext,2,2,0
public_v1,O1,p03543,bundle_default_opt_4,True,add,11,11,0
public_v1,O1,p03543,bundle_default_opt_4,True,alloca,2,2,0
public_v1,O1,p03543,bundle_default_opt_4,True,and,1,1,0
public_v1,O1,p03543,bundle_default_opt_4,True,br,8,8,0
public_v1,O1,p03543,bundle_default_opt_4,True,call,12,12,0
public_v1,O1,p03543,bundle_default_opt_4,True,freeze,4,4,0
public_v1,O1,p03543,bundle_default_opt_4,True,getelementptr,26,26,0
public_v1,O1,p03543,bundle_default_opt_4,True,icmp,8,8,0
public_v1,O1,p03543,bundle_default_opt_4,True,inttoptr,1,1,0
public_v1,O1,p03543,bundle_default_opt_4,True,load,22,22,0
public_v1,O1,p03543,bundle_default_opt_4,True,mul,1,1,0
public_v1,O1,p03543,bundle_default_opt_4,True,or,1,1,0
public_v1,O1,p03543,bundle_default_opt_4,True,phi,3,3,0
public_v1,O1,p03543,bundle_default_opt_4,True,ptrtoint,1,1,0
public_v1,O1,p03543,bundle_default_opt_4,True,ret,3,3,0
public_v1,O1,p03543,bundle_default_opt_4,True,select,7,7,0
public_v1,O1,p03543,bundle_default_opt_4,True,store,39,39,0
public_v1,O1,p03543,bundle_default_opt_4,True,trunc,1,1,0
public_v1,O1,p03543,bundle_default_opt_4,True,udiv,6,6,0
public_v1,O1,p03543,bundle_default_opt_4,True,urem,6,6,0
public_v1,O1,p03543,bundle_default_opt_4,True,xor,2,2,0
public_v1,O1,p03543,bundle_default_opt_4,True,zext,2,2,0
public_v1,O1,p03543,bundle_post_opt_4_custom_cleanup,True,add,11,11,0
public_v1,O1,p03543,bundle_post_opt_4_custom_cleanup,True,alloca,2,2,0
public_v1,O1,p03543,bundle_post_opt_4_custom_cleanup,True,and,1,1,0
public_v1,O1,p03543,bundle_post_opt_4_custom_cleanup,True,br,8,8,0
public_v1,O1,p03543,bundle_post_opt_4_custom_cleanup,True,call,12,12,0
public_v1,O1,p03543,bundle_post_opt_4_custom_cleanup,True,freeze,4,4,0
public_v1,O1,p03543,bundle_post_opt_4_custom_cleanup,True,getelementptr,26,26,0
public_v1,O1,p03543,bundle_post_opt_4_custom_cleanup,True,icmp,8,8,0
public_v1,O1,p03543,bundle_post_opt_4_custom_cleanup,True,inttoptr,1,1,0
public_v1,O1,p03543,bundle_post_opt_4_custom_cleanup,True,load,22,21,-1
public_v1,O1,p03543,bundle_post_opt_4_custom_cleanup,True,mul,1,1,0
public_v1,O1,p03543,bundle_post_opt_4_custom_cleanup,True,or,1,1,0
public_v1,O1,p03543,bundle_post_opt_4_custom_cleanup,True,phi,3,3,0
public_v1,O1,p03543,bundle_post_opt_4_custom_cleanup,True,ptrtoint,1,1,0
public_v1,O1,p03543,bundle_post_opt_4_custom_cleanup,True,ret,3,3,0
public_v1,O1,p03543,bundle_post_opt_4_custom_cleanup,True,select,7,7,0
public_v1,O1,p03543,bundle_post_opt_4_custom_cleanup,True,store,39,31,-8
public_v1,O1,p03543,bundle_post_opt_4_custom_cleanup,True,trunc,1,1,0
public_v1,O1,p03543,bundle_post_opt_4_custom_cleanup,True,udiv,6,6,0
public_v1,O1,p03543,bundle_post_opt_4_custom_cleanup,True,urem,6,6,0
public_v1,O1,p03543,bundle_post_opt_4_custom_cleanup,True,xor,2,2,0
public_v1,O1,p03543,bundle_post_opt_4_custom_cleanup,True,zext,2,2,0
public_v1,O1,p03773,main_default_opt_1,True,add,33,9,-24
public_v1,O1,p03773,main_default_opt_1,True,alloca,9,1,-8
public_v1,O1,p03773,main_default_opt_1,True,and,6,0,-6
public_v1,O1,p03773,main_default_opt_1,True,br,2,0,-2
public_v1,O1,p03773,main_default_opt_1,True,call,22,3,-19
public_v1,O1,p03773,main_default_opt_1,True,extractvalue,14,0,-14
public_v1,O1,p03773,main_default_opt_1,True,getelementptr,104,22,-82
public_v1,O1,p03773,main_default_opt_1,True,icmp,15,6,-9
public_v1,O1,p03773,main_default_opt_1,True,insertvalue,22,0,-22
public_v1,O1,p03773,main_default_opt_1,True,inttoptr,8,4,-4
public_v1,O1,p03773,main_default_opt_1,True,load,36,15,-21
public_v1,O1,p03773,main_default_opt_1,True,mul,2,0,-2
public_v1,O1,p03773,main_default_opt_1,True,or,3,1,-2
public_v1,O1,p03773,main_default_opt_1,True,phi,2,0,-2
public_v1,O1,p03773,main_default_opt_1,True,ptrtoint,5,4,-1
public_v1,O1,p03773,main_default_opt_1,True,ret,3,2,-1
public_v1,O1,p03773,main_default_opt_1,True,select,13,6,-7
public_v1,O1,p03773,main_default_opt_1,True,sext,2,1,-1
public_v1,O1,p03773,main_default_opt_1,True,srem,2,1,-1
public_v1,O1,p03773,main_default_opt_1,True,store,119,41,-78
public_v1,O1,p03773,main_default_opt_1,True,sub,15,0,-15
public_v1,O1,p03773,main_default_opt_1,True,trunc,4,1,-3
public_v1,O1,p03773,main_default_opt_1,True,xor,3,0,-3
public_v1,O1,p03773,main_default_opt_1,True,zext,6,3,-3
public_v1,O1,p03773,main_default_opt_2,True,add,3,3,0
public_v1,O1,p03773,main_default_opt_2,True,alloca,3,3,0
public_v1,O1,p03773,main_default_opt_2,True,and,8,0,-8
public_v1,O1,p03773,main_default_opt_2,True,call,6,2,-4
public_v1,O1,p03773,main_default_opt_2,True,getelementptr,14,12,-2
public_v1,O1,p03773,main_default_opt_2,True,load,2,4,2
public_v1,O1,p03773,main_default_opt_2,True,or,8,0,-8
public_v1,O1,p03773,main_default_opt_2,True,ptrtoint,1,1,0
public_v1,O1,p03773,main_default_opt_2,True,ret,2,2,0
public_v1,O1,p03773,main_default_opt_2,True,sext,1,1,0
public_v1,O1,p03773,main_default_opt_2,True,srem,1,1,0
public_v1,O1,p03773,main_default_opt_2,True,store,13,17,4
public_v1,O1,p03773,main_default_opt_2,True,trunc,1,1,0
public_v1,O1,p03773,bundle_default_opt_3,True,add,1,1,0
public_v1,O1,p03773,bundle_default_opt_3,True,alloca,2,2,0
public_v1,O1,p03773,bundle_default_opt_3,True,call,2,2,0
public_v1,O1,p03773,bundle_default_opt_3,True,load,2,2,0
public_v1,O1,p03773,bundle_default_opt_3,True,ret,2,2,0
public_v1,O1,p03773,bundle_default_opt_3,True,sext,1,1,0
public_v1,O1,p03773,bundle_default_opt_3,True,srem,1,1,0
public_v1,O1,p03773,bundle_default_opt_3,True,trunc,1,1,0
public_v1,O1,p03773,bundle_default_opt_4,True,add,1,1,0
public_v1,O1,p03773,bundle_default_opt_4,True,alloca,2,2,0
public_v1,O1,p03773,bundle_default_opt_4,True,call,2,2,0
public_v1,O1,p03773,bundle_default_opt_4,True,load,2,2,0
public_v1,O1,p03773,bundle_default_opt_4,True,ret,2,2,0
public_v1,O1,p03773,bundle_default_opt_4,True,sext,1,1,0
public_v1,O1,p03773,bundle_default_opt_4,True,srem,1,1,0
public_v1,O1,p03773,bundle_default_opt_4,True,trunc,1,1,0
public_v1,O1,p03773,bundle_post_opt_4_custom_cleanup,True,add,1,1,0
public_v1,O1,p03773,bundle_post_opt_4_custom_cleanup,True,alloca,2,2,0
public_v1,O1,p03773,bundle_post_opt_4_custom_cleanup,True,call,2,2,0
public_v1,O1,p03773,bundle_post_opt_4_custom_cleanup,True,load,2,2,0
public_v1,O1,p03773,bundle_post_opt_4_custom_cleanup,True,ret,2,1,-1
public_v1,O1,p03773,bundle_post_opt_4_custom_cleanup,True,sext,1,1,0
public_v1,O1,p03773,bundle_post_opt_4_custom_cleanup,True,srem,1,1,0
public_v1,O1,p03773,bundle_post_opt_4_custom_cleanup,True,trunc,1,1,0
public_v1,O1,p03776,main_default_opt_1,True,add,1154,952,-202
public_v1,O1,p03776,main_default_opt_1,True,alloca,9,3,-6
public_v1,O1,p03776,main_default_opt_1,True,and,449,424,-25
public_v1,O1,p03776,main_default_opt_1,True,bitcast,1,1,0
public_v1,O1,p03776,main_default_opt_1,True,br,337,326,-11
public_v1,O1,p03776,main_default_opt_1,True,call,63,45,-18
public_v1,O1,p03776,main_default_opt_1,True,extractvalue,117,48,-69
public_v1,O1,p03776,main_default_opt_1,True,fdiv,1,1,0
public_v1,O1,p03776,main_default_opt_1,True,getelementptr,1404,890,-514
public_v1,O1,p03776,main_default_opt_1,True,icmp,671,646,-25
public_v1,O1,p03776,main_default_opt_1,True,insertvalue,83,22,-61
public_v1,O1,p03776,main_default_opt_1,True,inttoptr,152,152,0
public_v1,O1,p03776,main_default_opt_1,True,load,754,741,-13
public_v1,O1,p03776,main_default_opt_1,True,lshr,44,24,-20
public_v1,O1,p03776,main_default_opt_1,True,mul,115,115,0
public_v1,O1,p03776,main_default_opt_1,True,or,330,331,1
public_v1,O1,p03776,main_default_opt_1,True,phi,53,54,1
public_v1,O1,p03776,main_default_opt_1,True,ptrtoint,12,11,-1
public_v1,O1,p03776,main_default_opt_1,True,ret,7,6,-1
public_v1,O1,p03776,main_default_opt_1,True,select,508,509,1
public_v1,O1,p03776,main_default_opt_1,True,sext,90,90,0
public_v1,O1,p03776,main_default_opt_1,True,shl,86,86,0
public_v1,O1,p03776,main_default_opt_1,True,sitofp,2,2,0
public_v1,O1,p03776,main_default_opt_1,True,store,784,510,-274
public_v1,O1,p03776,main_default_opt_1,True,sub,382,278,-104
public_v1,O1,p03776,main_default_opt_1,True,switch,8,6,-2
public_v1,O1,p03776,main_default_opt_1,True,trunc,77,46,-31
public_v1,O1,p03776,main_default_opt_1,True,xor,231,211,-20
public_v1,O1,p03776,main_default_opt_1,True,zext,468,419,-49
public_v1,O1,p03776,main_default_opt_2,True,add,948,820,-128
public_v1,O1,p03776,main_default_opt_2,True,alloca,3,3,0
public_v1,O1,p03776,main_default_opt_2,True,and,482,402,-80
public_v1,O1,p03776,main_default_opt_2,True,ashr,0,1,1
public_v1,O1,p03776,main_default_opt_2,True,br,326,326,0
public_v1,O1,p03776,main_default_opt_2,True,call,44,44,0
public_v1,O1,p03776,main_default_opt_2,True,extractvalue,41,41,0
public_v1,O1,p03776,main_default_opt_2,True,fdiv,1,1,0
public_v1,O1,p03776,main_default_opt_2,True,getelementptr,889,666,-223
public_v1,O1,p03776,main_default_opt_2,True,icmp,642,635,-7
public_v1,O1,p03776,main_default_opt_2,True,insertvalue,22,18,-4
public_v1,O1,p03776,main_default_opt_2,True,inttoptr,151,151,0
public_v1,O1,p03776,main_default_opt_2,True,load,730,692,-38
public_v1,O1,p03776,main_default_opt_2,True,lshr,22,20,-2
public_v1,O1,p03776,main_default_opt_2,True,mul,115,115,0
public_v1,O1,p03776,main_default_opt_2,True,or,388,315,-73
public_v1,O1,p03776,main_default_opt_2,True,phi,48,47,-1
public_v1,O1,p03776,main_default_opt_2,True,ptrtoint,8,7,-1
public_v1,O1,p03776,main_default_opt_2,True,ret,6,6,0
public_v1,O1,p03776,main_default_opt_2,True,select,506,506,0
public_v1,O1,p03776,main_default_opt_2,True,sext,90,89,-1
public_v1,O1,p03776,main_default_opt_2,True,shl,86,86,0
public_v1,O1,p03776,main_default_opt_2,True,sitofp,2,2,0
public_v1,O1,p03776,main_default_opt_2,True,store,482,482,0
public_v1,O1,p03776,main_default_opt_2,True,sub,279,72,-207
public_v1,O1,p03776,main_default_opt_2,True,switch,6,6,0
public_v1,O1,p03776,main_default_opt_2,True,trunc,47,45,-2
public_v1,O1,p03776,main_default_opt_2,True,xor,209,205,-4
public_v1,O1,p03776,main_default_opt_2,True,zext,410,403,-7
public_v1,O1,p03776,bundle_default_opt_3,True,add,327,317,-10
public_v1,O1,p03776,bundle_default_opt_3,True,alloca,3,3,0
public_v1,O1,p03776,bundle_default_opt_3,True,and,402,371,-31
public_v1,O1,p03776,bundle_default_opt_3,True,ashr,1,1,0
public_v1,O1,p03776,bundle_default_opt_3,True,br,326,326,0
public_v1,O1,p03776,bundle_default_opt_3,True,call,195,195,0
public_v1,O1,p03776,bundle_default_opt_3,True,extractvalue,29,29,0
public_v1,O1,p03776,bundle_default_opt_3,True,fdiv,1,1,0
public_v1,O1,p03776,bundle_default_opt_3,True,getelementptr,245,240,-5
public_v1,O1,p03776,bundle_default_opt_3,True,icmp,188,188,0
public_v1,O1,p03776,bundle_default_opt_3,True,insertvalue,18,15,-3
public_v1,O1,p03776,bundle_default_opt_3,True,inttoptr,2,2,0
public_v1,O1,p03776,bundle_default_opt_3,True,load,679,679,0
public_v1,O1,p03776,bundle_default_opt_3,True,lshr,20,20,0
public_v1,O1,p03776,bundle_default_opt_3,True,mul,115,115,0
public_v1,O1,p03776,bundle_default_opt_3,True,or,315,284,-31
public_v1,O1,p03776,bundle_default_opt_3,True,phi,47,43,-4
public_v1,O1,p03776,bundle_default_opt_3,True,ptrtoint,34,6,-28
public_v1,O1,p03776,bundle_default_opt_3,True,ret,8,8,0
public_v1,O1,p03776,bundle_default_opt_3,True,select,59,59,0
public_v1,O1,p03776,bundle_default_opt_3,True,sext,89,89,0
public_v1,O1,p03776,bundle_default_opt_3,True,shl,86,86,0
public_v1,O1,p03776,bundle_default_opt_3,True,sitofp,2,2,0
public_v1,O1,p03776,bundle_default_opt_3,True,store,482,482,0
public_v1,O1,p03776,bundle_default_opt_3,True,sub,28,20,-8
public_v1,O1,p03776,bundle_default_opt_3,True,switch,6,6,0
public_v1,O1,p03776,bundle_default_opt_3,True,trunc,45,42,-3
public_v1,O1,p03776,bundle_default_opt_3,True,xor,205,205,0
public_v1,O1,p03776,bundle_default_opt_3,True,zext,403,399,-4
public_v1,O1,p03776,bundle_default_opt_4,True,add,317,311,-6
public_v1,O1,p03776,bundle_default_opt_4,True,alloca,3,3,0
public_v1,O1,p03776,bundle_default_opt_4,True,and,371,371,0
public_v1,O1,p03776,bundle_default_opt_4,True,ashr,1,1,0
public_v1,O1,p03776,bundle_default_opt_4,True,br,326,326,0
public_v1,O1,p03776,bundle_default_opt_4,True,call,195,195,0
public_v1,O1,p03776,bundle_default_opt_4,True,extractvalue,29,29,0
public_v1,O1,p03776,bundle_default_opt_4,True,fdiv,1,1,0
public_v1,O1,p03776,bundle_default_opt_4,True,getelementptr,240,218,-22
public_v1,O1,p03776,bundle_default_opt_4,True,icmp,188,188,0
public_v1,O1,p03776,bundle_default_opt_4,True,insertvalue,15,15,0
public_v1,O1,p03776,bundle_default_opt_4,True,inttoptr,2,2,0
public_v1,O1,p03776,bundle_default_opt_4,True,load,679,679,0
public_v1,O1,p03776,bundle_default_opt_4,True,lshr,20,20,0
public_v1,O1,p03776,bundle_default_opt_4,True,mul,115,115,0
public_v1,O1,p03776,bundle_default_opt_4,True,or,284,284,0
public_v1,O1,p03776,bundle_default_opt_4,True,phi,43,43,0
public_v1,O1,p03776,bundle_default_opt_4,True,ptrtoint,6,6,0
public_v1,O1,p03776,bundle_default_opt_4,True,ret,8,8,0
public_v1,O1,p03776,bundle_default_opt_4,True,select,59,59,0
public_v1,O1,p03776,bundle_default_opt_4,True,sext,89,89,0
public_v1,O1,p03776,bundle_default_opt_4,True,shl,86,86,0
public_v1,O1,p03776,bundle_default_opt_4,True,sitofp,2,2,0
public_v1,O1,p03776,bundle_default_opt_4,True,store,482,482,0
public_v1,O1,p03776,bundle_default_opt_4,True,sub,20,12,-8
public_v1,O1,p03776,bundle_default_opt_4,True,switch,6,6,0
public_v1,O1,p03776,bundle_default_opt_4,True,trunc,42,42,0
public_v1,O1,p03776,bundle_default_opt_4,True,xor,205,205,0
public_v1,O1,p03776,bundle_default_opt_4,True,zext,399,399,0
public_v1,O1,p03776,bundle_post_opt_4_custom_cleanup,True,add,311,312,1
public_v1,O1,p03776,bundle_post_opt_4_custom_cleanup,True,alloca,3,3,0
public_v1,O1,p03776,bundle_post_opt_4_custom_cleanup,True,and,371,367,-4
public_v1,O1,p03776,bundle_post_opt_4_custom_cleanup,True,ashr,1,1,0
public_v1,O1,p03776,bundle_post_opt_4_custom_cleanup,True,br,326,320,-6
public_v1,O1,p03776,bundle_post_opt_4_custom_cleanup,True,call,195,195,0
public_v1,O1,p03776,bundle_post_opt_4_custom_cleanup,True,extractvalue,29,29,0
public_v1,O1,p03776,bundle_post_opt_4_custom_cleanup,True,fdiv,1,1,0
public_v1,O1,p03776,bundle_post_opt_4_custom_cleanup,True,getelementptr,218,218,0
public_v1,O1,p03776,bundle_post_opt_4_custom_cleanup,True,icmp,188,185,-3
public_v1,O1,p03776,bundle_post_opt_4_custom_cleanup,True,insertvalue,15,15,0
public_v1,O1,p03776,bundle_post_opt_4_custom_cleanup,True,inttoptr,2,2,0
public_v1,O1,p03776,bundle_post_opt_4_custom_cleanup,True,load,679,666,-13
public_v1,O1,p03776,bundle_post_opt_4_custom_cleanup,True,lshr,20,20,0
public_v1,O1,p03776,bundle_post_opt_4_custom_cleanup,True,mul,115,115,0
public_v1,O1,p03776,bundle_post_opt_4_custom_cleanup,True,or,284,284,0
public_v1,O1,p03776,bundle_post_opt_4_custom_cleanup,True,phi,43,55,12
public_v1,O1,p03776,bundle_post_opt_4_custom_cleanup,True,ptrtoint,6,6,0
public_v1,O1,p03776,bundle_post_opt_4_custom_cleanup,True,ret,8,8,0
public_v1,O1,p03776,bundle_post_opt_4_custom_cleanup,True,select,59,50,-9
public_v1,O1,p03776,bundle_post_opt_4_custom_cleanup,True,sext,89,89,0
public_v1,O1,p03776,bundle_post_opt_4_custom_cleanup,True,shl,86,86,0
public_v1,O1,p03776,bundle_post_opt_4_custom_cleanup,True,sitofp,2,2,0
public_v1,O1,p03776,bundle_post_opt_4_custom_cleanup,True,store,482,416,-66
public_v1,O1,p03776,bundle_post_opt_4_custom_cleanup,True,sub,12,12,0
public_v1,O1,p03776,bundle_post_opt_4_custom_cleanup,True,switch,6,6,0
public_v1,O1,p03776,bundle_post_opt_4_custom_cleanup,True,trunc,42,42,0
public_v1,O1,p03776,bundle_post_opt_4_custom_cleanup,True,xor,205,205,0
public_v1,O1,p03776,bundle_post_opt_4_custom_cleanup,True,zext,399,399,0
public_v1,O1,p03835,main_default_opt_1,True,add,24,9,-15
public_v1,O1,p03835,main_default_opt_1,True,alloca,5,1,-4
public_v1,O1,p03835,main_default_opt_1,True,and,10,4,-6
public_v1,O1,p03835,main_default_opt_1,True,br,9,8,-1
public_v1,O1,p03835,main_default_opt_1,True,call,13,4,-9
public_v1,O1,p03835,main_default_opt_1,True,extractvalue,14,0,-14
public_v1,O1,p03835,main_default_opt_1,True,getelementptr,45,12,-33
public_v1,O1,p03835,main_default_opt_1,True,icmp,10,6,-4
public_v1,O1,p03835,main_default_opt_1,True,insertvalue,22,0,-22
public_v1,O1,p03835,main_default_opt_1,True,inttoptr,2,2,0
public_v1,O1,p03835,main_default_opt_1,True,load,41,15,-26
public_v1,O1,p03835,main_default_opt_1,True,lshr,3,3,0
public_v1,O1,p03835,main_default_opt_1,True,mul,2,0,-2
public_v1,O1,p03835,main_default_opt_1,True,or,5,2,-3
public_v1,O1,p03835,main_default_opt_1,True,phi,1,9,8
public_v1,O1,p03835,main_default_opt_1,True,ptrtoint,5,4,-1
public_v1,O1,p03835,main_default_opt_1,True,ret,3,2,-1
public_v1,O1,p03835,main_default_opt_1,True,select,4,1,-3
public_v1,O1,p03835,main_default_opt_1,True,store,99,44,-55
public_v1,O1,p03835,main_default_opt_1,True,sub,13,1,-12
public_v1,O1,p03835,main_default_opt_1,True,trunc,6,4,-2
public_v1,O1,p03835,main_default_opt_1,True,xor,6,3,-3
public_v1,O1,p03835,main_default_opt_1,True,zext,13,7,-6
public_v1,O1,p03835,main_default_opt_2,True,add,4,4,0
public_v1,O1,p03835,main_default_opt_2,True,alloca,3,2,-1
public_v1,O1,p03835,main_default_opt_2,True,and,8,0,-8
public_v1,O1,p03835,main_default_opt_2,True,br,8,4,-4
public_v1,O1,p03835,main_default_opt_2,True,call,6,2,-4
public_v1,O1,p03835,main_default_opt_2,True,getelementptr,14,0,-14
public_v1,O1,p03835,main_default_opt_2,True,icmp,4,4,0
public_v1,O1,p03835,main_default_opt_2,True,load,4,2,-2
public_v1,O1,p03835,main_default_opt_2,True,or,8,0,-8
public_v1,O1,p03835,main_default_opt_2,True,phi,9,8,-1
public_v1,O1,p03835,main_default_opt_2,True,ret,2,2,0
public_v1,O1,p03835,main_default_opt_2,True,select,1,3,2
public_v1,O1,p03835,main_default_opt_2,True,store,16,0,-16
public_v1,O1,p03835,main_default_opt_2,True,sub,1,1,0
public_v1,O1,p03835,main_default_opt_2,True,zext,1,0,-1
public_v1,O1,p03835,bundle_default_opt_3,True,add,4,4,0
public_v1,O1,p03835,bundle_default_opt_3,True,alloca,2,2,0
public_v1,O1,p03835,bundle_default_opt_3,True,br,4,4,0
public_v1,O1,p03835,bundle_default_opt_3,True,call,2,2,0
public_v1,O1,p03835,bundle_default_opt_3,True,icmp,4,4,0
public_v1,O1,p03835,bundle_default_opt_3,True,load,2,2,0
public_v1,O1,p03835,bundle_default_opt_3,True,phi,8,8,0
public_v1,O1,p03835,bundle_default_opt_3,True,ret,2,2,0
public_v1,O1,p03835,bundle_default_opt_3,True,select,3,3,0
public_v1,O1,p03835,bundle_default_opt_3,True,sub,1,1,0
public_v1,O1,p03835,bundle_default_opt_4,True,add,4,4,0
public_v1,O1,p03835,bundle_default_opt_4,True,alloca,2,2,0
public_v1,O1,p03835,bundle_default_opt_4,True,br,4,4,0
public_v1,O1,p03835,bundle_default_opt_4,True,call,2,2,0
public_v1,O1,p03835,bundle_default_opt_4,True,icmp,4,4,0
public_v1,O1,p03835,bundle_default_opt_4,True,load,2,2,0
public_v1,O1,p03835,bundle_default_opt_4,True,phi,8,8,0
public_v1,O1,p03835,bundle_default_opt_4,True,ret,2,2,0
public_v1,O1,p03835,bundle_default_opt_4,True,select,3,3,0
public_v1,O1,p03835,bundle_default_opt_4,True,sub,1,1,0
public_v1,O1,p03835,bundle_post_opt_4_custom_cleanup,True,add,4,4,0
public_v1,O1,p03835,bundle_post_opt_4_custom_cleanup,True,alloca,2,2,0
public_v1,O1,p03835,bundle_post_opt_4_custom_cleanup,True,br,4,4,0
public_v1,O1,p03835,bundle_post_opt_4_custom_cleanup,True,call,2,2,0
public_v1,O1,p03835,bundle_post_opt_4_custom_cleanup,True,icmp,4,4,0
public_v1,O1,p03835,bundle_post_opt_4_custom_cleanup,True,load,2,2,0
public_v1,O1,p03835,bundle_post_opt_4_custom_cleanup,True,phi,8,8,0
public_v1,O1,p03835,bundle_post_opt_4_custom_cleanup,True,ret,2,1,-1
public_v1,O1,p03835,bundle_post_opt_4_custom_cleanup,True,select,3,3,0
public_v1,O1,p03835,bundle_post_opt_4_custom_cleanup,True,sub,1,1,0
public_v1,O1,p03854,main_default_opt_1,True,add,31,16,-15
public_v1,O1,p03854,main_default_opt_1,True,alloca,9,1,-8
public_v1,O1,p03854,main_default_opt_1,True,and,9,4,-5
public_v1,O1,p03854,main_default_opt_1,True,br,17,15,-2
public_v1,O1,p03854,main_default_opt_1,True,call,26,7,-19
public_v1,O1,p03854,main_default_opt_1,True,extractvalue,14,0,-14
public_v1,O1,p03854,main_default_opt_1,True,getelementptr,93,17,-76
public_v1,O1,p03854,main_default_opt_1,True,icmp,25,15,-10
public_v1,O1,p03854,main_default_opt_1,True,insertvalue,23,0,-23
public_v1,O1,p03854,main_default_opt_1,True,inttoptr,2,1,-1
public_v1,O1,p03854,main_default_opt_1,True,load,51,19,-32
public_v1,O1,p03854,main_default_opt_1,True,lshr,2,2,0
public_v1,O1,p03854,main_default_opt_1,True,mul,2,1,-1
public_v1,O1,p03854,main_default_opt_1,True,or,6,5,-1
public_v1,O1,p03854,main_default_opt_1,True,phi,2,6,4
public_v1,O1,p03854,main_default_opt_1,True,ptrtoint,5,4,-1
public_v1,O1,p03854,main_default_opt_1,True,ret,3,2,-1
public_v1,O1,p03854,main_default_opt_1,True,select,14,13,-1
public_v1,O1,p03854,main_default_opt_1,True,sext,8,4,-4
public_v1,O1,p03854,main_default_opt_1,True,store,166,89,-77
public_v1,O1,p03854,main_default_opt_1,True,sub,10,0,-10
public_v1,O1,p03854,main_default_opt_1,True,trunc,5,4,-1
public_v1,O1,p03854,main_default_opt_1,True,xor,8,4,-4
public_v1,O1,p03854,main_default_opt_1,True,zext,18,10,-8
public_v1,O1,p03854,main_default_opt_2,True,add,12,12,0
public_v1,O1,p03854,main_default_opt_2,True,alloca,1,0,-1
public_v1,O1,p03854,main_default_opt_2,True,and,8,0,-8
public_v1,O1,p03854,main_default_opt_2,True,br,16,12,-4
public_v1,O1,p03854,main_default_opt_2,True,call,5,5,0
public_v1,O1,p03854,main_default_opt_2,True,getelementptr,16,6,-10
public_v1,O1,p03854,main_default_opt_2,True,icmp,13,10,-3
public_v1,O1,p03854,main_default_opt_2,True,inttoptr,1,1,0
public_v1,O1,p03854,main_default_opt_2,True,load,6,3,-3
public_v1,O1,p03854,main_default_opt_2,True,or,8,0,-8
public_v1,O1,p03854,main_default_opt_2,True,phi,3,4,1
public_v1,O1,p03854,main_default_opt_2,True,ret,2,2,0
public_v1,O1,p03854,main_default_opt_2,True,select,14,4,-10
public_v1,O1,p03854,main_default_opt_2,True,sext,4,4,0
public_v1,O1,p03854,main_default_opt_2,True,store,63,2,-61
public_v1,O1,p03854,main_default_opt_2,True,switch,0,1,1
public_v1,O1,p03854,main_default_opt_2,True,trunc,1,1,0
public_v1,O1,p03854,main_default_opt_2,True,zext,2,0,-2
public_v1,O1,p03854,bundle_default_opt_3,True,add,12,12,0
public_v1,O1,p03854,bundle_default_opt_3,True,br,12,12,0
public_v1,O1,p03854,bundle_default_opt_3,True,call,6,6,0
public_v1,O1,p03854,bundle_default_opt_3,True,getelementptr,7,7,0
public_v1,O1,p03854,bundle_default_opt_3,True,icmp,10,10,0
public_v1,O1,p03854,bundle_default_opt_3,True,inttoptr,1,1,0
public_v1,O1,p03854,bundle_default_opt_3,True,load,3,3,0
public_v1,O1,p03854,bundle_default_opt_3,True,phi,4,4,0
public_v1,O1,p03854,bundle_default_opt_3,True,ret,3,3,0
public_v1,O1,p03854,bundle_default_opt_3,True,select,4,4,0
public_v1,O1,p03854,bundle_default_opt_3,True,sext,4,4,0
public_v1,O1,p03854,bundle_default_opt_3,True,store,2,2,0
public_v1,O1,p03854,bundle_default_opt_3,True,switch,1,1,0
public_v1,O1,p03854,bundle_default_opt_3,True,trunc,1,1,0
public_v1,O1,p03854,bundle_default_opt_4,True,add,12,12,0
public_v1,O1,p03854,bundle_default_opt_4,True,br,12,12,0
public_v1,O1,p03854,bundle_default_opt_4,True,call,6,6,0
public_v1,O1,p03854,bundle_default_opt_4,True,getelementptr,7,7,0
public_v1,O1,p03854,bundle_default_opt_4,True,icmp,10,10,0
public_v1,O1,p03854,bundle_default_opt_4,True,inttoptr,1,1,0
public_v1,O1,p03854,bundle_default_opt_4,True,load,3,3,0
public_v1,O1,p03854,bundle_default_opt_4,True,phi,4,4,0
public_v1,O1,p03854,bundle_default_opt_4,True,ret,3,3,0
public_v1,O1,p03854,bundle_default_opt_4,True,select,4,4,0
public_v1,O1,p03854,bundle_default_opt_4,True,sext,4,4,0
public_v1,O1,p03854,bundle_default_opt_4,True,store,2,2,0
public_v1,O1,p03854,bundle_default_opt_4,True,switch,1,1,0
public_v1,O1,p03854,bundle_default_opt_4,True,trunc,1,1,0
public_v1,O1,p03854,bundle_post_opt_4_custom_cleanup,True,add,12,12,0
public_v1,O1,p03854,bundle_post_opt_4_custom_cleanup,True,br,12,12,0
public_v1,O1,p03854,bundle_post_opt_4_custom_cleanup,True,call,6,6,0
public_v1,O1,p03854,bundle_post_opt_4_custom_cleanup,True,getelementptr,7,7,0
public_v1,O1,p03854,bundle_post_opt_4_custom_cleanup,True,icmp,10,10,0
public_v1,O1,p03854,bundle_post_opt_4_custom_cleanup,True,inttoptr,1,1,0
public_v1,O1,p03854,bundle_post_opt_4_custom_cleanup,True,load,3,3,0
public_v1,O1,p03854,bundle_post_opt_4_custom_cleanup,True,phi,4,4,0
public_v1,O1,p03854,bundle_post_opt_4_custom_cleanup,True,ret,3,3,0
public_v1,O1,p03854,bundle_post_opt_4_custom_cleanup,True,select,4,4,0
public_v1,O1,p03854,bundle_post_opt_4_custom_cleanup,True,sext,4,4,0
public_v1,O1,p03854,bundle_post_opt_4_custom_cleanup,True,store,2,2,0
public_v1,O1,p03854,bundle_post_opt_4_custom_cleanup,True,switch,1,1,0
public_v1,O1,p03854,bundle_post_opt_4_custom_cleanup,True,trunc,1,1,0
public_v1,O1,p04028,main_default_opt_1,True,add,236,174,-62
public_v1,O1,p04028,main_default_opt_1,True,alloca,7,3,-4
public_v1,O1,p04028,main_default_opt_1,True,and,37,11,-26
public_v1,O1,p04028,main_default_opt_1,True,ashr,10,7,-3
public_v1,O1,p04028,main_default_opt_1,True,br,26,24,-2
public_v1,O1,p04028,main_default_opt_1,True,call,35,18,-17
public_v1,O1,p04028,main_default_opt_1,True,extractvalue,25,4,-21
public_v1,O1,p04028,main_default_opt_1,True,getelementptr,256,134,-122
public_v1,O1,p04028,main_default_opt_1,True,icmp,127,96,-31
public_v1,O1,p04028,main_default_opt_1,True,insertvalue,57,2,-55
public_v1,O1,p04028,main_default_opt_1,True,inttoptr,29,24,-5
public_v1,O1,p04028,main_default_opt_1,True,load,141,90,-51
public_v1,O1,p04028,main_default_opt_1,True,lshr,29,12,-17
public_v1,O1,p04028,main_default_opt_1,True,mul,14,12,-2
public_v1,O1,p04028,main_default_opt_1,True,or,13,8,-5
public_v1,O1,p04028,main_default_opt_1,True,phi,8,4,-4
public_v1,O1,p04028,main_default_opt_1,True,ptrtoint,10,5,-5
public_v1,O1,p04028,main_default_opt_1,True,ret,6,3,-3
public_v1,O1,p04028,main_default_opt_1,True,sdiv,3,3,0
public_v1,O1,p04028,main_default_opt_1,True,select,113,100,-13
public_v1,O1,p04028,main_default_opt_1,True,sext,33,30,-3
public_v1,O1,p04028,main_default_opt_1,True,shl,37,31,-6
public_v1,O1,p04028,main_default_opt_1,True,store,168,126,-42
public_v1,O1,p04028,main_default_opt_1,True,sub,32,11,-21
public_v1,O1,p04028,main_default_opt_1,True,trunc,57,25,-32
public_v1,O1,p04028,main_default_opt_1,True,unreachable,3,3,0
public_v1,O1,p04028,main_default_opt_1,True,xor,40,19,-21
public_v1,O1,p04028,main_default_opt_1,True,zext,51,18,-33
public_v1,O1,p04028,main_default_opt_2,True,add,78,57,-21
public_v1,O1,p04028,main_default_opt_2,True,alloca,3,2,-1
public_v1,O1,p04028,main_default_opt_2,True,and,10,7,-3
public_v1,O1,p04028,main_default_opt_2,True,ashr,7,7,0
public_v1,O1,p04028,main_default_opt_2,True,br,24,23,-1
public_v1,O1,p04028,main_default_opt_2,True,call,18,13,-5
public_v1,O1,p04028,main_default_opt_2,True,extractvalue,4,4,0
public_v1,O1,p04028,main_default_opt_2,True,getelementptr,67,51,-16
public_v1,O1,p04028,main_default_opt_2,True,icmp,23,23,0
public_v1,O1,p04028,main_default_opt_2,True,insertvalue,2,2,0
public_v1,O1,p04028,main_default_opt_2,True,load,74,32,-42
public_v1,O1,p04028,main_default_opt_2,True,lshr,12,12,0
public_v1,O1,p04028,main_default_opt_2,True,mul,12,9,-3
public_v1,O1,p04028,main_default_opt_2,True,or,7,7,0
public_v1,O1,p04028,main_default_opt_2,True,phi,3,5,2
public_v1,O1,p04028,main_default_opt_2,True,ptrtoint,4,4,0
public_v1,O1,p04028,main_default_opt_2,True,ret,3,3,0
public_v1,O1,p04028,main_default_opt_2,True,sdiv,3,3,0
public_v1,O1,p04028,main_default_opt_2,True,select,28,17,-11
public_v1,O1,p04028,main_default_opt_2,True,sext,30,23,-7
public_v1,O1,p04028,main_default_opt_2,True,shl,31,24,-7
public_v1,O1,p04028,main_default_opt_2,True,store,112,62,-50
public_v1,O1,p04028,main_default_opt_2,True,sub,11,3,-8
public_v1,O1,p04028,main_default_opt_2,True,trunc,25,27,2
public_v1,O1,p04028,main_default_opt_2,True,unreachable,3,3,0
public_v1,O1,p04028,main_default_opt_2,True,xor,19,14,-5
public_v1,O1,p04028,main_default_opt_2,True,zext,17,16,-1
public_v1,O1,p04028,bundle_default_opt_3,True,add,55,35,-20
public_v1,O1,p04028,bundle_default_opt_3,True,alloca,2,2,0
public_v1,O1,p04028,bundle_default_opt_3,True,and,7,7,0
public_v1,O1,p04028,bundle_default_opt_3,True,ashr,7,7,0
public_v1,O1,p04028,bundle_default_opt_3,True,br,23,18,-5
public_v1,O1,p04028,bundle_default_opt_3,True,call,13,13,0
public_v1,O1,p04028,bundle_default_opt_3,True,extractvalue,2,0,-2
public_v1,O1,p04028,bundle_default_opt_3,True,getelementptr,50,40,-10
public_v1,O1,p04028,bundle_default_opt_3,True,icmp,23,23,0
public_v1,O1,p04028,bundle_default_opt_3,True,insertvalue,2,0,-2
public_v1,O1,p04028,bundle_default_opt_3,True,load,27,21,-6
public_v1,O1,p04028,bundle_default_opt_3,True,lshr,12,12,0
public_v1,O1,p04028,bundle_default_opt_3,True,mul,9,8,-1
public_v1,O1,p04028,bundle_default_opt_3,True,or,7,6,-1
public_v1,O1,p04028,bundle_default_opt_3,True,phi,5,5,0
public_v1,O1,p04028,bundle_default_opt_3,True,ptrtoint,4,3,-1
public_v1,O1,p04028,bundle_default_opt_3,True,ret,3,3,0
public_v1,O1,p04028,bundle_default_opt_3,True,sdiv,3,3,0
public_v1,O1,p04028,bundle_default_opt_3,True,select,17,13,-4
public_v1,O1,p04028,bundle_default_opt_3,True,sext,23,15,-8
public_v1,O1,p04028,bundle_default_opt_3,True,shl,24,17,-7
public_v1,O1,p04028,bundle_default_opt_3,True,store,62,60,-2
public_v1,O1,p04028,bundle_default_opt_3,True,trunc,27,15,-12
public_v1,O1,p04028,bundle_default_opt_3,True,unreachable,3,3,0
public_v1,O1,p04028,bundle_default_opt_3,True,xor,14,14,0
public_v1,O1,p04028,bundle_default_opt_3,True,zext,16,16,0
public_v1,O1,p04028,bundle_default_opt_4,True,add,35,37,2
public_v1,O1,p04028,bundle_default_opt_4,True,alloca,2,2,0
public_v1,O1,p04028,bundle_default_opt_4,True,and,7,12,5
public_v1,O1,p04028,bundle_default_opt_4,True,ashr,7,9,2
public_v1,O1,p04028,bundle_default_opt_4,True,br,18,25,7
public_v1,O1,p04028,bundle_default_opt_4,True,call,13,13,0
public_v1,O1,p04028,bundle_default_opt_4,True,getelementptr,40,47,7
public_v1,O1,p04028,bundle_default_opt_4,True,icmp,23,27,4
public_v1,O1,p04028,bundle_default_opt_4,True,load,21,21,0
public_v1,O1,p04028,bundle_default_opt_4,True,lshr,12,14,2
public_v1,O1,p04028,bundle_default_opt_4,True,mul,8,12,4
public_v1,O1,p04028,bundle_default_opt_4,True,or,6,10,4
public_v1,O1,p04028,bundle_default_opt_4,True,phi,5,12,7
public_v1,O1,p04028,bundle_default_opt_4,True,ptrtoint,3,3,0
public_v1,O1,p04028,bundle_default_opt_4,True,ret,3,2,-1
public_v1,O1,p04028,bundle_default_opt_4,True,sdiv,3,5,2
public_v1,O1,p04028,bundle_default_opt_4,True,select,13,13,0
public_v1,O1,p04028,bundle_default_opt_4,True,sext,15,19,4
public_v1,O1,p04028,bundle_default_opt_4,True,shl,17,19,2
public_v1,O1,p04028,bundle_default_opt_4,True,store,60,78,18
public_v1,O1,p04028,bundle_default_opt_4,True,trunc,15,18,3
public_v1,O1,p04028,bundle_default_opt_4,True,unreachable,3,5,2
public_v1,O1,p04028,bundle_default_opt_4,True,xor,14,14,0
public_v1,O1,p04028,bundle_default_opt_4,True,zext,16,20,4
public_v1,O1,p04028,bundle_post_opt_4_custom_cleanup,True,add,37,34,-3
public_v1,O1,p04028,bundle_post_opt_4_custom_cleanup,True,alloca,2,1,-1
public_v1,O1,p04028,bundle_post_opt_4_custom_cleanup,True,and,12,12,0
public_v1,O1,p04028,bundle_post_opt_4_custom_cleanup,True,ashr,9,9,0
public_v1,O1,p04028,bundle_post_opt_4_custom_cleanup,True,br,25,24,-1
public_v1,O1,p04028,bundle_post_opt_4_custom_cleanup,True,call,13,13,0
public_v1,O1,p04028,bundle_post_opt_4_custom_cleanup,True,getelementptr,47,9,-38
public_v1,O1,p04028,bundle_post_opt_4_custom_cleanup,True,icmp,27,27,0
public_v1,O1,p04028,bundle_post_opt_4_custom_cleanup,True,load,21,14,-7
public_v1,O1,p04028,bundle_post_opt_4_custom_cleanup,True,lshr,14,14,0
public_v1,O1,p04028,bundle_post_opt_4_custom_cleanup,True,mul,12,12,0
public_v1,O1,p04028,bundle_post_opt_4_custom_cleanup,True,or,10,10,0
public_v1,O1,p04028,bundle_post_opt_4_custom_cleanup,True,phi,12,13,1
public_v1,O1,p04028,bundle_post_opt_4_custom_cleanup,True,ptrtoint,3,0,-3
public_v1,O1,p04028,bundle_post_opt_4_custom_cleanup,True,ret,2,1,-1
public_v1,O1,p04028,bundle_post_opt_4_custom_cleanup,True,sdiv,5,5,0
public_v1,O1,p04028,bundle_post_opt_4_custom_cleanup,True,select,13,11,-2
public_v1,O1,p04028,bundle_post_opt_4_custom_cleanup,True,sext,19,19,0
public_v1,O1,p04028,bundle_post_opt_4_custom_cleanup,True,shl,19,19,0
public_v1,O1,p04028,bundle_post_opt_4_custom_cleanup,True,store,78,8,-70
public_v1,O1,p04028,bundle_post_opt_4_custom_cleanup,True,trunc,18,18,0
public_v1,O1,p04028,bundle_post_opt_4_custom_cleanup,True,unreachable,5,5,0
public_v1,O1,p04028,bundle_post_opt_4_custom_cleanup,True,xor,14,14,0
public_v1,O1,p04028,bundle_post_opt_4_custom_cleanup,True,zext,20,17,-3
public_v1,O2,p00001,main_default_opt_1,True,add,105,38,-67
public_v1,O2,p00001,main_default_opt_1,True,alloca,6,3,-3
public_v1,O2,p00001,main_default_opt_1,True,and,54,8,-46
public_v1,O2,p00001,main_default_opt_1,True,br,27,23,-4
public_v1,O2,p00001,main_default_opt_1,True,call,29,15,-14
public_v1,O2,p00001,main_default_opt_1,True,extractvalue,50,0,-50
public_v1,O2,p00001,main_default_opt_1,True,getelementptr,137,81,-56
public_v1,O2,p00001,main_default_opt_1,True,icmp,61,35,-26
public_v1,O2,p00001,main_default_opt_1,True,insertvalue,86,0,-86
public_v1,O2,p00001,main_default_opt_1,True,inttoptr,12,10,-2
public_v1,O2,p00001,main_default_opt_1,True,load,103,35,-68
public_v1,O2,p00001,main_default_opt_1,True,lshr,13,0,-13
public_v1,O2,p00001,main_default_opt_1,True,mul,9,2,-7
public_v1,O2,p00001,main_default_opt_1,True,or,31,4,-27
public_v1,O2,p00001,main_default_opt_1,True,phi,25,13,-12
public_v1,O2,p00001,main_default_opt_1,True,ptrtoint,17,8,-9
public_v1,O2,p00001,main_default_opt_1,True,ret,9,3,-6
public_v1,O2,p00001,main_default_opt_1,True,select,29,26,-3
public_v1,O2,p00001,main_default_opt_1,True,sext,4,4,0
public_v1,O2,p00001,main_default_opt_1,True,shl,6,5,-1
public_v1,O2,p00001,main_default_opt_1,True,store,198,83,-115
public_v1,O2,p00001,main_default_opt_1,True,sub,51,2,-49
public_v1,O2,p00001,main_default_opt_1,True,switch,2,1,-1
public_v1,O2,p00001,main_default_opt_1,True,trunc,25,1,-24
public_v1,O2,p00001,main_default_opt_1,True,xor,34,7,-27
public_v1,O2,p00001,main_default_opt_1,True,zext,62,14,-48
public_v1,O2,p00001,main_default_opt_2,True,add,10,8,-2
public_v1,O2,p00001,main_default_opt_2,True,alloca,1,1,0
public_v1,O2,p00001,main_default_opt_2,True,and,2,1,-1
public_v1,O2,p00001,main_default_opt_2,True,br,20,17,-3
public_v1,O2,p00001,main_default_opt_2,True,call,11,13,2
public_v1,O2,p00001,main_default_opt_2,True,getelementptr,49,45,-4
public_v1,O2,p00001,main_default_opt_2,True,icmp,13,10,-3
public_v1,O2,p00001,main_default_opt_2,True,inttoptr,3,2,-1
public_v1,O2,p00001,main_default_opt_2,True,load,18,12,-6
public_v1,O2,p00001,main_default_opt_2,True,mul,1,0,-1
public_v1,O2,p00001,main_default_opt_2,True,phi,11,8,-3
public_v1,O2,p00001,main_default_opt_2,True,ptrtoint,5,4,-1
public_v1,O2,p00001,main_default_opt_2,True,ret,3,3,0
public_v1,O2,p00001,main_default_opt_2,True,select,8,6,-2
public_v1,O2,p00001,main_default_opt_2,True,sext,4,2,-2
public_v1,O2,p00001,main_default_opt_2,True,shl,5,3,-2
public_v1,O2,p00001,main_default_opt_2,True,store,65,49,-16
public_v1,O2,p00001,main_default_opt_2,True,sub,1,1,0
public_v1,O2,p00001,main_default_opt_2,True,switch,1,1,0
public_v1,O2,p00001,main_default_opt_2,True,trunc,1,0,-1
public_v1,O2,p00001,main_default_opt_2,True,xor,2,0,-2
public_v1,O2,p00001,main_default_opt_2,True,zext,5,2,-3
public_v1,O2,p00001,bundle_default_opt_3,True,add,4,4,0
public_v1,O2,p00001,bundle_default_opt_3,True,alloca,1,1,0
public_v1,O2,p00001,bundle_default_opt_3,True,and,1,1,0
public_v1,O2,p00001,bundle_default_opt_3,True,br,17,17,0
public_v1,O2,p00001,bundle_default_opt_3,True,call,13,13,0
public_v1,O2,p00001,bundle_default_opt_3,True,getelementptr,37,36,-1
public_v1,O2,p00001,bundle_default_opt_3,True,icmp,6,7,1
public_v1,O2,p00001,bundle_default_opt_3,True,load,8,8,0
public_v1,O2,p00001,bundle_default_opt_3,True,phi,9,8,-1
public_v1,O2,p00001,bundle_default_opt_3,True,ptrtoint,4,4,0
public_v1,O2,p00001,bundle_default_opt_3,True,ret,3,3,0
public_v1,O2,p00001,bundle_default_opt_3,True,select,2,2,0
public_v1,O2,p00001,bundle_default_opt_3,True,sext,2,1,-1
public_v1,O2,p00001,bundle_default_opt_3,True,shl,2,2,0
public_v1,O2,p00001,bundle_default_opt_3,True,store,49,47,-2
public_v1,O2,p00001,bundle_default_opt_3,True,sub,1,1,0
public_v1,O2,p00001,bundle_default_opt_3,True,switch,1,1,0
public_v1,O2,p00001,bundle_default_opt_3,True,trunc,0,1,1
public_v1,O2,p00001,bundle_default_opt_3,True,zext,2,2,0
public_v1,O2,p00001,bundle_default_opt_4,True,add,4,4,0
public_v1,O2,p00001,bundle_default_opt_4,True,alloca,1,1,0
public_v1,O2,p00001,bundle_default_opt_4,True,and,1,1,0
public_v1,O2,p00001,bundle_default_opt_4,True,br,17,17,0
public_v1,O2,p00001,bundle_default_opt_4,True,call,13,13,0
public_v1,O2,p00001,bundle_default_opt_4,True,getelementptr,36,36,0
public_v1,O2,p00001,bundle_default_opt_4,True,icmp,7,7,0
public_v1,O2,p00001,bundle_default_opt_4,True,load,8,8,0
public_v1,O2,p00001,bundle_default_opt_4,True,phi,8,8,0
public_v1,O2,p00001,bundle_default_opt_4,True,ptrtoint,4,4,0
public_v1,O2,p00001,bundle_default_opt_4,True,ret,3,3,0
public_v1,O2,p00001,bundle_default_opt_4,True,select,2,2,0
public_v1,O2,p00001,bundle_default_opt_4,True,sext,1,1,0
public_v1,O2,p00001,bundle_default_opt_4,True,shl,2,2,0
public_v1,O2,p00001,bundle_default_opt_4,True,store,47,47,0
public_v1,O2,p00001,bundle_default_opt_4,True,sub,1,1,0
public_v1,O2,p00001,bundle_default_opt_4,True,switch,1,1,0
public_v1,O2,p00001,bundle_default_opt_4,True,trunc,1,1,0
public_v1,O2,p00001,bundle_default_opt_4,True,zext,2,2,0
public_v1,O2,p00001,bundle_post_opt_4_custom_cleanup,True,add,4,4,0
public_v1,O2,p00001,bundle_post_opt_4_custom_cleanup,True,alloca,1,1,0
public_v1,O2,p00001,bundle_post_opt_4_custom_cleanup,True,and,1,1,0
public_v1,O2,p00001,bundle_post_opt_4_custom_cleanup,True,br,17,17,0
public_v1,O2,p00001,bundle_post_opt_4_custom_cleanup,True,call,13,13,0
public_v1,O2,p00001,bundle_post_opt_4_custom_cleanup,True,getelementptr,36,36,0
public_v1,O2,p00001,bundle_post_opt_4_custom_cleanup,True,icmp,7,7,0
public_v1,O2,p00001,bundle_post_opt_4_custom_cleanup,True,load,8,8,0
public_v1,O2,p00001,bundle_post_opt_4_custom_cleanup,True,phi,8,8,0
public_v1,O2,p00001,bundle_post_opt_4_custom_cleanup,True,ptrtoint,4,4,0
public_v1,O2,p00001,bundle_post_opt_4_custom_cleanup,True,ret,3,2,-1
public_v1,O2,p00001,bundle_post_opt_4_custom_cleanup,True,select,2,2,0
public_v1,O2,p00001,bundle_post_opt_4_custom_cleanup,True,sext,1,1,0
public_v1,O2,p00001,bundle_post_opt_4_custom_cleanup,True,shl,2,2,0
public_v1,O2,p00001,bundle_post_opt_4_custom_cleanup,True,store,47,47,0
public_v1,O2,p00001,bundle_post_opt_4_custom_cleanup,True,sub,1,1,0
public_v1,O2,p00001,bundle_post_opt_4_custom_cleanup,True,switch,1,1,0
public_v1,O2,p00001,bundle_post_opt_4_custom_cleanup,True,trunc,1,1,0
public_v1,O2,p00001,bundle_post_opt_4_custom_cleanup,True,zext,2,2,0
public_v1,O2,p00008,main_default_opt_1,True,add,226,184,-42
public_v1,O2,p00008,main_default_opt_1,True,alloca,5,3,-2
public_v1,O2,p00008,main_default_opt_1,True,and,15,8,-7
public_v1,O2,p00008,main_default_opt_1,True,br,29,29,0
public_v1,O2,p00008,main_default_opt_1,True,call,12,7,-5
public_v1,O2,p00008,main_default_opt_1,True,extractvalue,14,0,-14
public_v1,O2,p00008,main_default_opt_1,True,getelementptr,390,198,-192
public_v1,O2,p00008,main_default_opt_1,True,icmp,187,164,-23
public_v1,O2,p00008,main_default_opt_1,True,insertvalue,22,0,-22
public_v1,O2,p00008,main_default_opt_1,True,inttoptr,55,49,-6
public_v1,O2,p00008,main_default_opt_1,True,load,131,105,-26
public_v1,O2,p00008,main_default_opt_1,True,mul,3,3,0
public_v1,O2,p00008,main_default_opt_1,True,or,7,8,1
public_v1,O2,p00008,main_default_opt_1,True,phi,1,17,16
public_v1,O2,p00008,main_default_opt_1,True,ptrtoint,6,5,-1
public_v1,O2,p00008,main_default_opt_1,True,ret,3,2,-1
public_v1,O2,p00008,main_default_opt_1,True,select,178,156,-22
public_v1,O2,p00008,main_default_opt_1,True,sext,8,8,0
public_v1,O2,p00008,main_default_opt_1,True,shl,8,8,0
public_v1,O2,p00008,main_default_opt_1,True,store,204,143,-61
public_v1,O2,p00008,main_default_opt_1,True,sub,25,1,-24
public_v1,O2,p00008,main_default_opt_1,True,trunc,3,1,-2
public_v1,O2,p00008,main_default_opt_1,True,xor,8,8,0
public_v1,O2,p00008,main_default_opt_1,True,zext,18,17,-1
public_v1,O2,p00008,main_default_opt_2,True,add,35,32,-3
public_v1,O2,p00008,main_default_opt_2,True,alloca,1,1,0
public_v1,O2,p00008,main_default_opt_2,True,and,9,1,-8
public_v1,O2,p00008,main_default_opt_2,True,br,29,25,-4
public_v1,O2,p00008,main_default_opt_2,True,call,2,3,1
public_v1,O2,p00008,main_default_opt_2,True,getelementptr,71,37,-34
public_v1,O2,p00008,main_default_opt_2,True,icmp,15,20,5
public_v1,O2,p00008,main_default_opt_2,True,inttoptr,9,8,-1
public_v1,O2,p00008,main_default_opt_2,True,load,44,49,5
public_v1,O2,p00008,main_default_opt_2,True,mul,1,1,0
public_v1,O2,p00008,main_default_opt_2,True,or,9,1,-8
public_v1,O2,p00008,main_default_opt_2,True,phi,6,3,-3
public_v1,O2,p00008,main_default_opt_2,True,ptrtoint,2,1,-1
public_v1,O2,p00008,main_default_opt_2,True,ret,2,2,0
public_v1,O2,p00008,main_default_opt_2,True,select,9,11,2
public_v1,O2,p00008,main_default_opt_2,True,sext,8,8,0
public_v1,O2,p00008,main_default_opt_2,True,shl,8,8,0
public_v1,O2,p00008,main_default_opt_2,True,store,97,110,13
public_v1,O2,p00008,main_default_opt_2,True,trunc,1,1,0
public_v1,O2,p00008,main_default_opt_2,True,xor,2,2,0
public_v1,O2,p00008,main_default_opt_2,True,zext,7,11,4
public_v1,O2,p00008,bundle_default_opt_3,True,add,10,10,0
public_v1,O2,p00008,bundle_default_opt_3,True,alloca,1,1,0
public_v1,O2,p00008,bundle_default_opt_3,True,and,1,1,0
public_v1,O2,p00008,bundle_default_opt_3,True,br,22,22,0
public_v1,O2,p00008,bundle_default_opt_3,True,call,3,3,0
public_v1,O2,p00008,bundle_default_opt_3,True,getelementptr,28,22,-6
public_v1,O2,p00008,bundle_default_opt_3,True,icmp,16,16,0
public_v1,O2,p00008,bundle_default_opt_3,True,load,39,24,-15
public_v1,O2,p00008,bundle_default_opt_3,True,mul,1,1,0
public_v1,O2,p00008,bundle_default_opt_3,True,or,1,1,0
public_v1,O2,p00008,bundle_default_opt_3,True,phi,0,5,5
public_v1,O2,p00008,bundle_default_opt_3,True,ret,2,2,0
public_v1,O2,p00008,bundle_default_opt_3,True,select,2,13,11
public_v1,O2,p00008,bundle_default_opt_3,True,sext,8,4,-4
public_v1,O2,p00008,bundle_default_opt_3,True,shl,8,5,-3
public_v1,O2,p00008,bundle_default_opt_3,True,store,20,20,0
public_v1,O2,p00008,bundle_default_opt_3,True,trunc,1,1,0
public_v1,O2,p00008,bundle_default_opt_3,True,xor,2,2,0
public_v1,O2,p00008,bundle_default_opt_3,True,zext,1,2,1
public_v1,O2,p00008,bundle_default_opt_4,True,add,10,10,0
public_v1,O2,p00008,bundle_default_opt_4,True,alloca,1,1,0
public_v1,O2,p00008,bundle_default_opt_4,True,and,1,1,0
public_v1,O2,p00008,bundle_default_opt_4,True,br,22,23,1
public_v1,O2,p00008,bundle_default_opt_4,True,call,3,3,0
public_v1,O2,p00008,bundle_default_opt_4,True,getelementptr,22,22,0
public_v1,O2,p00008,bundle_default_opt_4,True,icmp,16,16,0
public_v1,O2,p00008,bundle_default_opt_4,True,load,24,24,0
public_v1,O2,p00008,bundle_default_opt_4,True,mul,1,1,0
public_v1,O2,p00008,bundle_default_opt_4,True,or,1,1,0
public_v1,O2,p00008,bundle_default_opt_4,True,phi,5,5,0
public_v1,O2,p00008,bundle_default_opt_4,True,ret,2,2,0
public_v1,O2,p00008,bundle_default_opt_4,True,select,13,13,0
public_v1,O2,p00008,bundle_default_opt_4,True,sext,4,4,0
public_v1,O2,p00008,bundle_default_opt_4,True,shl,5,5,0
public_v1,O2,p00008,bundle_default_opt_4,True,store,20,20,0
public_v1,O2,p00008,bundle_default_opt_4,True,trunc,1,2,1
public_v1,O2,p00008,bundle_default_opt_4,True,xor,2,2,0
public_v1,O2,p00008,bundle_default_opt_4,True,zext,2,2,0
public_v1,O2,p00008,bundle_post_opt_4_custom_cleanup,True,add,10,10,0
public_v1,O2,p00008,bundle_post_opt_4_custom_cleanup,True,alloca,1,1,0
public_v1,O2,p00008,bundle_post_opt_4_custom_cleanup,True,and,1,1,0
public_v1,O2,p00008,bundle_post_opt_4_custom_cleanup,True,br,23,23,0
public_v1,O2,p00008,bundle_post_opt_4_custom_cleanup,True,call,3,3,0
public_v1,O2,p00008,bundle_post_opt_4_custom_cleanup,True,getelementptr,22,22,0
public_v1,O2,p00008,bundle_post_opt_4_custom_cleanup,True,icmp,16,16,0
public_v1,O2,p00008,bundle_post_opt_4_custom_cleanup,True,load,24,24,0
public_v1,O2,p00008,bundle_post_opt_4_custom_cleanup,True,mul,1,1,0
public_v1,O2,p00008,bundle_post_opt_4_custom_cleanup,True,or,1,1,0
public_v1,O2,p00008,bundle_post_opt_4_custom_cleanup,True,phi,5,5,0
public_v1,O2,p00008,bundle_post_opt_4_custom_cleanup,True,ret,2,2,0
public_v1,O2,p00008,bundle_post_opt_4_custom_cleanup,True,select,13,13,0
public_v1,O2,p00008,bundle_post_opt_4_custom_cleanup,True,sext,4,4,0
public_v1,O2,p00008,bundle_post_opt_4_custom_cleanup,True,shl,5,5,0
public_v1,O2,p00008,bundle_post_opt_4_custom_cleanup,True,store,20,20,0
public_v1,O2,p00008,bundle_post_opt_4_custom_cleanup,True,trunc,2,2,0
public_v1,O2,p00008,bundle_post_opt_4_custom_cleanup,True,xor,2,2,0
public_v1,O2,p00008,bundle_post_opt_4_custom_cleanup,True,zext,2,2,0
public_v1,O2,p00033,main_default_opt_1,True,add,195,110,-85
public_v1,O2,p00033,main_default_opt_1,True,alloca,14,4,-10
public_v1,O2,p00033,main_default_opt_1,True,and,133,124,-9
public_v1,O2,p00033,main_default_opt_1,True,bitcast,2,2,0
public_v1,O2,p00033,main_default_opt_1,True,br,87,82,-5
public_v1,O2,p00033,main_default_opt_1,True,call,40,21,-19
public_v1,O2,p00033,main_default_opt_1,True,extractvalue,28,8,-20
public_v1,O2,p00033,main_default_opt_1,True,fcmp,1,1,0
public_v1,O2,p00033,main_default_opt_1,True,fptosi,1,1,0
public_v1,O2,p00033,main_default_opt_1,True,getelementptr,239,100,-139
public_v1,O2,p00033,main_default_opt_1,True,icmp,82,75,-7
public_v1,O2,p00033,main_default_opt_1,True,insertvalue,37,4,-33
public_v1,O2,p00033,main_default_opt_1,True,inttoptr,11,10,-1
public_v1,O2,p00033,main_default_opt_1,True,load,148,129,-19
public_v1,O2,p00033,main_default_opt_1,True,lshr,9,5,-4
public_v1,O2,p00033,main_default_opt_1,True,mul,39,38,-1
public_v1,O2,p00033,main_default_opt_1,True,or,94,92,-2
public_v1,O2,p00033,main_default_opt_1,True,phi,19,23,4
public_v1,O2,p00033,main_default_opt_1,True,ptrtoint,13,12,-1
public_v1,O2,p00033,main_default_opt_1,True,ret,4,3,-1
public_v1,O2,p00033,main_default_opt_1,True,select,41,40,-1
public_v1,O2,p00033,main_default_opt_1,True,sext,22,20,-2
public_v1,O2,p00033,main_default_opt_1,True,shl,20,20,0
public_v1,O2,p00033,main_default_opt_1,True,sitofp,1,1,0
public_v1,O2,p00033,main_default_opt_1,True,store,306,129,-177
public_v1,O2,p00033,main_default_opt_1,True,sub,76,5,-71
public_v1,O2,p00033,main_default_opt_1,True,switch,3,2,-1
public_v1,O2,p00033,main_default_opt_1,True,trunc,8,4,-4
public_v1,O2,p00033,main_default_opt_1,True,xor,60,57,-3
public_v1,O2,p00033,main_default_opt_1,True,zext,106,96,-10
public_v1,O2,p00033,main_default_opt_2,True,add,58,58,0
public_v1,O2,p00033,main_default_opt_2,True,alloca,13,13,0
public_v1,O2,p00033,main_default_opt_2,True,and,28,3,-25
public_v1,O2,p00033,main_default_opt_2,True,br,82,79,-3
public_v1,O2,p00033,main_default_opt_2,True,call,37,14,-23
public_v1,O2,p00033,main_default_opt_2,True,extractvalue,4,4,0
public_v1,O2,p00033,main_default_opt_2,True,fcmp,1,1,0
public_v1,O2,p00033,main_default_opt_2,True,fptosi,1,1,0
public_v1,O2,p00033,main_default_opt_2,True,getelementptr,77,72,-5
public_v1,O2,p00033,main_default_opt_2,True,icmp,29,29,0
public_v1,O2,p00033,main_default_opt_2,True,insertvalue,4,2,-2
public_v1,O2,p00033,main_default_opt_2,True,inttoptr,4,4,0
public_v1,O2,p00033,main_default_opt_2,True,load,59,79,20
public_v1,O2,p00033,main_default_opt_2,True,lshr,2,2,0
public_v1,O2,p00033,main_default_opt_2,True,mul,10,10,0
public_v1,O2,p00033,main_default_opt_2,True,or,26,0,-26
public_v1,O2,p00033,main_default_opt_2,True,phi,7,7,0
public_v1,O2,p00033,main_default_opt_2,True,ptrtoint,4,4,0
public_v1,O2,p00033,main_default_opt_2,True,ret,3,3,0
public_v1,O2,p00033,main_default_opt_2,True,select,25,25,0
public_v1,O2,p00033,main_default_opt_2,True,sext,20,20,0
public_v1,O2,p00033,main_default_opt_2,True,shl,20,20,0
public_v1,O2,p00033,main_default_opt_2,True,sitofp,1,1,0
public_v1,O2,p00033,main_default_opt_2,True,store,78,97,19
public_v1,O2,p00033,main_default_opt_2,True,sub,5,5,0
public_v1,O2,p00033,main_default_opt_2,True,switch,2,2,0
public_v1,O2,p00033,main_default_opt_2,True,trunc,0,1,1
public_v1,O2,p00033,main_default_opt_2,True,xor,4,3,-1
public_v1,O2,p00033,main_default_opt_2,True,zext,7,4,-3
public_v1,O2,p00033,bundle_default_opt_3,True,add,49,46,-3
public_v1,O2,p00033,bundle_default_opt_3,True,alloca,13,13,0
public_v1,O2,p00033,bundle_default_opt_3,True,and,3,3,0
public_v1,O2,p00033,bundle_default_opt_3,True,br,79,79,0
public_v1,O2,p00033,bundle_default_opt_3,True,call,18,18,0
public_v1,O2,p00033,bundle_default_opt_3,True,extractvalue,2,0,-2
public_v1,O2,p00033,bundle_default_opt_3,True,fcmp,1,1,0
public_v1,O2,p00033,bundle_default_opt_3,True,fptosi,1,1,0
public_v1,O2,p00033,bundle_default_opt_3,True,getelementptr,66,66,0
public_v1,O2,p00033,bundle_default_opt_3,True,icmp,20,20,0
public_v1,O2,p00033,bundle_default_opt_3,True,insertvalue,2,0,-2
public_v1,O2,p00033,bundle_default_opt_3,True,inttoptr,1,1,0
public_v1,O2,p00033,bundle_default_opt_3,True,load,79,79,0
public_v1,O2,p00033,bundle_default_opt_3,True,lshr,2,2,0
public_v1,O2,p00033,bundle_default_opt_3,True,mul,10,10,0
public_v1,O2,p00033,bundle_default_opt_3,True,phi,7,7,0
public_v1,O2,p00033,bundle_default_opt_3,True,ptrtoint,8,3,-5
public_v1,O2,p00033,bundle_default_opt_3,True,ret,4,4,0
public_v1,O2,p00033,bundle_default_opt_3,True,select,16,16,0
public_v1,O2,p00033,bundle_default_opt_3,True,sext,20,20,0
public_v1,O2,p00033,bundle_default_opt_3,True,shl,20,20,0
public_v1,O2,p00033,bundle_default_opt_3,True,sitofp,1,1,0
public_v1,O2,p00033,bundle_default_opt_3,True,store,97,95,-2
public_v1,O2,p00033,bundle_default_opt_3,True,sub,6,6,0
public_v1,O2,p00033,bundle_default_opt_3,True,switch,2,2,0
public_v1,O2,p00033,bundle_default_opt_3,True,trunc,1,1,0
public_v1,O2,p00033,bundle_default_opt_3,True,xor,3,3,0
public_v1,O2,p00033,bundle_default_opt_3,True,zext,4,4,0
public_v1,O2,p00033,bundle_default_opt_4,True,add,46,50,4
public_v1,O2,p00033,bundle_default_opt_4,True,alloca,13,13,0
public_v1,O2,p00033,bundle_default_opt_4,True,and,3,3,0
public_v1,O2,p00033,bundle_default_opt_4,True,br,79,83,4
public_v1,O2,p00033,bundle_default_opt_4,True,call,18,18,0
public_v1,O2,p00033,bundle_default_opt_4,True,fcmp,1,1,0
public_v1,O2,p00033,bundle_default_opt_4,True,fptosi,1,1,0
public_v1,O2,p00033,bundle_default_opt_4,True,getelementptr,66,73,7
public_v1,O2,p00033,bundle_default_opt_4,True,icmp,20,24,4
public_v1,O2,p00033,bundle_default_opt_4,True,inttoptr,1,1,0
public_v1,O2,p00033,bundle_default_opt_4,True,load,79,81,2
public_v1,O2,p00033,bundle_default_opt_4,True,lshr,2,4,2
public_v1,O2,p00033,bundle_default_opt_4,True,mul,10,10,0
public_v1,O2,p00033,bundle_default_opt_4,True,phi,7,10,3
public_v1,O2,p00033,bundle_default_opt_4,True,ptrtoint,3,3,0
public_v1,O2,p00033,bundle_default_opt_4,True,ret,4,3,-1
public_v1,O2,p00033,bundle_default_opt_4,True,select,16,17,1
public_v1,O2,p00033,bundle_default_opt_4,True,sext,20,20,0
public_v1,O2,p00033,bundle_default_opt_4,True,shl,20,22,2
public_v1,O2,p00033,bundle_default_opt_4,True,sitofp,1,1,0
public_v1,O2,p00033,bundle_default_opt_4,True,store,95,110,15
public_v1,O2,p00033,bundle_default_opt_4,True,sub,6,7,1
public_v1,O2,p00033,bundle_default_opt_4,True,switch,2,2,0
public_v1,O2,p00033,bundle_default_opt_4,True,trunc,1,2,1
public_v1,O2,p00033,bundle_default_opt_4,True,xor,3,6,3
public_v1,O2,p00033,bundle_default_opt_4,True,zext,4,4,0
public_v1,O2,p00033,bundle_post_opt_4_custom_cleanup,True,add,50,50,0
public_v1,O2,p00033,bundle_post_opt_4_custom_cleanup,True,alloca,13,13,0
public_v1,O2,p00033,bundle_post_opt_4_custom_cleanup,True,and,3,3,0
public_v1,O2,p00033,bundle_post_opt_4_custom_cleanup,True,br,83,83,0
public_v1,O2,p00033,bundle_post_opt_4_custom_cleanup,True,call,18,18,0
public_v1,O2,p00033,bundle_post_opt_4_custom_cleanup,True,fcmp,1,1,0
public_v1,O2,p00033,bundle_post_opt_4_custom_cleanup,True,fptosi,1,1,0
public_v1,O2,p00033,bundle_post_opt_4_custom_cleanup,True,getelementptr,73,73,0
public_v1,O2,p00033,bundle_post_opt_4_custom_cleanup,True,icmp,24,24,0
public_v1,O2,p00033,bundle_post_opt_4_custom_cleanup,True,inttoptr,1,1,0
public_v1,O2,p00033,bundle_post_opt_4_custom_cleanup,True,load,81,81,0
public_v1,O2,p00033,bundle_post_opt_4_custom_cleanup,True,lshr,4,4,0
public_v1,O2,p00033,bundle_post_opt_4_custom_cleanup,True,mul,10,10,0
public_v1,O2,p00033,bundle_post_opt_4_custom_cleanup,True,phi,10,10,0
public_v1,O2,p00033,bundle_post_opt_4_custom_cleanup,True,ptrtoint,3,3,0
public_v1,O2,p00033,bundle_post_opt_4_custom_cleanup,True,ret,3,3,0
public_v1,O2,p00033,bundle_post_opt_4_custom_cleanup,True,select,17,17,0
public_v1,O2,p00033,bundle_post_opt_4_custom_cleanup,True,sext,20,20,0
public_v1,O2,p00033,bundle_post_opt_4_custom_cleanup,True,shl,22,22,0
public_v1,O2,p00033,bundle_post_opt_4_custom_cleanup,True,sitofp,1,1,0
public_v1,O2,p00033,bundle_post_opt_4_custom_cleanup,True,store,110,110,0
public_v1,O2,p00033,bundle_post_opt_4_custom_cleanup,True,sub,7,7,0
public_v1,O2,p00033,bundle_post_opt_4_custom_cleanup,True,switch,2,2,0
public_v1,O2,p00033,bundle_post_opt_4_custom_cleanup,True,trunc,2,2,0
public_v1,O2,p00033,bundle_post_opt_4_custom_cleanup,True,xor,6,6,0
public_v1,O2,p00033,bundle_post_opt_4_custom_cleanup,True,zext,4,4,0
public_v1,O2,p00165,main_default_opt_1,True,add,125,96,-29
public_v1,O2,p00165,main_default_opt_1,True,alloca,7,5,-2
public_v1,O2,p00165,main_default_opt_1,True,and,12,8,-4
public_v1,O2,p00165,main_default_opt_1,True,br,26,25,-1
public_v1,O2,p00165,main_default_opt_1,True,call,17,12,-5
public_v1,O2,p00165,main_default_opt_1,True,extractvalue,14,0,-14
public_v1,O2,p00165,main_default_opt_1,True,getelementptr,230,133,-97
public_v1,O2,p00165,main_default_opt_1,True,icmp,97,89,-8
public_v1,O2,p00165,main_default_opt_1,True,insertvalue,22,0,-22
public_v1,O2,p00165,main_default_opt_1,True,inttoptr,40,36,-4
public_v1,O2,p00165,main_default_opt_1,True,load,105,82,-23
public_v1,O2,p00165,main_default_opt_1,True,mul,3,3,0
public_v1,O2,p00165,main_default_opt_1,True,or,7,8,1
public_v1,O2,p00165,main_default_opt_1,True,phi,7,31,24
public_v1,O2,p00165,main_default_opt_1,True,ptrtoint,9,8,-1
public_v1,O2,p00165,main_default_opt_1,True,ret,3,2,-1
public_v1,O2,p00165,main_default_opt_1,True,select,91,83,-8
public_v1,O2,p00165,main_default_opt_1,True,sext,4,4,0
public_v1,O2,p00165,main_default_opt_1,True,shl,2,2,0
public_v1,O2,p00165,main_default_opt_1,True,store,199,149,-50
public_v1,O2,p00165,main_default_opt_1,True,sub,21,2,-19
public_v1,O2,p00165,main_default_opt_1,True,trunc,3,1,-2
public_v1,O2,p00165,main_default_opt_1,True,xor,8,9,1
public_v1,O2,p00165,main_default_opt_1,True,zext,15,15,0
public_v1,O2,p00165,main_default_opt_2,True,add,32,32,0
public_v1,O2,p00165,main_default_opt_2,True,alloca,1,1,0
public_v1,O2,p00165,main_default_opt_2,True,and,13,1,-12
public_v1,O2,p00165,main_default_opt_2,True,br,25,24,-1
public_v1,O2,p00165,main_default_opt_2,True,call,3,4,1
public_v1,O2,p00165,main_default_opt_2,True,getelementptr,67,40,-27
public_v1,O2,p00165,main_default_opt_2,True,icmp,33,27,-6
public_v1,O2,p00165,main_default_opt_2,True,inttoptr,9,6,-3
public_v1,O2,p00165,main_default_opt_2,True,load,38,37,-1
public_v1,O2,p00165,main_default_opt_2,True,mul,1,1,0
public_v1,O2,p00165,main_default_opt_2,True,or,9,1,-8
public_v1,O2,p00165,main_default_opt_2,True,phi,12,7,-5
public_v1,O2,p00165,main_default_opt_2,True,ptrtoint,4,1,-3
public_v1,O2,p00165,main_default_opt_2,True,ret,2,2,0
public_v1,O2,p00165,main_default_opt_2,True,select,23,24,1
public_v1,O2,p00165,main_default_opt_2,True,sext,4,4,0
public_v1,O2,p00165,main_default_opt_2,True,shl,2,2,0
public_v1,O2,p00165,main_default_opt_2,True,store,85,90,5
public_v1,O2,p00165,main_default_opt_2,True,sub,5,1,-4
public_v1,O2,p00165,main_default_opt_2,True,trunc,1,1,0
public_v1,O2,p00165,main_default_opt_2,True,xor,3,3,0
public_v1,O2,p00165,main_default_opt_2,True,zext,5,6,1
public_v1,O2,p00165,bundle_default_opt_3,True,add,15,15,0
public_v1,O2,p00165,bundle_default_opt_3,True,alloca,1,1,0
public_v1,O2,p00165,bundle_default_opt_3,True,and,1,1,0
public_v1,O2,p00165,bundle_default_opt_3,True,br,20,13,-7
public_v1,O2,p00165,bundle_default_opt_3,True,call,9,13,4
public_v1,O2,p00165,bundle_default_opt_3,True,getelementptr,15,13,-2
public_v1,O2,p00165,bundle_default_opt_3,True,icmp,18,15,-3
public_v1,O2,p00165,bundle_default_opt_3,True,inttoptr,1,1,0
public_v1,O2,p00165,bundle_default_opt_3,True,load,34,22,-12
public_v1,O2,p00165,bundle_default_opt_3,True,mul,1,1,0
public_v1,O2,p00165,bundle_default_opt_3,True,or,1,1,0
public_v1,O2,p00165,bundle_default_opt_3,True,phi,4,7,3
public_v1,O2,p00165,bundle_default_opt_3,True,ret,3,3,0
public_v1,O2,p00165,bundle_default_opt_3,True,select,4,9,5
public_v1,O2,p00165,bundle_default_opt_3,True,sext,4,2,-2
public_v1,O2,p00165,bundle_default_opt_3,True,shl,2,2,0
public_v1,O2,p00165,bundle_default_opt_3,True,store,26,22,-4
public_v1,O2,p00165,bundle_default_opt_3,True,sub,1,1,0
public_v1,O2,p00165,bundle_default_opt_3,True,trunc,1,1,0
public_v1,O2,p00165,bundle_default_opt_3,True,xor,3,3,0
public_v1,O2,p00165,bundle_default_opt_3,True,zext,1,2,1
public_v1,O2,p00165,bundle_default_opt_4,True,add,15,15,0
public_v1,O2,p00165,bundle_default_opt_4,True,alloca,1,1,0
public_v1,O2,p00165,bundle_default_opt_4,True,and,1,1,0
public_v1,O2,p00165,bundle_default_opt_4,True,br,13,13,0
public_v1,O2,p00165,bundle_default_opt_4,True,call,13,12,-1
public_v1,O2,p00165,bundle_default_opt_4,True,getelementptr,13,13,0
public_v1,O2,p00165,bundle_default_opt_4,True,icmp,15,15,0
public_v1,O2,p00165,bundle_default_opt_4,True,inttoptr,1,1,0
public_v1,O2,p00165,bundle_default_opt_4,True,load,22,22,0
public_v1,O2,p00165,bundle_default_opt_4,True,mul,1,1,0
public_v1,O2,p00165,bundle_default_opt_4,True,or,1,1,0
public_v1,O2,p00165,bundle_default_opt_4,True,phi,7,7,0
public_v1,O2,p00165,bundle_default_opt_4,True,ret,3,3,0
public_v1,O2,p00165,bundle_default_opt_4,True,select,9,9,0
public_v1,O2,p00165,bundle_default_opt_4,True,sext,2,2,0
public_v1,O2,p00165,bundle_default_opt_4,True,shl,2,2,0
public_v1,O2,p00165,bundle_default_opt_4,True,store,22,22,0
public_v1,O2,p00165,bundle_default_opt_4,True,sub,1,1,0
public_v1,O2,p00165,bundle_default_opt_4,True,trunc,1,1,0
public_v1,O2,p00165,bundle_default_opt_4,True,xor,3,3,0
public_v1,O2,p00165,bundle_default_opt_4,True,zext,2,2,0
public_v1,O2,p00165,bundle_post_opt_4_custom_cleanup,True,add,15,15,0
public_v1,O2,p00165,bundle_post_opt_4_custom_cleanup,True,alloca,1,1,0
public_v1,O2,p00165,bundle_post_opt_4_custom_cleanup,True,and,1,1,0
public_v1,O2,p00165,bundle_post_opt_4_custom_cleanup,True,br,13,13,0
public_v1,O2,p00165,bundle_post_opt_4_custom_cleanup,True,call,12,12,0
public_v1,O2,p00165,bundle_post_opt_4_custom_cleanup,True,getelementptr,13,13,0
public_v1,O2,p00165,bundle_post_opt_4_custom_cleanup,True,icmp,15,15,0
public_v1,O2,p00165,bundle_post_opt_4_custom_cleanup,True,inttoptr,1,1,0
public_v1,O2,p00165,bundle_post_opt_4_custom_cleanup,True,load,22,22,0
public_v1,O2,p00165,bundle_post_opt_4_custom_cleanup,True,mul,1,1,0
public_v1,O2,p00165,bundle_post_opt_4_custom_cleanup,True,or,1,1,0
public_v1,O2,p00165,bundle_post_opt_4_custom_cleanup,True,phi,7,7,0
public_v1,O2,p00165,bundle_post_opt_4_custom_cleanup,True,ret,3,3,0
public_v1,O2,p00165,bundle_post_opt_4_custom_cleanup,True,select,9,9,0
public_v1,O2,p00165,bundle_post_opt_4_custom_cleanup,True,sext,2,2,0
public_v1,O2,p00165,bundle_post_opt_4_custom_cleanup,True,shl,2,2,0
public_v1,O2,p00165,bundle_post_opt_4_custom_cleanup,True,store,22,22,0
public_v1,O2,p00165,bundle_post_opt_4_custom_cleanup,True,sub,1,1,0
public_v1,O2,p00165,bundle_post_opt_4_custom_cleanup,True,trunc,1,1,0
public_v1,O2,p00165,bundle_post_opt_4_custom_cleanup,True,xor,3,3,0
public_v1,O2,p00165,bundle_post_opt_4_custom_cleanup,True,zext,2,2,0
public_v1,O2,p00327,main_default_opt_1,True,add,120,98,-22
public_v1,O2,p00327,main_default_opt_1,True,alloca,5,3,-2
public_v1,O2,p00327,main_default_opt_1,True,and,50,26,-24
public_v1,O2,p00327,main_default_opt_1,True,br,28,25,-3
public_v1,O2,p00327,main_default_opt_1,True,call,14,7,-7
public_v1,O2,p00327,main_default_opt_1,True,extractvalue,14,0,-14
public_v1,O2,p00327,main_default_opt_1,True,getelementptr,168,100,-68
public_v1,O2,p00327,main_default_opt_1,True,icmp,81,72,-9
public_v1,O2,p00327,main_default_opt_1,True,insertvalue,22,0,-22
public_v1,O2,p00327,main_default_opt_1,True,inttoptr,18,18,0
public_v1,O2,p00327,main_default_opt_1,True,load,111,49,-62
public_v1,O2,p00327,main_default_opt_1,True,lshr,3,0,-3
public_v1,O2,p00327,main_default_opt_1,True,mul,16,13,-3
public_v1,O2,p00327,main_default_opt_1,True,or,28,19,-9
public_v1,O2,p00327,main_default_opt_1,True,phi,20,46,26
public_v1,O2,p00327,main_default_opt_1,True,ptrtoint,9,5,-4
public_v1,O2,p00327,main_default_opt_1,True,ret,3,2,-1
public_v1,O2,p00327,main_default_opt_1,True,select,63,59,-4
public_v1,O2,p00327,main_default_opt_1,True,sext,43,37,-6
public_v1,O2,p00327,main_default_opt_1,True,shl,10,9,-1
public_v1,O2,p00327,main_default_opt_1,True,store,167,73,-94
public_v1,O2,p00327,main_default_opt_1,True,sub,18,2,-16
public_v1,O2,p00327,main_default_opt_1,True,trunc,9,4,-5
public_v1,O2,p00327,main_default_opt_1,True,xor,32,22,-10
public_v1,O2,p00327,main_default_opt_1,True,zext,33,24,-9
public_v1,O2,p00327,main_default_opt_2,True,add,97,91,-6
public_v1,O2,p00327,main_default_opt_2,True,alloca,3,3,0
public_v1,O2,p00327,main_default_opt_2,True,and,19,4,-15
public_v1,O2,p00327,main_default_opt_2,True,br,25,25,0
public_v1,O2,p00327,main_default_opt_2,True,call,8,7,-1
public_v1,O2,p00327,main_default_opt_2,True,getelementptr,101,93,-8
public_v1,O2,p00327,main_default_opt_2,True,icmp,71,66,-5
public_v1,O2,p00327,main_default_opt_2,True,inttoptr,17,15,-2
public_v1,O2,p00327,main_default_opt_2,True,load,45,48,3
public_v1,O2,p00327,main_default_opt_2,True,mul,12,12,0
public_v1,O2,p00327,main_default_opt_2,True,or,17,6,-11
public_v1,O2,p00327,main_default_opt_2,True,phi,22,22,0
public_v1,O2,p00327,main_default_opt_2,True,ptrtoint,4,2,-2
public_v1,O2,p00327,main_default_opt_2,True,ret,3,2,-1
public_v1,O2,p00327,main_default_opt_2,True,select,59,53,-6
public_v1,O2,p00327,main_default_opt_2,True,sext,37,33,-4
public_v1,O2,p00327,main_default_opt_2,True,shl,9,9,0
public_v1,O2,p00327,main_default_opt_2,True,store,71,71,0
public_v1,O2,p00327,main_default_opt_2,True,sub,2,2,0
public_v1,O2,p00327,main_default_opt_2,True,trunc,4,0,-4
public_v1,O2,p00327,main_default_opt_2,True,xor,20,1,-19
public_v1,O2,p00327,main_default_opt_2,True,zext,22,15,-7
public_v1,O2,p00327,bundle_default_opt_3,True,add,55,49,-6
public_v1,O2,p00327,bundle_default_opt_3,True,alloca,3,3,0
public_v1,O2,p00327,bundle_default_opt_3,True,and,4,4,0
public_v1,O2,p00327,bundle_default_opt_3,True,br,25,26,1
public_v1,O2,p00327,bundle_default_opt_3,True,call,21,21,0
public_v1,O2,p00327,bundle_default_opt_3,True,getelementptr,57,56,-1
public_v1,O2,p00327,bundle_default_opt_3,True,icmp,30,30,0
public_v1,O2,p00327,bundle_default_opt_3,True,inttoptr,3,3,0
public_v1,O2,p00327,bundle_default_opt_3,True,load,44,44,0
public_v1,O2,p00327,bundle_default_opt_3,True,mul,12,12,0
public_v1,O2,p00327,bundle_default_opt_3,True,or,6,6,0
public_v1,O2,p00327,bundle_default_opt_3,True,phi,18,18,0
public_v1,O2,p00327,bundle_default_opt_3,True,ptrtoint,2,2,0
public_v1,O2,p00327,bundle_default_opt_3,True,ret,4,4,0
public_v1,O2,p00327,bundle_default_opt_3,True,select,17,17,0
public_v1,O2,p00327,bundle_default_opt_3,True,sext,33,29,-4
public_v1,O2,p00327,bundle_default_opt_3,True,shl,9,8,-1
public_v1,O2,p00327,bundle_default_opt_3,True,store,71,71,0
public_v1,O2,p00327,bundle_default_opt_3,True,sub,2,2,0
public_v1,O2,p00327,bundle_default_opt_3,True,xor,1,1,0
public_v1,O2,p00327,bundle_default_opt_3,True,zext,15,15,0
public_v1,O2,p00327,bundle_default_opt_4,True,add,49,49,0
public_v1,O2,p00327,bundle_default_opt_4,True,alloca,3,3,0
public_v1,O2,p00327,bundle_default_opt_4,True,and,4,4,0
public_v1,O2,p00327,bundle_default_opt_4,True,br,26,26,0
public_v1,O2,p00327,bundle_default_opt_4,True,call,21,21,0
public_v1,O2,p00327,bundle_default_opt_4,True,getelementptr,56,56,0
public_v1,O2,p00327,bundle_default_opt_4,True,icmp,30,30,0
public_v1,O2,p00327,bundle_default_opt_4,True,inttoptr,3,3,0
public_v1,O2,p00327,bundle_default_opt_4,True,load,44,44,0
public_v1,O2,p00327,bundle_default_opt_4,True,mul,12,12,0
public_v1,O2,p00327,bundle_default_opt_4,True,or,6,6,0
public_v1,O2,p00327,bundle_default_opt_4,True,phi,18,18,0
public_v1,O2,p00327,bundle_default_opt_4,True,ptrtoint,2,2,0
public_v1,O2,p00327,bundle_default_opt_4,True,ret,4,4,0
public_v1,O2,p00327,bundle_default_opt_4,True,select,17,17,0
public_v1,O2,p00327,bundle_default_opt_4,True,sext,29,28,-1
public_v1,O2,p00327,bundle_default_opt_4,True,shl,8,8,0
public_v1,O2,p00327,bundle_default_opt_4,True,store,71,71,0
public_v1,O2,p00327,bundle_default_opt_4,True,sub,2,2,0
public_v1,O2,p00327,bundle_default_opt_4,True,xor,1,1,0
public_v1,O2,p00327,bundle_default_opt_4,True,zext,15,15,0
public_v1,O2,p00327,bundle_post_opt_4_custom_cleanup,True,add,49,49,0
public_v1,O2,p00327,bundle_post_opt_4_custom_cleanup,True,alloca,3,3,0
public_v1,O2,p00327,bundle_post_opt_4_custom_cleanup,True,and,4,4,0
public_v1,O2,p00327,bundle_post_opt_4_custom_cleanup,True,br,26,26,0
public_v1,O2,p00327,bundle_post_opt_4_custom_cleanup,True,call,21,21,0
public_v1,O2,p00327,bundle_post_opt_4_custom_cleanup,True,getelementptr,56,56,0
public_v1,O2,p00327,bundle_post_opt_4_custom_cleanup,True,icmp,30,30,0
public_v1,O2,p00327,bundle_post_opt_4_custom_cleanup,True,inttoptr,3,3,0
public_v1,O2,p00327,bundle_post_opt_4_custom_cleanup,True,load,44,44,0
public_v1,O2,p00327,bundle_post_opt_4_custom_cleanup,True,mul,12,12,0
public_v1,O2,p00327,bundle_post_opt_4_custom_cleanup,True,or,6,6,0
public_v1,O2,p00327,bundle_post_opt_4_custom_cleanup,True,phi,18,18,0
public_v1,O2,p00327,bundle_post_opt_4_custom_cleanup,True,ptrtoint,2,2,0
public_v1,O2,p00327,bundle_post_opt_4_custom_cleanup,True,ret,4,4,0
public_v1,O2,p00327,bundle_post_opt_4_custom_cleanup,True,select,17,17,0
public_v1,O2,p00327,bundle_post_opt_4_custom_cleanup,True,sext,28,28,0
public_v1,O2,p00327,bundle_post_opt_4_custom_cleanup,True,shl,8,8,0
public_v1,O2,p00327,bundle_post_opt_4_custom_cleanup,True,store,71,71,0
public_v1,O2,p00327,bundle_post_opt_4_custom_cleanup,True,sub,2,2,0
public_v1,O2,p00327,bundle_post_opt_4_custom_cleanup,True,xor,1,1,0
public_v1,O2,p00327,bundle_post_opt_4_custom_cleanup,True,zext,15,15,0
public_v1,O2,p00678,main_default_opt_1,True,add,87,57,-30
public_v1,O2,p00678,main_default_opt_1,True,alloca,11,7,-4
public_v1,O2,p00678,main_default_opt_1,True,and,110,77,-33
public_v1,O2,p00678,main_default_opt_1,True,bitcast,14,11,-3
public_v1,O2,p00678,main_default_opt_1,True,br,89,79,-10
public_v1,O2,p00678,main_default_opt_1,True,call,43,31,-12
public_v1,O2,p00678,main_default_opt_1,True,extractvalue,94,61,-33
public_v1,O2,p00678,main_default_opt_1,True,fadd,13,13,0
public_v1,O2,p00678,main_default_opt_1,True,fcmp,12,11,-1
public_v1,O2,p00678,main_default_opt_1,True,fdiv,5,5,0
public_v1,O2,p00678,main_default_opt_1,True,fmul,2,2,0
public_v1,O2,p00678,main_default_opt_1,True,fsub,2,2,0
public_v1,O2,p00678,main_default_opt_1,True,getelementptr,250,125,-125
public_v1,O2,p00678,main_default_opt_1,True,icmp,126,54,-72
public_v1,O2,p00678,main_default_opt_1,True,insertvalue,72,29,-43
public_v1,O2,p00678,main_default_opt_1,True,inttoptr,13,3,-10
public_v1,O2,p00678,main_default_opt_1,True,load,123,103,-20
public_v1,O2,p00678,main_default_opt_1,True,lshr,18,2,-16
public_v1,O2,p00678,main_default_opt_1,True,mul,18,18,0
public_v1,O2,p00678,main_default_opt_1,True,or,68,66,-2
public_v1,O2,p00678,main_default_opt_1,True,phi,78,88,10
public_v1,O2,p00678,main_default_opt_1,True,ptrtoint,16,6,-10
public_v1,O2,p00678,main_default_opt_1,True,ret,6,5,-1
public_v1,O2,p00678,main_default_opt_1,True,select,50,20,-30
public_v1,O2,p00678,main_default_opt_1,True,sext,8,8,0
public_v1,O2,p00678,main_default_opt_1,True,shl,8,8,0
public_v1,O2,p00678,main_default_opt_1,True,sitofp,5,5,0
public_v1,O2,p00678,main_default_opt_1,True,store,229,179,-50
public_v1,O2,p00678,main_default_opt_1,True,switch,8,4,-4
public_v1,O2,p00678,main_default_opt_1,True,trunc,45,25,-20
public_v1,O2,p00678,main_default_opt_1,True,unreachable,3,3,0
public_v1,O2,p00678,main_default_opt_1,True,xor,59,47,-12
public_v1,O2,p00678,main_default_opt_1,True,zext,130,90,-40
public_v1,O2,p00678,main_default_opt_2,True,add,54,54,0
public_v1,O2,p00678,main_default_opt_2,True,alloca,7,7,0
public_v1,O2,p00678,main_default_opt_2,True,and,177,75,-102
public_v1,O2,p00678,main_default_opt_2,True,bitcast,11,11,0
public_v1,O2,p00678,main_default_opt_2,True,br,79,79,0
public_v1,O2,p00678,main_default_opt_2,True,call,29,29,0
public_v1,O2,p00678,main_default_opt_2,True,extractvalue,61,61,0
public_v1,O2,p00678,main_default_opt_2,True,fadd,13,13,0
public_v1,O2,p00678,main_default_opt_2,True,fcmp,11,11,0
public_v1,O2,p00678,main_default_opt_2,True,fdiv,5,5,0
public_v1,O2,p00678,main_default_opt_2,True,fmul,2,2,0
public_v1,O2,p00678,main_default_opt_2,True,fsub,2,2,0
public_v1,O2,p00678,main_default_opt_2,True,getelementptr,131,125,-6
public_v1,O2,p00678,main_default_opt_2,True,icmp,63,51,-12
public_v1,O2,p00678,main_default_opt_2,True,insertvalue,29,29,0
public_v1,O2,p00678,main_default_opt_2,True,inttoptr,5,3,-2
public_v1,O2,p00678,main_default_opt_2,True,load,91,91,0
public_v1,O2,p00678,main_default_opt_2,True,mul,18,18,0
public_v1,O2,p00678,main_default_opt_2,True,or,162,66,-96
public_v1,O2,p00678,main_default_opt_2,True,phi,88,88,0
public_v1,O2,p00678,main_default_opt_2,True,ptrtoint,7,5,-2
public_v1,O2,p00678,main_default_opt_2,True,ret,5,5,0
public_v1,O2,p00678,main_default_opt_2,True,select,26,20,-6
public_v1,O2,p00678,main_default_opt_2,True,sext,8,8,0
public_v1,O2,p00678,main_default_opt_2,True,shl,8,8,0
public_v1,O2,p00678,main_default_opt_2,True,sitofp,5,5,0
public_v1,O2,p00678,main_default_opt_2,True,store,151,151,0
public_v1,O2,p00678,main_default_opt_2,True,sub,6,0,-6
public_v1,O2,p00678,main_default_opt_2,True,switch,4,4,0
public_v1,O2,p00678,main_default_opt_2,True,trunc,24,22,-2
public_v1,O2,p00678,main_default_opt_2,True,unreachable,3,3,0
public_v1,O2,p00678,main_default_opt_2,True,xor,45,45,0
public_v1,O2,p00678,main_default_opt_2,True,zext,87,87,0
public_v1,O2,p00678,bundle_default_opt_3,True,add,54,54,0
public_v1,O2,p00678,bundle_default_opt_3,True,alloca,7,7,0
public_v1,O2,p00678,bundle_default_opt_3,True,and,75,75,0
public_v1,O2,p00678,bundle_default_opt_3,True,bitcast,11,11,0
public_v1,O2,p00678,bundle_default_opt_3,True,br,79,79,0
public_v1,O2,p00678,bundle_default_opt_3,True,call,29,29,0
public_v1,O2,p00678,bundle_default_opt_3,True,extractvalue,61,61,0
public_v1,O2,p00678,bundle_default_opt_3,True,fadd,13,13,0
public_v1,O2,p00678,bundle_default_opt_3,True,fcmp,11,11,0
public_v1,O2,p00678,bundle_default_opt_3,True,fdiv,5,5,0
public_v1,O2,p00678,bundle_default_opt_3,True,fmul,2,2,0
public_v1,O2,p00678,bundle_default_opt_3,True,fsub,2,2,0
public_v1,O2,p00678,bundle_default_opt_3,True,getelementptr,125,125,0
public_v1,O2,p00678,bundle_default_opt_3,True,icmp,51,51,0
public_v1,O2,p00678,bundle_default_opt_3,True,insertvalue,29,29,0
public_v1,O2,p00678,bundle_default_opt_3,True,inttoptr,3,3,0
public_v1,O2,p00678,bundle_default_opt_3,True,load,91,91,0
public_v1,O2,p00678,bundle_default_opt_3,True,mul,18,18,0
public_v1,O2,p00678,bundle_default_opt_3,True,or,66,66,0
public_v1,O2,p00678,bundle_default_opt_3,True,phi,88,88,0
public_v1,O2,p00678,bundle_default_opt_3,True,ptrtoint,5,5,0
public_v1,O2,p00678,bundle_default_opt_3,True,ret,5,5,0
public_v1,O2,p00678,bundle_default_opt_3,True,select,20,20,0
public_v1,O2,p00678,bundle_default_opt_3,True,sext,8,8,0
public_v1,O2,p00678,bundle_default_opt_3,True,shl,8,8,0
public_v1,O2,p00678,bundle_default_opt_3,True,sitofp,5,5,0
public_v1,O2,p00678,bundle_default_opt_3,True,store,151,151,0
public_v1,O2,p00678,bundle_default_opt_3,True,switch,4,4,0
public_v1,O2,p00678,bundle_default_opt_3,True,trunc,22,22,0
public_v1,O2,p00678,bundle_default_opt_3,True,unreachable,3,3,0
public_v1,O2,p00678,bundle_default_opt_3,True,xor,45,45,0
public_v1,O2,p00678,bundle_default_opt_3,True,zext,87,87,0
public_v1,O2,p00678,bundle_default_opt_4,True,add,54,54,0
public_v1,O2,p00678,bundle_default_opt_4,True,alloca,7,7,0
public_v1,O2,p00678,bundle_default_opt_4,True,and,75,75,0
public_v1,O2,p00678,bundle_default_opt_4,True,bitcast,11,11,0
public_v1,O2,p00678,bundle_default_opt_4,True,br,79,79,0
public_v1,O2,p00678,bundle_default_opt_4,True,call,29,29,0
public_v1,O2,p00678,bundle_default_opt_4,True,extractvalue,61,61,0
public_v1,O2,p00678,bundle_default_opt_4,True,fadd,13,13,0
public_v1,O2,p00678,bundle_default_opt_4,True,fcmp,11,11,0
public_v1,O2,p00678,bundle_default_opt_4,True,fdiv,5,5,0
public_v1,O2,p00678,bundle_default_opt_4,True,fmul,2,2,0
public_v1,O2,p00678,bundle_default_opt_4,True,fsub,2,2,0
public_v1,O2,p00678,bundle_default_opt_4,True,getelementptr,125,125,0
public_v1,O2,p00678,bundle_default_opt_4,True,icmp,51,51,0
public_v1,O2,p00678,bundle_default_opt_4,True,insertvalue,29,29,0
public_v1,O2,p00678,bundle_default_opt_4,True,inttoptr,3,3,0
public_v1,O2,p00678,bundle_default_opt_4,True,load,91,91,0
public_v1,O2,p00678,bundle_default_opt_4,True,mul,18,18,0
public_v1,O2,p00678,bundle_default_opt_4,True,or,66,66,0
public_v1,O2,p00678,bundle_default_opt_4,True,phi,88,88,0
public_v1,O2,p00678,bundle_default_opt_4,True,ptrtoint,5,5,0
public_v1,O2,p00678,bundle_default_opt_4,True,ret,5,5,0
public_v1,O2,p00678,bundle_default_opt_4,True,select,20,20,0
public_v1,O2,p00678,bundle_default_opt_4,True,sext,8,8,0
public_v1,O2,p00678,bundle_default_opt_4,True,shl,8,8,0
public_v1,O2,p00678,bundle_default_opt_4,True,sitofp,5,5,0
public_v1,O2,p00678,bundle_default_opt_4,True,store,151,151,0
public_v1,O2,p00678,bundle_default_opt_4,True,switch,4,4,0
public_v1,O2,p00678,bundle_default_opt_4,True,trunc,22,22,0
public_v1,O2,p00678,bundle_default_opt_4,True,unreachable,3,3,0
public_v1,O2,p00678,bundle_default_opt_4,True,xor,45,45,0
public_v1,O2,p00678,bundle_default_opt_4,True,zext,87,87,0
public_v1,O2,p00678,bundle_post_opt_4_custom_cleanup,True,add,54,54,0
public_v1,O2,p00678,bundle_post_opt_4_custom_cleanup,True,alloca,7,7,0
public_v1,O2,p00678,bundle_post_opt_4_custom_cleanup,True,and,75,75,0
public_v1,O2,p00678,bundle_post_opt_4_custom_cleanup,True,bitcast,11,11,0
public_v1,O2,p00678,bundle_post_opt_4_custom_cleanup,True,br,79,79,0
public_v1,O2,p00678,bundle_post_opt_4_custom_cleanup,True,call,29,29,0
public_v1,O2,p00678,bundle_post_opt_4_custom_cleanup,True,extractvalue,61,61,0
public_v1,O2,p00678,bundle_post_opt_4_custom_cleanup,True,fadd,13,13,0
public_v1,O2,p00678,bundle_post_opt_4_custom_cleanup,True,fcmp,11,11,0
public_v1,O2,p00678,bundle_post_opt_4_custom_cleanup,True,fdiv,5,5,0
public_v1,O2,p00678,bundle_post_opt_4_custom_cleanup,True,fmul,2,2,0
public_v1,O2,p00678,bundle_post_opt_4_custom_cleanup,True,fsub,2,2,0
public_v1,O2,p00678,bundle_post_opt_4_custom_cleanup,True,getelementptr,125,125,0
public_v1,O2,p00678,bundle_post_opt_4_custom_cleanup,True,icmp,51,51,0
public_v1,O2,p00678,bundle_post_opt_4_custom_cleanup,True,insertvalue,29,29,0
public_v1,O2,p00678,bundle_post_opt_4_custom_cleanup,True,inttoptr,3,3,0
public_v1,O2,p00678,bundle_post_opt_4_custom_cleanup,True,load,91,91,0
public_v1,O2,p00678,bundle_post_opt_4_custom_cleanup,True,mul,18,18,0
public_v1,O2,p00678,bundle_post_opt_4_custom_cleanup,True,or,66,66,0
public_v1,O2,p00678,bundle_post_opt_4_custom_cleanup,True,phi,88,88,0
public_v1,O2,p00678,bundle_post_opt_4_custom_cleanup,True,ptrtoint,5,5,0
public_v1,O2,p00678,bundle_post_opt_4_custom_cleanup,True,ret,5,5,0
public_v1,O2,p00678,bundle_post_opt_4_custom_cleanup,True,select,20,20,0
public_v1,O2,p00678,bundle_post_opt_4_custom_cleanup,True,sext,8,8,0
public_v1,O2,p00678,bundle_post_opt_4_custom_cleanup,True,shl,8,8,0
public_v1,O2,p00678,bundle_post_opt_4_custom_cleanup,True,sitofp,5,5,0
public_v1,O2,p00678,bundle_post_opt_4_custom_cleanup,True,store,151,151,0
public_v1,O2,p00678,bundle_post_opt_4_custom_cleanup,True,switch,4,4,0
public_v1,O2,p00678,bundle_post_opt_4_custom_cleanup,True,trunc,22,22,0
public_v1,O2,p00678,bundle_post_opt_4_custom_cleanup,True,unreachable,3,3,0
public_v1,O2,p00678,bundle_post_opt_4_custom_cleanup,True,xor,45,45,0
public_v1,O2,p00678,bundle_post_opt_4_custom_cleanup,True,zext,87,87,0
public_v1,O2,p00693,main_default_opt_1,True,add,148,106,-42
public_v1,O2,p00693,main_default_opt_1,True,alloca,11,5,-6
public_v1,O2,p00693,main_default_opt_1,True,and,28,6,-22
public_v1,O2,p00693,main_default_opt_1,True,ashr,1,1,0
public_v1,O2,p00693,main_default_opt_1,True,br,34,27,-7
public_v1,O2,p00693,main_default_opt_1,True,call,32,18,-14
public_v1,O2,p00693,main_default_opt_1,True,extractvalue,20,4,-16
public_v1,O2,p00693,main_default_opt_1,True,getelementptr,270,157,-113
public_v1,O2,p00693,main_default_opt_1,True,icmp,119,92,-27
public_v1,O2,p00693,main_default_opt_1,True,insertvalue,37,2,-35
public_v1,O2,p00693,main_default_opt_1,True,inttoptr,31,22,-9
public_v1,O2,p00693,main_default_opt_1,True,load,108,60,-48
public_v1,O2,p00693,main_default_opt_1,True,lshr,9,3,-6
public_v1,O2,p00693,main_default_opt_1,True,mul,21,14,-7
public_v1,O2,p00693,main_default_opt_1,True,or,11,4,-7
public_v1,O2,p00693,main_default_opt_1,True,phi,16,22,6
public_v1,O2,p00693,main_default_opt_1,True,ptrtoint,15,10,-5
public_v1,O2,p00693,main_default_opt_1,True,ret,4,3,-1
public_v1,O2,p00693,main_default_opt_1,True,select,98,79,-19
public_v1,O2,p00693,main_default_opt_1,True,sext,16,14,-2
public_v1,O2,p00693,main_default_opt_1,True,store,260,143,-117
public_v1,O2,p00693,main_default_opt_1,True,sub,27,3,-24
public_v1,O2,p00693,main_default_opt_1,True,trunc,16,5,-11
public_v1,O2,p00693,main_default_opt_1,True,xor,23,6,-17
public_v1,O2,p00693,main_default_opt_1,True,zext,33,18,-15
public_v1,O2,p00693,main_default_opt_2,True,add,99,98,-1
public_v1,O2,p00693,main_default_opt_2,True,alloca,5,5,0
public_v1,O2,p00693,main_default_opt_2,True,and,101,1,-100
public_v1,O2,p00693,main_default_opt_2,True,ashr,1,1,0
public_v1,O2,p00693,main_default_opt_2,True,br,27,27,0
public_v1,O2,p00693,main_default_opt_2,True,call,16,18,2
public_v1,O2,p00693,main_default_opt_2,True,extractvalue,4,4,0
public_v1,O2,p00693,main_default_opt_2,True,getelementptr,165,149,-16
public_v1,O2,p00693,main_default_opt_2,True,icmp,109,85,-24
public_v1,O2,p00693,main_default_opt_2,True,insertvalue,2,2,0
public_v1,O2,p00693,main_default_opt_2,True,inttoptr,25,21,-4
public_v1,O2,p00693,main_default_opt_2,True,load,47,47,0
public_v1,O2,p00693,main_default_opt_2,True,mul,13,13,0
public_v1,O2,p00693,main_default_opt_2,True,or,89,1,-88
public_v1,O2,p00693,main_default_opt_2,True,phi,21,20,-1
public_v1,O2,p00693,main_default_opt_2,True,ptrtoint,13,8,-5
public_v1,O2,p00693,main_default_opt_2,True,ret,3,3,0
public_v1,O2,p00693,main_default_opt_2,True,select,88,76,-12
public_v1,O2,p00693,main_default_opt_2,True,sext,14,14,0
public_v1,O2,p00693,main_default_opt_2,True,store,115,107,-8
public_v1,O2,p00693,main_default_opt_2,True,sub,16,4,-12
public_v1,O2,p00693,main_default_opt_2,True,trunc,3,1,-2
public_v1,O2,p00693,main_default_opt_2,True,xor,2,2,0
public_v1,O2,p00693,main_default_opt_2,True,zext,11,9,-2
public_v1,O2,p00693,bundle_default_opt_3,True,add,65,61,-4
public_v1,O2,p00693,bundle_default_opt_3,True,alloca,5,5,0
public_v1,O2,p00693,bundle_default_opt_3,True,and,1,1,0
public_v1,O2,p00693,bundle_default_opt_3,True,ashr,1,1,0
public_v1,O2,p00693,bundle_default_opt_3,True,br,27,26,-1
public_v1,O2,p00693,bundle_default_opt_3,True,call,31,32,1
public_v1,O2,p00693,bundle_default_opt_3,True,extractvalue,2,0,-2
public_v1,O2,p00693,bundle_default_opt_3,True,getelementptr,107,102,-5
public_v1,O2,p00693,bundle_default_opt_3,True,icmp,52,53,1
public_v1,O2,p00693,bundle_default_opt_3,True,insertvalue,2,0,-2
public_v1,O2,p00693,bundle_default_opt_3,True,inttoptr,10,10,0
public_v1,O2,p00693,bundle_default_opt_3,True,load,47,49,2
public_v1,O2,p00693,bundle_default_opt_3,True,mul,13,13,0
public_v1,O2,p00693,bundle_default_opt_3,True,or,1,1,0
public_v1,O2,p00693,bundle_default_opt_3,True,phi,20,14,-6
public_v1,O2,p00693,bundle_default_opt_3,True,ptrtoint,13,8,-5
public_v1,O2,p00693,bundle_default_opt_3,True,ret,5,5,0
public_v1,O2,p00693,bundle_default_opt_3,True,select,43,44,1
public_v1,O2,p00693,bundle_default_opt_3,True,sext,14,14,0
public_v1,O2,p00693,bundle_default_opt_3,True,store,107,111,4
public_v1,O2,p00693,bundle_default_opt_3,True,sub,5,1,-4
public_v1,O2,p00693,bundle_default_opt_3,True,trunc,1,1,0
public_v1,O2,p00693,bundle_default_opt_3,True,xor,2,2,0
public_v1,O2,p00693,bundle_default_opt_3,True,zext,9,9,0
public_v1,O2,p00693,bundle_default_opt_4,True,add,61,61,0
public_v1,O2,p00693,bundle_default_opt_4,True,alloca,5,5,0
public_v1,O2,p00693,bundle_default_opt_4,True,and,1,1,0
public_v1,O2,p00693,bundle_default_opt_4,True,ashr,1,1,0
public_v1,O2,p00693,bundle_default_opt_4,True,br,26,26,0
public_v1,O2,p00693,bundle_default_opt_4,True,call,32,32,0
public_v1,O2,p00693,bundle_default_opt_4,True,getelementptr,102,102,0
public_v1,O2,p00693,bundle_default_opt_4,True,icmp,53,53,0
public_v1,O2,p00693,bundle_default_opt_4,True,inttoptr,10,10,0
public_v1,O2,p00693,bundle_default_opt_4,True,load,49,49,0
public_v1,O2,p00693,bundle_default_opt_4,True,mul,13,13,0
public_v1,O2,p00693,bundle_default_opt_4,True,or,1,1,0
public_v1,O2,p00693,bundle_default_opt_4,True,phi,14,14,0
public_v1,O2,p00693,bundle_default_opt_4,True,ptrtoint,8,8,0
public_v1,O2,p00693,bundle_default_opt_4,True,ret,5,5,0
public_v1,O2,p00693,bundle_default_opt_4,True,select,44,44,0
public_v1,O2,p00693,bundle_default_opt_4,True,sext,14,14,0
public_v1,O2,p00693,bundle_default_opt_4,True,store,111,111,0
public_v1,O2,p00693,bundle_default_opt_4,True,sub,1,1,0
public_v1,O2,p00693,bundle_default_opt_4,True,trunc,1,1,0
public_v1,O2,p00693,bundle_default_opt_4,True,xor,2,2,0
public_v1,O2,p00693,bundle_default_opt_4,True,zext,9,9,0
public_v1,O2,p00693,bundle_post_opt_4_custom_cleanup,True,add,61,61,0
public_v1,O2,p00693,bundle_post_opt_4_custom_cleanup,True,alloca,5,5,0
public_v1,O2,p00693,bundle_post_opt_4_custom_cleanup,True,and,1,1,0
public_v1,O2,p00693,bundle_post_opt_4_custom_cleanup,True,ashr,1,1,0
public_v1,O2,p00693,bundle_post_opt_4_custom_cleanup,True,br,26,26,0
public_v1,O2,p00693,bundle_post_opt_4_custom_cleanup,True,call,32,32,0
public_v1,O2,p00693,bundle_post_opt_4_custom_cleanup,True,getelementptr,102,102,0
public_v1,O2,p00693,bundle_post_opt_4_custom_cleanup,True,icmp,53,53,0
public_v1,O2,p00693,bundle_post_opt_4_custom_cleanup,True,inttoptr,10,10,0
public_v1,O2,p00693,bundle_post_opt_4_custom_cleanup,True,load,49,49,0
public_v1,O2,p00693,bundle_post_opt_4_custom_cleanup,True,mul,13,13,0
public_v1,O2,p00693,bundle_post_opt_4_custom_cleanup,True,or,1,1,0
public_v1,O2,p00693,bundle_post_opt_4_custom_cleanup,True,phi,14,14,0
public_v1,O2,p00693,bundle_post_opt_4_custom_cleanup,True,ptrtoint,8,8,0
public_v1,O2,p00693,bundle_post_opt_4_custom_cleanup,True,ret,5,5,0
public_v1,O2,p00693,bundle_post_opt_4_custom_cleanup,True,select,44,44,0
public_v1,O2,p00693,bundle_post_opt_4_custom_cleanup,True,sext,14,14,0
public_v1,O2,p00693,bundle_post_opt_4_custom_cleanup,True,store,111,111,0
public_v1,O2,p00693,bundle_post_opt_4_custom_cleanup,True,sub,1,1,0
public_v1,O2,p00693,bundle_post_opt_4_custom_cleanup,True,trunc,1,1,0
public_v1,O2,p00693,bundle_post_opt_4_custom_cleanup,True,xor,2,2,0
public_v1,O2,p00693,bundle_post_opt_4_custom_cleanup,True,zext,9,9,0
public_v1,O2,p00788,main_default_opt_1,True,add,134,51,-83
public_v1,O2,p00788,main_default_opt_1,True,alloca,5,1,-4
public_v1,O2,p00788,main_default_opt_1,True,and,64,44,-20
public_v1,O2,p00788,main_default_opt_1,True,ashr,4,2,-2
public_v1,O2,p00788,main_default_opt_1,True,br,51,44,-7
public_v1,O2,p00788,main_default_opt_1,True,call,27,15,-12
public_v1,O2,p00788,main_default_opt_1,True,extractvalue,27,5,-22
public_v1,O2,p00788,main_default_opt_1,True,getelementptr,202,63,-139
public_v1,O2,p00788,main_default_opt_1,True,icmp,91,53,-38
public_v1,O2,p00788,main_default_opt_1,True,insertvalue,52,4,-48
public_v1,O2,p00788,main_default_opt_1,True,inttoptr,16,8,-8
public_v1,O2,p00788,main_default_opt_1,True,load,121,84,-37
public_v1,O2,p00788,main_default_opt_1,True,lshr,9,4,-5
public_v1,O2,p00788,main_default_opt_1,True,mul,25,23,-2
public_v1,O2,p00788,main_default_opt_1,True,or,34,29,-5
public_v1,O2,p00788,main_default_opt_1,True,phi,23,24,1
public_v1,O2,p00788,main_default_opt_1,True,ptrtoint,10,5,-5
public_v1,O2,p00788,main_default_opt_1,True,ret,5,3,-2
public_v1,O2,p00788,main_default_opt_1,True,sdiv,5,5,0
public_v1,O2,p00788,main_default_opt_1,True,select,52,28,-24
public_v1,O2,p00788,main_default_opt_1,True,sext,8,8,0
public_v1,O2,p00788,main_default_opt_1,True,shl,4,2,-2
public_v1,O2,p00788,main_default_opt_1,True,srem,2,1,-1
public_v1,O2,p00788,main_default_opt_1,True,store,179,106,-73
public_v1,O2,p00788,main_default_opt_1,True,sub,64,5,-59
public_v1,O2,p00788,main_default_opt_1,True,switch,2,1,-1
public_v1,O2,p00788,main_default_opt_1,True,trunc,28,18,-10
public_v1,O2,p00788,main_default_opt_1,True,udiv,1,1,0
public_v1,O2,p00788,main_default_opt_1,True,unreachable,11,9,-2
public_v1,O2,p00788,main_default_opt_1,True,xor,32,25,-7
public_v1,O2,p00788,main_default_opt_1,True,zext,65,48,-17
public_v1,O2,p00788,main_default_opt_2,True,add,38,38,0
public_v1,O2,p00788,main_default_opt_2,True,alloca,3,3,0
public_v1,O2,p00788,main_default_opt_2,True,and,11,2,-9
public_v1,O2,p00788,main_default_opt_2,True,ashr,2,2,0
public_v1,O2,p00788,main_default_opt_2,True,br,44,40,-4
public_v1,O2,p00788,main_default_opt_2,True,call,17,11,-6
public_v1,O2,p00788,main_default_opt_2,True,extractvalue,4,4,0
public_v1,O2,p00788,main_default_opt_2,True,getelementptr,66,64,-2
public_v1,O2,p00788,main_default_opt_2,True,icmp,40,37,-3
public_v1,O2,p00788,main_default_opt_2,True,insertvalue,4,2,-2
public_v1,O2,p00788,main_default_opt_2,True,inttoptr,6,6,0
public_v1,O2,p00788,main_default_opt_2,True,load,53,53,0
public_v1,O2,p00788,main_default_opt_2,True,lshr,1,1,0
public_v1,O2,p00788,main_default_opt_2,True,mul,14,13,-1
public_v1,O2,p00788,main_default_opt_2,True,or,10,2,-8
public_v1,O2,p00788,main_default_opt_2,True,phi,7,7,0
public_v1,O2,p00788,main_default_opt_2,True,ptrtoint,3,3,0
public_v1,O2,p00788,main_default_opt_2,True,ret,3,3,0
public_v1,O2,p00788,main_default_opt_2,True,sdiv,5,5,0
public_v1,O2,p00788,main_default_opt_2,True,select,28,28,0
public_v1,O2,p00788,main_default_opt_2,True,sext,8,8,0
public_v1,O2,p00788,main_default_opt_2,True,shl,2,2,0
public_v1,O2,p00788,main_default_opt_2,True,srem,1,1,0
public_v1,O2,p00788,main_default_opt_2,True,store,78,82,4
public_v1,O2,p00788,main_default_opt_2,True,sub,5,5,0
public_v1,O2,p00788,main_default_opt_2,True,switch,1,1,0
public_v1,O2,p00788,main_default_opt_2,True,trunc,12,11,-1
public_v1,O2,p00788,main_default_opt_2,True,udiv,1,1,0
public_v1,O2,p00788,main_default_opt_2,True,unreachable,9,7,-2
public_v1,O2,p00788,main_default_opt_2,True,xor,4,2,-2
public_v1,O2,p00788,main_default_opt_2,True,zext,10,9,-1
public_v1,O2,p00788,bundle_default_opt_3,True,add,23,20,-3
public_v1,O2,p00788,bundle_default_opt_3,True,alloca,3,3,0
public_v1,O2,p00788,bundle_default_opt_3,True,and,2,2,0
public_v1,O2,p00788,bundle_default_opt_3,True,ashr,2,0,-2
public_v1,O2,p00788,bundle_default_opt_3,True,br,40,44,4
public_v1,O2,p00788,bundle_default_opt_3,True,call,11,11,0
public_v1,O2,p00788,bundle_default_opt_3,True,extractvalue,2,0,-2
public_v1,O2,p00788,bundle_default_opt_3,True,getelementptr,54,46,-8
public_v1,O2,p00788,bundle_default_opt_3,True,icmp,22,25,3
public_v1,O2,p00788,bundle_default_opt_3,True,insertvalue,2,0,-2
public_v1,O2,p00788,bundle_default_opt_3,True,inttoptr,6,3,-3
public_v1,O2,p00788,bundle_default_opt_3,True,load,47,47,0
public_v1,O2,p00788,bundle_default_opt_3,True,lshr,1,1,0
public_v1,O2,p00788,bundle_default_opt_3,True,mul,13,13,0
public_v1,O2,p00788,bundle_default_opt_3,True,or,2,2,0
public_v1,O2,p00788,bundle_default_opt_3,True,phi,7,7,0
public_v1,O2,p00788,bundle_default_opt_3,True,ptrtoint,7,2,-5
public_v1,O2,p00788,bundle_default_opt_3,True,ret,3,2,-1
public_v1,O2,p00788,bundle_default_opt_3,True,sdiv,5,6,1
public_v1,O2,p00788,bundle_default_opt_3,True,select,13,14,1
public_v1,O2,p00788,bundle_default_opt_3,True,sext,8,10,2
public_v1,O2,p00788,bundle_default_opt_3,True,shl,2,0,-2
public_v1,O2,p00788,bundle_default_opt_3,True,srem,1,2,1
public_v1,O2,p00788,bundle_default_opt_3,True,store,82,96,14
public_v1,O2,p00788,bundle_default_opt_3,True,sub,4,1,-3
public_v1,O2,p00788,bundle_default_opt_3,True,switch,1,1,0
public_v1,O2,p00788,bundle_default_opt_3,True,trunc,11,8,-3
public_v1,O2,p00788,bundle_default_opt_3,True,udiv,1,1,0
public_v1,O2,p00788,bundle_default_opt_3,True,unreachable,7,9,2
public_v1,O2,p00788,bundle_default_opt_3,True,xor,2,2,0
public_v1,O2,p00788,bundle_default_opt_3,True,zext,9,5,-4
public_v1,O2,p00788,bundle_default_opt_4,True,add,20,20,0
public_v1,O2,p00788,bundle_default_opt_4,True,alloca,3,3,0
public_v1,O2,p00788,bundle_default_opt_4,True,and,2,2,0
public_v1,O2,p00788,bundle_default_opt_4,True,br,44,44,0
public_v1,O2,p00788,bundle_default_opt_4,True,call,11,11,0
public_v1,O2,p00788,bundle_default_opt_4,True,getelementptr,46,43,-3
public_v1,O2,p00788,bundle_default_opt_4,True,icmp,25,25,0
public_v1,O2,p00788,bundle_default_opt_4,True,inttoptr,3,3,0
public_v1,O2,p00788,bundle_default_opt_4,True,load,47,41,-6
public_v1,O2,p00788,bundle_default_opt_4,True,lshr,1,1,0
public_v1,O2,p00788,bundle_default_opt_4,True,mul,13,13,0
public_v1,O2,p00788,bundle_default_opt_4,True,or,2,2,0
public_v1,O2,p00788,bundle_default_opt_4,True,phi,7,7,0
public_v1,O2,p00788,bundle_default_opt_4,True,ptrtoint,2,2,0
public_v1,O2,p00788,bundle_default_opt_4,True,ret,2,2,0
public_v1,O2,p00788,bundle_default_opt_4,True,sdiv,6,6,0
public_v1,O2,p00788,bundle_default_opt_4,True,select,14,14,0
public_v1,O2,p00788,bundle_default_opt_4,True,sext,10,10,0
public_v1,O2,p00788,bundle_default_opt_4,True,srem,2,2,0
public_v1,O2,p00788,bundle_default_opt_4,True,store,96,96,0
public_v1,O2,p00788,bundle_default_opt_4,True,sub,1,1,0
public_v1,O2,p00788,bundle_default_opt_4,True,switch,1,1,0
public_v1,O2,p00788,bundle_default_opt_4,True,trunc,8,8,0
public_v1,O2,p00788,bundle_default_opt_4,True,udiv,1,1,0
public_v1,O2,p00788,bundle_default_opt_4,True,unreachable,9,9,0
public_v1,O2,p00788,bundle_default_opt_4,True,xor,2,2,0
public_v1,O2,p00788,bundle_default_opt_4,True,zext,5,5,0
public_v1,O2,p00788,bundle_post_opt_4_custom_cleanup,True,add,20,12,-8
public_v1,O2,p00788,bundle_post_opt_4_custom_cleanup,True,alloca,3,8,5
public_v1,O2,p00788,bundle_post_opt_4_custom_cleanup,True,and,2,2,0
public_v1,O2,p00788,bundle_post_opt_4_custom_cleanup,True,br,44,43,-1
public_v1,O2,p00788,bundle_post_opt_4_custom_cleanup,True,call,11,11,0
public_v1,O2,p00788,bundle_post_opt_4_custom_cleanup,True,getelementptr,43,0,-43
public_v1,O2,p00788,bundle_post_opt_4_custom_cleanup,True,icmp,25,22,-3
public_v1,O2,p00788,bundle_post_opt_4_custom_cleanup,True,inttoptr,3,0,-3
public_v1,O2,p00788,bundle_post_opt_4_custom_cleanup,True,load,41,4,-37
public_v1,O2,p00788,bundle_post_opt_4_custom_cleanup,True,lshr,1,1,0
public_v1,O2,p00788,bundle_post_opt_4_custom_cleanup,True,mul,13,12,-1
public_v1,O2,p00788,bundle_post_opt_4_custom_cleanup,True,or,2,2,0
public_v1,O2,p00788,bundle_post_opt_4_custom_cleanup,True,phi,7,29,22
public_v1,O2,p00788,bundle_post_opt_4_custom_cleanup,True,ptrtoint,2,0,-2
public_v1,O2,p00788,bundle_post_opt_4_custom_cleanup,True,ret,2,2,0
public_v1,O2,p00788,bundle_post_opt_4_custom_cleanup,True,sdiv,6,6,0
public_v1,O2,p00788,bundle_post_opt_4_custom_cleanup,True,select,14,6,-8
public_v1,O2,p00788,bundle_post_opt_4_custom_cleanup,True,sext,10,10,0
public_v1,O2,p00788,bundle_post_opt_4_custom_cleanup,True,srem,2,2,0
public_v1,O2,p00788,bundle_post_opt_4_custom_cleanup,True,store,96,9,-87
public_v1,O2,p00788,bundle_post_opt_4_custom_cleanup,True,sub,1,0,-1
public_v1,O2,p00788,bundle_post_opt_4_custom_cleanup,True,switch,1,1,0
public_v1,O2,p00788,bundle_post_opt_4_custom_cleanup,True,trunc,8,8,0
public_v1,O2,p00788,bundle_post_opt_4_custom_cleanup,True,udiv,1,1,0
public_v1,O2,p00788,bundle_post_opt_4_custom_cleanup,True,unreachable,9,9,0
public_v1,O2,p00788,bundle_post_opt_4_custom_cleanup,True,xor,2,2,0
public_v1,O2,p00788,bundle_post_opt_4_custom_cleanup,True,zext,5,2,-3
public_v1,O2,p00793,main_default_opt_1,True,add,298,300,2
public_v1,O2,p00793,main_default_opt_1,True,alloca,5,5,0
public_v1,O2,p00793,main_default_opt_1,True,and,129,154,25
public_v1,O2,p00793,main_default_opt_1,True,bitcast,37,34,-3
public_v1,O2,p00793,main_default_opt_1,True,br,93,94,1
public_v1,O2,p00793,main_default_opt_1,True,call,48,60,12
public_v1,O2,p00793,main_default_opt_1,True,fadd,11,8,-3
public_v1,O2,p00793,main_default_opt_1,True,fcmp,16,14,-2
public_v1,O2,p00793,main_default_opt_1,True,fdiv,4,4,0
public_v1,O2,p00793,main_default_opt_1,True,fmul,12,12,0
public_v1,O2,p00793,main_default_opt_1,True,fneg,1,1,0
public_v1,O2,p00793,main_default_opt_1,True,fsub,30,31,1
public_v1,O2,p00793,main_default_opt_1,True,getelementptr,300,258,-42
public_v1,O2,p00793,main_default_opt_1,True,icmp,179,198,19
public_v1,O2,p00793,main_default_opt_1,True,inttoptr,171,158,-13
public_v1,O2,p00793,main_default_opt_1,True,load,624,618,-6
public_v1,O2,p00793,main_default_opt_1,True,lshr,56,76,20
public_v1,O2,p00793,main_default_opt_1,True,mul,17,17,0
public_v1,O2,p00793,main_default_opt_1,True,or,56,56,0
public_v1,O2,p00793,main_default_opt_1,True,phi,412,428,16
public_v1,O2,p00793,main_default_opt_1,True,ptrtoint,5,3,-2
public_v1,O2,p00793,main_default_opt_1,True,ret,9,8,-1
public_v1,O2,p00793,main_default_opt_1,True,select,96,96,0
public_v1,O2,p00793,main_default_opt_1,True,sext,10,10,0
public_v1,O2,p00793,main_default_opt_1,True,shl,10,10,0
public_v1,O2,p00793,main_default_opt_1,True,store,2487,2432,-55
public_v1,O2,p00793,main_default_opt_1,True,switch,9,9,0
public_v1,O2,p00793,main_default_opt_1,True,trunc,88,117,29
public_v1,O2,p00793,main_default_opt_1,True,unreachable,4,4,0
public_v1,O2,p00793,main_default_opt_1,True,xor,104,147,43
public_v1,O2,p00793,main_default_opt_1,True,zext,129,155,26
public_v1,O2,p00793,main_default_opt_2,True,add,297,287,-10
public_v1,O2,p00793,main_default_opt_2,True,alloca,6,6,0
public_v1,O2,p00793,main_default_opt_2,True,and,156,134,-22
public_v1,O2,p00793,main_default_opt_2,True,bitcast,34,34,0
public_v1,O2,p00793,main_default_opt_2,True,br,94,93,-1
public_v1,O2,p00793,main_default_opt_2,True,call,60,54,-6
public_v1,O2,p00793,main_default_opt_2,True,fadd,8,8,0
public_v1,O2,p00793,main_default_opt_2,True,fcmp,14,14,0
public_v1,O2,p00793,main_default_opt_2,True,fdiv,4,4,0
public_v1,O2,p00793,main_default_opt_2,True,fmul,12,12,0
public_v1,O2,p00793,main_default_opt_2,True,fneg,1,1,0
public_v1,O2,p00793,main_default_opt_2,True,fsub,31,31,0
public_v1,O2,p00793,main_default_opt_2,True,getelementptr,267,262,-5
public_v1,O2,p00793,main_default_opt_2,True,icmp,202,176,-26
public_v1,O2,p00793,main_default_opt_2,True,inttoptr,152,151,-1
public_v1,O2,p00793,main_default_opt_2,True,load,619,619,0
public_v1,O2,p00793,main_default_opt_2,True,lshr,76,66,-10
public_v1,O2,p00793,main_default_opt_2,True,mul,17,17,0
public_v1,O2,p00793,main_default_opt_2,True,or,56,55,-1
public_v1,O2,p00793,main_default_opt_2,True,phi,428,430,2
public_v1,O2,p00793,main_default_opt_2,True,ptrtoint,4,4,0
public_v1,O2,p00793,main_default_opt_2,True,ret,8,8,0
public_v1,O2,p00793,main_default_opt_2,True,select,98,98,0
public_v1,O2,p00793,main_default_opt_2,True,sext,10,10,0
public_v1,O2,p00793,main_default_opt_2,True,shl,10,10,0
public_v1,O2,p00793,main_default_opt_2,True,store,2433,2429,-4
public_v1,O2,p00793,main_default_opt_2,True,sub,2,0,-2
public_v1,O2,p00793,main_default_opt_2,True,switch,9,9,0
public_v1,O2,p00793,main_default_opt_2,True,trunc,117,101,-16
public_v1,O2,p00793,main_default_opt_2,True,unreachable,4,4,0
public_v1,O2,p00793,main_default_opt_2,True,xor,147,103,-44
public_v1,O2,p00793,main_default_opt_2,True,zext,155,118,-37
public_v1,O2,p00793,bundle_default_opt_3,True,add,203,203,0
public_v1,O2,p00793,bundle_default_opt_3,True,alloca,6,6,0
public_v1,O2,p00793,bundle_default_opt_3,True,and,134,134,0
public_v1,O2,p00793,bundle_default_opt_3,True,bitcast,34,36,2
public_v1,O2,p00793,bundle_default_opt_3,True,br,93,93,0
public_v1,O2,p00793,bundle_default_opt_3,True,call,97,97,0
public_v1,O2,p00793,bundle_default_opt_3,True,fadd,8,8,0
public_v1,O2,p00793,bundle_default_opt_3,True,fcmp,14,14,0
public_v1,O2,p00793,bundle_default_opt_3,True,fdiv,4,4,0
public_v1,O2,p00793,bundle_default_opt_3,True,fmul,12,12,0
public_v1,O2,p00793,bundle_default_opt_3,True,fneg,1,1,0
public_v1,O2,p00793,bundle_default_opt_3,True,fsub,31,31,0
public_v1,O2,p00793,bundle_default_opt_3,True,getelementptr,136,136,0
public_v1,O2,p00793,bundle_default_opt_3,True,icmp,92,92,0
public_v1,O2,p00793,bundle_default_opt_3,True,inttoptr,109,109,0
public_v1,O2,p00793,bundle_default_opt_3,True,load,619,598,-21
public_v1,O2,p00793,bundle_default_opt_3,True,lshr,66,66,0
public_v1,O2,p00793,bundle_default_opt_3,True,mul,17,17,0
public_v1,O2,p00793,bundle_default_opt_3,True,or,55,55,0
public_v1,O2,p00793,bundle_default_opt_3,True,phi,430,430,0
public_v1,O2,p00793,bundle_default_opt_3,True,ptrtoint,4,4,0
public_v1,O2,p00793,bundle_default_opt_3,True,ret,9,9,0
public_v1,O2,p00793,bundle_default_opt_3,True,select,14,14,0
public_v1,O2,p00793,bundle_default_opt_3,True,sext,10,10,0
public_v1,O2,p00793,bundle_default_opt_3,True,shl,10,10,0
public_v1,O2,p00793,bundle_default_opt_3,True,store,2429,2301,-128
public_v1,O2,p00793,bundle_default_opt_3,True,switch,9,9,0
public_v1,O2,p00793,bundle_default_opt_3,True,trunc,101,101,0
public_v1,O2,p00793,bundle_default_opt_3,True,unreachable,4,4,0
public_v1,O2,p00793,bundle_default_opt_3,True,xor,103,103,0
public_v1,O2,p00793,bundle_default_opt_3,True,zext,118,118,0
public_v1,O2,p00793,bundle_default_opt_4,True,add,203,203,0
public_v1,O2,p00793,bundle_default_opt_4,True,alloca,6,6,0
public_v1,O2,p00793,bundle_default_opt_4,True,and,134,134,0
public_v1,O2,p00793,bundle_default_opt_4,True,bitcast,36,36,0
public_v1,O2,p00793,bundle_default_opt_4,True,br,93,93,0
public_v1,O2,p00793,bundle_default_opt_4,True,call,97,97,0
public_v1,O2,p00793,bundle_default_opt_4,True,fadd,8,8,0
public_v1,O2,p00793,bundle_default_opt_4,True,fcmp,14,14,0
public_v1,O2,p00793,bundle_default_opt_4,True,fdiv,4,4,0
public_v1,O2,p00793,bundle_default_opt_4,True,fmul,12,12,0
public_v1,O2,p00793,bundle_default_opt_4,True,fneg,1,1,0
public_v1,O2,p00793,bundle_default_opt_4,True,fsub,31,31,0
public_v1,O2,p00793,bundle_default_opt_4,True,getelementptr,136,136,0
public_v1,O2,p00793,bundle_default_opt_4,True,icmp,92,92,0
public_v1,O2,p00793,bundle_default_opt_4,True,inttoptr,109,109,0
public_v1,O2,p00793,bundle_default_opt_4,True,load,598,598,0
public_v1,O2,p00793,bundle_default_opt_4,True,lshr,66,66,0
public_v1,O2,p00793,bundle_default_opt_4,True,mul,17,17,0
public_v1,O2,p00793,bundle_default_opt_4,True,or,55,55,0
public_v1,O2,p00793,bundle_default_opt_4,True,phi,430,430,0
public_v1,O2,p00793,bundle_default_opt_4,True,ptrtoint,4,4,0
public_v1,O2,p00793,bundle_default_opt_4,True,ret,9,9,0
public_v1,O2,p00793,bundle_default_opt_4,True,select,14,14,0
public_v1,O2,p00793,bundle_default_opt_4,True,sext,10,10,0
public_v1,O2,p00793,bundle_default_opt_4,True,shl,10,10,0
public_v1,O2,p00793,bundle_default_opt_4,True,store,2301,2285,-16
public_v1,O2,p00793,bundle_default_opt_4,True,switch,9,9,0
public_v1,O2,p00793,bundle_default_opt_4,True,trunc,101,101,0
public_v1,O2,p00793,bundle_default_opt_4,True,unreachable,4,4,0
public_v1,O2,p00793,bundle_default_opt_4,True,xor,103,103,0
public_v1,O2,p00793,bundle_default_opt_4,True,zext,118,118,0
public_v1,O2,p00793,bundle_post_opt_4_custom_cleanup,True,add,203,203,0
public_v1,O2,p00793,bundle_post_opt_4_custom_cleanup,True,alloca,6,6,0
public_v1,O2,p00793,bundle_post_opt_4_custom_cleanup,True,and,134,134,0
public_v1,O2,p00793,bundle_post_opt_4_custom_cleanup,True,bitcast,36,36,0
public_v1,O2,p00793,bundle_post_opt_4_custom_cleanup,True,br,93,93,0
public_v1,O2,p00793,bundle_post_opt_4_custom_cleanup,True,call,97,97,0
public_v1,O2,p00793,bundle_post_opt_4_custom_cleanup,True,fadd,8,8,0
public_v1,O2,p00793,bundle_post_opt_4_custom_cleanup,True,fcmp,14,14,0
public_v1,O2,p00793,bundle_post_opt_4_custom_cleanup,True,fdiv,4,4,0
public_v1,O2,p00793,bundle_post_opt_4_custom_cleanup,True,fmul,12,12,0
public_v1,O2,p00793,bundle_post_opt_4_custom_cleanup,True,fneg,1,1,0
public_v1,O2,p00793,bundle_post_opt_4_custom_cleanup,True,fsub,31,31,0
public_v1,O2,p00793,bundle_post_opt_4_custom_cleanup,True,getelementptr,136,136,0
public_v1,O2,p00793,bundle_post_opt_4_custom_cleanup,True,icmp,92,92,0
public_v1,O2,p00793,bundle_post_opt_4_custom_cleanup,True,inttoptr,109,109,0
public_v1,O2,p00793,bundle_post_opt_4_custom_cleanup,True,load,598,598,0
public_v1,O2,p00793,bundle_post_opt_4_custom_cleanup,True,lshr,66,66,0
public_v1,O2,p00793,bundle_post_opt_4_custom_cleanup,True,mul,17,17,0
public_v1,O2,p00793,bundle_post_opt_4_custom_cleanup,True,or,55,55,0
public_v1,O2,p00793,bundle_post_opt_4_custom_cleanup,True,phi,430,430,0
public_v1,O2,p00793,bundle_post_opt_4_custom_cleanup,True,ptrtoint,4,4,0
public_v1,O2,p00793,bundle_post_opt_4_custom_cleanup,True,ret,9,9,0
public_v1,O2,p00793,bundle_post_opt_4_custom_cleanup,True,select,14,14,0
public_v1,O2,p00793,bundle_post_opt_4_custom_cleanup,True,sext,10,10,0
public_v1,O2,p00793,bundle_post_opt_4_custom_cleanup,True,shl,10,10,0
public_v1,O2,p00793,bundle_post_opt_4_custom_cleanup,True,store,2285,2274,-11
public_v1,O2,p00793,bundle_post_opt_4_custom_cleanup,True,switch,9,9,0
public_v1,O2,p00793,bundle_post_opt_4_custom_cleanup,True,trunc,101,101,0
public_v1,O2,p00793,bundle_post_opt_4_custom_cleanup,True,unreachable,4,4,0
public_v1,O2,p00793,bundle_post_opt_4_custom_cleanup,True,xor,103,103,0
public_v1,O2,p00793,bundle_post_opt_4_custom_cleanup,True,zext,118,118,0
public_v1,O2,p00859,main_default_opt_1,True,add,212,119,-93
public_v1,O2,p00859,main_default_opt_1,True,alloca,4,2,-2
public_v1,O2,p00859,main_default_opt_1,True,and,122,86,-36
public_v1,O2,p00859,main_default_opt_1,True,ashr,0,1,1
public_v1,O2,p00859,main_default_opt_1,True,br,82,78,-4
public_v1,O2,p00859,main_default_opt_1,True,call,38,24,-14
public_v1,O2,p00859,main_default_opt_1,True,extractvalue,129,58,-71
public_v1,O2,p00859,main_default_opt_1,True,getelementptr,246,141,-105
public_v1,O2,p00859,main_default_opt_1,True,icmp,122,92,-30
public_v1,O2,p00859,main_default_opt_1,True,insertvalue,87,10,-77
public_v1,O2,p00859,main_default_opt_1,True,inttoptr,22,22,0
public_v1,O2,p00859,main_default_opt_1,True,load,192,136,-56
public_v1,O2,p00859,main_default_opt_1,True,lshr,35,5,-30
public_v1,O2,p00859,main_default_opt_1,True,mul,29,28,-1
public_v1,O2,p00859,main_default_opt_1,True,or,71,68,-3
public_v1,O2,p00859,main_default_opt_1,True,phi,37,33,-4
public_v1,O2,p00859,main_default_opt_1,True,ptrtoint,16,10,-6
public_v1,O2,p00859,main_default_opt_1,True,ret,10,5,-5
public_v1,O2,p00859,main_default_opt_1,True,select,61,60,-1
public_v1,O2,p00859,main_default_opt_1,True,sext,23,17,-6
public_v1,O2,p00859,main_default_opt_1,True,shl,14,12,-2
public_v1,O2,p00859,main_default_opt_1,True,store,253,217,-36
public_v1,O2,p00859,main_default_opt_1,True,sub,88,21,-67
public_v1,O2,p00859,main_default_opt_1,True,switch,3,2,-1
public_v1,O2,p00859,main_default_opt_1,True,trunc,62,26,-36
public_v1,O2,p00859,main_default_opt_1,True,xor,82,51,-31
public_v1,O2,p00859,main_default_opt_1,True,zext,152,104,-48
public_v1,O2,p00859,main_default_opt_2,True,add,111,110,-1
public_v1,O2,p00859,main_default_opt_2,True,alloca,2,2,0
public_v1,O2,p00859,main_default_opt_2,True,and,94,85,-9
public_v1,O2,p00859,main_default_opt_2,True,ashr,1,1,0
public_v1,O2,p00859,main_default_opt_2,True,br,78,76,-2
public_v1,O2,p00859,main_default_opt_2,True,call,24,24,0
public_v1,O2,p00859,main_default_opt_2,True,extractvalue,58,58,0
public_v1,O2,p00859,main_default_opt_2,True,getelementptr,143,121,-22
public_v1,O2,p00859,main_default_opt_2,True,icmp,104,87,-17
public_v1,O2,p00859,main_default_opt_2,True,insertvalue,10,10,0
public_v1,O2,p00859,main_default_opt_2,True,inttoptr,20,20,0
public_v1,O2,p00859,main_default_opt_2,True,load,136,134,-2
public_v1,O2,p00859,main_default_opt_2,True,lshr,5,5,0
public_v1,O2,p00859,main_default_opt_2,True,mul,28,27,-1
public_v1,O2,p00859,main_default_opt_2,True,or,68,67,-1
public_v1,O2,p00859,main_default_opt_2,True,phi,33,34,1
public_v1,O2,p00859,main_default_opt_2,True,ptrtoint,10,9,-1
public_v1,O2,p00859,main_default_opt_2,True,ret,5,5,0
public_v1,O2,p00859,main_default_opt_2,True,select,64,63,-1
public_v1,O2,p00859,main_default_opt_2,True,sext,17,14,-3
public_v1,O2,p00859,main_default_opt_2,True,shl,12,9,-3
public_v1,O2,p00859,main_default_opt_2,True,store,217,202,-15
public_v1,O2,p00859,main_default_opt_2,True,sub,28,19,-9
public_v1,O2,p00859,main_default_opt_2,True,switch,2,2,0
public_v1,O2,p00859,main_default_opt_2,True,trunc,26,25,-1
public_v1,O2,p00859,main_default_opt_2,True,xor,51,49,-2
public_v1,O2,p00859,main_default_opt_2,True,zext,104,103,-1
public_v1,O2,p00859,bundle_default_opt_3,True,add,69,37,-32
public_v1,O2,p00859,bundle_default_opt_3,True,alloca,1,1,0
public_v1,O2,p00859,bundle_default_opt_3,True,and,82,30,-52
public_v1,O2,p00859,bundle_default_opt_3,True,ashr,1,1,0
public_v1,O2,p00859,bundle_default_opt_3,True,br,76,76,0
public_v1,O2,p00859,bundle_default_opt_3,True,call,40,41,1
public_v1,O2,p00859,bundle_default_opt_3,True,extractvalue,50,48,-2
public_v1,O2,p00859,bundle_default_opt_3,True,getelementptr,106,90,-16
public_v1,O2,p00859,bundle_default_opt_3,True,icmp,47,38,-9
public_v1,O2,p00859,bundle_default_opt_3,True,insertvalue,10,8,-2
public_v1,O2,p00859,bundle_default_opt_3,True,inttoptr,2,2,0
public_v1,O2,p00859,bundle_default_opt_3,True,load,131,96,-35
public_v1,O2,p00859,bundle_default_opt_3,True,lshr,3,5,2
public_v1,O2,p00859,bundle_default_opt_3,True,mul,26,9,-17
public_v1,O2,p00859,bundle_default_opt_3,True,or,64,21,-43
public_v1,O2,p00859,bundle_default_opt_3,True,phi,34,33,-1
public_v1,O2,p00859,bundle_default_opt_3,True,ptrtoint,26,3,-23
public_v1,O2,p00859,bundle_default_opt_3,True,ret,7,7,0
public_v1,O2,p00859,bundle_default_opt_3,True,select,19,19,0
public_v1,O2,p00859,bundle_default_opt_3,True,sext,14,15,1
public_v1,O2,p00859,bundle_default_opt_3,True,shl,9,9,0
public_v1,O2,p00859,bundle_default_opt_3,True,store,175,166,-9
public_v1,O2,p00859,bundle_default_opt_3,True,sub,23,13,-10
public_v1,O2,p00859,bundle_default_opt_3,True,switch,2,2,0
public_v1,O2,p00859,bundle_default_opt_3,True,trunc,24,24,0
public_v1,O2,p00859,bundle_default_opt_3,True,xor,46,27,-19
public_v1,O2,p00859,bundle_default_opt_3,True,zext,96,42,-54
public_v1,O2,p00859,bundle_default_opt_4,True,add,37,37,0
public_v1,O2,p00859,bundle_default_opt_4,True,alloca,1,1,0
public_v1,O2,p00859,bundle_default_opt_4,True,and,30,30,0
public_v1,O2,p00859,bundle_default_opt_4,True,ashr,1,1,0
public_v1,O2,p00859,bundle_default_opt_4,True,br,76,76,0
public_v1,O2,p00859,bundle_default_opt_4,True,call,41,41,0
public_v1,O2,p00859,bundle_default_opt_4,True,extractvalue,48,48,0
public_v1,O2,p00859,bundle_default_opt_4,True,getelementptr,90,76,-14
public_v1,O2,p00859,bundle_default_opt_4,True,icmp,38,38,0
public_v1,O2,p00859,bundle_default_opt_4,True,insertvalue,8,8,0
public_v1,O2,p00859,bundle_default_opt_4,True,inttoptr,2,2,0
public_v1,O2,p00859,bundle_default_opt_4,True,load,96,96,0
public_v1,O2,p00859,bundle_default_opt_4,True,lshr,5,5,0
public_v1,O2,p00859,bundle_default_opt_4,True,mul,9,9,0
public_v1,O2,p00859,bundle_default_opt_4,True,or,21,21,0
public_v1,O2,p00859,bundle_default_opt_4,True,phi,33,33,0
public_v1,O2,p00859,bundle_default_opt_4,True,ptrtoint,3,3,0
public_v1,O2,p00859,bundle_default_opt_4,True,ret,7,7,0
public_v1,O2,p00859,bundle_default_opt_4,True,select,19,19,0
public_v1,O2,p00859,bundle_default_opt_4,True,sext,15,15,0
public_v1,O2,p00859,bundle_default_opt_4,True,shl,9,9,0
public_v1,O2,p00859,bundle_default_opt_4,True,store,166,164,-2
public_v1,O2,p00859,bundle_default_opt_4,True,sub,13,13,0
public_v1,O2,p00859,bundle_default_opt_4,True,switch,2,2,0
public_v1,O2,p00859,bundle_default_opt_4,True,trunc,24,24,0
public_v1,O2,p00859,bundle_default_opt_4,True,xor,27,27,0
public_v1,O2,p00859,bundle_default_opt_4,True,zext,42,42,0
public_v1,O2,p00859,bundle_post_opt_4_custom_cleanup,True,add,37,37,0
public_v1,O2,p00859,bundle_post_opt_4_custom_cleanup,True,alloca,1,1,0
public_v1,O2,p00859,bundle_post_opt_4_custom_cleanup,True,and,30,30,0
public_v1,O2,p00859,bundle_post_opt_4_custom_cleanup,True,ashr,1,1,0
public_v1,O2,p00859,bundle_post_opt_4_custom_cleanup,True,br,76,76,0
public_v1,O2,p00859,bundle_post_opt_4_custom_cleanup,True,call,41,41,0
public_v1,O2,p00859,bundle_post_opt_4_custom_cleanup,True,extractvalue,48,48,0
public_v1,O2,p00859,bundle_post_opt_4_custom_cleanup,True,getelementptr,76,76,0
public_v1,O2,p00859,bundle_post_opt_4_custom_cleanup,True,icmp,38,38,0
public_v1,O2,p00859,bundle_post_opt_4_custom_cleanup,True,insertvalue,8,8,0
public_v1,O2,p00859,bundle_post_opt_4_custom_cleanup,True,inttoptr,2,2,0
public_v1,O2,p00859,bundle_post_opt_4_custom_cleanup,True,load,96,96,0
public_v1,O2,p00859,bundle_post_opt_4_custom_cleanup,True,lshr,5,5,0
public_v1,O2,p00859,bundle_post_opt_4_custom_cleanup,True,mul,9,9,0
public_v1,O2,p00859,bundle_post_opt_4_custom_cleanup,True,or,21,21,0
public_v1,O2,p00859,bundle_post_opt_4_custom_cleanup,True,phi,33,33,0
public_v1,O2,p00859,bundle_post_opt_4_custom_cleanup,True,ptrtoint,3,3,0
public_v1,O2,p00859,bundle_post_opt_4_custom_cleanup,True,ret,7,7,0
public_v1,O2,p00859,bundle_post_opt_4_custom_cleanup,True,select,19,19,0
public_v1,O2,p00859,bundle_post_opt_4_custom_cleanup,True,sext,15,15,0
public_v1,O2,p00859,bundle_post_opt_4_custom_cleanup,True,shl,9,9,0
public_v1,O2,p00859,bundle_post_opt_4_custom_cleanup,True,store,164,164,0
public_v1,O2,p00859,bundle_post_opt_4_custom_cleanup,True,sub,13,13,0
public_v1,O2,p00859,bundle_post_opt_4_custom_cleanup,True,switch,2,2,0
public_v1,O2,p00859,bundle_post_opt_4_custom_cleanup,True,trunc,24,24,0
public_v1,O2,p00859,bundle_post_opt_4_custom_cleanup,True,xor,27,27,0
public_v1,O2,p00859,bundle_post_opt_4_custom_cleanup,True,zext,42,42,0
public_v1,O2,p00867,main_default_opt_1,True,add,1014,719,-295
public_v1,O2,p00867,main_default_opt_1,True,alloca,7,1,-6
public_v1,O2,p00867,main_default_opt_1,True,and,502,430,-72
public_v1,O2,p00867,main_default_opt_1,True,ashr,7,7,0
public_v1,O2,p00867,main_default_opt_1,True,br,337,341,4
public_v1,O2,p00867,main_default_opt_1,True,call,91,38,-53
public_v1,O2,p00867,main_default_opt_1,True,extractvalue,344,103,-241
public_v1,O2,p00867,main_default_opt_1,True,getelementptr,1134,714,-420
public_v1,O2,p00867,main_default_opt_1,True,icmp,606,535,-71
public_v1,O2,p00867,main_default_opt_1,True,insertvalue,186,40,-146
public_v1,O2,p00867,main_default_opt_1,True,inttoptr,101,101,0
public_v1,O2,p00867,main_default_opt_1,True,load,777,736,-41
public_v1,O2,p00867,main_default_opt_1,True,lshr,86,28,-58
public_v1,O2,p00867,main_default_opt_1,True,mul,156,180,24
public_v1,O2,p00867,main_default_opt_1,True,or,332,333,1
public_v1,O2,p00867,main_default_opt_1,True,phi,105,139,34
public_v1,O2,p00867,main_default_opt_1,True,ptrtoint,17,10,-7
public_v1,O2,p00867,main_default_opt_1,True,ret,15,8,-7
public_v1,O2,p00867,main_default_opt_1,True,select,381,384,3
public_v1,O2,p00867,main_default_opt_1,True,sext,161,177,16
public_v1,O2,p00867,main_default_opt_1,True,shl,83,97,14
public_v1,O2,p00867,main_default_opt_1,True,store,753,786,33
public_v1,O2,p00867,main_default_opt_1,True,sub,310,100,-210
public_v1,O2,p00867,main_default_opt_1,True,switch,19,8,-11
public_v1,O2,p00867,main_default_opt_1,True,trunc,166,98,-68
public_v1,O2,p00867,main_default_opt_1,True,xor,302,236,-66
public_v1,O2,p00867,main_default_opt_1,True,zext,547,449,-98
public_v1,O2,p00867,main_default_opt_2,True,add,715,710,-5
public_v1,O2,p00867,main_default_opt_2,True,alloca,1,1,0
public_v1,O2,p00867,main_default_opt_2,True,and,462,428,-34
public_v1,O2,p00867,main_default_opt_2,True,ashr,7,7,0
public_v1,O2,p00867,main_default_opt_2,True,br,341,341,0
public_v1,O2,p00867,main_default_opt_2,True,call,37,36,-1
public_v1,O2,p00867,main_default_opt_2,True,extractvalue,91,91,0
public_v1,O2,p00867,main_default_opt_2,True,getelementptr,707,709,2
public_v1,O2,p00867,main_default_opt_2,True,icmp,529,526,-3
public_v1,O2,p00867,main_default_opt_2,True,insertvalue,40,28,-12
public_v1,O2,p00867,main_default_opt_2,True,inttoptr,99,99,0
public_v1,O2,p00867,main_default_opt_2,True,load,724,724,0
public_v1,O2,p00867,main_default_opt_2,True,lshr,28,26,-2
public_v1,O2,p00867,main_default_opt_2,True,mul,180,180,0
public_v1,O2,p00867,main_default_opt_2,True,or,365,333,-32
public_v1,O2,p00867,main_default_opt_2,True,phi,139,139,0
public_v1,O2,p00867,main_default_opt_2,True,ptrtoint,11,9,-2
public_v1,O2,p00867,main_default_opt_2,True,ret,8,8,0
public_v1,O2,p00867,main_default_opt_2,True,select,378,376,-2
public_v1,O2,p00867,main_default_opt_2,True,sext,177,177,0
public_v1,O2,p00867,main_default_opt_2,True,shl,97,97,0
public_v1,O2,p00867,main_default_opt_2,True,store,758,750,-8
public_v1,O2,p00867,main_default_opt_2,True,sub,102,102,0
public_v1,O2,p00867,main_default_opt_2,True,switch,8,8,0
public_v1,O2,p00867,main_default_opt_2,True,trunc,100,95,-5
public_v1,O2,p00867,main_default_opt_2,True,xor,236,234,-2
public_v1,O2,p00867,main_default_opt_2,True,zext,449,446,-3
public_v1,O2,p00867,bundle_default_opt_3,True,add,399,349,-50
public_v1,O2,p00867,bundle_default_opt_3,True,alloca,1,1,0
public_v1,O2,p00867,bundle_default_opt_3,True,and,428,390,-38
public_v1,O2,p00867,bundle_default_opt_3,True,ashr,7,7,0
public_v1,O2,p00867,bundle_default_opt_3,True,br,341,331,-10
public_v1,O2,p00867,bundle_default_opt_3,True,call,133,133,0
public_v1,O2,p00867,bundle_default_opt_3,True,extractvalue,69,56,-13
public_v1,O2,p00867,bundle_default_opt_3,True,getelementptr,464,354,-110
public_v1,O2,p00867,bundle_default_opt_3,True,icmp,253,255,2
public_v1,O2,p00867,bundle_default_opt_3,True,insertvalue,28,20,-8
public_v1,O2,p00867,bundle_default_opt_3,True,inttoptr,8,8,0
public_v1,O2,p00867,bundle_default_opt_3,True,load,724,718,-6
public_v1,O2,p00867,bundle_default_opt_3,True,lshr,26,27,1
public_v1,O2,p00867,bundle_default_opt_3,True,mul,180,179,-1
public_v1,O2,p00867,bundle_default_opt_3,True,or,333,291,-42
public_v1,O2,p00867,bundle_default_opt_3,True,phi,137,125,-12
public_v1,O2,p00867,bundle_default_opt_3,True,ptrtoint,59,7,-52
public_v1,O2,p00867,bundle_default_opt_3,True,ret,14,14,0
public_v1,O2,p00867,bundle_default_opt_3,True,select,103,101,-2
public_v1,O2,p00867,bundle_default_opt_3,True,sext,177,179,2
public_v1,O2,p00867,bundle_default_opt_3,True,shl,97,100,3
public_v1,O2,p00867,bundle_default_opt_3,True,store,750,543,-207
public_v1,O2,p00867,bundle_default_opt_3,True,sub,67,45,-22
public_v1,O2,p00867,bundle_default_opt_3,True,switch,8,8,0
public_v1,O2,p00867,bundle_default_opt_3,True,trunc,95,95,0
public_v1,O2,p00867,bundle_default_opt_3,True,xor,234,230,-4
public_v1,O2,p00867,bundle_default_opt_3,True,zext,446,431,-15
public_v1,O2,p00867,bundle_default_opt_4,True,add,349,344,-5
public_v1,O2,p00867,bundle_default_opt_4,True,alloca,1,1,0
public_v1,O2,p00867,bundle_default_opt_4,True,and,390,373,-17
public_v1,O2,p00867,bundle_default_opt_4,True,ashr,7,7,0
public_v1,O2,p00867,bundle_default_opt_4,True,br,331,331,0
public_v1,O2,p00867,bundle_default_opt_4,True,call,133,133,0
public_v1,O2,p00867,bundle_default_opt_4,True,extractvalue,56,56,0
public_v1,O2,p00867,bundle_default_opt_4,True,getelementptr,354,320,-34
public_v1,O2,p00867,bundle_default_opt_4,True,icmp,255,255,0
public_v1,O2,p00867,bundle_default_opt_4,True,insertvalue,20,20,0
public_v1,O2,p00867,bundle_default_opt_4,True,inttoptr,8,8,0
public_v1,O2,p00867,bundle_default_opt_4,True,load,718,717,-1
public_v1,O2,p00867,bundle_default_opt_4,True,lshr,27,27,0
public_v1,O2,p00867,bundle_default_opt_4,True,mul,179,179,0
public_v1,O2,p00867,bundle_default_opt_4,True,or,291,274,-17
public_v1,O2,p00867,bundle_default_opt_4,True,phi,125,123,-2
public_v1,O2,p00867,bundle_default_opt_4,True,ptrtoint,7,7,0
public_v1,O2,p00867,bundle_default_opt_4,True,ret,14,14,0
public_v1,O2,p00867,bundle_default_opt_4,True,select,101,101,0
public_v1,O2,p00867,bundle_default_opt_4,True,sext,179,179,0
public_v1,O2,p00867,bundle_default_opt_4,True,shl,100,100,0
public_v1,O2,p00867,bundle_default_opt_4,True,store,543,543,0
public_v1,O2,p00867,bundle_default_opt_4,True,sub,45,44,-1
public_v1,O2,p00867,bundle_default_opt_4,True,switch,8,8,0
public_v1,O2,p00867,bundle_default_opt_4,True,trunc,95,95,0
public_v1,O2,p00867,bundle_default_opt_4,True,xor,230,230,0
public_v1,O2,p00867,bundle_default_opt_4,True,zext,431,430,-1
public_v1,O2,p00867,bundle_post_opt_4_custom_cleanup,True,add,344,340,-4
public_v1,O2,p00867,bundle_post_opt_4_custom_cleanup,True,alloca,1,1,0
public_v1,O2,p00867,bundle_post_opt_4_custom_cleanup,True,and,373,373,0
public_v1,O2,p00867,bundle_post_opt_4_custom_cleanup,True,ashr,7,7,0
public_v1,O2,p00867,bundle_post_opt_4_custom_cleanup,True,br,331,331,0
public_v1,O2,p00867,bundle_post_opt_4_custom_cleanup,True,call,133,135,2
public_v1,O2,p00867,bundle_post_opt_4_custom_cleanup,True,extractvalue,56,54,-2
public_v1,O2,p00867,bundle_post_opt_4_custom_cleanup,True,getelementptr,320,319,-1
public_v1,O2,p00867,bundle_post_opt_4_custom_cleanup,True,icmp,255,252,-3
public_v1,O2,p00867,bundle_post_opt_4_custom_cleanup,True,insertvalue,20,19,-1
public_v1,O2,p00867,bundle_post_opt_4_custom_cleanup,True,inttoptr,8,7,-1
public_v1,O2,p00867,bundle_post_opt_4_custom_cleanup,True,load,717,717,0
public_v1,O2,p00867,bundle_post_opt_4_custom_cleanup,True,lshr,27,27,0
public_v1,O2,p00867,bundle_post_opt_4_custom_cleanup,True,mul,179,179,0
public_v1,O2,p00867,bundle_post_opt_4_custom_cleanup,True,or,274,274,0
public_v1,O2,p00867,bundle_post_opt_4_custom_cleanup,True,phi,123,123,0
public_v1,O2,p00867,bundle_post_opt_4_custom_cleanup,True,ptrtoint,7,9,2
public_v1,O2,p00867,bundle_post_opt_4_custom_cleanup,True,ret,14,15,1
public_v1,O2,p00867,bundle_post_opt_4_custom_cleanup,True,select,101,98,-3
public_v1,O2,p00867,bundle_post_opt_4_custom_cleanup,True,sext,179,179,0
public_v1,O2,p00867,bundle_post_opt_4_custom_cleanup,True,shl,100,100,0
public_v1,O2,p00867,bundle_post_opt_4_custom_cleanup,True,store,543,543,0
public_v1,O2,p00867,bundle_post_opt_4_custom_cleanup,True,sub,44,44,0
public_v1,O2,p00867,bundle_post_opt_4_custom_cleanup,True,switch,8,8,0
public_v1,O2,p00867,bundle_post_opt_4_custom_cleanup,True,trunc,95,95,0
public_v1,O2,p00867,bundle_post_opt_4_custom_cleanup,True,xor,230,230,0
public_v1,O2,p00867,bundle_post_opt_4_custom_cleanup,True,zext,430,430,0
public_v1,O2,p01296,main_default_opt_1,True,add,988,763,-225
public_v1,O2,p01296,main_default_opt_1,True,alloca,1,1,0
public_v1,O2,p01296,main_default_opt_1,True,and,398,297,-101
public_v1,O2,p01296,main_default_opt_1,True,ashr,2,2,0
public_v1,O2,p01296,main_default_opt_1,True,br,241,239,-2
public_v1,O2,p01296,main_default_opt_1,True,call,70,53,-17
public_v1,O2,p01296,main_default_opt_1,True,extractvalue,225,170,-55
public_v1,O2,p01296,main_default_opt_1,True,getelementptr,1444,784,-660
public_v1,O2,p01296,main_default_opt_1,True,icmp,767,689,-78
public_v1,O2,p01296,main_default_opt_1,True,insertvalue,110,41,-69
public_v1,O2,p01296,main_default_opt_1,True,inttoptr,183,180,-3
public_v1,O2,p01296,main_default_opt_1,True,load,623,573,-50
public_v1,O2,p01296,main_default_opt_1,True,lshr,66,3,-63
public_v1,O2,p01296,main_default_opt_1,True,mul,83,80,-3
public_v1,O2,p01296,main_default_opt_1,True,or,273,255,-18
public_v1,O2,p01296,main_default_opt_1,True,phi,70,61,-9
public_v1,O2,p01296,main_default_opt_1,True,ptrtoint,13,12,-1
public_v1,O2,p01296,main_default_opt_1,True,ret,10,9,-1
public_v1,O2,p01296,main_default_opt_1,True,sdiv,2,2,0
public_v1,O2,p01296,main_default_opt_1,True,select,595,588,-7
public_v1,O2,p01296,main_default_opt_1,True,sext,60,57,-3
public_v1,O2,p01296,main_default_opt_1,True,shl,44,41,-3
public_v1,O2,p01296,main_default_opt_1,True,store,572,525,-47
public_v1,O2,p01296,main_default_opt_1,True,sub,221,48,-173
public_v1,O2,p01296,main_default_opt_1,True,switch,8,7,-1
public_v1,O2,p01296,main_default_opt_1,True,trunc,145,70,-75
public_v1,O2,p01296,main_default_opt_1,True,unreachable,2,2,0
public_v1,O2,p01296,main_default_opt_1,True,xor,226,158,-68
public_v1,O2,p01296,main_default_opt_1,True,zext,460,347,-113
public_v1,O2,p01296,main_default_opt_2,True,add,759,756,-3
public_v1,O2,p01296,main_default_opt_2,True,alloca,1,1,0
public_v1,O2,p01296,main_default_opt_2,True,and,323,296,-27
public_v1,O2,p01296,main_default_opt_2,True,ashr,2,2,0
public_v1,O2,p01296,main_default_opt_2,True,br,236,236,0
public_v1,O2,p01296,main_default_opt_2,True,call,52,52,0
public_v1,O2,p01296,main_default_opt_2,True,extractvalue,163,157,-6
public_v1,O2,p01296,main_default_opt_2,True,getelementptr,777,771,-6
public_v1,O2,p01296,main_default_opt_2,True,icmp,688,682,-6
public_v1,O2,p01296,main_default_opt_2,True,insertvalue,41,34,-7
public_v1,O2,p01296,main_default_opt_2,True,inttoptr,178,178,0
public_v1,O2,p01296,main_default_opt_2,True,load,569,567,-2
public_v1,O2,p01296,main_default_opt_2,True,lshr,3,3,0
public_v1,O2,p01296,main_default_opt_2,True,mul,80,80,0
public_v1,O2,p01296,main_default_opt_2,True,or,278,254,-24
public_v1,O2,p01296,main_default_opt_2,True,phi,58,58,0
public_v1,O2,p01296,main_default_opt_2,True,ptrtoint,12,10,-2
public_v1,O2,p01296,main_default_opt_2,True,ret,9,9,0
public_v1,O2,p01296,main_default_opt_2,True,sdiv,2,2,0
public_v1,O2,p01296,main_default_opt_2,True,select,585,584,-1
public_v1,O2,p01296,main_default_opt_2,True,sext,57,57,0
public_v1,O2,p01296,main_default_opt_2,True,shl,41,41,0
public_v1,O2,p01296,main_default_opt_2,True,store,509,502,-7
public_v1,O2,p01296,main_default_opt_2,True,sub,53,50,-3
public_v1,O2,p01296,main_default_opt_2,True,switch,7,7,0
public_v1,O2,p01296,main_default_opt_2,True,trunc,72,70,-2
public_v1,O2,p01296,main_default_opt_2,True,unreachable,2,2,0
public_v1,O2,p01296,main_default_opt_2,True,xor,156,156,0
public_v1,O2,p01296,main_default_opt_2,True,zext,346,332,-14
public_v1,O2,p01296,bundle_default_opt_3,True,add,211,103,-108
public_v1,O2,p01296,bundle_default_opt_3,True,alloca,1,1,0
public_v1,O2,p01296,bundle_default_opt_3,True,and,292,49,-243
public_v1,O2,p01296,bundle_default_opt_3,True,ashr,2,2,0
public_v1,O2,p01296,bundle_default_opt_3,True,br,236,225,-11
public_v1,O2,p01296,bundle_default_opt_3,True,call,229,220,-9
public_v1,O2,p01296,bundle_default_opt_3,True,extractvalue,133,77,-56
public_v1,O2,p01296,bundle_default_opt_3,True,getelementptr,257,194,-63
public_v1,O2,p01296,bundle_default_opt_3,True,icmp,154,99,-55
public_v1,O2,p01296,bundle_default_opt_3,True,insertvalue,34,16,-18
public_v1,O2,p01296,bundle_default_opt_3,True,inttoptr,3,3,0
public_v1,O2,p01296,bundle_default_opt_3,True,load,559,424,-135
public_v1,O2,p01296,bundle_default_opt_3,True,lshr,3,3,0
public_v1,O2,p01296,bundle_default_opt_3,True,mul,80,24,-56
public_v1,O2,p01296,bundle_default_opt_3,True,or,254,22,-232
public_v1,O2,p01296,bundle_default_opt_3,True,phi,57,58,1
public_v1,O2,p01296,bundle_default_opt_3,True,ptrtoint,67,7,-60
public_v1,O2,p01296,bundle_default_opt_3,True,ret,10,9,-1
public_v1,O2,p01296,bundle_default_opt_3,True,sdiv,2,2,0
public_v1,O2,p01296,bundle_default_opt_3,True,select,53,53,0
public_v1,O2,p01296,bundle_default_opt_3,True,sext,57,50,-7
public_v1,O2,p01296,bundle_default_opt_3,True,shl,41,41,0
public_v1,O2,p01296,bundle_default_opt_3,True,store,502,318,-184
public_v1,O2,p01296,bundle_default_opt_3,True,sub,39,30,-9
public_v1,O2,p01296,bundle_default_opt_3,True,switch,7,7,0
public_v1,O2,p01296,bundle_default_opt_3,True,trunc,70,69,-1
public_v1,O2,p01296,bundle_default_opt_3,True,unreachable,2,2,0
public_v1,O2,p01296,bundle_default_opt_3,True,xor,156,45,-111
public_v1,O2,p01296,bundle_default_opt_3,True,zext,332,116,-216
public_v1,O2,p01296,bundle_default_opt_4,True,add,103,102,-1
public_v1,O2,p01296,bundle_default_opt_4,True,alloca,1,1,0
public_v1,O2,p01296,bundle_default_opt_4,True,and,49,45,-4
public_v1,O2,p01296,bundle_default_opt_4,True,ashr,2,2,0
public_v1,O2,p01296,bundle_default_opt_4,True,br,225,208,-17
public_v1,O2,p01296,bundle_default_opt_4,True,call,220,220,0
public_v1,O2,p01296,bundle_default_opt_4,True,extractvalue,77,76,-1
public_v1,O2,p01296,bundle_default_opt_4,True,getelementptr,194,194,0
public_v1,O2,p01296,bundle_default_opt_4,True,icmp,99,98,-1
public_v1,O2,p01296,bundle_default_opt_4,True,insertvalue,16,14,-2
public_v1,O2,p01296,bundle_default_opt_4,True,inttoptr,3,3,0
public_v1,O2,p01296,bundle_default_opt_4,True,load,424,421,-3
public_v1,O2,p01296,bundle_default_opt_4,True,lshr,3,3,0
public_v1,O2,p01296,bundle_default_opt_4,True,mul,24,24,0
public_v1,O2,p01296,bundle_default_opt_4,True,or,22,19,-3
public_v1,O2,p01296,bundle_default_opt_4,True,phi,58,67,9
public_v1,O2,p01296,bundle_default_opt_4,True,ptrtoint,7,7,0
public_v1,O2,p01296,bundle_default_opt_4,True,ret,9,9,0
public_v1,O2,p01296,bundle_default_opt_4,True,sdiv,2,2,0
public_v1,O2,p01296,bundle_default_opt_4,True,select,53,53,0
public_v1,O2,p01296,bundle_default_opt_4,True,sext,50,50,0
public_v1,O2,p01296,bundle_default_opt_4,True,shl,41,41,0
public_v1,O2,p01296,bundle_default_opt_4,True,store,318,314,-4
public_v1,O2,p01296,bundle_default_opt_4,True,sub,30,30,0
public_v1,O2,p01296,bundle_default_opt_4,True,switch,7,8,1
public_v1,O2,p01296,bundle_default_opt_4,True,trunc,69,69,0
public_v1,O2,p01296,bundle_default_opt_4,True,unreachable,2,2,0
public_v1,O2,p01296,bundle_default_opt_4,True,xor,45,44,-1
public_v1,O2,p01296,bundle_default_opt_4,True,zext,116,111,-5
public_v1,O2,p01296,bundle_post_opt_4_custom_cleanup,True,add,102,102,0
public_v1,O2,p01296,bundle_post_opt_4_custom_cleanup,True,alloca,1,1,0
public_v1,O2,p01296,bundle_post_opt_4_custom_cleanup,True,and,45,45,0
public_v1,O2,p01296,bundle_post_opt_4_custom_cleanup,True,ashr,2,2,0
public_v1,O2,p01296,bundle_post_opt_4_custom_cleanup,True,br,208,208,0
public_v1,O2,p01296,bundle_post_opt_4_custom_cleanup,True,call,220,220,0
public_v1,O2,p01296,bundle_post_opt_4_custom_cleanup,True,extractvalue,76,76,0
public_v1,O2,p01296,bundle_post_opt_4_custom_cleanup,True,getelementptr,194,194,0
public_v1,O2,p01296,bundle_post_opt_4_custom_cleanup,True,icmp,98,98,0
public_v1,O2,p01296,bundle_post_opt_4_custom_cleanup,True,insertvalue,14,14,0
public_v1,O2,p01296,bundle_post_opt_4_custom_cleanup,True,inttoptr,3,3,0
public_v1,O2,p01296,bundle_post_opt_4_custom_cleanup,True,load,421,421,0
public_v1,O2,p01296,bundle_post_opt_4_custom_cleanup,True,lshr,3,3,0
public_v1,O2,p01296,bundle_post_opt_4_custom_cleanup,True,mul,24,24,0
public_v1,O2,p01296,bundle_post_opt_4_custom_cleanup,True,or,19,19,0
public_v1,O2,p01296,bundle_post_opt_4_custom_cleanup,True,phi,67,67,0
public_v1,O2,p01296,bundle_post_opt_4_custom_cleanup,True,ptrtoint,7,7,0
public_v1,O2,p01296,bundle_post_opt_4_custom_cleanup,True,ret,9,9,0
public_v1,O2,p01296,bundle_post_opt_4_custom_cleanup,True,sdiv,2,2,0
public_v1,O2,p01296,bundle_post_opt_4_custom_cleanup,True,select,53,53,0
public_v1,O2,p01296,bundle_post_opt_4_custom_cleanup,True,sext,50,50,0
public_v1,O2,p01296,bundle_post_opt_4_custom_cleanup,True,shl,41,41,0
public_v1,O2,p01296,bundle_post_opt_4_custom_cleanup,True,store,314,314,0
public_v1,O2,p01296,bundle_post_opt_4_custom_cleanup,True,sub,30,30,0
public_v1,O2,p01296,bundle_post_opt_4_custom_cleanup,True,switch,8,8,0
public_v1,O2,p01296,bundle_post_opt_4_custom_cleanup,True,trunc,69,69,0
public_v1,O2,p01296,bundle_post_opt_4_custom_cleanup,True,unreachable,2,2,0
public_v1,O2,p01296,bundle_post_opt_4_custom_cleanup,True,xor,44,44,0
public_v1,O2,p01296,bundle_post_opt_4_custom_cleanup,True,zext,111,111,0
public_v1,O2,p01315,main_default_opt_1,True,add,205,144,-61
public_v1,O2,p01315,main_default_opt_1,True,alloca,12,6,-6
public_v1,O2,p01315,main_default_opt_1,True,and,50,11,-39
public_v1,O2,p01315,main_default_opt_1,True,ashr,3,4,1
public_v1,O2,p01315,main_default_opt_1,True,br,27,24,-3
public_v1,O2,p01315,main_default_opt_1,True,call,40,25,-15
public_v1,O2,p01315,main_default_opt_1,True,extractvalue,22,7,-15
public_v1,O2,p01315,main_default_opt_1,True,getelementptr,373,202,-171
public_v1,O2,p01315,main_default_opt_1,True,icmp,150,116,-34
public_v1,O2,p01315,main_default_opt_1,True,insertvalue,50,17,-33
public_v1,O2,p01315,main_default_opt_1,True,inttoptr,57,48,-9
public_v1,O2,p01315,main_default_opt_1,True,load,153,101,-52
public_v1,O2,p01315,main_default_opt_1,True,lshr,15,3,-12
public_v1,O2,p01315,main_default_opt_1,True,mul,23,17,-6
public_v1,O2,p01315,main_default_opt_1,True,or,25,3,-22
public_v1,O2,p01315,main_default_opt_1,True,phi,24,33,9
public_v1,O2,p01315,main_default_opt_1,True,ptrtoint,22,14,-8
public_v1,O2,p01315,main_default_opt_1,True,ret,5,4,-1
public_v1,O2,p01315,main_default_opt_1,True,select,123,105,-18
public_v1,O2,p01315,main_default_opt_1,True,sext,19,16,-3
public_v1,O2,p01315,main_default_opt_1,True,shl,12,10,-2
public_v1,O2,p01315,main_default_opt_1,True,store,263,147,-116
public_v1,O2,p01315,main_default_opt_1,True,sub,44,7,-37
public_v1,O2,p01315,main_default_opt_1,True,trunc,24,11,-13
public_v1,O2,p01315,main_default_opt_1,True,xor,40,7,-33
public_v1,O2,p01315,main_default_opt_1,True,zext,59,20,-39
public_v1,O2,p01315,main_default_opt_2,True,add,144,144,0
public_v1,O2,p01315,main_default_opt_2,True,alloca,6,6,0
public_v1,O2,p01315,main_default_opt_2,True,and,10,8,-2
public_v1,O2,p01315,main_default_opt_2,True,ashr,4,3,-1
public_v1,O2,p01315,main_default_opt_2,True,br,24,24,0
public_v1,O2,p01315,main_default_opt_2,True,call,25,25,0
public_v1,O2,p01315,main_default_opt_2,True,extractvalue,7,7,0
public_v1,O2,p01315,main_default_opt_2,True,getelementptr,202,200,-2
public_v1,O2,p01315,main_default_opt_2,True,icmp,115,115,0
public_v1,O2,p01315,main_default_opt_2,True,insertvalue,17,17,0
public_v1,O2,p01315,main_default_opt_2,True,inttoptr,48,48,0
public_v1,O2,p01315,main_default_opt_2,True,load,97,97,0
public_v1,O2,p01315,main_default_opt_2,True,lshr,3,3,0
public_v1,O2,p01315,main_default_opt_2,True,mul,16,16,0
public_v1,O2,p01315,main_default_opt_2,True,or,1,1,0
public_v1,O2,p01315,main_default_opt_2,True,phi,31,31,0
public_v1,O2,p01315,main_default_opt_2,True,ptrtoint,16,14,-2
public_v1,O2,p01315,main_default_opt_2,True,ret,4,4,0
public_v1,O2,p01315,main_default_opt_2,True,select,105,104,-1
public_v1,O2,p01315,main_default_opt_2,True,sext,16,16,0
public_v1,O2,p01315,main_default_opt_2,True,shl,10,9,-1
public_v1,O2,p01315,main_default_opt_2,True,store,145,143,-2
public_v1,O2,p01315,main_default_opt_2,True,sub,7,7,0
public_v1,O2,p01315,main_default_opt_2,True,trunc,11,11,0
public_v1,O2,p01315,main_default_opt_2,True,xor,5,5,0
public_v1,O2,p01315,main_default_opt_2,True,zext,18,18,0
public_v1,O2,p01315,bundle_default_opt_3,True,add,63,60,-3
public_v1,O2,p01315,bundle_default_opt_3,True,alloca,6,6,0
public_v1,O2,p01315,bundle_default_opt_3,True,and,8,8,0
public_v1,O2,p01315,bundle_default_opt_3,True,ashr,3,3,0
public_v1,O2,p01315,bundle_default_opt_3,True,br,24,24,0
public_v1,O2,p01315,bundle_default_opt_3,True,call,67,69,2
public_v1,O2,p01315,bundle_default_opt_3,True,extractvalue,5,5,0
public_v1,O2,p01315,bundle_default_opt_3,True,getelementptr,124,121,-3
public_v1,O2,p01315,bundle_default_opt_3,True,icmp,35,36,1
public_v1,O2,p01315,bundle_default_opt_3,True,insertvalue,17,16,-1
public_v1,O2,p01315,bundle_default_opt_3,True,inttoptr,8,8,0
public_v1,O2,p01315,bundle_default_opt_3,True,load,96,100,4
public_v1,O2,p01315,bundle_default_opt_3,True,lshr,3,3,0
public_v1,O2,p01315,bundle_default_opt_3,True,mul,16,16,0
public_v1,O2,p01315,bundle_default_opt_3,True,or,1,1,0
public_v1,O2,p01315,bundle_default_opt_3,True,phi,31,36,5
public_v1,O2,p01315,bundle_default_opt_3,True,ptrtoint,20,14,-6
public_v1,O2,p01315,bundle_default_opt_3,True,ret,6,6,0
public_v1,O2,p01315,bundle_default_opt_3,True,select,24,25,1
public_v1,O2,p01315,bundle_default_opt_3,True,sext,16,16,0
public_v1,O2,p01315,bundle_default_opt_3,True,shl,9,9,0
public_v1,O2,p01315,bundle_default_opt_3,True,store,143,145,2
public_v1,O2,p01315,bundle_default_opt_3,True,sub,6,4,-2
public_v1,O2,p01315,bundle_default_opt_3,True,trunc,11,11,0
public_v1,O2,p01315,bundle_default_opt_3,True,xor,5,5,0
public_v1,O2,p01315,bundle_default_opt_3,True,zext,18,18,0
public_v1,O2,p01315,bundle_default_opt_4,True,add,60,65,5
public_v1,O2,p01315,bundle_default_opt_4,True,alloca,6,6,0
public_v1,O2,p01315,bundle_default_opt_4,True,and,8,4,-4
public_v1,O2,p01315,bundle_default_opt_4,True,ashr,3,6,3
public_v1,O2,p01315,bundle_default_opt_4,True,br,24,24,0
public_v1,O2,p01315,bundle_default_opt_4,True,call,69,67,-2
public_v1,O2,p01315,bundle_default_opt_4,True,extractvalue,5,1,-4
public_v1,O2,p01315,bundle_default_opt_4,True,getelementptr,121,136,15
public_v1,O2,p01315,bundle_default_opt_4,True,icmp,36,40,4
public_v1,O2,p01315,bundle_default_opt_4,True,insertvalue,16,13,-3
public_v1,O2,p01315,bundle_default_opt_4,True,inttoptr,8,10,2
public_v1,O2,p01315,bundle_default_opt_4,True,load,100,107,7
public_v1,O2,p01315,bundle_default_opt_4,True,lshr,3,3,0
public_v1,O2,p01315,bundle_default_opt_4,True,mul,16,20,4
public_v1,O2,p01315,bundle_default_opt_4,True,or,1,1,0
public_v1,O2,p01315,bundle_default_opt_4,True,phi,36,19,-17
public_v1,O2,p01315,bundle_default_opt_4,True,ptrtoint,14,13,-1
public_v1,O2,p01315,bundle_default_opt_4,True,ret,6,5,-1
public_v1,O2,p01315,bundle_default_opt_4,True,select,25,28,3
public_v1,O2,p01315,bundle_default_opt_4,True,sext,16,20,4
public_v1,O2,p01315,bundle_default_opt_4,True,shl,9,14,5
public_v1,O2,p01315,bundle_default_opt_4,True,store,145,160,15
public_v1,O2,p01315,bundle_default_opt_4,True,sub,4,3,-1
public_v1,O2,p01315,bundle_default_opt_4,True,trunc,11,7,-4
public_v1,O2,p01315,bundle_default_opt_4,True,xor,5,5,0
public_v1,O2,p01315,bundle_default_opt_4,True,zext,18,14,-4
public_v1,O2,p01315,bundle_post_opt_4_custom_cleanup,True,add,65,59,-6
public_v1,O2,p01315,bundle_post_opt_4_custom_cleanup,True,alloca,6,6,0
public_v1,O2,p01315,bundle_post_opt_4_custom_cleanup,True,and,4,4,0
public_v1,O2,p01315,bundle_post_opt_4_custom_cleanup,True,ashr,6,6,0
public_v1,O2,p01315,bundle_post_opt_4_custom_cleanup,True,br,24,24,0
public_v1,O2,p01315,bundle_post_opt_4_custom_cleanup,True,call,67,71,4
public_v1,O2,p01315,bundle_post_opt_4_custom_cleanup,True,extractvalue,1,1,0
public_v1,O2,p01315,bundle_post_opt_4_custom_cleanup,True,getelementptr,136,130,-6
public_v1,O2,p01315,bundle_post_opt_4_custom_cleanup,True,icmp,40,34,-6
public_v1,O2,p01315,bundle_post_opt_4_custom_cleanup,True,insertvalue,13,13,0
public_v1,O2,p01315,bundle_post_opt_4_custom_cleanup,True,inttoptr,10,7,-3
public_v1,O2,p01315,bundle_post_opt_4_custom_cleanup,True,load,107,107,0
public_v1,O2,p01315,bundle_post_opt_4_custom_cleanup,True,lshr,3,3,0
public_v1,O2,p01315,bundle_post_opt_4_custom_cleanup,True,mul,20,20,0
public_v1,O2,p01315,bundle_post_opt_4_custom_cleanup,True,or,1,1,0
public_v1,O2,p01315,bundle_post_opt_4_custom_cleanup,True,phi,19,19,0
public_v1,O2,p01315,bundle_post_opt_4_custom_cleanup,True,ptrtoint,13,13,0
public_v1,O2,p01315,bundle_post_opt_4_custom_cleanup,True,ret,5,6,1
public_v1,O2,p01315,bundle_post_opt_4_custom_cleanup,True,select,28,22,-6
public_v1,O2,p01315,bundle_post_opt_4_custom_cleanup,True,sext,20,20,0
public_v1,O2,p01315,bundle_post_opt_4_custom_cleanup,True,shl,14,14,0
public_v1,O2,p01315,bundle_post_opt_4_custom_cleanup,True,store,160,160,0
public_v1,O2,p01315,bundle_post_opt_4_custom_cleanup,True,sub,3,3,0
public_v1,O2,p01315,bundle_post_opt_4_custom_cleanup,True,trunc,7,7,0
public_v1,O2,p01315,bundle_post_opt_4_custom_cleanup,True,xor,5,5,0
public_v1,O2,p01315,bundle_post_opt_4_custom_cleanup,True,zext,14,14,0
public_v1,O2,p01571,main_default_opt_1,True,add,1041,715,-326
public_v1,O2,p01571,main_default_opt_1,True,alloca,10,6,-4
public_v1,O2,p01571,main_default_opt_1,True,and,338,284,-54
public_v1,O2,p01571,main_default_opt_1,True,ashr,9,7,-2
public_v1,O2,p01571,main_default_opt_1,True,br,237,228,-9
public_v1,O2,p01571,main_default_opt_1,True,call,71,52,-19
public_v1,O2,p01571,main_default_opt_1,True,extractvalue,151,100,-51
public_v1,O2,p01571,main_default_opt_1,True,getelementptr,1487,796,-691
public_v1,O2,p01571,main_default_opt_1,True,icmp,660,593,-67
public_v1,O2,p01571,main_default_opt_1,True,insertvalue,155,45,-110
public_v1,O2,p01571,main_default_opt_1,True,inttoptr,234,223,-11
public_v1,O2,p01571,main_default_opt_1,True,load,803,710,-93
public_v1,O2,p01571,main_default_opt_1,True,lshr,39,1,-38
public_v1,O2,p01571,main_default_opt_1,True,mul,86,81,-5
public_v1,O2,p01571,main_default_opt_1,True,or,234,226,-8
public_v1,O2,p01571,main_default_opt_1,True,phi,107,129,22
public_v1,O2,p01571,main_default_opt_1,True,ptrtoint,29,25,-4
public_v1,O2,p01571,main_default_opt_1,True,ret,14,11,-3
public_v1,O2,p01571,main_default_opt_1,True,select,513,494,-19
public_v1,O2,p01571,main_default_opt_1,True,sext,136,117,-19
public_v1,O2,p01571,main_default_opt_1,True,shl,105,98,-7
public_v1,O2,p01571,main_default_opt_1,True,store,703,532,-171
public_v1,O2,p01571,main_default_opt_1,True,sub,320,68,-252
public_v1,O2,p01571,main_default_opt_1,True,switch,11,9,-2
public_v1,O2,p01571,main_default_opt_1,True,trunc,112,58,-54
public_v1,O2,p01571,main_default_opt_1,True,xor,194,150,-44
public_v1,O2,p01571,main_default_opt_1,True,zext,406,353,-53
public_v1,O2,p01571,main_default_opt_2,True,add,704,701,-3
public_v1,O2,p01571,main_default_opt_2,True,alloca,6,6,0
public_v1,O2,p01571,main_default_opt_2,True,and,263,261,-2
public_v1,O2,p01571,main_default_opt_2,True,ashr,7,7,0
public_v1,O2,p01571,main_default_opt_2,True,br,226,230,4
public_v1,O2,p01571,main_default_opt_2,True,call,52,52,0
public_v1,O2,p01571,main_default_opt_2,True,extractvalue,95,95,0
public_v1,O2,p01571,main_default_opt_2,True,getelementptr,790,788,-2
public_v1,O2,p01571,main_default_opt_2,True,icmp,589,585,-4
public_v1,O2,p01571,main_default_opt_2,True,insertvalue,45,43,-2
public_v1,O2,p01571,main_default_opt_2,True,inttoptr,223,223,0
public_v1,O2,p01571,main_default_opt_2,True,load,701,699,-2
public_v1,O2,p01571,main_default_opt_2,True,lshr,1,1,0
public_v1,O2,p01571,main_default_opt_2,True,mul,76,76,0
public_v1,O2,p01571,main_default_opt_2,True,or,203,202,-1
public_v1,O2,p01571,main_default_opt_2,True,phi,121,132,11
public_v1,O2,p01571,main_default_opt_2,True,ptrtoint,25,25,0
public_v1,O2,p01571,main_default_opt_2,True,ret,11,11,0
public_v1,O2,p01571,main_default_opt_2,True,select,492,492,0
public_v1,O2,p01571,main_default_opt_2,True,sext,115,114,-1
public_v1,O2,p01571,main_default_opt_2,True,shl,98,97,-1
public_v1,O2,p01571,main_default_opt_2,True,store,532,530,-2
public_v1,O2,p01571,main_default_opt_2,True,sub,68,66,-2
public_v1,O2,p01571,main_default_opt_2,True,switch,9,9,0
public_v1,O2,p01571,main_default_opt_2,True,trunc,58,61,3
public_v1,O2,p01571,main_default_opt_2,True,xor,144,145,1
public_v1,O2,p01571,main_default_opt_2,True,zext,330,330,0
public_v1,O2,p01571,bundle_default_opt_3,True,add,258,202,-56
public_v1,O2,p01571,bundle_default_opt_3,True,alloca,5,5,0
public_v1,O2,p01571,bundle_default_opt_3,True,and,260,158,-102
public_v1,O2,p01571,bundle_default_opt_3,True,ashr,7,7,0
public_v1,O2,p01571,bundle_default_opt_3,True,br,227,228,1
public_v1,O2,p01571,bundle_default_opt_3,True,call,268,269,1
public_v1,O2,p01571,bundle_default_opt_3,True,extractvalue,78,62,-16
public_v1,O2,p01571,bundle_default_opt_3,True,getelementptr,378,347,-31
public_v1,O2,p01571,bundle_default_opt_3,True,icmp,163,140,-23
public_v1,O2,p01571,bundle_default_opt_3,True,insertvalue,43,31,-12
public_v1,O2,p01571,bundle_default_opt_3,True,inttoptr,12,12,0
public_v1,O2,p01571,bundle_default_opt_3,True,load,697,633,-64
public_v1,O2,p01571,bundle_default_opt_3,True,lshr,1,1,0
public_v1,O2,p01571,bundle_default_opt_3,True,mul,75,51,-24
public_v1,O2,p01571,bundle_default_opt_3,True,or,197,101,-96
public_v1,O2,p01571,bundle_default_opt_3,True,phi,125,116,-9
public_v1,O2,p01571,bundle_default_opt_3,True,ptrtoint,64,20,-44
public_v1,O2,p01571,bundle_default_opt_3,True,ret,19,19,0
public_v1,O2,p01571,bundle_default_opt_3,True,select,67,68,1
public_v1,O2,p01571,bundle_default_opt_3,True,sext,114,111,-3
public_v1,O2,p01571,bundle_default_opt_3,True,shl,97,98,1
public_v1,O2,p01571,bundle_default_opt_3,True,store,485,397,-88
public_v1,O2,p01571,bundle_default_opt_3,True,sub,52,40,-12
public_v1,O2,p01571,bundle_default_opt_3,True,switch,9,9,0
public_v1,O2,p01571,bundle_default_opt_3,True,trunc,63,61,-2
public_v1,O2,p01571,bundle_default_opt_3,True,xor,143,93,-50
public_v1,O2,p01571,bundle_default_opt_3,True,zext,324,231,-93
public_v1,O2,p01571,bundle_default_opt_4,True,add,202,184,-18
public_v1,O2,p01571,bundle_default_opt_4,True,alloca,5,5,0
public_v1,O2,p01571,bundle_default_opt_4,True,and,158,112,-46
public_v1,O2,p01571,bundle_default_opt_4,True,ashr,7,7,0
public_v1,O2,p01571,bundle_default_opt_4,True,br,228,228,0
public_v1,O2,p01571,bundle_default_opt_4,True,call,269,269,0
public_v1,O2,p01571,bundle_default_opt_4,True,extractvalue,62,61,-1
public_v1,O2,p01571,bundle_default_opt_4,True,getelementptr,347,333,-14
public_v1,O2,p01571,bundle_default_opt_4,True,icmp,140,133,-7
public_v1,O2,p01571,bundle_default_opt_4,True,insertvalue,31,30,-1
public_v1,O2,p01571,bundle_default_opt_4,True,inttoptr,12,12,0
public_v1,O2,p01571,bundle_default_opt_4,True,load,633,615,-18
public_v1,O2,p01571,bundle_default_opt_4,True,lshr,1,1,0
public_v1,O2,p01571,bundle_default_opt_4,True,mul,51,40,-11
public_v1,O2,p01571,bundle_default_opt_4,True,or,101,59,-42
public_v1,O2,p01571,bundle_default_opt_4,True,phi,116,108,-8
public_v1,O2,p01571,bundle_default_opt_4,True,ptrtoint,20,20,0
public_v1,O2,p01571,bundle_default_opt_4,True,ret,19,19,0
public_v1,O2,p01571,bundle_default_opt_4,True,select,68,68,0
public_v1,O2,p01571,bundle_default_opt_4,True,sext,111,110,-1
public_v1,O2,p01571,bundle_default_opt_4,True,shl,98,98,0
public_v1,O2,p01571,bundle_default_opt_4,True,store,397,397,0
public_v1,O2,p01571,bundle_default_opt_4,True,sub,40,38,-2
public_v1,O2,p01571,bundle_default_opt_4,True,switch,9,9,0
public_v1,O2,p01571,bundle_default_opt_4,True,trunc,61,61,0
public_v1,O2,p01571,bundle_default_opt_4,True,xor,93,69,-24
public_v1,O2,p01571,bundle_default_opt_4,True,zext,231,175,-56
public_v1,O2,p01571,bundle_post_opt_4_custom_cleanup,True,add,184,181,-3
public_v1,O2,p01571,bundle_post_opt_4_custom_cleanup,True,alloca,5,5,0
public_v1,O2,p01571,bundle_post_opt_4_custom_cleanup,True,and,112,109,-3
public_v1,O2,p01571,bundle_post_opt_4_custom_cleanup,True,ashr,7,7,0
public_v1,O2,p01571,bundle_post_opt_4_custom_cleanup,True,br,228,228,0
public_v1,O2,p01571,bundle_post_opt_4_custom_cleanup,True,call,269,269,0
public_v1,O2,p01571,bundle_post_opt_4_custom_cleanup,True,extractvalue,61,58,-3
public_v1,O2,p01571,bundle_post_opt_4_custom_cleanup,True,getelementptr,333,335,2
public_v1,O2,p01571,bundle_post_opt_4_custom_cleanup,True,icmp,133,133,0
public_v1,O2,p01571,bundle_post_opt_4_custom_cleanup,True,insertvalue,30,29,-1
public_v1,O2,p01571,bundle_post_opt_4_custom_cleanup,True,inttoptr,12,12,0
public_v1,O2,p01571,bundle_post_opt_4_custom_cleanup,True,load,615,615,0
public_v1,O2,p01571,bundle_post_opt_4_custom_cleanup,True,lshr,1,1,0
public_v1,O2,p01571,bundle_post_opt_4_custom_cleanup,True,mul,40,40,0
public_v1,O2,p01571,bundle_post_opt_4_custom_cleanup,True,or,59,55,-4
public_v1,O2,p01571,bundle_post_opt_4_custom_cleanup,True,phi,108,106,-2
public_v1,O2,p01571,bundle_post_opt_4_custom_cleanup,True,ptrtoint,20,22,2
public_v1,O2,p01571,bundle_post_opt_4_custom_cleanup,True,ret,19,19,0
public_v1,O2,p01571,bundle_post_opt_4_custom_cleanup,True,select,68,68,0
public_v1,O2,p01571,bundle_post_opt_4_custom_cleanup,True,sext,110,110,0
public_v1,O2,p01571,bundle_post_opt_4_custom_cleanup,True,shl,98,98,0
public_v1,O2,p01571,bundle_post_opt_4_custom_cleanup,True,store,397,397,0
public_v1,O2,p01571,bundle_post_opt_4_custom_cleanup,True,sub,38,38,0
public_v1,O2,p01571,bundle_post_opt_4_custom_cleanup,True,switch,9,9,0
public_v1,O2,p01571,bundle_post_opt_4_custom_cleanup,True,trunc,61,61,0
public_v1,O2,p01571,bundle_post_opt_4_custom_cleanup,True,xor,69,69,0
public_v1,O2,p01571,bundle_post_opt_4_custom_cleanup,True,zext,175,170,-5
public_v1,O2,p01687,main_default_opt_1,True,add,135,86,-49
public_v1,O2,p01687,main_default_opt_1,True,alloca,3,1,-2
public_v1,O2,p01687,main_default_opt_1,True,and,76,46,-30
public_v1,O2,p01687,main_default_opt_1,True,br,51,50,-1
public_v1,O2,p01687,main_default_opt_1,True,call,23,11,-12
public_v1,O2,p01687,main_default_opt_1,True,extractvalue,33,12,-21
public_v1,O2,p01687,main_default_opt_1,True,getelementptr,205,116,-89
public_v1,O2,p01687,main_default_opt_1,True,icmp,131,93,-38
public_v1,O2,p01687,main_default_opt_1,True,insertvalue,51,7,-44
public_v1,O2,p01687,main_default_opt_1,True,inttoptr,18,14,-4
public_v1,O2,p01687,main_default_opt_1,True,load,106,75,-31
public_v1,O2,p01687,main_default_opt_1,True,lshr,15,0,-15
public_v1,O2,p01687,main_default_opt_1,True,mul,11,11,0
public_v1,O2,p01687,main_default_opt_1,True,or,31,23,-8
public_v1,O2,p01687,main_default_opt_1,True,phi,36,29,-7
public_v1,O2,p01687,main_default_opt_1,True,ptrtoint,9,5,-4
public_v1,O2,p01687,main_default_opt_1,True,ret,9,7,-2
public_v1,O2,p01687,main_default_opt_1,True,select,90,69,-21
public_v1,O2,p01687,main_default_opt_1,True,sext,8,7,-1
public_v1,O2,p01687,main_default_opt_1,True,shl,1,1,0
public_v1,O2,p01687,main_default_opt_1,True,store,177,82,-95
public_v1,O2,p01687,main_default_opt_1,True,sub,40,8,-32
public_v1,O2,p01687,main_default_opt_1,True,switch,2,1,-1
public_v1,O2,p01687,main_default_opt_1,True,trunc,32,11,-21
public_v1,O2,p01687,main_default_opt_1,True,xor,36,22,-14
public_v1,O2,p01687,main_default_opt_1,True,zext,64,43,-21
public_v1,O2,p01687,main_default_opt_2,True,add,77,66,-11
public_v1,O2,p01687,main_default_opt_2,True,alloca,1,1,0
public_v1,O2,p01687,main_default_opt_2,True,and,25,22,-3
public_v1,O2,p01687,main_default_opt_2,True,br,49,38,-11
public_v1,O2,p01687,main_default_opt_2,True,call,11,10,-1
public_v1,O2,p01687,main_default_opt_2,True,extractvalue,8,4,-4
public_v1,O2,p01687,main_default_opt_2,True,getelementptr,109,110,1
public_v1,O2,p01687,main_default_opt_2,True,icmp,82,81,-1
public_v1,O2,p01687,main_default_opt_2,True,insertvalue,7,4,-3
public_v1,O2,p01687,main_default_opt_2,True,inttoptr,13,13,0
public_v1,O2,p01687,main_default_opt_2,True,load,58,54,-4
public_v1,O2,p01687,main_default_opt_2,True,mul,4,4,0
public_v1,O2,p01687,main_default_opt_2,True,or,4,1,-3
public_v1,O2,p01687,main_default_opt_2,True,phi,23,15,-8
public_v1,O2,p01687,main_default_opt_2,True,ptrtoint,5,4,-1
public_v1,O2,p01687,main_default_opt_2,True,ret,7,7,0
public_v1,O2,p01687,main_default_opt_2,True,select,65,68,3
public_v1,O2,p01687,main_default_opt_2,True,sext,7,7,0
public_v1,O2,p01687,main_default_opt_2,True,shl,1,1,0
public_v1,O2,p01687,main_default_opt_2,True,store,79,78,-1
public_v1,O2,p01687,main_default_opt_2,True,sub,9,9,0
public_v1,O2,p01687,main_default_opt_2,True,switch,1,1,0
public_v1,O2,p01687,main_default_opt_2,True,trunc,11,8,-3
public_v1,O2,p01687,main_default_opt_2,True,xor,10,8,-2
public_v1,O2,p01687,main_default_opt_2,True,zext,19,10,-9
public_v1,O2,p01687,bundle_default_opt_3,True,add,66,65,-1
public_v1,O2,p01687,bundle_default_opt_3,True,alloca,1,1,0
public_v1,O2,p01687,bundle_default_opt_3,True,and,22,19,-3
public_v1,O2,p01687,bundle_default_opt_3,True,br,38,37,-1
public_v1,O2,p01687,bundle_default_opt_3,True,call,10,9,-1
public_v1,O2,p01687,bundle_default_opt_3,True,extractvalue,3,0,-3
public_v1,O2,p01687,bundle_default_opt_3,True,getelementptr,111,91,-20
public_v1,O2,p01687,bundle_default_opt_3,True,icmp,81,78,-3
public_v1,O2,p01687,bundle_default_opt_3,True,insertvalue,4,0,-4
public_v1,O2,p01687,bundle_default_opt_3,True,inttoptr,13,13,0
public_v1,O2,p01687,bundle_default_opt_3,True,load,54,47,-7
public_v1,O2,p01687,bundle_default_opt_3,True,mul,4,1,-3
public_v1,O2,p01687,bundle_default_opt_3,True,or,1,1,0
public_v1,O2,p01687,bundle_default_opt_3,True,phi,15,7,-8
public_v1,O2,p01687,bundle_default_opt_3,True,ptrtoint,7,4,-3
public_v1,O2,p01687,bundle_default_opt_3,True,ret,7,6,-1
public_v1,O2,p01687,bundle_default_opt_3,True,select,68,64,-4
public_v1,O2,p01687,bundle_default_opt_3,True,sext,7,7,0
public_v1,O2,p01687,bundle_default_opt_3,True,shl,1,1,0
public_v1,O2,p01687,bundle_default_opt_3,True,store,78,66,-12
public_v1,O2,p01687,bundle_default_opt_3,True,sub,9,9,0
public_v1,O2,p01687,bundle_default_opt_3,True,switch,1,1,0
public_v1,O2,p01687,bundle_default_opt_3,True,trunc,8,4,-4
public_v1,O2,p01687,bundle_default_opt_3,True,xor,8,2,-6
public_v1,O2,p01687,bundle_default_opt_3,True,zext,10,6,-4
public_v1,O2,p01687,bundle_default_opt_4,True,add,65,65,0
public_v1,O2,p01687,bundle_default_opt_4,True,alloca,1,1,0
public_v1,O2,p01687,bundle_default_opt_4,True,and,19,19,0
public_v1,O2,p01687,bundle_default_opt_4,True,br,37,37,0
public_v1,O2,p01687,bundle_default_opt_4,True,call,9,9,0
public_v1,O2,p01687,bundle_default_opt_4,True,getelementptr,91,91,0
public_v1,O2,p01687,bundle_default_opt_4,True,icmp,78,78,0
public_v1,O2,p01687,bundle_default_opt_4,True,inttoptr,13,13,0
public_v1,O2,p01687,bundle_default_opt_4,True,load,47,47,0
public_v1,O2,p01687,bundle_default_opt_4,True,mul,1,1,0
public_v1,O2,p01687,bundle_default_opt_4,True,or,1,1,0
public_v1,O2,p01687,bundle_default_opt_4,True,phi,7,7,0
public_v1,O2,p01687,bundle_default_opt_4,True,ptrtoint,4,4,0
public_v1,O2,p01687,bundle_default_opt_4,True,ret,6,6,0
public_v1,O2,p01687,bundle_default_opt_4,True,select,64,64,0
public_v1,O2,p01687,bundle_default_opt_4,True,sext,7,7,0
public_v1,O2,p01687,bundle_default_opt_4,True,shl,1,1,0
public_v1,O2,p01687,bundle_default_opt_4,True,store,66,66,0
public_v1,O2,p01687,bundle_default_opt_4,True,sub,9,9,0
public_v1,O2,p01687,bundle_default_opt_4,True,switch,1,1,0
public_v1,O2,p01687,bundle_default_opt_4,True,trunc,4,4,0
public_v1,O2,p01687,bundle_default_opt_4,True,xor,2,2,0
public_v1,O2,p01687,bundle_default_opt_4,True,zext,6,6,0
public_v1,O2,p01687,bundle_post_opt_4_custom_cleanup,True,add,65,34,-31
public_v1,O2,p01687,bundle_post_opt_4_custom_cleanup,True,alloca,1,1,0
public_v1,O2,p01687,bundle_post_opt_4_custom_cleanup,True,and,19,9,-10
public_v1,O2,p01687,bundle_post_opt_4_custom_cleanup,True,br,37,37,0
public_v1,O2,p01687,bundle_post_opt_4_custom_cleanup,True,call,9,9,0
public_v1,O2,p01687,bundle_post_opt_4_custom_cleanup,True,getelementptr,91,42,-49
public_v1,O2,p01687,bundle_post_opt_4_custom_cleanup,True,icmp,78,38,-40
public_v1,O2,p01687,bundle_post_opt_4_custom_cleanup,True,inttoptr,13,8,-5
public_v1,O2,p01687,bundle_post_opt_4_custom_cleanup,True,load,47,37,-10
public_v1,O2,p01687,bundle_post_opt_4_custom_cleanup,True,mul,1,1,0
public_v1,O2,p01687,bundle_post_opt_4_custom_cleanup,True,or,1,1,0
public_v1,O2,p01687,bundle_post_opt_4_custom_cleanup,True,phi,7,6,-1
public_v1,O2,p01687,bundle_post_opt_4_custom_cleanup,True,ptrtoint,4,4,0
public_v1,O2,p01687,bundle_post_opt_4_custom_cleanup,True,ret,6,6,0
public_v1,O2,p01687,bundle_post_opt_4_custom_cleanup,True,select,64,24,-40
public_v1,O2,p01687,bundle_post_opt_4_custom_cleanup,True,sext,7,7,0
public_v1,O2,p01687,bundle_post_opt_4_custom_cleanup,True,shl,1,1,0
public_v1,O2,p01687,bundle_post_opt_4_custom_cleanup,True,store,66,56,-10
public_v1,O2,p01687,bundle_post_opt_4_custom_cleanup,True,sub,9,9,0
public_v1,O2,p01687,bundle_post_opt_4_custom_cleanup,True,switch,1,1,0
public_v1,O2,p01687,bundle_post_opt_4_custom_cleanup,True,trunc,4,4,0
public_v1,O2,p01687,bundle_post_opt_4_custom_cleanup,True,xor,2,2,0
public_v1,O2,p01687,bundle_post_opt_4_custom_cleanup,True,zext,6,6,0
public_v1,O2,p01766,main_default_opt_1,True,add,40,26,-14
public_v1,O2,p01766,main_default_opt_1,True,alloca,7,7,0
public_v1,O2,p01766,main_default_opt_1,True,and,18,10,-8
public_v1,O2,p01766,main_default_opt_1,True,bitcast,2,2,0
public_v1,O2,p01766,main_default_opt_1,True,br,21,20,-1
public_v1,O2,p01766,main_default_opt_1,True,call,20,19,-1
public_v1,O2,p01766,main_default_opt_1,True,extractvalue,17,0,-17
public_v1,O2,p01766,main_default_opt_1,True,fdiv,1,1,0
public_v1,O2,p01766,main_default_opt_1,True,getelementptr,101,94,-7
public_v1,O2,p01766,main_default_opt_1,True,icmp,28,26,-2
public_v1,O2,p01766,main_default_opt_1,True,insertvalue,22,0,-22
public_v1,O2,p01766,main_default_opt_1,True,inttoptr,5,5,0
public_v1,O2,p01766,main_default_opt_1,True,load,65,37,-28
public_v1,O2,p01766,main_default_opt_1,True,lshr,3,3,0
public_v1,O2,p01766,main_default_opt_1,True,mul,6,4,-2
public_v1,O2,p01766,main_default_opt_1,True,or,17,9,-8
public_v1,O2,p01766,main_default_opt_1,True,phi,27,13,-14
public_v1,O2,p01766,main_default_opt_1,True,ptrtoint,9,9,0
public_v1,O2,p01766,main_default_opt_1,True,ret,3,2,-1
public_v1,O2,p01766,main_default_opt_1,True,select,19,14,-5
public_v1,O2,p01766,main_default_opt_1,True,sext,14,6,-8
public_v1,O2,p01766,main_default_opt_1,True,shl,11,5,-6
public_v1,O2,p01766,main_default_opt_1,True,sitofp,2,1,-1
public_v1,O2,p01766,main_default_opt_1,True,store,146,113,-33
public_v1,O2,p01766,main_default_opt_1,True,sub,8,4,-4
public_v1,O2,p01766,main_default_opt_1,True,trunc,5,4,-1
public_v1,O2,p01766,main_default_opt_1,True,uitofp,0,1,1
public_v1,O2,p01766,main_default_opt_1,True,xor,13,8,-5
public_v1,O2,p01766,main_default_opt_1,True,zext,25,16,-9
public_v1,O2,p01766,main_default_opt_2,True,add,22,22,0
public_v1,O2,p01766,main_default_opt_2,True,alloca,6,6,0
public_v1,O2,p01766,main_default_opt_2,True,and,101,5,-96
public_v1,O2,p01766,main_default_opt_2,True,br,20,20,0
public_v1,O2,p01766,main_default_opt_2,True,call,15,13,-2
public_v1,O2,p01766,main_default_opt_2,True,fdiv,1,1,0
public_v1,O2,p01766,main_default_opt_2,True,getelementptr,78,78,0
public_v1,O2,p01766,main_default_opt_2,True,icmp,22,22,0
public_v1,O2,p01766,main_default_opt_2,True,inttoptr,5,5,0
public_v1,O2,p01766,main_default_opt_2,True,load,23,23,0
public_v1,O2,p01766,main_default_opt_2,True,lshr,1,1,0
public_v1,O2,p01766,main_default_opt_2,True,mul,3,3,0
public_v1,O2,p01766,main_default_opt_2,True,or,102,6,-96
public_v1,O2,p01766,main_default_opt_2,True,phi,7,7,0
public_v1,O2,p01766,main_default_opt_2,True,ptrtoint,5,5,0
public_v1,O2,p01766,main_default_opt_2,True,ret,2,2,0
public_v1,O2,p01766,main_default_opt_2,True,select,14,14,0
public_v1,O2,p01766,main_default_opt_2,True,sext,6,6,0
public_v1,O2,p01766,main_default_opt_2,True,shl,5,5,0
public_v1,O2,p01766,main_default_opt_2,True,sitofp,1,1,0
public_v1,O2,p01766,main_default_opt_2,True,store,67,68,1
public_v1,O2,p01766,main_default_opt_2,True,sub,4,4,0
public_v1,O2,p01766,main_default_opt_2,True,trunc,2,2,0
public_v1,O2,p01766,main_default_opt_2,True,uitofp,1,1,0
public_v1,O2,p01766,main_default_opt_2,True,xor,4,4,0
public_v1,O2,p01766,main_default_opt_2,True,zext,8,9,1
public_v1,O2,p01766,bundle_default_opt_3,True,add,22,22,0
public_v1,O2,p01766,bundle_default_opt_3,True,alloca,6,6,0
public_v1,O2,p01766,bundle_default_opt_3,True,and,5,5,0
public_v1,O2,p01766,bundle_default_opt_3,True,br,19,19,0
public_v1,O2,p01766,bundle_default_opt_3,True,call,13,13,0
public_v1,O2,p01766,bundle_default_opt_3,True,fdiv,1,1,0
public_v1,O2,p01766,bundle_default_opt_3,True,getelementptr,67,67,0
public_v1,O2,p01766,bundle_default_opt_3,True,icmp,22,22,0
public_v1,O2,p01766,bundle_default_opt_3,True,inttoptr,5,5,0
public_v1,O2,p01766,bundle_default_opt_3,True,load,22,22,0
public_v1,O2,p01766,bundle_default_opt_3,True,mul,3,3,0
public_v1,O2,p01766,bundle_default_opt_3,True,or,6,6,0
public_v1,O2,p01766,bundle_default_opt_3,True,phi,7,7,0
public_v1,O2,p01766,bundle_default_opt_3,True,ptrtoint,5,5,0
public_v1,O2,p01766,bundle_default_opt_3,True,ret,2,2,0
public_v1,O2,p01766,bundle_default_opt_3,True,select,10,10,0
public_v1,O2,p01766,bundle_default_opt_3,True,sext,6,6,0
public_v1,O2,p01766,bundle_default_opt_3,True,shl,5,5,0
public_v1,O2,p01766,bundle_default_opt_3,True,sitofp,1,1,0
public_v1,O2,p01766,bundle_default_opt_3,True,store,48,48,0
public_v1,O2,p01766,bundle_default_opt_3,True,sub,4,4,0
public_v1,O2,p01766,bundle_default_opt_3,True,trunc,1,1,0
public_v1,O2,p01766,bundle_default_opt_3,True,uitofp,1,1,0
public_v1,O2,p01766,bundle_default_opt_3,True,xor,4,4,0
public_v1,O2,p01766,bundle_default_opt_3,True,zext,5,5,0
public_v1,O2,p01766,bundle_default_opt_4,True,add,22,22,0
public_v1,O2,p01766,bundle_default_opt_4,True,alloca,6,6,0
public_v1,O2,p01766,bundle_default_opt_4,True,and,5,5,0
public_v1,O2,p01766,bundle_default_opt_4,True,br,19,19,0
public_v1,O2,p01766,bundle_default_opt_4,True,call,13,13,0
public_v1,O2,p01766,bundle_default_opt_4,True,fdiv,1,1,0
public_v1,O2,p01766,bundle_default_opt_4,True,getelementptr,67,67,0
public_v1,O2,p01766,bundle_default_opt_4,True,icmp,22,22,0
public_v1,O2,p01766,bundle_default_opt_4,True,inttoptr,5,5,0
public_v1,O2,p01766,bundle_default_opt_4,True,load,22,22,0
public_v1,O2,p01766,bundle_default_opt_4,True,mul,3,3,0
public_v1,O2,p01766,bundle_default_opt_4,True,or,6,6,0
public_v1,O2,p01766,bundle_default_opt_4,True,phi,7,7,0
public_v1,O2,p01766,bundle_default_opt_4,True,ptrtoint,5,5,0
public_v1,O2,p01766,bundle_default_opt_4,True,ret,2,2,0
public_v1,O2,p01766,bundle_default_opt_4,True,select,10,10,0
public_v1,O2,p01766,bundle_default_opt_4,True,sext,6,6,0
public_v1,O2,p01766,bundle_default_opt_4,True,shl,5,5,0
public_v1,O2,p01766,bundle_default_opt_4,True,sitofp,1,1,0
public_v1,O2,p01766,bundle_default_opt_4,True,store,48,48,0
public_v1,O2,p01766,bundle_default_opt_4,True,sub,4,4,0
public_v1,O2,p01766,bundle_default_opt_4,True,trunc,1,1,0
public_v1,O2,p01766,bundle_default_opt_4,True,uitofp,1,1,0
public_v1,O2,p01766,bundle_default_opt_4,True,xor,4,4,0
public_v1,O2,p01766,bundle_default_opt_4,True,zext,5,5,0
public_v1,O2,p01766,bundle_post_opt_4_custom_cleanup,True,add,22,22,0
public_v1,O2,p01766,bundle_post_opt_4_custom_cleanup,True,alloca,6,6,0
public_v1,O2,p01766,bundle_post_opt_4_custom_cleanup,True,and,5,5,0
public_v1,O2,p01766,bundle_post_opt_4_custom_cleanup,True,br,19,19,0
public_v1,O2,p01766,bundle_post_opt_4_custom_cleanup,True,call,13,13,0
public_v1,O2,p01766,bundle_post_opt_4_custom_cleanup,True,fdiv,1,1,0
public_v1,O2,p01766,bundle_post_opt_4_custom_cleanup,True,getelementptr,67,67,0
public_v1,O2,p01766,bundle_post_opt_4_custom_cleanup,True,icmp,22,22,0
public_v1,O2,p01766,bundle_post_opt_4_custom_cleanup,True,inttoptr,5,5,0
public_v1,O2,p01766,bundle_post_opt_4_custom_cleanup,True,load,22,22,0
public_v1,O2,p01766,bundle_post_opt_4_custom_cleanup,True,mul,3,3,0
public_v1,O2,p01766,bundle_post_opt_4_custom_cleanup,True,or,6,6,0
public_v1,O2,p01766,bundle_post_opt_4_custom_cleanup,True,phi,7,7,0
public_v1,O2,p01766,bundle_post_opt_4_custom_cleanup,True,ptrtoint,5,5,0
public_v1,O2,p01766,bundle_post_opt_4_custom_cleanup,True,ret,2,2,0
public_v1,O2,p01766,bundle_post_opt_4_custom_cleanup,True,select,10,10,0
public_v1,O2,p01766,bundle_post_opt_4_custom_cleanup,True,sext,6,6,0
public_v1,O2,p01766,bundle_post_opt_4_custom_cleanup,True,shl,5,5,0
public_v1,O2,p01766,bundle_post_opt_4_custom_cleanup,True,sitofp,1,1,0
public_v1,O2,p01766,bundle_post_opt_4_custom_cleanup,True,store,48,48,0
public_v1,O2,p01766,bundle_post_opt_4_custom_cleanup,True,sub,4,4,0
public_v1,O2,p01766,bundle_post_opt_4_custom_cleanup,True,trunc,1,1,0
public_v1,O2,p01766,bundle_post_opt_4_custom_cleanup,True,uitofp,1,1,0
public_v1,O2,p01766,bundle_post_opt_4_custom_cleanup,True,xor,4,4,0
public_v1,O2,p01766,bundle_post_opt_4_custom_cleanup,True,zext,5,5,0
public_v1,O2,p01970,main_default_opt_1,True,add,75,54,-21
public_v1,O2,p01970,main_default_opt_1,True,alloca,3,0,-3
public_v1,O2,p01970,main_default_opt_1,True,and,109,58,-51
public_v1,O2,p01970,main_default_opt_1,True,br,77,68,-9
public_v1,O2,p01970,main_default_opt_1,True,call,17,6,-11
public_v1,O2,p01970,main_default_opt_1,True,extractvalue,43,0,-43
public_v1,O2,p01970,main_default_opt_1,True,getelementptr,83,25,-58
public_v1,O2,p01970,main_default_opt_1,True,icmp,62,41,-21
public_v1,O2,p01970,main_default_opt_1,True,insertvalue,52,0,-52
public_v1,O2,p01970,main_default_opt_1,True,load,139,57,-82
public_v1,O2,p01970,main_default_opt_1,True,lshr,18,8,-10
public_v1,O2,p01970,main_default_opt_1,True,mul,26,21,-5
public_v1,O2,p01970,main_default_opt_1,True,or,86,40,-46
public_v1,O2,p01970,main_default_opt_1,True,phi,58,29,-29
public_v1,O2,p01970,main_default_opt_1,True,ptrtoint,3,0,-3
public_v1,O2,p01970,main_default_opt_1,True,ret,5,2,-3
public_v1,O2,p01970,main_default_opt_1,True,select,13,13,0
public_v1,O2,p01970,main_default_opt_1,True,sext,29,27,-2
public_v1,O2,p01970,main_default_opt_1,True,shl,17,15,-2
public_v1,O2,p01970,main_default_opt_1,True,store,173,13,-160
public_v1,O2,p01970,main_default_opt_1,True,switch,4,2,-2
public_v1,O2,p01970,main_default_opt_1,True,trunc,34,4,-30
public_v1,O2,p01970,main_default_opt_1,True,xor,74,46,-28
public_v1,O2,p01970,main_default_opt_1,True,zext,119,60,-59
public_v1,O2,p01970,main_default_opt_2,True,add,36,34,-2
public_v1,O2,p01970,main_default_opt_2,True,and,7,7,0
public_v1,O2,p01970,main_default_opt_2,True,br,63,63,0
public_v1,O2,p01970,main_default_opt_2,True,call,6,6,0
public_v1,O2,p01970,main_default_opt_2,True,getelementptr,25,23,-2
public_v1,O2,p01970,main_default_opt_2,True,icmp,23,23,0
public_v1,O2,p01970,main_default_opt_2,True,load,21,19,-2
public_v1,O2,p01970,main_default_opt_2,True,lshr,8,8,0
public_v1,O2,p01970,main_default_opt_2,True,mul,3,3,0
public_v1,O2,p01970,main_default_opt_2,True,phi,27,27,0
public_v1,O2,p01970,main_default_opt_2,True,ret,2,2,0
public_v1,O2,p01970,main_default_opt_2,True,select,13,13,0
public_v1,O2,p01970,main_default_opt_2,True,sext,24,22,-2
public_v1,O2,p01970,main_default_opt_2,True,shl,15,13,-2
public_v1,O2,p01970,main_default_opt_2,True,store,13,13,0
public_v1,O2,p01970,main_default_opt_2,True,switch,2,2,0
public_v1,O2,p01970,main_default_opt_2,True,trunc,4,4,0
public_v1,O2,p01970,main_default_opt_2,True,xor,8,8,0
public_v1,O2,p01970,main_default_opt_2,True,zext,4,4,0
public_v1,O2,p01970,bundle_default_opt_3,True,add,34,34,0
public_v1,O2,p01970,bundle_default_opt_3,True,and,7,7,0
public_v1,O2,p01970,bundle_default_opt_3,True,br,63,63,0
public_v1,O2,p01970,bundle_default_opt_3,True,call,6,6,0
public_v1,O2,p01970,bundle_default_opt_3,True,getelementptr,23,23,0
public_v1,O2,p01970,bundle_default_opt_3,True,icmp,23,23,0
public_v1,O2,p01970,bundle_default_opt_3,True,load,19,19,0
public_v1,O2,p01970,bundle_default_opt_3,True,lshr,8,8,0
public_v1,O2,p01970,bundle_default_opt_3,True,mul,3,3,0
public_v1,O2,p01970,bundle_default_opt_3,True,phi,27,27,0
public_v1,O2,p01970,bundle_default_opt_3,True,ret,2,2,0
public_v1,O2,p01970,bundle_default_opt_3,True,select,13,13,0
public_v1,O2,p01970,bundle_default_opt_3,True,sext,22,22,0
public_v1,O2,p01970,bundle_default_opt_3,True,shl,13,13,0
public_v1,O2,p01970,bundle_default_opt_3,True,store,13,13,0
public_v1,O2,p01970,bundle_default_opt_3,True,switch,2,2,0
public_v1,O2,p01970,bundle_default_opt_3,True,trunc,4,4,0
public_v1,O2,p01970,bundle_default_opt_3,True,xor,8,8,0
public_v1,O2,p01970,bundle_default_opt_3,True,zext,4,4,0
public_v1,O2,p01970,bundle_default_opt_4,True,add,34,34,0
public_v1,O2,p01970,bundle_default_opt_4,True,and,7,7,0
public_v1,O2,p01970,bundle_default_opt_4,True,br,63,63,0
public_v1,O2,p01970,bundle_default_opt_4,True,call,6,6,0
public_v1,O2,p01970,bundle_default_opt_4,True,getelementptr,23,23,0
public_v1,O2,p01970,bundle_default_opt_4,True,icmp,23,23,0
public_v1,O2,p01970,bundle_default_opt_4,True,load,19,19,0
public_v1,O2,p01970,bundle_default_opt_4,True,lshr,8,8,0
public_v1,O2,p01970,bundle_default_opt_4,True,mul,3,3,0
public_v1,O2,p01970,bundle_default_opt_4,True,phi,27,27,0
public_v1,O2,p01970,bundle_default_opt_4,True,ret,2,2,0
public_v1,O2,p01970,bundle_default_opt_4,True,select,13,13,0
public_v1,O2,p01970,bundle_default_opt_4,True,sext,22,22,0
public_v1,O2,p01970,bundle_default_opt_4,True,shl,13,13,0
public_v1,O2,p01970,bundle_default_opt_4,True,store,13,13,0
public_v1,O2,p01970,bundle_default_opt_4,True,switch,2,2,0
public_v1,O2,p01970,bundle_default_opt_4,True,trunc,4,4,0
public_v1,O2,p01970,bundle_default_opt_4,True,xor,8,8,0
public_v1,O2,p01970,bundle_default_opt_4,True,zext,4,4,0
public_v1,O2,p01970,bundle_post_opt_4_custom_cleanup,True,add,34,34,0
public_v1,O2,p01970,bundle_post_opt_4_custom_cleanup,True,and,7,7,0
public_v1,O2,p01970,bundle_post_opt_4_custom_cleanup,True,br,63,63,0
public_v1,O2,p01970,bundle_post_opt_4_custom_cleanup,True,call,6,6,0
public_v1,O2,p01970,bundle_post_opt_4_custom_cleanup,True,getelementptr,23,23,0
public_v1,O2,p01970,bundle_post_opt_4_custom_cleanup,True,icmp,23,23,0
public_v1,O2,p01970,bundle_post_opt_4_custom_cleanup,True,load,19,19,0
public_v1,O2,p01970,bundle_post_opt_4_custom_cleanup,True,lshr,8,8,0
public_v1,O2,p01970,bundle_post_opt_4_custom_cleanup,True,mul,3,3,0
public_v1,O2,p01970,bundle_post_opt_4_custom_cleanup,True,phi,27,27,0
public_v1,O2,p01970,bundle_post_opt_4_custom_cleanup,True,ret,2,2,0
public_v1,O2,p01970,bundle_post_opt_4_custom_cleanup,True,select,13,13,0
public_v1,O2,p01970,bundle_post_opt_4_custom_cleanup,True,sext,22,22,0
public_v1,O2,p01970,bundle_post_opt_4_custom_cleanup,True,shl,13,13,0
public_v1,O2,p01970,bundle_post_opt_4_custom_cleanup,True,store,13,13,0
public_v1,O2,p01970,bundle_post_opt_4_custom_cleanup,True,switch,2,2,0
public_v1,O2,p01970,bundle_post_opt_4_custom_cleanup,True,trunc,4,4,0
public_v1,O2,p01970,bundle_post_opt_4_custom_cleanup,True,xor,8,8,0
public_v1,O2,p01970,bundle_post_opt_4_custom_cleanup,True,zext,4,4,0
public_v1,O2,p02029,main_default_opt_1,True,add,372,239,-133
public_v1,O2,p02029,main_default_opt_1,True,alloca,3,1,-2
public_v1,O2,p02029,main_default_opt_1,True,and,157,116,-41
public_v1,O2,p02029,main_default_opt_1,True,ashr,4,4,0
public_v1,O2,p02029,main_default_opt_1,True,br,119,113,-6
public_v1,O2,p02029,main_default_opt_1,True,call,39,24,-15
public_v1,O2,p02029,main_default_opt_1,True,extractvalue,174,93,-81
public_v1,O2,p02029,main_default_opt_1,True,getelementptr,488,244,-244
public_v1,O2,p02029,main_default_opt_1,True,icmp,243,203,-40
public_v1,O2,p02029,main_default_opt_1,True,insertvalue,90,25,-65
public_v1,O2,p02029,main_default_opt_1,True,inttoptr,66,66,0
public_v1,O2,p02029,main_default_opt_1,True,load,304,282,-22
public_v1,O2,p02029,main_default_opt_1,True,lshr,40,4,-36
public_v1,O2,p02029,main_default_opt_1,True,mul,34,34,0
public_v1,O2,p02029,main_default_opt_1,True,or,92,90,-2
public_v1,O2,p02029,main_default_opt_1,True,phi,46,57,11
public_v1,O2,p02029,main_default_opt_1,True,ptrtoint,10,8,-2
public_v1,O2,p02029,main_default_opt_1,True,ret,8,6,-2
public_v1,O2,p02029,main_default_opt_1,True,select,156,156,0
public_v1,O2,p02029,main_default_opt_1,True,sext,51,43,-8
public_v1,O2,p02029,main_default_opt_1,True,shl,45,42,-3
public_v1,O2,p02029,main_default_opt_1,True,store,304,285,-19
public_v1,O2,p02029,main_default_opt_1,True,sub,133,24,-109
public_v1,O2,p02029,main_default_opt_1,True,switch,8,3,-5
public_v1,O2,p02029,main_default_opt_1,True,trunc,76,29,-47
public_v1,O2,p02029,main_default_opt_1,True,xor,97,55,-42
public_v1,O2,p02029,main_default_opt_1,True,zext,220,157,-63
public_v1,O2,p02029,main_default_opt_2,True,add,215,210,-5
public_v1,O2,p02029,main_default_opt_2,True,alloca,1,1,0
public_v1,O2,p02029,main_default_opt_2,True,and,75,50,-25
public_v1,O2,p02029,main_default_opt_2,True,ashr,4,4,0
public_v1,O2,p02029,main_default_opt_2,True,br,113,113,0
public_v1,O2,p02029,main_default_opt_2,True,call,23,23,0
public_v1,O2,p02029,main_default_opt_2,True,extractvalue,85,85,0
public_v1,O2,p02029,main_default_opt_2,True,getelementptr,244,246,2
public_v1,O2,p02029,main_default_opt_2,True,icmp,186,186,0
public_v1,O2,p02029,main_default_opt_2,True,insertvalue,25,21,-4
public_v1,O2,p02029,main_default_opt_2,True,inttoptr,66,66,0
public_v1,O2,p02029,main_default_opt_2,True,load,230,228,-2
public_v1,O2,p02029,main_default_opt_2,True,lshr,4,4,0
public_v1,O2,p02029,main_default_opt_2,True,mul,10,10,0
public_v1,O2,p02029,main_default_opt_2,True,or,61,37,-24
public_v1,O2,p02029,main_default_opt_2,True,phi,49,46,-3
public_v1,O2,p02029,main_default_opt_2,True,ptrtoint,6,6,0
public_v1,O2,p02029,main_default_opt_2,True,ret,6,6,0
public_v1,O2,p02029,main_default_opt_2,True,select,156,156,0
public_v1,O2,p02029,main_default_opt_2,True,sext,43,42,-1
public_v1,O2,p02029,main_default_opt_2,True,shl,42,42,0
public_v1,O2,p02029,main_default_opt_2,True,store,257,256,-1
public_v1,O2,p02029,main_default_opt_2,True,sub,24,24,0
public_v1,O2,p02029,main_default_opt_2,True,switch,3,3,0
public_v1,O2,p02029,main_default_opt_2,True,trunc,31,29,-2
public_v1,O2,p02029,main_default_opt_2,True,xor,29,31,2
public_v1,O2,p02029,main_default_opt_2,True,zext,82,78,-4
public_v1,O2,p02029,bundle_default_opt_3,True,add,73,47,-26
public_v1,O2,p02029,bundle_default_opt_3,True,alloca,1,1,0
public_v1,O2,p02029,bundle_default_opt_3,True,and,50,36,-14
public_v1,O2,p02029,bundle_default_opt_3,True,ashr,4,4,0
public_v1,O2,p02029,bundle_default_opt_3,True,br,113,114,1
public_v1,O2,p02029,bundle_default_opt_3,True,call,89,92,3
public_v1,O2,p02029,bundle_default_opt_3,True,extractvalue,69,69,0
public_v1,O2,p02029,bundle_default_opt_3,True,getelementptr,150,139,-11
public_v1,O2,p02029,bundle_default_opt_3,True,icmp,56,53,-3
public_v1,O2,p02029,bundle_default_opt_3,True,insertvalue,21,18,-3
public_v1,O2,p02029,bundle_default_opt_3,True,inttoptr,1,1,0
public_v1,O2,p02029,bundle_default_opt_3,True,load,226,217,-9
public_v1,O2,p02029,bundle_default_opt_3,True,lshr,4,4,0
public_v1,O2,p02029,bundle_default_opt_3,True,mul,10,5,-5
public_v1,O2,p02029,bundle_default_opt_3,True,or,37,23,-14
public_v1,O2,p02029,bundle_default_opt_3,True,phi,46,47,1
public_v1,O2,p02029,bundle_default_opt_3,True,ptrtoint,40,5,-35
public_v1,O2,p02029,bundle_default_opt_3,True,ret,7,7,0
public_v1,O2,p02029,bundle_default_opt_3,True,select,26,26,0
public_v1,O2,p02029,bundle_default_opt_3,True,sext,42,43,1
public_v1,O2,p02029,bundle_default_opt_3,True,shl,42,43,1
public_v1,O2,p02029,bundle_default_opt_3,True,store,256,245,-11
public_v1,O2,p02029,bundle_default_opt_3,True,sub,24,16,-8
public_v1,O2,p02029,bundle_default_opt_3,True,switch,3,3,0
public_v1,O2,p02029,bundle_default_opt_3,True,trunc,29,29,0
public_v1,O2,p02029,bundle_default_opt_3,True,xor,31,25,-6
public_v1,O2,p02029,bundle_default_opt_3,True,zext,78,62,-16
public_v1,O2,p02029,bundle_default_opt_4,True,add,47,47,0
public_v1,O2,p02029,bundle_default_opt_4,True,alloca,1,1,0
public_v1,O2,p02029,bundle_default_opt_4,True,and,36,36,0
public_v1,O2,p02029,bundle_default_opt_4,True,ashr,4,4,0
public_v1,O2,p02029,bundle_default_opt_4,True,br,114,114,0
public_v1,O2,p02029,bundle_default_opt_4,True,call,92,92,0
public_v1,O2,p02029,bundle_default_opt_4,True,extractvalue,69,69,0
public_v1,O2,p02029,bundle_default_opt_4,True,getelementptr,139,120,-19
public_v1,O2,p02029,bundle_default_opt_4,True,icmp,53,53,0
public_v1,O2,p02029,bundle_default_opt_4,True,insertvalue,18,18,0
public_v1,O2,p02029,bundle_default_opt_4,True,inttoptr,1,1,0
public_v1,O2,p02029,bundle_default_opt_4,True,load,217,217,0
public_v1,O2,p02029,bundle_default_opt_4,True,lshr,4,4,0
public_v1,O2,p02029,bundle_default_opt_4,True,mul,5,5,0
public_v1,O2,p02029,bundle_default_opt_4,True,or,23,23,0
public_v1,O2,p02029,bundle_default_opt_4,True,phi,47,47,0
public_v1,O2,p02029,bundle_default_opt_4,True,ptrtoint,5,5,0
public_v1,O2,p02029,bundle_default_opt_4,True,ret,7,7,0
public_v1,O2,p02029,bundle_default_opt_4,True,select,26,26,0
public_v1,O2,p02029,bundle_default_opt_4,True,sext,43,43,0
public_v1,O2,p02029,bundle_default_opt_4,True,shl,43,43,0
public_v1,O2,p02029,bundle_default_opt_4,True,store,245,245,0
public_v1,O2,p02029,bundle_default_opt_4,True,sub,16,16,0
public_v1,O2,p02029,bundle_default_opt_4,True,switch,3,3,0
public_v1,O2,p02029,bundle_default_opt_4,True,trunc,29,29,0
public_v1,O2,p02029,bundle_default_opt_4,True,xor,25,25,0
public_v1,O2,p02029,bundle_default_opt_4,True,zext,62,62,0
public_v1,O2,p02029,bundle_post_opt_4_custom_cleanup,True,add,47,47,0
public_v1,O2,p02029,bundle_post_opt_4_custom_cleanup,True,alloca,1,1,0
public_v1,O2,p02029,bundle_post_opt_4_custom_cleanup,True,and,36,36,0
public_v1,O2,p02029,bundle_post_opt_4_custom_cleanup,True,ashr,4,4,0
public_v1,O2,p02029,bundle_post_opt_4_custom_cleanup,True,br,114,114,0
public_v1,O2,p02029,bundle_post_opt_4_custom_cleanup,True,call,92,92,0
public_v1,O2,p02029,bundle_post_opt_4_custom_cleanup,True,extractvalue,69,69,0
public_v1,O2,p02029,bundle_post_opt_4_custom_cleanup,True,getelementptr,120,120,0
public_v1,O2,p02029,bundle_post_opt_4_custom_cleanup,True,icmp,53,53,0
public_v1,O2,p02029,bundle_post_opt_4_custom_cleanup,True,insertvalue,18,18,0
public_v1,O2,p02029,bundle_post_opt_4_custom_cleanup,True,inttoptr,1,1,0
public_v1,O2,p02029,bundle_post_opt_4_custom_cleanup,True,load,217,217,0
public_v1,O2,p02029,bundle_post_opt_4_custom_cleanup,True,lshr,4,4,0
public_v1,O2,p02029,bundle_post_opt_4_custom_cleanup,True,mul,5,5,0
public_v1,O2,p02029,bundle_post_opt_4_custom_cleanup,True,or,23,23,0
public_v1,O2,p02029,bundle_post_opt_4_custom_cleanup,True,phi,47,47,0
public_v1,O2,p02029,bundle_post_opt_4_custom_cleanup,True,ptrtoint,5,5,0
public_v1,O2,p02029,bundle_post_opt_4_custom_cleanup,True,ret,7,7,0
public_v1,O2,p02029,bundle_post_opt_4_custom_cleanup,True,select,26,26,0
public_v1,O2,p02029,bundle_post_opt_4_custom_cleanup,True,sext,43,43,0
public_v1,O2,p02029,bundle_post_opt_4_custom_cleanup,True,shl,43,43,0
public_v1,O2,p02029,bundle_post_opt_4_custom_cleanup,True,store,245,245,0
public_v1,O2,p02029,bundle_post_opt_4_custom_cleanup,True,sub,16,16,0
public_v1,O2,p02029,bundle_post_opt_4_custom_cleanup,True,switch,3,3,0
public_v1,O2,p02029,bundle_post_opt_4_custom_cleanup,True,trunc,29,29,0
public_v1,O2,p02029,bundle_post_opt_4_custom_cleanup,True,xor,25,25,0
public_v1,O2,p02029,bundle_post_opt_4_custom_cleanup,True,zext,62,62,0
public_v1,O2,p02100,main_default_opt_1,True,add,115,70,-45
public_v1,O2,p02100,main_default_opt_1,True,alloca,5,1,-4
public_v1,O2,p02100,main_default_opt_1,True,and,46,25,-21
public_v1,O2,p02100,main_default_opt_1,True,br,40,38,-2
public_v1,O2,p02100,main_default_opt_1,True,call,20,7,-13
public_v1,O2,p02100,main_default_opt_1,True,extractvalue,30,10,-20
public_v1,O2,p02100,main_default_opt_1,True,getelementptr,167,88,-79
public_v1,O2,p02100,main_default_opt_1,True,icmp,79,63,-16
public_v1,O2,p02100,main_default_opt_1,True,insertvalue,53,6,-47
public_v1,O2,p02100,main_default_opt_1,True,inttoptr,20,17,-3
public_v1,O2,p02100,main_default_opt_1,True,load,105,69,-36
public_v1,O2,p02100,main_default_opt_1,True,lshr,13,3,-10
public_v1,O2,p02100,main_default_opt_1,True,mul,13,12,-1
public_v1,O2,p02100,main_default_opt_1,True,or,25,19,-6
public_v1,O2,p02100,main_default_opt_1,True,phi,30,32,2
public_v1,O2,p02100,main_default_opt_1,True,ptrtoint,7,5,-2
public_v1,O2,p02100,main_default_opt_1,True,ret,5,3,-2
public_v1,O2,p02100,main_default_opt_1,True,select,51,46,-5
public_v1,O2,p02100,main_default_opt_1,True,sext,12,9,-3
public_v1,O2,p02100,main_default_opt_1,True,shl,2,2,0
public_v1,O2,p02100,main_default_opt_1,True,store,178,107,-71
public_v1,O2,p02100,main_default_opt_1,True,sub,44,4,-40
public_v1,O2,p02100,main_default_opt_1,True,switch,2,1,-1
public_v1,O2,p02100,main_default_opt_1,True,trunc,19,5,-14
public_v1,O2,p02100,main_default_opt_1,True,xor,30,17,-13
public_v1,O2,p02100,main_default_opt_1,True,zext,57,33,-24
public_v1,O2,p02100,main_default_opt_2,True,add,60,59,-1
public_v1,O2,p02100,main_default_opt_2,True,alloca,1,1,0
public_v1,O2,p02100,main_default_opt_2,True,and,38,4,-34
public_v1,O2,p02100,main_default_opt_2,True,br,38,34,-4
public_v1,O2,p02100,main_default_opt_2,True,call,5,4,-1
public_v1,O2,p02100,main_default_opt_2,True,extractvalue,7,4,-3
public_v1,O2,p02100,main_default_opt_2,True,getelementptr,95,90,-5
public_v1,O2,p02100,main_default_opt_2,True,icmp,72,52,-20
public_v1,O2,p02100,main_default_opt_2,True,insertvalue,6,4,-2
public_v1,O2,p02100,main_default_opt_2,True,inttoptr,16,16,0
public_v1,O2,p02100,main_default_opt_2,True,load,45,42,-3
public_v1,O2,p02100,main_default_opt_2,True,lshr,1,1,0
public_v1,O2,p02100,main_default_opt_2,True,mul,6,6,0
public_v1,O2,p02100,main_default_opt_2,True,or,27,2,-25
public_v1,O2,p02100,main_default_opt_2,True,phi,23,21,-2
public_v1,O2,p02100,main_default_opt_2,True,ptrtoint,3,2,-1
public_v1,O2,p02100,main_default_opt_2,True,ret,3,3,0
public_v1,O2,p02100,main_default_opt_2,True,select,54,54,0
public_v1,O2,p02100,main_default_opt_2,True,sext,8,7,-1
public_v1,O2,p02100,main_default_opt_2,True,shl,2,2,0
public_v1,O2,p02100,main_default_opt_2,True,store,82,79,-3
public_v1,O2,p02100,main_default_opt_2,True,sub,15,4,-11
public_v1,O2,p02100,main_default_opt_2,True,switch,1,1,0
public_v1,O2,p02100,main_default_opt_2,True,trunc,4,2,-2
public_v1,O2,p02100,main_default_opt_2,True,xor,6,5,-1
public_v1,O2,p02100,main_default_opt_2,True,zext,8,7,-1
public_v1,O2,p02100,bundle_default_opt_3,True,add,30,31,1
public_v1,O2,p02100,bundle_default_opt_3,True,alloca,1,1,0
public_v1,O2,p02100,bundle_default_opt_3,True,and,4,3,-1
public_v1,O2,p02100,bundle_default_opt_3,True,br,34,35,1
public_v1,O2,p02100,bundle_default_opt_3,True,call,21,19,-2
public_v1,O2,p02100,bundle_default_opt_3,True,extractvalue,3,0,-3
public_v1,O2,p02100,bundle_default_opt_3,True,getelementptr,57,52,-5
public_v1,O2,p02100,bundle_default_opt_3,True,icmp,26,27,1
public_v1,O2,p02100,bundle_default_opt_3,True,insertvalue,4,0,-4
public_v1,O2,p02100,bundle_default_opt_3,True,inttoptr,3,4,1
public_v1,O2,p02100,bundle_default_opt_3,True,load,42,39,-3
public_v1,O2,p02100,bundle_default_opt_3,True,lshr,1,1,0
public_v1,O2,p02100,bundle_default_opt_3,True,mul,6,5,-1
public_v1,O2,p02100,bundle_default_opt_3,True,or,2,2,0
public_v1,O2,p02100,bundle_default_opt_3,True,phi,20,14,-6
public_v1,O2,p02100,bundle_default_opt_3,True,ptrtoint,5,2,-3
public_v1,O2,p02100,bundle_default_opt_3,True,ret,4,3,-1
public_v1,O2,p02100,bundle_default_opt_3,True,select,18,20,2
public_v1,O2,p02100,bundle_default_opt_3,True,sext,7,7,0
public_v1,O2,p02100,bundle_default_opt_3,True,shl,2,2,0
public_v1,O2,p02100,bundle_default_opt_3,True,store,79,77,-2
public_v1,O2,p02100,bundle_default_opt_3,True,sub,4,4,0
public_v1,O2,p02100,bundle_default_opt_3,True,switch,1,1,0
public_v1,O2,p02100,bundle_default_opt_3,True,trunc,2,1,-1
public_v1,O2,p02100,bundle_default_opt_3,True,xor,5,3,-2
public_v1,O2,p02100,bundle_default_opt_3,True,zext,7,6,-1
public_v1,O2,p02100,bundle_default_opt_4,True,add,31,31,0
public_v1,O2,p02100,bundle_default_opt_4,True,alloca,1,1,0
public_v1,O2,p02100,bundle_default_opt_4,True,and,3,3,0
public_v1,O2,p02100,bundle_default_opt_4,True,br,35,35,0
public_v1,O2,p02100,bundle_default_opt_4,True,call,19,19,0
public_v1,O2,p02100,bundle_default_opt_4,True,getelementptr,52,52,0
public_v1,O2,p02100,bundle_default_opt_4,True,icmp,27,27,0
public_v1,O2,p02100,bundle_default_opt_4,True,inttoptr,4,4,0
public_v1,O2,p02100,bundle_default_opt_4,True,load,39,39,0
public_v1,O2,p02100,bundle_default_opt_4,True,lshr,1,1,0
public_v1,O2,p02100,bundle_default_opt_4,True,mul,5,5,0
public_v1,O2,p02100,bundle_default_opt_4,True,or,2,2,0
public_v1,O2,p02100,bundle_default_opt_4,True,phi,14,14,0
public_v1,O2,p02100,bundle_default_opt_4,True,ptrtoint,2,2,0
public_v1,O2,p02100,bundle_default_opt_4,True,ret,3,3,0
public_v1,O2,p02100,bundle_default_opt_4,True,select,20,20,0
public_v1,O2,p02100,bundle_default_opt_4,True,sext,7,7,0
public_v1,O2,p02100,bundle_default_opt_4,True,shl,2,2,0
public_v1,O2,p02100,bundle_default_opt_4,True,store,77,77,0
public_v1,O2,p02100,bundle_default_opt_4,True,sub,4,4,0
public_v1,O2,p02100,bundle_default_opt_4,True,switch,1,1,0
public_v1,O2,p02100,bundle_default_opt_4,True,trunc,1,1,0
public_v1,O2,p02100,bundle_default_opt_4,True,xor,3,3,0
public_v1,O2,p02100,bundle_default_opt_4,True,zext,6,6,0
public_v1,O2,p02100,bundle_post_opt_4_custom_cleanup,True,add,31,25,-6
public_v1,O2,p02100,bundle_post_opt_4_custom_cleanup,True,alloca,1,1,0
public_v1,O2,p02100,bundle_post_opt_4_custom_cleanup,True,and,3,3,0
public_v1,O2,p02100,bundle_post_opt_4_custom_cleanup,True,br,35,35,0
public_v1,O2,p02100,bundle_post_opt_4_custom_cleanup,True,call,19,15,-4
public_v1,O2,p02100,bundle_post_opt_4_custom_cleanup,True,getelementptr,52,42,-10
public_v1,O2,p02100,bundle_post_opt_4_custom_cleanup,True,icmp,27,21,-6
public_v1,O2,p02100,bundle_post_opt_4_custom_cleanup,True,inttoptr,4,2,-2
public_v1,O2,p02100,bundle_post_opt_4_custom_cleanup,True,load,39,28,-11
public_v1,O2,p02100,bundle_post_opt_4_custom_cleanup,True,lshr,1,1,0
public_v1,O2,p02100,bundle_post_opt_4_custom_cleanup,True,mul,5,5,0
public_v1,O2,p02100,bundle_post_opt_4_custom_cleanup,True,or,2,2,0
public_v1,O2,p02100,bundle_post_opt_4_custom_cleanup,True,phi,14,13,-1
public_v1,O2,p02100,bundle_post_opt_4_custom_cleanup,True,ptrtoint,2,2,0
public_v1,O2,p02100,bundle_post_opt_4_custom_cleanup,True,ret,3,4,1
public_v1,O2,p02100,bundle_post_opt_4_custom_cleanup,True,select,20,14,-6
public_v1,O2,p02100,bundle_post_opt_4_custom_cleanup,True,sext,7,7,0
public_v1,O2,p02100,bundle_post_opt_4_custom_cleanup,True,shl,2,2,0
public_v1,O2,p02100,bundle_post_opt_4_custom_cleanup,True,store,77,72,-5
public_v1,O2,p02100,bundle_post_opt_4_custom_cleanup,True,sub,4,4,0
public_v1,O2,p02100,bundle_post_opt_4_custom_cleanup,True,switch,1,1,0
public_v1,O2,p02100,bundle_post_opt_4_custom_cleanup,True,trunc,1,1,0
public_v1,O2,p02100,bundle_post_opt_4_custom_cleanup,True,xor,3,3,0
public_v1,O2,p02100,bundle_post_opt_4_custom_cleanup,True,zext,6,6,0
public_v1,O2,p02289,main_default_opt_1,True,add,585,428,-157
public_v1,O2,p02289,main_default_opt_1,True,alloca,11,1,-10
public_v1,O2,p02289,main_default_opt_1,True,and,293,249,-44
public_v1,O2,p02289,main_default_opt_1,True,br,222,198,-24
public_v1,O2,p02289,main_default_opt_1,True,call,59,29,-30
public_v1,O2,p02289,main_default_opt_1,True,extractvalue,125,80,-45
public_v1,O2,p02289,main_default_opt_1,True,getelementptr,771,370,-401
public_v1,O2,p02289,main_default_opt_1,True,icmp,434,357,-77
public_v1,O2,p02289,main_default_opt_1,True,insertvalue,135,27,-108
public_v1,O2,p02289,main_default_opt_1,True,inttoptr,128,123,-5
public_v1,O2,p02289,main_default_opt_1,True,load,422,394,-28
public_v1,O2,p02289,main_default_opt_1,True,lshr,43,2,-41
public_v1,O2,p02289,main_default_opt_1,True,mul,68,67,-1
public_v1,O2,p02289,main_default_opt_1,True,or,213,206,-7
public_v1,O2,p02289,main_default_opt_1,True,phi,121,124,3
public_v1,O2,p02289,main_default_opt_1,True,ptrtoint,19,12,-7
public_v1,O2,p02289,main_default_opt_1,True,ret,10,6,-4
public_v1,O2,p02289,main_default_opt_1,True,sdiv,1,1,0
public_v1,O2,p02289,main_default_opt_1,True,select,279,274,-5
public_v1,O2,p02289,main_default_opt_1,True,sext,4,3,-1
public_v1,O2,p02289,main_default_opt_1,True,shl,3,3,0
public_v1,O2,p02289,main_default_opt_1,True,srem,1,0,-1
public_v1,O2,p02289,main_default_opt_1,True,store,465,339,-126
public_v1,O2,p02289,main_default_opt_1,True,sub,136,30,-106
public_v1,O2,p02289,main_default_opt_1,True,switch,20,7,-13
public_v1,O2,p02289,main_default_opt_1,True,trunc,78,26,-52
public_v1,O2,p02289,main_default_opt_1,True,xor,174,132,-42
public_v1,O2,p02289,main_default_opt_1,True,zext,333,252,-81
public_v1,O2,p02289,main_default_opt_2,True,add,368,358,-10
public_v1,O2,p02289,main_default_opt_2,True,alloca,2,2,0
public_v1,O2,p02289,main_default_opt_2,True,and,122,92,-30
public_v1,O2,p02289,main_default_opt_2,True,br,197,196,-1
public_v1,O2,p02289,main_default_opt_2,True,call,29,26,-3
public_v1,O2,p02289,main_default_opt_2,True,extractvalue,46,46,0
public_v1,O2,p02289,main_default_opt_2,True,getelementptr,362,354,-8
public_v1,O2,p02289,main_default_opt_2,True,icmp,301,302,1
public_v1,O2,p02289,main_default_opt_2,True,insertvalue,27,18,-9
public_v1,O2,p02289,main_default_opt_2,True,inttoptr,113,113,0
public_v1,O2,p02289,main_default_opt_2,True,load,299,301,2
public_v1,O2,p02289,main_default_opt_2,True,mul,28,27,-1
public_v1,O2,p02289,main_default_opt_2,True,or,94,60,-34
public_v1,O2,p02289,main_default_opt_2,True,phi,94,75,-19
public_v1,O2,p02289,main_default_opt_2,True,ptrtoint,7,7,0
public_v1,O2,p02289,main_default_opt_2,True,ret,6,6,0
public_v1,O2,p02289,main_default_opt_2,True,sdiv,1,1,0
public_v1,O2,p02289,main_default_opt_2,True,select,258,258,0
public_v1,O2,p02289,main_default_opt_2,True,sext,3,3,0
public_v1,O2,p02289,main_default_opt_2,True,shl,3,3,0
public_v1,O2,p02289,main_default_opt_2,True,store,315,310,-5
public_v1,O2,p02289,main_default_opt_2,True,sub,29,29,0
public_v1,O2,p02289,main_default_opt_2,True,switch,7,7,0
public_v1,O2,p02289,main_default_opt_2,True,trunc,25,23,-2
public_v1,O2,p02289,main_default_opt_2,True,xor,57,63,6
public_v1,O2,p02289,main_default_opt_2,True,zext,106,97,-9
public_v1,O2,p02289,bundle_default_opt_3,True,add,123,99,-24
public_v1,O2,p02289,bundle_default_opt_3,True,alloca,2,2,0
public_v1,O2,p02289,bundle_default_opt_3,True,and,92,76,-16
public_v1,O2,p02289,bundle_default_opt_3,True,br,196,199,3
public_v1,O2,p02289,bundle_default_opt_3,True,call,138,137,-1
public_v1,O2,p02289,bundle_default_opt_3,True,extractvalue,34,21,-13
public_v1,O2,p02289,bundle_default_opt_3,True,getelementptr,148,153,5
public_v1,O2,p02289,bundle_default_opt_3,True,icmp,78,81,3
public_v1,O2,p02289,bundle_default_opt_3,True,insertvalue,18,9,-9
public_v1,O2,p02289,bundle_default_opt_3,True,inttoptr,1,1,0
public_v1,O2,p02289,bundle_default_opt_3,True,load,284,282,-2
public_v1,O2,p02289,bundle_default_opt_3,True,mul,27,24,-3
public_v1,O2,p02289,bundle_default_opt_3,True,or,60,43,-17
public_v1,O2,p02289,bundle_default_opt_3,True,phi,75,72,-3
public_v1,O2,p02289,bundle_default_opt_3,True,ptrtoint,35,5,-30
public_v1,O2,p02289,bundle_default_opt_3,True,ret,7,6,-1
public_v1,O2,p02289,bundle_default_opt_3,True,sdiv,1,3,2
public_v1,O2,p02289,bundle_default_opt_3,True,select,34,34,0
public_v1,O2,p02289,bundle_default_opt_3,True,sext,3,5,2
public_v1,O2,p02289,bundle_default_opt_3,True,shl,3,5,2
public_v1,O2,p02289,bundle_default_opt_3,True,store,310,317,7
public_v1,O2,p02289,bundle_default_opt_3,True,sub,29,22,-7
public_v1,O2,p02289,bundle_default_opt_3,True,switch,7,7,0
public_v1,O2,p02289,bundle_default_opt_3,True,trunc,23,22,-1
public_v1,O2,p02289,bundle_default_opt_3,True,xor,63,61,-2
public_v1,O2,p02289,bundle_default_opt_3,True,zext,97,80,-17
public_v1,O2,p02289,bundle_default_opt_4,True,add,99,86,-13
public_v1,O2,p02289,bundle_default_opt_4,True,alloca,2,2,0
public_v1,O2,p02289,bundle_default_opt_4,True,and,76,47,-29
public_v1,O2,p02289,bundle_default_opt_4,True,br,199,199,0
public_v1,O2,p02289,bundle_default_opt_4,True,call,137,137,0
public_v1,O2,p02289,bundle_default_opt_4,True,extractvalue,21,21,0
public_v1,O2,p02289,bundle_default_opt_4,True,getelementptr,153,129,-24
public_v1,O2,p02289,bundle_default_opt_4,True,icmp,81,78,-3
public_v1,O2,p02289,bundle_default_opt_4,True,insertvalue,9,9,0
public_v1,O2,p02289,bundle_default_opt_4,True,inttoptr,1,1,0
public_v1,O2,p02289,bundle_default_opt_4,True,load,282,274,-8
public_v1,O2,p02289,bundle_default_opt_4,True,mul,24,19,-5
public_v1,O2,p02289,bundle_default_opt_4,True,or,43,12,-31
public_v1,O2,p02289,bundle_default_opt_4,True,phi,72,68,-4
public_v1,O2,p02289,bundle_default_opt_4,True,ptrtoint,5,5,0
public_v1,O2,p02289,bundle_default_opt_4,True,ret,6,6,0
public_v1,O2,p02289,bundle_default_opt_4,True,sdiv,3,3,0
public_v1,O2,p02289,bundle_default_opt_4,True,select,34,34,0
public_v1,O2,p02289,bundle_default_opt_4,True,sext,5,5,0
public_v1,O2,p02289,bundle_default_opt_4,True,shl,5,5,0
public_v1,O2,p02289,bundle_default_opt_4,True,store,317,317,0
public_v1,O2,p02289,bundle_default_opt_4,True,sub,22,18,-4
public_v1,O2,p02289,bundle_default_opt_4,True,switch,7,7,0
public_v1,O2,p02289,bundle_default_opt_4,True,trunc,22,22,0
public_v1,O2,p02289,bundle_default_opt_4,True,xor,61,53,-8
public_v1,O2,p02289,bundle_default_opt_4,True,zext,80,54,-26
public_v1,O2,p02289,bundle_post_opt_4_custom_cleanup,True,add,86,85,-1
public_v1,O2,p02289,bundle_post_opt_4_custom_cleanup,True,alloca,2,2,0
public_v1,O2,p02289,bundle_post_opt_4_custom_cleanup,True,and,47,47,0
public_v1,O2,p02289,bundle_post_opt_4_custom_cleanup,True,br,199,199,0
public_v1,O2,p02289,bundle_post_opt_4_custom_cleanup,True,call,137,136,-1
public_v1,O2,p02289,bundle_post_opt_4_custom_cleanup,True,extractvalue,21,21,0
public_v1,O2,p02289,bundle_post_opt_4_custom_cleanup,True,getelementptr,129,130,1
public_v1,O2,p02289,bundle_post_opt_4_custom_cleanup,True,icmp,78,78,0
public_v1,O2,p02289,bundle_post_opt_4_custom_cleanup,True,insertvalue,9,9,0
public_v1,O2,p02289,bundle_post_opt_4_custom_cleanup,True,inttoptr,1,1,0
public_v1,O2,p02289,bundle_post_opt_4_custom_cleanup,True,load,274,268,-6
public_v1,O2,p02289,bundle_post_opt_4_custom_cleanup,True,mul,19,19,0
public_v1,O2,p02289,bundle_post_opt_4_custom_cleanup,True,or,12,12,0
public_v1,O2,p02289,bundle_post_opt_4_custom_cleanup,True,phi,68,75,7
public_v1,O2,p02289,bundle_post_opt_4_custom_cleanup,True,ptrtoint,5,5,0
public_v1,O2,p02289,bundle_post_opt_4_custom_cleanup,True,ret,6,6,0
public_v1,O2,p02289,bundle_post_opt_4_custom_cleanup,True,sdiv,3,3,0
public_v1,O2,p02289,bundle_post_opt_4_custom_cleanup,True,select,34,34,0
public_v1,O2,p02289,bundle_post_opt_4_custom_cleanup,True,sext,5,5,0
public_v1,O2,p02289,bundle_post_opt_4_custom_cleanup,True,shl,5,5,0
public_v1,O2,p02289,bundle_post_opt_4_custom_cleanup,True,store,317,317,0
public_v1,O2,p02289,bundle_post_opt_4_custom_cleanup,True,sub,18,18,0
public_v1,O2,p02289,bundle_post_opt_4_custom_cleanup,True,switch,7,7,0
public_v1,O2,p02289,bundle_post_opt_4_custom_cleanup,True,trunc,22,22,0
public_v1,O2,p02289,bundle_post_opt_4_custom_cleanup,True,xor,53,53,0
public_v1,O2,p02289,bundle_post_opt_4_custom_cleanup,True,zext,54,54,0
public_v1,O2,p02474,main_default_opt_1,True,add,54,21,-33
public_v1,O2,p02474,main_default_opt_1,True,alloca,5,1,-4
public_v1,O2,p02474,main_default_opt_1,True,and,12,7,-5
public_v1,O2,p02474,main_default_opt_1,True,br,27,26,-1
public_v1,O2,p02474,main_default_opt_1,True,call,17,8,-9
public_v1,O2,p02474,main_default_opt_1,True,extractvalue,13,0,-13
public_v1,O2,p02474,main_default_opt_1,True,getelementptr,83,39,-44
public_v1,O2,p02474,main_default_opt_1,True,icmp,28,19,-9
public_v1,O2,p02474,main_default_opt_1,True,insertvalue,23,0,-23
public_v1,O2,p02474,main_default_opt_1,True,inttoptr,2,0,-2
public_v1,O2,p02474,main_default_opt_1,True,load,81,29,-52
public_v1,O2,p02474,main_default_opt_1,True,lshr,2,2,0
public_v1,O2,p02474,main_default_opt_1,True,mul,3,2,-1
public_v1,O2,p02474,main_default_opt_1,True,or,7,5,-2
public_v1,O2,p02474,main_default_opt_1,True,phi,5,15,10
public_v1,O2,p02474,main_default_opt_1,True,ptrtoint,5,4,-1
public_v1,O2,p02474,main_default_opt_1,True,ret,3,2,-1
public_v1,O2,p02474,main_default_opt_1,True,sdiv,1,1,0
public_v1,O2,p02474,main_default_opt_1,True,select,17,4,-13
public_v1,O2,p02474,main_default_opt_1,True,sext,18,7,-11
public_v1,O2,p02474,main_default_opt_1,True,shl,9,8,-1
public_v1,O2,p02474,main_default_opt_1,True,srem,1,1,0
public_v1,O2,p02474,main_default_opt_1,True,store,177,71,-106
public_v1,O2,p02474,main_default_opt_1,True,sub,25,0,-25
public_v1,O2,p02474,main_default_opt_1,True,trunc,8,8,0
public_v1,O2,p02474,main_default_opt_1,True,xor,11,9,-2
public_v1,O2,p02474,main_default_opt_1,True,zext,22,15,-7
public_v1,O2,p02474,main_default_opt_2,True,add,17,17,0
public_v1,O2,p02474,main_default_opt_2,True,alloca,1,0,-1
public_v1,O2,p02474,main_default_opt_2,True,and,9,2,-7
public_v1,O2,p02474,main_default_opt_2,True,ashr,0,2,2
public_v1,O2,p02474,main_default_opt_2,True,br,26,19,-7
public_v1,O2,p02474,main_default_opt_2,True,call,6,6,0
public_v1,O2,p02474,main_default_opt_2,True,getelementptr,38,15,-23
public_v1,O2,p02474,main_default_opt_2,True,icmp,15,15,0
public_v1,O2,p02474,main_default_opt_2,True,load,16,13,-3
public_v1,O2,p02474,main_default_opt_2,True,mul,1,1,0
public_v1,O2,p02474,main_default_opt_2,True,or,8,0,-8
public_v1,O2,p02474,main_default_opt_2,True,phi,14,12,-2
public_v1,O2,p02474,main_default_opt_2,True,ret,2,2,0
public_v1,O2,p02474,main_default_opt_2,True,sdiv,1,1,0
public_v1,O2,p02474,main_default_opt_2,True,select,4,3,-1
public_v1,O2,p02474,main_default_opt_2,True,sext,7,5,-2
public_v1,O2,p02474,main_default_opt_2,True,shl,8,10,2
public_v1,O2,p02474,main_default_opt_2,True,srem,1,1,0
public_v1,O2,p02474,main_default_opt_2,True,store,43,5,-38
public_v1,O2,p02474,main_default_opt_2,True,trunc,5,6,1
public_v1,O2,p02474,main_default_opt_2,True,xor,3,3,0
public_v1,O2,p02474,main_default_opt_2,True,zext,4,4,0
public_v1,O2,p02474,bundle_default_opt_3,True,add,17,17,0
public_v1,O2,p02474,bundle_default_opt_3,True,and,2,2,0
public_v1,O2,p02474,bundle_default_opt_3,True,ashr,2,2,0
public_v1,O2,p02474,bundle_default_opt_3,True,br,19,19,0
public_v1,O2,p02474,bundle_default_opt_3,True,call,6,6,0
public_v1,O2,p02474,bundle_default_opt_3,True,getelementptr,15,15,0
public_v1,O2,p02474,bundle_default_opt_3,True,icmp,15,15,0
public_v1,O2,p02474,bundle_default_opt_3,True,load,13,13,0
public_v1,O2,p02474,bundle_default_opt_3,True,mul,1,1,0
public_v1,O2,p02474,bundle_default_opt_3,True,phi,12,12,0
public_v1,O2,p02474,bundle_default_opt_3,True,ret,2,2,0
public_v1,O2,p02474,bundle_default_opt_3,True,sdiv,1,1,0
public_v1,O2,p02474,bundle_default_opt_3,True,select,3,3,0
public_v1,O2,p02474,bundle_default_opt_3,True,sext,5,5,0
public_v1,O2,p02474,bundle_default_opt_3,True,shl,10,10,0
public_v1,O2,p02474,bundle_default_opt_3,True,srem,1,1,0
public_v1,O2,p02474,bundle_default_opt_3,True,store,5,5,0
public_v1,O2,p02474,bundle_default_opt_3,True,trunc,6,6,0
public_v1,O2,p02474,bundle_default_opt_3,True,xor,3,3,0
public_v1,O2,p02474,bundle_default_opt_3,True,zext,4,3,-1
public_v1,O2,p02474,bundle_default_opt_4,True,add,17,17,0
public_v1,O2,p02474,bundle_default_opt_4,True,and,2,2,0
public_v1,O2,p02474,bundle_default_opt_4,True,ashr,2,2,0
public_v1,O2,p02474,bundle_default_opt_4,True,br,19,19,0
public_v1,O2,p02474,bundle_default_opt_4,True,call,6,6,0
public_v1,O2,p02474,bundle_default_opt_4,True,getelementptr,15,15,0
public_v1,O2,p02474,bundle_default_opt_4,True,icmp,15,15,0
public_v1,O2,p02474,bundle_default_opt_4,True,load,13,13,0
public_v1,O2,p02474,bundle_default_opt_4,True,mul,1,1,0
public_v1,O2,p02474,bundle_default_opt_4,True,phi,12,12,0
public_v1,O2,p02474,bundle_default_opt_4,True,ret,2,2,0
public_v1,O2,p02474,bundle_default_opt_4,True,sdiv,1,1,0
public_v1,O2,p02474,bundle_default_opt_4,True,select,3,3,0
public_v1,O2,p02474,bundle_default_opt_4,True,sext,5,5,0
public_v1,O2,p02474,bundle_default_opt_4,True,shl,10,10,0
public_v1,O2,p02474,bundle_default_opt_4,True,srem,1,1,0
public_v1,O2,p02474,bundle_default_opt_4,True,store,5,5,0
public_v1,O2,p02474,bundle_default_opt_4,True,trunc,6,6,0
public_v1,O2,p02474,bundle_default_opt_4,True,xor,3,3,0
public_v1,O2,p02474,bundle_default_opt_4,True,zext,3,3,0
public_v1,O2,p02474,bundle_post_opt_4_custom_cleanup,True,add,17,17,0
public_v1,O2,p02474,bundle_post_opt_4_custom_cleanup,True,and,2,2,0
public_v1,O2,p02474,bundle_post_opt_4_custom_cleanup,True,ashr,2,2,0
public_v1,O2,p02474,bundle_post_opt_4_custom_cleanup,True,br,19,19,0
public_v1,O2,p02474,bundle_post_opt_4_custom_cleanup,True,call,6,6,0
public_v1,O2,p02474,bundle_post_opt_4_custom_cleanup,True,getelementptr,15,15,0
public_v1,O2,p02474,bundle_post_opt_4_custom_cleanup,True,icmp,15,15,0
public_v1,O2,p02474,bundle_post_opt_4_custom_cleanup,True,load,13,13,0
public_v1,O2,p02474,bundle_post_opt_4_custom_cleanup,True,mul,1,1,0
public_v1,O2,p02474,bundle_post_opt_4_custom_cleanup,True,phi,12,12,0
public_v1,O2,p02474,bundle_post_opt_4_custom_cleanup,True,ret,2,2,0
public_v1,O2,p02474,bundle_post_opt_4_custom_cleanup,True,sdiv,1,1,0
public_v1,O2,p02474,bundle_post_opt_4_custom_cleanup,True,select,3,3,0
public_v1,O2,p02474,bundle_post_opt_4_custom_cleanup,True,sext,5,5,0
public_v1,O2,p02474,bundle_post_opt_4_custom_cleanup,True,shl,10,10,0
public_v1,O2,p02474,bundle_post_opt_4_custom_cleanup,True,srem,1,1,0
public_v1,O2,p02474,bundle_post_opt_4_custom_cleanup,True,store,5,5,0
public_v1,O2,p02474,bundle_post_opt_4_custom_cleanup,True,trunc,6,6,0
public_v1,O2,p02474,bundle_post_opt_4_custom_cleanup,True,xor,3,3,0
public_v1,O2,p02474,bundle_post_opt_4_custom_cleanup,True,zext,3,3,0
public_v1,O2,p02477,main_default_opt_1,True,add,316,188,-128
public_v1,O2,p02477,main_default_opt_1,True,alloca,1,1,0
public_v1,O2,p02477,main_default_opt_1,True,and,144,104,-40
public_v1,O2,p02477,main_default_opt_1,True,br,127,118,-9
public_v1,O2,p02477,main_default_opt_1,True,call,15,9,-6
public_v1,O2,p02477,main_default_opt_1,True,extractvalue,42,18,-24
public_v1,O2,p02477,main_default_opt_1,True,freeze,2,2,0
public_v1,O2,p02477,main_default_opt_1,True,getelementptr,310,155,-155
public_v1,O2,p02477,main_default_opt_1,True,icmp,179,146,-33
public_v1,O2,p02477,main_default_opt_1,True,insertvalue,59,11,-48
public_v1,O2,p02477,main_default_opt_1,True,inttoptr,46,40,-6
public_v1,O2,p02477,main_default_opt_1,True,load,262,210,-52
public_v1,O2,p02477,main_default_opt_1,True,lshr,13,3,-10
public_v1,O2,p02477,main_default_opt_1,True,mul,41,41,0
public_v1,O2,p02477,main_default_opt_1,True,or,114,88,-26
public_v1,O2,p02477,main_default_opt_1,True,phi,48,50,2
public_v1,O2,p02477,main_default_opt_1,True,ptrtoint,8,3,-5
public_v1,O2,p02477,main_default_opt_1,True,ret,6,4,-2
public_v1,O2,p02477,main_default_opt_1,True,sdiv,2,2,0
public_v1,O2,p02477,main_default_opt_1,True,select,115,102,-13
public_v1,O2,p02477,main_default_opt_1,True,sext,29,22,-7
public_v1,O2,p02477,main_default_opt_1,True,shl,11,4,-7
public_v1,O2,p02477,main_default_opt_1,True,srem,3,3,0
public_v1,O2,p02477,main_default_opt_1,True,store,306,201,-105
public_v1,O2,p02477,main_default_opt_1,True,sub,115,14,-101
public_v1,O2,p02477,main_default_opt_1,True,switch,6,3,-3
public_v1,O2,p02477,main_default_opt_1,True,trunc,32,19,-13
public_v1,O2,p02477,main_default_opt_1,True,udiv,2,2,0
public_v1,O2,p02477,main_default_opt_1,True,urem,2,2,0
public_v1,O2,p02477,main_default_opt_1,True,xor,89,74,-15
public_v1,O2,p02477,main_default_opt_1,True,zext,149,127,-22
public_v1,O2,p02477,main_default_opt_2,True,add,188,188,0
public_v1,O2,p02477,main_default_opt_2,True,alloca,1,1,0
public_v1,O2,p02477,main_default_opt_2,True,and,97,97,0
public_v1,O2,p02477,main_default_opt_2,True,br,118,118,0
public_v1,O2,p02477,main_default_opt_2,True,call,9,9,0
public_v1,O2,p02477,main_default_opt_2,True,extractvalue,18,18,0
public_v1,O2,p02477,main_default_opt_2,True,freeze,2,2,0
public_v1,O2,p02477,main_default_opt_2,True,getelementptr,155,155,0
public_v1,O2,p02477,main_default_opt_2,True,icmp,146,145,-1
public_v1,O2,p02477,main_default_opt_2,True,insertvalue,11,11,0
public_v1,O2,p02477,main_default_opt_2,True,inttoptr,40,40,0
public_v1,O2,p02477,main_default_opt_2,True,load,207,207,0
public_v1,O2,p02477,main_default_opt_2,True,lshr,3,3,0
public_v1,O2,p02477,main_default_opt_2,True,mul,41,41,0
public_v1,O2,p02477,main_default_opt_2,True,or,79,79,0
public_v1,O2,p02477,main_default_opt_2,True,phi,47,47,0
public_v1,O2,p02477,main_default_opt_2,True,ptrtoint,3,3,0
public_v1,O2,p02477,main_default_opt_2,True,ret,4,4,0
public_v1,O2,p02477,main_default_opt_2,True,sdiv,2,2,0
public_v1,O2,p02477,main_default_opt_2,True,select,102,101,-1
public_v1,O2,p02477,main_default_opt_2,True,sext,22,22,0
public_v1,O2,p02477,main_default_opt_2,True,shl,4,4,0
public_v1,O2,p02477,main_default_opt_2,True,srem,3,3,0
public_v1,O2,p02477,main_default_opt_2,True,store,201,197,-4
public_v1,O2,p02477,main_default_opt_2,True,sub,14,14,0
public_v1,O2,p02477,main_default_opt_2,True,switch,3,3,0
public_v1,O2,p02477,main_default_opt_2,True,trunc,19,19,0
public_v1,O2,p02477,main_default_opt_2,True,udiv,2,2,0
public_v1,O2,p02477,main_default_opt_2,True,urem,2,2,0
public_v1,O2,p02477,main_default_opt_2,True,xor,74,74,0
public_v1,O2,p02477,main_default_opt_2,True,zext,127,127,0
public_v1,O2,p02477,bundle_default_opt_3,True,add,101,93,-8
public_v1,O2,p02477,bundle_default_opt_3,True,alloca,1,1,0
public_v1,O2,p02477,bundle_default_opt_3,True,and,97,97,0
public_v1,O2,p02477,bundle_default_opt_3,True,br,118,117,-1
public_v1,O2,p02477,bundle_default_opt_3,True,call,49,47,-2
public_v1,O2,p02477,bundle_default_opt_3,True,extractvalue,14,14,0
public_v1,O2,p02477,bundle_default_opt_3,True,freeze,2,2,0
public_v1,O2,p02477,bundle_default_opt_3,True,getelementptr,79,69,-10
public_v1,O2,p02477,bundle_default_opt_3,True,icmp,67,69,2
public_v1,O2,p02477,bundle_default_opt_3,True,insertvalue,11,9,-2
public_v1,O2,p02477,bundle_default_opt_3,True,inttoptr,1,1,0
public_v1,O2,p02477,bundle_default_opt_3,True,load,186,184,-2
public_v1,O2,p02477,bundle_default_opt_3,True,lshr,3,5,2
public_v1,O2,p02477,bundle_default_opt_3,True,mul,41,41,0
public_v1,O2,p02477,bundle_default_opt_3,True,or,79,79,0
public_v1,O2,p02477,bundle_default_opt_3,True,phi,46,49,3
public_v1,O2,p02477,bundle_default_opt_3,True,ptrtoint,11,1,-10
public_v1,O2,p02477,bundle_default_opt_3,True,ret,5,5,0
public_v1,O2,p02477,bundle_default_opt_3,True,sdiv,2,2,0
public_v1,O2,p02477,bundle_default_opt_3,True,select,23,22,-1
public_v1,O2,p02477,bundle_default_opt_3,True,sext,22,23,1
public_v1,O2,p02477,bundle_default_opt_3,True,shl,4,4,0
public_v1,O2,p02477,bundle_default_opt_3,True,srem,3,3,0
public_v1,O2,p02477,bundle_default_opt_3,True,store,197,199,2
public_v1,O2,p02477,bundle_default_opt_3,True,sub,6,2,-4
public_v1,O2,p02477,bundle_default_opt_3,True,switch,3,3,0
public_v1,O2,p02477,bundle_default_opt_3,True,trunc,19,19,0
public_v1,O2,p02477,bundle_default_opt_3,True,udiv,2,2,0
public_v1,O2,p02477,bundle_default_opt_3,True,urem,2,2,0
public_v1,O2,p02477,bundle_default_opt_3,True,xor,74,76,2
public_v1,O2,p02477,bundle_default_opt_3,True,zext,127,127,0
public_v1,O2,p02477,bundle_default_opt_4,True,add,93,93,0
public_v1,O2,p02477,bundle_default_opt_4,True,alloca,1,1,0
public_v1,O2,p02477,bundle_default_opt_4,True,and,97,97,0
public_v1,O2,p02477,bundle_default_opt_4,True,br,117,117,0
public_v1,O2,p02477,bundle_default_opt_4,True,call,47,47,0
public_v1,O2,p02477,bundle_default_opt_4,True,extractvalue,14,14,0
public_v1,O2,p02477,bundle_default_opt_4,True,freeze,2,2,0
public_v1,O2,p02477,bundle_default_opt_4,True,getelementptr,69,64,-5
public_v1,O2,p02477,bundle_default_opt_4,True,icmp,69,69,0
public_v1,O2,p02477,bundle_default_opt_4,True,insertvalue,9,9,0
public_v1,O2,p02477,bundle_default_opt_4,True,inttoptr,1,1,0
public_v1,O2,p02477,bundle_default_opt_4,True,load,184,184,0
public_v1,O2,p02477,bundle_default_opt_4,True,lshr,5,5,0
public_v1,O2,p02477,bundle_default_opt_4,True,mul,41,41,0
public_v1,O2,p02477,bundle_default_opt_4,True,or,79,79,0
public_v1,O2,p02477,bundle_default_opt_4,True,phi,49,49,0
public_v1,O2,p02477,bundle_default_opt_4,True,ptrtoint,1,1,0
public_v1,O2,p02477,bundle_default_opt_4,True,ret,5,5,0
public_v1,O2,p02477,bundle_default_opt_4,True,sdiv,2,2,0
public_v1,O2,p02477,bundle_default_opt_4,True,select,22,22,0
public_v1,O2,p02477,bundle_default_opt_4,True,sext,23,23,0
public_v1,O2,p02477,bundle_default_opt_4,True,shl,4,4,0
public_v1,O2,p02477,bundle_default_opt_4,True,srem,3,3,0
public_v1,O2,p02477,bundle_default_opt_4,True,store,199,199,0
public_v1,O2,p02477,bundle_default_opt_4,True,sub,2,2,0
public_v1,O2,p02477,bundle_default_opt_4,True,switch,3,3,0
public_v1,O2,p02477,bundle_default_opt_4,True,trunc,19,19,0
public_v1,O2,p02477,bundle_default_opt_4,True,udiv,2,2,0
public_v1,O2,p02477,bundle_default_opt_4,True,urem,2,2,0
public_v1,O2,p02477,bundle_default_opt_4,True,xor,76,76,0
public_v1,O2,p02477,bundle_default_opt_4,True,zext,127,127,0
public_v1,O2,p02477,bundle_post_opt_4_custom_cleanup,True,add,93,93,0
public_v1,O2,p02477,bundle_post_opt_4_custom_cleanup,True,alloca,1,1,0
public_v1,O2,p02477,bundle_post_opt_4_custom_cleanup,True,and,97,97,0
public_v1,O2,p02477,bundle_post_opt_4_custom_cleanup,True,br,117,117,0
public_v1,O2,p02477,bundle_post_opt_4_custom_cleanup,True,call,47,47,0
public_v1,O2,p02477,bundle_post_opt_4_custom_cleanup,True,extractvalue,14,14,0
public_v1,O2,p02477,bundle_post_opt_4_custom_cleanup,True,freeze,2,2,0
public_v1,O2,p02477,bundle_post_opt_4_custom_cleanup,True,getelementptr,64,64,0
public_v1,O2,p02477,bundle_post_opt_4_custom_cleanup,True,icmp,69,69,0
public_v1,O2,p02477,bundle_post_opt_4_custom_cleanup,True,insertvalue,9,9,0
public_v1,O2,p02477,bundle_post_opt_4_custom_cleanup,True,inttoptr,1,1,0
public_v1,O2,p02477,bundle_post_opt_4_custom_cleanup,True,load,184,183,-1
public_v1,O2,p02477,bundle_post_opt_4_custom_cleanup,True,lshr,5,5,0
public_v1,O2,p02477,bundle_post_opt_4_custom_cleanup,True,mul,41,41,0
public_v1,O2,p02477,bundle_post_opt_4_custom_cleanup,True,or,79,79,0
public_v1,O2,p02477,bundle_post_opt_4_custom_cleanup,True,phi,49,49,0
public_v1,O2,p02477,bundle_post_opt_4_custom_cleanup,True,ptrtoint,1,1,0
public_v1,O2,p02477,bundle_post_opt_4_custom_cleanup,True,ret,5,5,0
public_v1,O2,p02477,bundle_post_opt_4_custom_cleanup,True,sdiv,2,2,0
public_v1,O2,p02477,bundle_post_opt_4_custom_cleanup,True,select,22,22,0
public_v1,O2,p02477,bundle_post_opt_4_custom_cleanup,True,sext,23,23,0
public_v1,O2,p02477,bundle_post_opt_4_custom_cleanup,True,shl,4,4,0
public_v1,O2,p02477,bundle_post_opt_4_custom_cleanup,True,srem,3,3,0
public_v1,O2,p02477,bundle_post_opt_4_custom_cleanup,True,store,199,199,0
public_v1,O2,p02477,bundle_post_opt_4_custom_cleanup,True,sub,2,2,0
public_v1,O2,p02477,bundle_post_opt_4_custom_cleanup,True,switch,3,3,0
public_v1,O2,p02477,bundle_post_opt_4_custom_cleanup,True,trunc,19,19,0
public_v1,O2,p02477,bundle_post_opt_4_custom_cleanup,True,udiv,2,2,0
public_v1,O2,p02477,bundle_post_opt_4_custom_cleanup,True,urem,2,2,0
public_v1,O2,p02477,bundle_post_opt_4_custom_cleanup,True,xor,76,76,0
public_v1,O2,p02477,bundle_post_opt_4_custom_cleanup,True,zext,127,127,0
public_v1,O2,p02788,main_default_opt_1,True,add,440,296,-144
public_v1,O2,p02788,main_default_opt_1,True,alloca,3,1,-2
public_v1,O2,p02788,main_default_opt_1,True,and,227,137,-90
public_v1,O2,p02788,main_default_opt_1,True,ashr,15,15,0
public_v1,O2,p02788,main_default_opt_1,True,br,129,124,-5
public_v1,O2,p02788,main_default_opt_1,True,call,68,38,-30
public_v1,O2,p02788,main_default_opt_1,True,extractvalue,200,106,-94
public_v1,O2,p02788,main_default_opt_1,True,getelementptr,523,323,-200
public_v1,O2,p02788,main_default_opt_1,True,icmp,269,198,-71
public_v1,O2,p02788,main_default_opt_1,True,insertvalue,123,32,-91
public_v1,O2,p02788,main_default_opt_1,True,inttoptr,65,64,-1
public_v1,O2,p02788,main_default_opt_1,True,load,394,331,-63
public_v1,O2,p02788,main_default_opt_1,True,lshr,62,5,-57
public_v1,O2,p02788,main_default_opt_1,True,mul,40,36,-4
public_v1,O2,p02788,main_default_opt_1,True,or,125,110,-15
public_v1,O2,p02788,main_default_opt_1,True,phi,93,96,3
public_v1,O2,p02788,main_default_opt_1,True,ptrtoint,12,8,-4
public_v1,O2,p02788,main_default_opt_1,True,ret,10,8,-2
public_v1,O2,p02788,main_default_opt_1,True,sdiv,2,2,0
public_v1,O2,p02788,main_default_opt_1,True,select,155,148,-7
public_v1,O2,p02788,main_default_opt_1,True,sext,45,39,-6
public_v1,O2,p02788,main_default_opt_1,True,shl,57,56,-1
public_v1,O2,p02788,main_default_opt_1,True,store,363,239,-124
public_v1,O2,p02788,main_default_opt_1,True,sub,155,48,-107
public_v1,O2,p02788,main_default_opt_1,True,switch,10,5,-5
public_v1,O2,p02788,main_default_opt_1,True,trunc,140,43,-97
public_v1,O2,p02788,main_default_opt_1,True,unreachable,4,4,0
public_v1,O2,p02788,main_default_opt_1,True,xor,145,73,-72
public_v1,O2,p02788,main_default_opt_1,True,zext,318,195,-123
public_v1,O2,p02788,main_default_opt_2,True,add,285,281,-4
public_v1,O2,p02788,main_default_opt_2,True,alloca,1,1,0
public_v1,O2,p02788,main_default_opt_2,True,and,91,84,-7
public_v1,O2,p02788,main_default_opt_2,True,ashr,15,17,2
public_v1,O2,p02788,main_default_opt_2,True,br,123,135,12
public_v1,O2,p02788,main_default_opt_2,True,call,38,32,-6
public_v1,O2,p02788,main_default_opt_2,True,extractvalue,89,78,-11
public_v1,O2,p02788,main_default_opt_2,True,getelementptr,320,371,51
public_v1,O2,p02788,main_default_opt_2,True,icmp,185,191,6
public_v1,O2,p02788,main_default_opt_2,True,insertvalue,32,22,-10
public_v1,O2,p02788,main_default_opt_2,True,inttoptr,63,63,0
public_v1,O2,p02788,main_default_opt_2,True,load,308,343,35
public_v1,O2,p02788,main_default_opt_2,True,lshr,5,5,0
public_v1,O2,p02788,main_default_opt_2,True,mul,26,28,2
public_v1,O2,p02788,main_default_opt_2,True,or,63,61,-2
public_v1,O2,p02788,main_default_opt_2,True,phi,84,90,6
public_v1,O2,p02788,main_default_opt_2,True,ptrtoint,8,5,-3
public_v1,O2,p02788,main_default_opt_2,True,ret,8,6,-2
public_v1,O2,p02788,main_default_opt_2,True,sdiv,2,2,0
public_v1,O2,p02788,main_default_opt_2,True,select,146,149,3
public_v1,O2,p02788,main_default_opt_2,True,sext,39,60,21
public_v1,O2,p02788,main_default_opt_2,True,shl,56,81,25
public_v1,O2,p02788,main_default_opt_2,True,store,237,285,48
public_v1,O2,p02788,main_default_opt_2,True,sub,49,50,1
public_v1,O2,p02788,main_default_opt_2,True,switch,5,5,0
public_v1,O2,p02788,main_default_opt_2,True,trunc,43,41,-2
public_v1,O2,p02788,main_default_opt_2,True,unreachable,4,4,0
public_v1,O2,p02788,main_default_opt_2,True,xor,47,51,4
public_v1,O2,p02788,main_default_opt_2,True,zext,152,142,-10
public_v1,O2,p02788,bundle_default_opt_3,True,add,128,109,-19
public_v1,O2,p02788,bundle_default_opt_3,True,alloca,1,1,0
public_v1,O2,p02788,bundle_default_opt_3,True,and,80,80,0
public_v1,O2,p02788,bundle_default_opt_3,True,ashr,13,13,0
public_v1,O2,p02788,bundle_default_opt_3,True,br,115,114,-1
public_v1,O2,p02788,bundle_default_opt_3,True,call,91,91,0
public_v1,O2,p02788,bundle_default_opt_3,True,extractvalue,61,61,0
public_v1,O2,p02788,bundle_default_opt_3,True,getelementptr,236,192,-44
public_v1,O2,p02788,bundle_default_opt_3,True,icmp,66,66,0
public_v1,O2,p02788,bundle_default_opt_3,True,insertvalue,22,21,-1
public_v1,O2,p02788,bundle_default_opt_3,True,inttoptr,1,1,0
public_v1,O2,p02788,bundle_default_opt_3,True,load,297,275,-22
public_v1,O2,p02788,bundle_default_opt_3,True,lshr,5,5,0
public_v1,O2,p02788,bundle_default_opt_3,True,mul,27,27,0
public_v1,O2,p02788,bundle_default_opt_3,True,or,59,60,1
public_v1,O2,p02788,bundle_default_opt_3,True,phi,58,63,5
public_v1,O2,p02788,bundle_default_opt_3,True,ptrtoint,35,7,-28
public_v1,O2,p02788,bundle_default_opt_3,True,ret,7,7,0
public_v1,O2,p02788,bundle_default_opt_3,True,sdiv,2,2,0
public_v1,O2,p02788,bundle_default_opt_3,True,select,24,24,0
public_v1,O2,p02788,bundle_default_opt_3,True,sext,51,51,0
public_v1,O2,p02788,bundle_default_opt_3,True,shl,63,63,0
public_v1,O2,p02788,bundle_default_opt_3,True,store,258,221,-37
public_v1,O2,p02788,bundle_default_opt_3,True,sub,37,24,-13
public_v1,O2,p02788,bundle_default_opt_3,True,switch,3,3,0
public_v1,O2,p02788,bundle_default_opt_3,True,trunc,41,41,0
public_v1,O2,p02788,bundle_default_opt_3,True,unreachable,4,4,0
public_v1,O2,p02788,bundle_default_opt_3,True,xor,51,50,-1
public_v1,O2,p02788,bundle_default_opt_3,True,zext,121,120,-1
public_v1,O2,p02788,bundle_default_opt_4,True,add,109,109,0
public_v1,O2,p02788,bundle_default_opt_4,True,alloca,1,1,0
public_v1,O2,p02788,bundle_default_opt_4,True,and,80,80,0
public_v1,O2,p02788,bundle_default_opt_4,True,ashr,13,13,0
public_v1,O2,p02788,bundle_default_opt_4,True,br,114,114,0
public_v1,O2,p02788,bundle_default_opt_4,True,call,91,91,0
public_v1,O2,p02788,bundle_default_opt_4,True,extractvalue,61,61,0
public_v1,O2,p02788,bundle_default_opt_4,True,getelementptr,192,182,-10
public_v1,O2,p02788,bundle_default_opt_4,True,icmp,66,66,0
public_v1,O2,p02788,bundle_default_opt_4,True,insertvalue,21,21,0
public_v1,O2,p02788,bundle_default_opt_4,True,inttoptr,1,1,0
public_v1,O2,p02788,bundle_default_opt_4,True,load,275,275,0
public_v1,O2,p02788,bundle_default_opt_4,True,lshr,5,5,0
public_v1,O2,p02788,bundle_default_opt_4,True,mul,27,27,0
public_v1,O2,p02788,bundle_default_opt_4,True,or,60,60,0
public_v1,O2,p02788,bundle_default_opt_4,True,phi,63,63,0
public_v1,O2,p02788,bundle_default_opt_4,True,ptrtoint,7,7,0
public_v1,O2,p02788,bundle_default_opt_4,True,ret,7,7,0
public_v1,O2,p02788,bundle_default_opt_4,True,sdiv,2,2,0
public_v1,O2,p02788,bundle_default_opt_4,True,select,24,24,0
public_v1,O2,p02788,bundle_default_opt_4,True,sext,51,51,0
public_v1,O2,p02788,bundle_default_opt_4,True,shl,63,63,0
public_v1,O2,p02788,bundle_default_opt_4,True,store,221,221,0
public_v1,O2,p02788,bundle_default_opt_4,True,sub,24,24,0
public_v1,O2,p02788,bundle_default_opt_4,True,switch,3,3,0
public_v1,O2,p02788,bundle_default_opt_4,True,trunc,41,41,0
public_v1,O2,p02788,bundle_default_opt_4,True,unreachable,4,4,0
public_v1,O2,p02788,bundle_default_opt_4,True,xor,50,50,0
public_v1,O2,p02788,bundle_default_opt_4,True,zext,120,120,0
public_v1,O2,p02788,bundle_post_opt_4_custom_cleanup,True,add,109,109,0
public_v1,O2,p02788,bundle_post_opt_4_custom_cleanup,True,alloca,1,1,0
public_v1,O2,p02788,bundle_post_opt_4_custom_cleanup,True,and,80,80,0
public_v1,O2,p02788,bundle_post_opt_4_custom_cleanup,True,ashr,13,13,0
public_v1,O2,p02788,bundle_post_opt_4_custom_cleanup,True,br,114,114,0
public_v1,O2,p02788,bundle_post_opt_4_custom_cleanup,True,call,91,91,0
public_v1,O2,p02788,bundle_post_opt_4_custom_cleanup,True,extractvalue,61,61,0
public_v1,O2,p02788,bundle_post_opt_4_custom_cleanup,True,getelementptr,182,182,0
public_v1,O2,p02788,bundle_post_opt_4_custom_cleanup,True,icmp,66,66,0
public_v1,O2,p02788,bundle_post_opt_4_custom_cleanup,True,insertvalue,21,21,0
public_v1,O2,p02788,bundle_post_opt_4_custom_cleanup,True,inttoptr,1,1,0
public_v1,O2,p02788,bundle_post_opt_4_custom_cleanup,True,load,275,275,0
public_v1,O2,p02788,bundle_post_opt_4_custom_cleanup,True,lshr,5,5,0
public_v1,O2,p02788,bundle_post_opt_4_custom_cleanup,True,mul,27,27,0
public_v1,O2,p02788,bundle_post_opt_4_custom_cleanup,True,or,60,60,0
public_v1,O2,p02788,bundle_post_opt_4_custom_cleanup,True,phi,63,63,0
public_v1,O2,p02788,bundle_post_opt_4_custom_cleanup,True,ptrtoint,7,7,0
public_v1,O2,p02788,bundle_post_opt_4_custom_cleanup,True,ret,7,7,0
public_v1,O2,p02788,bundle_post_opt_4_custom_cleanup,True,sdiv,2,2,0
public_v1,O2,p02788,bundle_post_opt_4_custom_cleanup,True,select,24,24,0
public_v1,O2,p02788,bundle_post_opt_4_custom_cleanup,True,sext,51,51,0
public_v1,O2,p02788,bundle_post_opt_4_custom_cleanup,True,shl,63,63,0
public_v1,O2,p02788,bundle_post_opt_4_custom_cleanup,True,store,221,221,0
public_v1,O2,p02788,bundle_post_opt_4_custom_cleanup,True,sub,24,24,0
public_v1,O2,p02788,bundle_post_opt_4_custom_cleanup,True,switch,3,3,0
public_v1,O2,p02788,bundle_post_opt_4_custom_cleanup,True,trunc,41,41,0
public_v1,O2,p02788,bundle_post_opt_4_custom_cleanup,True,unreachable,4,4,0
public_v1,O2,p02788,bundle_post_opt_4_custom_cleanup,True,xor,50,50,0
public_v1,O2,p02788,bundle_post_opt_4_custom_cleanup,True,zext,120,120,0
public_v1,O2,p02814,main_default_opt_1,True,add,400,272,-128
public_v1,O2,p02814,main_default_opt_1,True,alloca,16,7,-9
public_v1,O2,p02814,main_default_opt_1,True,and,138,57,-81
public_v1,O2,p02814,main_default_opt_1,True,ashr,2,2,0
public_v1,O2,p02814,main_default_opt_1,True,br,75,68,-7
public_v1,O2,p02814,main_default_opt_1,True,call,75,46,-29
public_v1,O2,p02814,main_default_opt_1,True,extractvalue,72,21,-51
public_v1,O2,p02814,main_default_opt_1,True,getelementptr,739,399,-340
public_v1,O2,p02814,main_default_opt_1,True,icmp,330,253,-77
public_v1,O2,p02814,main_default_opt_1,True,insertvalue,115,21,-94
public_v1,O2,p02814,main_default_opt_1,True,inttoptr,79,65,-14
public_v1,O2,p02814,main_default_opt_1,True,load,227,162,-65
public_v1,O2,p02814,main_default_opt_1,True,lshr,23,0,-23
public_v1,O2,p02814,main_default_opt_1,True,mul,23,21,-2
public_v1,O2,p02814,main_default_opt_1,True,or,66,40,-26
public_v1,O2,p02814,main_default_opt_1,True,phi,46,39,-7
public_v1,O2,p02814,main_default_opt_1,True,ptrtoint,28,10,-18
public_v1,O2,p02814,main_default_opt_1,True,ret,11,6,-5
public_v1,O2,p02814,main_default_opt_1,True,sdiv,11,10,-1
public_v1,O2,p02814,main_default_opt_1,True,select,245,214,-31
public_v1,O2,p02814,main_default_opt_1,True,sext,26,20,-6
public_v1,O2,p02814,main_default_opt_1,True,shl,7,7,0
public_v1,O2,p02814,main_default_opt_1,True,srem,6,6,0
public_v1,O2,p02814,main_default_opt_1,True,store,351,209,-142
public_v1,O2,p02814,main_default_opt_1,True,sub,122,22,-100
public_v1,O2,p02814,main_default_opt_1,True,switch,1,1,0
public_v1,O2,p02814,main_default_opt_1,True,trunc,64,28,-36
public_v1,O2,p02814,main_default_opt_1,True,unreachable,18,16,-2
public_v1,O2,p02814,main_default_opt_1,True,xor,70,40,-30
public_v1,O2,p02814,main_default_opt_1,True,zext,122,86,-36
public_v1,O2,p02814,main_default_opt_2,True,add,252,242,-10
public_v1,O2,p02814,main_default_opt_2,True,alloca,7,7,0
public_v1,O2,p02814,main_default_opt_2,True,and,47,15,-32
public_v1,O2,p02814,main_default_opt_2,True,ashr,2,0,-2
public_v1,O2,p02814,main_default_opt_2,True,br,68,74,6
public_v1,O2,p02814,main_default_opt_2,True,call,46,44,-2
public_v1,O2,p02814,main_default_opt_2,True,extractvalue,20,7,-13
public_v1,O2,p02814,main_default_opt_2,True,getelementptr,404,387,-17
public_v1,O2,p02814,main_default_opt_2,True,icmp,286,232,-54
public_v1,O2,p02814,main_default_opt_2,True,insertvalue,21,5,-16
public_v1,O2,p02814,main_default_opt_2,True,inttoptr,67,63,-4
public_v1,O2,p02814,main_default_opt_2,True,load,144,138,-6
public_v1,O2,p02814,main_default_opt_2,True,mul,12,10,-2
public_v1,O2,p02814,main_default_opt_2,True,or,9,4,-5
public_v1,O2,p02814,main_default_opt_2,True,phi,36,28,-8
public_v1,O2,p02814,main_default_opt_2,True,ptrtoint,14,7,-7
public_v1,O2,p02814,main_default_opt_2,True,ret,6,5,-1
public_v1,O2,p02814,main_default_opt_2,True,sdiv,10,10,0
public_v1,O2,p02814,main_default_opt_2,True,select,229,218,-11
public_v1,O2,p02814,main_default_opt_2,True,sext,20,22,2
public_v1,O2,p02814,main_default_opt_2,True,shl,7,5,-2
public_v1,O2,p02814,main_default_opt_2,True,srem,2,3,1
public_v1,O2,p02814,main_default_opt_2,True,store,209,224,15
public_v1,O2,p02814,main_default_opt_2,True,sub,51,22,-29
public_v1,O2,p02814,main_default_opt_2,True,switch,1,1,0
public_v1,O2,p02814,main_default_opt_2,True,trunc,28,23,-5
public_v1,O2,p02814,main_default_opt_2,True,unreachable,16,16,0
public_v1,O2,p02814,main_default_opt_2,True,xor,15,17,2
public_v1,O2,p02814,main_default_opt_2,True,zext,38,30,-8
public_v1,O2,p02814,bundle_default_opt_3,True,add,56,51,-5
public_v1,O2,p02814,bundle_default_opt_3,True,alloca,7,7,0
public_v1,O2,p02814,bundle_default_opt_3,True,and,15,15,0
public_v1,O2,p02814,bundle_default_opt_3,True,br,74,73,-1
public_v1,O2,p02814,bundle_default_opt_3,True,call,106,107,1
public_v1,O2,p02814,bundle_default_opt_3,True,extractvalue,4,2,-2
public_v1,O2,p02814,bundle_default_opt_3,True,getelementptr,174,148,-26
public_v1,O2,p02814,bundle_default_opt_3,True,icmp,52,52,0
public_v1,O2,p02814,bundle_default_opt_3,True,insertvalue,5,2,-3
public_v1,O2,p02814,bundle_default_opt_3,True,inttoptr,4,4,0
public_v1,O2,p02814,bundle_default_opt_3,True,load,133,128,-5
public_v1,O2,p02814,bundle_default_opt_3,True,mul,10,10,0
public_v1,O2,p02814,bundle_default_opt_3,True,or,4,4,0
public_v1,O2,p02814,bundle_default_opt_3,True,phi,28,30,2
public_v1,O2,p02814,bundle_default_opt_3,True,ptrtoint,15,8,-7
public_v1,O2,p02814,bundle_default_opt_3,True,ret,8,8,0
public_v1,O2,p02814,bundle_default_opt_3,True,sdiv,10,10,0
public_v1,O2,p02814,bundle_default_opt_3,True,select,23,21,-2
public_v1,O2,p02814,bundle_default_opt_3,True,sext,22,22,0
public_v1,O2,p02814,bundle_default_opt_3,True,shl,5,5,0
public_v1,O2,p02814,bundle_default_opt_3,True,srem,3,3,0
public_v1,O2,p02814,bundle_default_opt_3,True,store,224,183,-41
public_v1,O2,p02814,bundle_default_opt_3,True,sub,14,13,-1
public_v1,O2,p02814,bundle_default_opt_3,True,switch,1,1,0
public_v1,O2,p02814,bundle_default_opt_3,True,trunc,23,23,0
public_v1,O2,p02814,bundle_default_opt_3,True,unreachable,16,16,0
public_v1,O2,p02814,bundle_default_opt_3,True,xor,17,16,-1
public_v1,O2,p02814,bundle_default_opt_3,True,zext,30,34,4
public_v1,O2,p02814,bundle_default_opt_4,True,add,51,51,0
public_v1,O2,p02814,bundle_default_opt_4,True,alloca,7,7,0
public_v1,O2,p02814,bundle_default_opt_4,True,and,15,15,0
public_v1,O2,p02814,bundle_default_opt_4,True,br,73,73,0
public_v1,O2,p02814,bundle_default_opt_4,True,call,107,107,0
public_v1,O2,p02814,bundle_default_opt_4,True,extractvalue,2,2,0
public_v1,O2,p02814,bundle_default_opt_4,True,getelementptr,148,146,-2
public_v1,O2,p02814,bundle_default_opt_4,True,icmp,52,52,0
public_v1,O2,p02814,bundle_default_opt_4,True,insertvalue,2,2,0
public_v1,O2,p02814,bundle_default_opt_4,True,inttoptr,4,4,0
public_v1,O2,p02814,bundle_default_opt_4,True,load,128,128,0
public_v1,O2,p02814,bundle_default_opt_4,True,mul,10,10,0
public_v1,O2,p02814,bundle_default_opt_4,True,or,4,4,0
public_v1,O2,p02814,bundle_default_opt_4,True,phi,30,30,0
public_v1,O2,p02814,bundle_default_opt_4,True,ptrtoint,8,8,0
public_v1,O2,p02814,bundle_default_opt_4,True,ret,8,8,0
public_v1,O2,p02814,bundle_default_opt_4,True,sdiv,10,10,0
public_v1,O2,p02814,bundle_default_opt_4,True,select,21,21,0
public_v1,O2,p02814,bundle_default_opt_4,True,sext,22,22,0
public_v1,O2,p02814,bundle_default_opt_4,True,shl,5,5,0
public_v1,O2,p02814,bundle_default_opt_4,True,srem,3,3,0
public_v1,O2,p02814,bundle_default_opt_4,True,store,183,183,0
public_v1,O2,p02814,bundle_default_opt_4,True,sub,13,13,0
public_v1,O2,p02814,bundle_default_opt_4,True,switch,1,1,0
public_v1,O2,p02814,bundle_default_opt_4,True,trunc,23,23,0
public_v1,O2,p02814,bundle_default_opt_4,True,unreachable,16,16,0
public_v1,O2,p02814,bundle_default_opt_4,True,xor,16,16,0
public_v1,O2,p02814,bundle_default_opt_4,True,zext,34,34,0
public_v1,O2,p02814,bundle_post_opt_4_custom_cleanup,True,add,51,51,0
public_v1,O2,p02814,bundle_post_opt_4_custom_cleanup,True,alloca,7,7,0
public_v1,O2,p02814,bundle_post_opt_4_custom_cleanup,True,and,15,15,0
public_v1,O2,p02814,bundle_post_opt_4_custom_cleanup,True,ashr,0,1,1
public_v1,O2,p02814,bundle_post_opt_4_custom_cleanup,True,br,73,73,0
public_v1,O2,p02814,bundle_post_opt_4_custom_cleanup,True,call,107,102,-5
public_v1,O2,p02814,bundle_post_opt_4_custom_cleanup,True,extractvalue,2,2,0
public_v1,O2,p02814,bundle_post_opt_4_custom_cleanup,True,getelementptr,146,150,4
public_v1,O2,p02814,bundle_post_opt_4_custom_cleanup,True,icmp,52,52,0
public_v1,O2,p02814,bundle_post_opt_4_custom_cleanup,True,insertvalue,2,2,0
public_v1,O2,p02814,bundle_post_opt_4_custom_cleanup,True,inttoptr,4,4,0
public_v1,O2,p02814,bundle_post_opt_4_custom_cleanup,True,load,128,125,-3
public_v1,O2,p02814,bundle_post_opt_4_custom_cleanup,True,mul,10,10,0
public_v1,O2,p02814,bundle_post_opt_4_custom_cleanup,True,or,4,4,0
public_v1,O2,p02814,bundle_post_opt_4_custom_cleanup,True,phi,30,30,0
public_v1,O2,p02814,bundle_post_opt_4_custom_cleanup,True,ptrtoint,8,8,0
public_v1,O2,p02814,bundle_post_opt_4_custom_cleanup,True,ret,8,8,0
public_v1,O2,p02814,bundle_post_opt_4_custom_cleanup,True,sdiv,10,10,0
public_v1,O2,p02814,bundle_post_opt_4_custom_cleanup,True,select,21,21,0
public_v1,O2,p02814,bundle_post_opt_4_custom_cleanup,True,sext,22,21,-1
public_v1,O2,p02814,bundle_post_opt_4_custom_cleanup,True,shl,5,6,1
public_v1,O2,p02814,bundle_post_opt_4_custom_cleanup,True,srem,3,3,0
public_v1,O2,p02814,bundle_post_opt_4_custom_cleanup,True,store,183,183,0
public_v1,O2,p02814,bundle_post_opt_4_custom_cleanup,True,sub,13,13,0
public_v1,O2,p02814,bundle_post_opt_4_custom_cleanup,True,switch,1,1,0
public_v1,O2,p02814,bundle_post_opt_4_custom_cleanup,True,trunc,23,23,0
public_v1,O2,p02814,bundle_post_opt_4_custom_cleanup,True,unreachable,16,16,0
public_v1,O2,p02814,bundle_post_opt_4_custom_cleanup,True,xor,16,16,0
public_v1,O2,p02814,bundle_post_opt_4_custom_cleanup,True,zext,34,34,0
public_v1,O2,p02950,main_default_opt_1,True,add,236,113,-123
public_v1,O2,p02950,main_default_opt_1,True,alloca,13,1,-12
public_v1,O2,p02950,main_default_opt_1,True,and,161,123,-38
public_v1,O2,p02950,main_default_opt_1,True,ashr,8,8,0
public_v1,O2,p02950,main_default_opt_1,True,br,116,112,-4
public_v1,O2,p02950,main_default_opt_1,True,call,71,40,-31
public_v1,O2,p02950,main_default_opt_1,True,extractvalue,51,22,-29
public_v1,O2,p02950,main_default_opt_1,True,getelementptr,357,89,-268
public_v1,O2,p02950,main_default_opt_1,True,icmp,173,101,-72
public_v1,O2,p02950,main_default_opt_1,True,insertvalue,37,5,-32
public_v1,O2,p02950,main_default_opt_1,True,inttoptr,24,10,-14
public_v1,O2,p02950,main_default_opt_1,True,load,198,174,-24
public_v1,O2,p02950,main_default_opt_1,True,lshr,18,2,-16
public_v1,O2,p02950,main_default_opt_1,True,mul,36,36,0
public_v1,O2,p02950,main_default_opt_1,True,or,97,93,-4
public_v1,O2,p02950,main_default_opt_1,True,phi,25,27,2
public_v1,O2,p02950,main_default_opt_1,True,ptrtoint,18,5,-13
public_v1,O2,p02950,main_default_opt_1,True,ret,4,3,-1
public_v1,O2,p02950,main_default_opt_1,True,sdiv,12,12,0
public_v1,O2,p02950,main_default_opt_1,True,select,82,41,-41
public_v1,O2,p02950,main_default_opt_1,True,sext,38,28,-10
public_v1,O2,p02950,main_default_opt_1,True,shl,17,17,0
public_v1,O2,p02950,main_default_opt_1,True,srem,11,10,-1
public_v1,O2,p02950,main_default_opt_1,True,store,324,119,-205
public_v1,O2,p02950,main_default_opt_1,True,sub,94,10,-84
public_v1,O2,p02950,main_default_opt_1,True,switch,3,1,-2
public_v1,O2,p02950,main_default_opt_1,True,trunc,53,32,-21
public_v1,O2,p02950,main_default_opt_1,True,unreachable,24,24,0
public_v1,O2,p02950,main_default_opt_1,True,xor,86,62,-24
public_v1,O2,p02950,main_default_opt_1,True,zext,177,143,-34
public_v1,O2,p02950,main_default_opt_2,True,add,81,79,-2
public_v1,O2,p02950,main_default_opt_2,True,alloca,1,1,0
public_v1,O2,p02950,main_default_opt_2,True,and,24,13,-11
public_v1,O2,p02950,main_default_opt_2,True,ashr,8,8,0
public_v1,O2,p02950,main_default_opt_2,True,br,112,107,-5
public_v1,O2,p02950,main_default_opt_2,True,call,39,38,-1
public_v1,O2,p02950,main_default_opt_2,True,extractvalue,14,14,0
public_v1,O2,p02950,main_default_opt_2,True,getelementptr,86,85,-1
public_v1,O2,p02950,main_default_opt_2,True,icmp,69,68,-1
public_v1,O2,p02950,main_default_opt_2,True,insertvalue,5,2,-3
public_v1,O2,p02950,main_default_opt_2,True,inttoptr,8,8,0
public_v1,O2,p02950,main_default_opt_2,True,load,110,108,-2
public_v1,O2,p02950,main_default_opt_2,True,mul,10,10,0
public_v1,O2,p02950,main_default_opt_2,True,or,16,6,-10
public_v1,O2,p02950,main_default_opt_2,True,phi,9,7,-2
public_v1,O2,p02950,main_default_opt_2,True,ptrtoint,3,2,-1
public_v1,O2,p02950,main_default_opt_2,True,ret,4,3,-1
public_v1,O2,p02950,main_default_opt_2,True,sdiv,12,12,0
public_v1,O2,p02950,main_default_opt_2,True,select,38,38,0
public_v1,O2,p02950,main_default_opt_2,True,sext,28,28,0
public_v1,O2,p02950,main_default_opt_2,True,shl,17,17,0
public_v1,O2,p02950,main_default_opt_2,True,srem,9,9,0
public_v1,O2,p02950,main_default_opt_2,True,store,91,91,0
public_v1,O2,p02950,main_default_opt_2,True,sub,10,10,0
public_v1,O2,p02950,main_default_opt_2,True,switch,1,1,0
public_v1,O2,p02950,main_default_opt_2,True,trunc,23,23,0
public_v1,O2,p02950,main_default_opt_2,True,unreachable,24,24,0
public_v1,O2,p02950,main_default_opt_2,True,xor,3,2,-1
public_v1,O2,p02950,main_default_opt_2,True,zext,34,32,-2
public_v1,O2,p02950,bundle_default_opt_3,True,add,57,48,-9
public_v1,O2,p02950,bundle_default_opt_3,True,alloca,1,1,0
public_v1,O2,p02950,bundle_default_opt_3,True,and,13,13,0
public_v1,O2,p02950,bundle_default_opt_3,True,ashr,8,8,0
public_v1,O2,p02950,bundle_default_opt_3,True,br,107,106,-1
public_v1,O2,p02950,bundle_default_opt_3,True,call,46,47,1
public_v1,O2,p02950,bundle_default_opt_3,True,extractvalue,7,0,-7
public_v1,O2,p02950,bundle_default_opt_3,True,getelementptr,71,56,-15
public_v1,O2,p02950,bundle_default_opt_3,True,icmp,47,48,1
public_v1,O2,p02950,bundle_default_opt_3,True,insertvalue,2,0,-2
public_v1,O2,p02950,bundle_default_opt_3,True,inttoptr,1,1,0
public_v1,O2,p02950,bundle_default_opt_3,True,load,108,108,0
public_v1,O2,p02950,bundle_default_opt_3,True,mul,10,10,0
public_v1,O2,p02950,bundle_default_opt_3,True,or,6,6,0
public_v1,O2,p02950,bundle_default_opt_3,True,phi,7,4,-3
public_v1,O2,p02950,bundle_default_opt_3,True,ptrtoint,17,2,-15
public_v1,O2,p02950,bundle_default_opt_3,True,ret,4,4,0
public_v1,O2,p02950,bundle_default_opt_3,True,sdiv,12,12,0
public_v1,O2,p02950,bundle_default_opt_3,True,select,17,18,1
public_v1,O2,p02950,bundle_default_opt_3,True,sext,28,28,0
public_v1,O2,p02950,bundle_default_opt_3,True,shl,17,17,0
public_v1,O2,p02950,bundle_default_opt_3,True,srem,9,9,0
public_v1,O2,p02950,bundle_default_opt_3,True,store,91,96,5
public_v1,O2,p02950,bundle_default_opt_3,True,sub,12,3,-9
public_v1,O2,p02950,bundle_default_opt_3,True,switch,1,1,0
public_v1,O2,p02950,bundle_default_opt_3,True,trunc,23,23,0
public_v1,O2,p02950,bundle_default_opt_3,True,unreachable,24,24,0
public_v1,O2,p02950,bundle_default_opt_3,True,xor,2,2,0
public_v1,O2,p02950,bundle_default_opt_3,True,zext,32,33,1
public_v1,O2,p02950,bundle_default_opt_4,True,add,48,48,0
public_v1,O2,p02950,bundle_default_opt_4,True,alloca,1,1,0
public_v1,O2,p02950,bundle_default_opt_4,True,and,13,13,0
public_v1,O2,p02950,bundle_default_opt_4,True,ashr,8,8,0
public_v1,O2,p02950,bundle_default_opt_4,True,br,106,106,0
public_v1,O2,p02950,bundle_default_opt_4,True,call,47,47,0
public_v1,O2,p02950,bundle_default_opt_4,True,getelementptr,56,50,-6
public_v1,O2,p02950,bundle_default_opt_4,True,icmp,48,48,0
public_v1,O2,p02950,bundle_default_opt_4,True,inttoptr,1,1,0
public_v1,O2,p02950,bundle_default_opt_4,True,load,108,108,0
public_v1,O2,p02950,bundle_default_opt_4,True,mul,10,10,0
public_v1,O2,p02950,bundle_default_opt_4,True,or,6,6,0
public_v1,O2,p02950,bundle_default_opt_4,True,phi,4,4,0
public_v1,O2,p02950,bundle_default_opt_4,True,ptrtoint,2,2,0
public_v1,O2,p02950,bundle_default_opt_4,True,ret,4,4,0
public_v1,O2,p02950,bundle_default_opt_4,True,sdiv,12,12,0
public_v1,O2,p02950,bundle_default_opt_4,True,select,18,18,0
public_v1,O2,p02950,bundle_default_opt_4,True,sext,28,28,0
public_v1,O2,p02950,bundle_default_opt_4,True,shl,17,17,0
public_v1,O2,p02950,bundle_default_opt_4,True,srem,9,9,0
public_v1,O2,p02950,bundle_default_opt_4,True,store,96,96,0
public_v1,O2,p02950,bundle_default_opt_4,True,sub,3,3,0
public_v1,O2,p02950,bundle_default_opt_4,True,switch,1,1,0
public_v1,O2,p02950,bundle_default_opt_4,True,trunc,23,23,0
public_v1,O2,p02950,bundle_default_opt_4,True,unreachable,24,24,0
public_v1,O2,p02950,bundle_default_opt_4,True,xor,2,2,0
public_v1,O2,p02950,bundle_default_opt_4,True,zext,33,33,0
public_v1,O2,p02950,bundle_post_opt_4_custom_cleanup,True,add,48,48,0
public_v1,O2,p02950,bundle_post_opt_4_custom_cleanup,True,alloca,1,1,0
public_v1,O2,p02950,bundle_post_opt_4_custom_cleanup,True,and,13,13,0
public_v1,O2,p02950,bundle_post_opt_4_custom_cleanup,True,ashr,8,8,0
public_v1,O2,p02950,bundle_post_opt_4_custom_cleanup,True,br,106,106,0
public_v1,O2,p02950,bundle_post_opt_4_custom_cleanup,True,call,47,47,0
public_v1,O2,p02950,bundle_post_opt_4_custom_cleanup,True,getelementptr,50,50,0
public_v1,O2,p02950,bundle_post_opt_4_custom_cleanup,True,icmp,48,48,0
public_v1,O2,p02950,bundle_post_opt_4_custom_cleanup,True,inttoptr,1,1,0
public_v1,O2,p02950,bundle_post_opt_4_custom_cleanup,True,load,108,108,0
public_v1,O2,p02950,bundle_post_opt_4_custom_cleanup,True,mul,10,10,0
public_v1,O2,p02950,bundle_post_opt_4_custom_cleanup,True,or,6,6,0
public_v1,O2,p02950,bundle_post_opt_4_custom_cleanup,True,phi,4,4,0
public_v1,O2,p02950,bundle_post_opt_4_custom_cleanup,True,ptrtoint,2,2,0
public_v1,O2,p02950,bundle_post_opt_4_custom_cleanup,True,ret,4,4,0
public_v1,O2,p02950,bundle_post_opt_4_custom_cleanup,True,sdiv,12,12,0
public_v1,O2,p02950,bundle_post_opt_4_custom_cleanup,True,select,18,18,0
public_v1,O2,p02950,bundle_post_opt_4_custom_cleanup,True,sext,28,28,0
public_v1,O2,p02950,bundle_post_opt_4_custom_cleanup,True,shl,17,17,0
public_v1,O2,p02950,bundle_post_opt_4_custom_cleanup,True,srem,9,9,0
public_v1,O2,p02950,bundle_post_opt_4_custom_cleanup,True,store,96,96,0
public_v1,O2,p02950,bundle_post_opt_4_custom_cleanup,True,sub,3,3,0
public_v1,O2,p02950,bundle_post_opt_4_custom_cleanup,True,switch,1,1,0
public_v1,O2,p02950,bundle_post_opt_4_custom_cleanup,True,trunc,23,23,0
public_v1,O2,p02950,bundle_post_opt_4_custom_cleanup,True,unreachable,24,24,0
public_v1,O2,p02950,bundle_post_opt_4_custom_cleanup,True,xor,2,2,0
public_v1,O2,p02950,bundle_post_opt_4_custom_cleanup,True,zext,33,33,0
public_v1,O2,p03006,main_default_opt_1,True,add,235,120,-115
public_v1,O2,p03006,main_default_opt_1,True,alloca,11,3,-8
public_v1,O2,p03006,main_default_opt_1,True,and,151,123,-28
public_v1,O2,p03006,main_default_opt_1,True,ashr,10,8,-2
public_v1,O2,p03006,main_default_opt_1,True,br,104,91,-13
public_v1,O2,p03006,main_default_opt_1,True,call,44,16,-28
public_v1,O2,p03006,main_default_opt_1,True,extractvalue,66,15,-51
public_v1,O2,p03006,main_default_opt_1,True,getelementptr,317,144,-173
public_v1,O2,p03006,main_default_opt_1,True,icmp,142,100,-42
public_v1,O2,p03006,main_default_opt_1,True,insertvalue,92,6,-86
public_v1,O2,p03006,main_default_opt_1,True,inttoptr,17,15,-2
public_v1,O2,p03006,main_default_opt_1,True,load,199,160,-39
public_v1,O2,p03006,main_default_opt_1,True,lshr,31,2,-29
public_v1,O2,p03006,main_default_opt_1,True,mul,56,50,-6
public_v1,O2,p03006,main_default_opt_1,True,or,102,100,-2
public_v1,O2,p03006,main_default_opt_1,True,phi,72,65,-7
public_v1,O2,p03006,main_default_opt_1,True,ptrtoint,13,8,-5
public_v1,O2,p03006,main_default_opt_1,True,ret,8,3,-5
public_v1,O2,p03006,main_default_opt_1,True,select,64,57,-7
public_v1,O2,p03006,main_default_opt_1,True,shl,9,7,-2
public_v1,O2,p03006,main_default_opt_1,True,store,304,147,-157
public_v1,O2,p03006,main_default_opt_1,True,sub,103,20,-83
public_v1,O2,p03006,main_default_opt_1,True,switch,5,4,-1
public_v1,O2,p03006,main_default_opt_1,True,trunc,52,15,-37
public_v1,O2,p03006,main_default_opt_1,True,xor,105,70,-35
public_v1,O2,p03006,main_default_opt_1,True,zext,152,117,-35
public_v1,O2,p03006,main_default_opt_2,True,add,81,76,-5
public_v1,O2,p03006,main_default_opt_2,True,alloca,2,2,0
public_v1,O2,p03006,main_default_opt_2,True,and,18,7,-11
public_v1,O2,p03006,main_default_opt_2,True,ashr,8,8,0
public_v1,O2,p03006,main_default_opt_2,True,br,91,81,-10
public_v1,O2,p03006,main_default_opt_2,True,call,12,10,-2
public_v1,O2,p03006,main_default_opt_2,True,extractvalue,10,10,0
public_v1,O2,p03006,main_default_opt_2,True,getelementptr,121,123,2
public_v1,O2,p03006,main_default_opt_2,True,icmp,55,55,0
public_v1,O2,p03006,main_default_opt_2,True,insertvalue,6,4,-2
public_v1,O2,p03006,main_default_opt_2,True,inttoptr,13,11,-2
public_v1,O2,p03006,main_default_opt_2,True,load,93,93,0
public_v1,O2,p03006,main_default_opt_2,True,mul,22,19,-3
public_v1,O2,p03006,main_default_opt_2,True,or,11,2,-9
public_v1,O2,p03006,main_default_opt_2,True,phi,14,12,-2
public_v1,O2,p03006,main_default_opt_2,True,ptrtoint,4,2,-2
public_v1,O2,p03006,main_default_opt_2,True,ret,3,3,0
public_v1,O2,p03006,main_default_opt_2,True,select,48,48,0
public_v1,O2,p03006,main_default_opt_2,True,shl,7,7,0
public_v1,O2,p03006,main_default_opt_2,True,store,101,102,1
public_v1,O2,p03006,main_default_opt_2,True,sub,17,15,-2
public_v1,O2,p03006,main_default_opt_2,True,switch,4,4,0
public_v1,O2,p03006,main_default_opt_2,True,xor,2,1,-1
public_v1,O2,p03006,main_default_opt_2,True,zext,9,7,-2
public_v1,O2,p03006,bundle_default_opt_3,True,add,73,54,-19
public_v1,O2,p03006,bundle_default_opt_3,True,alloca,2,2,0
public_v1,O2,p03006,bundle_default_opt_3,True,and,7,7,0
public_v1,O2,p03006,bundle_default_opt_3,True,ashr,8,7,-1
public_v1,O2,p03006,bundle_default_opt_3,True,br,81,82,1
public_v1,O2,p03006,bundle_default_opt_3,True,call,10,10,0
public_v1,O2,p03006,bundle_default_opt_3,True,extractvalue,10,10,0
public_v1,O2,p03006,bundle_default_opt_3,True,getelementptr,126,112,-14
public_v1,O2,p03006,bundle_default_opt_3,True,icmp,55,43,-12
public_v1,O2,p03006,bundle_default_opt_3,True,insertvalue,4,4,0
public_v1,O2,p03006,bundle_default_opt_3,True,inttoptr,11,7,-4
public_v1,O2,p03006,bundle_default_opt_3,True,load,81,80,-1
public_v1,O2,p03006,bundle_default_opt_3,True,mul,19,12,-7
public_v1,O2,p03006,bundle_default_opt_3,True,or,2,2,0
public_v1,O2,p03006,bundle_default_opt_3,True,phi,11,13,2
public_v1,O2,p03006,bundle_default_opt_3,True,ptrtoint,5,2,-3
public_v1,O2,p03006,bundle_default_opt_3,True,ret,3,3,0
public_v1,O2,p03006,bundle_default_opt_3,True,select,48,36,-12
public_v1,O2,p03006,bundle_default_opt_3,True,shl,7,7,0
public_v1,O2,p03006,bundle_default_opt_3,True,store,102,101,-1
public_v1,O2,p03006,bundle_default_opt_3,True,sub,14,11,-3
public_v1,O2,p03006,bundle_default_opt_3,True,switch,4,4,0
public_v1,O2,p03006,bundle_default_opt_3,True,xor,1,1,0
public_v1,O2,p03006,bundle_default_opt_3,True,zext,7,7,0
public_v1,O2,p03006,bundle_default_opt_4,True,add,54,54,0
public_v1,O2,p03006,bundle_default_opt_4,True,alloca,2,2,0
public_v1,O2,p03006,bundle_default_opt_4,True,and,7,7,0
public_v1,O2,p03006,bundle_default_opt_4,True,ashr,7,7,0
public_v1,O2,p03006,bundle_default_opt_4,True,br,82,82,0
public_v1,O2,p03006,bundle_default_opt_4,True,call,10,10,0
public_v1,O2,p03006,bundle_default_opt_4,True,extractvalue,10,10,0
public_v1,O2,p03006,bundle_default_opt_4,True,getelementptr,112,108,-4
public_v1,O2,p03006,bundle_default_opt_4,True,icmp,43,43,0
public_v1,O2,p03006,bundle_default_opt_4,True,insertvalue,4,4,0
public_v1,O2,p03006,bundle_default_opt_4,True,inttoptr,7,7,0
public_v1,O2,p03006,bundle_default_opt_4,True,load,80,80,0
public_v1,O2,p03006,bundle_default_opt_4,True,mul,12,12,0
public_v1,O2,p03006,bundle_default_opt_4,True,or,2,2,0
public_v1,O2,p03006,bundle_default_opt_4,True,phi,13,13,0
public_v1,O2,p03006,bundle_default_opt_4,True,ptrtoint,2,2,0
public_v1,O2,p03006,bundle_default_opt_4,True,ret,3,3,0
public_v1,O2,p03006,bundle_default_opt_4,True,select,36,36,0
public_v1,O2,p03006,bundle_default_opt_4,True,shl,7,7,0
public_v1,O2,p03006,bundle_default_opt_4,True,store,101,101,0
public_v1,O2,p03006,bundle_default_opt_4,True,sub,11,11,0
public_v1,O2,p03006,bundle_default_opt_4,True,switch,4,4,0
public_v1,O2,p03006,bundle_default_opt_4,True,xor,1,1,0
public_v1,O2,p03006,bundle_default_opt_4,True,zext,7,7,0
public_v1,O2,p03006,bundle_post_opt_4_custom_cleanup,True,add,54,54,0
public_v1,O2,p03006,bundle_post_opt_4_custom_cleanup,True,alloca,2,2,0
public_v1,O2,p03006,bundle_post_opt_4_custom_cleanup,True,and,7,7,0
public_v1,O2,p03006,bundle_post_opt_4_custom_cleanup,True,ashr,7,7,0
public_v1,O2,p03006,bundle_post_opt_4_custom_cleanup,True,br,82,82,0
public_v1,O2,p03006,bundle_post_opt_4_custom_cleanup,True,call,10,10,0
public_v1,O2,p03006,bundle_post_opt_4_custom_cleanup,True,extractvalue,10,10,0
public_v1,O2,p03006,bundle_post_opt_4_custom_cleanup,True,getelementptr,108,108,0
public_v1,O2,p03006,bundle_post_opt_4_custom_cleanup,True,icmp,43,43,0
public_v1,O2,p03006,bundle_post_opt_4_custom_cleanup,True,insertvalue,4,4,0
public_v1,O2,p03006,bundle_post_opt_4_custom_cleanup,True,inttoptr,7,7,0
public_v1,O2,p03006,bundle_post_opt_4_custom_cleanup,True,load,80,80,0
public_v1,O2,p03006,bundle_post_opt_4_custom_cleanup,True,mul,12,12,0
public_v1,O2,p03006,bundle_post_opt_4_custom_cleanup,True,or,2,2,0
public_v1,O2,p03006,bundle_post_opt_4_custom_cleanup,True,phi,13,13,0
public_v1,O2,p03006,bundle_post_opt_4_custom_cleanup,True,ptrtoint,2,2,0
public_v1,O2,p03006,bundle_post_opt_4_custom_cleanup,True,ret,3,3,0
public_v1,O2,p03006,bundle_post_opt_4_custom_cleanup,True,select,36,36,0
public_v1,O2,p03006,bundle_post_opt_4_custom_cleanup,True,shl,7,7,0
public_v1,O2,p03006,bundle_post_opt_4_custom_cleanup,True,store,101,101,0
public_v1,O2,p03006,bundle_post_opt_4_custom_cleanup,True,sub,11,11,0
public_v1,O2,p03006,bundle_post_opt_4_custom_cleanup,True,switch,4,4,0
public_v1,O2,p03006,bundle_post_opt_4_custom_cleanup,True,xor,1,1,0
public_v1,O2,p03006,bundle_post_opt_4_custom_cleanup,True,zext,7,7,0
public_v1,O2,p03111,main_default_opt_1,True,add,500,324,-176
public_v1,O2,p03111,main_default_opt_1,True,alloca,12,24,12
public_v1,O2,p03111,main_default_opt_1,True,and,135,76,-59
public_v1,O2,p03111,main_default_opt_1,True,ashr,4,3,-1
public_v1,O2,p03111,main_default_opt_1,True,br,70,65,-5
public_v1,O2,p03111,main_default_opt_1,True,call,81,83,2
public_v1,O2,p03111,main_default_opt_1,True,extractvalue,151,25,-126
public_v1,O2,p03111,main_default_opt_1,True,getelementptr,749,533,-216
public_v1,O2,p03111,main_default_opt_1,True,icmp,334,277,-57
public_v1,O2,p03111,main_default_opt_1,True,insertvalue,168,9,-159
public_v1,O2,p03111,main_default_opt_1,True,inttoptr,83,81,-2
public_v1,O2,p03111,main_default_opt_1,True,load,318,203,-115
public_v1,O2,p03111,main_default_opt_1,True,lshr,63,11,-52
public_v1,O2,p03111,main_default_opt_1,True,mul,25,24,-1
public_v1,O2,p03111,main_default_opt_1,True,or,64,65,1
public_v1,O2,p03111,main_default_opt_1,True,phi,37,39,2
public_v1,O2,p03111,main_default_opt_1,True,ptrtoint,26,20,-6
public_v1,O2,p03111,main_default_opt_1,True,ret,23,9,-14
public_v1,O2,p03111,main_default_opt_1,True,sdiv,4,3,-1
public_v1,O2,p03111,main_default_opt_1,True,select,245,239,-6
public_v1,O2,p03111,main_default_opt_1,True,sext,15,9,-6
public_v1,O2,p03111,main_default_opt_1,True,shl,9,9,0
public_v1,O2,p03111,main_default_opt_1,True,store,389,434,45
public_v1,O2,p03111,main_default_opt_1,True,sub,156,27,-129
public_v1,O2,p03111,main_default_opt_1,True,switch,2,1,-1
public_v1,O2,p03111,main_default_opt_1,True,trunc,90,21,-69
public_v1,O2,p03111,main_default_opt_1,True,unreachable,8,5,-3
public_v1,O2,p03111,main_default_opt_1,True,xor,108,52,-56
public_v1,O2,p03111,main_default_opt_1,True,zext,138,86,-52
public_v1,O2,p03111,main_default_opt_2,True,add,271,295,24
public_v1,O2,p03111,main_default_opt_2,True,alloca,17,17,0
public_v1,O2,p03111,main_default_opt_2,True,and,211,49,-162
public_v1,O2,p03111,main_default_opt_2,True,ashr,3,1,-2
public_v1,O2,p03111,main_default_opt_2,True,br,58,57,-1
public_v1,O2,p03111,main_default_opt_2,True,call,59,58,-1
public_v1,O2,p03111,main_default_opt_2,True,extractvalue,19,18,-1
public_v1,O2,p03111,main_default_opt_2,True,getelementptr,497,443,-54
public_v1,O2,p03111,main_default_opt_2,True,icmp,370,250,-120
public_v1,O2,p03111,main_default_opt_2,True,insertvalue,9,6,-3
public_v1,O2,p03111,main_default_opt_2,True,inttoptr,88,72,-16
public_v1,O2,p03111,main_default_opt_2,True,load,158,157,-1
public_v1,O2,p03111,main_default_opt_2,True,lshr,2,3,1
public_v1,O2,p03111,main_default_opt_2,True,mul,21,20,-1
public_v1,O2,p03111,main_default_opt_2,True,or,129,39,-90
public_v1,O2,p03111,main_default_opt_2,True,phi,27,24,-3
public_v1,O2,p03111,main_default_opt_2,True,ptrtoint,39,15,-24
public_v1,O2,p03111,main_default_opt_2,True,ret,4,4,0
public_v1,O2,p03111,main_default_opt_2,True,sdiv,3,2,-1
public_v1,O2,p03111,main_default_opt_2,True,select,271,223,-48
public_v1,O2,p03111,main_default_opt_2,True,sext,6,4,-2
public_v1,O2,p03111,main_default_opt_2,True,shl,9,9,0
public_v1,O2,p03111,main_default_opt_2,True,store,292,292,0
public_v1,O2,p03111,main_default_opt_2,True,sub,97,19,-78
public_v1,O2,p03111,main_default_opt_2,True,switch,1,1,0
public_v1,O2,p03111,main_default_opt_2,True,trunc,10,6,-4
public_v1,O2,p03111,main_default_opt_2,True,unreachable,5,4,-1
public_v1,O2,p03111,main_default_opt_2,True,xor,34,34,0
public_v1,O2,p03111,main_default_opt_2,True,zext,63,62,-1
public_v1,O2,p03111,bundle_default_opt_3,True,add,79,73,-6
public_v1,O2,p03111,bundle_default_opt_3,True,alloca,17,17,0
public_v1,O2,p03111,bundle_default_opt_3,True,and,49,49,0
public_v1,O2,p03111,bundle_default_opt_3,True,ashr,1,1,0
public_v1,O2,p03111,bundle_default_opt_3,True,br,57,57,0
public_v1,O2,p03111,bundle_default_opt_3,True,call,129,129,0
public_v1,O2,p03111,bundle_default_opt_3,True,extractvalue,18,18,0
public_v1,O2,p03111,bundle_default_opt_3,True,getelementptr,239,232,-7
public_v1,O2,p03111,bundle_default_opt_3,True,icmp,40,40,0
public_v1,O2,p03111,bundle_default_opt_3,True,insertvalue,6,6,0
public_v1,O2,p03111,bundle_default_opt_3,True,inttoptr,2,2,0
public_v1,O2,p03111,bundle_default_opt_3,True,load,157,153,-4
public_v1,O2,p03111,bundle_default_opt_3,True,lshr,3,3,0
public_v1,O2,p03111,bundle_default_opt_3,True,mul,20,20,0
public_v1,O2,p03111,bundle_default_opt_3,True,or,39,39,0
public_v1,O2,p03111,bundle_default_opt_3,True,phi,22,24,2
public_v1,O2,p03111,bundle_default_opt_3,True,ptrtoint,21,15,-6
public_v1,O2,p03111,bundle_default_opt_3,True,ret,5,5,0
public_v1,O2,p03111,bundle_default_opt_3,True,sdiv,2,2,0
public_v1,O2,p03111,bundle_default_opt_3,True,select,13,13,0
public_v1,O2,p03111,bundle_default_opt_3,True,sext,4,4,0
public_v1,O2,p03111,bundle_default_opt_3,True,shl,9,9,0
public_v1,O2,p03111,bundle_default_opt_3,True,store,292,286,-6
public_v1,O2,p03111,bundle_default_opt_3,True,sub,17,11,-6
public_v1,O2,p03111,bundle_default_opt_3,True,switch,1,1,0
public_v1,O2,p03111,bundle_default_opt_3,True,trunc,6,6,0
public_v1,O2,p03111,bundle_default_opt_3,True,unreachable,4,4,0
public_v1,O2,p03111,bundle_default_opt_3,True,xor,34,34,0
public_v1,O2,p03111,bundle_default_opt_3,True,zext,62,62,0
public_v1,O2,p03111,bundle_default_opt_4,True,add,73,73,0
public_v1,O2,p03111,bundle_default_opt_4,True,alloca,17,17,0
public_v1,O2,p03111,bundle_default_opt_4,True,and,49,49,0
public_v1,O2,p03111,bundle_default_opt_4,True,ashr,1,1,0
public_v1,O2,p03111,bundle_default_opt_4,True,br,57,57,0
public_v1,O2,p03111,bundle_default_opt_4,True,call,129,129,0
public_v1,O2,p03111,bundle_default_opt_4,True,extractvalue,18,18,0
public_v1,O2,p03111,bundle_default_opt_4,True,getelementptr,232,228,-4
public_v1,O2,p03111,bundle_default_opt_4,True,icmp,40,40,0
public_v1,O2,p03111,bundle_default_opt_4,True,insertvalue,6,6,0
public_v1,O2,p03111,bundle_default_opt_4,True,inttoptr,2,2,0
public_v1,O2,p03111,bundle_default_opt_4,True,load,153,153,0
public_v1,O2,p03111,bundle_default_opt_4,True,lshr,3,3,0
public_v1,O2,p03111,bundle_default_opt_4,True,mul,20,20,0
public_v1,O2,p03111,bundle_default_opt_4,True,or,39,39,0
public_v1,O2,p03111,bundle_default_opt_4,True,phi,24,24,0
public_v1,O2,p03111,bundle_default_opt_4,True,ptrtoint,15,15,0
public_v1,O2,p03111,bundle_default_opt_4,True,ret,5,5,0
public_v1,O2,p03111,bundle_default_opt_4,True,sdiv,2,2,0
public_v1,O2,p03111,bundle_default_opt_4,True,select,13,13,0
public_v1,O2,p03111,bundle_default_opt_4,True,sext,4,4,0
public_v1,O2,p03111,bundle_default_opt_4,True,shl,9,9,0
public_v1,O2,p03111,bundle_default_opt_4,True,store,286,286,0
public_v1,O2,p03111,bundle_default_opt_4,True,sub,11,11,0
public_v1,O2,p03111,bundle_default_opt_4,True,switch,1,1,0
public_v1,O2,p03111,bundle_default_opt_4,True,trunc,6,6,0
public_v1,O2,p03111,bundle_default_opt_4,True,unreachable,4,4,0
public_v1,O2,p03111,bundle_default_opt_4,True,xor,34,34,0
public_v1,O2,p03111,bundle_default_opt_4,True,zext,62,62,0
public_v1,O2,p03111,bundle_post_opt_4_custom_cleanup,True,add,73,73,0
public_v1,O2,p03111,bundle_post_opt_4_custom_cleanup,True,alloca,17,17,0
public_v1,O2,p03111,bundle_post_opt_4_custom_cleanup,True,and,49,49,0
public_v1,O2,p03111,bundle_post_opt_4_custom_cleanup,True,ashr,1,1,0
public_v1,O2,p03111,bundle_post_opt_4_custom_cleanup,True,br,57,57,0
public_v1,O2,p03111,bundle_post_opt_4_custom_cleanup,True,call,129,129,0
public_v1,O2,p03111,bundle_post_opt_4_custom_cleanup,True,extractvalue,18,18,0
public_v1,O2,p03111,bundle_post_opt_4_custom_cleanup,True,getelementptr,228,228,0
public_v1,O2,p03111,bundle_post_opt_4_custom_cleanup,True,icmp,40,40,0
public_v1,O2,p03111,bundle_post_opt_4_custom_cleanup,True,insertvalue,6,6,0
public_v1,O2,p03111,bundle_post_opt_4_custom_cleanup,True,inttoptr,2,2,0
public_v1,O2,p03111,bundle_post_opt_4_custom_cleanup,True,load,153,153,0
public_v1,O2,p03111,bundle_post_opt_4_custom_cleanup,True,lshr,3,3,0
public_v1,O2,p03111,bundle_post_opt_4_custom_cleanup,True,mul,20,20,0
public_v1,O2,p03111,bundle_post_opt_4_custom_cleanup,True,or,39,39,0
public_v1,O2,p03111,bundle_post_opt_4_custom_cleanup,True,phi,24,24,0
public_v1,O2,p03111,bundle_post_opt_4_custom_cleanup,True,ptrtoint,15,15,0
public_v1,O2,p03111,bundle_post_opt_4_custom_cleanup,True,ret,5,5,0
public_v1,O2,p03111,bundle_post_opt_4_custom_cleanup,True,sdiv,2,2,0
public_v1,O2,p03111,bundle_post_opt_4_custom_cleanup,True,select,13,13,0
public_v1,O2,p03111,bundle_post_opt_4_custom_cleanup,True,sext,4,4,0
public_v1,O2,p03111,bundle_post_opt_4_custom_cleanup,True,shl,9,9,0
public_v1,O2,p03111,bundle_post_opt_4_custom_cleanup,True,store,286,286,0
public_v1,O2,p03111,bundle_post_opt_4_custom_cleanup,True,sub,11,11,0
public_v1,O2,p03111,bundle_post_opt_4_custom_cleanup,True,switch,1,1,0
public_v1,O2,p03111,bundle_post_opt_4_custom_cleanup,True,trunc,6,6,0
public_v1,O2,p03111,bundle_post_opt_4_custom_cleanup,True,unreachable,4,4,0
public_v1,O2,p03111,bundle_post_opt_4_custom_cleanup,True,xor,34,34,0
public_v1,O2,p03111,bundle_post_opt_4_custom_cleanup,True,zext,62,62,0
public_v1,O2,p03142,main_default_opt_1,True,add,437,325,-112
public_v1,O2,p03142,main_default_opt_1,True,alloca,12,18,6
public_v1,O2,p03142,main_default_opt_1,True,and,130,95,-35
public_v1,O2,p03142,main_default_opt_1,True,br,82,73,-9
public_v1,O2,p03142,main_default_opt_1,True,call,56,59,3
public_v1,O2,p03142,main_default_opt_1,True,extractvalue,121,26,-95
public_v1,O2,p03142,main_default_opt_1,True,getelementptr,692,457,-235
public_v1,O2,p03142,main_default_opt_1,True,icmp,306,274,-32
public_v1,O2,p03142,main_default_opt_1,True,insertvalue,141,15,-126
public_v1,O2,p03142,main_default_opt_1,True,inttoptr,79,80,1
public_v1,O2,p03142,main_default_opt_1,True,load,321,241,-80
public_v1,O2,p03142,main_default_opt_1,True,lshr,39,13,-26
public_v1,O2,p03142,main_default_opt_1,True,mul,24,24,0
public_v1,O2,p03142,main_default_opt_1,True,or,79,79,0
public_v1,O2,p03142,main_default_opt_1,True,phi,61,60,-1
public_v1,O2,p03142,main_default_opt_1,True,ptrtoint,28,26,-2
public_v1,O2,p03142,main_default_opt_1,True,ret,21,8,-13
public_v1,O2,p03142,main_default_opt_1,True,select,231,235,4
public_v1,O2,p03142,main_default_opt_1,True,sext,51,50,-1
public_v1,O2,p03142,main_default_opt_1,True,shl,56,56,0
public_v1,O2,p03142,main_default_opt_1,True,store,340,368,28
public_v1,O2,p03142,main_default_opt_1,True,sub,117,28,-89
public_v1,O2,p03142,main_default_opt_1,True,switch,4,3,-1
public_v1,O2,p03142,main_default_opt_1,True,trunc,83,52,-31
public_v1,O2,p03142,main_default_opt_1,True,xor,91,61,-30
public_v1,O2,p03142,main_default_opt_1,True,zext,134,94,-40
public_v1,O2,p03142,main_default_opt_2,True,add,297,297,0
public_v1,O2,p03142,main_default_opt_2,True,alloca,13,13,0
public_v1,O2,p03142,main_default_opt_2,True,and,205,63,-142
public_v1,O2,p03142,main_default_opt_2,True,br,69,67,-2
public_v1,O2,p03142,main_default_opt_2,True,call,38,38,0
public_v1,O2,p03142,main_default_opt_2,True,extractvalue,22,6,-16
public_v1,O2,p03142,main_default_opt_2,True,getelementptr,473,424,-49
public_v1,O2,p03142,main_default_opt_2,True,icmp,368,258,-110
public_v1,O2,p03142,main_default_opt_2,True,insertvalue,15,4,-11
public_v1,O2,p03142,main_default_opt_2,True,inttoptr,87,75,-12
public_v1,O2,p03142,main_default_opt_2,True,load,196,195,-1
public_v1,O2,p03142,main_default_opt_2,True,mul,17,17,0
public_v1,O2,p03142,main_default_opt_2,True,or,133,53,-80
public_v1,O2,p03142,main_default_opt_2,True,phi,49,34,-15
public_v1,O2,p03142,main_default_opt_2,True,ptrtoint,37,18,-19
public_v1,O2,p03142,main_default_opt_2,True,ret,3,3,0
public_v1,O2,p03142,main_default_opt_2,True,select,283,247,-36
public_v1,O2,p03142,main_default_opt_2,True,sext,47,47,0
public_v1,O2,p03142,main_default_opt_2,True,shl,56,56,0
public_v1,O2,p03142,main_default_opt_2,True,store,263,264,1
public_v1,O2,p03142,main_default_opt_2,True,sub,86,8,-78
public_v1,O2,p03142,main_default_opt_2,True,switch,3,3,0
public_v1,O2,p03142,main_default_opt_2,True,trunc,37,36,-1
public_v1,O2,p03142,main_default_opt_2,True,xor,33,34,1
public_v1,O2,p03142,main_default_opt_2,True,zext,57,58,1
public_v1,O2,p03142,bundle_default_opt_3,True,add,75,71,-4
public_v1,O2,p03142,bundle_default_opt_3,True,alloca,13,13,0
public_v1,O2,p03142,bundle_default_opt_3,True,and,63,58,-5
public_v1,O2,p03142,bundle_default_opt_3,True,br,67,66,-1
public_v1,O2,p03142,bundle_default_opt_3,True,call,112,112,0
public_v1,O2,p03142,bundle_default_opt_3,True,extractvalue,4,4,0
public_v1,O2,p03142,bundle_default_opt_3,True,getelementptr,205,193,-12
public_v1,O2,p03142,bundle_default_opt_3,True,icmp,36,36,0
public_v1,O2,p03142,bundle_default_opt_3,True,insertvalue,4,3,-1
public_v1,O2,p03142,bundle_default_opt_3,True,inttoptr,1,1,0
public_v1,O2,p03142,bundle_default_opt_3,True,load,195,195,0
public_v1,O2,p03142,bundle_default_opt_3,True,mul,17,17,0
public_v1,O2,p03142,bundle_default_opt_3,True,or,53,46,-7
public_v1,O2,p03142,bundle_default_opt_3,True,phi,34,30,-4
public_v1,O2,p03142,bundle_default_opt_3,True,ptrtoint,22,17,-5
public_v1,O2,p03142,bundle_default_opt_3,True,ret,4,4,0
public_v1,O2,p03142,bundle_default_opt_3,True,select,13,13,0
public_v1,O2,p03142,bundle_default_opt_3,True,sext,47,47,0
public_v1,O2,p03142,bundle_default_opt_3,True,shl,56,56,0
public_v1,O2,p03142,bundle_default_opt_3,True,store,264,217,-47
public_v1,O2,p03142,bundle_default_opt_3,True,sub,7,5,-2
public_v1,O2,p03142,bundle_default_opt_3,True,switch,3,3,0
public_v1,O2,p03142,bundle_default_opt_3,True,trunc,36,36,0
public_v1,O2,p03142,bundle_default_opt_3,True,xor,34,33,-1
public_v1,O2,p03142,bundle_default_opt_3,True,zext,58,61,3
public_v1,O2,p03142,bundle_default_opt_4,True,add,71,71,0
public_v1,O2,p03142,bundle_default_opt_4,True,alloca,13,13,0
public_v1,O2,p03142,bundle_default_opt_4,True,and,58,58,0
public_v1,O2,p03142,bundle_default_opt_4,True,br,66,65,-1
public_v1,O2,p03142,bundle_default_opt_4,True,call,112,112,0
public_v1,O2,p03142,bundle_default_opt_4,True,extractvalue,4,4,0
public_v1,O2,p03142,bundle_default_opt_4,True,getelementptr,193,192,-1
public_v1,O2,p03142,bundle_default_opt_4,True,icmp,36,36,0
public_v1,O2,p03142,bundle_default_opt_4,True,insertvalue,3,3,0
public_v1,O2,p03142,bundle_default_opt_4,True,inttoptr,1,1,0
public_v1,O2,p03142,bundle_default_opt_4,True,load,195,194,-1
public_v1,O2,p03142,bundle_default_opt_4,True,mul,17,17,0
public_v1,O2,p03142,bundle_default_opt_4,True,or,46,46,0
public_v1,O2,p03142,bundle_default_opt_4,True,phi,30,30,0
public_v1,O2,p03142,bundle_default_opt_4,True,ptrtoint,17,17,0
public_v1,O2,p03142,bundle_default_opt_4,True,ret,4,4,0
public_v1,O2,p03142,bundle_default_opt_4,True,select,13,13,0
public_v1,O2,p03142,bundle_default_opt_4,True,sext,47,47,0
public_v1,O2,p03142,bundle_default_opt_4,True,shl,56,56,0
public_v1,O2,p03142,bundle_default_opt_4,True,store,217,217,0
public_v1,O2,p03142,bundle_default_opt_4,True,sub,5,5,0
public_v1,O2,p03142,bundle_default_opt_4,True,switch,3,3,0
public_v1,O2,p03142,bundle_default_opt_4,True,trunc,36,36,0
public_v1,O2,p03142,bundle_default_opt_4,True,xor,33,33,0
public_v1,O2,p03142,bundle_default_opt_4,True,zext,61,61,0
public_v1,O2,p03142,bundle_post_opt_4_custom_cleanup,True,add,71,71,0
public_v1,O2,p03142,bundle_post_opt_4_custom_cleanup,True,alloca,13,13,0
public_v1,O2,p03142,bundle_post_opt_4_custom_cleanup,True,and,58,58,0
public_v1,O2,p03142,bundle_post_opt_4_custom_cleanup,True,br,65,65,0
public_v1,O2,p03142,bundle_post_opt_4_custom_cleanup,True,call,112,112,0
public_v1,O2,p03142,bundle_post_opt_4_custom_cleanup,True,extractvalue,4,4,0
public_v1,O2,p03142,bundle_post_opt_4_custom_cleanup,True,getelementptr,192,192,0
public_v1,O2,p03142,bundle_post_opt_4_custom_cleanup,True,icmp,36,36,0
public_v1,O2,p03142,bundle_post_opt_4_custom_cleanup,True,insertvalue,3,3,0
public_v1,O2,p03142,bundle_post_opt_4_custom_cleanup,True,inttoptr,1,1,0
public_v1,O2,p03142,bundle_post_opt_4_custom_cleanup,True,load,194,194,0
public_v1,O2,p03142,bundle_post_opt_4_custom_cleanup,True,mul,17,17,0
public_v1,O2,p03142,bundle_post_opt_4_custom_cleanup,True,or,46,46,0
public_v1,O2,p03142,bundle_post_opt_4_custom_cleanup,True,phi,30,30,0
public_v1,O2,p03142,bundle_post_opt_4_custom_cleanup,True,ptrtoint,17,17,0
public_v1,O2,p03142,bundle_post_opt_4_custom_cleanup,True,ret,4,4,0
public_v1,O2,p03142,bundle_post_opt_4_custom_cleanup,True,select,13,13,0
public_v1,O2,p03142,bundle_post_opt_4_custom_cleanup,True,sext,47,47,0
public_v1,O2,p03142,bundle_post_opt_4_custom_cleanup,True,shl,56,56,0
public_v1,O2,p03142,bundle_post_opt_4_custom_cleanup,True,store,217,217,0
public_v1,O2,p03142,bundle_post_opt_4_custom_cleanup,True,sub,5,5,0
public_v1,O2,p03142,bundle_post_opt_4_custom_cleanup,True,switch,3,3,0
public_v1,O2,p03142,bundle_post_opt_4_custom_cleanup,True,trunc,36,36,0
public_v1,O2,p03142,bundle_post_opt_4_custom_cleanup,True,xor,33,33,0
public_v1,O2,p03142,bundle_post_opt_4_custom_cleanup,True,zext,61,61,0
public_v1,O2,p03199,main_default_opt_1,True,add,601,297,-304
public_v1,O2,p03199,main_default_opt_1,True,alloca,11,9,-2
public_v1,O2,p03199,main_default_opt_1,True,and,293,222,-71
public_v1,O2,p03199,main_default_opt_1,True,ashr,25,21,-4
public_v1,O2,p03199,main_default_opt_1,True,br,176,185,9
public_v1,O2,p03199,main_default_opt_1,True,call,64,41,-23
public_v1,O2,p03199,main_default_opt_1,True,extractvalue,98,38,-60
public_v1,O2,p03199,main_default_opt_1,True,freeze,0,1,1
public_v1,O2,p03199,main_default_opt_1,True,getelementptr,735,488,-247
public_v1,O2,p03199,main_default_opt_1,True,icmp,342,269,-73
public_v1,O2,p03199,main_default_opt_1,True,insertvalue,106,14,-92
public_v1,O2,p03199,main_default_opt_1,True,inttoptr,58,46,-12
public_v1,O2,p03199,main_default_opt_1,True,load,451,352,-99
public_v1,O2,p03199,main_default_opt_1,True,lshr,44,11,-33
public_v1,O2,p03199,main_default_opt_1,True,mul,83,84,1
public_v1,O2,p03199,main_default_opt_1,True,or,179,134,-45
public_v1,O2,p03199,main_default_opt_1,True,phi,46,73,27
public_v1,O2,p03199,main_default_opt_1,True,ptrtoint,22,17,-5
public_v1,O2,p03199,main_default_opt_1,True,ret,13,6,-7
public_v1,O2,p03199,main_default_opt_1,True,sdiv,6,5,-1
public_v1,O2,p03199,main_default_opt_1,True,select,202,165,-37
public_v1,O2,p03199,main_default_opt_1,True,sext,49,42,-7
public_v1,O2,p03199,main_default_opt_1,True,shl,39,30,-9
public_v1,O2,p03199,main_default_opt_1,True,srem,5,5,0
public_v1,O2,p03199,main_default_opt_1,True,store,552,534,-18
public_v1,O2,p03199,main_default_opt_1,True,sub,264,24,-240
public_v1,O2,p03199,main_default_opt_1,True,switch,6,4,-2
public_v1,O2,p03199,main_default_opt_1,True,trunc,97,45,-52
public_v1,O2,p03199,main_default_opt_1,True,unreachable,6,5,-1
public_v1,O2,p03199,main_default_opt_1,True,xor,166,119,-47
public_v1,O2,p03199,main_default_opt_1,True,zext,328,251,-77
public_v1,O2,p03199,main_default_opt_2,True,add,235,241,6
public_v1,O2,p03199,main_default_opt_2,True,alloca,11,11,0
public_v1,O2,p03199,main_default_opt_2,True,and,71,63,-8
public_v1,O2,p03199,main_default_opt_2,True,ashr,21,21,0
public_v1,O2,p03199,main_default_opt_2,True,br,185,185,0
public_v1,O2,p03199,main_default_opt_2,True,call,46,30,-16
public_v1,O2,p03199,main_default_opt_2,True,extractvalue,30,30,0
public_v1,O2,p03199,main_default_opt_2,True,freeze,1,1,0
public_v1,O2,p03199,main_default_opt_2,True,getelementptr,434,426,-8
public_v1,O2,p03199,main_default_opt_2,True,icmp,218,207,-11
public_v1,O2,p03199,main_default_opt_2,True,insertvalue,14,14,0
public_v1,O2,p03199,main_default_opt_2,True,inttoptr,43,43,0
public_v1,O2,p03199,main_default_opt_2,True,load,249,260,11
public_v1,O2,p03199,main_default_opt_2,True,lshr,11,11,0
public_v1,O2,p03199,main_default_opt_2,True,mul,32,32,0
public_v1,O2,p03199,main_default_opt_2,True,or,21,21,0
public_v1,O2,p03199,main_default_opt_2,True,phi,62,62,0
public_v1,O2,p03199,main_default_opt_2,True,ptrtoint,15,15,0
public_v1,O2,p03199,main_default_opt_2,True,ret,7,7,0
public_v1,O2,p03199,main_default_opt_2,True,sdiv,5,5,0
public_v1,O2,p03199,main_default_opt_2,True,select,158,156,-2
public_v1,O2,p03199,main_default_opt_2,True,sext,42,42,0
public_v1,O2,p03199,main_default_opt_2,True,shl,30,30,0
public_v1,O2,p03199,main_default_opt_2,True,srem,5,4,-1
public_v1,O2,p03199,main_default_opt_2,True,store,482,496,14
public_v1,O2,p03199,main_default_opt_2,True,sub,30,21,-9
public_v1,O2,p03199,main_default_opt_2,True,switch,4,4,0
public_v1,O2,p03199,main_default_opt_2,True,trunc,34,33,-1
public_v1,O2,p03199,main_default_opt_2,True,unreachable,5,5,0
public_v1,O2,p03199,main_default_opt_2,True,xor,18,17,-1
public_v1,O2,p03199,main_default_opt_2,True,zext,81,76,-5
public_v1,O2,p03199,bundle_default_opt_3,True,add,118,103,-15
public_v1,O2,p03199,bundle_default_opt_3,True,alloca,11,11,0
public_v1,O2,p03199,bundle_default_opt_3,True,and,60,50,-10
public_v1,O2,p03199,bundle_default_opt_3,True,ashr,21,21,0
public_v1,O2,p03199,bundle_default_opt_3,True,br,185,185,0
public_v1,O2,p03199,bundle_default_opt_3,True,call,68,68,0
public_v1,O2,p03199,bundle_default_opt_3,True,extractvalue,18,18,0
public_v1,O2,p03199,bundle_default_opt_3,True,freeze,1,1,0
public_v1,O2,p03199,bundle_default_opt_3,True,getelementptr,229,214,-15
public_v1,O2,p03199,bundle_default_opt_3,True,icmp,88,86,-2
public_v1,O2,p03199,bundle_default_opt_3,True,insertvalue,14,8,-6
public_v1,O2,p03199,bundle_default_opt_3,True,inttoptr,4,4,0
public_v1,O2,p03199,bundle_default_opt_3,True,load,247,238,-9
public_v1,O2,p03199,bundle_default_opt_3,True,lshr,8,8,0
public_v1,O2,p03199,bundle_default_opt_3,True,mul,32,27,-5
public_v1,O2,p03199,bundle_default_opt_3,True,or,21,17,-4
public_v1,O2,p03199,bundle_default_opt_3,True,phi,61,53,-8
public_v1,O2,p03199,bundle_default_opt_3,True,ptrtoint,24,10,-14
public_v1,O2,p03199,bundle_default_opt_3,True,ret,9,9,0
public_v1,O2,p03199,bundle_default_opt_3,True,sdiv,5,5,0
public_v1,O2,p03199,bundle_default_opt_3,True,select,40,40,0
public_v1,O2,p03199,bundle_default_opt_3,True,sext,42,41,-1
public_v1,O2,p03199,bundle_default_opt_3,True,shl,30,30,0
public_v1,O2,p03199,bundle_default_opt_3,True,srem,4,4,0
public_v1,O2,p03199,bundle_default_opt_3,True,store,463,457,-6
public_v1,O2,p03199,bundle_default_opt_3,True,sub,23,8,-15
public_v1,O2,p03199,bundle_default_opt_3,True,switch,4,4,0
public_v1,O2,p03199,bundle_default_opt_3,True,trunc,31,30,-1
public_v1,O2,p03199,bundle_default_opt_3,True,unreachable,5,5,0
public_v1,O2,p03199,bundle_default_opt_3,True,xor,14,9,-5
public_v1,O2,p03199,bundle_default_opt_3,True,zext,73,67,-6
public_v1,O2,p03199,bundle_default_opt_4,True,add,103,103,0
public_v1,O2,p03199,bundle_default_opt_4,True,alloca,11,11,0
public_v1,O2,p03199,bundle_default_opt_4,True,and,50,50,0
public_v1,O2,p03199,bundle_default_opt_4,True,ashr,21,21,0
public_v1,O2,p03199,bundle_default_opt_4,True,br,185,185,0
public_v1,O2,p03199,bundle_default_opt_4,True,call,68,68,0
public_v1,O2,p03199,bundle_default_opt_4,True,extractvalue,18,18,0
public_v1,O2,p03199,bundle_default_opt_4,True,freeze,1,1,0
public_v1,O2,p03199,bundle_default_opt_4,True,getelementptr,214,177,-37
public_v1,O2,p03199,bundle_default_opt_4,True,icmp,86,86,0
public_v1,O2,p03199,bundle_default_opt_4,True,insertvalue,8,8,0
public_v1,O2,p03199,bundle_default_opt_4,True,inttoptr,4,4,0
public_v1,O2,p03199,bundle_default_opt_4,True,load,238,231,-7
public_v1,O2,p03199,bundle_default_opt_4,True,lshr,8,8,0
public_v1,O2,p03199,bundle_default_opt_4,True,mul,27,27,0
public_v1,O2,p03199,bundle_default_opt_4,True,or,17,17,0
public_v1,O2,p03199,bundle_default_opt_4,True,phi,53,53,0
public_v1,O2,p03199,bundle_default_opt_4,True,ptrtoint,10,10,0
public_v1,O2,p03199,bundle_default_opt_4,True,ret,9,9,0
public_v1,O2,p03199,bundle_default_opt_4,True,sdiv,5,5,0
public_v1,O2,p03199,bundle_default_opt_4,True,select,40,40,0
public_v1,O2,p03199,bundle_default_opt_4,True,sext,41,39,-2
public_v1,O2,p03199,bundle_default_opt_4,True,shl,30,28,-2
public_v1,O2,p03199,bundle_default_opt_4,True,srem,4,4,0
public_v1,O2,p03199,bundle_default_opt_4,True,store,457,457,0
public_v1,O2,p03199,bundle_default_opt_4,True,sub,8,8,0
public_v1,O2,p03199,bundle_default_opt_4,True,switch,4,4,0
public_v1,O2,p03199,bundle_default_opt_4,True,trunc,30,30,0
public_v1,O2,p03199,bundle_default_opt_4,True,unreachable,5,5,0
public_v1,O2,p03199,bundle_default_opt_4,True,xor,9,9,0
public_v1,O2,p03199,bundle_default_opt_4,True,zext,67,67,0
public_v1,O2,p03199,bundle_post_opt_4_custom_cleanup,True,add,103,101,-2
public_v1,O2,p03199,bundle_post_opt_4_custom_cleanup,True,alloca,11,11,0
public_v1,O2,p03199,bundle_post_opt_4_custom_cleanup,True,and,50,50,0
public_v1,O2,p03199,bundle_post_opt_4_custom_cleanup,True,ashr,21,21,0
public_v1,O2,p03199,bundle_post_opt_4_custom_cleanup,True,br,185,185,0
public_v1,O2,p03199,bundle_post_opt_4_custom_cleanup,True,call,68,68,0
public_v1,O2,p03199,bundle_post_opt_4_custom_cleanup,True,extractvalue,18,18,0
public_v1,O2,p03199,bundle_post_opt_4_custom_cleanup,True,freeze,1,1,0
public_v1,O2,p03199,bundle_post_opt_4_custom_cleanup,True,getelementptr,177,175,-2
public_v1,O2,p03199,bundle_post_opt_4_custom_cleanup,True,icmp,86,85,-1
public_v1,O2,p03199,bundle_post_opt_4_custom_cleanup,True,insertvalue,8,8,0
public_v1,O2,p03199,bundle_post_opt_4_custom_cleanup,True,inttoptr,4,4,0
public_v1,O2,p03199,bundle_post_opt_4_custom_cleanup,True,load,231,231,0
public_v1,O2,p03199,bundle_post_opt_4_custom_cleanup,True,lshr,8,8,0
public_v1,O2,p03199,bundle_post_opt_4_custom_cleanup,True,mul,27,27,0
public_v1,O2,p03199,bundle_post_opt_4_custom_cleanup,True,or,17,17,0
public_v1,O2,p03199,bundle_post_opt_4_custom_cleanup,True,phi,53,50,-3
public_v1,O2,p03199,bundle_post_opt_4_custom_cleanup,True,ptrtoint,10,10,0
public_v1,O2,p03199,bundle_post_opt_4_custom_cleanup,True,ret,9,9,0
public_v1,O2,p03199,bundle_post_opt_4_custom_cleanup,True,sdiv,5,5,0
public_v1,O2,p03199,bundle_post_opt_4_custom_cleanup,True,select,40,39,-1
public_v1,O2,p03199,bundle_post_opt_4_custom_cleanup,True,sext,39,39,0
public_v1,O2,p03199,bundle_post_opt_4_custom_cleanup,True,shl,28,28,0
public_v1,O2,p03199,bundle_post_opt_4_custom_cleanup,True,srem,4,4,0
public_v1,O2,p03199,bundle_post_opt_4_custom_cleanup,True,store,457,457,0
public_v1,O2,p03199,bundle_post_opt_4_custom_cleanup,True,sub,8,8,0
public_v1,O2,p03199,bundle_post_opt_4_custom_cleanup,True,switch,4,4,0
public_v1,O2,p03199,bundle_post_opt_4_custom_cleanup,True,trunc,30,30,0
public_v1,O2,p03199,bundle_post_opt_4_custom_cleanup,True,unreachable,5,5,0
public_v1,O2,p03199,bundle_post_opt_4_custom_cleanup,True,xor,9,9,0
public_v1,O2,p03199,bundle_post_opt_4_custom_cleanup,True,zext,67,67,0
public_v1,O2,p03261,main_default_opt_1,True,add,34,18,-16
public_v1,O2,p03261,main_default_opt_1,True,alloca,11,3,-8
public_v1,O2,p03261,main_default_opt_1,True,and,8,7,-1
public_v1,O2,p03261,main_default_opt_1,True,ashr,1,1,0
public_v1,O2,p03261,main_default_opt_1,True,br,17,16,-1
public_v1,O2,p03261,main_default_opt_1,True,call,30,11,-19
public_v1,O2,p03261,main_default_opt_1,True,extractvalue,14,0,-14
public_v1,O2,p03261,main_default_opt_1,True,getelementptr,104,43,-61
public_v1,O2,p03261,main_default_opt_1,True,icmp,14,18,4
public_v1,O2,p03261,main_default_opt_1,True,insertvalue,23,0,-23
public_v1,O2,p03261,main_default_opt_1,True,inttoptr,2,2,0
public_v1,O2,p03261,main_default_opt_1,True,load,44,18,-26
public_v1,O2,p03261,main_default_opt_1,True,lshr,2,2,0
public_v1,O2,p03261,main_default_opt_1,True,mul,1,1,0
public_v1,O2,p03261,main_default_opt_1,True,or,1,2,1
public_v1,O2,p03261,main_default_opt_1,True,phi,7,11,4
public_v1,O2,p03261,main_default_opt_1,True,ptrtoint,6,5,-1
public_v1,O2,p03261,main_default_opt_1,True,ret,3,2,-1
public_v1,O2,p03261,main_default_opt_1,True,select,9,10,1
public_v1,O2,p03261,main_default_opt_1,True,sext,8,3,-5
public_v1,O2,p03261,main_default_opt_1,True,shl,7,6,-1
public_v1,O2,p03261,main_default_opt_1,True,store,181,80,-101
public_v1,O2,p03261,main_default_opt_1,True,sub,16,1,-15
public_v1,O2,p03261,main_default_opt_1,True,trunc,5,7,2
public_v1,O2,p03261,main_default_opt_1,True,xor,4,4,0
public_v1,O2,p03261,main_default_opt_1,True,zext,14,15,1
public_v1,O2,p03261,main_default_opt_2,True,add,10,7,-3
public_v1,O2,p03261,main_default_opt_2,True,alloca,1,1,0
public_v1,O2,p03261,main_default_opt_2,True,and,8,0,-8
public_v1,O2,p03261,main_default_opt_2,True,ashr,1,1,0
public_v1,O2,p03261,main_default_opt_2,True,br,16,14,-2
public_v1,O2,p03261,main_default_opt_2,True,call,6,5,-1
public_v1,O2,p03261,main_default_opt_2,True,getelementptr,25,21,-4
public_v1,O2,p03261,main_default_opt_2,True,icmp,12,12,0
public_v1,O2,p03261,main_default_opt_2,True,inttoptr,1,0,-1
public_v1,O2,p03261,main_default_opt_2,True,load,5,5,0
public_v1,O2,p03261,main_default_opt_2,True,or,8,0,-8
public_v1,O2,p03261,main_default_opt_2,True,phi,7,7,0
public_v1,O2,p03261,main_default_opt_2,True,ptrtoint,2,0,-2
public_v1,O2,p03261,main_default_opt_2,True,ret,3,2,-1
public_v1,O2,p03261,main_default_opt_2,True,select,7,7,0
public_v1,O2,p03261,main_default_opt_2,True,sext,1,1,0
public_v1,O2,p03261,main_default_opt_2,True,shl,6,6,0
public_v1,O2,p03261,main_default_opt_2,True,store,34,34,0
public_v1,O2,p03261,main_default_opt_2,True,sub,1,0,-1
public_v1,O2,p03261,main_default_opt_2,True,trunc,4,4,0
public_v1,O2,p03261,main_default_opt_2,True,zext,6,4,-2
public_v1,O2,p03261,bundle_default_opt_3,True,add,7,7,0
public_v1,O2,p03261,bundle_default_opt_3,True,alloca,1,1,0
public_v1,O2,p03261,bundle_default_opt_3,True,ashr,1,1,0
public_v1,O2,p03261,bundle_default_opt_3,True,br,14,14,0
public_v1,O2,p03261,bundle_default_opt_3,True,call,5,5,0
public_v1,O2,p03261,bundle_default_opt_3,True,getelementptr,21,21,0
public_v1,O2,p03261,bundle_default_opt_3,True,icmp,12,12,0
public_v1,O2,p03261,bundle_default_opt_3,True,load,5,5,0
public_v1,O2,p03261,bundle_default_opt_3,True,phi,7,7,0
public_v1,O2,p03261,bundle_default_opt_3,True,ret,2,2,0
public_v1,O2,p03261,bundle_default_opt_3,True,select,7,7,0
public_v1,O2,p03261,bundle_default_opt_3,True,sext,1,1,0
public_v1,O2,p03261,bundle_default_opt_3,True,shl,6,6,0
public_v1,O2,p03261,bundle_default_opt_3,True,store,34,34,0
public_v1,O2,p03261,bundle_default_opt_3,True,trunc,4,4,0
public_v1,O2,p03261,bundle_default_opt_3,True,zext,4,4,0
public_v1,O2,p03261,bundle_default_opt_4,True,add,7,7,0
public_v1,O2,p03261,bundle_default_opt_4,True,alloca,1,1,0
public_v1,O2,p03261,bundle_default_opt_4,True,ashr,1,1,0
public_v1,O2,p03261,bundle_default_opt_4,True,br,14,14,0
public_v1,O2,p03261,bundle_default_opt_4,True,call,5,5,0
public_v1,O2,p03261,bundle_default_opt_4,True,getelementptr,21,21,0
public_v1,O2,p03261,bundle_default_opt_4,True,icmp,12,12,0
public_v1,O2,p03261,bundle_default_opt_4,True,load,5,5,0
public_v1,O2,p03261,bundle_default_opt_4,True,phi,7,7,0
public_v1,O2,p03261,bundle_default_opt_4,True,ret,2,2,0
public_v1,O2,p03261,bundle_default_opt_4,True,select,7,7,0
public_v1,O2,p03261,bundle_default_opt_4,True,sext,1,1,0
public_v1,O2,p03261,bundle_default_opt_4,True,shl,6,6,0
public_v1,O2,p03261,bundle_default_opt_4,True,store,34,34,0
public_v1,O2,p03261,bundle_default_opt_4,True,trunc,4,4,0
public_v1,O2,p03261,bundle_default_opt_4,True,zext,4,4,0
public_v1,O2,p03261,bundle_post_opt_4_custom_cleanup,True,add,7,7,0
public_v1,O2,p03261,bundle_post_opt_4_custom_cleanup,True,alloca,1,1,0
public_v1,O2,p03261,bundle_post_opt_4_custom_cleanup,True,ashr,1,1,0
public_v1,O2,p03261,bundle_post_opt_4_custom_cleanup,True,br,14,14,0
public_v1,O2,p03261,bundle_post_opt_4_custom_cleanup,True,call,5,5,0
public_v1,O2,p03261,bundle_post_opt_4_custom_cleanup,True,getelementptr,21,21,0
public_v1,O2,p03261,bundle_post_opt_4_custom_cleanup,True,icmp,12,12,0
public_v1,O2,p03261,bundle_post_opt_4_custom_cleanup,True,load,5,5,0
public_v1,O2,p03261,bundle_post_opt_4_custom_cleanup,True,phi,7,7,0
public_v1,O2,p03261,bundle_post_opt_4_custom_cleanup,True,ret,2,1,-1
public_v1,O2,p03261,bundle_post_opt_4_custom_cleanup,True,select,7,7,0
public_v1,O2,p03261,bundle_post_opt_4_custom_cleanup,True,sext,1,1,0
public_v1,O2,p03261,bundle_post_opt_4_custom_cleanup,True,shl,6,6,0
public_v1,O2,p03261,bundle_post_opt_4_custom_cleanup,True,store,34,34,0
public_v1,O2,p03261,bundle_post_opt_4_custom_cleanup,True,trunc,4,4,0
public_v1,O2,p03261,bundle_post_opt_4_custom_cleanup,True,zext,4,4,0
public_v1,O2,p03430,main_default_opt_1,True,add,489,358,-131
public_v1,O2,p03430,main_default_opt_1,True,alloca,13,7,-6
public_v1,O2,p03430,main_default_opt_1,True,and,129,95,-34
public_v1,O2,p03430,main_default_opt_1,True,ashr,2,2,0
public_v1,O2,p03430,main_default_opt_1,True,br,73,72,-1
public_v1,O2,p03430,main_default_opt_1,True,call,41,24,-17
public_v1,O2,p03430,main_default_opt_1,True,extractvalue,9,0,-9
public_v1,O2,p03430,main_default_opt_1,True,getelementptr,717,333,-384
public_v1,O2,p03430,main_default_opt_1,True,icmp,293,285,-8
public_v1,O2,p03430,main_default_opt_1,True,insertvalue,31,0,-31
public_v1,O2,p03430,main_default_opt_1,True,inttoptr,123,122,-1
public_v1,O2,p03430,main_default_opt_1,True,load,272,251,-21
public_v1,O2,p03430,main_default_opt_1,True,lshr,8,0,-8
public_v1,O2,p03430,main_default_opt_1,True,mul,53,53,0
public_v1,O2,p03430,main_default_opt_1,True,or,93,61,-32
public_v1,O2,p03430,main_default_opt_1,True,phi,16,12,-4
public_v1,O2,p03430,main_default_opt_1,True,ptrtoint,21,16,-5
public_v1,O2,p03430,main_default_opt_1,True,ret,4,2,-2
public_v1,O2,p03430,main_default_opt_1,True,select,254,254,0
public_v1,O2,p03430,main_default_opt_1,True,sext,16,15,-1
public_v1,O2,p03430,main_default_opt_1,True,shl,14,14,0
public_v1,O2,p03430,main_default_opt_1,True,store,265,197,-68
public_v1,O2,p03430,main_default_opt_1,True,sub,133,8,-125
public_v1,O2,p03430,main_default_opt_1,True,switch,3,2,-1
public_v1,O2,p03430,main_default_opt_1,True,trunc,23,10,-13
public_v1,O2,p03430,main_default_opt_1,True,xor,69,60,-9
public_v1,O2,p03430,main_default_opt_1,True,zext,121,93,-28
public_v1,O2,p03430,main_default_opt_2,True,add,356,356,0
public_v1,O2,p03430,main_default_opt_2,True,alloca,7,7,0
public_v1,O2,p03430,main_default_opt_2,True,and,95,95,0
public_v1,O2,p03430,main_default_opt_2,True,ashr,2,2,0
public_v1,O2,p03430,main_default_opt_2,True,br,72,72,0
public_v1,O2,p03430,main_default_opt_2,True,call,24,24,0
public_v1,O2,p03430,main_default_opt_2,True,getelementptr,333,333,0
public_v1,O2,p03430,main_default_opt_2,True,icmp,283,283,0
public_v1,O2,p03430,main_default_opt_2,True,inttoptr,121,121,0
public_v1,O2,p03430,main_default_opt_2,True,load,251,251,0
public_v1,O2,p03430,main_default_opt_2,True,mul,53,53,0
public_v1,O2,p03430,main_default_opt_2,True,or,61,61,0
public_v1,O2,p03430,main_default_opt_2,True,phi,12,12,0
public_v1,O2,p03430,main_default_opt_2,True,ptrtoint,20,16,-4
public_v1,O2,p03430,main_default_opt_2,True,ret,2,2,0
public_v1,O2,p03430,main_default_opt_2,True,select,252,252,0
public_v1,O2,p03430,main_default_opt_2,True,sext,15,15,0
public_v1,O2,p03430,main_default_opt_2,True,shl,14,14,0
public_v1,O2,p03430,main_default_opt_2,True,store,197,197,0
public_v1,O2,p03430,main_default_opt_2,True,sub,9,7,-2
public_v1,O2,p03430,main_default_opt_2,True,switch,2,2,0
public_v1,O2,p03430,main_default_opt_2,True,trunc,10,10,0
public_v1,O2,p03430,main_default_opt_2,True,xor,60,60,0
public_v1,O2,p03430,main_default_opt_2,True,zext,93,93,0
public_v1,O2,p03430,bundle_default_opt_3,True,add,121,121,0
public_v1,O2,p03430,bundle_default_opt_3,True,alloca,7,7,0
public_v1,O2,p03430,bundle_default_opt_3,True,and,95,95,0
public_v1,O2,p03430,bundle_default_opt_3,True,ashr,2,2,0
public_v1,O2,p03430,bundle_default_opt_3,True,br,70,70,0
public_v1,O2,p03430,bundle_default_opt_3,True,call,143,143,0
public_v1,O2,p03430,bundle_default_opt_3,True,getelementptr,94,94,0
public_v1,O2,p03430,bundle_default_opt_3,True,icmp,49,49,0
public_v1,O2,p03430,bundle_default_opt_3,True,inttoptr,4,4,0
public_v1,O2,p03430,bundle_default_opt_3,True,load,251,251,0
public_v1,O2,p03430,bundle_default_opt_3,True,mul,53,53,0
public_v1,O2,p03430,bundle_default_opt_3,True,or,61,61,0
public_v1,O2,p03430,bundle_default_opt_3,True,phi,12,12,0
public_v1,O2,p03430,bundle_default_opt_3,True,ptrtoint,16,16,0
public_v1,O2,p03430,bundle_default_opt_3,True,ret,4,4,0
public_v1,O2,p03430,bundle_default_opt_3,True,select,18,18,0
public_v1,O2,p03430,bundle_default_opt_3,True,sext,15,15,0
public_v1,O2,p03430,bundle_default_opt_3,True,shl,14,14,0
public_v1,O2,p03430,bundle_default_opt_3,True,store,121,121,0
public_v1,O2,p03430,bundle_default_opt_3,True,sub,7,7,0
public_v1,O2,p03430,bundle_default_opt_3,True,switch,2,2,0
public_v1,O2,p03430,bundle_default_opt_3,True,trunc,10,10,0
public_v1,O2,p03430,bundle_default_opt_3,True,xor,60,60,0
public_v1,O2,p03430,bundle_default_opt_3,True,zext,93,93,0
public_v1,O2,p03430,bundle_default_opt_4,True,add,121,121,0
public_v1,O2,p03430,bundle_default_opt_4,True,alloca,7,7,0
public_v1,O2,p03430,bundle_default_opt_4,True,and,95,95,0
public_v1,O2,p03430,bundle_default_opt_4,True,ashr,2,2,0
public_v1,O2,p03430,bundle_default_opt_4,True,br,70,70,0
public_v1,O2,p03430,bundle_default_opt_4,True,call,143,143,0
public_v1,O2,p03430,bundle_default_opt_4,True,getelementptr,94,94,0
public_v1,O2,p03430,bundle_default_opt_4,True,icmp,49,49,0
public_v1,O2,p03430,bundle_default_opt_4,True,inttoptr,4,4,0
public_v1,O2,p03430,bundle_default_opt_4,True,load,251,251,0
public_v1,O2,p03430,bundle_default_opt_4,True,mul,53,53,0
public_v1,O2,p03430,bundle_default_opt_4,True,or,61,61,0
public_v1,O2,p03430,bundle_default_opt_4,True,phi,12,12,0
public_v1,O2,p03430,bundle_default_opt_4,True,ptrtoint,16,16,0
public_v1,O2,p03430,bundle_default_opt_4,True,ret,4,4,0
public_v1,O2,p03430,bundle_default_opt_4,True,select,18,18,0
public_v1,O2,p03430,bundle_default_opt_4,True,sext,15,15,0
public_v1,O2,p03430,bundle_default_opt_4,True,shl,14,14,0
public_v1,O2,p03430,bundle_default_opt_4,True,store,121,121,0
public_v1,O2,p03430,bundle_default_opt_4,True,sub,7,7,0
public_v1,O2,p03430,bundle_default_opt_4,True,switch,2,2,0
public_v1,O2,p03430,bundle_default_opt_4,True,trunc,10,10,0
public_v1,O2,p03430,bundle_default_opt_4,True,xor,60,60,0
public_v1,O2,p03430,bundle_default_opt_4,True,zext,93,93,0
public_v1,O2,p03430,bundle_post_opt_4_custom_cleanup,True,add,121,121,0
public_v1,O2,p03430,bundle_post_opt_4_custom_cleanup,True,alloca,7,7,0
public_v1,O2,p03430,bundle_post_opt_4_custom_cleanup,True,and,95,95,0
public_v1,O2,p03430,bundle_post_opt_4_custom_cleanup,True,ashr,2,2,0
public_v1,O2,p03430,bundle_post_opt_4_custom_cleanup,True,br,70,70,0
public_v1,O2,p03430,bundle_post_opt_4_custom_cleanup,True,call,143,143,0
public_v1,O2,p03430,bundle_post_opt_4_custom_cleanup,True,getelementptr,94,94,0
public_v1,O2,p03430,bundle_post_opt_4_custom_cleanup,True,icmp,49,49,0
public_v1,O2,p03430,bundle_post_opt_4_custom_cleanup,True,inttoptr,4,4,0
public_v1,O2,p03430,bundle_post_opt_4_custom_cleanup,True,load,251,251,0
public_v1,O2,p03430,bundle_post_opt_4_custom_cleanup,True,mul,53,53,0
public_v1,O2,p03430,bundle_post_opt_4_custom_cleanup,True,or,61,61,0
public_v1,O2,p03430,bundle_post_opt_4_custom_cleanup,True,phi,12,12,0
public_v1,O2,p03430,bundle_post_opt_4_custom_cleanup,True,ptrtoint,16,16,0
public_v1,O2,p03430,bundle_post_opt_4_custom_cleanup,True,ret,4,4,0
public_v1,O2,p03430,bundle_post_opt_4_custom_cleanup,True,select,18,18,0
public_v1,O2,p03430,bundle_post_opt_4_custom_cleanup,True,sext,15,15,0
public_v1,O2,p03430,bundle_post_opt_4_custom_cleanup,True,shl,14,14,0
public_v1,O2,p03430,bundle_post_opt_4_custom_cleanup,True,store,121,121,0
public_v1,O2,p03430,bundle_post_opt_4_custom_cleanup,True,sub,7,7,0
public_v1,O2,p03430,bundle_post_opt_4_custom_cleanup,True,switch,2,2,0
public_v1,O2,p03430,bundle_post_opt_4_custom_cleanup,True,trunc,10,10,0
public_v1,O2,p03430,bundle_post_opt_4_custom_cleanup,True,xor,60,60,0
public_v1,O2,p03430,bundle_post_opt_4_custom_cleanup,True,zext,93,93,0
public_v1,O2,p03434,main_default_opt_1,True,add,75,34,-41
public_v1,O2,p03434,main_default_opt_1,True,alloca,10,4,-6
public_v1,O2,p03434,main_default_opt_1,True,and,17,11,-6
public_v1,O2,p03434,main_default_opt_1,True,br,19,16,-3
public_v1,O2,p03434,main_default_opt_1,True,call,30,13,-17
public_v1,O2,p03434,main_default_opt_1,True,extractvalue,37,0,-37
public_v1,O2,p03434,main_default_opt_1,True,getelementptr,167,63,-104
public_v1,O2,p03434,main_default_opt_1,True,icmp,51,29,-22
public_v1,O2,p03434,main_default_opt_1,True,insertvalue,60,0,-60
public_v1,O2,p03434,main_default_opt_1,True,inttoptr,11,5,-6
public_v1,O2,p03434,main_default_opt_1,True,load,78,31,-47
public_v1,O2,p03434,main_default_opt_1,True,lshr,8,2,-6
public_v1,O2,p03434,main_default_opt_1,True,mul,2,2,0
public_v1,O2,p03434,main_default_opt_1,True,or,6,7,1
public_v1,O2,p03434,main_default_opt_1,True,phi,14,19,5
public_v1,O2,p03434,main_default_opt_1,True,ptrtoint,14,9,-5
public_v1,O2,p03434,main_default_opt_1,True,ret,7,3,-4
public_v1,O2,p03434,main_default_opt_1,True,sdiv,1,0,-1
public_v1,O2,p03434,main_default_opt_1,True,select,35,23,-12
public_v1,O2,p03434,main_default_opt_1,True,sext,2,0,-2
public_v1,O2,p03434,main_default_opt_1,True,shl,6,4,-2
public_v1,O2,p03434,main_default_opt_1,True,store,186,99,-87
public_v1,O2,p03434,main_default_opt_1,True,sub,30,3,-27
public_v1,O2,p03434,main_default_opt_1,True,switch,1,1,0
public_v1,O2,p03434,main_default_opt_1,True,trunc,14,7,-7
public_v1,O2,p03434,main_default_opt_1,True,unreachable,1,0,-1
public_v1,O2,p03434,main_default_opt_1,True,xor,15,9,-6
public_v1,O2,p03434,main_default_opt_1,True,zext,28,19,-9
public_v1,O2,p03434,main_default_opt_2,True,add,24,30,6
public_v1,O2,p03434,main_default_opt_2,True,alloca,5,5,0
public_v1,O2,p03434,main_default_opt_2,True,and,23,11,-12
public_v1,O2,p03434,main_default_opt_2,True,br,16,16,0
public_v1,O2,p03434,main_default_opt_2,True,call,15,13,-2
public_v1,O2,p03434,main_default_opt_2,True,getelementptr,61,57,-4
public_v1,O2,p03434,main_default_opt_2,True,icmp,44,27,-17
public_v1,O2,p03434,main_default_opt_2,True,inttoptr,7,5,-2
public_v1,O2,p03434,main_default_opt_2,True,load,30,30,0
public_v1,O2,p03434,main_default_opt_2,True,lshr,2,2,0
public_v1,O2,p03434,main_default_opt_2,True,mul,2,2,0
public_v1,O2,p03434,main_default_opt_2,True,or,7,7,0
public_v1,O2,p03434,main_default_opt_2,True,phi,19,19,0
public_v1,O2,p03434,main_default_opt_2,True,ptrtoint,11,9,-2
public_v1,O2,p03434,main_default_opt_2,True,ret,3,3,0
public_v1,O2,p03434,main_default_opt_2,True,select,26,20,-6
public_v1,O2,p03434,main_default_opt_2,True,shl,4,4,0
public_v1,O2,p03434,main_default_opt_2,True,store,99,95,-4
public_v1,O2,p03434,main_default_opt_2,True,sub,15,3,-12
public_v1,O2,p03434,main_default_opt_2,True,switch,1,1,0
public_v1,O2,p03434,main_default_opt_2,True,trunc,7,7,0
public_v1,O2,p03434,main_default_opt_2,True,xor,9,9,0
public_v1,O2,p03434,main_default_opt_2,True,zext,19,19,0
public_v1,O2,p03434,bundle_default_opt_3,True,add,15,13,-2
public_v1,O2,p03434,bundle_default_opt_3,True,alloca,4,4,0
public_v1,O2,p03434,bundle_default_opt_3,True,and,10,4,-6
public_v1,O2,p03434,bundle_default_opt_3,True,br,16,16,0
public_v1,O2,p03434,bundle_default_opt_3,True,call,14,14,0
public_v1,O2,p03434,bundle_default_opt_3,True,getelementptr,41,41,0
public_v1,O2,p03434,bundle_default_opt_3,True,icmp,12,12,0
public_v1,O2,p03434,bundle_default_opt_3,True,inttoptr,1,1,0
public_v1,O2,p03434,bundle_default_opt_3,True,load,31,20,-11
public_v1,O2,p03434,bundle_default_opt_3,True,mul,2,2,0
public_v1,O2,p03434,bundle_default_opt_3,True,or,2,0,-2
public_v1,O2,p03434,bundle_default_opt_3,True,phi,15,15,0
public_v1,O2,p03434,bundle_default_opt_3,True,ptrtoint,4,4,0
public_v1,O2,p03434,bundle_default_opt_3,True,ret,4,4,0
public_v1,O2,p03434,bundle_default_opt_3,True,select,7,7,0
public_v1,O2,p03434,bundle_default_opt_3,True,sext,1,1,0
public_v1,O2,p03434,bundle_default_opt_3,True,shl,4,4,0
public_v1,O2,p03434,bundle_default_opt_3,True,store,66,57,-9
public_v1,O2,p03434,bundle_default_opt_3,True,sub,3,3,0
public_v1,O2,p03434,bundle_default_opt_3,True,switch,1,1,0
public_v1,O2,p03434,bundle_default_opt_3,True,trunc,3,3,0
public_v1,O2,p03434,bundle_default_opt_3,True,xor,5,5,0
public_v1,O2,p03434,bundle_default_opt_3,True,zext,6,6,0
public_v1,O2,p03434,bundle_default_opt_4,True,add,13,13,0
public_v1,O2,p03434,bundle_default_opt_4,True,alloca,4,4,0
public_v1,O2,p03434,bundle_default_opt_4,True,and,4,4,0
public_v1,O2,p03434,bundle_default_opt_4,True,br,16,16,0
public_v1,O2,p03434,bundle_default_opt_4,True,call,14,14,0
public_v1,O2,p03434,bundle_default_opt_4,True,getelementptr,41,41,0
public_v1,O2,p03434,bundle_default_opt_4,True,icmp,12,12,0
public_v1,O2,p03434,bundle_default_opt_4,True,inttoptr,1,1,0
public_v1,O2,p03434,bundle_default_opt_4,True,load,20,20,0
public_v1,O2,p03434,bundle_default_opt_4,True,mul,2,2,0
public_v1,O2,p03434,bundle_default_opt_4,True,phi,15,15,0
public_v1,O2,p03434,bundle_default_opt_4,True,ptrtoint,4,4,0
public_v1,O2,p03434,bundle_default_opt_4,True,ret,4,4,0
public_v1,O2,p03434,bundle_default_opt_4,True,select,7,7,0
public_v1,O2,p03434,bundle_default_opt_4,True,sext,1,1,0
public_v1,O2,p03434,bundle_default_opt_4,True,shl,4,4,0
public_v1,O2,p03434,bundle_default_opt_4,True,store,57,57,0
public_v1,O2,p03434,bundle_default_opt_4,True,sub,3,3,0
public_v1,O2,p03434,bundle_default_opt_4,True,switch,1,1,0
public_v1,O2,p03434,bundle_default_opt_4,True,trunc,3,3,0
public_v1,O2,p03434,bundle_default_opt_4,True,xor,5,5,0
public_v1,O2,p03434,bundle_default_opt_4,True,zext,6,6,0
public_v1,O2,p03434,bundle_post_opt_4_custom_cleanup,True,add,13,13,0
public_v1,O2,p03434,bundle_post_opt_4_custom_cleanup,True,alloca,4,4,0
public_v1,O2,p03434,bundle_post_opt_4_custom_cleanup,True,and,4,4,0
public_v1,O2,p03434,bundle_post_opt_4_custom_cleanup,True,br,16,16,0
public_v1,O2,p03434,bundle_post_opt_4_custom_cleanup,True,call,14,14,0
public_v1,O2,p03434,bundle_post_opt_4_custom_cleanup,True,getelementptr,41,41,0
public_v1,O2,p03434,bundle_post_opt_4_custom_cleanup,True,icmp,12,12,0
public_v1,O2,p03434,bundle_post_opt_4_custom_cleanup,True,inttoptr,1,1,0
public_v1,O2,p03434,bundle_post_opt_4_custom_cleanup,True,load,20,20,0
public_v1,O2,p03434,bundle_post_opt_4_custom_cleanup,True,mul,2,2,0
public_v1,O2,p03434,bundle_post_opt_4_custom_cleanup,True,phi,15,15,0
public_v1,O2,p03434,bundle_post_opt_4_custom_cleanup,True,ptrtoint,4,4,0
public_v1,O2,p03434,bundle_post_opt_4_custom_cleanup,True,ret,4,4,0
public_v1,O2,p03434,bundle_post_opt_4_custom_cleanup,True,select,7,7,0
public_v1,O2,p03434,bundle_post_opt_4_custom_cleanup,True,sext,1,1,0
public_v1,O2,p03434,bundle_post_opt_4_custom_cleanup,True,shl,4,4,0
public_v1,O2,p03434,bundle_post_opt_4_custom_cleanup,True,store,57,57,0
public_v1,O2,p03434,bundle_post_opt_4_custom_cleanup,True,sub,3,3,0
public_v1,O2,p03434,bundle_post_opt_4_custom_cleanup,True,switch,1,1,0
public_v1,O2,p03434,bundle_post_opt_4_custom_cleanup,True,trunc,3,3,0
public_v1,O2,p03434,bundle_post_opt_4_custom_cleanup,True,xor,5,5,0
public_v1,O2,p03434,bundle_post_opt_4_custom_cleanup,True,zext,6,6,0
public_v1,O2,p03493,main_default_opt_1,True,add,61,45,-16
public_v1,O2,p03493,main_default_opt_1,True,alloca,9,3,-6
public_v1,O2,p03493,main_default_opt_1,True,and,10,6,-4
public_v1,O2,p03493,main_default_opt_1,True,br,8,8,0
public_v1,O2,p03493,main_default_opt_1,True,call,22,9,-13
public_v1,O2,p03493,main_default_opt_1,True,extractvalue,14,0,-14
public_v1,O2,p03493,main_default_opt_1,True,getelementptr,151,97,-54
public_v1,O2,p03493,main_default_opt_1,True,icmp,44,39,-5
public_v1,O2,p03493,main_default_opt_1,True,insertvalue,22,0,-22
public_v1,O2,p03493,main_default_opt_1,True,inttoptr,13,12,-1
public_v1,O2,p03493,main_default_opt_1,True,load,47,32,-15
public_v1,O2,p03493,main_default_opt_1,True,mul,3,2,-1
public_v1,O2,p03493,main_default_opt_1,True,or,7,6,-1
public_v1,O2,p03493,main_default_opt_1,True,phi,1,3,2
public_v1,O2,p03493,main_default_opt_1,True,ptrtoint,8,6,-2
public_v1,O2,p03493,main_default_opt_1,True,ret,3,2,-1
public_v1,O2,p03493,main_default_opt_1,True,select,40,37,-3
public_v1,O2,p03493,main_default_opt_1,True,store,140,78,-62
public_v1,O2,p03493,main_default_opt_1,True,sub,14,2,-12
public_v1,O2,p03493,main_default_opt_1,True,trunc,3,1,-2
public_v1,O2,p03493,main_default_opt_1,True,xor,4,3,-1
public_v1,O2,p03493,main_default_opt_1,True,zext,13,11,-2
public_v1,O2,p03493,main_default_opt_2,True,add,40,40,0
public_v1,O2,p03493,main_default_opt_2,True,alloca,3,3,0
public_v1,O2,p03493,main_default_opt_2,True,and,96,2,-94
public_v1,O2,p03493,main_default_opt_2,True,br,8,8,0
public_v1,O2,p03493,main_default_opt_2,True,call,8,9,1
public_v1,O2,p03493,main_default_opt_2,True,getelementptr,102,93,-9
public_v1,O2,p03493,main_default_opt_2,True,icmp,47,35,-12
public_v1,O2,p03493,main_default_opt_2,True,inttoptr,12,10,-2
public_v1,O2,p03493,main_default_opt_2,True,load,18,17,-1
public_v1,O2,p03493,main_default_opt_2,True,mul,1,1,0
public_v1,O2,p03493,main_default_opt_2,True,or,90,2,-88
public_v1,O2,p03493,main_default_opt_2,True,phi,6,6,0
public_v1,O2,p03493,main_default_opt_2,True,ptrtoint,6,4,-2
public_v1,O2,p03493,main_default_opt_2,True,ret,2,2,0
public_v1,O2,p03493,main_default_opt_2,True,select,40,34,-6
public_v1,O2,p03493,main_default_opt_2,True,store,50,47,-3
public_v1,O2,p03493,main_default_opt_2,True,sub,6,0,-6
public_v1,O2,p03493,main_default_opt_2,True,trunc,3,1,-2
public_v1,O2,p03493,main_default_opt_2,True,xor,1,1,0
public_v1,O2,p03493,main_default_opt_2,True,zext,6,4,-2
public_v1,O2,p03493,bundle_default_opt_3,True,add,13,13,0
public_v1,O2,p03493,bundle_default_opt_3,True,alloca,3,3,0
public_v1,O2,p03493,bundle_default_opt_3,True,and,2,2,0
public_v1,O2,p03493,bundle_default_opt_3,True,br,8,8,0
public_v1,O2,p03493,bundle_default_opt_3,True,call,9,9,0
public_v1,O2,p03493,bundle_default_opt_3,True,getelementptr,48,39,-9
public_v1,O2,p03493,bundle_default_opt_3,True,icmp,8,8,0
public_v1,O2,p03493,bundle_default_opt_3,True,inttoptr,3,3,0
public_v1,O2,p03493,bundle_default_opt_3,True,load,9,9,0
public_v1,O2,p03493,bundle_default_opt_3,True,mul,1,1,0
public_v1,O2,p03493,bundle_default_opt_3,True,or,2,2,0
public_v1,O2,p03493,bundle_default_opt_3,True,phi,5,4,-1
public_v1,O2,p03493,bundle_default_opt_3,True,ptrtoint,4,4,0
public_v1,O2,p03493,bundle_default_opt_3,True,ret,2,2,0
public_v1,O2,p03493,bundle_default_opt_3,True,select,7,7,0
public_v1,O2,p03493,bundle_default_opt_3,True,store,47,47,0
public_v1,O2,p03493,bundle_default_opt_3,True,trunc,1,1,0
public_v1,O2,p03493,bundle_default_opt_3,True,xor,1,1,0
public_v1,O2,p03493,bundle_default_opt_3,True,zext,4,4,0
public_v1,O2,p03493,bundle_default_opt_4,True,add,13,13,0
public_v1,O2,p03493,bundle_default_opt_4,True,alloca,3,3,0
public_v1,O2,p03493,bundle_default_opt_4,True,and,2,2,0
public_v1,O2,p03493,bundle_default_opt_4,True,br,8,8,0
public_v1,O2,p03493,bundle_default_opt_4,True,call,9,9,0
public_v1,O2,p03493,bundle_default_opt_4,True,getelementptr,39,39,0
public_v1,O2,p03493,bundle_default_opt_4,True,icmp,8,8,0
public_v1,O2,p03493,bundle_default_opt_4,True,inttoptr,3,3,0
public_v1,O2,p03493,bundle_default_opt_4,True,load,9,9,0
public_v1,O2,p03493,bundle_default_opt_4,True,mul,1,1,0
public_v1,O2,p03493,bundle_default_opt_4,True,or,2,2,0
public_v1,O2,p03493,bundle_default_opt_4,True,phi,4,4,0
public_v1,O2,p03493,bundle_default_opt_4,True,ptrtoint,4,4,0
public_v1,O2,p03493,bundle_default_opt_4,True,ret,2,2,0
public_v1,O2,p03493,bundle_default_opt_4,True,select,7,7,0
public_v1,O2,p03493,bundle_default_opt_4,True,store,47,47,0
public_v1,O2,p03493,bundle_default_opt_4,True,trunc,1,1,0
public_v1,O2,p03493,bundle_default_opt_4,True,xor,1,1,0
public_v1,O2,p03493,bundle_default_opt_4,True,zext,4,4,0
public_v1,O2,p03493,bundle_post_opt_4_custom_cleanup,True,add,13,11,-2
public_v1,O2,p03493,bundle_post_opt_4_custom_cleanup,True,alloca,3,3,0
public_v1,O2,p03493,bundle_post_opt_4_custom_cleanup,True,and,2,2,0
public_v1,O2,p03493,bundle_post_opt_4_custom_cleanup,True,br,8,8,0
public_v1,O2,p03493,bundle_post_opt_4_custom_cleanup,True,call,9,9,0
public_v1,O2,p03493,bundle_post_opt_4_custom_cleanup,True,getelementptr,39,41,2
public_v1,O2,p03493,bundle_post_opt_4_custom_cleanup,True,icmp,8,8,0
public_v1,O2,p03493,bundle_post_opt_4_custom_cleanup,True,inttoptr,3,1,-2
public_v1,O2,p03493,bundle_post_opt_4_custom_cleanup,True,load,9,9,0
public_v1,O2,p03493,bundle_post_opt_4_custom_cleanup,True,mul,1,1,0
public_v1,O2,p03493,bundle_post_opt_4_custom_cleanup,True,or,2,2,0
public_v1,O2,p03493,bundle_post_opt_4_custom_cleanup,True,phi,4,4,0
public_v1,O2,p03493,bundle_post_opt_4_custom_cleanup,True,ptrtoint,4,4,0
public_v1,O2,p03493,bundle_post_opt_4_custom_cleanup,True,ret,2,2,0
public_v1,O2,p03493,bundle_post_opt_4_custom_cleanup,True,select,7,7,0
public_v1,O2,p03493,bundle_post_opt_4_custom_cleanup,True,store,47,47,0
public_v1,O2,p03493,bundle_post_opt_4_custom_cleanup,True,trunc,1,1,0
public_v1,O2,p03493,bundle_post_opt_4_custom_cleanup,True,xor,1,1,0
public_v1,O2,p03493,bundle_post_opt_4_custom_cleanup,True,zext,4,4,0
public_v1,O2,p03510,main_default_opt_1,True,add,452,321,-131
public_v1,O2,p03510,main_default_opt_1,True,alloca,9,5,-4
public_v1,O2,p03510,main_default_opt_1,True,and,84,53,-31
public_v1,O2,p03510,main_default_opt_1,True,br,59,57,-2
public_v1,O2,p03510,main_default_opt_1,True,call,52,33,-19
public_v1,O2,p03510,main_default_opt_1,True,extractvalue,62,22,-40
public_v1,O2,p03510,main_default_opt_1,True,getelementptr,692,444,-248
public_v1,O2,p03510,main_default_opt_1,True,icmp,296,249,-47
public_v1,O2,p03510,main_default_opt_1,True,insertvalue,78,7,-71
public_v1,O2,p03510,main_default_opt_1,True,inttoptr,119,108,-11
public_v1,O2,p03510,main_default_opt_1,True,load,301,259,-42
public_v1,O2,p03510,main_default_opt_1,True,lshr,24,2,-22
public_v1,O2,p03510,main_default_opt_1,True,mul,15,14,-1
public_v1,O2,p03510,main_default_opt_1,True,or,55,43,-12
public_v1,O2,p03510,main_default_opt_1,True,phi,38,33,-5
public_v1,O2,p03510,main_default_opt_1,True,ptrtoint,24,20,-4
public_v1,O2,p03510,main_default_opt_1,True,ret,7,3,-4
public_v1,O2,p03510,main_default_opt_1,True,sdiv,2,2,0
public_v1,O2,p03510,main_default_opt_1,True,select,249,230,-19
public_v1,O2,p03510,main_default_opt_1,True,sext,4,4,0
public_v1,O2,p03510,main_default_opt_1,True,shl,33,32,-1
public_v1,O2,p03510,main_default_opt_1,True,store,312,257,-55
public_v1,O2,p03510,main_default_opt_1,True,sub,108,24,-84
public_v1,O2,p03510,main_default_opt_1,True,switch,3,2,-1
public_v1,O2,p03510,main_default_opt_1,True,trunc,35,9,-26
public_v1,O2,p03510,main_default_opt_1,True,unreachable,2,2,0
public_v1,O2,p03510,main_default_opt_1,True,xor,66,39,-27
public_v1,O2,p03510,main_default_opt_1,True,zext,88,52,-36
public_v1,O2,p03510,main_default_opt_2,True,add,230,223,-7
public_v1,O2,p03510,main_default_opt_2,True,alloca,4,4,0
public_v1,O2,p03510,main_default_opt_2,True,and,141,51,-90
public_v1,O2,p03510,main_default_opt_2,True,br,57,57,0
public_v1,O2,p03510,main_default_opt_2,True,call,30,30,0
public_v1,O2,p03510,main_default_opt_2,True,extractvalue,22,22,0
public_v1,O2,p03510,main_default_opt_2,True,getelementptr,320,277,-43
public_v1,O2,p03510,main_default_opt_2,True,icmp,162,156,-6
public_v1,O2,p03510,main_default_opt_2,True,insertvalue,7,7,0
public_v1,O2,p03510,main_default_opt_2,True,inttoptr,64,56,-8
public_v1,O2,p03510,main_default_opt_2,True,load,202,197,-5
public_v1,O2,p03510,main_default_opt_2,True,lshr,2,2,0
public_v1,O2,p03510,main_default_opt_2,True,mul,14,14,0
public_v1,O2,p03510,main_default_opt_2,True,or,129,41,-88
public_v1,O2,p03510,main_default_opt_2,True,phi,32,32,0
public_v1,O2,p03510,main_default_opt_2,True,ptrtoint,17,15,-2
public_v1,O2,p03510,main_default_opt_2,True,ret,3,3,0
public_v1,O2,p03510,main_default_opt_2,True,sdiv,2,2,0
public_v1,O2,p03510,main_default_opt_2,True,select,138,134,-4
public_v1,O2,p03510,main_default_opt_2,True,sext,4,4,0
public_v1,O2,p03510,main_default_opt_2,True,shl,32,30,-2
public_v1,O2,p03510,main_default_opt_2,True,store,211,215,4
public_v1,O2,p03510,main_default_opt_2,True,sub,23,21,-2
public_v1,O2,p03510,main_default_opt_2,True,switch,2,2,0
public_v1,O2,p03510,main_default_opt_2,True,trunc,10,9,-1
public_v1,O2,p03510,main_default_opt_2,True,unreachable,2,2,0
public_v1,O2,p03510,main_default_opt_2,True,xor,39,40,1
public_v1,O2,p03510,main_default_opt_2,True,zext,47,46,-1
public_v1,O2,p03510,bundle_default_opt_3,True,add,100,93,-7
public_v1,O2,p03510,bundle_default_opt_3,True,alloca,4,4,0
public_v1,O2,p03510,bundle_default_opt_3,True,and,50,50,0
public_v1,O2,p03510,bundle_default_opt_3,True,br,56,56,0
public_v1,O2,p03510,bundle_default_opt_3,True,call,79,79,0
public_v1,O2,p03510,bundle_default_opt_3,True,extractvalue,22,22,0
public_v1,O2,p03510,bundle_default_opt_3,True,getelementptr,138,133,-5
public_v1,O2,p03510,bundle_default_opt_3,True,icmp,38,38,0
public_v1,O2,p03510,bundle_default_opt_3,True,insertvalue,7,7,0
public_v1,O2,p03510,bundle_default_opt_3,True,inttoptr,7,7,0
public_v1,O2,p03510,bundle_default_opt_3,True,load,186,183,-3
public_v1,O2,p03510,bundle_default_opt_3,True,lshr,2,2,0
public_v1,O2,p03510,bundle_default_opt_3,True,mul,14,14,0
public_v1,O2,p03510,bundle_default_opt_3,True,or,41,42,1
public_v1,O2,p03510,bundle_default_opt_3,True,phi,33,33,0
public_v1,O2,p03510,bundle_default_opt_3,True,ptrtoint,22,14,-8
public_v1,O2,p03510,bundle_default_opt_3,True,ret,4,4,0
public_v1,O2,p03510,bundle_default_opt_3,True,sdiv,2,2,0
public_v1,O2,p03510,bundle_default_opt_3,True,select,16,16,0
public_v1,O2,p03510,bundle_default_opt_3,True,sext,4,4,0
public_v1,O2,p03510,bundle_default_opt_3,True,shl,30,29,-1
public_v1,O2,p03510,bundle_default_opt_3,True,store,215,184,-31
public_v1,O2,p03510,bundle_default_opt_3,True,sub,20,16,-4
public_v1,O2,p03510,bundle_default_opt_3,True,switch,2,2,0
public_v1,O2,p03510,bundle_default_opt_3,True,trunc,9,9,0
public_v1,O2,p03510,bundle_default_opt_3,True,unreachable,2,2,0
public_v1,O2,p03510,bundle_default_opt_3,True,xor,40,39,-1
public_v1,O2,p03510,bundle_default_opt_3,True,zext,46,46,0
public_v1,O2,p03510,bundle_default_opt_4,True,add,93,91,-2
public_v1,O2,p03510,bundle_default_opt_4,True,alloca,4,4,0
public_v1,O2,p03510,bundle_default_opt_4,True,and,50,50,0
public_v1,O2,p03510,bundle_default_opt_4,True,br,56,54,-2
public_v1,O2,p03510,bundle_default_opt_4,True,call,79,78,-1
public_v1,O2,p03510,bundle_default_opt_4,True,extractvalue,22,22,0
public_v1,O2,p03510,bundle_default_opt_4,True,getelementptr,133,124,-9
public_v1,O2,p03510,bundle_default_opt_4,True,icmp,38,38,0
public_v1,O2,p03510,bundle_default_opt_4,True,insertvalue,7,7,0
public_v1,O2,p03510,bundle_default_opt_4,True,inttoptr,7,7,0
public_v1,O2,p03510,bundle_default_opt_4,True,load,183,178,-5
public_v1,O2,p03510,bundle_default_opt_4,True,lshr,2,2,0
public_v1,O2,p03510,bundle_default_opt_4,True,mul,14,14,0
public_v1,O2,p03510,bundle_default_opt_4,True,or,42,42,0
public_v1,O2,p03510,bundle_default_opt_4,True,phi,33,33,0
public_v1,O2,p03510,bundle_default_opt_4,True,ptrtoint,14,14,0
public_v1,O2,p03510,bundle_default_opt_4,True,ret,4,4,0
public_v1,O2,p03510,bundle_default_opt_4,True,sdiv,2,2,0
public_v1,O2,p03510,bundle_default_opt_4,True,select,16,16,0
public_v1,O2,p03510,bundle_default_opt_4,True,sext,4,4,0
public_v1,O2,p03510,bundle_default_opt_4,True,shl,29,28,-1
public_v1,O2,p03510,bundle_default_opt_4,True,store,184,183,-1
public_v1,O2,p03510,bundle_default_opt_4,True,sub,16,16,0
public_v1,O2,p03510,bundle_default_opt_4,True,switch,2,2,0
public_v1,O2,p03510,bundle_default_opt_4,True,trunc,9,9,0
public_v1,O2,p03510,bundle_default_opt_4,True,unreachable,2,2,0
public_v1,O2,p03510,bundle_default_opt_4,True,xor,39,38,-1
public_v1,O2,p03510,bundle_default_opt_4,True,zext,46,46,0
public_v1,O2,p03510,bundle_post_opt_4_custom_cleanup,True,add,91,91,0
public_v1,O2,p03510,bundle_post_opt_4_custom_cleanup,True,alloca,4,4,0
public_v1,O2,p03510,bundle_post_opt_4_custom_cleanup,True,and,50,50,0
public_v1,O2,p03510,bundle_post_opt_4_custom_cleanup,True,br,54,54,0
public_v1,O2,p03510,bundle_post_opt_4_custom_cleanup,True,call,78,78,0
public_v1,O2,p03510,bundle_post_opt_4_custom_cleanup,True,extractvalue,22,22,0
public_v1,O2,p03510,bundle_post_opt_4_custom_cleanup,True,getelementptr,124,124,0
public_v1,O2,p03510,bundle_post_opt_4_custom_cleanup,True,icmp,38,38,0
public_v1,O2,p03510,bundle_post_opt_4_custom_cleanup,True,insertvalue,7,7,0
public_v1,O2,p03510,bundle_post_opt_4_custom_cleanup,True,inttoptr,7,7,0
public_v1,O2,p03510,bundle_post_opt_4_custom_cleanup,True,load,178,178,0
public_v1,O2,p03510,bundle_post_opt_4_custom_cleanup,True,lshr,2,2,0
public_v1,O2,p03510,bundle_post_opt_4_custom_cleanup,True,mul,14,14,0
public_v1,O2,p03510,bundle_post_opt_4_custom_cleanup,True,or,42,42,0
public_v1,O2,p03510,bundle_post_opt_4_custom_cleanup,True,phi,33,33,0
public_v1,O2,p03510,bundle_post_opt_4_custom_cleanup,True,ptrtoint,14,14,0
public_v1,O2,p03510,bundle_post_opt_4_custom_cleanup,True,ret,4,4,0
public_v1,O2,p03510,bundle_post_opt_4_custom_cleanup,True,sdiv,2,2,0
public_v1,O2,p03510,bundle_post_opt_4_custom_cleanup,True,select,16,16,0
public_v1,O2,p03510,bundle_post_opt_4_custom_cleanup,True,sext,4,4,0
public_v1,O2,p03510,bundle_post_opt_4_custom_cleanup,True,shl,28,28,0
public_v1,O2,p03510,bundle_post_opt_4_custom_cleanup,True,store,183,183,0
public_v1,O2,p03510,bundle_post_opt_4_custom_cleanup,True,sub,16,16,0
public_v1,O2,p03510,bundle_post_opt_4_custom_cleanup,True,switch,2,2,0
public_v1,O2,p03510,bundle_post_opt_4_custom_cleanup,True,trunc,9,9,0
public_v1,O2,p03510,bundle_post_opt_4_custom_cleanup,True,unreachable,2,2,0
public_v1,O2,p03510,bundle_post_opt_4_custom_cleanup,True,xor,38,38,0
public_v1,O2,p03510,bundle_post_opt_4_custom_cleanup,True,zext,46,46,0
public_v1,O2,p03543,main_default_opt_1,True,add,80,50,-30
public_v1,O2,p03543,main_default_opt_1,True,alloca,5,1,-4
public_v1,O2,p03543,main_default_opt_1,True,and,25,5,-20
public_v1,O2,p03543,main_default_opt_1,True,br,15,8,-7
public_v1,O2,p03543,main_default_opt_1,True,call,16,6,-10
public_v1,O2,p03543,main_default_opt_1,True,extractvalue,14,0,-14
public_v1,O2,p03543,main_default_opt_1,True,freeze,6,6,0
public_v1,O2,p03543,main_default_opt_1,True,getelementptr,183,97,-86
public_v1,O2,p03543,main_default_opt_1,True,icmp,83,46,-37
public_v1,O2,p03543,main_default_opt_1,True,insertvalue,22,0,-22
public_v1,O2,p03543,main_default_opt_1,True,inttoptr,23,15,-8
public_v1,O2,p03543,main_default_opt_1,True,load,61,44,-17
public_v1,O2,p03543,main_default_opt_1,True,mul,4,2,-2
public_v1,O2,p03543,main_default_opt_1,True,or,19,5,-14
public_v1,O2,p03543,main_default_opt_1,True,phi,30,6,-24
public_v1,O2,p03543,main_default_opt_1,True,ptrtoint,11,4,-7
public_v1,O2,p03543,main_default_opt_1,True,ret,3,2,-1
public_v1,O2,p03543,main_default_opt_1,True,select,67,43,-24
public_v1,O2,p03543,main_default_opt_1,True,store,107,58,-49
public_v1,O2,p03543,main_default_opt_1,True,sub,17,1,-16
public_v1,O2,p03543,main_default_opt_1,True,switch,1,0,-1
public_v1,O2,p03543,main_default_opt_1,True,trunc,2,5,3
public_v1,O2,p03543,main_default_opt_1,True,udiv,6,6,0
public_v1,O2,p03543,main_default_opt_1,True,urem,6,6,0
public_v1,O2,p03543,main_default_opt_1,True,xor,6,4,-2
public_v1,O2,p03543,main_default_opt_1,True,zext,15,13,-2
public_v1,O2,p03543,main_default_opt_2,True,add,32,32,0
public_v1,O2,p03543,main_default_opt_2,True,alloca,2,2,0
public_v1,O2,p03543,main_default_opt_2,True,and,9,1,-8
public_v1,O2,p03543,main_default_opt_2,True,br,8,6,-2
public_v1,O2,p03543,main_default_opt_2,True,call,7,3,-4
public_v1,O2,p03543,main_default_opt_2,True,freeze,6,4,-2
public_v1,O2,p03543,main_default_opt_2,True,getelementptr,75,72,-3
public_v1,O2,p03543,main_default_opt_2,True,icmp,29,29,0
public_v1,O2,p03543,main_default_opt_2,True,inttoptr,8,8,0
public_v1,O2,p03543,main_default_opt_2,True,load,24,21,-3
public_v1,O2,p03543,main_default_opt_2,True,mul,1,1,0
public_v1,O2,p03543,main_default_opt_2,True,or,9,1,-8
public_v1,O2,p03543,main_default_opt_2,True,phi,2,3,1
public_v1,O2,p03543,main_default_opt_2,True,ptrtoint,2,1,-1
public_v1,O2,p03543,main_default_opt_2,True,ret,2,2,0
public_v1,O2,p03543,main_default_opt_2,True,select,28,28,0
public_v1,O2,p03543,main_default_opt_2,True,store,30,31,1
public_v1,O2,p03543,main_default_opt_2,True,sub,1,1,0
public_v1,O2,p03543,main_default_opt_2,True,trunc,5,5,0
public_v1,O2,p03543,main_default_opt_2,True,udiv,6,6,0
public_v1,O2,p03543,main_default_opt_2,True,urem,6,6,0
public_v1,O2,p03543,main_default_opt_2,True,xor,2,2,0
public_v1,O2,p03543,main_default_opt_2,True,zext,6,6,0
public_v1,O2,p03543,bundle_default_opt_3,True,add,11,11,0
public_v1,O2,p03543,bundle_default_opt_3,True,alloca,2,2,0
public_v1,O2,p03543,bundle_default_opt_3,True,and,1,1,0
public_v1,O2,p03543,bundle_default_opt_3,True,br,6,6,0
public_v1,O2,p03543,bundle_default_opt_3,True,call,11,11,0
public_v1,O2,p03543,bundle_default_opt_3,True,freeze,4,4,0
public_v1,O2,p03543,bundle_default_opt_3,True,getelementptr,27,26,-1
public_v1,O2,p03543,bundle_default_opt_3,True,icmp,8,8,0
public_v1,O2,p03543,bundle_default_opt_3,True,inttoptr,1,1,0
public_v1,O2,p03543,bundle_default_opt_3,True,load,21,21,0
public_v1,O2,p03543,bundle_default_opt_3,True,mul,1,1,0
public_v1,O2,p03543,bundle_default_opt_3,True,or,1,1,0
public_v1,O2,p03543,bundle_default_opt_3,True,phi,3,3,0
public_v1,O2,p03543,bundle_default_opt_3,True,ptrtoint,1,1,0
public_v1,O2,p03543,bundle_default_opt_3,True,ret,3,3,0
public_v1,O2,p03543,bundle_default_opt_3,True,select,7,7,0
public_v1,O2,p03543,bundle_default_opt_3,True,store,31,31,0
public_v1,O2,p03543,bundle_default_opt_3,True,trunc,5,5,0
public_v1,O2,p03543,bundle_default_opt_3,True,udiv,6,6,0
public_v1,O2,p03543,bundle_default_opt_3,True,urem,6,6,0
public_v1,O2,p03543,bundle_default_opt_3,True,xor,2,2,0
public_v1,O2,p03543,bundle_default_opt_3,True,zext,6,6,0
public_v1,O2,p03543,bundle_default_opt_4,True,add,11,11,0
public_v1,O2,p03543,bundle_default_opt_4,True,alloca,2,2,0
public_v1,O2,p03543,bundle_default_opt_4,True,and,1,1,0
public_v1,O2,p03543,bundle_default_opt_4,True,br,6,6,0
public_v1,O2,p03543,bundle_default_opt_4,True,call,11,11,0
public_v1,O2,p03543,bundle_default_opt_4,True,freeze,4,4,0
public_v1,O2,p03543,bundle_default_opt_4,True,getelementptr,26,26,0
public_v1,O2,p03543,bundle_default_opt_4,True,icmp,8,8,0
public_v1,O2,p03543,bundle_default_opt_4,True,inttoptr,1,1,0
public_v1,O2,p03543,bundle_default_opt_4,True,load,21,21,0
public_v1,O2,p03543,bundle_default_opt_4,True,mul,1,1,0
public_v1,O2,p03543,bundle_default_opt_4,True,or,1,1,0
public_v1,O2,p03543,bundle_default_opt_4,True,phi,3,3,0
public_v1,O2,p03543,bundle_default_opt_4,True,ptrtoint,1,1,0
public_v1,O2,p03543,bundle_default_opt_4,True,ret,3,3,0
public_v1,O2,p03543,bundle_default_opt_4,True,select,7,7,0
public_v1,O2,p03543,bundle_default_opt_4,True,store,31,31,0
public_v1,O2,p03543,bundle_default_opt_4,True,trunc,5,5,0
public_v1,O2,p03543,bundle_default_opt_4,True,udiv,6,6,0
public_v1,O2,p03543,bundle_default_opt_4,True,urem,6,6,0
public_v1,O2,p03543,bundle_default_opt_4,True,xor,2,2,0
public_v1,O2,p03543,bundle_default_opt_4,True,zext,6,6,0
public_v1,O2,p03543,bundle_post_opt_4_custom_cleanup,True,add,11,11,0
public_v1,O2,p03543,bundle_post_opt_4_custom_cleanup,True,alloca,2,2,0
public_v1,O2,p03543,bundle_post_opt_4_custom_cleanup,True,and,1,1,0
public_v1,O2,p03543,bundle_post_opt_4_custom_cleanup,True,br,6,6,0
public_v1,O2,p03543,bundle_post_opt_4_custom_cleanup,True,call,11,11,0
public_v1,O2,p03543,bundle_post_opt_4_custom_cleanup,True,freeze,4,4,0
public_v1,O2,p03543,bundle_post_opt_4_custom_cleanup,True,getelementptr,26,26,0
public_v1,O2,p03543,bundle_post_opt_4_custom_cleanup,True,icmp,8,8,0
public_v1,O2,p03543,bundle_post_opt_4_custom_cleanup,True,inttoptr,1,1,0
public_v1,O2,p03543,bundle_post_opt_4_custom_cleanup,True,load,21,21,0
public_v1,O2,p03543,bundle_post_opt_4_custom_cleanup,True,mul,1,1,0
public_v1,O2,p03543,bundle_post_opt_4_custom_cleanup,True,or,1,1,0
public_v1,O2,p03543,bundle_post_opt_4_custom_cleanup,True,phi,3,3,0
public_v1,O2,p03543,bundle_post_opt_4_custom_cleanup,True,ptrtoint,1,1,0
public_v1,O2,p03543,bundle_post_opt_4_custom_cleanup,True,ret,3,3,0
public_v1,O2,p03543,bundle_post_opt_4_custom_cleanup,True,select,7,7,0
public_v1,O2,p03543,bundle_post_opt_4_custom_cleanup,True,store,31,31,0
public_v1,O2,p03543,bundle_post_opt_4_custom_cleanup,True,trunc,5,5,0
public_v1,O2,p03543,bundle_post_opt_4_custom_cleanup,True,udiv,6,6,0
public_v1,O2,p03543,bundle_post_opt_4_custom_cleanup,True,urem,6,6,0
public_v1,O2,p03543,bundle_post_opt_4_custom_cleanup,True,xor,2,2,0
public_v1,O2,p03543,bundle_post_opt_4_custom_cleanup,True,zext,6,6,0
public_v1,O2,p03773,main_default_opt_1,True,add,33,9,-24
public_v1,O2,p03773,main_default_opt_1,True,alloca,9,1,-8
public_v1,O2,p03773,main_default_opt_1,True,and,6,0,-6
public_v1,O2,p03773,main_default_opt_1,True,br,2,0,-2
public_v1,O2,p03773,main_default_opt_1,True,call,22,3,-19
public_v1,O2,p03773,main_default_opt_1,True,extractvalue,14,0,-14
public_v1,O2,p03773,main_default_opt_1,True,getelementptr,104,22,-82
public_v1,O2,p03773,main_default_opt_1,True,icmp,15,6,-9
public_v1,O2,p03773,main_default_opt_1,True,insertvalue,22,0,-22
public_v1,O2,p03773,main_default_opt_1,True,inttoptr,8,4,-4
public_v1,O2,p03773,main_default_opt_1,True,load,36,15,-21
public_v1,O2,p03773,main_default_opt_1,True,mul,2,0,-2
public_v1,O2,p03773,main_default_opt_1,True,or,3,1,-2
public_v1,O2,p03773,main_default_opt_1,True,phi,2,0,-2
public_v1,O2,p03773,main_default_opt_1,True,ptrtoint,5,4,-1
public_v1,O2,p03773,main_default_opt_1,True,ret,3,2,-1
public_v1,O2,p03773,main_default_opt_1,True,select,13,6,-7
public_v1,O2,p03773,main_default_opt_1,True,sext,2,0,-2
public_v1,O2,p03773,main_default_opt_1,True,srem,2,1,-1
public_v1,O2,p03773,main_default_opt_1,True,store,119,37,-82
public_v1,O2,p03773,main_default_opt_1,True,sub,15,0,-15
public_v1,O2,p03773,main_default_opt_1,True,trunc,4,0,-4
public_v1,O2,p03773,main_default_opt_1,True,xor,3,0,-3
public_v1,O2,p03773,main_default_opt_1,True,zext,6,3,-3
public_v1,O2,p03773,main_default_opt_2,True,add,3,3,0
public_v1,O2,p03773,main_default_opt_2,True,alloca,3,3,0
public_v1,O2,p03773,main_default_opt_2,True,and,8,0,-8
public_v1,O2,p03773,main_default_opt_2,True,call,6,2,-4
public_v1,O2,p03773,main_default_opt_2,True,getelementptr,14,12,-2
public_v1,O2,p03773,main_default_opt_2,True,load,2,2,0
public_v1,O2,p03773,main_default_opt_2,True,or,8,0,-8
public_v1,O2,p03773,main_default_opt_2,True,ptrtoint,1,1,0
public_v1,O2,p03773,main_default_opt_2,True,ret,2,2,0
public_v1,O2,p03773,main_default_opt_2,True,srem,1,1,0
public_v1,O2,p03773,main_default_opt_2,True,store,9,11,2
public_v1,O2,p03773,bundle_default_opt_3,True,add,1,1,0
public_v1,O2,p03773,bundle_default_opt_3,True,alloca,2,2,0
public_v1,O2,p03773,bundle_default_opt_3,True,call,2,2,0
public_v1,O2,p03773,bundle_default_opt_3,True,load,2,2,0
public_v1,O2,p03773,bundle_default_opt_3,True,ret,2,2,0
public_v1,O2,p03773,bundle_default_opt_3,True,srem,1,1,0
public_v1,O2,p03773,bundle_default_opt_4,True,add,1,1,0
public_v1,O2,p03773,bundle_default_opt_4,True,alloca,2,2,0
public_v1,O2,p03773,bundle_default_opt_4,True,call,2,2,0
public_v1,O2,p03773,bundle_default_opt_4,True,load,2,2,0
public_v1,O2,p03773,bundle_default_opt_4,True,ret,2,2,0
public_v1,O2,p03773,bundle_default_opt_4,True,srem,1,1,0
public_v1,O2,p03773,bundle_post_opt_4_custom_cleanup,True,add,1,1,0
public_v1,O2,p03773,bundle_post_opt_4_custom_cleanup,True,alloca,2,2,0
public_v1,O2,p03773,bundle_post_opt_4_custom_cleanup,True,call,2,2,0
public_v1,O2,p03773,bundle_post_opt_4_custom_cleanup,True,load,2,2,0
public_v1,O2,p03773,bundle_post_opt_4_custom_cleanup,True,ret,2,1,-1
public_v1,O2,p03773,bundle_post_opt_4_custom_cleanup,True,srem,1,1,0
public_v1,O2,p03776,main_default_opt_1,True,add,1154,827,-327
public_v1,O2,p03776,main_default_opt_1,True,alloca,9,3,-6
public_v1,O2,p03776,main_default_opt_1,True,and,449,410,-39
public_v1,O2,p03776,main_default_opt_1,True,ashr,0,1,1
public_v1,O2,p03776,main_default_opt_1,True,bitcast,1,1,0
public_v1,O2,p03776,main_default_opt_1,True,br,337,320,-17
public_v1,O2,p03776,main_default_opt_1,True,call,63,45,-18
public_v1,O2,p03776,main_default_opt_1,True,extractvalue,117,48,-69
public_v1,O2,p03776,main_default_opt_1,True,fdiv,1,1,0
public_v1,O2,p03776,main_default_opt_1,True,getelementptr,1404,669,-735
public_v1,O2,p03776,main_default_opt_1,True,icmp,671,641,-30
public_v1,O2,p03776,main_default_opt_1,True,insertvalue,83,22,-61
public_v1,O2,p03776,main_default_opt_1,True,inttoptr,152,152,0
public_v1,O2,p03776,main_default_opt_1,True,load,754,694,-60
public_v1,O2,p03776,main_default_opt_1,True,lshr,44,22,-22
public_v1,O2,p03776,main_default_opt_1,True,mul,115,115,0
public_v1,O2,p03776,main_default_opt_1,True,or,330,331,1
public_v1,O2,p03776,main_default_opt_1,True,phi,53,73,20
public_v1,O2,p03776,main_default_opt_1,True,ptrtoint,12,11,-1
public_v1,O2,p03776,main_default_opt_1,True,ret,7,6,-1
public_v1,O2,p03776,main_default_opt_1,True,select,508,500,-8
public_v1,O2,p03776,main_default_opt_1,True,sext,90,89,-1
public_v1,O2,p03776,main_default_opt_1,True,shl,86,86,0
public_v1,O2,p03776,main_default_opt_1,True,sitofp,2,2,0
public_v1,O2,p03776,main_default_opt_1,True,store,784,452,-332
public_v1,O2,p03776,main_default_opt_1,True,sub,382,72,-310
public_v1,O2,p03776,main_default_opt_1,True,switch,8,6,-2
public_v1,O2,p03776,main_default_opt_1,True,trunc,77,45,-32
public_v1,O2,p03776,main_default_opt_1,True,xor,231,209,-22
public_v1,O2,p03776,main_default_opt_1,True,zext,468,416,-52
public_v1,O2,p03776,main_default_opt_2,True,add,823,822,-1
public_v1,O2,p03776,main_default_opt_2,True,alloca,3,3,0
public_v1,O2,p03776,main_default_opt_2,True,and,469,397,-72
public_v1,O2,p03776,main_default_opt_2,True,ashr,1,1,0
public_v1,O2,p03776,main_default_opt_2,True,br,319,320,1
public_v1,O2,p03776,main_default_opt_2,True,call,44,44,0
public_v1,O2,p03776,main_default_opt_2,True,extractvalue,41,41,0
public_v1,O2,p03776,main_default_opt_2,True,fdiv,1,1,0
public_v1,O2,p03776,main_default_opt_2,True,getelementptr,669,666,-3
public_v1,O2,p03776,main_default_opt_2,True,icmp,637,636,-1
public_v1,O2,p03776,main_default_opt_2,True,insertvalue,22,18,-4
public_v1,O2,p03776,main_default_opt_2,True,inttoptr,151,151,0
public_v1,O2,p03776,main_default_opt_2,True,load,684,680,-4
public_v1,O2,p03776,main_default_opt_2,True,lshr,21,21,0
public_v1,O2,p03776,main_default_opt_2,True,mul,115,115,0
public_v1,O2,p03776,main_default_opt_2,True,or,388,316,-72
public_v1,O2,p03776,main_default_opt_2,True,phi,68,63,-5
public_v1,O2,p03776,main_default_opt_2,True,ptrtoint,8,7,-1
public_v1,O2,p03776,main_default_opt_2,True,ret,6,6,0
public_v1,O2,p03776,main_default_opt_2,True,select,498,497,-1
public_v1,O2,p03776,main_default_opt_2,True,sext,89,89,0
public_v1,O2,p03776,main_default_opt_2,True,shl,86,86,0
public_v1,O2,p03776,main_default_opt_2,True,sitofp,2,2,0
public_v1,O2,p03776,main_default_opt_2,True,store,433,612,179
public_v1,O2,p03776,main_default_opt_2,True,sub,73,71,-2
public_v1,O2,p03776,main_default_opt_2,True,switch,6,6,0
public_v1,O2,p03776,main_default_opt_2,True,trunc,47,45,-2
public_v1,O2,p03776,main_default_opt_2,True,xor,208,206,-2
public_v1,O2,p03776,main_default_opt_2,True,zext,407,406,-1
public_v1,O2,p03776,bundle_default_opt_3,True,add,329,313,-16
public_v1,O2,p03776,bundle_default_opt_3,True,alloca,3,3,0
public_v1,O2,p03776,bundle_default_opt_3,True,and,397,366,-31
public_v1,O2,p03776,bundle_default_opt_3,True,ashr,1,1,0
public_v1,O2,p03776,bundle_default_opt_3,True,br,320,319,-1
public_v1,O2,p03776,bundle_default_opt_3,True,call,195,195,0
public_v1,O2,p03776,bundle_default_opt_3,True,extractvalue,29,29,0
public_v1,O2,p03776,bundle_default_opt_3,True,fdiv,1,1,0
public_v1,O2,p03776,bundle_default_opt_3,True,getelementptr,245,225,-20
public_v1,O2,p03776,bundle_default_opt_3,True,icmp,189,189,0
public_v1,O2,p03776,bundle_default_opt_3,True,insertvalue,18,15,-3
public_v1,O2,p03776,bundle_default_opt_3,True,inttoptr,2,2,0
public_v1,O2,p03776,bundle_default_opt_3,True,load,667,666,-1
public_v1,O2,p03776,bundle_default_opt_3,True,lshr,21,21,0
public_v1,O2,p03776,bundle_default_opt_3,True,mul,115,115,0
public_v1,O2,p03776,bundle_default_opt_3,True,or,316,285,-31
public_v1,O2,p03776,bundle_default_opt_3,True,phi,63,58,-5
public_v1,O2,p03776,bundle_default_opt_3,True,ptrtoint,34,6,-28
public_v1,O2,p03776,bundle_default_opt_3,True,ret,8,8,0
public_v1,O2,p03776,bundle_default_opt_3,True,select,50,49,-1
public_v1,O2,p03776,bundle_default_opt_3,True,sext,89,89,0
public_v1,O2,p03776,bundle_default_opt_3,True,shl,86,86,0
public_v1,O2,p03776,bundle_default_opt_3,True,sitofp,2,2,0
public_v1,O2,p03776,bundle_default_opt_3,True,store,612,606,-6
public_v1,O2,p03776,bundle_default_opt_3,True,sub,27,12,-15
public_v1,O2,p03776,bundle_default_opt_3,True,switch,6,6,0
public_v1,O2,p03776,bundle_default_opt_3,True,trunc,45,42,-3
public_v1,O2,p03776,bundle_default_opt_3,True,xor,206,206,0
public_v1,O2,p03776,bundle_default_opt_3,True,zext,406,402,-4
public_v1,O2,p03776,bundle_default_opt_4,True,add,313,313,0
public_v1,O2,p03776,bundle_default_opt_4,True,alloca,3,3,0
public_v1,O2,p03776,bundle_default_opt_4,True,and,366,366,0
public_v1,O2,p03776,bundle_default_opt_4,True,ashr,1,1,0
public_v1,O2,p03776,bundle_default_opt_4,True,br,319,319,0
public_v1,O2,p03776,bundle_default_opt_4,True,call,195,195,0
public_v1,O2,p03776,bundle_default_opt_4,True,extractvalue,29,29,0
public_v1,O2,p03776,bundle_default_opt_4,True,fdiv,1,1,0
public_v1,O2,p03776,bundle_default_opt_4,True,getelementptr,225,222,-3
public_v1,O2,p03776,bundle_default_opt_4,True,icmp,189,189,0
public_v1,O2,p03776,bundle_default_opt_4,True,insertvalue,15,15,0
public_v1,O2,p03776,bundle_default_opt_4,True,inttoptr,2,2,0
public_v1,O2,p03776,bundle_default_opt_4,True,load,666,666,0
public_v1,O2,p03776,bundle_default_opt_4,True,lshr,21,21,0
public_v1,O2,p03776,bundle_default_opt_4,True,mul,115,115,0
public_v1,O2,p03776,bundle_default_opt_4,True,or,285,285,0
public_v1,O2,p03776,bundle_default_opt_4,True,phi,58,58,0
public_v1,O2,p03776,bundle_default_opt_4,True,ptrtoint,6,6,0
public_v1,O2,p03776,bundle_default_opt_4,True,ret,8,8,0
public_v1,O2,p03776,bundle_default_opt_4,True,select,49,49,0
public_v1,O2,p03776,bundle_default_opt_4,True,sext,89,89,0
public_v1,O2,p03776,bundle_default_opt_4,True,shl,86,86,0
public_v1,O2,p03776,bundle_default_opt_4,True,sitofp,2,2,0
public_v1,O2,p03776,bundle_default_opt_4,True,store,606,606,0
public_v1,O2,p03776,bundle_default_opt_4,True,sub,12,12,0
public_v1,O2,p03776,bundle_default_opt_4,True,switch,6,6,0
public_v1,O2,p03776,bundle_default_opt_4,True,trunc,42,42,0
public_v1,O2,p03776,bundle_default_opt_4,True,xor,206,206,0
public_v1,O2,p03776,bundle_default_opt_4,True,zext,402,402,0
public_v1,O2,p03776,bundle_post_opt_4_custom_cleanup,True,add,313,313,0
public_v1,O2,p03776,bundle_post_opt_4_custom_cleanup,True,alloca,3,3,0
public_v1,O2,p03776,bundle_post_opt_4_custom_cleanup,True,and,366,366,0
public_v1,O2,p03776,bundle_post_opt_4_custom_cleanup,True,ashr,1,1,0
public_v1,O2,p03776,bundle_post_opt_4_custom_cleanup,True,br,319,319,0
public_v1,O2,p03776,bundle_post_opt_4_custom_cleanup,True,call,195,195,0
public_v1,O2,p03776,bundle_post_opt_4_custom_cleanup,True,extractvalue,29,29,0
public_v1,O2,p03776,bundle_post_opt_4_custom_cleanup,True,fdiv,1,1,0
public_v1,O2,p03776,bundle_post_opt_4_custom_cleanup,True,getelementptr,222,222,0
public_v1,O2,p03776,bundle_post_opt_4_custom_cleanup,True,icmp,189,189,0
public_v1,O2,p03776,bundle_post_opt_4_custom_cleanup,True,insertvalue,15,15,0
public_v1,O2,p03776,bundle_post_opt_4_custom_cleanup,True,inttoptr,2,2,0
public_v1,O2,p03776,bundle_post_opt_4_custom_cleanup,True,load,666,666,0
public_v1,O2,p03776,bundle_post_opt_4_custom_cleanup,True,lshr,21,21,0
public_v1,O2,p03776,bundle_post_opt_4_custom_cleanup,True,mul,115,115,0
public_v1,O2,p03776,bundle_post_opt_4_custom_cleanup,True,or,285,285,0
public_v1,O2,p03776,bundle_post_opt_4_custom_cleanup,True,phi,58,58,0
public_v1,O2,p03776,bundle_post_opt_4_custom_cleanup,True,ptrtoint,6,6,0
public_v1,O2,p03776,bundle_post_opt_4_custom_cleanup,True,ret,8,8,0
public_v1,O2,p03776,bundle_post_opt_4_custom_cleanup,True,select,49,49,0
public_v1,O2,p03776,bundle_post_opt_4_custom_cleanup,True,sext,89,89,0
public_v1,O2,p03776,bundle_post_opt_4_custom_cleanup,True,shl,86,86,0
public_v1,O2,p03776,bundle_post_opt_4_custom_cleanup,True,sitofp,2,2,0
public_v1,O2,p03776,bundle_post_opt_4_custom_cleanup,True,store,606,606,0
public_v1,O2,p03776,bundle_post_opt_4_custom_cleanup,True,sub,12,12,0
public_v1,O2,p03776,bundle_post_opt_4_custom_cleanup,True,switch,6,6,0
public_v1,O2,p03776,bundle_post_opt_4_custom_cleanup,True,trunc,42,42,0
public_v1,O2,p03776,bundle_post_opt_4_custom_cleanup,True,xor,206,206,0
public_v1,O2,p03776,bundle_post_opt_4_custom_cleanup,True,zext,402,402,0
public_v1,O2,p03835,main_default_opt_1,True,add,24,9,-15
public_v1,O2,p03835,main_default_opt_1,True,alloca,5,1,-4
public_v1,O2,p03835,main_default_opt_1,True,and,10,4,-6
public_v1,O2,p03835,main_default_opt_1,True,br,9,8,-1
public_v1,O2,p03835,main_default_opt_1,True,call,13,4,-9
public_v1,O2,p03835,main_default_opt_1,True,extractvalue,14,0,-14
public_v1,O2,p03835,main_default_opt_1,True,getelementptr,45,12,-33
public_v1,O2,p03835,main_default_opt_1,True,icmp,10,6,-4
public_v1,O2,p03835,main_default_opt_1,True,insertvalue,22,0,-22
public_v1,O2,p03835,main_default_opt_1,True,inttoptr,2,2,0
public_v1,O2,p03835,main_default_opt_1,True,load,41,13,-28
public_v1,O2,p03835,main_default_opt_1,True,lshr,3,3,0
public_v1,O2,p03835,main_default_opt_1,True,mul,2,0,-2
public_v1,O2,p03835,main_default_opt_1,True,or,5,2,-3
public_v1,O2,p03835,main_default_opt_1,True,phi,1,6,5
public_v1,O2,p03835,main_default_opt_1,True,ptrtoint,5,4,-1
public_v1,O2,p03835,main_default_opt_1,True,ret,3,2,-1
public_v1,O2,p03835,main_default_opt_1,True,select,4,0,-4
public_v1,O2,p03835,main_default_opt_1,True,store,99,39,-60
public_v1,O2,p03835,main_default_opt_1,True,sub,13,1,-12
public_v1,O2,p03835,main_default_opt_1,True,trunc,6,4,-2
public_v1,O2,p03835,main_default_opt_1,True,xor,6,3,-3
public_v1,O2,p03835,main_default_opt_1,True,zext,13,6,-7
public_v1,O2,p03835,main_default_opt_2,True,add,4,4,0
public_v1,O2,p03835,main_default_opt_2,True,alloca,3,2,-1
public_v1,O2,p03835,main_default_opt_2,True,and,8,0,-8
public_v1,O2,p03835,main_default_opt_2,True,br,8,4,-4
public_v1,O2,p03835,main_default_opt_2,True,call,6,2,-4
public_v1,O2,p03835,main_default_opt_2,True,getelementptr,14,0,-14
public_v1,O2,p03835,main_default_opt_2,True,icmp,4,4,0
public_v1,O2,p03835,main_default_opt_2,True,load,2,2,0
public_v1,O2,p03835,main_default_opt_2,True,or,8,0,-8
public_v1,O2,p03835,main_default_opt_2,True,phi,6,5,-1
public_v1,O2,p03835,main_default_opt_2,True,ret,2,2,0
public_v1,O2,p03835,main_default_opt_2,True,store,11,0,-11
public_v1,O2,p03835,main_default_opt_2,True,sub,1,1,0
public_v1,O2,p03835,main_default_opt_2,True,zext,0,1,1
public_v1,O2,p03835,bundle_default_opt_3,True,add,4,4,0
public_v1,O2,p03835,bundle_default_opt_3,True,alloca,2,2,0
public_v1,O2,p03835,bundle_default_opt_3,True,br,4,4,0
public_v1,O2,p03835,bundle_default_opt_3,True,call,2,2,0
public_v1,O2,p03835,bundle_default_opt_3,True,icmp,4,4,0
public_v1,O2,p03835,bundle_default_opt_3,True,load,2,2,0
public_v1,O2,p03835,bundle_default_opt_3,True,phi,5,5,0
public_v1,O2,p03835,bundle_default_opt_3,True,ret,2,2,0
public_v1,O2,p03835,bundle_default_opt_3,True,sub,1,1,0
public_v1,O2,p03835,bundle_default_opt_3,True,zext,1,1,0
public_v1,O2,p03835,bundle_default_opt_4,True,add,4,4,0
public_v1,O2,p03835,bundle_default_opt_4,True,alloca,2,2,0
public_v1,O2,p03835,bundle_default_opt_4,True,br,4,4,0
public_v1,O2,p03835,bundle_default_opt_4,True,call,2,2,0
public_v1,O2,p03835,bundle_default_opt_4,True,icmp,4,4,0
public_v1,O2,p03835,bundle_default_opt_4,True,load,2,2,0
public_v1,O2,p03835,bundle_default_opt_4,True,phi,5,5,0
public_v1,O2,p03835,bundle_default_opt_4,True,ret,2,2,0
public_v1,O2,p03835,bundle_default_opt_4,True,sub,1,1,0
public_v1,O2,p03835,bundle_default_opt_4,True,zext,1,1,0
public_v1,O2,p03835,bundle_post_opt_4_custom_cleanup,True,add,4,4,0
public_v1,O2,p03835,bundle_post_opt_4_custom_cleanup,True,alloca,2,2,0
public_v1,O2,p03835,bundle_post_opt_4_custom_cleanup,True,br,4,4,0
public_v1,O2,p03835,bundle_post_opt_4_custom_cleanup,True,call,2,2,0
public_v1,O2,p03835,bundle_post_opt_4_custom_cleanup,True,icmp,4,4,0
public_v1,O2,p03835,bundle_post_opt_4_custom_cleanup,True,load,2,2,0
public_v1,O2,p03835,bundle_post_opt_4_custom_cleanup,True,phi,5,5,0
public_v1,O2,p03835,bundle_post_opt_4_custom_cleanup,True,ret,2,1,-1
public_v1,O2,p03835,bundle_post_opt_4_custom_cleanup,True,sub,1,1,0
public_v1,O2,p03835,bundle_post_opt_4_custom_cleanup,True,zext,1,1,0
public_v1,O2,p03854,main_default_opt_1,True,add,31,16,-15
public_v1,O2,p03854,main_default_opt_1,True,alloca,9,1,-8
public_v1,O2,p03854,main_default_opt_1,True,and,9,4,-5
public_v1,O2,p03854,main_default_opt_1,True,br,17,16,-1
public_v1,O2,p03854,main_default_opt_1,True,call,26,7,-19
public_v1,O2,p03854,main_default_opt_1,True,extractvalue,14,0,-14
public_v1,O2,p03854,main_default_opt_1,True,getelementptr,93,16,-77
public_v1,O2,p03854,main_default_opt_1,True,icmp,25,15,-10
public_v1,O2,p03854,main_default_opt_1,True,insertvalue,23,0,-23
public_v1,O2,p03854,main_default_opt_1,True,inttoptr,2,1,-1
public_v1,O2,p03854,main_default_opt_1,True,load,51,16,-35
public_v1,O2,p03854,main_default_opt_1,True,lshr,2,2,0
public_v1,O2,p03854,main_default_opt_1,True,mul,2,1,-1
public_v1,O2,p03854,main_default_opt_1,True,or,6,5,-1
public_v1,O2,p03854,main_default_opt_1,True,phi,2,7,5
public_v1,O2,p03854,main_default_opt_1,True,ptrtoint,5,4,-1
public_v1,O2,p03854,main_default_opt_1,True,ret,3,2,-1
public_v1,O2,p03854,main_default_opt_1,True,select,14,7,-7
public_v1,O2,p03854,main_default_opt_1,True,sext,8,4,-4
public_v1,O2,p03854,main_default_opt_1,True,store,166,54,-112
public_v1,O2,p03854,main_default_opt_1,True,sub,10,0,-10
public_v1,O2,p03854,main_default_opt_1,True,trunc,5,4,-1
public_v1,O2,p03854,main_default_opt_1,True,xor,8,4,-4
public_v1,O2,p03854,main_default_opt_1,True,zext,18,10,-8
public_v1,O2,p03854,main_default_opt_2,True,add,12,12,0
public_v1,O2,p03854,main_default_opt_2,True,alloca,1,0,-1
public_v1,O2,p03854,main_default_opt_2,True,and,8,0,-8
public_v1,O2,p03854,main_default_opt_2,True,br,16,12,-4
public_v1,O2,p03854,main_default_opt_2,True,call,5,5,0
public_v1,O2,p03854,main_default_opt_2,True,getelementptr,15,6,-9
public_v1,O2,p03854,main_default_opt_2,True,icmp,12,10,-2
public_v1,O2,p03854,main_default_opt_2,True,inttoptr,1,1,0
public_v1,O2,p03854,main_default_opt_2,True,load,3,3,0
public_v1,O2,p03854,main_default_opt_2,True,or,8,0,-8
public_v1,O2,p03854,main_default_opt_2,True,phi,4,4,0
public_v1,O2,p03854,main_default_opt_2,True,ret,2,2,0
public_v1,O2,p03854,main_default_opt_2,True,select,7,4,-3
public_v1,O2,p03854,main_default_opt_2,True,sext,4,4,0
public_v1,O2,p03854,main_default_opt_2,True,store,26,2,-24
public_v1,O2,p03854,main_default_opt_2,True,switch,0,1,1
public_v1,O2,p03854,main_default_opt_2,True,trunc,1,1,0
public_v1,O2,p03854,main_default_opt_2,True,zext,2,0,-2
public_v1,O2,p03854,bundle_default_opt_3,True,add,12,12,0
public_v1,O2,p03854,bundle_default_opt_3,True,br,12,12,0
public_v1,O2,p03854,bundle_default_opt_3,True,call,6,6,0
public_v1,O2,p03854,bundle_default_opt_3,True,getelementptr,7,7,0
public_v1,O2,p03854,bundle_default_opt_3,True,icmp,10,10,0
public_v1,O2,p03854,bundle_default_opt_3,True,inttoptr,1,1,0
public_v1,O2,p03854,bundle_default_opt_3,True,load,3,3,0
public_v1,O2,p03854,bundle_default_opt_3,True,phi,4,4,0
public_v1,O2,p03854,bundle_default_opt_3,True,ret,3,3,0
public_v1,O2,p03854,bundle_default_opt_3,True,select,4,4,0
public_v1,O2,p03854,bundle_default_opt_3,True,sext,4,4,0
public_v1,O2,p03854,bundle_default_opt_3,True,store,2,2,0
public_v1,O2,p03854,bundle_default_opt_3,True,switch,1,1,0
public_v1,O2,p03854,bundle_default_opt_3,True,trunc,1,1,0
public_v1,O2,p03854,bundle_default_opt_4,True,add,12,12,0
public_v1,O2,p03854,bundle_default_opt_4,True,br,12,12,0
public_v1,O2,p03854,bundle_default_opt_4,True,call,6,6,0
public_v1,O2,p03854,bundle_default_opt_4,True,getelementptr,7,7,0
public_v1,O2,p03854,bundle_default_opt_4,True,icmp,10,10,0
public_v1,O2,p03854,bundle_default_opt_4,True,inttoptr,1,1,0
public_v1,O2,p03854,bundle_default_opt_4,True,load,3,3,0
public_v1,O2,p03854,bundle_default_opt_4,True,phi,4,4,0
public_v1,O2,p03854,bundle_default_opt_4,True,ret,3,3,0
public_v1,O2,p03854,bundle_default_opt_4,True,select,4,4,0
public_v1,O2,p03854,bundle_default_opt_4,True,sext,4,4,0
public_v1,O2,p03854,bundle_default_opt_4,True,store,2,2,0
public_v1,O2,p03854,bundle_default_opt_4,True,switch,1,1,0
public_v1,O2,p03854,bundle_default_opt_4,True,trunc,1,1,0
public_v1,O2,p03854,bundle_post_opt_4_custom_cleanup,True,add,12,12,0
public_v1,O2,p03854,bundle_post_opt_4_custom_cleanup,True,br,12,12,0
public_v1,O2,p03854,bundle_post_opt_4_custom_cleanup,True,call,6,6,0
public_v1,O2,p03854,bundle_post_opt_4_custom_cleanup,True,getelementptr,7,7,0
public_v1,O2,p03854,bundle_post_opt_4_custom_cleanup,True,icmp,10,10,0
public_v1,O2,p03854,bundle_post_opt_4_custom_cleanup,True,inttoptr,1,1,0
public_v1,O2,p03854,bundle_post_opt_4_custom_cleanup,True,load,3,3,0
public_v1,O2,p03854,bundle_post_opt_4_custom_cleanup,True,phi,4,4,0
public_v1,O2,p03854,bundle_post_opt_4_custom_cleanup,True,ret,3,3,0
public_v1,O2,p03854,bundle_post_opt_4_custom_cleanup,True,select,4,4,0
public_v1,O2,p03854,bundle_post_opt_4_custom_cleanup,True,sext,4,4,0
public_v1,O2,p03854,bundle_post_opt_4_custom_cleanup,True,store,2,2,0
public_v1,O2,p03854,bundle_post_opt_4_custom_cleanup,True,switch,1,1,0
public_v1,O2,p03854,bundle_post_opt_4_custom_cleanup,True,trunc,1,1,0
public_v1,O2,p04028,main_default_opt_1,True,add,236,174,-62
public_v1,O2,p04028,main_default_opt_1,True,alloca,7,3,-4
public_v1,O2,p04028,main_default_opt_1,True,and,37,11,-26
public_v1,O2,p04028,main_default_opt_1,True,ashr,10,6,-4
public_v1,O2,p04028,main_default_opt_1,True,br,26,27,1
public_v1,O2,p04028,main_default_opt_1,True,call,35,18,-17
public_v1,O2,p04028,main_default_opt_1,True,extractvalue,25,4,-21
public_v1,O2,p04028,main_default_opt_1,True,getelementptr,256,126,-130
public_v1,O2,p04028,main_default_opt_1,True,icmp,127,96,-31
public_v1,O2,p04028,main_default_opt_1,True,insertvalue,57,2,-55
public_v1,O2,p04028,main_default_opt_1,True,inttoptr,29,24,-5
public_v1,O2,p04028,main_default_opt_1,True,load,141,78,-63
public_v1,O2,p04028,main_default_opt_1,True,lshr,29,13,-16
public_v1,O2,p04028,main_default_opt_1,True,mul,14,12,-2
public_v1,O2,p04028,main_default_opt_1,True,or,13,8,-5
public_v1,O2,p04028,main_default_opt_1,True,phi,8,40,32
public_v1,O2,p04028,main_default_opt_1,True,ptrtoint,10,5,-5
public_v1,O2,p04028,main_default_opt_1,True,ret,6,3,-3
public_v1,O2,p04028,main_default_opt_1,True,sdiv,3,3,0
public_v1,O2,p04028,main_default_opt_1,True,select,113,100,-13
public_v1,O2,p04028,main_default_opt_1,True,sext,33,30,-3
public_v1,O2,p04028,main_default_opt_1,True,shl,37,30,-7
public_v1,O2,p04028,main_default_opt_1,True,store,168,103,-65
public_v1,O2,p04028,main_default_opt_1,True,sub,32,5,-27
public_v1,O2,p04028,main_default_opt_1,True,trunc,57,24,-33
public_v1,O2,p04028,main_default_opt_1,True,unreachable,3,3,0
public_v1,O2,p04028,main_default_opt_1,True,xor,40,19,-21
public_v1,O2,p04028,main_default_opt_1,True,zext,51,17,-34
public_v1,O2,p04028,main_default_opt_2,True,add,78,38,-40
public_v1,O2,p04028,main_default_opt_2,True,alloca,3,2,-1
public_v1,O2,p04028,main_default_opt_2,True,and,10,7,-3
public_v1,O2,p04028,main_default_opt_2,True,ashr,6,6,0
public_v1,O2,p04028,main_default_opt_2,True,br,26,20,-6
public_v1,O2,p04028,main_default_opt_2,True,call,18,13,-5
public_v1,O2,p04028,main_default_opt_2,True,extractvalue,4,4,0
public_v1,O2,p04028,main_default_opt_2,True,getelementptr,59,44,-15
public_v1,O2,p04028,main_default_opt_2,True,icmp,23,23,0
public_v1,O2,p04028,main_default_opt_2,True,insertvalue,2,2,0
public_v1,O2,p04028,main_default_opt_2,True,load,62,17,-45
public_v1,O2,p04028,main_default_opt_2,True,lshr,13,13,0
public_v1,O2,p04028,main_default_opt_2,True,mul,12,8,-4
public_v1,O2,p04028,main_default_opt_2,True,or,7,6,-1
public_v1,O2,p04028,main_default_opt_2,True,phi,35,10,-25
public_v1,O2,p04028,main_default_opt_2,True,ptrtoint,4,4,0
public_v1,O2,p04028,main_default_opt_2,True,ret,3,3,0
public_v1,O2,p04028,main_default_opt_2,True,sdiv,3,3,0
public_v1,O2,p04028,main_default_opt_2,True,select,28,13,-15
public_v1,O2,p04028,main_default_opt_2,True,sext,30,16,-14
public_v1,O2,p04028,main_default_opt_2,True,shl,30,16,-14
public_v1,O2,p04028,main_default_opt_2,True,store,89,53,-36
public_v1,O2,p04028,main_default_opt_2,True,sub,5,4,-1
public_v1,O2,p04028,main_default_opt_2,True,trunc,24,14,-10
public_v1,O2,p04028,main_default_opt_2,True,unreachable,3,3,0
public_v1,O2,p04028,main_default_opt_2,True,xor,19,15,-4
public_v1,O2,p04028,main_default_opt_2,True,zext,16,14,-2
public_v1,O2,p04028,bundle_default_opt_3,True,add,36,34,-2
public_v1,O2,p04028,bundle_default_opt_3,True,alloca,2,2,0
public_v1,O2,p04028,bundle_default_opt_3,True,and,7,7,0
public_v1,O2,p04028,bundle_default_opt_3,True,ashr,6,6,0
public_v1,O2,p04028,bundle_default_opt_3,True,br,20,20,0
public_v1,O2,p04028,bundle_default_opt_3,True,call,13,13,0
public_v1,O2,p04028,bundle_default_opt_3,True,extractvalue,2,0,-2
public_v1,O2,p04028,bundle_default_opt_3,True,getelementptr,43,40,-3
public_v1,O2,p04028,bundle_default_opt_3,True,icmp,23,23,0
public_v1,O2,p04028,bundle_default_opt_3,True,insertvalue,2,0,-2
public_v1,O2,p04028,bundle_default_opt_3,True,load,16,16,0
public_v1,O2,p04028,bundle_default_opt_3,True,lshr,13,13,0
public_v1,O2,p04028,bundle_default_opt_3,True,mul,8,8,0
public_v1,O2,p04028,bundle_default_opt_3,True,or,6,6,0
public_v1,O2,p04028,bundle_default_opt_3,True,phi,10,10,0
public_v1,O2,p04028,bundle_default_opt_3,True,ptrtoint,4,3,-1
public_v1,O2,p04028,bundle_default_opt_3,True,ret,3,3,0
public_v1,O2,p04028,bundle_default_opt_3,True,sdiv,3,3,0
public_v1,O2,p04028,bundle_default_opt_3,True,select,13,13,0
public_v1,O2,p04028,bundle_default_opt_3,True,sext,16,15,-1
public_v1,O2,p04028,bundle_default_opt_3,True,shl,16,16,0
public_v1,O2,p04028,bundle_default_opt_3,True,store,53,53,0
public_v1,O2,p04028,bundle_default_opt_3,True,sub,1,1,0
public_v1,O2,p04028,bundle_default_opt_3,True,trunc,14,14,0
public_v1,O2,p04028,bundle_default_opt_3,True,unreachable,3,3,0
public_v1,O2,p04028,bundle_default_opt_3,True,xor,15,15,0
public_v1,O2,p04028,bundle_default_opt_3,True,zext,14,14,0
public_v1,O2,p04028,bundle_default_opt_4,True,add,34,34,0
public_v1,O2,p04028,bundle_default_opt_4,True,alloca,2,2,0
public_v1,O2,p04028,bundle_default_opt_4,True,and,7,7,0
public_v1,O2,p04028,bundle_default_opt_4,True,ashr,6,6,0
public_v1,O2,p04028,bundle_default_opt_4,True,br,20,20,0
public_v1,O2,p04028,bundle_default_opt_4,True,call,13,13,0
public_v1,O2,p04028,bundle_default_opt_4,True,getelementptr,40,40,0
public_v1,O2,p04028,bundle_default_opt_4,True,icmp,23,23,0
public_v1,O2,p04028,bundle_default_opt_4,True,load,16,16,0
public_v1,O2,p04028,bundle_default_opt_4,True,lshr,13,13,0
public_v1,O2,p04028,bundle_default_opt_4,True,mul,8,8,0
public_v1,O2,p04028,bundle_default_opt_4,True,or,6,6,0
public_v1,O2,p04028,bundle_default_opt_4,True,phi,10,10,0
public_v1,O2,p04028,bundle_default_opt_4,True,ptrtoint,3,3,0
public_v1,O2,p04028,bundle_default_opt_4,True,ret,3,3,0
public_v1,O2,p04028,bundle_default_opt_4,True,sdiv,3,3,0
public_v1,O2,p04028,bundle_default_opt_4,True,select,13,13,0
public_v1,O2,p04028,bundle_default_opt_4,True,sext,15,15,0
public_v1,O2,p04028,bundle_default_opt_4,True,shl,16,16,0
public_v1,O2,p04028,bundle_default_opt_4,True,store,53,53,0
public_v1,O2,p04028,bundle_default_opt_4,True,sub,1,1,0
public_v1,O2,p04028,bundle_default_opt_4,True,trunc,14,14,0
public_v1,O2,p04028,bundle_default_opt_4,True,unreachable,3,3,0
public_v1,O2,p04028,bundle_default_opt_4,True,xor,15,15,0
public_v1,O2,p04028,bundle_default_opt_4,True,zext,14,14,0
public_v1,O2,p04028,bundle_post_opt_4_custom_cleanup,True,add,34,34,0
public_v1,O2,p04028,bundle_post_opt_4_custom_cleanup,True,alloca,2,2,0
public_v1,O2,p04028,bundle_post_opt_4_custom_cleanup,True,and,7,8,1
public_v1,O2,p04028,bundle_post_opt_4_custom_cleanup,True,ashr,6,6,0
public_v1,O2,p04028,bundle_post_opt_4_custom_cleanup,True,br,20,20,0
public_v1,O2,p04028,bundle_post_opt_4_custom_cleanup,True,call,13,13,0
public_v1,O2,p04028,bundle_post_opt_4_custom_cleanup,True,getelementptr,40,40,0
public_v1,O2,p04028,bundle_post_opt_4_custom_cleanup,True,icmp,23,23,0
public_v1,O2,p04028,bundle_post_opt_4_custom_cleanup,True,load,16,14,-2
public_v1,O2,p04028,bundle_post_opt_4_custom_cleanup,True,lshr,13,13,0
public_v1,O2,p04028,bundle_post_opt_4_custom_cleanup,True,mul,8,8,0
public_v1,O2,p04028,bundle_post_opt_4_custom_cleanup,True,or,6,6,0
public_v1,O2,p04028,bundle_post_opt_4_custom_cleanup,True,phi,10,10,0
public_v1,O2,p04028,bundle_post_opt_4_custom_cleanup,True,ptrtoint,3,3,0
public_v1,O2,p04028,bundle_post_opt_4_custom_cleanup,True,ret,3,2,-1
public_v1,O2,p04028,bundle_post_opt_4_custom_cleanup,True,sdiv,3,3,0
public_v1,O2,p04028,bundle_post_opt_4_custom_cleanup,True,select,13,13,0
public_v1,O2,p04028,bundle_post_opt_4_custom_cleanup,True,sext,15,15,0
public_v1,O2,p04028,bundle_post_opt_4_custom_cleanup,True,shl,16,16,0
public_v1,O2,p04028,bundle_post_opt_4_custom_cleanup,True,store,53,53,0
public_v1,O2,p04028,bundle_post_opt_4_custom_cleanup,True,sub,1,1,0
public_v1,O2,p04028,bundle_post_opt_4_custom_cleanup,True,trunc,14,14,0
public_v1,O2,p04028,bundle_post_opt_4_custom_cleanup,True,unreachable,3,3,0
public_v1,O2,p04028,bundle_post_opt_4_custom_cleanup,True,xor,15,15,0
public_v1,O2,p04028,bundle_post_opt_4_custom_cleanup,True,zext,14,13,-1
public_v1,O3,p00001,main_default_opt_1,True,add,105,38,-67
public_v1,O3,p00001,main_default_opt_1,True,alloca,6,3,-3
public_v1,O3,p00001,main_default_opt_1,True,and,54,8,-46
public_v1,O3,p00001,main_default_opt_1,True,br,27,23,-4
public_v1,O3,p00001,main_default_opt_1,True,call,29,15,-14
public_v1,O3,p00001,main_default_opt_1,True,extractvalue,50,0,-50
public_v1,O3,p00001,main_default_opt_1,True,getelementptr,137,81,-56
public_v1,O3,p00001,main_default_opt_1,True,icmp,61,35,-26
public_v1,O3,p00001,main_default_opt_1,True,insertvalue,86,0,-86
public_v1,O3,p00001,main_default_opt_1,True,inttoptr,12,10,-2
public_v1,O3,p00001,main_default_opt_1,True,load,103,35,-68
public_v1,O3,p00001,main_default_opt_1,True,lshr,13,0,-13
public_v1,O3,p00001,main_default_opt_1,True,mul,9,2,-7
public_v1,O3,p00001,main_default_opt_1,True,or,31,4,-27
public_v1,O3,p00001,main_default_opt_1,True,phi,25,13,-12
public_v1,O3,p00001,main_default_opt_1,True,ptrtoint,17,8,-9
public_v1,O3,p00001,main_default_opt_1,True,ret,9,3,-6
public_v1,O3,p00001,main_default_opt_1,True,select,29,26,-3
public_v1,O3,p00001,main_default_opt_1,True,sext,4,4,0
public_v1,O3,p00001,main_default_opt_1,True,shl,6,5,-1
public_v1,O3,p00001,main_default_opt_1,True,store,198,83,-115
public_v1,O3,p00001,main_default_opt_1,True,sub,51,2,-49
public_v1,O3,p00001,main_default_opt_1,True,switch,2,1,-1
public_v1,O3,p00001,main_default_opt_1,True,trunc,25,1,-24
public_v1,O3,p00001,main_default_opt_1,True,xor,34,7,-27
public_v1,O3,p00001,main_default_opt_1,True,zext,62,14,-48
public_v1,O3,p00001,main_default_opt_2,True,add,10,8,-2
public_v1,O3,p00001,main_default_opt_2,True,alloca,1,1,0
public_v1,O3,p00001,main_default_opt_2,True,and,2,1,-1
public_v1,O3,p00001,main_default_opt_2,True,br,20,17,-3
public_v1,O3,p00001,main_default_opt_2,True,call,11,13,2
public_v1,O3,p00001,main_default_opt_2,True,getelementptr,49,45,-4
public_v1,O3,p00001,main_default_opt_2,True,icmp,13,10,-3
public_v1,O3,p00001,main_default_opt_2,True,inttoptr,3,2,-1
public_v1,O3,p00001,main_default_opt_2,True,load,18,12,-6
public_v1,O3,p00001,main_default_opt_2,True,mul,1,0,-1
public_v1,O3,p00001,main_default_opt_2,True,phi,11,8,-3
public_v1,O3,p00001,main_default_opt_2,True,ptrtoint,5,4,-1
public_v1,O3,p00001,main_default_opt_2,True,ret,3,3,0
public_v1,O3,p00001,main_default_opt_2,True,select,8,6,-2
public_v1,O3,p00001,main_default_opt_2,True,sext,4,2,-2
public_v1,O3,p00001,main_default_opt_2,True,shl,5,3,-2
public_v1,O3,p00001,main_default_opt_2,True,store,65,49,-16
public_v1,O3,p00001,main_default_opt_2,True,sub,1,1,0
public_v1,O3,p00001,main_default_opt_2,True,switch,1,1,0
public_v1,O3,p00001,main_default_opt_2,True,trunc,1,0,-1
public_v1,O3,p00001,main_default_opt_2,True,xor,2,0,-2
public_v1,O3,p00001,main_default_opt_2,True,zext,5,2,-3
public_v1,O3,p00001,bundle_default_opt_3,True,add,4,4,0
public_v1,O3,p00001,bundle_default_opt_3,True,alloca,1,1,0
public_v1,O3,p00001,bundle_default_opt_3,True,and,1,1,0
public_v1,O3,p00001,bundle_default_opt_3,True,br,17,17,0
public_v1,O3,p00001,bundle_default_opt_3,True,call,13,13,0
public_v1,O3,p00001,bundle_default_opt_3,True,getelementptr,37,36,-1
public_v1,O3,p00001,bundle_default_opt_3,True,icmp,6,7,1
public_v1,O3,p00001,bundle_default_opt_3,True,load,8,8,0
public_v1,O3,p00001,bundle_default_opt_3,True,phi,9,8,-1
public_v1,O3,p00001,bundle_default_opt_3,True,ptrtoint,4,4,0
public_v1,O3,p00001,bundle_default_opt_3,True,ret,3,3,0
public_v1,O3,p00001,bundle_default_opt_3,True,select,2,2,0
public_v1,O3,p00001,bundle_default_opt_3,True,sext,2,1,-1
public_v1,O3,p00001,bundle_default_opt_3,True,shl,2,2,0
public_v1,O3,p00001,bundle_default_opt_3,True,store,49,47,-2
public_v1,O3,p00001,bundle_default_opt_3,True,sub,1,1,0
public_v1,O3,p00001,bundle_default_opt_3,True,switch,1,1,0
public_v1,O3,p00001,bundle_default_opt_3,True,trunc,0,1,1
public_v1,O3,p00001,bundle_default_opt_3,True,zext,2,2,0
public_v1,O3,p00001,bundle_default_opt_4,True,add,4,4,0
public_v1,O3,p00001,bundle_default_opt_4,True,alloca,1,1,0
public_v1,O3,p00001,bundle_default_opt_4,True,and,1,1,0
public_v1,O3,p00001,bundle_default_opt_4,True,br,17,17,0
public_v1,O3,p00001,bundle_default_opt_4,True,call,13,13,0
public_v1,O3,p00001,bundle_default_opt_4,True,getelementptr,36,36,0
public_v1,O3,p00001,bundle_default_opt_4,True,icmp,7,7,0
public_v1,O3,p00001,bundle_default_opt_4,True,load,8,8,0
public_v1,O3,p00001,bundle_default_opt_4,True,phi,8,8,0
public_v1,O3,p00001,bundle_default_opt_4,True,ptrtoint,4,4,0
public_v1,O3,p00001,bundle_default_opt_4,True,ret,3,3,0
public_v1,O3,p00001,bundle_default_opt_4,True,select,2,2,0
public_v1,O3,p00001,bundle_default_opt_4,True,sext,1,1,0
public_v1,O3,p00001,bundle_default_opt_4,True,shl,2,2,0
public_v1,O3,p00001,bundle_default_opt_4,True,store,47,47,0
public_v1,O3,p00001,bundle_default_opt_4,True,sub,1,1,0
public_v1,O3,p00001,bundle_default_opt_4,True,switch,1,1,0
public_v1,O3,p00001,bundle_default_opt_4,True,trunc,1,1,0
public_v1,O3,p00001,bundle_default_opt_4,True,zext,2,2,0
public_v1,O3,p00001,bundle_post_opt_4_custom_cleanup,True,add,4,4,0
public_v1,O3,p00001,bundle_post_opt_4_custom_cleanup,True,alloca,1,1,0
public_v1,O3,p00001,bundle_post_opt_4_custom_cleanup,True,and,1,1,0
public_v1,O3,p00001,bundle_post_opt_4_custom_cleanup,True,br,17,17,0
public_v1,O3,p00001,bundle_post_opt_4_custom_cleanup,True,call,13,13,0
public_v1,O3,p00001,bundle_post_opt_4_custom_cleanup,True,getelementptr,36,36,0
public_v1,O3,p00001,bundle_post_opt_4_custom_cleanup,True,icmp,7,7,0
public_v1,O3,p00001,bundle_post_opt_4_custom_cleanup,True,load,8,8,0
public_v1,O3,p00001,bundle_post_opt_4_custom_cleanup,True,phi,8,8,0
public_v1,O3,p00001,bundle_post_opt_4_custom_cleanup,True,ptrtoint,4,4,0
public_v1,O3,p00001,bundle_post_opt_4_custom_cleanup,True,ret,3,2,-1
public_v1,O3,p00001,bundle_post_opt_4_custom_cleanup,True,select,2,2,0
public_v1,O3,p00001,bundle_post_opt_4_custom_cleanup,True,sext,1,1,0
public_v1,O3,p00001,bundle_post_opt_4_custom_cleanup,True,shl,2,2,0
public_v1,O3,p00001,bundle_post_opt_4_custom_cleanup,True,store,47,47,0
public_v1,O3,p00001,bundle_post_opt_4_custom_cleanup,True,sub,1,1,0
public_v1,O3,p00001,bundle_post_opt_4_custom_cleanup,True,switch,1,1,0
public_v1,O3,p00001,bundle_post_opt_4_custom_cleanup,True,trunc,1,1,0
public_v1,O3,p00001,bundle_post_opt_4_custom_cleanup,True,zext,2,2,0
public_v1,O3,p00008,main_default_opt_1,True,add,226,184,-42
public_v1,O3,p00008,main_default_opt_1,True,alloca,5,3,-2
public_v1,O3,p00008,main_default_opt_1,True,and,15,8,-7
public_v1,O3,p00008,main_default_opt_1,True,br,29,29,0
public_v1,O3,p00008,main_default_opt_1,True,call,12,7,-5
public_v1,O3,p00008,main_default_opt_1,True,extractvalue,14,0,-14
public_v1,O3,p00008,main_default_opt_1,True,getelementptr,390,198,-192
public_v1,O3,p00008,main_default_opt_1,True,icmp,187,164,-23
public_v1,O3,p00008,main_default_opt_1,True,insertvalue,22,0,-22
public_v1,O3,p00008,main_default_opt_1,True,inttoptr,55,49,-6
public_v1,O3,p00008,main_default_opt_1,True,load,131,105,-26
public_v1,O3,p00008,main_default_opt_1,True,mul,3,3,0
public_v1,O3,p00008,main_default_opt_1,True,or,7,8,1
public_v1,O3,p00008,main_default_opt_1,True,phi,1,17,16
public_v1,O3,p00008,main_default_opt_1,True,ptrtoint,6,5,-1
public_v1,O3,p00008,main_default_opt_1,True,ret,3,2,-1
public_v1,O3,p00008,main_default_opt_1,True,select,178,156,-22
public_v1,O3,p00008,main_default_opt_1,True,sext,8,8,0
public_v1,O3,p00008,main_default_opt_1,True,shl,8,8,0
public_v1,O3,p00008,main_default_opt_1,True,store,204,143,-61
public_v1,O3,p00008,main_default_opt_1,True,sub,25,1,-24
public_v1,O3,p00008,main_default_opt_1,True,trunc,3,1,-2
public_v1,O3,p00008,main_default_opt_1,True,xor,8,8,0
public_v1,O3,p00008,main_default_opt_1,True,zext,18,17,-1
public_v1,O3,p00008,main_default_opt_2,True,add,35,32,-3
public_v1,O3,p00008,main_default_opt_2,True,alloca,1,1,0
public_v1,O3,p00008,main_default_opt_2,True,and,9,1,-8
public_v1,O3,p00008,main_default_opt_2,True,br,29,25,-4
public_v1,O3,p00008,main_default_opt_2,True,call,2,3,1
public_v1,O3,p00008,main_default_opt_2,True,getelementptr,71,37,-34
public_v1,O3,p00008,main_default_opt_2,True,icmp,15,20,5
public_v1,O3,p00008,main_default_opt_2,True,inttoptr,9,8,-1
public_v1,O3,p00008,main_default_opt_2,True,load,44,49,5
public_v1,O3,p00008,main_default_opt_2,True,mul,1,1,0
public_v1,O3,p00008,main_default_opt_2,True,or,9,1,-8
public_v1,O3,p00008,main_default_opt_2,True,phi,6,3,-3
public_v1,O3,p00008,main_default_opt_2,True,ptrtoint,2,1,-1
public_v1,O3,p00008,main_default_opt_2,True,ret,2,2,0
public_v1,O3,p00008,main_default_opt_2,True,select,9,11,2
public_v1,O3,p00008,main_default_opt_2,True,sext,8,8,0
public_v1,O3,p00008,main_default_opt_2,True,shl,8,8,0
public_v1,O3,p00008,main_default_opt_2,True,store,97,110,13
public_v1,O3,p00008,main_default_opt_2,True,trunc,1,1,0
public_v1,O3,p00008,main_default_opt_2,True,xor,2,2,0
public_v1,O3,p00008,main_default_opt_2,True,zext,7,11,4
public_v1,O3,p00008,bundle_default_opt_3,True,add,10,10,0
public_v1,O3,p00008,bundle_default_opt_3,True,alloca,1,1,0
public_v1,O3,p00008,bundle_default_opt_3,True,and,1,1,0
public_v1,O3,p00008,bundle_default_opt_3,True,br,22,22,0
public_v1,O3,p00008,bundle_default_opt_3,True,call,3,3,0
public_v1,O3,p00008,bundle_default_opt_3,True,getelementptr,28,22,-6
public_v1,O3,p00008,bundle_default_opt_3,True,icmp,16,16,0
public_v1,O3,p00008,bundle_default_opt_3,True,load,39,24,-15
public_v1,O3,p00008,bundle_default_opt_3,True,mul,1,1,0
public_v1,O3,p00008,bundle_default_opt_3,True,or,1,1,0
public_v1,O3,p00008,bundle_default_opt_3,True,phi,0,5,5
public_v1,O3,p00008,bundle_default_opt_3,True,ret,2,2,0
public_v1,O3,p00008,bundle_default_opt_3,True,select,2,13,11
public_v1,O3,p00008,bundle_default_opt_3,True,sext,8,4,-4
public_v1,O3,p00008,bundle_default_opt_3,True,shl,8,5,-3
public_v1,O3,p00008,bundle_default_opt_3,True,store,20,20,0
public_v1,O3,p00008,bundle_default_opt_3,True,trunc,1,1,0
public_v1,O3,p00008,bundle_default_opt_3,True,xor,2,2,0
public_v1,O3,p00008,bundle_default_opt_3,True,zext,1,2,1
public_v1,O3,p00008,bundle_default_opt_4,True,add,10,10,0
public_v1,O3,p00008,bundle_default_opt_4,True,alloca,1,1,0
public_v1,O3,p00008,bundle_default_opt_4,True,and,1,1,0
public_v1,O3,p00008,bundle_default_opt_4,True,br,22,23,1
public_v1,O3,p00008,bundle_default_opt_4,True,call,3,3,0
public_v1,O3,p00008,bundle_default_opt_4,True,getelementptr,22,22,0
public_v1,O3,p00008,bundle_default_opt_4,True,icmp,16,16,0
public_v1,O3,p00008,bundle_default_opt_4,True,load,24,24,0
public_v1,O3,p00008,bundle_default_opt_4,True,mul,1,1,0
public_v1,O3,p00008,bundle_default_opt_4,True,or,1,1,0
public_v1,O3,p00008,bundle_default_opt_4,True,phi,5,5,0
public_v1,O3,p00008,bundle_default_opt_4,True,ret,2,2,0
public_v1,O3,p00008,bundle_default_opt_4,True,select,13,13,0
public_v1,O3,p00008,bundle_default_opt_4,True,sext,4,4,0
public_v1,O3,p00008,bundle_default_opt_4,True,shl,5,5,0
public_v1,O3,p00008,bundle_default_opt_4,True,store,20,20,0
public_v1,O3,p00008,bundle_default_opt_4,True,trunc,1,2,1
public_v1,O3,p00008,bundle_default_opt_4,True,xor,2,2,0
public_v1,O3,p00008,bundle_default_opt_4,True,zext,2,2,0
public_v1,O3,p00008,bundle_post_opt_4_custom_cleanup,True,add,10,10,0
public_v1,O3,p00008,bundle_post_opt_4_custom_cleanup,True,alloca,1,1,0
public_v1,O3,p00008,bundle_post_opt_4_custom_cleanup,True,and,1,1,0
public_v1,O3,p00008,bundle_post_opt_4_custom_cleanup,True,br,23,23,0
public_v1,O3,p00008,bundle_post_opt_4_custom_cleanup,True,call,3,3,0
public_v1,O3,p00008,bundle_post_opt_4_custom_cleanup,True,getelementptr,22,22,0
public_v1,O3,p00008,bundle_post_opt_4_custom_cleanup,True,icmp,16,16,0
public_v1,O3,p00008,bundle_post_opt_4_custom_cleanup,True,load,24,24,0
public_v1,O3,p00008,bundle_post_opt_4_custom_cleanup,True,mul,1,1,0
public_v1,O3,p00008,bundle_post_opt_4_custom_cleanup,True,or,1,1,0
public_v1,O3,p00008,bundle_post_opt_4_custom_cleanup,True,phi,5,5,0
public_v1,O3,p00008,bundle_post_opt_4_custom_cleanup,True,ret,2,2,0
public_v1,O3,p00008,bundle_post_opt_4_custom_cleanup,True,select,13,13,0
public_v1,O3,p00008,bundle_post_opt_4_custom_cleanup,True,sext,4,4,0
public_v1,O3,p00008,bundle_post_opt_4_custom_cleanup,True,shl,5,5,0
public_v1,O3,p00008,bundle_post_opt_4_custom_cleanup,True,store,20,20,0
public_v1,O3,p00008,bundle_post_opt_4_custom_cleanup,True,trunc,2,2,0
public_v1,O3,p00008,bundle_post_opt_4_custom_cleanup,True,xor,2,2,0
public_v1,O3,p00008,bundle_post_opt_4_custom_cleanup,True,zext,2,2,0
public_v1,O3,p00033,main_default_opt_1,True,add,195,110,-85
public_v1,O3,p00033,main_default_opt_1,True,alloca,14,4,-10
public_v1,O3,p00033,main_default_opt_1,True,and,133,124,-9
public_v1,O3,p00033,main_default_opt_1,True,bitcast,2,2,0
public_v1,O3,p00033,main_default_opt_1,True,br,87,82,-5
public_v1,O3,p00033,main_default_opt_1,True,call,40,21,-19
public_v1,O3,p00033,main_default_opt_1,True,extractvalue,28,8,-20
public_v1,O3,p00033,main_default_opt_1,True,fcmp,1,1,0
public_v1,O3,p00033,main_default_opt_1,True,fptosi,1,1,0
public_v1,O3,p00033,main_default_opt_1,True,getelementptr,239,100,-139
public_v1,O3,p00033,main_default_opt_1,True,icmp,82,75,-7
public_v1,O3,p00033,main_default_opt_1,True,insertvalue,37,4,-33
public_v1,O3,p00033,main_default_opt_1,True,inttoptr,11,10,-1
public_v1,O3,p00033,main_default_opt_1,True,load,148,129,-19
public_v1,O3,p00033,main_default_opt_1,True,lshr,9,5,-4
public_v1,O3,p00033,main_default_opt_1,True,mul,39,38,-1
public_v1,O3,p00033,main_default_opt_1,True,or,94,92,-2
public_v1,O3,p00033,main_default_opt_1,True,phi,19,23,4
public_v1,O3,p00033,main_default_opt_1,True,ptrtoint,13,12,-1
public_v1,O3,p00033,main_default_opt_1,True,ret,4,3,-1
public_v1,O3,p00033,main_default_opt_1,True,select,41,40,-1
public_v1,O3,p00033,main_default_opt_1,True,sext,22,20,-2
public_v1,O3,p00033,main_default_opt_1,True,shl,20,20,0
public_v1,O3,p00033,main_default_opt_1,True,sitofp,1,1,0
public_v1,O3,p00033,main_default_opt_1,True,store,306,129,-177
public_v1,O3,p00033,main_default_opt_1,True,sub,76,5,-71
public_v1,O3,p00033,main_default_opt_1,True,switch,3,2,-1
public_v1,O3,p00033,main_default_opt_1,True,trunc,8,4,-4
public_v1,O3,p00033,main_default_opt_1,True,xor,60,57,-3
public_v1,O3,p00033,main_default_opt_1,True,zext,106,96,-10
public_v1,O3,p00033,main_default_opt_2,True,add,58,58,0
public_v1,O3,p00033,main_default_opt_2,True,alloca,13,13,0
public_v1,O3,p00033,main_default_opt_2,True,and,28,3,-25
public_v1,O3,p00033,main_default_opt_2,True,br,82,79,-3
public_v1,O3,p00033,main_default_opt_2,True,call,37,14,-23
public_v1,O3,p00033,main_default_opt_2,True,extractvalue,4,4,0
public_v1,O3,p00033,main_default_opt_2,True,fcmp,1,1,0
public_v1,O3,p00033,main_default_opt_2,True,fptosi,1,1,0
public_v1,O3,p00033,main_default_opt_2,True,getelementptr,77,72,-5
public_v1,O3,p00033,main_default_opt_2,True,icmp,29,29,0
public_v1,O3,p00033,main_default_opt_2,True,insertvalue,4,2,-2
public_v1,O3,p00033,main_default_opt_2,True,inttoptr,4,4,0
public_v1,O3,p00033,main_default_opt_2,True,load,59,79,20
public_v1,O3,p00033,main_default_opt_2,True,lshr,2,2,0
public_v1,O3,p00033,main_default_opt_2,True,mul,10,10,0
public_v1,O3,p00033,main_default_opt_2,True,or,26,0,-26
public_v1,O3,p00033,main_default_opt_2,True,phi,7,7,0
public_v1,O3,p00033,main_default_opt_2,True,ptrtoint,4,4,0
public_v1,O3,p00033,main_default_opt_2,True,ret,3,3,0
public_v1,O3,p00033,main_default_opt_2,True,select,25,25,0
public_v1,O3,p00033,main_default_opt_2,True,sext,20,20,0
public_v1,O3,p00033,main_default_opt_2,True,shl,20,20,0
public_v1,O3,p00033,main_default_opt_2,True,sitofp,1,1,0
public_v1,O3,p00033,main_default_opt_2,True,store,78,97,19
public_v1,O3,p00033,main_default_opt_2,True,sub,5,5,0
public_v1,O3,p00033,main_default_opt_2,True,switch,2,2,0
public_v1,O3,p00033,main_default_opt_2,True,trunc,0,1,1
public_v1,O3,p00033,main_default_opt_2,True,xor,4,3,-1
public_v1,O3,p00033,main_default_opt_2,True,zext,7,4,-3
public_v1,O3,p00033,bundle_default_opt_3,True,add,49,50,1
public_v1,O3,p00033,bundle_default_opt_3,True,alloca,13,13,0
public_v1,O3,p00033,bundle_default_opt_3,True,and,3,3,0
public_v1,O3,p00033,bundle_default_opt_3,True,br,79,83,4
public_v1,O3,p00033,bundle_default_opt_3,True,call,18,18,0
public_v1,O3,p00033,bundle_default_opt_3,True,extractvalue,2,0,-2
public_v1,O3,p00033,bundle_default_opt_3,True,fcmp,1,1,0
public_v1,O3,p00033,bundle_default_opt_3,True,fptosi,1,1,0
public_v1,O3,p00033,bundle_default_opt_3,True,getelementptr,66,72,6
public_v1,O3,p00033,bundle_default_opt_3,True,icmp,20,24,4
public_v1,O3,p00033,bundle_default_opt_3,True,insertvalue,2,0,-2
public_v1,O3,p00033,bundle_default_opt_3,True,inttoptr,1,1,0
public_v1,O3,p00033,bundle_default_opt_3,True,load,79,81,2
public_v1,O3,p00033,bundle_default_opt_3,True,lshr,2,4,2
public_v1,O3,p00033,bundle_default_opt_3,True,mul,10,10,0
public_v1,O3,p00033,bundle_default_opt_3,True,phi,7,10,3
public_v1,O3,p00033,bundle_default_opt_3,True,ptrtoint,8,3,-5
public_v1,O3,p00033,bundle_default_opt_3,True,ret,4,3,-1
public_v1,O3,p00033,bundle_default_opt_3,True,select,16,17,1
public_v1,O3,p00033,bundle_default_opt_3,True,sext,20,20,0
public_v1,O3,p00033,bundle_default_opt_3,True,shl,20,22,2
public_v1,O3,p00033,bundle_default_opt_3,True,sitofp,1,1,0
public_v1,O3,p00033,bundle_default_opt_3,True,store,97,110,13
public_v1,O3,p00033,bundle_default_opt_3,True,sub,6,7,1
public_v1,O3,p00033,bundle_default_opt_3,True,switch,2,2,0
public_v1,O3,p00033,bundle_default_opt_3,True,trunc,1,2,1
public_v1,O3,p00033,bundle_default_opt_3,True,xor,3,6,3
public_v1,O3,p00033,bundle_default_opt_3,True,zext,4,4,0
public_v1,O3,p00033,bundle_default_opt_4,True,add,50,50,0
public_v1,O3,p00033,bundle_default_opt_4,True,alloca,13,13,0
public_v1,O3,p00033,bundle_default_opt_4,True,and,3,3,0
public_v1,O3,p00033,bundle_default_opt_4,True,br,83,83,0
public_v1,O3,p00033,bundle_default_opt_4,True,call,18,18,0
public_v1,O3,p00033,bundle_default_opt_4,True,fcmp,1,1,0
public_v1,O3,p00033,bundle_default_opt_4,True,fptosi,1,1,0
public_v1,O3,p00033,bundle_default_opt_4,True,getelementptr,72,72,0
public_v1,O3,p00033,bundle_default_opt_4,True,icmp,24,24,0
public_v1,O3,p00033,bundle_default_opt_4,True,inttoptr,1,1,0
public_v1,O3,p00033,bundle_default_opt_4,True,load,81,81,0
public_v1,O3,p00033,bundle_default_opt_4,True,lshr,4,4,0
public_v1,O3,p00033,bundle_default_opt_4,True,mul,10,10,0
public_v1,O3,p00033,bundle_default_opt_4,True,phi,10,10,0
public_v1,O3,p00033,bundle_default_opt_4,True,ptrtoint,3,3,0
public_v1,O3,p00033,bundle_default_opt_4,True,ret,3,3,0
public_v1,O3,p00033,bundle_default_opt_4,True,select,17,17,0
public_v1,O3,p00033,bundle_default_opt_4,True,sext,20,20,0
public_v1,O3,p00033,bundle_default_opt_4,True,shl,22,22,0
public_v1,O3,p00033,bundle_default_opt_4,True,sitofp,1,1,0
public_v1,O3,p00033,bundle_default_opt_4,True,store,110,110,0
public_v1,O3,p00033,bundle_default_opt_4,True,sub,7,7,0
public_v1,O3,p00033,bundle_default_opt_4,True,switch,2,2,0
public_v1,O3,p00033,bundle_default_opt_4,True,trunc,2,2,0
public_v1,O3,p00033,bundle_default_opt_4,True,xor,6,6,0
public_v1,O3,p00033,bundle_default_opt_4,True,zext,4,4,0
public_v1,O3,p00033,bundle_post_opt_4_custom_cleanup,True,add,50,50,0
public_v1,O3,p00033,bundle_post_opt_4_custom_cleanup,True,alloca,13,13,0
public_v1,O3,p00033,bundle_post_opt_4_custom_cleanup,True,and,3,3,0
public_v1,O3,p00033,bundle_post_opt_4_custom_cleanup,True,br,83,83,0
public_v1,O3,p00033,bundle_post_opt_4_custom_cleanup,True,call,18,18,0
public_v1,O3,p00033,bundle_post_opt_4_custom_cleanup,True,fcmp,1,1,0
public_v1,O3,p00033,bundle_post_opt_4_custom_cleanup,True,fptosi,1,1,0
public_v1,O3,p00033,bundle_post_opt_4_custom_cleanup,True,getelementptr,72,72,0
public_v1,O3,p00033,bundle_post_opt_4_custom_cleanup,True,icmp,24,24,0
public_v1,O3,p00033,bundle_post_opt_4_custom_cleanup,True,inttoptr,1,1,0
public_v1,O3,p00033,bundle_post_opt_4_custom_cleanup,True,load,81,81,0
public_v1,O3,p00033,bundle_post_opt_4_custom_cleanup,True,lshr,4,4,0
public_v1,O3,p00033,bundle_post_opt_4_custom_cleanup,True,mul,10,10,0
public_v1,O3,p00033,bundle_post_opt_4_custom_cleanup,True,phi,10,10,0
public_v1,O3,p00033,bundle_post_opt_4_custom_cleanup,True,ptrtoint,3,3,0
public_v1,O3,p00033,bundle_post_opt_4_custom_cleanup,True,ret,3,3,0
public_v1,O3,p00033,bundle_post_opt_4_custom_cleanup,True,select,17,17,0
public_v1,O3,p00033,bundle_post_opt_4_custom_cleanup,True,sext,20,20,0
public_v1,O3,p00033,bundle_post_opt_4_custom_cleanup,True,shl,22,22,0
public_v1,O3,p00033,bundle_post_opt_4_custom_cleanup,True,sitofp,1,1,0
public_v1,O3,p00033,bundle_post_opt_4_custom_cleanup,True,store,110,110,0
public_v1,O3,p00033,bundle_post_opt_4_custom_cleanup,True,sub,7,7,0
public_v1,O3,p00033,bundle_post_opt_4_custom_cleanup,True,switch,2,2,0
public_v1,O3,p00033,bundle_post_opt_4_custom_cleanup,True,trunc,2,2,0
public_v1,O3,p00033,bundle_post_opt_4_custom_cleanup,True,xor,6,6,0
public_v1,O3,p00033,bundle_post_opt_4_custom_cleanup,True,zext,4,4,0
public_v1,O3,p00165,main_default_opt_1,True,add,125,96,-29
public_v1,O3,p00165,main_default_opt_1,True,alloca,7,5,-2
public_v1,O3,p00165,main_default_opt_1,True,and,12,8,-4
public_v1,O3,p00165,main_default_opt_1,True,br,26,25,-1
public_v1,O3,p00165,main_default_opt_1,True,call,17,12,-5
public_v1,O3,p00165,main_default_opt_1,True,extractvalue,14,0,-14
public_v1,O3,p00165,main_default_opt_1,True,getelementptr,230,133,-97
public_v1,O3,p00165,main_default_opt_1,True,icmp,97,89,-8
public_v1,O3,p00165,main_default_opt_1,True,insertvalue,22,0,-22
public_v1,O3,p00165,main_default_opt_1,True,inttoptr,40,36,-4
public_v1,O3,p00165,main_default_opt_1,True,load,105,82,-23
public_v1,O3,p00165,main_default_opt_1,True,mul,3,3,0
public_v1,O3,p00165,main_default_opt_1,True,or,7,8,1
public_v1,O3,p00165,main_default_opt_1,True,phi,7,31,24
public_v1,O3,p00165,main_default_opt_1,True,ptrtoint,9,8,-1
public_v1,O3,p00165,main_default_opt_1,True,ret,3,2,-1
public_v1,O3,p00165,main_default_opt_1,True,select,91,83,-8
public_v1,O3,p00165,main_default_opt_1,True,sext,4,4,0
public_v1,O3,p00165,main_default_opt_1,True,shl,2,2,0
public_v1,O3,p00165,main_default_opt_1,True,store,199,149,-50
public_v1,O3,p00165,main_default_opt_1,True,sub,21,2,-19
public_v1,O3,p00165,main_default_opt_1,True,trunc,3,1,-2
public_v1,O3,p00165,main_default_opt_1,True,xor,8,9,1
public_v1,O3,p00165,main_default_opt_1,True,zext,15,15,0
public_v1,O3,p00165,main_default_opt_2,True,add,32,32,0
public_v1,O3,p00165,main_default_opt_2,True,alloca,1,1,0
public_v1,O3,p00165,main_default_opt_2,True,and,13,1,-12
public_v1,O3,p00165,main_default_opt_2,True,br,25,24,-1
public_v1,O3,p00165,main_default_opt_2,True,call,3,4,1
public_v1,O3,p00165,main_default_opt_2,True,getelementptr,67,40,-27
public_v1,O3,p00165,main_default_opt_2,True,icmp,33,27,-6
public_v1,O3,p00165,main_default_opt_2,True,inttoptr,9,6,-3
public_v1,O3,p00165,main_default_opt_2,True,load,38,37,-1
public_v1,O3,p00165,main_default_opt_2,True,mul,1,1,0
public_v1,O3,p00165,main_default_opt_2,True,or,9,1,-8
public_v1,O3,p00165,main_default_opt_2,True,phi,12,7,-5
public_v1,O3,p00165,main_default_opt_2,True,ptrtoint,4,1,-3
public_v1,O3,p00165,main_default_opt_2,True,ret,2,2,0
public_v1,O3,p00165,main_default_opt_2,True,select,23,24,1
public_v1,O3,p00165,main_default_opt_2,True,sext,4,4,0
public_v1,O3,p00165,main_default_opt_2,True,shl,2,2,0
public_v1,O3,p00165,main_default_opt_2,True,store,85,90,5
public_v1,O3,p00165,main_default_opt_2,True,sub,5,1,-4
public_v1,O3,p00165,main_default_opt_2,True,trunc,1,1,0
public_v1,O3,p00165,main_default_opt_2,True,xor,3,3,0
public_v1,O3,p00165,main_default_opt_2,True,zext,5,6,1
public_v1,O3,p00165,bundle_default_opt_3,True,add,15,15,0
public_v1,O3,p00165,bundle_default_opt_3,True,alloca,1,1,0
public_v1,O3,p00165,bundle_default_opt_3,True,and,1,1,0
public_v1,O3,p00165,bundle_default_opt_3,True,br,20,13,-7
public_v1,O3,p00165,bundle_default_opt_3,True,call,9,13,4
public_v1,O3,p00165,bundle_default_opt_3,True,getelementptr,15,13,-2
public_v1,O3,p00165,bundle_default_opt_3,True,icmp,18,15,-3
public_v1,O3,p00165,bundle_default_opt_3,True,inttoptr,1,1,0
public_v1,O3,p00165,bundle_default_opt_3,True,load,34,22,-12
public_v1,O3,p00165,bundle_default_opt_3,True,mul,1,1,0
public_v1,O3,p00165,bundle_default_opt_3,True,or,1,1,0
public_v1,O3,p00165,bundle_default_opt_3,True,phi,4,7,3
public_v1,O3,p00165,bundle_default_opt_3,True,ret,3,3,0
public_v1,O3,p00165,bundle_default_opt_3,True,select,4,9,5
public_v1,O3,p00165,bundle_default_opt_3,True,sext,4,2,-2
public_v1,O3,p00165,bundle_default_opt_3,True,shl,2,2,0
public_v1,O3,p00165,bundle_default_opt_3,True,store,26,22,-4
public_v1,O3,p00165,bundle_default_opt_3,True,sub,1,1,0
public_v1,O3,p00165,bundle_default_opt_3,True,trunc,1,1,0
public_v1,O3,p00165,bundle_default_opt_3,True,xor,3,3,0
public_v1,O3,p00165,bundle_default_opt_3,True,zext,1,2,1
public_v1,O3,p00165,bundle_default_opt_4,True,add,15,15,0
public_v1,O3,p00165,bundle_default_opt_4,True,alloca,1,1,0
public_v1,O3,p00165,bundle_default_opt_4,True,and,1,1,0
public_v1,O3,p00165,bundle_default_opt_4,True,br,13,13,0
public_v1,O3,p00165,bundle_default_opt_4,True,call,13,12,-1
public_v1,O3,p00165,bundle_default_opt_4,True,getelementptr,13,13,0
public_v1,O3,p00165,bundle_default_opt_4,True,icmp,15,15,0
public_v1,O3,p00165,bundle_default_opt_4,True,inttoptr,1,1,0
public_v1,O3,p00165,bundle_default_opt_4,True,load,22,22,0
public_v1,O3,p00165,bundle_default_opt_4,True,mul,1,1,0
public_v1,O3,p00165,bundle_default_opt_4,True,or,1,1,0
public_v1,O3,p00165,bundle_default_opt_4,True,phi,7,7,0
public_v1,O3,p00165,bundle_default_opt_4,True,ret,3,3,0
public_v1,O3,p00165,bundle_default_opt_4,True,select,9,9,0
public_v1,O3,p00165,bundle_default_opt_4,True,sext,2,2,0
public_v1,O3,p00165,bundle_default_opt_4,True,shl,2,2,0
public_v1,O3,p00165,bundle_default_opt_4,True,store,22,22,0
public_v1,O3,p00165,bundle_default_opt_4,True,sub,1,1,0
public_v1,O3,p00165,bundle_default_opt_4,True,trunc,1,1,0
public_v1,O3,p00165,bundle_default_opt_4,True,xor,3,3,0
public_v1,O3,p00165,bundle_default_opt_4,True,zext,2,2,0
public_v1,O3,p00165,bundle_post_opt_4_custom_cleanup,True,add,15,15,0
public_v1,O3,p00165,bundle_post_opt_4_custom_cleanup,True,alloca,1,1,0
public_v1,O3,p00165,bundle_post_opt_4_custom_cleanup,True,and,1,1,0
public_v1,O3,p00165,bundle_post_opt_4_custom_cleanup,True,br,13,13,0
public_v1,O3,p00165,bundle_post_opt_4_custom_cleanup,True,call,12,12,0
public_v1,O3,p00165,bundle_post_opt_4_custom_cleanup,True,getelementptr,13,13,0
public_v1,O3,p00165,bundle_post_opt_4_custom_cleanup,True,icmp,15,15,0
public_v1,O3,p00165,bundle_post_opt_4_custom_cleanup,True,inttoptr,1,1,0
public_v1,O3,p00165,bundle_post_opt_4_custom_cleanup,True,load,22,22,0
public_v1,O3,p00165,bundle_post_opt_4_custom_cleanup,True,mul,1,1,0
public_v1,O3,p00165,bundle_post_opt_4_custom_cleanup,True,or,1,1,0
public_v1,O3,p00165,bundle_post_opt_4_custom_cleanup,True,phi,7,7,0
public_v1,O3,p00165,bundle_post_opt_4_custom_cleanup,True,ret,3,3,0
public_v1,O3,p00165,bundle_post_opt_4_custom_cleanup,True,select,9,9,0
public_v1,O3,p00165,bundle_post_opt_4_custom_cleanup,True,sext,2,2,0
public_v1,O3,p00165,bundle_post_opt_4_custom_cleanup,True,shl,2,2,0
public_v1,O3,p00165,bundle_post_opt_4_custom_cleanup,True,store,22,22,0
public_v1,O3,p00165,bundle_post_opt_4_custom_cleanup,True,sub,1,1,0
public_v1,O3,p00165,bundle_post_opt_4_custom_cleanup,True,trunc,1,1,0
public_v1,O3,p00165,bundle_post_opt_4_custom_cleanup,True,xor,3,3,0
public_v1,O3,p00165,bundle_post_opt_4_custom_cleanup,True,zext,2,2,0
public_v1,O3,p00327,main_default_opt_1,True,add,120,98,-22
public_v1,O3,p00327,main_default_opt_1,True,alloca,5,3,-2
public_v1,O3,p00327,main_default_opt_1,True,and,50,26,-24
public_v1,O3,p00327,main_default_opt_1,True,br,28,25,-3
public_v1,O3,p00327,main_default_opt_1,True,call,14,7,-7
public_v1,O3,p00327,main_default_opt_1,True,extractvalue,14,0,-14
public_v1,O3,p00327,main_default_opt_1,True,getelementptr,168,100,-68
public_v1,O3,p00327,main_default_opt_1,True,icmp,81,72,-9
public_v1,O3,p00327,main_default_opt_1,True,insertvalue,22,0,-22
public_v1,O3,p00327,main_default_opt_1,True,inttoptr,18,18,0
public_v1,O3,p00327,main_default_opt_1,True,load,111,49,-62
public_v1,O3,p00327,main_default_opt_1,True,lshr,3,0,-3
public_v1,O3,p00327,main_default_opt_1,True,mul,16,13,-3
public_v1,O3,p00327,main_default_opt_1,True,or,28,19,-9
public_v1,O3,p00327,main_default_opt_1,True,phi,20,46,26
public_v1,O3,p00327,main_default_opt_1,True,ptrtoint,9,5,-4
public_v1,O3,p00327,main_default_opt_1,True,ret,3,2,-1
public_v1,O3,p00327,main_default_opt_1,True,select,63,59,-4
public_v1,O3,p00327,main_default_opt_1,True,sext,43,37,-6
public_v1,O3,p00327,main_default_opt_1,True,shl,10,9,-1
public_v1,O3,p00327,main_default_opt_1,True,store,167,73,-94
public_v1,O3,p00327,main_default_opt_1,True,sub,18,2,-16
public_v1,O3,p00327,main_default_opt_1,True,trunc,9,4,-5
public_v1,O3,p00327,main_default_opt_1,True,xor,32,22,-10
public_v1,O3,p00327,main_default_opt_1,True,zext,33,24,-9
public_v1,O3,p00327,main_default_opt_2,True,add,97,91,-6
public_v1,O3,p00327,main_default_opt_2,True,alloca,3,3,0
public_v1,O3,p00327,main_default_opt_2,True,and,19,4,-15
public_v1,O3,p00327,main_default_opt_2,True,br,25,25,0
public_v1,O3,p00327,main_default_opt_2,True,call,8,7,-1
public_v1,O3,p00327,main_default_opt_2,True,getelementptr,101,93,-8
public_v1,O3,p00327,main_default_opt_2,True,icmp,71,66,-5
public_v1,O3,p00327,main_default_opt_2,True,inttoptr,17,15,-2
public_v1,O3,p00327,main_default_opt_2,True,load,45,48,3
public_v1,O3,p00327,main_default_opt_2,True,mul,12,12,0
public_v1,O3,p00327,main_default_opt_2,True,or,17,6,-11
public_v1,O3,p00327,main_default_opt_2,True,phi,22,22,0
public_v1,O3,p00327,main_default_opt_2,True,ptrtoint,4,2,-2
public_v1,O3,p00327,main_default_opt_2,True,ret,3,2,-1
public_v1,O3,p00327,main_default_opt_2,True,select,59,53,-6
public_v1,O3,p00327,main_default_opt_2,True,sext,37,33,-4
public_v1,O3,p00327,main_default_opt_2,True,shl,9,9,0
public_v1,O3,p00327,main_default_opt_2,True,store,71,71,0
public_v1,O3,p00327,main_default_opt_2,True,sub,2,2,0
public_v1,O3,p00327,main_default_opt_2,True,trunc,4,0,-4
public_v1,O3,p00327,main_default_opt_2,True,xor,20,1,-19
public_v1,O3,p00327,main_default_opt_2,True,zext,22,15,-7
public_v1,O3,p00327,bundle_default_opt_3,True,add,55,49,-6
public_v1,O3,p00327,bundle_default_opt_3,True,alloca,3,3,0
public_v1,O3,p00327,bundle_default_opt_3,True,and,4,4,0
public_v1,O3,p00327,bundle_default_opt_3,True,br,25,26,1
public_v1,O3,p00327,bundle_default_opt_3,True,call,21,21,0
public_v1,O3,p00327,bundle_default_opt_3,True,getelementptr,57,56,-1
public_v1,O3,p00327,bundle_default_opt_3,True,icmp,30,30,0
public_v1,O3,p00327,bundle_default_opt_3,True,inttoptr,3,3,0
public_v1,O3,p00327,bundle_default_opt_3,True,load,44,44,0
public_v1,O3,p00327,bundle_default_opt_3,True,mul,12,12,0
public_v1,O3,p00327,bundle_default_opt_3,True,or,6,6,0
public_v1,O3,p00327,bundle_default_opt_3,True,phi,18,18,0
public_v1,O3,p00327,bundle_default_opt_3,True,ptrtoint,2,2,0
public_v1,O3,p00327,bundle_default_opt_3,True,ret,4,4,0
public_v1,O3,p00327,bundle_default_opt_3,True,select,17,17,0
public_v1,O3,p00327,bundle_default_opt_3,True,sext,33,29,-4
public_v1,O3,p00327,bundle_default_opt_3,True,shl,9,8,-1
public_v1,O3,p00327,bundle_default_opt_3,True,store,71,71,0
public_v1,O3,p00327,bundle_default_opt_3,True,sub,2,2,0
public_v1,O3,p00327,bundle_default_opt_3,True,xor,1,1,0
public_v1,O3,p00327,bundle_default_opt_3,True,zext,15,15,0
public_v1,O3,p00327,bundle_default_opt_4,True,add,49,49,0
public_v1,O3,p00327,bundle_default_opt_4,True,alloca,3,3,0
public_v1,O3,p00327,bundle_default_opt_4,True,and,4,4,0
public_v1,O3,p00327,bundle_default_opt_4,True,br,26,26,0
public_v1,O3,p00327,bundle_default_opt_4,True,call,21,21,0
public_v1,O3,p00327,bundle_default_opt_4,True,getelementptr,56,56,0
public_v1,O3,p00327,bundle_default_opt_4,True,icmp,30,30,0
public_v1,O3,p00327,bundle_default_opt_4,True,inttoptr,3,3,0
public_v1,O3,p00327,bundle_default_opt_4,True,load,44,44,0
public_v1,O3,p00327,bundle_default_opt_4,True,mul,12,12,0
public_v1,O3,p00327,bundle_default_opt_4,True,or,6,6,0
public_v1,O3,p00327,bundle_default_opt_4,True,phi,18,18,0
public_v1,O3,p00327,bundle_default_opt_4,True,ptrtoint,2,2,0
public_v1,O3,p00327,bundle_default_opt_4,True,ret,4,4,0
public_v1,O3,p00327,bundle_default_opt_4,True,select,17,17,0
public_v1,O3,p00327,bundle_default_opt_4,True,sext,29,28,-1
public_v1,O3,p00327,bundle_default_opt_4,True,shl,8,8,0
public_v1,O3,p00327,bundle_default_opt_4,True,store,71,71,0
public_v1,O3,p00327,bundle_default_opt_4,True,sub,2,2,0
public_v1,O3,p00327,bundle_default_opt_4,True,xor,1,1,0
public_v1,O3,p00327,bundle_default_opt_4,True,zext,15,15,0
public_v1,O3,p00327,bundle_post_opt_4_custom_cleanup,True,add,49,49,0
public_v1,O3,p00327,bundle_post_opt_4_custom_cleanup,True,alloca,3,3,0
public_v1,O3,p00327,bundle_post_opt_4_custom_cleanup,True,and,4,4,0
public_v1,O3,p00327,bundle_post_opt_4_custom_cleanup,True,br,26,26,0
public_v1,O3,p00327,bundle_post_opt_4_custom_cleanup,True,call,21,21,0
public_v1,O3,p00327,bundle_post_opt_4_custom_cleanup,True,getelementptr,56,56,0
public_v1,O3,p00327,bundle_post_opt_4_custom_cleanup,True,icmp,30,30,0
public_v1,O3,p00327,bundle_post_opt_4_custom_cleanup,True,inttoptr,3,3,0
public_v1,O3,p00327,bundle_post_opt_4_custom_cleanup,True,load,44,44,0
public_v1,O3,p00327,bundle_post_opt_4_custom_cleanup,True,mul,12,12,0
public_v1,O3,p00327,bundle_post_opt_4_custom_cleanup,True,or,6,6,0
public_v1,O3,p00327,bundle_post_opt_4_custom_cleanup,True,phi,18,18,0
public_v1,O3,p00327,bundle_post_opt_4_custom_cleanup,True,ptrtoint,2,2,0
public_v1,O3,p00327,bundle_post_opt_4_custom_cleanup,True,ret,4,4,0
public_v1,O3,p00327,bundle_post_opt_4_custom_cleanup,True,select,17,17,0
public_v1,O3,p00327,bundle_post_opt_4_custom_cleanup,True,sext,28,28,0
public_v1,O3,p00327,bundle_post_opt_4_custom_cleanup,True,shl,8,8,0
public_v1,O3,p00327,bundle_post_opt_4_custom_cleanup,True,store,71,71,0
public_v1,O3,p00327,bundle_post_opt_4_custom_cleanup,True,sub,2,2,0
public_v1,O3,p00327,bundle_post_opt_4_custom_cleanup,True,xor,1,1,0
public_v1,O3,p00327,bundle_post_opt_4_custom_cleanup,True,zext,15,15,0
public_v1,O3,p00678,main_default_opt_1,True,add,87,57,-30
public_v1,O3,p00678,main_default_opt_1,True,alloca,11,7,-4
public_v1,O3,p00678,main_default_opt_1,True,and,110,77,-33
public_v1,O3,p00678,main_default_opt_1,True,bitcast,14,11,-3
public_v1,O3,p00678,main_default_opt_1,True,br,89,79,-10
public_v1,O3,p00678,main_default_opt_1,True,call,43,31,-12
public_v1,O3,p00678,main_default_opt_1,True,extractvalue,94,61,-33
public_v1,O3,p00678,main_default_opt_1,True,fadd,13,13,0
public_v1,O3,p00678,main_default_opt_1,True,fcmp,12,11,-1
public_v1,O3,p00678,main_default_opt_1,True,fdiv,5,5,0
public_v1,O3,p00678,main_default_opt_1,True,fmul,2,2,0
public_v1,O3,p00678,main_default_opt_1,True,fsub,2,2,0
public_v1,O3,p00678,main_default_opt_1,True,getelementptr,250,125,-125
public_v1,O3,p00678,main_default_opt_1,True,icmp,126,54,-72
public_v1,O3,p00678,main_default_opt_1,True,insertvalue,72,29,-43
public_v1,O3,p00678,main_default_opt_1,True,inttoptr,13,3,-10
public_v1,O3,p00678,main_default_opt_1,True,load,123,103,-20
public_v1,O3,p00678,main_default_opt_1,True,lshr,18,2,-16
public_v1,O3,p00678,main_default_opt_1,True,mul,18,18,0
public_v1,O3,p00678,main_default_opt_1,True,or,68,66,-2
public_v1,O3,p00678,main_default_opt_1,True,phi,78,88,10
public_v1,O3,p00678,main_default_opt_1,True,ptrtoint,16,6,-10
public_v1,O3,p00678,main_default_opt_1,True,ret,6,5,-1
public_v1,O3,p00678,main_default_opt_1,True,select,50,20,-30
public_v1,O3,p00678,main_default_opt_1,True,sext,8,8,0
public_v1,O3,p00678,main_default_opt_1,True,shl,8,8,0
public_v1,O3,p00678,main_default_opt_1,True,sitofp,5,5,0
public_v1,O3,p00678,main_default_opt_1,True,store,229,179,-50
public_v1,O3,p00678,main_default_opt_1,True,switch,8,4,-4
public_v1,O3,p00678,main_default_opt_1,True,trunc,45,25,-20
public_v1,O3,p00678,main_default_opt_1,True,unreachable,3,3,0
public_v1,O3,p00678,main_default_opt_1,True,xor,59,47,-12
public_v1,O3,p00678,main_default_opt_1,True,zext,130,90,-40
public_v1,O3,p00678,main_default_opt_2,True,add,54,54,0
public_v1,O3,p00678,main_default_opt_2,True,alloca,7,7,0
public_v1,O3,p00678,main_default_opt_2,True,and,177,75,-102
public_v1,O3,p00678,main_default_opt_2,True,bitcast,11,11,0
public_v1,O3,p00678,main_default_opt_2,True,br,79,79,0
public_v1,O3,p00678,main_default_opt_2,True,call,29,29,0
public_v1,O3,p00678,main_default_opt_2,True,extractvalue,61,61,0
public_v1,O3,p00678,main_default_opt_2,True,fadd,13,13,0
public_v1,O3,p00678,main_default_opt_2,True,fcmp,11,11,0
public_v1,O3,p00678,main_default_opt_2,True,fdiv,5,5,0
public_v1,O3,p00678,main_default_opt_2,True,fmul,2,2,0
public_v1,O3,p00678,main_default_opt_2,True,fsub,2,2,0
public_v1,O3,p00678,main_default_opt_2,True,getelementptr,131,125,-6
public_v1,O3,p00678,main_default_opt_2,True,icmp,63,51,-12
public_v1,O3,p00678,main_default_opt_2,True,insertvalue,29,29,0
public_v1,O3,p00678,main_default_opt_2,True,inttoptr,5,3,-2
public_v1,O3,p00678,main_default_opt_2,True,load,91,91,0
public_v1,O3,p00678,main_default_opt_2,True,mul,18,18,0
public_v1,O3,p00678,main_default_opt_2,True,or,162,66,-96
public_v1,O3,p00678,main_default_opt_2,True,phi,88,88,0
public_v1,O3,p00678,main_default_opt_2,True,ptrtoint,7,5,-2
public_v1,O3,p00678,main_default_opt_2,True,ret,5,5,0
public_v1,O3,p00678,main_default_opt_2,True,select,26,20,-6
public_v1,O3,p00678,main_default_opt_2,True,sext,8,8,0
public_v1,O3,p00678,main_default_opt_2,True,shl,8,8,0
public_v1,O3,p00678,main_default_opt_2,True,sitofp,5,5,0
public_v1,O3,p00678,main_default_opt_2,True,store,151,151,0
public_v1,O3,p00678,main_default_opt_2,True,sub,6,0,-6
public_v1,O3,p00678,main_default_opt_2,True,switch,4,4,0
public_v1,O3,p00678,main_default_opt_2,True,trunc,24,22,-2
public_v1,O3,p00678,main_default_opt_2,True,unreachable,3,3,0
public_v1,O3,p00678,main_default_opt_2,True,xor,45,45,0
public_v1,O3,p00678,main_default_opt_2,True,zext,87,87,0
public_v1,O3,p00678,bundle_default_opt_3,True,add,54,54,0
public_v1,O3,p00678,bundle_default_opt_3,True,alloca,7,7,0
public_v1,O3,p00678,bundle_default_opt_3,True,and,75,75,0
public_v1,O3,p00678,bundle_default_opt_3,True,bitcast,11,11,0
public_v1,O3,p00678,bundle_default_opt_3,True,br,79,79,0
public_v1,O3,p00678,bundle_default_opt_3,True,call,29,29,0
public_v1,O3,p00678,bundle_default_opt_3,True,extractvalue,61,61,0
public_v1,O3,p00678,bundle_default_opt_3,True,fadd,13,13,0
public_v1,O3,p00678,bundle_default_opt_3,True,fcmp,11,11,0
public_v1,O3,p00678,bundle_default_opt_3,True,fdiv,5,5,0
public_v1,O3,p00678,bundle_default_opt_3,True,fmul,2,2,0
public_v1,O3,p00678,bundle_default_opt_3,True,fsub,2,2,0
public_v1,O3,p00678,bundle_default_opt_3,True,getelementptr,125,125,0
public_v1,O3,p00678,bundle_default_opt_3,True,icmp,51,51,0
public_v1,O3,p00678,bundle_default_opt_3,True,insertvalue,29,29,0
public_v1,O3,p00678,bundle_default_opt_3,True,inttoptr,3,3,0
public_v1,O3,p00678,bundle_default_opt_3,True,load,91,91,0
public_v1,O3,p00678,bundle_default_opt_3,True,mul,18,18,0
public_v1,O3,p00678,bundle_default_opt_3,True,or,66,66,0
public_v1,O3,p00678,bundle_default_opt_3,True,phi,88,88,0
public_v1,O3,p00678,bundle_default_opt_3,True,ptrtoint,5,5,0
public_v1,O3,p00678,bundle_default_opt_3,True,ret,5,5,0
public_v1,O3,p00678,bundle_default_opt_3,True,select,20,20,0
public_v1,O3,p00678,bundle_default_opt_3,True,sext,8,8,0
public_v1,O3,p00678,bundle_default_opt_3,True,shl,8,8,0
public_v1,O3,p00678,bundle_default_opt_3,True,sitofp,5,5,0
public_v1,O3,p00678,bundle_default_opt_3,True,store,151,151,0
public_v1,O3,p00678,bundle_default_opt_3,True,switch,4,4,0
public_v1,O3,p00678,bundle_default_opt_3,True,trunc,22,22,0
public_v1,O3,p00678,bundle_default_opt_3,True,unreachable,3,3,0
public_v1,O3,p00678,bundle_default_opt_3,True,xor,45,45,0
public_v1,O3,p00678,bundle_default_opt_3,True,zext,87,87,0
public_v1,O3,p00678,bundle_default_opt_4,True,add,54,54,0
public_v1,O3,p00678,bundle_default_opt_4,True,alloca,7,7,0
public_v1,O3,p00678,bundle_default_opt_4,True,and,75,75,0
public_v1,O3,p00678,bundle_default_opt_4,True,bitcast,11,11,0
public_v1,O3,p00678,bundle_default_opt_4,True,br,79,79,0
public_v1,O3,p00678,bundle_default_opt_4,True,call,29,29,0
public_v1,O3,p00678,bundle_default_opt_4,True,extractvalue,61,61,0
public_v1,O3,p00678,bundle_default_opt_4,True,fadd,13,13,0
public_v1,O3,p00678,bundle_default_opt_4,True,fcmp,11,11,0
public_v1,O3,p00678,bundle_default_opt_4,True,fdiv,5,5,0
public_v1,O3,p00678,bundle_default_opt_4,True,fmul,2,2,0
public_v1,O3,p00678,bundle_default_opt_4,True,fsub,2,2,0
public_v1,O3,p00678,bundle_default_opt_4,True,getelementptr,125,125,0
public_v1,O3,p00678,bundle_default_opt_4,True,icmp,51,51,0
public_v1,O3,p00678,bundle_default_opt_4,True,insertvalue,29,29,0
public_v1,O3,p00678,bundle_default_opt_4,True,inttoptr,3,3,0
public_v1,O3,p00678,bundle_default_opt_4,True,load,91,91,0
public_v1,O3,p00678,bundle_default_opt_4,True,mul,18,18,0
public_v1,O3,p00678,bundle_default_opt_4,True,or,66,66,0
public_v1,O3,p00678,bundle_default_opt_4,True,phi,88,88,0
public_v1,O3,p00678,bundle_default_opt_4,True,ptrtoint,5,5,0
public_v1,O3,p00678,bundle_default_opt_4,True,ret,5,5,0
public_v1,O3,p00678,bundle_default_opt_4,True,select,20,20,0
public_v1,O3,p00678,bundle_default_opt_4,True,sext,8,8,0
public_v1,O3,p00678,bundle_default_opt_4,True,shl,8,8,0
public_v1,O3,p00678,bundle_default_opt_4,True,sitofp,5,5,0
public_v1,O3,p00678,bundle_default_opt_4,True,store,151,151,0
public_v1,O3,p00678,bundle_default_opt_4,True,switch,4,4,0
public_v1,O3,p00678,bundle_default_opt_4,True,trunc,22,22,0
public_v1,O3,p00678,bundle_default_opt_4,True,unreachable,3,3,0
public_v1,O3,p00678,bundle_default_opt_4,True,xor,45,45,0
public_v1,O3,p00678,bundle_default_opt_4,True,zext,87,87,0
public_v1,O3,p00678,bundle_post_opt_4_custom_cleanup,True,add,54,54,0
public_v1,O3,p00678,bundle_post_opt_4_custom_cleanup,True,alloca,7,7,0
public_v1,O3,p00678,bundle_post_opt_4_custom_cleanup,True,and,75,75,0
public_v1,O3,p00678,bundle_post_opt_4_custom_cleanup,True,bitcast,11,11,0
public_v1,O3,p00678,bundle_post_opt_4_custom_cleanup,True,br,79,79,0
public_v1,O3,p00678,bundle_post_opt_4_custom_cleanup,True,call,29,29,0
public_v1,O3,p00678,bundle_post_opt_4_custom_cleanup,True,extractvalue,61,61,0
public_v1,O3,p00678,bundle_post_opt_4_custom_cleanup,True,fadd,13,13,0
public_v1,O3,p00678,bundle_post_opt_4_custom_cleanup,True,fcmp,11,11,0
public_v1,O3,p00678,bundle_post_opt_4_custom_cleanup,True,fdiv,5,5,0
public_v1,O3,p00678,bundle_post_opt_4_custom_cleanup,True,fmul,2,2,0
public_v1,O3,p00678,bundle_post_opt_4_custom_cleanup,True,fsub,2,2,0
public_v1,O3,p00678,bundle_post_opt_4_custom_cleanup,True,getelementptr,125,125,0
public_v1,O3,p00678,bundle_post_opt_4_custom_cleanup,True,icmp,51,51,0
public_v1,O3,p00678,bundle_post_opt_4_custom_cleanup,True,insertvalue,29,29,0
public_v1,O3,p00678,bundle_post_opt_4_custom_cleanup,True,inttoptr,3,3,0
public_v1,O3,p00678,bundle_post_opt_4_custom_cleanup,True,load,91,91,0
public_v1,O3,p00678,bundle_post_opt_4_custom_cleanup,True,mul,18,18,0
public_v1,O3,p00678,bundle_post_opt_4_custom_cleanup,True,or,66,66,0
public_v1,O3,p00678,bundle_post_opt_4_custom_cleanup,True,phi,88,88,0
public_v1,O3,p00678,bundle_post_opt_4_custom_cleanup,True,ptrtoint,5,5,0
public_v1,O3,p00678,bundle_post_opt_4_custom_cleanup,True,ret,5,5,0
public_v1,O3,p00678,bundle_post_opt_4_custom_cleanup,True,select,20,20,0
public_v1,O3,p00678,bundle_post_opt_4_custom_cleanup,True,sext,8,8,0
public_v1,O3,p00678,bundle_post_opt_4_custom_cleanup,True,shl,8,8,0
public_v1,O3,p00678,bundle_post_opt_4_custom_cleanup,True,sitofp,5,5,0
public_v1,O3,p00678,bundle_post_opt_4_custom_cleanup,True,store,151,151,0
public_v1,O3,p00678,bundle_post_opt_4_custom_cleanup,True,switch,4,4,0
public_v1,O3,p00678,bundle_post_opt_4_custom_cleanup,True,trunc,22,22,0
public_v1,O3,p00678,bundle_post_opt_4_custom_cleanup,True,unreachable,3,3,0
public_v1,O3,p00678,bundle_post_opt_4_custom_cleanup,True,xor,45,45,0
public_v1,O3,p00678,bundle_post_opt_4_custom_cleanup,True,zext,87,87,0
public_v1,O3,p00693,main_default_opt_1,True,add,148,106,-42
public_v1,O3,p00693,main_default_opt_1,True,alloca,11,5,-6
public_v1,O3,p00693,main_default_opt_1,True,and,28,6,-22
public_v1,O3,p00693,main_default_opt_1,True,ashr,1,1,0
public_v1,O3,p00693,main_default_opt_1,True,br,34,27,-7
public_v1,O3,p00693,main_default_opt_1,True,call,32,18,-14
public_v1,O3,p00693,main_default_opt_1,True,extractvalue,20,4,-16
public_v1,O3,p00693,main_default_opt_1,True,getelementptr,270,157,-113
public_v1,O3,p00693,main_default_opt_1,True,icmp,119,92,-27
public_v1,O3,p00693,main_default_opt_1,True,insertvalue,37,2,-35
public_v1,O3,p00693,main_default_opt_1,True,inttoptr,31,22,-9
public_v1,O3,p00693,main_default_opt_1,True,load,108,60,-48
public_v1,O3,p00693,main_default_opt_1,True,lshr,9,3,-6
public_v1,O3,p00693,main_default_opt_1,True,mul,21,14,-7
public_v1,O3,p00693,main_default_opt_1,True,or,11,4,-7
public_v1,O3,p00693,main_default_opt_1,True,phi,16,22,6
public_v1,O3,p00693,main_default_opt_1,True,ptrtoint,15,10,-5
public_v1,O3,p00693,main_default_opt_1,True,ret,4,3,-1
public_v1,O3,p00693,main_default_opt_1,True,select,98,79,-19
public_v1,O3,p00693,main_default_opt_1,True,sext,16,14,-2
public_v1,O3,p00693,main_default_opt_1,True,store,260,143,-117
public_v1,O3,p00693,main_default_opt_1,True,sub,27,3,-24
public_v1,O3,p00693,main_default_opt_1,True,trunc,16,5,-11
public_v1,O3,p00693,main_default_opt_1,True,xor,23,6,-17
public_v1,O3,p00693,main_default_opt_1,True,zext,33,18,-15
public_v1,O3,p00693,main_default_opt_2,True,add,99,98,-1
public_v1,O3,p00693,main_default_opt_2,True,alloca,5,5,0
public_v1,O3,p00693,main_default_opt_2,True,and,101,1,-100
public_v1,O3,p00693,main_default_opt_2,True,ashr,1,1,0
public_v1,O3,p00693,main_default_opt_2,True,br,27,27,0
public_v1,O3,p00693,main_default_opt_2,True,call,16,18,2
public_v1,O3,p00693,main_default_opt_2,True,extractvalue,4,4,0
public_v1,O3,p00693,main_default_opt_2,True,getelementptr,165,149,-16
public_v1,O3,p00693,main_default_opt_2,True,icmp,109,85,-24
public_v1,O3,p00693,main_default_opt_2,True,insertvalue,2,2,0
public_v1,O3,p00693,main_default_opt_2,True,inttoptr,25,21,-4
public_v1,O3,p00693,main_default_opt_2,True,load,47,47,0
public_v1,O3,p00693,main_default_opt_2,True,mul,13,13,0
public_v1,O3,p00693,main_default_opt_2,True,or,89,1,-88
public_v1,O3,p00693,main_default_opt_2,True,phi,21,20,-1
public_v1,O3,p00693,main_default_opt_2,True,ptrtoint,13,8,-5
public_v1,O3,p00693,main_default_opt_2,True,ret,3,3,0
public_v1,O3,p00693,main_default_opt_2,True,select,88,76,-12
public_v1,O3,p00693,main_default_opt_2,True,sext,14,14,0
public_v1,O3,p00693,main_default_opt_2,True,store,115,107,-8
public_v1,O3,p00693,main_default_opt_2,True,sub,16,4,-12
public_v1,O3,p00693,main_default_opt_2,True,trunc,3,1,-2
public_v1,O3,p00693,main_default_opt_2,True,xor,2,2,0
public_v1,O3,p00693,main_default_opt_2,True,zext,11,9,-2
public_v1,O3,p00693,bundle_default_opt_3,True,add,65,61,-4
public_v1,O3,p00693,bundle_default_opt_3,True,alloca,5,5,0
public_v1,O3,p00693,bundle_default_opt_3,True,and,1,1,0
public_v1,O3,p00693,bundle_default_opt_3,True,ashr,1,1,0
public_v1,O3,p00693,bundle_default_opt_3,True,br,27,26,-1
public_v1,O3,p00693,bundle_default_opt_3,True,call,31,32,1
public_v1,O3,p00693,bundle_default_opt_3,True,extractvalue,2,0,-2
public_v1,O3,p00693,bundle_default_opt_3,True,getelementptr,107,102,-5
public_v1,O3,p00693,bundle_default_opt_3,True,icmp,52,53,1
public_v1,O3,p00693,bundle_default_opt_3,True,insertvalue,2,0,-2
public_v1,O3,p00693,bundle_default_opt_3,True,inttoptr,10,10,0
public_v1,O3,p00693,bundle_default_opt_3,True,load,47,49,2
public_v1,O3,p00693,bundle_default_opt_3,True,mul,13,13,0
public_v1,O3,p00693,bundle_default_opt_3,True,or,1,1,0
public_v1,O3,p00693,bundle_default_opt_3,True,phi,20,14,-6
public_v1,O3,p00693,bundle_default_opt_3,True,ptrtoint,13,8,-5
public_v1,O3,p00693,bundle_default_opt_3,True,ret,5,5,0
public_v1,O3,p00693,bundle_default_opt_3,True,select,43,44,1
public_v1,O3,p00693,bundle_default_opt_3,True,sext,14,14,0
public_v1,O3,p00693,bundle_default_opt_3,True,store,107,111,4
public_v1,O3,p00693,bundle_default_opt_3,True,sub,5,1,-4
public_v1,O3,p00693,bundle_default_opt_3,True,trunc,1,1,0
public_v1,O3,p00693,bundle_default_opt_3,True,xor,2,2,0
public_v1,O3,p00693,bundle_default_opt_3,True,zext,9,9,0
public_v1,O3,p00693,bundle_default_opt_4,True,add,61,61,0
public_v1,O3,p00693,bundle_default_opt_4,True,alloca,5,5,0
public_v1,O3,p00693,bundle_default_opt_4,True,and,1,1,0
public_v1,O3,p00693,bundle_default_opt_4,True,ashr,1,1,0
public_v1,O3,p00693,bundle_default_opt_4,True,br,26,26,0
public_v1,O3,p00693,bundle_default_opt_4,True,call,32,32,0
public_v1,O3,p00693,bundle_default_opt_4,True,getelementptr,102,102,0
public_v1,O3,p00693,bundle_default_opt_4,True,icmp,53,53,0
public_v1,O3,p00693,bundle_default_opt_4,True,inttoptr,10,10,0
public_v1,O3,p00693,bundle_default_opt_4,True,load,49,49,0
public_v1,O3,p00693,bundle_default_opt_4,True,mul,13,13,0
public_v1,O3,p00693,bundle_default_opt_4,True,or,1,1,0
public_v1,O3,p00693,bundle_default_opt_4,True,phi,14,14,0
public_v1,O3,p00693,bundle_default_opt_4,True,ptrtoint,8,8,0
public_v1,O3,p00693,bundle_default_opt_4,True,ret,5,5,0
public_v1,O3,p00693,bundle_default_opt_4,True,select,44,44,0
public_v1,O3,p00693,bundle_default_opt_4,True,sext,14,14,0
public_v1,O3,p00693,bundle_default_opt_4,True,store,111,111,0
public_v1,O3,p00693,bundle_default_opt_4,True,sub,1,1,0
public_v1,O3,p00693,bundle_default_opt_4,True,trunc,1,1,0
public_v1,O3,p00693,bundle_default_opt_4,True,xor,2,2,0
public_v1,O3,p00693,bundle_default_opt_4,True,zext,9,9,0
public_v1,O3,p00693,bundle_post_opt_4_custom_cleanup,True,add,61,61,0
public_v1,O3,p00693,bundle_post_opt_4_custom_cleanup,True,alloca,5,5,0
public_v1,O3,p00693,bundle_post_opt_4_custom_cleanup,True,and,1,1,0
public_v1,O3,p00693,bundle_post_opt_4_custom_cleanup,True,ashr,1,1,0
public_v1,O3,p00693,bundle_post_opt_4_custom_cleanup,True,br,26,26,0
public_v1,O3,p00693,bundle_post_opt_4_custom_cleanup,True,call,32,32,0
public_v1,O3,p00693,bundle_post_opt_4_custom_cleanup,True,getelementptr,102,102,0
public_v1,O3,p00693,bundle_post_opt_4_custom_cleanup,True,icmp,53,53,0
public_v1,O3,p00693,bundle_post_opt_4_custom_cleanup,True,inttoptr,10,10,0
public_v1,O3,p00693,bundle_post_opt_4_custom_cleanup,True,load,49,49,0
public_v1,O3,p00693,bundle_post_opt_4_custom_cleanup,True,mul,13,13,0
public_v1,O3,p00693,bundle_post_opt_4_custom_cleanup,True,or,1,1,0
public_v1,O3,p00693,bundle_post_opt_4_custom_cleanup,True,phi,14,14,0
public_v1,O3,p00693,bundle_post_opt_4_custom_cleanup,True,ptrtoint,8,8,0
public_v1,O3,p00693,bundle_post_opt_4_custom_cleanup,True,ret,5,5,0
public_v1,O3,p00693,bundle_post_opt_4_custom_cleanup,True,select,44,44,0
public_v1,O3,p00693,bundle_post_opt_4_custom_cleanup,True,sext,14,14,0
public_v1,O3,p00693,bundle_post_opt_4_custom_cleanup,True,store,111,111,0
public_v1,O3,p00693,bundle_post_opt_4_custom_cleanup,True,sub,1,1,0
public_v1,O3,p00693,bundle_post_opt_4_custom_cleanup,True,trunc,1,1,0
public_v1,O3,p00693,bundle_post_opt_4_custom_cleanup,True,xor,2,2,0
public_v1,O3,p00693,bundle_post_opt_4_custom_cleanup,True,zext,9,9,0
public_v1,O3,p00788,main_default_opt_1,True,add,134,51,-83
public_v1,O3,p00788,main_default_opt_1,True,alloca,5,1,-4
public_v1,O3,p00788,main_default_opt_1,True,and,64,44,-20
public_v1,O3,p00788,main_default_opt_1,True,ashr,4,2,-2
public_v1,O3,p00788,main_default_opt_1,True,br,51,44,-7
public_v1,O3,p00788,main_default_opt_1,True,call,27,15,-12
public_v1,O3,p00788,main_default_opt_1,True,extractvalue,27,5,-22
public_v1,O3,p00788,main_default_opt_1,True,getelementptr,202,63,-139
public_v1,O3,p00788,main_default_opt_1,True,icmp,91,53,-38
public_v1,O3,p00788,main_default_opt_1,True,insertvalue,52,4,-48
public_v1,O3,p00788,main_default_opt_1,True,inttoptr,16,8,-8
public_v1,O3,p00788,main_default_opt_1,True,load,121,84,-37
public_v1,O3,p00788,main_default_opt_1,True,lshr,9,4,-5
public_v1,O3,p00788,main_default_opt_1,True,mul,25,23,-2
public_v1,O3,p00788,main_default_opt_1,True,or,34,29,-5
public_v1,O3,p00788,main_default_opt_1,True,phi,23,24,1
public_v1,O3,p00788,main_default_opt_1,True,ptrtoint,10,5,-5
public_v1,O3,p00788,main_default_opt_1,True,ret,5,3,-2
public_v1,O3,p00788,main_default_opt_1,True,sdiv,5,5,0
public_v1,O3,p00788,main_default_opt_1,True,select,52,28,-24
public_v1,O3,p00788,main_default_opt_1,True,sext,8,8,0
public_v1,O3,p00788,main_default_opt_1,True,shl,4,2,-2
public_v1,O3,p00788,main_default_opt_1,True,srem,2,1,-1
public_v1,O3,p00788,main_default_opt_1,True,store,179,106,-73
public_v1,O3,p00788,main_default_opt_1,True,sub,64,5,-59
public_v1,O3,p00788,main_default_opt_1,True,switch,2,1,-1
public_v1,O3,p00788,main_default_opt_1,True,trunc,28,18,-10
public_v1,O3,p00788,main_default_opt_1,True,udiv,1,1,0
public_v1,O3,p00788,main_default_opt_1,True,unreachable,11,9,-2
public_v1,O3,p00788,main_default_opt_1,True,xor,32,25,-7
public_v1,O3,p00788,main_default_opt_1,True,zext,65,48,-17
public_v1,O3,p00788,main_default_opt_2,True,add,38,35,-3
public_v1,O3,p00788,main_default_opt_2,True,alloca,3,3,0
public_v1,O3,p00788,main_default_opt_2,True,and,11,2,-9
public_v1,O3,p00788,main_default_opt_2,True,ashr,2,0,-2
public_v1,O3,p00788,main_default_opt_2,True,br,44,44,0
public_v1,O3,p00788,main_default_opt_2,True,call,17,11,-6
public_v1,O3,p00788,main_default_opt_2,True,extractvalue,4,0,-4
public_v1,O3,p00788,main_default_opt_2,True,getelementptr,66,58,-8
public_v1,O3,p00788,main_default_opt_2,True,icmp,40,40,0
public_v1,O3,p00788,main_default_opt_2,True,insertvalue,4,0,-4
public_v1,O3,p00788,main_default_opt_2,True,inttoptr,6,6,0
public_v1,O3,p00788,main_default_opt_2,True,load,53,47,-6
public_v1,O3,p00788,main_default_opt_2,True,lshr,1,1,0
public_v1,O3,p00788,main_default_opt_2,True,mul,14,13,-1
public_v1,O3,p00788,main_default_opt_2,True,or,10,2,-8
public_v1,O3,p00788,main_default_opt_2,True,phi,7,7,0
public_v1,O3,p00788,main_default_opt_2,True,ptrtoint,3,2,-1
public_v1,O3,p00788,main_default_opt_2,True,ret,3,2,-1
public_v1,O3,p00788,main_default_opt_2,True,sdiv,5,6,1
public_v1,O3,p00788,main_default_opt_2,True,select,28,29,1
public_v1,O3,p00788,main_default_opt_2,True,sext,8,10,2
public_v1,O3,p00788,main_default_opt_2,True,shl,2,0,-2
public_v1,O3,p00788,main_default_opt_2,True,srem,1,2,1
public_v1,O3,p00788,main_default_opt_2,True,store,78,96,18
public_v1,O3,p00788,main_default_opt_2,True,sub,5,1,-4
public_v1,O3,p00788,main_default_opt_2,True,switch,1,1,0
public_v1,O3,p00788,main_default_opt_2,True,trunc,12,8,-4
public_v1,O3,p00788,main_default_opt_2,True,udiv,1,1,0
public_v1,O3,p00788,main_default_opt_2,True,unreachable,9,9,0
public_v1,O3,p00788,main_default_opt_2,True,xor,4,2,-2
public_v1,O3,p00788,main_default_opt_2,True,zext,10,5,-5
public_v1,O3,p00788,bundle_default_opt_3,True,add,12,12,0
public_v1,O3,p00788,bundle_default_opt_3,True,alloca,8,2,-6
public_v1,O3,p00788,bundle_default_opt_3,True,and,2,2,0
public_v1,O3,p00788,bundle_default_opt_3,True,br,40,40,0
public_v1,O3,p00788,bundle_default_opt_3,True,call,11,11,0
public_v1,O3,p00788,bundle_default_opt_3,True,icmp,22,22,0
public_v1,O3,p00788,bundle_default_opt_3,True,load,11,4,-7
public_v1,O3,p00788,bundle_default_opt_3,True,lshr,1,1,0
public_v1,O3,p00788,bundle_default_opt_3,True,mul,11,9,-2
public_v1,O3,p00788,bundle_default_opt_3,True,or,2,2,0
public_v1,O3,p00788,bundle_default_opt_3,True,phi,24,30,6
public_v1,O3,p00788,bundle_default_opt_3,True,ret,2,2,0
public_v1,O3,p00788,bundle_default_opt_3,True,sdiv,6,6,0
public_v1,O3,p00788,bundle_default_opt_3,True,select,9,11,2
public_v1,O3,p00788,bundle_default_opt_3,True,sext,10,10,0
public_v1,O3,p00788,bundle_default_opt_3,True,srem,2,2,0
public_v1,O3,p00788,bundle_default_opt_3,True,store,7,2,-5
public_v1,O3,p00788,bundle_default_opt_3,True,switch,1,1,0
public_v1,O3,p00788,bundle_default_opt_3,True,trunc,8,8,0
public_v1,O3,p00788,bundle_default_opt_3,True,udiv,1,1,0
public_v1,O3,p00788,bundle_default_opt_3,True,unreachable,9,9,0
public_v1,O3,p00788,bundle_default_opt_3,True,xor,2,2,0
public_v1,O3,p00788,bundle_default_opt_3,True,zext,2,2,0
public_v1,O3,p00788,bundle_default_opt_4,True,add,12,12,0
public_v1,O3,p00788,bundle_default_opt_4,True,alloca,2,2,0
public_v1,O3,p00788,bundle_default_opt_4,True,and,2,2,0
public_v1,O3,p00788,bundle_default_opt_4,True,br,40,40,0
public_v1,O3,p00788,bundle_default_opt_4,True,call,11,11,0
public_v1,O3,p00788,bundle_default_opt_4,True,icmp,22,22,0
public_v1,O3,p00788,bundle_default_opt_4,True,load,4,4,0
public_v1,O3,p00788,bundle_default_opt_4,True,lshr,1,1,0
public_v1,O3,p00788,bundle_default_opt_4,True,mul,9,9,0
public_v1,O3,p00788,bundle_default_opt_4,True,or,2,2,0
public_v1,O3,p00788,bundle_default_opt_4,True,phi,30,30,0
public_v1,O3,p00788,bundle_default_opt_4,True,ret,2,2,0
public_v1,O3,p00788,bundle_default_opt_4,True,sdiv,6,6,0
public_v1,O3,p00788,bundle_default_opt_4,True,select,11,11,0
public_v1,O3,p00788,bundle_default_opt_4,True,sext,10,10,0
public_v1,O3,p00788,bundle_default_opt_4,True,srem,2,2,0
public_v1,O3,p00788,bundle_default_opt_4,True,store,2,2,0
public_v1,O3,p00788,bundle_default_opt_4,True,switch,1,1,0
public_v1,O3,p00788,bundle_default_opt_4,True,trunc,8,8,0
public_v1,O3,p00788,bundle_default_opt_4,True,udiv,1,1,0
public_v1,O3,p00788,bundle_default_opt_4,True,unreachable,9,9,0
public_v1,O3,p00788,bundle_default_opt_4,True,xor,2,2,0
public_v1,O3,p00788,bundle_default_opt_4,True,zext,2,2,0
public_v1,O3,p00788,bundle_post_opt_4_custom_cleanup,True,add,12,12,0
public_v1,O3,p00788,bundle_post_opt_4_custom_cleanup,True,alloca,2,2,0
public_v1,O3,p00788,bundle_post_opt_4_custom_cleanup,True,and,2,2,0
public_v1,O3,p00788,bundle_post_opt_4_custom_cleanup,True,br,40,40,0
public_v1,O3,p00788,bundle_post_opt_4_custom_cleanup,True,call,11,11,0
public_v1,O3,p00788,bundle_post_opt_4_custom_cleanup,True,icmp,22,22,0
public_v1,O3,p00788,bundle_post_opt_4_custom_cleanup,True,load,4,4,0
public_v1,O3,p00788,bundle_post_opt_4_custom_cleanup,True,lshr,1,1,0
public_v1,O3,p00788,bundle_post_opt_4_custom_cleanup,True,mul,9,9,0
public_v1,O3,p00788,bundle_post_opt_4_custom_cleanup,True,or,2,2,0
public_v1,O3,p00788,bundle_post_opt_4_custom_cleanup,True,phi,30,30,0
public_v1,O3,p00788,bundle_post_opt_4_custom_cleanup,True,ret,2,2,0
public_v1,O3,p00788,bundle_post_opt_4_custom_cleanup,True,sdiv,6,6,0
public_v1,O3,p00788,bundle_post_opt_4_custom_cleanup,True,select,11,11,0
public_v1,O3,p00788,bundle_post_opt_4_custom_cleanup,True,sext,10,10,0
public_v1,O3,p00788,bundle_post_opt_4_custom_cleanup,True,srem,2,2,0
public_v1,O3,p00788,bundle_post_opt_4_custom_cleanup,True,store,2,2,0
public_v1,O3,p00788,bundle_post_opt_4_custom_cleanup,True,switch,1,1,0
public_v1,O3,p00788,bundle_post_opt_4_custom_cleanup,True,trunc,8,8,0
public_v1,O3,p00788,bundle_post_opt_4_custom_cleanup,True,udiv,1,1,0
public_v1,O3,p00788,bundle_post_opt_4_custom_cleanup,True,unreachable,9,9,0
public_v1,O3,p00788,bundle_post_opt_4_custom_cleanup,True,xor,2,2,0
public_v1,O3,p00788,bundle_post_opt_4_custom_cleanup,True,zext,2,2,0
public_v1,O3,p00793,main_default_opt_1,True,add,298,300,2
public_v1,O3,p00793,main_default_opt_1,True,alloca,5,5,0
public_v1,O3,p00793,main_default_opt_1,True,and,129,154,25
public_v1,O3,p00793,main_default_opt_1,True,bitcast,37,34,-3
public_v1,O3,p00793,main_default_opt_1,True,br,93,94,1
public_v1,O3,p00793,main_default_opt_1,True,call,48,60,12
public_v1,O3,p00793,main_default_opt_1,True,fadd,11,8,-3
public_v1,O3,p00793,main_default_opt_1,True,fcmp,16,14,-2
public_v1,O3,p00793,main_default_opt_1,True,fdiv,4,4,0
public_v1,O3,p00793,main_default_opt_1,True,fmul,12,12,0
public_v1,O3,p00793,main_default_opt_1,True,fneg,1,1,0
public_v1,O3,p00793,main_default_opt_1,True,fsub,30,31,1
public_v1,O3,p00793,main_default_opt_1,True,getelementptr,300,258,-42
public_v1,O3,p00793,main_default_opt_1,True,icmp,179,198,19
public_v1,O3,p00793,main_default_opt_1,True,inttoptr,171,158,-13
public_v1,O3,p00793,main_default_opt_1,True,load,624,618,-6
public_v1,O3,p00793,main_default_opt_1,True,lshr,56,76,20
public_v1,O3,p00793,main_default_opt_1,True,mul,17,17,0
public_v1,O3,p00793,main_default_opt_1,True,or,56,56,0
public_v1,O3,p00793,main_default_opt_1,True,phi,412,428,16
public_v1,O3,p00793,main_default_opt_1,True,ptrtoint,5,3,-2
public_v1,O3,p00793,main_default_opt_1,True,ret,9,8,-1
public_v1,O3,p00793,main_default_opt_1,True,select,96,96,0
public_v1,O3,p00793,main_default_opt_1,True,sext,10,10,0
public_v1,O3,p00793,main_default_opt_1,True,shl,10,10,0
public_v1,O3,p00793,main_default_opt_1,True,store,2487,2432,-55
public_v1,O3,p00793,main_default_opt_1,True,switch,9,9,0
public_v1,O3,p00793,main_default_opt_1,True,trunc,88,117,29
public_v1,O3,p00793,main_default_opt_1,True,unreachable,4,4,0
public_v1,O3,p00793,main_default_opt_1,True,xor,104,147,43
public_v1,O3,p00793,main_default_opt_1,True,zext,129,155,26
public_v1,O3,p00793,main_default_opt_2,True,add,297,287,-10
public_v1,O3,p00793,main_default_opt_2,True,alloca,6,6,0
public_v1,O3,p00793,main_default_opt_2,True,and,156,134,-22
public_v1,O3,p00793,main_default_opt_2,True,bitcast,34,34,0
public_v1,O3,p00793,main_default_opt_2,True,br,94,93,-1
public_v1,O3,p00793,main_default_opt_2,True,call,60,54,-6
public_v1,O3,p00793,main_default_opt_2,True,fadd,8,8,0
public_v1,O3,p00793,main_default_opt_2,True,fcmp,14,14,0
public_v1,O3,p00793,main_default_opt_2,True,fdiv,4,4,0
public_v1,O3,p00793,main_default_opt_2,True,fmul,12,12,0
public_v1,O3,p00793,main_default_opt_2,True,fneg,1,1,0
public_v1,O3,p00793,main_default_opt_2,True,fsub,31,31,0
public_v1,O3,p00793,main_default_opt_2,True,getelementptr,267,262,-5
public_v1,O3,p00793,main_default_opt_2,True,icmp,202,176,-26
public_v1,O3,p00793,main_default_opt_2,True,inttoptr,152,151,-1
public_v1,O3,p00793,main_default_opt_2,True,load,619,619,0
public_v1,O3,p00793,main_default_opt_2,True,lshr,76,66,-10
public_v1,O3,p00793,main_default_opt_2,True,mul,17,17,0
public_v1,O3,p00793,main_default_opt_2,True,or,56,55,-1
public_v1,O3,p00793,main_default_opt_2,True,phi,428,430,2
public_v1,O3,p00793,main_default_opt_2,True,ptrtoint,4,4,0
public_v1,O3,p00793,main_default_opt_2,True,ret,8,8,0
public_v1,O3,p00793,main_default_opt_2,True,select,98,98,0
public_v1,O3,p00793,main_default_opt_2,True,sext,10,10,0
public_v1,O3,p00793,main_default_opt_2,True,shl,10,10,0
public_v1,O3,p00793,main_default_opt_2,True,store,2433,2429,-4
public_v1,O3,p00793,main_default_opt_2,True,sub,2,0,-2
public_v1,O3,p00793,main_default_opt_2,True,switch,9,9,0
public_v1,O3,p00793,main_default_opt_2,True,trunc,117,101,-16
public_v1,O3,p00793,main_default_opt_2,True,unreachable,4,4,0
public_v1,O3,p00793,main_default_opt_2,True,xor,147,103,-44
public_v1,O3,p00793,main_default_opt_2,True,zext,155,118,-37
public_v1,O3,p00793,bundle_default_opt_3,True,add,203,203,0
public_v1,O3,p00793,bundle_default_opt_3,True,alloca,6,6,0
public_v1,O3,p00793,bundle_default_opt_3,True,and,134,134,0
public_v1,O3,p00793,bundle_default_opt_3,True,bitcast,34,36,2
public_v1,O3,p00793,bundle_default_opt_3,True,br,93,93,0
public_v1,O3,p00793,bundle_default_opt_3,True,call,97,97,0
public_v1,O3,p00793,bundle_default_opt_3,True,fadd,8,8,0
public_v1,O3,p00793,bundle_default_opt_3,True,fcmp,14,14,0
public_v1,O3,p00793,bundle_default_opt_3,True,fdiv,4,4,0
public_v1,O3,p00793,bundle_default_opt_3,True,fmul,12,12,0
public_v1,O3,p00793,bundle_default_opt_3,True,fneg,1,1,0
public_v1,O3,p00793,bundle_default_opt_3,True,fsub,31,31,0
public_v1,O3,p00793,bundle_default_opt_3,True,getelementptr,136,136,0
public_v1,O3,p00793,bundle_default_opt_3,True,icmp,92,92,0
public_v1,O3,p00793,bundle_default_opt_3,True,inttoptr,109,109,0
public_v1,O3,p00793,bundle_default_opt_3,True,load,619,598,-21
public_v1,O3,p00793,bundle_default_opt_3,True,lshr,66,66,0
public_v1,O3,p00793,bundle_default_opt_3,True,mul,17,17,0
public_v1,O3,p00793,bundle_default_opt_3,True,or,55,55,0
public_v1,O3,p00793,bundle_default_opt_3,True,phi,430,430,0
public_v1,O3,p00793,bundle_default_opt_3,True,ptrtoint,4,4,0
public_v1,O3,p00793,bundle_default_opt_3,True,ret,9,9,0
public_v1,O3,p00793,bundle_default_opt_3,True,select,14,14,0
public_v1,O3,p00793,bundle_default_opt_3,True,sext,10,10,0
public_v1,O3,p00793,bundle_default_opt_3,True,shl,10,10,0
public_v1,O3,p00793,bundle_default_opt_3,True,store,2429,2301,-128
public_v1,O3,p00793,bundle_default_opt_3,True,switch,9,9,0
public_v1,O3,p00793,bundle_default_opt_3,True,trunc,101,101,0
public_v1,O3,p00793,bundle_default_opt_3,True,unreachable,4,4,0
public_v1,O3,p00793,bundle_default_opt_3,True,xor,103,103,0
public_v1,O3,p00793,bundle_default_opt_3,True,zext,118,118,0
public_v1,O3,p00793,bundle_default_opt_4,True,add,203,203,0
public_v1,O3,p00793,bundle_default_opt_4,True,alloca,6,6,0
public_v1,O3,p00793,bundle_default_opt_4,True,and,134,134,0
public_v1,O3,p00793,bundle_default_opt_4,True,bitcast,36,36,0
public_v1,O3,p00793,bundle_default_opt_4,True,br,93,93,0
public_v1,O3,p00793,bundle_default_opt_4,True,call,97,97,0
public_v1,O3,p00793,bundle_default_opt_4,True,fadd,8,8,0
public_v1,O3,p00793,bundle_default_opt_4,True,fcmp,14,14,0
public_v1,O3,p00793,bundle_default_opt_4,True,fdiv,4,4,0
public_v1,O3,p00793,bundle_default_opt_4,True,fmul,12,12,0
public_v1,O3,p00793,bundle_default_opt_4,True,fneg,1,1,0
public_v1,O3,p00793,bundle_default_opt_4,True,fsub,31,31,0
public_v1,O3,p00793,bundle_default_opt_4,True,getelementptr,136,136,0
public_v1,O3,p00793,bundle_default_opt_4,True,icmp,92,92,0
public_v1,O3,p00793,bundle_default_opt_4,True,inttoptr,109,109,0
public_v1,O3,p00793,bundle_default_opt_4,True,load,598,598,0
public_v1,O3,p00793,bundle_default_opt_4,True,lshr,66,66,0
public_v1,O3,p00793,bundle_default_opt_4,True,mul,17,17,0
public_v1,O3,p00793,bundle_default_opt_4,True,or,55,55,0
public_v1,O3,p00793,bundle_default_opt_4,True,phi,430,430,0
public_v1,O3,p00793,bundle_default_opt_4,True,ptrtoint,4,4,0
public_v1,O3,p00793,bundle_default_opt_4,True,ret,9,9,0
public_v1,O3,p00793,bundle_default_opt_4,True,select,14,14,0
public_v1,O3,p00793,bundle_default_opt_4,True,sext,10,10,0
public_v1,O3,p00793,bundle_default_opt_4,True,shl,10,10,0
public_v1,O3,p00793,bundle_default_opt_4,True,store,2301,2285,-16
public_v1,O3,p00793,bundle_default_opt_4,True,switch,9,9,0
public_v1,O3,p00793,bundle_default_opt_4,True,trunc,101,101,0
public_v1,O3,p00793,bundle_default_opt_4,True,unreachable,4,4,0
public_v1,O3,p00793,bundle_default_opt_4,True,xor,103,103,0
public_v1,O3,p00793,bundle_default_opt_4,True,zext,118,118,0
public_v1,O3,p00793,bundle_post_opt_4_custom_cleanup,True,add,203,203,0
public_v1,O3,p00793,bundle_post_opt_4_custom_cleanup,True,alloca,6,6,0
public_v1,O3,p00793,bundle_post_opt_4_custom_cleanup,True,and,134,134,0
public_v1,O3,p00793,bundle_post_opt_4_custom_cleanup,True,bitcast,36,36,0
public_v1,O3,p00793,bundle_post_opt_4_custom_cleanup,True,br,93,93,0
public_v1,O3,p00793,bundle_post_opt_4_custom_cleanup,True,call,97,97,0
public_v1,O3,p00793,bundle_post_opt_4_custom_cleanup,True,fadd,8,8,0
public_v1,O3,p00793,bundle_post_opt_4_custom_cleanup,True,fcmp,14,14,0
public_v1,O3,p00793,bundle_post_opt_4_custom_cleanup,True,fdiv,4,4,0
public_v1,O3,p00793,bundle_post_opt_4_custom_cleanup,True,fmul,12,12,0
public_v1,O3,p00793,bundle_post_opt_4_custom_cleanup,True,fneg,1,1,0
public_v1,O3,p00793,bundle_post_opt_4_custom_cleanup,True,fsub,31,31,0
public_v1,O3,p00793,bundle_post_opt_4_custom_cleanup,True,getelementptr,136,136,0
public_v1,O3,p00793,bundle_post_opt_4_custom_cleanup,True,icmp,92,92,0
public_v1,O3,p00793,bundle_post_opt_4_custom_cleanup,True,inttoptr,109,109,0
public_v1,O3,p00793,bundle_post_opt_4_custom_cleanup,True,load,598,598,0
public_v1,O3,p00793,bundle_post_opt_4_custom_cleanup,True,lshr,66,66,0
public_v1,O3,p00793,bundle_post_opt_4_custom_cleanup,True,mul,17,17,0
public_v1,O3,p00793,bundle_post_opt_4_custom_cleanup,True,or,55,55,0
public_v1,O3,p00793,bundle_post_opt_4_custom_cleanup,True,phi,430,430,0
public_v1,O3,p00793,bundle_post_opt_4_custom_cleanup,True,ptrtoint,4,4,0
public_v1,O3,p00793,bundle_post_opt_4_custom_cleanup,True,ret,9,9,0
public_v1,O3,p00793,bundle_post_opt_4_custom_cleanup,True,select,14,14,0
public_v1,O3,p00793,bundle_post_opt_4_custom_cleanup,True,sext,10,10,0
public_v1,O3,p00793,bundle_post_opt_4_custom_cleanup,True,shl,10,10,0
public_v1,O3,p00793,bundle_post_opt_4_custom_cleanup,True,store,2285,2274,-11
public_v1,O3,p00793,bundle_post_opt_4_custom_cleanup,True,switch,9,9,0
public_v1,O3,p00793,bundle_post_opt_4_custom_cleanup,True,trunc,101,101,0
public_v1,O3,p00793,bundle_post_opt_4_custom_cleanup,True,unreachable,4,4,0
public_v1,O3,p00793,bundle_post_opt_4_custom_cleanup,True,xor,103,103,0
public_v1,O3,p00793,bundle_post_opt_4_custom_cleanup,True,zext,118,118,0
public_v1,O3,p00859,main_default_opt_1,True,add,212,119,-93
public_v1,O3,p00859,main_default_opt_1,True,alloca,4,2,-2
public_v1,O3,p00859,main_default_opt_1,True,and,122,86,-36
public_v1,O3,p00859,main_default_opt_1,True,ashr,0,1,1
public_v1,O3,p00859,main_default_opt_1,True,br,82,78,-4
public_v1,O3,p00859,main_default_opt_1,True,call,38,24,-14
public_v1,O3,p00859,main_default_opt_1,True,extractvalue,129,58,-71
public_v1,O3,p00859,main_default_opt_1,True,getelementptr,246,141,-105
public_v1,O3,p00859,main_default_opt_1,True,icmp,122,92,-30
public_v1,O3,p00859,main_default_opt_1,True,insertvalue,87,10,-77
public_v1,O3,p00859,main_default_opt_1,True,inttoptr,22,22,0
public_v1,O3,p00859,main_default_opt_1,True,load,192,136,-56
public_v1,O3,p00859,main_default_opt_1,True,lshr,35,5,-30
public_v1,O3,p00859,main_default_opt_1,True,mul,29,28,-1
public_v1,O3,p00859,main_default_opt_1,True,or,71,68,-3
public_v1,O3,p00859,main_default_opt_1,True,phi,37,33,-4
public_v1,O3,p00859,main_default_opt_1,True,ptrtoint,16,10,-6
public_v1,O3,p00859,main_default_opt_1,True,ret,10,5,-5
public_v1,O3,p00859,main_default_opt_1,True,select,61,60,-1
public_v1,O3,p00859,main_default_opt_1,True,sext,23,17,-6
public_v1,O3,p00859,main_default_opt_1,True,shl,14,12,-2
public_v1,O3,p00859,main_default_opt_1,True,store,253,217,-36
public_v1,O3,p00859,main_default_opt_1,True,sub,88,21,-67
public_v1,O3,p00859,main_default_opt_1,True,switch,3,2,-1
public_v1,O3,p00859,main_default_opt_1,True,trunc,62,26,-36
public_v1,O3,p00859,main_default_opt_1,True,xor,82,51,-31
public_v1,O3,p00859,main_default_opt_1,True,zext,152,104,-48
public_v1,O3,p00859,main_default_opt_2,True,add,111,110,-1
public_v1,O3,p00859,main_default_opt_2,True,alloca,2,2,0
public_v1,O3,p00859,main_default_opt_2,True,and,94,85,-9
public_v1,O3,p00859,main_default_opt_2,True,ashr,1,1,0
public_v1,O3,p00859,main_default_opt_2,True,br,78,76,-2
public_v1,O3,p00859,main_default_opt_2,True,call,24,24,0
public_v1,O3,p00859,main_default_opt_2,True,extractvalue,58,58,0
public_v1,O3,p00859,main_default_opt_2,True,getelementptr,143,121,-22
public_v1,O3,p00859,main_default_opt_2,True,icmp,104,87,-17
public_v1,O3,p00859,main_default_opt_2,True,insertvalue,10,10,0
public_v1,O3,p00859,main_default_opt_2,True,inttoptr,20,20,0
public_v1,O3,p00859,main_default_opt_2,True,load,136,134,-2
public_v1,O3,p00859,main_default_opt_2,True,lshr,5,5,0
public_v1,O3,p00859,main_default_opt_2,True,mul,28,27,-1
public_v1,O3,p00859,main_default_opt_2,True,or,68,67,-1
public_v1,O3,p00859,main_default_opt_2,True,phi,33,34,1
public_v1,O3,p00859,main_default_opt_2,True,ptrtoint,10,9,-1
public_v1,O3,p00859,main_default_opt_2,True,ret,5,5,0
public_v1,O3,p00859,main_default_opt_2,True,select,64,63,-1
public_v1,O3,p00859,main_default_opt_2,True,sext,17,14,-3
public_v1,O3,p00859,main_default_opt_2,True,shl,12,9,-3
public_v1,O3,p00859,main_default_opt_2,True,store,217,202,-15
public_v1,O3,p00859,main_default_opt_2,True,sub,28,19,-9
public_v1,O3,p00859,main_default_opt_2,True,switch,2,2,0
public_v1,O3,p00859,main_default_opt_2,True,trunc,26,25,-1
public_v1,O3,p00859,main_default_opt_2,True,xor,51,49,-2
public_v1,O3,p00859,main_default_opt_2,True,zext,104,103,-1
public_v1,O3,p00859,bundle_default_opt_3,True,add,69,37,-32
public_v1,O3,p00859,bundle_default_opt_3,True,alloca,1,1,0
public_v1,O3,p00859,bundle_default_opt_3,True,and,82,30,-52
public_v1,O3,p00859,bundle_default_opt_3,True,ashr,1,1,0
public_v1,O3,p00859,bundle_default_opt_3,True,br,76,76,0
public_v1,O3,p00859,bundle_default_opt_3,True,call,40,41,1
public_v1,O3,p00859,bundle_default_opt_3,True,extractvalue,50,48,-2
public_v1,O3,p00859,bundle_default_opt_3,True,getelementptr,106,90,-16
public_v1,O3,p00859,bundle_default_opt_3,True,icmp,47,38,-9
public_v1,O3,p00859,bundle_default_opt_3,True,insertvalue,10,8,-2
public_v1,O3,p00859,bundle_default_opt_3,True,inttoptr,2,2,0
public_v1,O3,p00859,bundle_default_opt_3,True,load,131,96,-35
public_v1,O3,p00859,bundle_default_opt_3,True,lshr,3,5,2
public_v1,O3,p00859,bundle_default_opt_3,True,mul,26,9,-17
public_v1,O3,p00859,bundle_default_opt_3,True,or,64,21,-43
public_v1,O3,p00859,bundle_default_opt_3,True,phi,34,33,-1
public_v1,O3,p00859,bundle_default_opt_3,True,ptrtoint,26,3,-23
public_v1,O3,p00859,bundle_default_opt_3,True,ret,7,7,0
public_v1,O3,p00859,bundle_default_opt_3,True,select,19,19,0
public_v1,O3,p00859,bundle_default_opt_3,True,sext,14,15,1
public_v1,O3,p00859,bundle_default_opt_3,True,shl,9,9,0
public_v1,O3,p00859,bundle_default_opt_3,True,store,175,166,-9
public_v1,O3,p00859,bundle_default_opt_3,True,sub,23,13,-10
public_v1,O3,p00859,bundle_default_opt_3,True,switch,2,2,0
public_v1,O3,p00859,bundle_default_opt_3,True,trunc,24,24,0
public_v1,O3,p00859,bundle_default_opt_3,True,xor,46,27,-19
public_v1,O3,p00859,bundle_default_opt_3,True,zext,96,42,-54
public_v1,O3,p00859,bundle_default_opt_4,True,add,37,37,0
public_v1,O3,p00859,bundle_default_opt_4,True,alloca,1,1,0
public_v1,O3,p00859,bundle_default_opt_4,True,and,30,30,0
public_v1,O3,p00859,bundle_default_opt_4,True,ashr,1,1,0
public_v1,O3,p00859,bundle_default_opt_4,True,br,76,76,0
public_v1,O3,p00859,bundle_default_opt_4,True,call,41,41,0
public_v1,O3,p00859,bundle_default_opt_4,True,extractvalue,48,48,0
public_v1,O3,p00859,bundle_default_opt_4,True,getelementptr,90,76,-14
public_v1,O3,p00859,bundle_default_opt_4,True,icmp,38,38,0
public_v1,O3,p00859,bundle_default_opt_4,True,insertvalue,8,8,0
public_v1,O3,p00859,bundle_default_opt_4,True,inttoptr,2,2,0
public_v1,O3,p00859,bundle_default_opt_4,True,load,96,96,0
public_v1,O3,p00859,bundle_default_opt_4,True,lshr,5,5,0
public_v1,O3,p00859,bundle_default_opt_4,True,mul,9,9,0
public_v1,O3,p00859,bundle_default_opt_4,True,or,21,21,0
public_v1,O3,p00859,bundle_default_opt_4,True,phi,33,33,0
public_v1,O3,p00859,bundle_default_opt_4,True,ptrtoint,3,3,0
public_v1,O3,p00859,bundle_default_opt_4,True,ret,7,7,0
public_v1,O3,p00859,bundle_default_opt_4,True,select,19,19,0
public_v1,O3,p00859,bundle_default_opt_4,True,sext,15,15,0
public_v1,O3,p00859,bundle_default_opt_4,True,shl,9,9,0
public_v1,O3,p00859,bundle_default_opt_4,True,store,166,164,-2
public_v1,O3,p00859,bundle_default_opt_4,True,sub,13,13,0
public_v1,O3,p00859,bundle_default_opt_4,True,switch,2,2,0
public_v1,O3,p00859,bundle_default_opt_4,True,trunc,24,24,0
public_v1,O3,p00859,bundle_default_opt_4,True,xor,27,27,0
public_v1,O3,p00859,bundle_default_opt_4,True,zext,42,42,0
public_v1,O3,p00859,bundle_post_opt_4_custom_cleanup,True,add,37,37,0
public_v1,O3,p00859,bundle_post_opt_4_custom_cleanup,True,alloca,1,1,0
public_v1,O3,p00859,bundle_post_opt_4_custom_cleanup,True,and,30,30,0
public_v1,O3,p00859,bundle_post_opt_4_custom_cleanup,True,ashr,1,1,0
public_v1,O3,p00859,bundle_post_opt_4_custom_cleanup,True,br,76,76,0
public_v1,O3,p00859,bundle_post_opt_4_custom_cleanup,True,call,41,41,0
public_v1,O3,p00859,bundle_post_opt_4_custom_cleanup,True,extractvalue,48,48,0
public_v1,O3,p00859,bundle_post_opt_4_custom_cleanup,True,getelementptr,76,76,0
public_v1,O3,p00859,bundle_post_opt_4_custom_cleanup,True,icmp,38,38,0
public_v1,O3,p00859,bundle_post_opt_4_custom_cleanup,True,insertvalue,8,8,0
public_v1,O3,p00859,bundle_post_opt_4_custom_cleanup,True,inttoptr,2,2,0
public_v1,O3,p00859,bundle_post_opt_4_custom_cleanup,True,load,96,96,0
public_v1,O3,p00859,bundle_post_opt_4_custom_cleanup,True,lshr,5,5,0
public_v1,O3,p00859,bundle_post_opt_4_custom_cleanup,True,mul,9,9,0
public_v1,O3,p00859,bundle_post_opt_4_custom_cleanup,True,or,21,21,0
public_v1,O3,p00859,bundle_post_opt_4_custom_cleanup,True,phi,33,33,0
public_v1,O3,p00859,bundle_post_opt_4_custom_cleanup,True,ptrtoint,3,3,0
public_v1,O3,p00859,bundle_post_opt_4_custom_cleanup,True,ret,7,7,0
public_v1,O3,p00859,bundle_post_opt_4_custom_cleanup,True,select,19,19,0
public_v1,O3,p00859,bundle_post_opt_4_custom_cleanup,True,sext,15,15,0
public_v1,O3,p00859,bundle_post_opt_4_custom_cleanup,True,shl,9,9,0
public_v1,O3,p00859,bundle_post_opt_4_custom_cleanup,True,store,164,164,0
public_v1,O3,p00859,bundle_post_opt_4_custom_cleanup,True,sub,13,13,0
public_v1,O3,p00859,bundle_post_opt_4_custom_cleanup,True,switch,2,2,0
public_v1,O3,p00859,bundle_post_opt_4_custom_cleanup,True,trunc,24,24,0
public_v1,O3,p00859,bundle_post_opt_4_custom_cleanup,True,xor,27,27,0
public_v1,O3,p00859,bundle_post_opt_4_custom_cleanup,True,zext,42,42,0
public_v1,O3,p00867,main_default_opt_1,True,add,1014,719,-295
public_v1,O3,p00867,main_default_opt_1,True,alloca,7,1,-6
public_v1,O3,p00867,main_default_opt_1,True,and,502,430,-72
public_v1,O3,p00867,main_default_opt_1,True,ashr,7,7,0
public_v1,O3,p00867,main_default_opt_1,True,br,337,341,4
public_v1,O3,p00867,main_default_opt_1,True,call,91,38,-53
public_v1,O3,p00867,main_default_opt_1,True,extractvalue,344,103,-241
public_v1,O3,p00867,main_default_opt_1,True,getelementptr,1134,714,-420
public_v1,O3,p00867,main_default_opt_1,True,icmp,606,535,-71
public_v1,O3,p00867,main_default_opt_1,True,insertvalue,186,40,-146
public_v1,O3,p00867,main_default_opt_1,True,inttoptr,101,101,0
public_v1,O3,p00867,main_default_opt_1,True,load,777,736,-41
public_v1,O3,p00867,main_default_opt_1,True,lshr,86,28,-58
public_v1,O3,p00867,main_default_opt_1,True,mul,156,180,24
public_v1,O3,p00867,main_default_opt_1,True,or,332,333,1
public_v1,O3,p00867,main_default_opt_1,True,phi,105,139,34
public_v1,O3,p00867,main_default_opt_1,True,ptrtoint,17,10,-7
public_v1,O3,p00867,main_default_opt_1,True,ret,15,8,-7
public_v1,O3,p00867,main_default_opt_1,True,select,381,384,3
public_v1,O3,p00867,main_default_opt_1,True,sext,161,177,16
public_v1,O3,p00867,main_default_opt_1,True,shl,83,97,14
public_v1,O3,p00867,main_default_opt_1,True,store,753,786,33
public_v1,O3,p00867,main_default_opt_1,True,sub,310,100,-210
public_v1,O3,p00867,main_default_opt_1,True,switch,19,8,-11
public_v1,O3,p00867,main_default_opt_1,True,trunc,166,98,-68
public_v1,O3,p00867,main_default_opt_1,True,xor,302,236,-66
public_v1,O3,p00867,main_default_opt_1,True,zext,547,449,-98
public_v1,O3,p00867,main_default_opt_2,True,add,715,695,-20
public_v1,O3,p00867,main_default_opt_2,True,alloca,1,1,0
public_v1,O3,p00867,main_default_opt_2,True,and,462,436,-26
public_v1,O3,p00867,main_default_opt_2,True,ashr,7,7,0
public_v1,O3,p00867,main_default_opt_2,True,br,341,362,21
public_v1,O3,p00867,main_default_opt_2,True,call,37,28,-9
public_v1,O3,p00867,main_default_opt_2,True,extractvalue,91,71,-20
public_v1,O3,p00867,main_default_opt_2,True,getelementptr,707,679,-28
public_v1,O3,p00867,main_default_opt_2,True,icmp,529,541,12
public_v1,O3,p00867,main_default_opt_2,True,insertvalue,40,24,-16
public_v1,O3,p00867,main_default_opt_2,True,inttoptr,99,99,0
public_v1,O3,p00867,main_default_opt_2,True,load,724,747,23
public_v1,O3,p00867,main_default_opt_2,True,lshr,28,54,26
public_v1,O3,p00867,main_default_opt_2,True,mul,180,188,8
public_v1,O3,p00867,main_default_opt_2,True,or,365,340,-25
public_v1,O3,p00867,main_default_opt_2,True,phi,139,158,19
public_v1,O3,p00867,main_default_opt_2,True,ptrtoint,11,8,-3
public_v1,O3,p00867,main_default_opt_2,True,ret,8,7,-1
public_v1,O3,p00867,main_default_opt_2,True,select,378,383,5
public_v1,O3,p00867,main_default_opt_2,True,sext,177,177,0
public_v1,O3,p00867,main_default_opt_2,True,shl,97,97,0
public_v1,O3,p00867,main_default_opt_2,True,store,758,882,124
public_v1,O3,p00867,main_default_opt_2,True,sub,102,123,21
public_v1,O3,p00867,main_default_opt_2,True,switch,8,8,0
public_v1,O3,p00867,main_default_opt_2,True,trunc,100,159,59
public_v1,O3,p00867,main_default_opt_2,True,xor,236,250,14
public_v1,O3,p00867,main_default_opt_2,True,zext,449,454,5
public_v1,O3,p00867,bundle_default_opt_3,True,add,382,341,-41
public_v1,O3,p00867,bundle_default_opt_3,True,alloca,1,1,0
public_v1,O3,p00867,bundle_default_opt_3,True,and,436,406,-30
public_v1,O3,p00867,bundle_default_opt_3,True,ashr,7,7,0
public_v1,O3,p00867,bundle_default_opt_3,True,br,362,391,29
public_v1,O3,p00867,bundle_default_opt_3,True,call,125,123,-2
public_v1,O3,p00867,bundle_default_opt_3,True,extractvalue,55,34,-21
public_v1,O3,p00867,bundle_default_opt_3,True,freeze,0,2,2
public_v1,O3,p00867,bundle_default_opt_3,True,getelementptr,420,389,-31
public_v1,O3,p00867,bundle_default_opt_3,True,icmp,268,298,30
public_v1,O3,p00867,bundle_default_opt_3,True,insertvalue,24,16,-8
public_v1,O3,p00867,bundle_default_opt_3,True,inttoptr,8,8,0
public_v1,O3,p00867,bundle_default_opt_3,True,load,747,739,-8
public_v1,O3,p00867,bundle_default_opt_3,True,lshr,54,61,7
public_v1,O3,p00867,bundle_default_opt_3,True,mul,188,193,5
public_v1,O3,p00867,bundle_default_opt_3,True,or,340,298,-42
public_v1,O3,p00867,bundle_default_opt_3,True,phi,156,190,34
public_v1,O3,p00867,bundle_default_opt_3,True,ptrtoint,43,6,-37
public_v1,O3,p00867,bundle_default_opt_3,True,ret,13,13,0
public_v1,O3,p00867,bundle_default_opt_3,True,select,110,108,-2
public_v1,O3,p00867,bundle_default_opt_3,True,sext,177,177,0
public_v1,O3,p00867,bundle_default_opt_3,True,shl,97,98,1
public_v1,O3,p00867,bundle_default_opt_3,True,store,882,728,-154
public_v1,O3,p00867,bundle_default_opt_3,True,sub,88,72,-16
public_v1,O3,p00867,bundle_default_opt_3,True,switch,8,8,0
public_v1,O3,p00867,bundle_default_opt_3,True,trunc,159,173,14
public_v1,O3,p00867,bundle_default_opt_3,True,xor,250,254,4
public_v1,O3,p00867,bundle_default_opt_3,True,zext,454,458,4
public_v1,O3,p00867,bundle_default_opt_4,True,add,341,340,-1
public_v1,O3,p00867,bundle_default_opt_4,True,alloca,1,1,0
public_v1,O3,p00867,bundle_default_opt_4,True,and,406,389,-17
public_v1,O3,p00867,bundle_default_opt_4,True,ashr,7,7,0
public_v1,O3,p00867,bundle_default_opt_4,True,br,391,387,-4
public_v1,O3,p00867,bundle_default_opt_4,True,call,123,123,0
public_v1,O3,p00867,bundle_default_opt_4,True,extractvalue,34,34,0
public_v1,O3,p00867,bundle_default_opt_4,True,freeze,2,2,0
public_v1,O3,p00867,bundle_default_opt_4,True,getelementptr,389,324,-65
public_v1,O3,p00867,bundle_default_opt_4,True,icmp,298,298,0
public_v1,O3,p00867,bundle_default_opt_4,True,insertvalue,16,16,0
public_v1,O3,p00867,bundle_default_opt_4,True,inttoptr,8,8,0
public_v1,O3,p00867,bundle_default_opt_4,True,load,739,738,-1
public_v1,O3,p00867,bundle_default_opt_4,True,lshr,61,61,0
public_v1,O3,p00867,bundle_default_opt_4,True,mul,193,193,0
public_v1,O3,p00867,bundle_default_opt_4,True,or,298,281,-17
public_v1,O3,p00867,bundle_default_opt_4,True,phi,190,179,-11
public_v1,O3,p00867,bundle_default_opt_4,True,ptrtoint,6,6,0
public_v1,O3,p00867,bundle_default_opt_4,True,ret,13,13,0
public_v1,O3,p00867,bundle_default_opt_4,True,select,108,108,0
public_v1,O3,p00867,bundle_default_opt_4,True,sext,177,177,0
public_v1,O3,p00867,bundle_default_opt_4,True,shl,98,98,0
public_v1,O3,p00867,bundle_default_opt_4,True,store,728,654,-74
public_v1,O3,p00867,bundle_default_opt_4,True,sub,72,72,0
public_v1,O3,p00867,bundle_default_opt_4,True,switch,8,8,0
public_v1,O3,p00867,bundle_default_opt_4,True,trunc,173,173,0
public_v1,O3,p00867,bundle_default_opt_4,True,xor,254,254,0
public_v1,O3,p00867,bundle_default_opt_4,True,zext,458,457,-1
public_v1,O3,p00867,bundle_post_opt_4_custom_cleanup,True,add,340,337,-3
public_v1,O3,p00867,bundle_post_opt_4_custom_cleanup,True,alloca,1,1,0
public_v1,O3,p00867,bundle_post_opt_4_custom_cleanup,True,and,389,389,0
public_v1,O3,p00867,bundle_post_opt_4_custom_cleanup,True,ashr,7,7,0
public_v1,O3,p00867,bundle_post_opt_4_custom_cleanup,True,br,387,387,0
public_v1,O3,p00867,bundle_post_opt_4_custom_cleanup,True,call,123,125,2
public_v1,O3,p00867,bundle_post_opt_4_custom_cleanup,True,extractvalue,34,34,0
public_v1,O3,p00867,bundle_post_opt_4_custom_cleanup,True,freeze,2,2,0
public_v1,O3,p00867,bundle_post_opt_4_custom_cleanup,True,getelementptr,324,321,-3
public_v1,O3,p00867,bundle_post_opt_4_custom_cleanup,True,icmp,298,295,-3
public_v1,O3,p00867,bundle_post_opt_4_custom_cleanup,True,insertvalue,16,16,0
public_v1,O3,p00867,bundle_post_opt_4_custom_cleanup,True,inttoptr,8,7,-1
public_v1,O3,p00867,bundle_post_opt_4_custom_cleanup,True,load,738,738,0
public_v1,O3,p00867,bundle_post_opt_4_custom_cleanup,True,lshr,61,61,0
public_v1,O3,p00867,bundle_post_opt_4_custom_cleanup,True,mul,193,193,0
public_v1,O3,p00867,bundle_post_opt_4_custom_cleanup,True,or,281,281,0
public_v1,O3,p00867,bundle_post_opt_4_custom_cleanup,True,phi,179,179,0
public_v1,O3,p00867,bundle_post_opt_4_custom_cleanup,True,ptrtoint,6,6,0
public_v1,O3,p00867,bundle_post_opt_4_custom_cleanup,True,ret,13,14,1
public_v1,O3,p00867,bundle_post_opt_4_custom_cleanup,True,select,108,105,-3
public_v1,O3,p00867,bundle_post_opt_4_custom_cleanup,True,sext,177,177,0
public_v1,O3,p00867,bundle_post_opt_4_custom_cleanup,True,shl,98,98,0
public_v1,O3,p00867,bundle_post_opt_4_custom_cleanup,True,store,654,654,0
public_v1,O3,p00867,bundle_post_opt_4_custom_cleanup,True,sub,72,72,0
public_v1,O3,p00867,bundle_post_opt_4_custom_cleanup,True,switch,8,8,0
public_v1,O3,p00867,bundle_post_opt_4_custom_cleanup,True,trunc,173,173,0
public_v1,O3,p00867,bundle_post_opt_4_custom_cleanup,True,xor,254,254,0
public_v1,O3,p00867,bundle_post_opt_4_custom_cleanup,True,zext,457,457,0
public_v1,O3,p01296,main_default_opt_1,True,add,988,763,-225
public_v1,O3,p01296,main_default_opt_1,True,alloca,1,1,0
public_v1,O3,p01296,main_default_opt_1,True,and,398,297,-101
public_v1,O3,p01296,main_default_opt_1,True,ashr,2,2,0
public_v1,O3,p01296,main_default_opt_1,True,br,241,239,-2
public_v1,O3,p01296,main_default_opt_1,True,call,70,53,-17
public_v1,O3,p01296,main_default_opt_1,True,extractvalue,225,170,-55
public_v1,O3,p01296,main_default_opt_1,True,getelementptr,1444,784,-660
public_v1,O3,p01296,main_default_opt_1,True,icmp,767,689,-78
public_v1,O3,p01296,main_default_opt_1,True,insertvalue,110,41,-69
public_v1,O3,p01296,main_default_opt_1,True,inttoptr,183,180,-3
public_v1,O3,p01296,main_default_opt_1,True,load,623,573,-50
public_v1,O3,p01296,main_default_opt_1,True,lshr,66,3,-63
public_v1,O3,p01296,main_default_opt_1,True,mul,83,80,-3
public_v1,O3,p01296,main_default_opt_1,True,or,273,255,-18
public_v1,O3,p01296,main_default_opt_1,True,phi,70,61,-9
public_v1,O3,p01296,main_default_opt_1,True,ptrtoint,13,12,-1
public_v1,O3,p01296,main_default_opt_1,True,ret,10,9,-1
public_v1,O3,p01296,main_default_opt_1,True,sdiv,2,2,0
public_v1,O3,p01296,main_default_opt_1,True,select,595,588,-7
public_v1,O3,p01296,main_default_opt_1,True,sext,60,57,-3
public_v1,O3,p01296,main_default_opt_1,True,shl,44,41,-3
public_v1,O3,p01296,main_default_opt_1,True,store,572,525,-47
public_v1,O3,p01296,main_default_opt_1,True,sub,221,48,-173
public_v1,O3,p01296,main_default_opt_1,True,switch,8,7,-1
public_v1,O3,p01296,main_default_opt_1,True,trunc,145,70,-75
public_v1,O3,p01296,main_default_opt_1,True,unreachable,2,2,0
public_v1,O3,p01296,main_default_opt_1,True,xor,226,158,-68
public_v1,O3,p01296,main_default_opt_1,True,zext,460,347,-113
public_v1,O3,p01296,main_default_opt_2,True,add,759,756,-3
public_v1,O3,p01296,main_default_opt_2,True,alloca,1,1,0
public_v1,O3,p01296,main_default_opt_2,True,and,323,296,-27
public_v1,O3,p01296,main_default_opt_2,True,ashr,2,2,0
public_v1,O3,p01296,main_default_opt_2,True,br,236,236,0
public_v1,O3,p01296,main_default_opt_2,True,call,52,52,0
public_v1,O3,p01296,main_default_opt_2,True,extractvalue,163,157,-6
public_v1,O3,p01296,main_default_opt_2,True,getelementptr,777,771,-6
public_v1,O3,p01296,main_default_opt_2,True,icmp,688,682,-6
public_v1,O3,p01296,main_default_opt_2,True,insertvalue,41,34,-7
public_v1,O3,p01296,main_default_opt_2,True,inttoptr,178,178,0
public_v1,O3,p01296,main_default_opt_2,True,load,569,567,-2
public_v1,O3,p01296,main_default_opt_2,True,lshr,3,3,0
public_v1,O3,p01296,main_default_opt_2,True,mul,80,80,0
public_v1,O3,p01296,main_default_opt_2,True,or,278,254,-24
public_v1,O3,p01296,main_default_opt_2,True,phi,58,58,0
public_v1,O3,p01296,main_default_opt_2,True,ptrtoint,12,10,-2
public_v1,O3,p01296,main_default_opt_2,True,ret,9,9,0
public_v1,O3,p01296,main_default_opt_2,True,sdiv,2,2,0
public_v1,O3,p01296,main_default_opt_2,True,select,585,584,-1
public_v1,O3,p01296,main_default_opt_2,True,sext,57,57,0
public_v1,O3,p01296,main_default_opt_2,True,shl,41,41,0
public_v1,O3,p01296,main_default_opt_2,True,store,509,502,-7
public_v1,O3,p01296,main_default_opt_2,True,sub,53,50,-3
public_v1,O3,p01296,main_default_opt_2,True,switch,7,7,0
public_v1,O3,p01296,main_default_opt_2,True,trunc,72,70,-2
public_v1,O3,p01296,main_default_opt_2,True,unreachable,2,2,0
public_v1,O3,p01296,main_default_opt_2,True,xor,156,156,0
public_v1,O3,p01296,main_default_opt_2,True,zext,346,332,-14
public_v1,O3,p01296,bundle_default_opt_3,True,add,211,103,-108
public_v1,O3,p01296,bundle_default_opt_3,True,alloca,1,1,0
public_v1,O3,p01296,bundle_default_opt_3,True,and,292,49,-243
public_v1,O3,p01296,bundle_default_opt_3,True,ashr,2,2,0
public_v1,O3,p01296,bundle_default_opt_3,True,br,236,225,-11
public_v1,O3,p01296,bundle_default_opt_3,True,call,229,220,-9
public_v1,O3,p01296,bundle_default_opt_3,True,extractvalue,133,77,-56
public_v1,O3,p01296,bundle_default_opt_3,True,getelementptr,257,194,-63
public_v1,O3,p01296,bundle_default_opt_3,True,icmp,154,99,-55
public_v1,O3,p01296,bundle_default_opt_3,True,insertvalue,34,16,-18
public_v1,O3,p01296,bundle_default_opt_3,True,inttoptr,3,3,0
public_v1,O3,p01296,bundle_default_opt_3,True,load,559,424,-135
public_v1,O3,p01296,bundle_default_opt_3,True,lshr,3,3,0
public_v1,O3,p01296,bundle_default_opt_3,True,mul,80,24,-56
public_v1,O3,p01296,bundle_default_opt_3,True,or,254,22,-232
public_v1,O3,p01296,bundle_default_opt_3,True,phi,57,58,1
public_v1,O3,p01296,bundle_default_opt_3,True,ptrtoint,67,7,-60
public_v1,O3,p01296,bundle_default_opt_3,True,ret,10,9,-1
public_v1,O3,p01296,bundle_default_opt_3,True,sdiv,2,2,0
public_v1,O3,p01296,bundle_default_opt_3,True,select,53,53,0
public_v1,O3,p01296,bundle_default_opt_3,True,sext,57,50,-7
public_v1,O3,p01296,bundle_default_opt_3,True,shl,41,41,0
public_v1,O3,p01296,bundle_default_opt_3,True,store,502,318,-184
public_v1,O3,p01296,bundle_default_opt_3,True,sub,39,30,-9
public_v1,O3,p01296,bundle_default_opt_3,True,switch,7,7,0
public_v1,O3,p01296,bundle_default_opt_3,True,trunc,70,69,-1
public_v1,O3,p01296,bundle_default_opt_3,True,unreachable,2,2,0
public_v1,O3,p01296,bundle_default_opt_3,True,xor,156,45,-111
public_v1,O3,p01296,bundle_default_opt_3,True,zext,332,116,-216
public_v1,O3,p01296,bundle_default_opt_4,True,add,103,102,-1
public_v1,O3,p01296,bundle_default_opt_4,True,alloca,1,1,0
public_v1,O3,p01296,bundle_default_opt_4,True,and,49,45,-4
public_v1,O3,p01296,bundle_default_opt_4,True,ashr,2,2,0
public_v1,O3,p01296,bundle_default_opt_4,True,br,225,208,-17
public_v1,O3,p01296,bundle_default_opt_4,True,call,220,220,0
public_v1,O3,p01296,bundle_default_opt_4,True,extractvalue,77,76,-1
public_v1,O3,p01296,bundle_default_opt_4,True,getelementptr,194,194,0
public_v1,O3,p01296,bundle_default_opt_4,True,icmp,99,98,-1
public_v1,O3,p01296,bundle_default_opt_4,True,insertvalue,16,14,-2
public_v1,O3,p01296,bundle_default_opt_4,True,inttoptr,3,3,0
public_v1,O3,p01296,bundle_default_opt_4,True,load,424,421,-3
public_v1,O3,p01296,bundle_default_opt_4,True,lshr,3,3,0
public_v1,O3,p01296,bundle_default_opt_4,True,mul,24,24,0
public_v1,O3,p01296,bundle_default_opt_4,True,or,22,19,-3
public_v1,O3,p01296,bundle_default_opt_4,True,phi,58,67,9
public_v1,O3,p01296,bundle_default_opt_4,True,ptrtoint,7,7,0
public_v1,O3,p01296,bundle_default_opt_4,True,ret,9,9,0
public_v1,O3,p01296,bundle_default_opt_4,True,sdiv,2,2,0
public_v1,O3,p01296,bundle_default_opt_4,True,select,53,53,0
public_v1,O3,p01296,bundle_default_opt_4,True,sext,50,50,0
public_v1,O3,p01296,bundle_default_opt_4,True,shl,41,41,0
public_v1,O3,p01296,bundle_default_opt_4,True,store,318,314,-4
public_v1,O3,p01296,bundle_default_opt_4,True,sub,30,30,0
public_v1,O3,p01296,bundle_default_opt_4,True,switch,7,8,1
public_v1,O3,p01296,bundle_default_opt_4,True,trunc,69,69,0
public_v1,O3,p01296,bundle_default_opt_4,True,unreachable,2,2,0
public_v1,O3,p01296,bundle_default_opt_4,True,xor,45,44,-1
public_v1,O3,p01296,bundle_default_opt_4,True,zext,116,111,-5
public_v1,O3,p01296,bundle_post_opt_4_custom_cleanup,True,add,102,102,0
public_v1,O3,p01296,bundle_post_opt_4_custom_cleanup,True,alloca,1,1,0
public_v1,O3,p01296,bundle_post_opt_4_custom_cleanup,True,and,45,45,0
public_v1,O3,p01296,bundle_post_opt_4_custom_cleanup,True,ashr,2,2,0
public_v1,O3,p01296,bundle_post_opt_4_custom_cleanup,True,br,208,208,0
public_v1,O3,p01296,bundle_post_opt_4_custom_cleanup,True,call,220,220,0
public_v1,O3,p01296,bundle_post_opt_4_custom_cleanup,True,extractvalue,76,76,0
public_v1,O3,p01296,bundle_post_opt_4_custom_cleanup,True,getelementptr,194,194,0
public_v1,O3,p01296,bundle_post_opt_4_custom_cleanup,True,icmp,98,98,0
public_v1,O3,p01296,bundle_post_opt_4_custom_cleanup,True,insertvalue,14,14,0
public_v1,O3,p01296,bundle_post_opt_4_custom_cleanup,True,inttoptr,3,3,0
public_v1,O3,p01296,bundle_post_opt_4_custom_cleanup,True,load,421,421,0
public_v1,O3,p01296,bundle_post_opt_4_custom_cleanup,True,lshr,3,3,0
public_v1,O3,p01296,bundle_post_opt_4_custom_cleanup,True,mul,24,24,0
public_v1,O3,p01296,bundle_post_opt_4_custom_cleanup,True,or,19,19,0
public_v1,O3,p01296,bundle_post_opt_4_custom_cleanup,True,phi,67,67,0
public_v1,O3,p01296,bundle_post_opt_4_custom_cleanup,True,ptrtoint,7,7,0
public_v1,O3,p01296,bundle_post_opt_4_custom_cleanup,True,ret,9,9,0
public_v1,O3,p01296,bundle_post_opt_4_custom_cleanup,True,sdiv,2,2,0
public_v1,O3,p01296,bundle_post_opt_4_custom_cleanup,True,select,53,53,0
public_v1,O3,p01296,bundle_post_opt_4_custom_cleanup,True,sext,50,50,0
public_v1,O3,p01296,bundle_post_opt_4_custom_cleanup,True,shl,41,41,0
public_v1,O3,p01296,bundle_post_opt_4_custom_cleanup,True,store,314,314,0
public_v1,O3,p01296,bundle_post_opt_4_custom_cleanup,True,sub,30,30,0
public_v1,O3,p01296,bundle_post_opt_4_custom_cleanup,True,switch,8,8,0
public_v1,O3,p01296,bundle_post_opt_4_custom_cleanup,True,trunc,69,69,0
public_v1,O3,p01296,bundle_post_opt_4_custom_cleanup,True,unreachable,2,2,0
public_v1,O3,p01296,bundle_post_opt_4_custom_cleanup,True,xor,44,44,0
public_v1,O3,p01296,bundle_post_opt_4_custom_cleanup,True,zext,111,111,0
public_v1,O3,p01315,main_default_opt_1,True,add,205,137,-68
public_v1,O3,p01315,main_default_opt_1,True,alloca,12,6,-6
public_v1,O3,p01315,main_default_opt_1,True,and,50,6,-44
public_v1,O3,p01315,main_default_opt_1,True,ashr,3,6,3
public_v1,O3,p01315,main_default_opt_1,True,br,27,24,-3
public_v1,O3,p01315,main_default_opt_1,True,call,40,20,-20
public_v1,O3,p01315,main_default_opt_1,True,extractvalue,22,0,-22
public_v1,O3,p01315,main_default_opt_1,True,getelementptr,373,183,-190
public_v1,O3,p01315,main_default_opt_1,True,icmp,150,114,-36
public_v1,O3,p01315,main_default_opt_1,True,insertvalue,50,0,-50
public_v1,O3,p01315,main_default_opt_1,True,inttoptr,57,48,-9
public_v1,O3,p01315,main_default_opt_1,True,load,153,100,-53
public_v1,O3,p01315,main_default_opt_1,True,lshr,15,0,-15
public_v1,O3,p01315,main_default_opt_1,True,mul,23,21,-2
public_v1,O3,p01315,main_default_opt_1,True,or,25,3,-22
public_v1,O3,p01315,main_default_opt_1,True,phi,24,27,3
public_v1,O3,p01315,main_default_opt_1,True,ptrtoint,22,11,-11
public_v1,O3,p01315,main_default_opt_1,True,ret,5,2,-3
public_v1,O3,p01315,main_default_opt_1,True,select,123,104,-19
public_v1,O3,p01315,main_default_opt_1,True,sext,19,19,0
public_v1,O3,p01315,main_default_opt_1,True,shl,12,13,1
public_v1,O3,p01315,main_default_opt_1,True,store,263,156,-107
public_v1,O3,p01315,main_default_opt_1,True,sub,44,2,-42
public_v1,O3,p01315,main_default_opt_1,True,trunc,24,1,-23
public_v1,O3,p01315,main_default_opt_1,True,xor,40,4,-36
public_v1,O3,p01315,main_default_opt_1,True,zext,59,12,-47
public_v1,O3,p01315,main_default_opt_2,True,add,137,137,0
public_v1,O3,p01315,main_default_opt_2,True,alloca,6,6,0
public_v1,O3,p01315,main_default_opt_2,True,and,1,1,0
public_v1,O3,p01315,main_default_opt_2,True,ashr,6,6,0
public_v1,O3,p01315,main_default_opt_2,True,br,23,23,0
public_v1,O3,p01315,main_default_opt_2,True,call,20,20,0
public_v1,O3,p01315,main_default_opt_2,True,getelementptr,183,183,0
public_v1,O3,p01315,main_default_opt_2,True,icmp,113,113,0
public_v1,O3,p01315,main_default_opt_2,True,inttoptr,48,48,0
public_v1,O3,p01315,main_default_opt_2,True,load,96,96,0
public_v1,O3,p01315,main_default_opt_2,True,mul,20,20,0
public_v1,O3,p01315,main_default_opt_2,True,or,1,1,0
public_v1,O3,p01315,main_default_opt_2,True,phi,16,16,0
public_v1,O3,p01315,main_default_opt_2,True,ptrtoint,13,11,-2
public_v1,O3,p01315,main_default_opt_2,True,ret,2,2,0
public_v1,O3,p01315,main_default_opt_2,True,select,104,104,0
public_v1,O3,p01315,main_default_opt_2,True,sext,19,19,0
public_v1,O3,p01315,main_default_opt_2,True,shl,13,13,0
public_v1,O3,p01315,main_default_opt_2,True,store,154,154,0
public_v1,O3,p01315,main_default_opt_2,True,sub,1,1,0
public_v1,O3,p01315,main_default_opt_2,True,trunc,1,1,0
public_v1,O3,p01315,main_default_opt_2,True,xor,2,2,0
public_v1,O3,p01315,main_default_opt_2,True,zext,9,9,0
public_v1,O3,p01315,bundle_default_opt_3,True,add,49,47,-2
public_v1,O3,p01315,bundle_default_opt_3,True,alloca,6,6,0
public_v1,O3,p01315,bundle_default_opt_3,True,and,1,1,0
public_v1,O3,p01315,bundle_default_opt_3,True,ashr,6,6,0
public_v1,O3,p01315,bundle_default_opt_3,True,br,23,22,-1
public_v1,O3,p01315,bundle_default_opt_3,True,call,67,67,0
public_v1,O3,p01315,bundle_default_opt_3,True,getelementptr,95,95,0
public_v1,O3,p01315,bundle_default_opt_3,True,icmp,25,26,1
public_v1,O3,p01315,bundle_default_opt_3,True,inttoptr,4,4,0
public_v1,O3,p01315,bundle_default_opt_3,True,load,93,97,4
public_v1,O3,p01315,bundle_default_opt_3,True,mul,20,18,-2
public_v1,O3,p01315,bundle_default_opt_3,True,or,1,1,0
public_v1,O3,p01315,bundle_default_opt_3,True,phi,13,16,3
public_v1,O3,p01315,bundle_default_opt_3,True,ptrtoint,11,11,0
public_v1,O3,p01315,bundle_default_opt_3,True,ret,5,5,0
public_v1,O3,p01315,bundle_default_opt_3,True,select,16,17,1
public_v1,O3,p01315,bundle_default_opt_3,True,sext,19,17,-2
public_v1,O3,p01315,bundle_default_opt_3,True,shl,13,13,0
public_v1,O3,p01315,bundle_default_opt_3,True,store,154,158,4
public_v1,O3,p01315,bundle_default_opt_3,True,sub,1,1,0
public_v1,O3,p01315,bundle_default_opt_3,True,trunc,1,1,0
public_v1,O3,p01315,bundle_default_opt_3,True,xor,2,2,0
public_v1,O3,p01315,bundle_default_opt_3,True,zext,9,9,0
public_v1,O3,p01315,bundle_default_opt_4,True,add,47,47,0
public_v1,O3,p01315,bundle_default_opt_4,True,alloca,6,6,0
public_v1,O3,p01315,bundle_default_opt_4,True,and,1,1,0
public_v1,O3,p01315,bundle_default_opt_4,True,ashr,6,6,0
public_v1,O3,p01315,bundle_default_opt_4,True,br,22,22,0
public_v1,O3,p01315,bundle_default_opt_4,True,call,67,67,0
public_v1,O3,p01315,bundle_default_opt_4,True,getelementptr,95,95,0
public_v1,O3,p01315,bundle_default_opt_4,True,icmp,26,26,0
public_v1,O3,p01315,bundle_default_opt_4,True,inttoptr,4,4,0
public_v1,O3,p01315,bundle_default_opt_4,True,load,97,97,0
public_v1,O3,p01315,bundle_default_opt_4,True,mul,18,18,0
public_v1,O3,p01315,bundle_default_opt_4,True,or,1,1,0
public_v1,O3,p01315,bundle_default_opt_4,True,phi,16,16,0
public_v1,O3,p01315,bundle_default_opt_4,True,ptrtoint,11,11,0
public_v1,O3,p01315,bundle_default_opt_4,True,ret,5,5,0
public_v1,O3,p01315,bundle_default_opt_4,True,select,17,17,0
public_v1,O3,p01315,bundle_default_opt_4,True,sext,17,17,0
public_v1,O3,p01315,bundle_default_opt_4,True,shl,13,13,0
public_v1,O3,p01315,bundle_default_opt_4,True,store,158,158,0
public_v1,O3,p01315,bundle_default_opt_4,True,sub,1,1,0
public_v1,O3,p01315,bundle_default_opt_4,True,trunc,1,1,0
public_v1,O3,p01315,bundle_default_opt_4,True,xor,2,2,0
public_v1,O3,p01315,bundle_default_opt_4,True,zext,9,9,0
public_v1,O3,p01315,bundle_post_opt_4_custom_cleanup,True,add,47,47,0
public_v1,O3,p01315,bundle_post_opt_4_custom_cleanup,True,alloca,6,6,0
public_v1,O3,p01315,bundle_post_opt_4_custom_cleanup,True,and,1,1,0
public_v1,O3,p01315,bundle_post_opt_4_custom_cleanup,True,ashr,6,6,0
public_v1,O3,p01315,bundle_post_opt_4_custom_cleanup,True,br,22,22,0
public_v1,O3,p01315,bundle_post_opt_4_custom_cleanup,True,call,67,68,1
public_v1,O3,p01315,bundle_post_opt_4_custom_cleanup,True,getelementptr,95,95,0
public_v1,O3,p01315,bundle_post_opt_4_custom_cleanup,True,icmp,26,26,0
public_v1,O3,p01315,bundle_post_opt_4_custom_cleanup,True,inttoptr,4,4,0
public_v1,O3,p01315,bundle_post_opt_4_custom_cleanup,True,load,97,97,0
public_v1,O3,p01315,bundle_post_opt_4_custom_cleanup,True,mul,18,18,0
public_v1,O3,p01315,bundle_post_opt_4_custom_cleanup,True,or,1,1,0
public_v1,O3,p01315,bundle_post_opt_4_custom_cleanup,True,phi,16,16,0
public_v1,O3,p01315,bundle_post_opt_4_custom_cleanup,True,ptrtoint,11,11,0
public_v1,O3,p01315,bundle_post_opt_4_custom_cleanup,True,ret,5,6,1
public_v1,O3,p01315,bundle_post_opt_4_custom_cleanup,True,select,17,17,0
public_v1,O3,p01315,bundle_post_opt_4_custom_cleanup,True,sext,17,17,0
public_v1,O3,p01315,bundle_post_opt_4_custom_cleanup,True,shl,13,13,0
public_v1,O3,p01315,bundle_post_opt_4_custom_cleanup,True,store,158,158,0
public_v1,O3,p01315,bundle_post_opt_4_custom_cleanup,True,sub,1,1,0
public_v1,O3,p01315,bundle_post_opt_4_custom_cleanup,True,trunc,1,1,0
public_v1,O3,p01315,bundle_post_opt_4_custom_cleanup,True,xor,2,2,0
public_v1,O3,p01315,bundle_post_opt_4_custom_cleanup,True,zext,9,9,0
public_v1,O3,p01571,main_default_opt_1,True,add,1041,715,-326
public_v1,O3,p01571,main_default_opt_1,True,alloca,10,6,-4
public_v1,O3,p01571,main_default_opt_1,True,and,338,284,-54
public_v1,O3,p01571,main_default_opt_1,True,ashr,9,7,-2
public_v1,O3,p01571,main_default_opt_1,True,br,237,228,-9
public_v1,O3,p01571,main_default_opt_1,True,call,71,52,-19
public_v1,O3,p01571,main_default_opt_1,True,extractvalue,151,100,-51
public_v1,O3,p01571,main_default_opt_1,True,getelementptr,1487,796,-691
public_v1,O3,p01571,main_default_opt_1,True,icmp,660,593,-67
public_v1,O3,p01571,main_default_opt_1,True,insertvalue,155,45,-110
public_v1,O3,p01571,main_default_opt_1,True,inttoptr,234,223,-11
public_v1,O3,p01571,main_default_opt_1,True,load,803,710,-93
public_v1,O3,p01571,main_default_opt_1,True,lshr,39,1,-38
public_v1,O3,p01571,main_default_opt_1,True,mul,86,81,-5
public_v1,O3,p01571,main_default_opt_1,True,or,234,226,-8
public_v1,O3,p01571,main_default_opt_1,True,phi,107,129,22
public_v1,O3,p01571,main_default_opt_1,True,ptrtoint,29,25,-4
public_v1,O3,p01571,main_default_opt_1,True,ret,14,11,-3
public_v1,O3,p01571,main_default_opt_1,True,select,513,494,-19
public_v1,O3,p01571,main_default_opt_1,True,sext,136,117,-19
public_v1,O3,p01571,main_default_opt_1,True,shl,105,98,-7
public_v1,O3,p01571,main_default_opt_1,True,store,703,532,-171
public_v1,O3,p01571,main_default_opt_1,True,sub,320,68,-252
public_v1,O3,p01571,main_default_opt_1,True,switch,11,9,-2
public_v1,O3,p01571,main_default_opt_1,True,trunc,112,58,-54
public_v1,O3,p01571,main_default_opt_1,True,xor,194,150,-44
public_v1,O3,p01571,main_default_opt_1,True,zext,406,353,-53
public_v1,O3,p01571,main_default_opt_2,True,add,704,702,-2
public_v1,O3,p01571,main_default_opt_2,True,alloca,6,6,0
public_v1,O3,p01571,main_default_opt_2,True,and,263,271,8
public_v1,O3,p01571,main_default_opt_2,True,ashr,7,7,0
public_v1,O3,p01571,main_default_opt_2,True,br,226,231,5
public_v1,O3,p01571,main_default_opt_2,True,call,52,52,0
public_v1,O3,p01571,main_default_opt_2,True,extractvalue,95,95,0
public_v1,O3,p01571,main_default_opt_2,True,freeze,0,1,1
public_v1,O3,p01571,main_default_opt_2,True,getelementptr,790,788,-2
public_v1,O3,p01571,main_default_opt_2,True,icmp,589,587,-2
public_v1,O3,p01571,main_default_opt_2,True,insertvalue,45,43,-2
public_v1,O3,p01571,main_default_opt_2,True,inttoptr,223,223,0
public_v1,O3,p01571,main_default_opt_2,True,load,701,701,0
public_v1,O3,p01571,main_default_opt_2,True,lshr,1,1,0
public_v1,O3,p01571,main_default_opt_2,True,mul,76,76,0
public_v1,O3,p01571,main_default_opt_2,True,or,203,212,9
public_v1,O3,p01571,main_default_opt_2,True,phi,121,137,16
public_v1,O3,p01571,main_default_opt_2,True,ptrtoint,25,25,0
public_v1,O3,p01571,main_default_opt_2,True,ret,11,11,0
public_v1,O3,p01571,main_default_opt_2,True,select,492,492,0
public_v1,O3,p01571,main_default_opt_2,True,sext,115,114,-1
public_v1,O3,p01571,main_default_opt_2,True,shl,98,97,-1
public_v1,O3,p01571,main_default_opt_2,True,store,532,537,5
public_v1,O3,p01571,main_default_opt_2,True,sub,68,66,-2
public_v1,O3,p01571,main_default_opt_2,True,switch,9,9,0
public_v1,O3,p01571,main_default_opt_2,True,trunc,58,61,3
public_v1,O3,p01571,main_default_opt_2,True,xor,144,145,1
public_v1,O3,p01571,main_default_opt_2,True,zext,330,330,0
public_v1,O3,p01571,bundle_default_opt_3,True,add,259,203,-56
public_v1,O3,p01571,bundle_default_opt_3,True,alloca,5,5,0
public_v1,O3,p01571,bundle_default_opt_3,True,and,270,168,-102
public_v1,O3,p01571,bundle_default_opt_3,True,ashr,7,7,0
public_v1,O3,p01571,bundle_default_opt_3,True,br,228,229,1
public_v1,O3,p01571,bundle_default_opt_3,True,call,268,269,1
public_v1,O3,p01571,bundle_default_opt_3,True,extractvalue,78,62,-16
public_v1,O3,p01571,bundle_default_opt_3,True,freeze,1,1,0
public_v1,O3,p01571,bundle_default_opt_3,True,getelementptr,378,347,-31
public_v1,O3,p01571,bundle_default_opt_3,True,icmp,165,142,-23
public_v1,O3,p01571,bundle_default_opt_3,True,insertvalue,43,31,-12
public_v1,O3,p01571,bundle_default_opt_3,True,inttoptr,12,12,0
public_v1,O3,p01571,bundle_default_opt_3,True,load,699,635,-64
public_v1,O3,p01571,bundle_default_opt_3,True,lshr,1,1,0
public_v1,O3,p01571,bundle_default_opt_3,True,mul,75,51,-24
public_v1,O3,p01571,bundle_default_opt_3,True,or,207,111,-96
public_v1,O3,p01571,bundle_default_opt_3,True,phi,130,121,-9
public_v1,O3,p01571,bundle_default_opt_3,True,ptrtoint,64,20,-44
public_v1,O3,p01571,bundle_default_opt_3,True,ret,19,19,0
public_v1,O3,p01571,bundle_default_opt_3,True,select,67,68,1
public_v1,O3,p01571,bundle_default_opt_3,True,sext,114,111,-3
public_v1,O3,p01571,bundle_default_opt_3,True,shl,97,98,1
public_v1,O3,p01571,bundle_default_opt_3,True,store,492,404,-88
public_v1,O3,p01571,bundle_default_opt_3,True,sub,52,40,-12
public_v1,O3,p01571,bundle_default_opt_3,True,switch,9,9,0
public_v1,O3,p01571,bundle_default_opt_3,True,trunc,63,61,-2
public_v1,O3,p01571,bundle_default_opt_3,True,xor,143,93,-50
public_v1,O3,p01571,bundle_default_opt_3,True,zext,324,231,-93
public_v1,O3,p01571,bundle_default_opt_4,True,add,203,185,-18
public_v1,O3,p01571,bundle_default_opt_4,True,alloca,5,5,0
public_v1,O3,p01571,bundle_default_opt_4,True,and,168,122,-46
public_v1,O3,p01571,bundle_default_opt_4,True,ashr,7,7,0
public_v1,O3,p01571,bundle_default_opt_4,True,br,229,229,0
public_v1,O3,p01571,bundle_default_opt_4,True,call,269,269,0
public_v1,O3,p01571,bundle_default_opt_4,True,extractvalue,62,61,-1
public_v1,O3,p01571,bundle_default_opt_4,True,freeze,1,1,0
public_v1,O3,p01571,bundle_default_opt_4,True,getelementptr,347,333,-14
public_v1,O3,p01571,bundle_default_opt_4,True,icmp,142,135,-7
public_v1,O3,p01571,bundle_default_opt_4,True,insertvalue,31,30,-1
public_v1,O3,p01571,bundle_default_opt_4,True,inttoptr,12,12,0
public_v1,O3,p01571,bundle_default_opt_4,True,load,635,617,-18
public_v1,O3,p01571,bundle_default_opt_4,True,lshr,1,1,0
public_v1,O3,p01571,bundle_default_opt_4,True,mul,51,40,-11
public_v1,O3,p01571,bundle_default_opt_4,True,or,111,69,-42
public_v1,O3,p01571,bundle_default_opt_4,True,phi,121,113,-8
public_v1,O3,p01571,bundle_default_opt_4,True,ptrtoint,20,20,0
public_v1,O3,p01571,bundle_default_opt_4,True,ret,19,19,0
public_v1,O3,p01571,bundle_default_opt_4,True,select,68,68,0
public_v1,O3,p01571,bundle_default_opt_4,True,sext,111,110,-1
public_v1,O3,p01571,bundle_default_opt_4,True,shl,98,98,0
public_v1,O3,p01571,bundle_default_opt_4,True,store,404,404,0
public_v1,O3,p01571,bundle_default_opt_4,True,sub,40,38,-2
public_v1,O3,p01571,bundle_default_opt_4,True,switch,9,9,0
public_v1,O3,p01571,bundle_default_opt_4,True,trunc,61,61,0
public_v1,O3,p01571,bundle_default_opt_4,True,xor,93,69,-24
public_v1,O3,p01571,bundle_default_opt_4,True,zext,231,175,-56
public_v1,O3,p01571,bundle_post_opt_4_custom_cleanup,True,add,185,182,-3
public_v1,O3,p01571,bundle_post_opt_4_custom_cleanup,True,alloca,5,5,0
public_v1,O3,p01571,bundle_post_opt_4_custom_cleanup,True,and,122,119,-3
public_v1,O3,p01571,bundle_post_opt_4_custom_cleanup,True,ashr,7,7,0
public_v1,O3,p01571,bundle_post_opt_4_custom_cleanup,True,br,229,229,0
public_v1,O3,p01571,bundle_post_opt_4_custom_cleanup,True,call,269,269,0
public_v1,O3,p01571,bundle_post_opt_4_custom_cleanup,True,extractvalue,61,58,-3
public_v1,O3,p01571,bundle_post_opt_4_custom_cleanup,True,freeze,1,1,0
public_v1,O3,p01571,bundle_post_opt_4_custom_cleanup,True,getelementptr,333,335,2
public_v1,O3,p01571,bundle_post_opt_4_custom_cleanup,True,icmp,135,135,0
public_v1,O3,p01571,bundle_post_opt_4_custom_cleanup,True,insertvalue,30,29,-1
public_v1,O3,p01571,bundle_post_opt_4_custom_cleanup,True,inttoptr,12,12,0
public_v1,O3,p01571,bundle_post_opt_4_custom_cleanup,True,load,617,617,0
public_v1,O3,p01571,bundle_post_opt_4_custom_cleanup,True,lshr,1,1,0
public_v1,O3,p01571,bundle_post_opt_4_custom_cleanup,True,mul,40,40,0
public_v1,O3,p01571,bundle_post_opt_4_custom_cleanup,True,or,69,65,-4
public_v1,O3,p01571,bundle_post_opt_4_custom_cleanup,True,phi,113,111,-2
public_v1,O3,p01571,bundle_post_opt_4_custom_cleanup,True,ptrtoint,20,22,2
public_v1,O3,p01571,bundle_post_opt_4_custom_cleanup,True,ret,19,19,0
public_v1,O3,p01571,bundle_post_opt_4_custom_cleanup,True,select,68,68,0
public_v1,O3,p01571,bundle_post_opt_4_custom_cleanup,True,sext,110,110,0
public_v1,O3,p01571,bundle_post_opt_4_custom_cleanup,True,shl,98,98,0
public_v1,O3,p01571,bundle_post_opt_4_custom_cleanup,True,store,404,404,0
public_v1,O3,p01571,bundle_post_opt_4_custom_cleanup,True,sub,38,38,0
public_v1,O3,p01571,bundle_post_opt_4_custom_cleanup,True,switch,9,9,0
public_v1,O3,p01571,bundle_post_opt_4_custom_cleanup,True,trunc,61,61,0
public_v1,O3,p01571,bundle_post_opt_4_custom_cleanup,True,xor,69,69,0
public_v1,O3,p01571,bundle_post_opt_4_custom_cleanup,True,zext,175,170,-5
public_v1,O3,p01687,main_default_opt_1,True,add,135,86,-49
public_v1,O3,p01687,main_default_opt_1,True,alloca,3,1,-2
public_v1,O3,p01687,main_default_opt_1,True,and,76,46,-30
public_v1,O3,p01687,main_default_opt_1,True,br,51,50,-1
public_v1,O3,p01687,main_default_opt_1,True,call,23,11,-12
public_v1,O3,p01687,main_default_opt_1,True,extractvalue,33,12,-21
public_v1,O3,p01687,main_default_opt_1,True,getelementptr,205,116,-89
public_v1,O3,p01687,main_default_opt_1,True,icmp,131,93,-38
public_v1,O3,p01687,main_default_opt_1,True,insertvalue,51,7,-44
public_v1,O3,p01687,main_default_opt_1,True,inttoptr,18,14,-4
public_v1,O3,p01687,main_default_opt_1,True,load,106,75,-31
public_v1,O3,p01687,main_default_opt_1,True,lshr,15,0,-15
public_v1,O3,p01687,main_default_opt_1,True,mul,11,11,0
public_v1,O3,p01687,main_default_opt_1,True,or,31,23,-8
public_v1,O3,p01687,main_default_opt_1,True,phi,36,29,-7
public_v1,O3,p01687,main_default_opt_1,True,ptrtoint,9,5,-4
public_v1,O3,p01687,main_default_opt_1,True,ret,9,7,-2
public_v1,O3,p01687,main_default_opt_1,True,select,90,69,-21
public_v1,O3,p01687,main_default_opt_1,True,sext,8,7,-1
public_v1,O3,p01687,main_default_opt_1,True,shl,1,1,0
public_v1,O3,p01687,main_default_opt_1,True,store,177,82,-95
public_v1,O3,p01687,main_default_opt_1,True,sub,40,8,-32
public_v1,O3,p01687,main_default_opt_1,True,switch,2,1,-1
public_v1,O3,p01687,main_default_opt_1,True,trunc,32,11,-21
public_v1,O3,p01687,main_default_opt_1,True,xor,36,22,-14
public_v1,O3,p01687,main_default_opt_1,True,zext,64,43,-21
public_v1,O3,p01687,main_default_opt_2,True,add,77,66,-11
public_v1,O3,p01687,main_default_opt_2,True,alloca,1,1,0
public_v1,O3,p01687,main_default_opt_2,True,and,25,22,-3
public_v1,O3,p01687,main_default_opt_2,True,br,49,38,-11
public_v1,O3,p01687,main_default_opt_2,True,call,11,10,-1
public_v1,O3,p01687,main_default_opt_2,True,extractvalue,8,4,-4
public_v1,O3,p01687,main_default_opt_2,True,getelementptr,109,110,1
public_v1,O3,p01687,main_default_opt_2,True,icmp,82,81,-1
public_v1,O3,p01687,main_default_opt_2,True,insertvalue,7,4,-3
public_v1,O3,p01687,main_default_opt_2,True,inttoptr,13,13,0
public_v1,O3,p01687,main_default_opt_2,True,load,58,54,-4
public_v1,O3,p01687,main_default_opt_2,True,mul,4,4,0
public_v1,O3,p01687,main_default_opt_2,True,or,4,1,-3
public_v1,O3,p01687,main_default_opt_2,True,phi,23,15,-8
public_v1,O3,p01687,main_default_opt_2,True,ptrtoint,5,4,-1
public_v1,O3,p01687,main_default_opt_2,True,ret,7,7,0
public_v1,O3,p01687,main_default_opt_2,True,select,65,68,3
public_v1,O3,p01687,main_default_opt_2,True,sext,7,7,0
public_v1,O3,p01687,main_default_opt_2,True,shl,1,1,0
public_v1,O3,p01687,main_default_opt_2,True,store,79,78,-1
public_v1,O3,p01687,main_default_opt_2,True,sub,9,9,0
public_v1,O3,p01687,main_default_opt_2,True,switch,1,1,0
public_v1,O3,p01687,main_default_opt_2,True,trunc,11,8,-3
public_v1,O3,p01687,main_default_opt_2,True,xor,10,8,-2
public_v1,O3,p01687,main_default_opt_2,True,zext,19,10,-9
public_v1,O3,p01687,bundle_default_opt_3,True,add,66,65,-1
public_v1,O3,p01687,bundle_default_opt_3,True,alloca,1,1,0
public_v1,O3,p01687,bundle_default_opt_3,True,and,22,19,-3
public_v1,O3,p01687,bundle_default_opt_3,True,br,38,37,-1
public_v1,O3,p01687,bundle_default_opt_3,True,call,10,9,-1
public_v1,O3,p01687,bundle_default_opt_3,True,extractvalue,3,0,-3
public_v1,O3,p01687,bundle_default_opt_3,True,getelementptr,111,91,-20
public_v1,O3,p01687,bundle_default_opt_3,True,icmp,81,78,-3
public_v1,O3,p01687,bundle_default_opt_3,True,insertvalue,4,0,-4
public_v1,O3,p01687,bundle_default_opt_3,True,inttoptr,13,13,0
public_v1,O3,p01687,bundle_default_opt_3,True,load,54,47,-7
public_v1,O3,p01687,bundle_default_opt_3,True,mul,4,1,-3
public_v1,O3,p01687,bundle_default_opt_3,True,or,1,1,0
public_v1,O3,p01687,bundle_default_opt_3,True,phi,15,7,-8
public_v1,O3,p01687,bundle_default_opt_3,True,ptrtoint,7,4,-3
public_v1,O3,p01687,bundle_default_opt_3,True,ret,7,6,-1
public_v1,O3,p01687,bundle_default_opt_3,True,select,68,64,-4
public_v1,O3,p01687,bundle_default_opt_3,True,sext,7,7,0
public_v1,O3,p01687,bundle_default_opt_3,True,shl,1,1,0
public_v1,O3,p01687,bundle_default_opt_3,True,store,78,66,-12
public_v1,O3,p01687,bundle_default_opt_3,True,sub,9,9,0
public_v1,O3,p01687,bundle_default_opt_3,True,switch,1,1,0
public_v1,O3,p01687,bundle_default_opt_3,True,trunc,8,4,-4
public_v1,O3,p01687,bundle_default_opt_3,True,xor,8,2,-6
public_v1,O3,p01687,bundle_default_opt_3,True,zext,10,6,-4
public_v1,O3,p01687,bundle_default_opt_4,True,add,65,65,0
public_v1,O3,p01687,bundle_default_opt_4,True,alloca,1,1,0
public_v1,O3,p01687,bundle_default_opt_4,True,and,19,19,0
public_v1,O3,p01687,bundle_default_opt_4,True,br,37,37,0
public_v1,O3,p01687,bundle_default_opt_4,True,call,9,9,0
public_v1,O3,p01687,bundle_default_opt_4,True,getelementptr,91,91,0
public_v1,O3,p01687,bundle_default_opt_4,True,icmp,78,78,0
public_v1,O3,p01687,bundle_default_opt_4,True,inttoptr,13,13,0
public_v1,O3,p01687,bundle_default_opt_4,True,load,47,47,0
public_v1,O3,p01687,bundle_default_opt_4,True,mul,1,1,0
public_v1,O3,p01687,bundle_default_opt_4,True,or,1,1,0
public_v1,O3,p01687,bundle_default_opt_4,True,phi,7,7,0
public_v1,O3,p01687,bundle_default_opt_4,True,ptrtoint,4,4,0
public_v1,O3,p01687,bundle_default_opt_4,True,ret,6,6,0
public_v1,O3,p01687,bundle_default_opt_4,True,select,64,64,0
public_v1,O3,p01687,bundle_default_opt_4,True,sext,7,7,0
public_v1,O3,p01687,bundle_default_opt_4,True,shl,1,1,0
public_v1,O3,p01687,bundle_default_opt_4,True,store,66,66,0
public_v1,O3,p01687,bundle_default_opt_4,True,sub,9,9,0
public_v1,O3,p01687,bundle_default_opt_4,True,switch,1,1,0
public_v1,O3,p01687,bundle_default_opt_4,True,trunc,4,4,0
public_v1,O3,p01687,bundle_default_opt_4,True,xor,2,2,0
public_v1,O3,p01687,bundle_default_opt_4,True,zext,6,6,0
public_v1,O3,p01687,bundle_post_opt_4_custom_cleanup,True,add,65,34,-31
public_v1,O3,p01687,bundle_post_opt_4_custom_cleanup,True,alloca,1,1,0
public_v1,O3,p01687,bundle_post_opt_4_custom_cleanup,True,and,19,9,-10
public_v1,O3,p01687,bundle_post_opt_4_custom_cleanup,True,br,37,37,0
public_v1,O3,p01687,bundle_post_opt_4_custom_cleanup,True,call,9,9,0
public_v1,O3,p01687,bundle_post_opt_4_custom_cleanup,True,getelementptr,91,42,-49
public_v1,O3,p01687,bundle_post_opt_4_custom_cleanup,True,icmp,78,38,-40
public_v1,O3,p01687,bundle_post_opt_4_custom_cleanup,True,inttoptr,13,8,-5
public_v1,O3,p01687,bundle_post_opt_4_custom_cleanup,True,load,47,37,-10
public_v1,O3,p01687,bundle_post_opt_4_custom_cleanup,True,mul,1,1,0
public_v1,O3,p01687,bundle_post_opt_4_custom_cleanup,True,or,1,1,0
public_v1,O3,p01687,bundle_post_opt_4_custom_cleanup,True,phi,7,6,-1
public_v1,O3,p01687,bundle_post_opt_4_custom_cleanup,True,ptrtoint,4,4,0
public_v1,O3,p01687,bundle_post_opt_4_custom_cleanup,True,ret,6,6,0
public_v1,O3,p01687,bundle_post_opt_4_custom_cleanup,True,select,64,24,-40
public_v1,O3,p01687,bundle_post_opt_4_custom_cleanup,True,sext,7,7,0
public_v1,O3,p01687,bundle_post_opt_4_custom_cleanup,True,shl,1,1,0
public_v1,O3,p01687,bundle_post_opt_4_custom_cleanup,True,store,66,56,-10
public_v1,O3,p01687,bundle_post_opt_4_custom_cleanup,True,sub,9,9,0
public_v1,O3,p01687,bundle_post_opt_4_custom_cleanup,True,switch,1,1,0
public_v1,O3,p01687,bundle_post_opt_4_custom_cleanup,True,trunc,4,4,0
public_v1,O3,p01687,bundle_post_opt_4_custom_cleanup,True,xor,2,2,0
public_v1,O3,p01687,bundle_post_opt_4_custom_cleanup,True,zext,6,6,0
public_v1,O3,p01766,main_default_opt_1,True,add,40,26,-14
public_v1,O3,p01766,main_default_opt_1,True,alloca,7,7,0
public_v1,O3,p01766,main_default_opt_1,True,and,18,10,-8
public_v1,O3,p01766,main_default_opt_1,True,bitcast,2,2,0
public_v1,O3,p01766,main_default_opt_1,True,br,21,20,-1
public_v1,O3,p01766,main_default_opt_1,True,call,20,19,-1
public_v1,O3,p01766,main_default_opt_1,True,extractvalue,17,0,-17
public_v1,O3,p01766,main_default_opt_1,True,fdiv,1,1,0
public_v1,O3,p01766,main_default_opt_1,True,getelementptr,101,94,-7
public_v1,O3,p01766,main_default_opt_1,True,icmp,28,26,-2
public_v1,O3,p01766,main_default_opt_1,True,insertvalue,22,0,-22
public_v1,O3,p01766,main_default_opt_1,True,inttoptr,5,5,0
public_v1,O3,p01766,main_default_opt_1,True,load,65,37,-28
public_v1,O3,p01766,main_default_opt_1,True,lshr,3,3,0
public_v1,O3,p01766,main_default_opt_1,True,mul,6,4,-2
public_v1,O3,p01766,main_default_opt_1,True,or,17,9,-8
public_v1,O3,p01766,main_default_opt_1,True,phi,27,13,-14
public_v1,O3,p01766,main_default_opt_1,True,ptrtoint,9,9,0
public_v1,O3,p01766,main_default_opt_1,True,ret,3,2,-1
public_v1,O3,p01766,main_default_opt_1,True,select,19,14,-5
public_v1,O3,p01766,main_default_opt_1,True,sext,14,6,-8
public_v1,O3,p01766,main_default_opt_1,True,shl,11,5,-6
public_v1,O3,p01766,main_default_opt_1,True,sitofp,2,1,-1
public_v1,O3,p01766,main_default_opt_1,True,store,146,113,-33
public_v1,O3,p01766,main_default_opt_1,True,sub,8,4,-4
public_v1,O3,p01766,main_default_opt_1,True,trunc,5,4,-1
public_v1,O3,p01766,main_default_opt_1,True,uitofp,0,1,1
public_v1,O3,p01766,main_default_opt_1,True,xor,13,8,-5
public_v1,O3,p01766,main_default_opt_1,True,zext,25,16,-9
public_v1,O3,p01766,main_default_opt_2,True,add,22,22,0
public_v1,O3,p01766,main_default_opt_2,True,alloca,6,6,0
public_v1,O3,p01766,main_default_opt_2,True,and,101,5,-96
public_v1,O3,p01766,main_default_opt_2,True,br,20,20,0
public_v1,O3,p01766,main_default_opt_2,True,call,15,13,-2
public_v1,O3,p01766,main_default_opt_2,True,fdiv,1,1,0
public_v1,O3,p01766,main_default_opt_2,True,getelementptr,78,78,0
public_v1,O3,p01766,main_default_opt_2,True,icmp,22,22,0
public_v1,O3,p01766,main_default_opt_2,True,inttoptr,5,5,0
public_v1,O3,p01766,main_default_opt_2,True,load,23,23,0
public_v1,O3,p01766,main_default_opt_2,True,lshr,1,1,0
public_v1,O3,p01766,main_default_opt_2,True,mul,3,3,0
public_v1,O3,p01766,main_default_opt_2,True,or,102,6,-96
public_v1,O3,p01766,main_default_opt_2,True,phi,7,7,0
public_v1,O3,p01766,main_default_opt_2,True,ptrtoint,5,5,0
public_v1,O3,p01766,main_default_opt_2,True,ret,2,2,0
public_v1,O3,p01766,main_default_opt_2,True,select,14,14,0
public_v1,O3,p01766,main_default_opt_2,True,sext,6,6,0
public_v1,O3,p01766,main_default_opt_2,True,shl,5,5,0
public_v1,O3,p01766,main_default_opt_2,True,sitofp,1,1,0
public_v1,O3,p01766,main_default_opt_2,True,store,67,68,1
public_v1,O3,p01766,main_default_opt_2,True,sub,4,4,0
public_v1,O3,p01766,main_default_opt_2,True,trunc,2,2,0
public_v1,O3,p01766,main_default_opt_2,True,uitofp,1,1,0
public_v1,O3,p01766,main_default_opt_2,True,xor,4,4,0
public_v1,O3,p01766,main_default_opt_2,True,zext,8,9,1
public_v1,O3,p01766,bundle_default_opt_3,True,add,22,22,0
public_v1,O3,p01766,bundle_default_opt_3,True,alloca,6,6,0
public_v1,O3,p01766,bundle_default_opt_3,True,and,5,5,0
public_v1,O3,p01766,bundle_default_opt_3,True,br,19,19,0
public_v1,O3,p01766,bundle_default_opt_3,True,call,13,13,0
public_v1,O3,p01766,bundle_default_opt_3,True,fdiv,1,1,0
public_v1,O3,p01766,bundle_default_opt_3,True,getelementptr,67,67,0
public_v1,O3,p01766,bundle_default_opt_3,True,icmp,22,22,0
public_v1,O3,p01766,bundle_default_opt_3,True,inttoptr,5,5,0
public_v1,O3,p01766,bundle_default_opt_3,True,load,22,22,0
public_v1,O3,p01766,bundle_default_opt_3,True,mul,3,3,0
public_v1,O3,p01766,bundle_default_opt_3,True,or,6,6,0
public_v1,O3,p01766,bundle_default_opt_3,True,phi,7,7,0
public_v1,O3,p01766,bundle_default_opt_3,True,ptrtoint,5,5,0
public_v1,O3,p01766,bundle_default_opt_3,True,ret,2,2,0
public_v1,O3,p01766,bundle_default_opt_3,True,select,10,10,0
public_v1,O3,p01766,bundle_default_opt_3,True,sext,6,6,0
public_v1,O3,p01766,bundle_default_opt_3,True,shl,5,5,0
public_v1,O3,p01766,bundle_default_opt_3,True,sitofp,1,1,0
public_v1,O3,p01766,bundle_default_opt_3,True,store,48,48,0
public_v1,O3,p01766,bundle_default_opt_3,True,sub,4,4,0
public_v1,O3,p01766,bundle_default_opt_3,True,trunc,1,1,0
public_v1,O3,p01766,bundle_default_opt_3,True,uitofp,1,1,0
public_v1,O3,p01766,bundle_default_opt_3,True,xor,4,4,0
public_v1,O3,p01766,bundle_default_opt_3,True,zext,5,5,0
public_v1,O3,p01766,bundle_default_opt_4,True,add,22,22,0
public_v1,O3,p01766,bundle_default_opt_4,True,alloca,6,6,0
public_v1,O3,p01766,bundle_default_opt_4,True,and,5,5,0
public_v1,O3,p01766,bundle_default_opt_4,True,br,19,19,0
public_v1,O3,p01766,bundle_default_opt_4,True,call,13,13,0
public_v1,O3,p01766,bundle_default_opt_4,True,fdiv,1,1,0
public_v1,O3,p01766,bundle_default_opt_4,True,getelementptr,67,67,0
public_v1,O3,p01766,bundle_default_opt_4,True,icmp,22,22,0
public_v1,O3,p01766,bundle_default_opt_4,True,inttoptr,5,5,0
public_v1,O3,p01766,bundle_default_opt_4,True,load,22,22,0
public_v1,O3,p01766,bundle_default_opt_4,True,mul,3,3,0
public_v1,O3,p01766,bundle_default_opt_4,True,or,6,6,0
public_v1,O3,p01766,bundle_default_opt_4,True,phi,7,7,0
public_v1,O3,p01766,bundle_default_opt_4,True,ptrtoint,5,5,0
public_v1,O3,p01766,bundle_default_opt_4,True,ret,2,2,0
public_v1,O3,p01766,bundle_default_opt_4,True,select,10,10,0
public_v1,O3,p01766,bundle_default_opt_4,True,sext,6,6,0
public_v1,O3,p01766,bundle_default_opt_4,True,shl,5,5,0
public_v1,O3,p01766,bundle_default_opt_4,True,sitofp,1,1,0
public_v1,O3,p01766,bundle_default_opt_4,True,store,48,48,0
public_v1,O3,p01766,bundle_default_opt_4,True,sub,4,4,0
public_v1,O3,p01766,bundle_default_opt_4,True,trunc,1,1,0
public_v1,O3,p01766,bundle_default_opt_4,True,uitofp,1,1,0
public_v1,O3,p01766,bundle_default_opt_4,True,xor,4,4,0
public_v1,O3,p01766,bundle_default_opt_4,True,zext,5,5,0
public_v1,O3,p01766,bundle_post_opt_4_custom_cleanup,True,add,22,22,0
public_v1,O3,p01766,bundle_post_opt_4_custom_cleanup,True,alloca,6,6,0
public_v1,O3,p01766,bundle_post_opt_4_custom_cleanup,True,and,5,5,0
public_v1,O3,p01766,bundle_post_opt_4_custom_cleanup,True,br,19,19,0
public_v1,O3,p01766,bundle_post_opt_4_custom_cleanup,True,call,13,13,0
public_v1,O3,p01766,bundle_post_opt_4_custom_cleanup,True,fdiv,1,1,0
public_v1,O3,p01766,bundle_post_opt_4_custom_cleanup,True,getelementptr,67,67,0
public_v1,O3,p01766,bundle_post_opt_4_custom_cleanup,True,icmp,22,22,0
public_v1,O3,p01766,bundle_post_opt_4_custom_cleanup,True,inttoptr,5,5,0
public_v1,O3,p01766,bundle_post_opt_4_custom_cleanup,True,load,22,22,0
public_v1,O3,p01766,bundle_post_opt_4_custom_cleanup,True,mul,3,3,0
public_v1,O3,p01766,bundle_post_opt_4_custom_cleanup,True,or,6,6,0
public_v1,O3,p01766,bundle_post_opt_4_custom_cleanup,True,phi,7,7,0
public_v1,O3,p01766,bundle_post_opt_4_custom_cleanup,True,ptrtoint,5,5,0
public_v1,O3,p01766,bundle_post_opt_4_custom_cleanup,True,ret,2,2,0
public_v1,O3,p01766,bundle_post_opt_4_custom_cleanup,True,select,10,10,0
public_v1,O3,p01766,bundle_post_opt_4_custom_cleanup,True,sext,6,6,0
public_v1,O3,p01766,bundle_post_opt_4_custom_cleanup,True,shl,5,5,0
public_v1,O3,p01766,bundle_post_opt_4_custom_cleanup,True,sitofp,1,1,0
public_v1,O3,p01766,bundle_post_opt_4_custom_cleanup,True,store,48,48,0
public_v1,O3,p01766,bundle_post_opt_4_custom_cleanup,True,sub,4,4,0
public_v1,O3,p01766,bundle_post_opt_4_custom_cleanup,True,trunc,1,1,0
public_v1,O3,p01766,bundle_post_opt_4_custom_cleanup,True,uitofp,1,1,0
public_v1,O3,p01766,bundle_post_opt_4_custom_cleanup,True,xor,4,4,0
public_v1,O3,p01766,bundle_post_opt_4_custom_cleanup,True,zext,5,5,0
public_v1,O3,p01970,main_default_opt_1,True,add,75,54,-21
public_v1,O3,p01970,main_default_opt_1,True,alloca,3,0,-3
public_v1,O3,p01970,main_default_opt_1,True,and,109,58,-51
public_v1,O3,p01970,main_default_opt_1,True,br,77,68,-9
public_v1,O3,p01970,main_default_opt_1,True,call,17,6,-11
public_v1,O3,p01970,main_default_opt_1,True,extractvalue,43,0,-43
public_v1,O3,p01970,main_default_opt_1,True,getelementptr,83,25,-58
public_v1,O3,p01970,main_default_opt_1,True,icmp,62,41,-21
public_v1,O3,p01970,main_default_opt_1,True,insertvalue,52,0,-52
public_v1,O3,p01970,main_default_opt_1,True,load,139,57,-82
public_v1,O3,p01970,main_default_opt_1,True,lshr,18,8,-10
public_v1,O3,p01970,main_default_opt_1,True,mul,26,21,-5
public_v1,O3,p01970,main_default_opt_1,True,or,86,40,-46
public_v1,O3,p01970,main_default_opt_1,True,phi,58,29,-29
public_v1,O3,p01970,main_default_opt_1,True,ptrtoint,3,0,-3
public_v1,O3,p01970,main_default_opt_1,True,ret,5,2,-3
public_v1,O3,p01970,main_default_opt_1,True,select,13,13,0
public_v1,O3,p01970,main_default_opt_1,True,sext,29,27,-2
public_v1,O3,p01970,main_default_opt_1,True,shl,17,15,-2
public_v1,O3,p01970,main_default_opt_1,True,store,173,13,-160
public_v1,O3,p01970,main_default_opt_1,True,switch,4,2,-2
public_v1,O3,p01970,main_default_opt_1,True,trunc,34,4,-30
public_v1,O3,p01970,main_default_opt_1,True,xor,74,46,-28
public_v1,O3,p01970,main_default_opt_1,True,zext,119,60,-59
public_v1,O3,p01970,main_default_opt_2,True,add,36,34,-2
public_v1,O3,p01970,main_default_opt_2,True,and,7,7,0
public_v1,O3,p01970,main_default_opt_2,True,br,63,63,0
public_v1,O3,p01970,main_default_opt_2,True,call,6,6,0
public_v1,O3,p01970,main_default_opt_2,True,getelementptr,25,23,-2
public_v1,O3,p01970,main_default_opt_2,True,icmp,23,23,0
public_v1,O3,p01970,main_default_opt_2,True,load,21,19,-2
public_v1,O3,p01970,main_default_opt_2,True,lshr,8,8,0
public_v1,O3,p01970,main_default_opt_2,True,mul,3,3,0
public_v1,O3,p01970,main_default_opt_2,True,phi,27,27,0
public_v1,O3,p01970,main_default_opt_2,True,ret,2,2,0
public_v1,O3,p01970,main_default_opt_2,True,select,13,13,0
public_v1,O3,p01970,main_default_opt_2,True,sext,24,22,-2
public_v1,O3,p01970,main_default_opt_2,True,shl,15,13,-2
public_v1,O3,p01970,main_default_opt_2,True,store,13,13,0
public_v1,O3,p01970,main_default_opt_2,True,switch,2,2,0
public_v1,O3,p01970,main_default_opt_2,True,trunc,4,4,0
public_v1,O3,p01970,main_default_opt_2,True,xor,8,8,0
public_v1,O3,p01970,main_default_opt_2,True,zext,4,4,0
public_v1,O3,p01970,bundle_default_opt_3,True,add,34,34,0
public_v1,O3,p01970,bundle_default_opt_3,True,and,7,7,0
public_v1,O3,p01970,bundle_default_opt_3,True,br,63,63,0
public_v1,O3,p01970,bundle_default_opt_3,True,call,6,6,0
public_v1,O3,p01970,bundle_default_opt_3,True,getelementptr,23,23,0
public_v1,O3,p01970,bundle_default_opt_3,True,icmp,23,23,0
public_v1,O3,p01970,bundle_default_opt_3,True,load,19,19,0
public_v1,O3,p01970,bundle_default_opt_3,True,lshr,8,8,0
public_v1,O3,p01970,bundle_default_opt_3,True,mul,3,3,0
public_v1,O3,p01970,bundle_default_opt_3,True,phi,27,27,0
public_v1,O3,p01970,bundle_default_opt_3,True,ret,2,2,0
public_v1,O3,p01970,bundle_default_opt_3,True,select,13,13,0
public_v1,O3,p01970,bundle_default_opt_3,True,sext,22,22,0
public_v1,O3,p01970,bundle_default_opt_3,True,shl,13,13,0
public_v1,O3,p01970,bundle_default_opt_3,True,store,13,13,0
public_v1,O3,p01970,bundle_default_opt_3,True,switch,2,2,0
public_v1,O3,p01970,bundle_default_opt_3,True,trunc,4,4,0
public_v1,O3,p01970,bundle_default_opt_3,True,xor,8,8,0
public_v1,O3,p01970,bundle_default_opt_3,True,zext,4,4,0
public_v1,O3,p01970,bundle_default_opt_4,True,add,34,34,0
public_v1,O3,p01970,bundle_default_opt_4,True,and,7,7,0
public_v1,O3,p01970,bundle_default_opt_4,True,br,63,63,0
public_v1,O3,p01970,bundle_default_opt_4,True,call,6,6,0
public_v1,O3,p01970,bundle_default_opt_4,True,getelementptr,23,23,0
public_v1,O3,p01970,bundle_default_opt_4,True,icmp,23,23,0
public_v1,O3,p01970,bundle_default_opt_4,True,load,19,19,0
public_v1,O3,p01970,bundle_default_opt_4,True,lshr,8,8,0
public_v1,O3,p01970,bundle_default_opt_4,True,mul,3,3,0
public_v1,O3,p01970,bundle_default_opt_4,True,phi,27,27,0
public_v1,O3,p01970,bundle_default_opt_4,True,ret,2,2,0
public_v1,O3,p01970,bundle_default_opt_4,True,select,13,13,0
public_v1,O3,p01970,bundle_default_opt_4,True,sext,22,22,0
public_v1,O3,p01970,bundle_default_opt_4,True,shl,13,13,0
public_v1,O3,p01970,bundle_default_opt_4,True,store,13,13,0
public_v1,O3,p01970,bundle_default_opt_4,True,switch,2,2,0
public_v1,O3,p01970,bundle_default_opt_4,True,trunc,4,4,0
public_v1,O3,p01970,bundle_default_opt_4,True,xor,8,8,0
public_v1,O3,p01970,bundle_default_opt_4,True,zext,4,4,0
public_v1,O3,p01970,bundle_post_opt_4_custom_cleanup,True,add,34,34,0
public_v1,O3,p01970,bundle_post_opt_4_custom_cleanup,True,and,7,7,0
public_v1,O3,p01970,bundle_post_opt_4_custom_cleanup,True,br,63,63,0
public_v1,O3,p01970,bundle_post_opt_4_custom_cleanup,True,call,6,6,0
public_v1,O3,p01970,bundle_post_opt_4_custom_cleanup,True,getelementptr,23,23,0
public_v1,O3,p01970,bundle_post_opt_4_custom_cleanup,True,icmp,23,23,0
public_v1,O3,p01970,bundle_post_opt_4_custom_cleanup,True,load,19,19,0
public_v1,O3,p01970,bundle_post_opt_4_custom_cleanup,True,lshr,8,8,0
public_v1,O3,p01970,bundle_post_opt_4_custom_cleanup,True,mul,3,3,0
public_v1,O3,p01970,bundle_post_opt_4_custom_cleanup,True,phi,27,27,0
public_v1,O3,p01970,bundle_post_opt_4_custom_cleanup,True,ret,2,2,0
public_v1,O3,p01970,bundle_post_opt_4_custom_cleanup,True,select,13,13,0
public_v1,O3,p01970,bundle_post_opt_4_custom_cleanup,True,sext,22,22,0
public_v1,O3,p01970,bundle_post_opt_4_custom_cleanup,True,shl,13,13,0
public_v1,O3,p01970,bundle_post_opt_4_custom_cleanup,True,store,13,13,0
public_v1,O3,p01970,bundle_post_opt_4_custom_cleanup,True,switch,2,2,0
public_v1,O3,p01970,bundle_post_opt_4_custom_cleanup,True,trunc,4,4,0
public_v1,O3,p01970,bundle_post_opt_4_custom_cleanup,True,xor,8,8,0
public_v1,O3,p01970,bundle_post_opt_4_custom_cleanup,True,zext,4,4,0
public_v1,O3,p02029,main_default_opt_1,True,add,372,239,-133
public_v1,O3,p02029,main_default_opt_1,True,alloca,3,1,-2
public_v1,O3,p02029,main_default_opt_1,True,and,157,116,-41
public_v1,O3,p02029,main_default_opt_1,True,ashr,4,4,0
public_v1,O3,p02029,main_default_opt_1,True,br,119,113,-6
public_v1,O3,p02029,main_default_opt_1,True,call,39,24,-15
public_v1,O3,p02029,main_default_opt_1,True,extractvalue,174,93,-81
public_v1,O3,p02029,main_default_opt_1,True,getelementptr,488,244,-244
public_v1,O3,p02029,main_default_opt_1,True,icmp,243,203,-40
public_v1,O3,p02029,main_default_opt_1,True,insertvalue,90,25,-65
public_v1,O3,p02029,main_default_opt_1,True,inttoptr,66,66,0
public_v1,O3,p02029,main_default_opt_1,True,load,304,282,-22
public_v1,O3,p02029,main_default_opt_1,True,lshr,40,4,-36
public_v1,O3,p02029,main_default_opt_1,True,mul,34,34,0
public_v1,O3,p02029,main_default_opt_1,True,or,92,90,-2
public_v1,O3,p02029,main_default_opt_1,True,phi,46,57,11
public_v1,O3,p02029,main_default_opt_1,True,ptrtoint,10,8,-2
public_v1,O3,p02029,main_default_opt_1,True,ret,8,6,-2
public_v1,O3,p02029,main_default_opt_1,True,select,156,156,0
public_v1,O3,p02029,main_default_opt_1,True,sext,51,43,-8
public_v1,O3,p02029,main_default_opt_1,True,shl,45,42,-3
public_v1,O3,p02029,main_default_opt_1,True,store,304,285,-19
public_v1,O3,p02029,main_default_opt_1,True,sub,133,24,-109
public_v1,O3,p02029,main_default_opt_1,True,switch,8,3,-5
public_v1,O3,p02029,main_default_opt_1,True,trunc,76,29,-47
public_v1,O3,p02029,main_default_opt_1,True,xor,97,55,-42
public_v1,O3,p02029,main_default_opt_1,True,zext,220,157,-63
public_v1,O3,p02029,main_default_opt_2,True,add,215,210,-5
public_v1,O3,p02029,main_default_opt_2,True,alloca,1,1,0
public_v1,O3,p02029,main_default_opt_2,True,and,75,50,-25
public_v1,O3,p02029,main_default_opt_2,True,ashr,4,4,0
public_v1,O3,p02029,main_default_opt_2,True,br,113,113,0
public_v1,O3,p02029,main_default_opt_2,True,call,23,23,0
public_v1,O3,p02029,main_default_opt_2,True,extractvalue,85,85,0
public_v1,O3,p02029,main_default_opt_2,True,getelementptr,244,246,2
public_v1,O3,p02029,main_default_opt_2,True,icmp,186,186,0
public_v1,O3,p02029,main_default_opt_2,True,insertvalue,25,21,-4
public_v1,O3,p02029,main_default_opt_2,True,inttoptr,66,66,0
public_v1,O3,p02029,main_default_opt_2,True,load,230,228,-2
public_v1,O3,p02029,main_default_opt_2,True,lshr,4,4,0
public_v1,O3,p02029,main_default_opt_2,True,mul,10,10,0
public_v1,O3,p02029,main_default_opt_2,True,or,61,37,-24
public_v1,O3,p02029,main_default_opt_2,True,phi,49,46,-3
public_v1,O3,p02029,main_default_opt_2,True,ptrtoint,6,6,0
public_v1,O3,p02029,main_default_opt_2,True,ret,6,6,0
public_v1,O3,p02029,main_default_opt_2,True,select,156,156,0
public_v1,O3,p02029,main_default_opt_2,True,sext,43,42,-1
public_v1,O3,p02029,main_default_opt_2,True,shl,42,42,0
public_v1,O3,p02029,main_default_opt_2,True,store,257,256,-1
public_v1,O3,p02029,main_default_opt_2,True,sub,24,24,0
public_v1,O3,p02029,main_default_opt_2,True,switch,3,3,0
public_v1,O3,p02029,main_default_opt_2,True,trunc,31,29,-2
public_v1,O3,p02029,main_default_opt_2,True,xor,29,31,2
public_v1,O3,p02029,main_default_opt_2,True,zext,82,78,-4
public_v1,O3,p02029,bundle_default_opt_3,True,add,73,48,-25
public_v1,O3,p02029,bundle_default_opt_3,True,alloca,1,1,0
public_v1,O3,p02029,bundle_default_opt_3,True,and,50,38,-12
public_v1,O3,p02029,bundle_default_opt_3,True,ashr,4,6,2
public_v1,O3,p02029,bundle_default_opt_3,True,br,113,120,7
public_v1,O3,p02029,bundle_default_opt_3,True,call,89,91,2
public_v1,O3,p02029,bundle_default_opt_3,True,extractvalue,69,64,-5
public_v1,O3,p02029,bundle_default_opt_3,True,getelementptr,150,147,-3
public_v1,O3,p02029,bundle_default_opt_3,True,icmp,56,57,1
public_v1,O3,p02029,bundle_default_opt_3,True,insertvalue,21,18,-3
public_v1,O3,p02029,bundle_default_opt_3,True,inttoptr,1,1,0
public_v1,O3,p02029,bundle_default_opt_3,True,load,226,221,-5
public_v1,O3,p02029,bundle_default_opt_3,True,lshr,4,4,0
public_v1,O3,p02029,bundle_default_opt_3,True,mul,10,6,-4
public_v1,O3,p02029,bundle_default_opt_3,True,or,37,24,-13
public_v1,O3,p02029,bundle_default_opt_3,True,phi,46,53,7
public_v1,O3,p02029,bundle_default_opt_3,True,ptrtoint,40,5,-35
public_v1,O3,p02029,bundle_default_opt_3,True,ret,7,7,0
public_v1,O3,p02029,bundle_default_opt_3,True,select,26,27,1
public_v1,O3,p02029,bundle_default_opt_3,True,sext,42,43,1
public_v1,O3,p02029,bundle_default_opt_3,True,shl,42,45,3
public_v1,O3,p02029,bundle_default_opt_3,True,store,256,258,2
public_v1,O3,p02029,bundle_default_opt_3,True,sub,24,16,-8
public_v1,O3,p02029,bundle_default_opt_3,True,switch,3,3,0
public_v1,O3,p02029,bundle_default_opt_3,True,trunc,29,30,1
public_v1,O3,p02029,bundle_default_opt_3,True,xor,31,28,-3
public_v1,O3,p02029,bundle_default_opt_3,True,zext,78,65,-13
public_v1,O3,p02029,bundle_default_opt_4,True,add,48,48,0
public_v1,O3,p02029,bundle_default_opt_4,True,alloca,1,1,0
public_v1,O3,p02029,bundle_default_opt_4,True,and,38,38,0
public_v1,O3,p02029,bundle_default_opt_4,True,ashr,6,6,0
public_v1,O3,p02029,bundle_default_opt_4,True,br,120,121,1
public_v1,O3,p02029,bundle_default_opt_4,True,call,91,90,-1
public_v1,O3,p02029,bundle_default_opt_4,True,extractvalue,64,59,-5
public_v1,O3,p02029,bundle_default_opt_4,True,getelementptr,147,129,-18
public_v1,O3,p02029,bundle_default_opt_4,True,icmp,57,57,0
public_v1,O3,p02029,bundle_default_opt_4,True,insertvalue,18,13,-5
public_v1,O3,p02029,bundle_default_opt_4,True,inttoptr,1,1,0
public_v1,O3,p02029,bundle_default_opt_4,True,load,221,219,-2
public_v1,O3,p02029,bundle_default_opt_4,True,lshr,4,4,0
public_v1,O3,p02029,bundle_default_opt_4,True,mul,6,6,0
public_v1,O3,p02029,bundle_default_opt_4,True,or,24,24,0
public_v1,O3,p02029,bundle_default_opt_4,True,phi,53,51,-2
public_v1,O3,p02029,bundle_default_opt_4,True,ptrtoint,5,5,0
public_v1,O3,p02029,bundle_default_opt_4,True,ret,7,6,-1
public_v1,O3,p02029,bundle_default_opt_4,True,select,27,26,-1
public_v1,O3,p02029,bundle_default_opt_4,True,sext,43,43,0
public_v1,O3,p02029,bundle_default_opt_4,True,shl,45,45,0
public_v1,O3,p02029,bundle_default_opt_4,True,store,258,254,-4
public_v1,O3,p02029,bundle_default_opt_4,True,sub,16,16,0
public_v1,O3,p02029,bundle_default_opt_4,True,switch,3,3,0
public_v1,O3,p02029,bundle_default_opt_4,True,trunc,30,27,-3
public_v1,O3,p02029,bundle_default_opt_4,True,xor,28,28,0
public_v1,O3,p02029,bundle_default_opt_4,True,zext,65,62,-3
public_v1,O3,p02029,bundle_post_opt_4_custom_cleanup,True,add,48,48,0
public_v1,O3,p02029,bundle_post_opt_4_custom_cleanup,True,alloca,1,1,0
public_v1,O3,p02029,bundle_post_opt_4_custom_cleanup,True,and,38,38,0
public_v1,O3,p02029,bundle_post_opt_4_custom_cleanup,True,ashr,6,6,0
public_v1,O3,p02029,bundle_post_opt_4_custom_cleanup,True,br,121,121,0
public_v1,O3,p02029,bundle_post_opt_4_custom_cleanup,True,call,90,90,0
public_v1,O3,p02029,bundle_post_opt_4_custom_cleanup,True,extractvalue,59,59,0
public_v1,O3,p02029,bundle_post_opt_4_custom_cleanup,True,getelementptr,129,129,0
public_v1,O3,p02029,bundle_post_opt_4_custom_cleanup,True,icmp,57,57,0
public_v1,O3,p02029,bundle_post_opt_4_custom_cleanup,True,insertvalue,13,13,0
public_v1,O3,p02029,bundle_post_opt_4_custom_cleanup,True,inttoptr,1,1,0
public_v1,O3,p02029,bundle_post_opt_4_custom_cleanup,True,load,219,219,0
public_v1,O3,p02029,bundle_post_opt_4_custom_cleanup,True,lshr,4,4,0
public_v1,O3,p02029,bundle_post_opt_4_custom_cleanup,True,mul,6,6,0
public_v1,O3,p02029,bundle_post_opt_4_custom_cleanup,True,or,24,24,0
public_v1,O3,p02029,bundle_post_opt_4_custom_cleanup,True,phi,51,51,0
public_v1,O3,p02029,bundle_post_opt_4_custom_cleanup,True,ptrtoint,5,5,0
public_v1,O3,p02029,bundle_post_opt_4_custom_cleanup,True,ret,6,6,0
public_v1,O3,p02029,bundle_post_opt_4_custom_cleanup,True,select,26,26,0
public_v1,O3,p02029,bundle_post_opt_4_custom_cleanup,True,sext,43,43,0
public_v1,O3,p02029,bundle_post_opt_4_custom_cleanup,True,shl,45,45,0
public_v1,O3,p02029,bundle_post_opt_4_custom_cleanup,True,store,254,254,0
public_v1,O3,p02029,bundle_post_opt_4_custom_cleanup,True,sub,16,16,0
public_v1,O3,p02029,bundle_post_opt_4_custom_cleanup,True,switch,3,3,0
public_v1,O3,p02029,bundle_post_opt_4_custom_cleanup,True,trunc,27,27,0
public_v1,O3,p02029,bundle_post_opt_4_custom_cleanup,True,xor,28,28,0
public_v1,O3,p02029,bundle_post_opt_4_custom_cleanup,True,zext,62,62,0
public_v1,O3,p02100,main_default_opt_1,True,add,115,70,-45
public_v1,O3,p02100,main_default_opt_1,True,alloca,5,1,-4
public_v1,O3,p02100,main_default_opt_1,True,and,46,25,-21
public_v1,O3,p02100,main_default_opt_1,True,br,40,38,-2
public_v1,O3,p02100,main_default_opt_1,True,call,20,7,-13
public_v1,O3,p02100,main_default_opt_1,True,extractvalue,30,10,-20
public_v1,O3,p02100,main_default_opt_1,True,getelementptr,167,88,-79
public_v1,O3,p02100,main_default_opt_1,True,icmp,79,63,-16
public_v1,O3,p02100,main_default_opt_1,True,insertvalue,53,6,-47
public_v1,O3,p02100,main_default_opt_1,True,inttoptr,20,17,-3
public_v1,O3,p02100,main_default_opt_1,True,load,105,69,-36
public_v1,O3,p02100,main_default_opt_1,True,lshr,13,3,-10
public_v1,O3,p02100,main_default_opt_1,True,mul,13,12,-1
public_v1,O3,p02100,main_default_opt_1,True,or,25,19,-6
public_v1,O3,p02100,main_default_opt_1,True,phi,30,32,2
public_v1,O3,p02100,main_default_opt_1,True,ptrtoint,7,5,-2
public_v1,O3,p02100,main_default_opt_1,True,ret,5,3,-2
public_v1,O3,p02100,main_default_opt_1,True,select,51,46,-5
public_v1,O3,p02100,main_default_opt_1,True,sext,12,9,-3
public_v1,O3,p02100,main_default_opt_1,True,shl,2,2,0
public_v1,O3,p02100,main_default_opt_1,True,store,178,107,-71
public_v1,O3,p02100,main_default_opt_1,True,sub,44,4,-40
public_v1,O3,p02100,main_default_opt_1,True,switch,2,1,-1
public_v1,O3,p02100,main_default_opt_1,True,trunc,19,5,-14
public_v1,O3,p02100,main_default_opt_1,True,xor,30,17,-13
public_v1,O3,p02100,main_default_opt_1,True,zext,57,33,-24
public_v1,O3,p02100,main_default_opt_2,True,add,60,59,-1
public_v1,O3,p02100,main_default_opt_2,True,alloca,1,1,0
public_v1,O3,p02100,main_default_opt_2,True,and,38,4,-34
public_v1,O3,p02100,main_default_opt_2,True,br,38,34,-4
public_v1,O3,p02100,main_default_opt_2,True,call,5,4,-1
public_v1,O3,p02100,main_default_opt_2,True,extractvalue,7,4,-3
public_v1,O3,p02100,main_default_opt_2,True,getelementptr,95,90,-5
public_v1,O3,p02100,main_default_opt_2,True,icmp,72,52,-20
public_v1,O3,p02100,main_default_opt_2,True,insertvalue,6,4,-2
public_v1,O3,p02100,main_default_opt_2,True,inttoptr,16,16,0
public_v1,O3,p02100,main_default_opt_2,True,load,45,42,-3
public_v1,O3,p02100,main_default_opt_2,True,lshr,1,1,0
public_v1,O3,p02100,main_default_opt_2,True,mul,6,6,0
public_v1,O3,p02100,main_default_opt_2,True,or,27,2,-25
public_v1,O3,p02100,main_default_opt_2,True,phi,23,21,-2
public_v1,O3,p02100,main_default_opt_2,True,ptrtoint,3,2,-1
public_v1,O3,p02100,main_default_opt_2,True,ret,3,3,0
public_v1,O3,p02100,main_default_opt_2,True,select,54,54,0
public_v1,O3,p02100,main_default_opt_2,True,sext,8,7,-1
public_v1,O3,p02100,main_default_opt_2,True,shl,2,2,0
public_v1,O3,p02100,main_default_opt_2,True,store,82,79,-3
public_v1,O3,p02100,main_default_opt_2,True,sub,15,4,-11
public_v1,O3,p02100,main_default_opt_2,True,switch,1,1,0
public_v1,O3,p02100,main_default_opt_2,True,trunc,4,2,-2
public_v1,O3,p02100,main_default_opt_2,True,xor,6,5,-1
public_v1,O3,p02100,main_default_opt_2,True,zext,8,7,-1
public_v1,O3,p02100,bundle_default_opt_3,True,add,30,31,1
public_v1,O3,p02100,bundle_default_opt_3,True,alloca,1,1,0
public_v1,O3,p02100,bundle_default_opt_3,True,and,4,3,-1
public_v1,O3,p02100,bundle_default_opt_3,True,br,34,35,1
public_v1,O3,p02100,bundle_default_opt_3,True,call,21,19,-2
public_v1,O3,p02100,bundle_default_opt_3,True,extractvalue,3,0,-3
public_v1,O3,p02100,bundle_default_opt_3,True,getelementptr,57,52,-5
public_v1,O3,p02100,bundle_default_opt_3,True,icmp,26,27,1
public_v1,O3,p02100,bundle_default_opt_3,True,insertvalue,4,0,-4
public_v1,O3,p02100,bundle_default_opt_3,True,inttoptr,3,4,1
public_v1,O3,p02100,bundle_default_opt_3,True,load,42,39,-3
public_v1,O3,p02100,bundle_default_opt_3,True,lshr,1,1,0
public_v1,O3,p02100,bundle_default_opt_3,True,mul,6,5,-1
public_v1,O3,p02100,bundle_default_opt_3,True,or,2,2,0
public_v1,O3,p02100,bundle_default_opt_3,True,phi,20,14,-6
public_v1,O3,p02100,bundle_default_opt_3,True,ptrtoint,5,2,-3
public_v1,O3,p02100,bundle_default_opt_3,True,ret,4,3,-1
public_v1,O3,p02100,bundle_default_opt_3,True,select,18,20,2
public_v1,O3,p02100,bundle_default_opt_3,True,sext,7,7,0
public_v1,O3,p02100,bundle_default_opt_3,True,shl,2,2,0
public_v1,O3,p02100,bundle_default_opt_3,True,store,79,77,-2
public_v1,O3,p02100,bundle_default_opt_3,True,sub,4,4,0
public_v1,O3,p02100,bundle_default_opt_3,True,switch,1,1,0
public_v1,O3,p02100,bundle_default_opt_3,True,trunc,2,1,-1
public_v1,O3,p02100,bundle_default_opt_3,True,xor,5,3,-2
public_v1,O3,p02100,bundle_default_opt_3,True,zext,7,6,-1
public_v1,O3,p02100,bundle_default_opt_4,True,add,31,31,0
public_v1,O3,p02100,bundle_default_opt_4,True,alloca,1,1,0
public_v1,O3,p02100,bundle_default_opt_4,True,and,3,3,0
public_v1,O3,p02100,bundle_default_opt_4,True,br,35,35,0
public_v1,O3,p02100,bundle_default_opt_4,True,call,19,19,0
public_v1,O3,p02100,bundle_default_opt_4,True,getelementptr,52,52,0
public_v1,O3,p02100,bundle_default_opt_4,True,icmp,27,27,0
public_v1,O3,p02100,bundle_default_opt_4,True,inttoptr,4,4,0
public_v1,O3,p02100,bundle_default_opt_4,True,load,39,39,0
public_v1,O3,p02100,bundle_default_opt_4,True,lshr,1,1,0
public_v1,O3,p02100,bundle_default_opt_4,True,mul,5,5,0
public_v1,O3,p02100,bundle_default_opt_4,True,or,2,2,0
public_v1,O3,p02100,bundle_default_opt_4,True,phi,14,14,0
public_v1,O3,p02100,bundle_default_opt_4,True,ptrtoint,2,2,0
public_v1,O3,p02100,bundle_default_opt_4,True,ret,3,3,0
public_v1,O3,p02100,bundle_default_opt_4,True,select,20,20,0
public_v1,O3,p02100,bundle_default_opt_4,True,sext,7,7,0
public_v1,O3,p02100,bundle_default_opt_4,True,shl,2,2,0
public_v1,O3,p02100,bundle_default_opt_4,True,store,77,77,0
public_v1,O3,p02100,bundle_default_opt_4,True,sub,4,4,0
public_v1,O3,p02100,bundle_default_opt_4,True,switch,1,1,0
public_v1,O3,p02100,bundle_default_opt_4,True,trunc,1,1,0
public_v1,O3,p02100,bundle_default_opt_4,True,xor,3,3,0
public_v1,O3,p02100,bundle_default_opt_4,True,zext,6,6,0
public_v1,O3,p02100,bundle_post_opt_4_custom_cleanup,True,add,31,25,-6
public_v1,O3,p02100,bundle_post_opt_4_custom_cleanup,True,alloca,1,1,0
public_v1,O3,p02100,bundle_post_opt_4_custom_cleanup,True,and,3,3,0
public_v1,O3,p02100,bundle_post_opt_4_custom_cleanup,True,br,35,35,0
public_v1,O3,p02100,bundle_post_opt_4_custom_cleanup,True,call,19,15,-4
public_v1,O3,p02100,bundle_post_opt_4_custom_cleanup,True,getelementptr,52,42,-10
public_v1,O3,p02100,bundle_post_opt_4_custom_cleanup,True,icmp,27,21,-6
public_v1,O3,p02100,bundle_post_opt_4_custom_cleanup,True,inttoptr,4,2,-2
public_v1,O3,p02100,bundle_post_opt_4_custom_cleanup,True,load,39,28,-11
public_v1,O3,p02100,bundle_post_opt_4_custom_cleanup,True,lshr,1,1,0
public_v1,O3,p02100,bundle_post_opt_4_custom_cleanup,True,mul,5,5,0
public_v1,O3,p02100,bundle_post_opt_4_custom_cleanup,True,or,2,2,0
public_v1,O3,p02100,bundle_post_opt_4_custom_cleanup,True,phi,14,13,-1
public_v1,O3,p02100,bundle_post_opt_4_custom_cleanup,True,ptrtoint,2,2,0
public_v1,O3,p02100,bundle_post_opt_4_custom_cleanup,True,ret,3,4,1
public_v1,O3,p02100,bundle_post_opt_4_custom_cleanup,True,select,20,14,-6
public_v1,O3,p02100,bundle_post_opt_4_custom_cleanup,True,sext,7,7,0
public_v1,O3,p02100,bundle_post_opt_4_custom_cleanup,True,shl,2,2,0
public_v1,O3,p02100,bundle_post_opt_4_custom_cleanup,True,store,77,72,-5
public_v1,O3,p02100,bundle_post_opt_4_custom_cleanup,True,sub,4,4,0
public_v1,O3,p02100,bundle_post_opt_4_custom_cleanup,True,switch,1,1,0
public_v1,O3,p02100,bundle_post_opt_4_custom_cleanup,True,trunc,1,1,0
public_v1,O3,p02100,bundle_post_opt_4_custom_cleanup,True,xor,3,3,0
public_v1,O3,p02100,bundle_post_opt_4_custom_cleanup,True,zext,6,6,0
public_v1,O3,p02289,main_default_opt_1,True,add,585,433,-152
public_v1,O3,p02289,main_default_opt_1,True,alloca,11,1,-10
public_v1,O3,p02289,main_default_opt_1,True,and,293,256,-37
public_v1,O3,p02289,main_default_opt_1,True,br,222,202,-20
public_v1,O3,p02289,main_default_opt_1,True,call,59,26,-33
public_v1,O3,p02289,main_default_opt_1,True,extractvalue,125,60,-65
public_v1,O3,p02289,main_default_opt_1,True,getelementptr,771,392,-379
public_v1,O3,p02289,main_default_opt_1,True,icmp,434,367,-67
public_v1,O3,p02289,main_default_opt_1,True,insertvalue,135,20,-115
public_v1,O3,p02289,main_default_opt_1,True,inttoptr,128,125,-3
public_v1,O3,p02289,main_default_opt_1,True,load,422,404,-18
public_v1,O3,p02289,main_default_opt_1,True,lshr,43,2,-41
public_v1,O3,p02289,main_default_opt_1,True,mul,68,69,1
public_v1,O3,p02289,main_default_opt_1,True,or,213,212,-1
public_v1,O3,p02289,main_default_opt_1,True,phi,121,130,9
public_v1,O3,p02289,main_default_opt_1,True,ptrtoint,19,11,-8
public_v1,O3,p02289,main_default_opt_1,True,ret,10,5,-5
public_v1,O3,p02289,main_default_opt_1,True,sdiv,1,3,2
public_v1,O3,p02289,main_default_opt_1,True,select,279,279,0
public_v1,O3,p02289,main_default_opt_1,True,sext,4,5,1
public_v1,O3,p02289,main_default_opt_1,True,shl,3,5,2
public_v1,O3,p02289,main_default_opt_1,True,srem,1,0,-1
public_v1,O3,p02289,main_default_opt_1,True,store,465,364,-101
public_v1,O3,p02289,main_default_opt_1,True,sub,136,30,-106
public_v1,O3,p02289,main_default_opt_1,True,switch,20,7,-13
public_v1,O3,p02289,main_default_opt_1,True,trunc,78,25,-53
public_v1,O3,p02289,main_default_opt_1,True,xor,174,139,-35
public_v1,O3,p02289,main_default_opt_1,True,zext,333,262,-71
public_v1,O3,p02289,main_default_opt_2,True,add,373,362,-11
public_v1,O3,p02289,main_default_opt_2,True,alloca,2,2,0
public_v1,O3,p02289,main_default_opt_2,True,and,123,96,-27
public_v1,O3,p02289,main_default_opt_2,True,br,201,200,-1
public_v1,O3,p02289,main_default_opt_2,True,call,26,23,-3
public_v1,O3,p02289,main_default_opt_2,True,extractvalue,33,33,0
public_v1,O3,p02289,main_default_opt_2,True,getelementptr,384,376,-8
public_v1,O3,p02289,main_default_opt_2,True,icmp,311,312,1
public_v1,O3,p02289,main_default_opt_2,True,insertvalue,20,13,-7
public_v1,O3,p02289,main_default_opt_2,True,inttoptr,115,115,0
public_v1,O3,p02289,main_default_opt_2,True,load,309,311,2
public_v1,O3,p02289,main_default_opt_2,True,mul,30,29,-1
public_v1,O3,p02289,main_default_opt_2,True,or,90,60,-30
public_v1,O3,p02289,main_default_opt_2,True,phi,100,81,-19
public_v1,O3,p02289,main_default_opt_2,True,ptrtoint,6,6,0
public_v1,O3,p02289,main_default_opt_2,True,ret,5,5,0
public_v1,O3,p02289,main_default_opt_2,True,sdiv,3,3,0
public_v1,O3,p02289,main_default_opt_2,True,select,263,265,2
public_v1,O3,p02289,main_default_opt_2,True,sext,5,5,0
public_v1,O3,p02289,main_default_opt_2,True,shl,5,5,0
public_v1,O3,p02289,main_default_opt_2,True,store,340,338,-2
public_v1,O3,p02289,main_default_opt_2,True,sub,29,29,0
public_v1,O3,p02289,main_default_opt_2,True,switch,7,7,0
public_v1,O3,p02289,main_default_opt_2,True,trunc,24,22,-2
public_v1,O3,p02289,main_default_opt_2,True,xor,58,67,9
public_v1,O3,p02289,main_default_opt_2,True,zext,108,102,-6
public_v1,O3,p02289,bundle_default_opt_3,True,add,123,99,-24
public_v1,O3,p02289,bundle_default_opt_3,True,alloca,2,2,0
public_v1,O3,p02289,bundle_default_opt_3,True,and,96,76,-20
public_v1,O3,p02289,bundle_default_opt_3,True,br,200,199,-1
public_v1,O3,p02289,bundle_default_opt_3,True,call,134,134,0
public_v1,O3,p02289,bundle_default_opt_3,True,extractvalue,24,21,-3
public_v1,O3,p02289,bundle_default_opt_3,True,getelementptr,161,153,-8
public_v1,O3,p02289,bundle_default_opt_3,True,icmp,84,81,-3
public_v1,O3,p02289,bundle_default_opt_3,True,insertvalue,13,9,-4
public_v1,O3,p02289,bundle_default_opt_3,True,inttoptr,4,4,0
public_v1,O3,p02289,bundle_default_opt_3,True,load,291,279,-12
public_v1,O3,p02289,bundle_default_opt_3,True,mul,29,24,-5
public_v1,O3,p02289,bundle_default_opt_3,True,or,60,43,-17
public_v1,O3,p02289,bundle_default_opt_3,True,phi,81,72,-9
public_v1,O3,p02289,bundle_default_opt_3,True,ptrtoint,28,5,-23
public_v1,O3,p02289,bundle_default_opt_3,True,ret,6,6,0
public_v1,O3,p02289,bundle_default_opt_3,True,sdiv,3,3,0
public_v1,O3,p02289,bundle_default_opt_3,True,select,37,37,0
public_v1,O3,p02289,bundle_default_opt_3,True,sext,5,5,0
public_v1,O3,p02289,bundle_default_opt_3,True,shl,5,5,0
public_v1,O3,p02289,bundle_default_opt_3,True,store,338,323,-15
public_v1,O3,p02289,bundle_default_opt_3,True,sub,27,22,-5
public_v1,O3,p02289,bundle_default_opt_3,True,switch,7,7,0
public_v1,O3,p02289,bundle_default_opt_3,True,trunc,22,22,0
public_v1,O3,p02289,bundle_default_opt_3,True,xor,67,61,-6
public_v1,O3,p02289,bundle_default_opt_3,True,zext,102,80,-22
public_v1,O3,p02289,bundle_default_opt_4,True,add,99,86,-13
public_v1,O3,p02289,bundle_default_opt_4,True,alloca,2,2,0
public_v1,O3,p02289,bundle_default_opt_4,True,and,76,47,-29
public_v1,O3,p02289,bundle_default_opt_4,True,br,199,199,0
public_v1,O3,p02289,bundle_default_opt_4,True,call,134,134,0
public_v1,O3,p02289,bundle_default_opt_4,True,extractvalue,21,21,0
public_v1,O3,p02289,bundle_default_opt_4,True,getelementptr,153,129,-24
public_v1,O3,p02289,bundle_default_opt_4,True,icmp,81,78,-3
public_v1,O3,p02289,bundle_default_opt_4,True,insertvalue,9,9,0
public_v1,O3,p02289,bundle_default_opt_4,True,inttoptr,4,4,0
public_v1,O3,p02289,bundle_default_opt_4,True,load,279,271,-8
public_v1,O3,p02289,bundle_default_opt_4,True,mul,24,19,-5
public_v1,O3,p02289,bundle_default_opt_4,True,or,43,12,-31
public_v1,O3,p02289,bundle_default_opt_4,True,phi,72,68,-4
public_v1,O3,p02289,bundle_default_opt_4,True,ptrtoint,5,5,0
public_v1,O3,p02289,bundle_default_opt_4,True,ret,6,6,0
public_v1,O3,p02289,bundle_default_opt_4,True,sdiv,3,3,0
public_v1,O3,p02289,bundle_default_opt_4,True,select,37,37,0
public_v1,O3,p02289,bundle_default_opt_4,True,sext,5,5,0
public_v1,O3,p02289,bundle_default_opt_4,True,shl,5,5,0
public_v1,O3,p02289,bundle_default_opt_4,True,store,323,323,0
public_v1,O3,p02289,bundle_default_opt_4,True,sub,22,18,-4
public_v1,O3,p02289,bundle_default_opt_4,True,switch,7,7,0
public_v1,O3,p02289,bundle_default_opt_4,True,trunc,22,22,0
public_v1,O3,p02289,bundle_default_opt_4,True,xor,61,53,-8
public_v1,O3,p02289,bundle_default_opt_4,True,zext,80,54,-26
public_v1,O3,p02289,bundle_post_opt_4_custom_cleanup,True,add,86,85,-1
public_v1,O3,p02289,bundle_post_opt_4_custom_cleanup,True,alloca,2,2,0
public_v1,O3,p02289,bundle_post_opt_4_custom_cleanup,True,and,47,47,0
public_v1,O3,p02289,bundle_post_opt_4_custom_cleanup,True,br,199,199,0
public_v1,O3,p02289,bundle_post_opt_4_custom_cleanup,True,call,134,133,-1
public_v1,O3,p02289,bundle_post_opt_4_custom_cleanup,True,extractvalue,21,21,0
public_v1,O3,p02289,bundle_post_opt_4_custom_cleanup,True,getelementptr,129,130,1
public_v1,O3,p02289,bundle_post_opt_4_custom_cleanup,True,icmp,78,78,0
public_v1,O3,p02289,bundle_post_opt_4_custom_cleanup,True,insertvalue,9,9,0
public_v1,O3,p02289,bundle_post_opt_4_custom_cleanup,True,inttoptr,4,4,0
public_v1,O3,p02289,bundle_post_opt_4_custom_cleanup,True,load,271,268,-3
public_v1,O3,p02289,bundle_post_opt_4_custom_cleanup,True,mul,19,19,0
public_v1,O3,p02289,bundle_post_opt_4_custom_cleanup,True,or,12,12,0
public_v1,O3,p02289,bundle_post_opt_4_custom_cleanup,True,phi,68,75,7
public_v1,O3,p02289,bundle_post_opt_4_custom_cleanup,True,ptrtoint,5,5,0
public_v1,O3,p02289,bundle_post_opt_4_custom_cleanup,True,ret,6,6,0
public_v1,O3,p02289,bundle_post_opt_4_custom_cleanup,True,sdiv,3,3,0
public_v1,O3,p02289,bundle_post_opt_4_custom_cleanup,True,select,37,37,0
public_v1,O3,p02289,bundle_post_opt_4_custom_cleanup,True,sext,5,5,0
public_v1,O3,p02289,bundle_post_opt_4_custom_cleanup,True,shl,5,5,0
public_v1,O3,p02289,bundle_post_opt_4_custom_cleanup,True,store,323,323,0
public_v1,O3,p02289,bundle_post_opt_4_custom_cleanup,True,sub,18,18,0
public_v1,O3,p02289,bundle_post_opt_4_custom_cleanup,True,switch,7,7,0
public_v1,O3,p02289,bundle_post_opt_4_custom_cleanup,True,trunc,22,22,0
public_v1,O3,p02289,bundle_post_opt_4_custom_cleanup,True,xor,53,53,0
public_v1,O3,p02289,bundle_post_opt_4_custom_cleanup,True,zext,54,54,0
public_v1,O3,p02474,main_default_opt_1,True,add,54,21,-33
public_v1,O3,p02474,main_default_opt_1,True,alloca,5,1,-4
public_v1,O3,p02474,main_default_opt_1,True,and,12,7,-5
public_v1,O3,p02474,main_default_opt_1,True,br,27,26,-1
public_v1,O3,p02474,main_default_opt_1,True,call,17,8,-9
public_v1,O3,p02474,main_default_opt_1,True,extractvalue,13,0,-13
public_v1,O3,p02474,main_default_opt_1,True,getelementptr,83,39,-44
public_v1,O3,p02474,main_default_opt_1,True,icmp,28,19,-9
public_v1,O3,p02474,main_default_opt_1,True,insertvalue,23,0,-23
public_v1,O3,p02474,main_default_opt_1,True,inttoptr,2,0,-2
public_v1,O3,p02474,main_default_opt_1,True,load,81,29,-52
public_v1,O3,p02474,main_default_opt_1,True,lshr,2,2,0
public_v1,O3,p02474,main_default_opt_1,True,mul,3,2,-1
public_v1,O3,p02474,main_default_opt_1,True,or,7,5,-2
public_v1,O3,p02474,main_default_opt_1,True,phi,5,15,10
public_v1,O3,p02474,main_default_opt_1,True,ptrtoint,5,4,-1
public_v1,O3,p02474,main_default_opt_1,True,ret,3,2,-1
public_v1,O3,p02474,main_default_opt_1,True,sdiv,1,1,0
public_v1,O3,p02474,main_default_opt_1,True,select,17,4,-13
public_v1,O3,p02474,main_default_opt_1,True,sext,18,7,-11
public_v1,O3,p02474,main_default_opt_1,True,shl,9,8,-1
public_v1,O3,p02474,main_default_opt_1,True,srem,1,1,0
public_v1,O3,p02474,main_default_opt_1,True,store,177,71,-106
public_v1,O3,p02474,main_default_opt_1,True,sub,25,0,-25
public_v1,O3,p02474,main_default_opt_1,True,trunc,8,8,0
public_v1,O3,p02474,main_default_opt_1,True,xor,11,9,-2
public_v1,O3,p02474,main_default_opt_1,True,zext,22,15,-7
public_v1,O3,p02474,main_default_opt_2,True,add,17,17,0
public_v1,O3,p02474,main_default_opt_2,True,alloca,1,0,-1
public_v1,O3,p02474,main_default_opt_2,True,and,9,2,-7
public_v1,O3,p02474,main_default_opt_2,True,ashr,0,2,2
public_v1,O3,p02474,main_default_opt_2,True,br,26,19,-7
public_v1,O3,p02474,main_default_opt_2,True,call,6,6,0
public_v1,O3,p02474,main_default_opt_2,True,getelementptr,38,15,-23
public_v1,O3,p02474,main_default_opt_2,True,icmp,15,15,0
public_v1,O3,p02474,main_default_opt_2,True,load,16,13,-3
public_v1,O3,p02474,main_default_opt_2,True,mul,1,1,0
public_v1,O3,p02474,main_default_opt_2,True,or,8,0,-8
public_v1,O3,p02474,main_default_opt_2,True,phi,14,12,-2
public_v1,O3,p02474,main_default_opt_2,True,ret,2,2,0
public_v1,O3,p02474,main_default_opt_2,True,sdiv,1,1,0
public_v1,O3,p02474,main_default_opt_2,True,select,4,3,-1
public_v1,O3,p02474,main_default_opt_2,True,sext,7,5,-2
public_v1,O3,p02474,main_default_opt_2,True,shl,8,10,2
public_v1,O3,p02474,main_default_opt_2,True,srem,1,1,0
public_v1,O3,p02474,main_default_opt_2,True,store,43,5,-38
public_v1,O3,p02474,main_default_opt_2,True,trunc,5,6,1
public_v1,O3,p02474,main_default_opt_2,True,xor,3,3,0
public_v1,O3,p02474,main_default_opt_2,True,zext,4,4,0
public_v1,O3,p02474,bundle_default_opt_3,True,add,17,17,0
public_v1,O3,p02474,bundle_default_opt_3,True,and,2,2,0
public_v1,O3,p02474,bundle_default_opt_3,True,ashr,2,2,0
public_v1,O3,p02474,bundle_default_opt_3,True,br,19,19,0
public_v1,O3,p02474,bundle_default_opt_3,True,call,6,6,0
public_v1,O3,p02474,bundle_default_opt_3,True,getelementptr,15,15,0
public_v1,O3,p02474,bundle_default_opt_3,True,icmp,15,15,0
public_v1,O3,p02474,bundle_default_opt_3,True,load,13,13,0
public_v1,O3,p02474,bundle_default_opt_3,True,mul,1,1,0
public_v1,O3,p02474,bundle_default_opt_3,True,phi,12,12,0
public_v1,O3,p02474,bundle_default_opt_3,True,ret,2,2,0
public_v1,O3,p02474,bundle_default_opt_3,True,sdiv,1,1,0
public_v1,O3,p02474,bundle_default_opt_3,True,select,3,3,0
public_v1,O3,p02474,bundle_default_opt_3,True,sext,5,5,0
public_v1,O3,p02474,bundle_default_opt_3,True,shl,10,10,0
public_v1,O3,p02474,bundle_default_opt_3,True,srem,1,1,0
public_v1,O3,p02474,bundle_default_opt_3,True,store,5,5,0
public_v1,O3,p02474,bundle_default_opt_3,True,trunc,6,6,0
public_v1,O3,p02474,bundle_default_opt_3,True,xor,3,3,0
public_v1,O3,p02474,bundle_default_opt_3,True,zext,4,3,-1
public_v1,O3,p02474,bundle_default_opt_4,True,add,17,17,0
public_v1,O3,p02474,bundle_default_opt_4,True,and,2,2,0
public_v1,O3,p02474,bundle_default_opt_4,True,ashr,2,2,0
public_v1,O3,p02474,bundle_default_opt_4,True,br,19,19,0
public_v1,O3,p02474,bundle_default_opt_4,True,call,6,6,0
public_v1,O3,p02474,bundle_default_opt_4,True,getelementptr,15,15,0
public_v1,O3,p02474,bundle_default_opt_4,True,icmp,15,15,0
public_v1,O3,p02474,bundle_default_opt_4,True,load,13,13,0
public_v1,O3,p02474,bundle_default_opt_4,True,mul,1,1,0
public_v1,O3,p02474,bundle_default_opt_4,True,phi,12,12,0
public_v1,O3,p02474,bundle_default_opt_4,True,ret,2,2,0
public_v1,O3,p02474,bundle_default_opt_4,True,sdiv,1,1,0
public_v1,O3,p02474,bundle_default_opt_4,True,select,3,3,0
public_v1,O3,p02474,bundle_default_opt_4,True,sext,5,5,0
public_v1,O3,p02474,bundle_default_opt_4,True,shl,10,10,0
public_v1,O3,p02474,bundle_default_opt_4,True,srem,1,1,0
public_v1,O3,p02474,bundle_default_opt_4,True,store,5,5,0
public_v1,O3,p02474,bundle_default_opt_4,True,trunc,6,6,0
public_v1,O3,p02474,bundle_default_opt_4,True,xor,3,3,0
public_v1,O3,p02474,bundle_default_opt_4,True,zext,3,3,0
public_v1,O3,p02474,bundle_post_opt_4_custom_cleanup,True,add,17,17,0
public_v1,O3,p02474,bundle_post_opt_4_custom_cleanup,True,and,2,2,0
public_v1,O3,p02474,bundle_post_opt_4_custom_cleanup,True,ashr,2,2,0
public_v1,O3,p02474,bundle_post_opt_4_custom_cleanup,True,br,19,19,0
public_v1,O3,p02474,bundle_post_opt_4_custom_cleanup,True,call,6,6,0
public_v1,O3,p02474,bundle_post_opt_4_custom_cleanup,True,getelementptr,15,15,0
public_v1,O3,p02474,bundle_post_opt_4_custom_cleanup,True,icmp,15,15,0
public_v1,O3,p02474,bundle_post_opt_4_custom_cleanup,True,load,13,13,0
public_v1,O3,p02474,bundle_post_opt_4_custom_cleanup,True,mul,1,1,0
public_v1,O3,p02474,bundle_post_opt_4_custom_cleanup,True,phi,12,12,0
public_v1,O3,p02474,bundle_post_opt_4_custom_cleanup,True,ret,2,2,0
public_v1,O3,p02474,bundle_post_opt_4_custom_cleanup,True,sdiv,1,1,0
public_v1,O3,p02474,bundle_post_opt_4_custom_cleanup,True,select,3,3,0
public_v1,O3,p02474,bundle_post_opt_4_custom_cleanup,True,sext,5,5,0
public_v1,O3,p02474,bundle_post_opt_4_custom_cleanup,True,shl,10,10,0
public_v1,O3,p02474,bundle_post_opt_4_custom_cleanup,True,srem,1,1,0
public_v1,O3,p02474,bundle_post_opt_4_custom_cleanup,True,store,5,5,0
public_v1,O3,p02474,bundle_post_opt_4_custom_cleanup,True,trunc,6,6,0
public_v1,O3,p02474,bundle_post_opt_4_custom_cleanup,True,xor,3,3,0
public_v1,O3,p02474,bundle_post_opt_4_custom_cleanup,True,zext,3,3,0
public_v1,O3,p02477,main_default_opt_1,True,add,316,188,-128
public_v1,O3,p02477,main_default_opt_1,True,alloca,1,1,0
public_v1,O3,p02477,main_default_opt_1,True,and,144,104,-40
public_v1,O3,p02477,main_default_opt_1,True,br,127,118,-9
public_v1,O3,p02477,main_default_opt_1,True,call,15,9,-6
public_v1,O3,p02477,main_default_opt_1,True,extractvalue,42,18,-24
public_v1,O3,p02477,main_default_opt_1,True,freeze,2,2,0
public_v1,O3,p02477,main_default_opt_1,True,getelementptr,310,155,-155
public_v1,O3,p02477,main_default_opt_1,True,icmp,179,146,-33
public_v1,O3,p02477,main_default_opt_1,True,insertvalue,59,11,-48
public_v1,O3,p02477,main_default_opt_1,True,inttoptr,46,40,-6
public_v1,O3,p02477,main_default_opt_1,True,load,262,210,-52
public_v1,O3,p02477,main_default_opt_1,True,lshr,13,3,-10
public_v1,O3,p02477,main_default_opt_1,True,mul,41,41,0
public_v1,O3,p02477,main_default_opt_1,True,or,114,88,-26
public_v1,O3,p02477,main_default_opt_1,True,phi,48,50,2
public_v1,O3,p02477,main_default_opt_1,True,ptrtoint,8,3,-5
public_v1,O3,p02477,main_default_opt_1,True,ret,6,4,-2
public_v1,O3,p02477,main_default_opt_1,True,sdiv,2,2,0
public_v1,O3,p02477,main_default_opt_1,True,select,115,102,-13
public_v1,O3,p02477,main_default_opt_1,True,sext,29,22,-7
public_v1,O3,p02477,main_default_opt_1,True,shl,11,4,-7
public_v1,O3,p02477,main_default_opt_1,True,srem,3,3,0
public_v1,O3,p02477,main_default_opt_1,True,store,306,201,-105
public_v1,O3,p02477,main_default_opt_1,True,sub,115,14,-101
public_v1,O3,p02477,main_default_opt_1,True,switch,6,3,-3
public_v1,O3,p02477,main_default_opt_1,True,trunc,32,19,-13
public_v1,O3,p02477,main_default_opt_1,True,udiv,2,2,0
public_v1,O3,p02477,main_default_opt_1,True,urem,2,2,0
public_v1,O3,p02477,main_default_opt_1,True,xor,89,74,-15
public_v1,O3,p02477,main_default_opt_1,True,zext,149,127,-22
public_v1,O3,p02477,main_default_opt_2,True,add,188,188,0
public_v1,O3,p02477,main_default_opt_2,True,alloca,1,1,0
public_v1,O3,p02477,main_default_opt_2,True,and,97,97,0
public_v1,O3,p02477,main_default_opt_2,True,br,118,118,0
public_v1,O3,p02477,main_default_opt_2,True,call,9,9,0
public_v1,O3,p02477,main_default_opt_2,True,extractvalue,18,18,0
public_v1,O3,p02477,main_default_opt_2,True,freeze,2,2,0
public_v1,O3,p02477,main_default_opt_2,True,getelementptr,155,155,0
public_v1,O3,p02477,main_default_opt_2,True,icmp,146,145,-1
public_v1,O3,p02477,main_default_opt_2,True,insertvalue,11,11,0
public_v1,O3,p02477,main_default_opt_2,True,inttoptr,40,40,0
public_v1,O3,p02477,main_default_opt_2,True,load,207,207,0
public_v1,O3,p02477,main_default_opt_2,True,lshr,3,3,0
public_v1,O3,p02477,main_default_opt_2,True,mul,41,41,0
public_v1,O3,p02477,main_default_opt_2,True,or,79,79,0
public_v1,O3,p02477,main_default_opt_2,True,phi,47,47,0
public_v1,O3,p02477,main_default_opt_2,True,ptrtoint,3,3,0
public_v1,O3,p02477,main_default_opt_2,True,ret,4,4,0
public_v1,O3,p02477,main_default_opt_2,True,sdiv,2,2,0
public_v1,O3,p02477,main_default_opt_2,True,select,102,101,-1
public_v1,O3,p02477,main_default_opt_2,True,sext,22,22,0
public_v1,O3,p02477,main_default_opt_2,True,shl,4,4,0
public_v1,O3,p02477,main_default_opt_2,True,srem,3,3,0
public_v1,O3,p02477,main_default_opt_2,True,store,201,197,-4
public_v1,O3,p02477,main_default_opt_2,True,sub,14,14,0
public_v1,O3,p02477,main_default_opt_2,True,switch,3,3,0
public_v1,O3,p02477,main_default_opt_2,True,trunc,19,19,0
public_v1,O3,p02477,main_default_opt_2,True,udiv,2,2,0
public_v1,O3,p02477,main_default_opt_2,True,urem,2,2,0
public_v1,O3,p02477,main_default_opt_2,True,xor,74,74,0
public_v1,O3,p02477,main_default_opt_2,True,zext,127,127,0
public_v1,O3,p02477,bundle_default_opt_3,True,add,101,93,-8
public_v1,O3,p02477,bundle_default_opt_3,True,alloca,1,1,0
public_v1,O3,p02477,bundle_default_opt_3,True,and,97,97,0
public_v1,O3,p02477,bundle_default_opt_3,True,br,118,117,-1
public_v1,O3,p02477,bundle_default_opt_3,True,call,49,47,-2
public_v1,O3,p02477,bundle_default_opt_3,True,extractvalue,14,14,0
public_v1,O3,p02477,bundle_default_opt_3,True,freeze,2,2,0
public_v1,O3,p02477,bundle_default_opt_3,True,getelementptr,79,69,-10
public_v1,O3,p02477,bundle_default_opt_3,True,icmp,67,69,2
public_v1,O3,p02477,bundle_default_opt_3,True,insertvalue,11,9,-2
public_v1,O3,p02477,bundle_default_opt_3,True,inttoptr,1,1,0
public_v1,O3,p02477,bundle_default_opt_3,True,load,186,184,-2
public_v1,O3,p02477,bundle_default_opt_3,True,lshr,3,5,2
public_v1,O3,p02477,bundle_default_opt_3,True,mul,41,41,0
public_v1,O3,p02477,bundle_default_opt_3,True,or,79,79,0
public_v1,O3,p02477,bundle_default_opt_3,True,phi,46,49,3
public_v1,O3,p02477,bundle_default_opt_3,True,ptrtoint,11,1,-10
public_v1,O3,p02477,bundle_default_opt_3,True,ret,5,5,0
public_v1,O3,p02477,bundle_default_opt_3,True,sdiv,2,2,0
public_v1,O3,p02477,bundle_default_opt_3,True,select,23,22,-1
public_v1,O3,p02477,bundle_default_opt_3,True,sext,22,23,1
public_v1,O3,p02477,bundle_default_opt_3,True,shl,4,4,0
public_v1,O3,p02477,bundle_default_opt_3,True,srem,3,3,0
public_v1,O3,p02477,bundle_default_opt_3,True,store,197,199,2
public_v1,O3,p02477,bundle_default_opt_3,True,sub,6,2,-4
public_v1,O3,p02477,bundle_default_opt_3,True,switch,3,3,0
public_v1,O3,p02477,bundle_default_opt_3,True,trunc,19,19,0
public_v1,O3,p02477,bundle_default_opt_3,True,udiv,2,2,0
public_v1,O3,p02477,bundle_default_opt_3,True,urem,2,2,0
public_v1,O3,p02477,bundle_default_opt_3,True,xor,74,76,2
public_v1,O3,p02477,bundle_default_opt_3,True,zext,127,127,0
public_v1,O3,p02477,bundle_default_opt_4,True,add,93,93,0
public_v1,O3,p02477,bundle_default_opt_4,True,alloca,1,1,0
public_v1,O3,p02477,bundle_default_opt_4,True,and,97,97,0
public_v1,O3,p02477,bundle_default_opt_4,True,br,117,117,0
public_v1,O3,p02477,bundle_default_opt_4,True,call,47,47,0
public_v1,O3,p02477,bundle_default_opt_4,True,extractvalue,14,14,0
public_v1,O3,p02477,bundle_default_opt_4,True,freeze,2,2,0
public_v1,O3,p02477,bundle_default_opt_4,True,getelementptr,69,64,-5
public_v1,O3,p02477,bundle_default_opt_4,True,icmp,69,69,0
public_v1,O3,p02477,bundle_default_opt_4,True,insertvalue,9,9,0
public_v1,O3,p02477,bundle_default_opt_4,True,inttoptr,1,1,0
public_v1,O3,p02477,bundle_default_opt_4,True,load,184,184,0
public_v1,O3,p02477,bundle_default_opt_4,True,lshr,5,5,0
public_v1,O3,p02477,bundle_default_opt_4,True,mul,41,41,0
public_v1,O3,p02477,bundle_default_opt_4,True,or,79,79,0
public_v1,O3,p02477,bundle_default_opt_4,True,phi,49,49,0
public_v1,O3,p02477,bundle_default_opt_4,True,ptrtoint,1,1,0
public_v1,O3,p02477,bundle_default_opt_4,True,ret,5,5,0
public_v1,O3,p02477,bundle_default_opt_4,True,sdiv,2,2,0
public_v1,O3,p02477,bundle_default_opt_4,True,select,22,22,0
public_v1,O3,p02477,bundle_default_opt_4,True,sext,23,23,0
public_v1,O3,p02477,bundle_default_opt_4,True,shl,4,4,0
public_v1,O3,p02477,bundle_default_opt_4,True,srem,3,3,0
public_v1,O3,p02477,bundle_default_opt_4,True,store,199,199,0
public_v1,O3,p02477,bundle_default_opt_4,True,sub,2,2,0
public_v1,O3,p02477,bundle_default_opt_4,True,switch,3,3,0
public_v1,O3,p02477,bundle_default_opt_4,True,trunc,19,19,0
public_v1,O3,p02477,bundle_default_opt_4,True,udiv,2,2,0
public_v1,O3,p02477,bundle_default_opt_4,True,urem,2,2,0
public_v1,O3,p02477,bundle_default_opt_4,True,xor,76,76,0
public_v1,O3,p02477,bundle_default_opt_4,True,zext,127,127,0
public_v1,O3,p02477,bundle_post_opt_4_custom_cleanup,True,add,93,93,0
public_v1,O3,p02477,bundle_post_opt_4_custom_cleanup,True,alloca,1,1,0
public_v1,O3,p02477,bundle_post_opt_4_custom_cleanup,True,and,97,97,0
public_v1,O3,p02477,bundle_post_opt_4_custom_cleanup,True,br,117,117,0
public_v1,O3,p02477,bundle_post_opt_4_custom_cleanup,True,call,47,47,0
public_v1,O3,p02477,bundle_post_opt_4_custom_cleanup,True,extractvalue,14,14,0
public_v1,O3,p02477,bundle_post_opt_4_custom_cleanup,True,freeze,2,2,0
public_v1,O3,p02477,bundle_post_opt_4_custom_cleanup,True,getelementptr,64,64,0
public_v1,O3,p02477,bundle_post_opt_4_custom_cleanup,True,icmp,69,69,0
public_v1,O3,p02477,bundle_post_opt_4_custom_cleanup,True,insertvalue,9,9,0
public_v1,O3,p02477,bundle_post_opt_4_custom_cleanup,True,inttoptr,1,1,0
public_v1,O3,p02477,bundle_post_opt_4_custom_cleanup,True,load,184,183,-1
public_v1,O3,p02477,bundle_post_opt_4_custom_cleanup,True,lshr,5,5,0
public_v1,O3,p02477,bundle_post_opt_4_custom_cleanup,True,mul,41,41,0
public_v1,O3,p02477,bundle_post_opt_4_custom_cleanup,True,or,79,79,0
public_v1,O3,p02477,bundle_post_opt_4_custom_cleanup,True,phi,49,49,0
public_v1,O3,p02477,bundle_post_opt_4_custom_cleanup,True,ptrtoint,1,1,0
public_v1,O3,p02477,bundle_post_opt_4_custom_cleanup,True,ret,5,5,0
public_v1,O3,p02477,bundle_post_opt_4_custom_cleanup,True,sdiv,2,2,0
public_v1,O3,p02477,bundle_post_opt_4_custom_cleanup,True,select,22,22,0
public_v1,O3,p02477,bundle_post_opt_4_custom_cleanup,True,sext,23,23,0
public_v1,O3,p02477,bundle_post_opt_4_custom_cleanup,True,shl,4,4,0
public_v1,O3,p02477,bundle_post_opt_4_custom_cleanup,True,srem,3,3,0
public_v1,O3,p02477,bundle_post_opt_4_custom_cleanup,True,store,199,199,0
public_v1,O3,p02477,bundle_post_opt_4_custom_cleanup,True,sub,2,2,0
public_v1,O3,p02477,bundle_post_opt_4_custom_cleanup,True,switch,3,3,0
public_v1,O3,p02477,bundle_post_opt_4_custom_cleanup,True,trunc,19,19,0
public_v1,O3,p02477,bundle_post_opt_4_custom_cleanup,True,udiv,2,2,0
public_v1,O3,p02477,bundle_post_opt_4_custom_cleanup,True,urem,2,2,0
public_v1,O3,p02477,bundle_post_opt_4_custom_cleanup,True,xor,76,76,0
public_v1,O3,p02477,bundle_post_opt_4_custom_cleanup,True,zext,127,127,0
public_v1,O3,p02788,main_default_opt_1,True,add,440,296,-144
public_v1,O3,p02788,main_default_opt_1,True,alloca,3,1,-2
public_v1,O3,p02788,main_default_opt_1,True,and,227,137,-90
public_v1,O3,p02788,main_default_opt_1,True,ashr,15,15,0
public_v1,O3,p02788,main_default_opt_1,True,br,129,124,-5
public_v1,O3,p02788,main_default_opt_1,True,call,68,38,-30
public_v1,O3,p02788,main_default_opt_1,True,extractvalue,200,106,-94
public_v1,O3,p02788,main_default_opt_1,True,getelementptr,523,323,-200
public_v1,O3,p02788,main_default_opt_1,True,icmp,269,198,-71
public_v1,O3,p02788,main_default_opt_1,True,insertvalue,123,32,-91
public_v1,O3,p02788,main_default_opt_1,True,inttoptr,65,64,-1
public_v1,O3,p02788,main_default_opt_1,True,load,394,331,-63
public_v1,O3,p02788,main_default_opt_1,True,lshr,62,5,-57
public_v1,O3,p02788,main_default_opt_1,True,mul,40,36,-4
public_v1,O3,p02788,main_default_opt_1,True,or,125,110,-15
public_v1,O3,p02788,main_default_opt_1,True,phi,93,96,3
public_v1,O3,p02788,main_default_opt_1,True,ptrtoint,12,8,-4
public_v1,O3,p02788,main_default_opt_1,True,ret,10,8,-2
public_v1,O3,p02788,main_default_opt_1,True,sdiv,2,2,0
public_v1,O3,p02788,main_default_opt_1,True,select,155,148,-7
public_v1,O3,p02788,main_default_opt_1,True,sext,45,39,-6
public_v1,O3,p02788,main_default_opt_1,True,shl,57,56,-1
public_v1,O3,p02788,main_default_opt_1,True,store,363,239,-124
public_v1,O3,p02788,main_default_opt_1,True,sub,155,48,-107
public_v1,O3,p02788,main_default_opt_1,True,switch,10,5,-5
public_v1,O3,p02788,main_default_opt_1,True,trunc,140,43,-97
public_v1,O3,p02788,main_default_opt_1,True,unreachable,4,4,0
public_v1,O3,p02788,main_default_opt_1,True,xor,145,73,-72
public_v1,O3,p02788,main_default_opt_1,True,zext,318,195,-123
public_v1,O3,p02788,main_default_opt_2,True,add,285,281,-4
public_v1,O3,p02788,main_default_opt_2,True,alloca,1,1,0
public_v1,O3,p02788,main_default_opt_2,True,and,91,84,-7
public_v1,O3,p02788,main_default_opt_2,True,ashr,15,17,2
public_v1,O3,p02788,main_default_opt_2,True,br,123,135,12
public_v1,O3,p02788,main_default_opt_2,True,call,38,32,-6
public_v1,O3,p02788,main_default_opt_2,True,extractvalue,89,78,-11
public_v1,O3,p02788,main_default_opt_2,True,getelementptr,320,371,51
public_v1,O3,p02788,main_default_opt_2,True,icmp,185,191,6
public_v1,O3,p02788,main_default_opt_2,True,insertvalue,32,22,-10
public_v1,O3,p02788,main_default_opt_2,True,inttoptr,63,63,0
public_v1,O3,p02788,main_default_opt_2,True,load,308,343,35
public_v1,O3,p02788,main_default_opt_2,True,lshr,5,5,0
public_v1,O3,p02788,main_default_opt_2,True,mul,26,28,2
public_v1,O3,p02788,main_default_opt_2,True,or,63,61,-2
public_v1,O3,p02788,main_default_opt_2,True,phi,84,90,6
public_v1,O3,p02788,main_default_opt_2,True,ptrtoint,8,5,-3
public_v1,O3,p02788,main_default_opt_2,True,ret,8,6,-2
public_v1,O3,p02788,main_default_opt_2,True,sdiv,2,2,0
public_v1,O3,p02788,main_default_opt_2,True,select,146,149,3
public_v1,O3,p02788,main_default_opt_2,True,sext,39,60,21
public_v1,O3,p02788,main_default_opt_2,True,shl,56,81,25
public_v1,O3,p02788,main_default_opt_2,True,store,237,285,48
public_v1,O3,p02788,main_default_opt_2,True,sub,49,50,1
public_v1,O3,p02788,main_default_opt_2,True,switch,5,5,0
public_v1,O3,p02788,main_default_opt_2,True,trunc,43,41,-2
public_v1,O3,p02788,main_default_opt_2,True,unreachable,4,4,0
public_v1,O3,p02788,main_default_opt_2,True,xor,47,51,4
public_v1,O3,p02788,main_default_opt_2,True,zext,152,142,-10
public_v1,O3,p02788,bundle_default_opt_3,True,add,128,109,-19
public_v1,O3,p02788,bundle_default_opt_3,True,alloca,1,1,0
public_v1,O3,p02788,bundle_default_opt_3,True,and,80,80,0
public_v1,O3,p02788,bundle_default_opt_3,True,ashr,13,13,0
public_v1,O3,p02788,bundle_default_opt_3,True,br,115,114,-1
public_v1,O3,p02788,bundle_default_opt_3,True,call,91,91,0
public_v1,O3,p02788,bundle_default_opt_3,True,extractvalue,61,61,0
public_v1,O3,p02788,bundle_default_opt_3,True,getelementptr,236,192,-44
public_v1,O3,p02788,bundle_default_opt_3,True,icmp,66,66,0
public_v1,O3,p02788,bundle_default_opt_3,True,insertvalue,22,21,-1
public_v1,O3,p02788,bundle_default_opt_3,True,inttoptr,1,1,0
public_v1,O3,p02788,bundle_default_opt_3,True,load,297,275,-22
public_v1,O3,p02788,bundle_default_opt_3,True,lshr,5,5,0
public_v1,O3,p02788,bundle_default_opt_3,True,mul,27,27,0
public_v1,O3,p02788,bundle_default_opt_3,True,or,59,60,1
public_v1,O3,p02788,bundle_default_opt_3,True,phi,58,63,5
public_v1,O3,p02788,bundle_default_opt_3,True,ptrtoint,35,7,-28
public_v1,O3,p02788,bundle_default_opt_3,True,ret,7,7,0
public_v1,O3,p02788,bundle_default_opt_3,True,sdiv,2,2,0
public_v1,O3,p02788,bundle_default_opt_3,True,select,24,24,0
public_v1,O3,p02788,bundle_default_opt_3,True,sext,51,51,0
public_v1,O3,p02788,bundle_default_opt_3,True,shl,63,63,0
public_v1,O3,p02788,bundle_default_opt_3,True,store,258,221,-37
public_v1,O3,p02788,bundle_default_opt_3,True,sub,37,24,-13
public_v1,O3,p02788,bundle_default_opt_3,True,switch,3,3,0
public_v1,O3,p02788,bundle_default_opt_3,True,trunc,41,41,0
public_v1,O3,p02788,bundle_default_opt_3,True,unreachable,4,4,0
public_v1,O3,p02788,bundle_default_opt_3,True,xor,51,50,-1
public_v1,O3,p02788,bundle_default_opt_3,True,zext,121,120,-1
public_v1,O3,p02788,bundle_default_opt_4,True,add,109,109,0
public_v1,O3,p02788,bundle_default_opt_4,True,alloca,1,1,0
public_v1,O3,p02788,bundle_default_opt_4,True,and,80,80,0
public_v1,O3,p02788,bundle_default_opt_4,True,ashr,13,13,0
public_v1,O3,p02788,bundle_default_opt_4,True,br,114,114,0
public_v1,O3,p02788,bundle_default_opt_4,True,call,91,91,0
public_v1,O3,p02788,bundle_default_opt_4,True,extractvalue,61,61,0
public_v1,O3,p02788,bundle_default_opt_4,True,getelementptr,192,182,-10
public_v1,O3,p02788,bundle_default_opt_4,True,icmp,66,66,0
public_v1,O3,p02788,bundle_default_opt_4,True,insertvalue,21,21,0
public_v1,O3,p02788,bundle_default_opt_4,True,inttoptr,1,1,0
public_v1,O3,p02788,bundle_default_opt_4,True,load,275,275,0
public_v1,O3,p02788,bundle_default_opt_4,True,lshr,5,5,0
public_v1,O3,p02788,bundle_default_opt_4,True,mul,27,27,0
public_v1,O3,p02788,bundle_default_opt_4,True,or,60,60,0
public_v1,O3,p02788,bundle_default_opt_4,True,phi,63,63,0
public_v1,O3,p02788,bundle_default_opt_4,True,ptrtoint,7,7,0
public_v1,O3,p02788,bundle_default_opt_4,True,ret,7,7,0
public_v1,O3,p02788,bundle_default_opt_4,True,sdiv,2,2,0
public_v1,O3,p02788,bundle_default_opt_4,True,select,24,24,0
public_v1,O3,p02788,bundle_default_opt_4,True,sext,51,51,0
public_v1,O3,p02788,bundle_default_opt_4,True,shl,63,63,0
public_v1,O3,p02788,bundle_default_opt_4,True,store,221,221,0
public_v1,O3,p02788,bundle_default_opt_4,True,sub,24,24,0
public_v1,O3,p02788,bundle_default_opt_4,True,switch,3,3,0
public_v1,O3,p02788,bundle_default_opt_4,True,trunc,41,41,0
public_v1,O3,p02788,bundle_default_opt_4,True,unreachable,4,4,0
public_v1,O3,p02788,bundle_default_opt_4,True,xor,50,50,0
public_v1,O3,p02788,bundle_default_opt_4,True,zext,120,120,0
public_v1,O3,p02788,bundle_post_opt_4_custom_cleanup,True,add,109,109,0
public_v1,O3,p02788,bundle_post_opt_4_custom_cleanup,True,alloca,1,1,0
public_v1,O3,p02788,bundle_post_opt_4_custom_cleanup,True,and,80,80,0
public_v1,O3,p02788,bundle_post_opt_4_custom_cleanup,True,ashr,13,13,0
public_v1,O3,p02788,bundle_post_opt_4_custom_cleanup,True,br,114,114,0
public_v1,O3,p02788,bundle_post_opt_4_custom_cleanup,True,call,91,91,0
public_v1,O3,p02788,bundle_post_opt_4_custom_cleanup,True,extractvalue,61,61,0
public_v1,O3,p02788,bundle_post_opt_4_custom_cleanup,True,getelementptr,182,182,0
public_v1,O3,p02788,bundle_post_opt_4_custom_cleanup,True,icmp,66,66,0
public_v1,O3,p02788,bundle_post_opt_4_custom_cleanup,True,insertvalue,21,21,0
public_v1,O3,p02788,bundle_post_opt_4_custom_cleanup,True,inttoptr,1,1,0
public_v1,O3,p02788,bundle_post_opt_4_custom_cleanup,True,load,275,275,0
public_v1,O3,p02788,bundle_post_opt_4_custom_cleanup,True,lshr,5,5,0
public_v1,O3,p02788,bundle_post_opt_4_custom_cleanup,True,mul,27,27,0
public_v1,O3,p02788,bundle_post_opt_4_custom_cleanup,True,or,60,60,0
public_v1,O3,p02788,bundle_post_opt_4_custom_cleanup,True,phi,63,63,0
public_v1,O3,p02788,bundle_post_opt_4_custom_cleanup,True,ptrtoint,7,7,0
public_v1,O3,p02788,bundle_post_opt_4_custom_cleanup,True,ret,7,7,0
public_v1,O3,p02788,bundle_post_opt_4_custom_cleanup,True,sdiv,2,2,0
public_v1,O3,p02788,bundle_post_opt_4_custom_cleanup,True,select,24,24,0
public_v1,O3,p02788,bundle_post_opt_4_custom_cleanup,True,sext,51,51,0
public_v1,O3,p02788,bundle_post_opt_4_custom_cleanup,True,shl,63,63,0
public_v1,O3,p02788,bundle_post_opt_4_custom_cleanup,True,store,221,221,0
public_v1,O3,p02788,bundle_post_opt_4_custom_cleanup,True,sub,24,24,0
public_v1,O3,p02788,bundle_post_opt_4_custom_cleanup,True,switch,3,3,0
public_v1,O3,p02788,bundle_post_opt_4_custom_cleanup,True,trunc,41,41,0
public_v1,O3,p02788,bundle_post_opt_4_custom_cleanup,True,unreachable,4,4,0
public_v1,O3,p02788,bundle_post_opt_4_custom_cleanup,True,xor,50,50,0
public_v1,O3,p02788,bundle_post_opt_4_custom_cleanup,True,zext,120,120,0
public_v1,O3,p02814,main_default_opt_1,True,add,400,269,-131
public_v1,O3,p02814,main_default_opt_1,True,alloca,16,7,-9
public_v1,O3,p02814,main_default_opt_1,True,and,138,56,-82
public_v1,O3,p02814,main_default_opt_1,True,ashr,2,0,-2
public_v1,O3,p02814,main_default_opt_1,True,br,75,73,-2
public_v1,O3,p02814,main_default_opt_1,True,call,75,44,-31
public_v1,O3,p02814,main_default_opt_1,True,extractvalue,72,16,-56
public_v1,O3,p02814,main_default_opt_1,True,getelementptr,739,408,-331
public_v1,O3,p02814,main_default_opt_1,True,icmp,330,256,-74
public_v1,O3,p02814,main_default_opt_1,True,insertvalue,115,16,-99
public_v1,O3,p02814,main_default_opt_1,True,inttoptr,79,65,-14
public_v1,O3,p02814,main_default_opt_1,True,load,227,162,-65
public_v1,O3,p02814,main_default_opt_1,True,lshr,23,0,-23
public_v1,O3,p02814,main_default_opt_1,True,mul,23,21,-2
public_v1,O3,p02814,main_default_opt_1,True,or,66,39,-27
public_v1,O3,p02814,main_default_opt_1,True,phi,46,38,-8
public_v1,O3,p02814,main_default_opt_1,True,ptrtoint,28,9,-19
public_v1,O3,p02814,main_default_opt_1,True,ret,11,5,-6
public_v1,O3,p02814,main_default_opt_1,True,sdiv,11,10,-1
public_v1,O3,p02814,main_default_opt_1,True,select,245,216,-29
public_v1,O3,p02814,main_default_opt_1,True,sext,26,22,-4
public_v1,O3,p02814,main_default_opt_1,True,shl,7,5,-2
public_v1,O3,p02814,main_default_opt_1,True,srem,6,7,1
public_v1,O3,p02814,main_default_opt_1,True,store,351,226,-125
public_v1,O3,p02814,main_default_opt_1,True,sub,122,22,-100
public_v1,O3,p02814,main_default_opt_1,True,switch,1,1,0
public_v1,O3,p02814,main_default_opt_1,True,trunc,64,23,-41
public_v1,O3,p02814,main_default_opt_1,True,unreachable,18,16,-2
public_v1,O3,p02814,main_default_opt_1,True,xor,70,40,-30
public_v1,O3,p02814,main_default_opt_1,True,zext,122,83,-39
public_v1,O3,p02814,main_default_opt_2,True,add,249,241,-8
public_v1,O3,p02814,main_default_opt_2,True,alloca,7,7,0
public_v1,O3,p02814,main_default_opt_2,True,and,46,15,-31
public_v1,O3,p02814,main_default_opt_2,True,br,73,73,0
public_v1,O3,p02814,main_default_opt_2,True,call,44,44,0
public_v1,O3,p02814,main_default_opt_2,True,extractvalue,15,7,-8
public_v1,O3,p02814,main_default_opt_2,True,getelementptr,413,386,-27
public_v1,O3,p02814,main_default_opt_2,True,icmp,288,232,-56
public_v1,O3,p02814,main_default_opt_2,True,insertvalue,16,5,-11
public_v1,O3,p02814,main_default_opt_2,True,inttoptr,67,63,-4
public_v1,O3,p02814,main_default_opt_2,True,load,143,138,-5
public_v1,O3,p02814,main_default_opt_2,True,mul,12,10,-2
public_v1,O3,p02814,main_default_opt_2,True,or,8,4,-4
public_v1,O3,p02814,main_default_opt_2,True,phi,35,28,-7
public_v1,O3,p02814,main_default_opt_2,True,ptrtoint,13,7,-6
public_v1,O3,p02814,main_default_opt_2,True,ret,5,5,0
public_v1,O3,p02814,main_default_opt_2,True,sdiv,10,10,0
public_v1,O3,p02814,main_default_opt_2,True,select,231,218,-13
public_v1,O3,p02814,main_default_opt_2,True,sext,22,22,0
public_v1,O3,p02814,main_default_opt_2,True,shl,5,5,0
public_v1,O3,p02814,main_default_opt_2,True,srem,3,3,0
public_v1,O3,p02814,main_default_opt_2,True,store,226,224,-2
public_v1,O3,p02814,main_default_opt_2,True,sub,51,21,-30
public_v1,O3,p02814,main_default_opt_2,True,switch,1,1,0
public_v1,O3,p02814,main_default_opt_2,True,trunc,23,23,0
public_v1,O3,p02814,main_default_opt_2,True,unreachable,16,16,0
public_v1,O3,p02814,main_default_opt_2,True,xor,14,17,3
public_v1,O3,p02814,main_default_opt_2,True,zext,34,30,-4
public_v1,O3,p02814,bundle_default_opt_3,True,add,56,51,-5
public_v1,O3,p02814,bundle_default_opt_3,True,alloca,7,7,0
public_v1,O3,p02814,bundle_default_opt_3,True,and,15,15,0
public_v1,O3,p02814,bundle_default_opt_3,True,br,73,73,0
public_v1,O3,p02814,bundle_default_opt_3,True,call,106,107,1
public_v1,O3,p02814,bundle_default_opt_3,True,extractvalue,4,2,-2
public_v1,O3,p02814,bundle_default_opt_3,True,getelementptr,174,148,-26
public_v1,O3,p02814,bundle_default_opt_3,True,icmp,52,52,0
public_v1,O3,p02814,bundle_default_opt_3,True,insertvalue,5,2,-3
public_v1,O3,p02814,bundle_default_opt_3,True,inttoptr,4,4,0
public_v1,O3,p02814,bundle_default_opt_3,True,load,133,128,-5
public_v1,O3,p02814,bundle_default_opt_3,True,mul,10,10,0
public_v1,O3,p02814,bundle_default_opt_3,True,or,4,4,0
public_v1,O3,p02814,bundle_default_opt_3,True,phi,28,30,2
public_v1,O3,p02814,bundle_default_opt_3,True,ptrtoint,15,8,-7
public_v1,O3,p02814,bundle_default_opt_3,True,ret,8,8,0
public_v1,O3,p02814,bundle_default_opt_3,True,sdiv,10,10,0
public_v1,O3,p02814,bundle_default_opt_3,True,select,23,21,-2
public_v1,O3,p02814,bundle_default_opt_3,True,sext,22,22,0
public_v1,O3,p02814,bundle_default_opt_3,True,shl,5,5,0
public_v1,O3,p02814,bundle_default_opt_3,True,srem,3,3,0
public_v1,O3,p02814,bundle_default_opt_3,True,store,224,183,-41
public_v1,O3,p02814,bundle_default_opt_3,True,sub,14,13,-1
public_v1,O3,p02814,bundle_default_opt_3,True,switch,1,1,0
public_v1,O3,p02814,bundle_default_opt_3,True,trunc,23,23,0
public_v1,O3,p02814,bundle_default_opt_3,True,unreachable,16,16,0
public_v1,O3,p02814,bundle_default_opt_3,True,xor,17,16,-1
public_v1,O3,p02814,bundle_default_opt_3,True,zext,30,34,4
public_v1,O3,p02814,bundle_default_opt_4,True,add,51,51,0
public_v1,O3,p02814,bundle_default_opt_4,True,alloca,7,7,0
public_v1,O3,p02814,bundle_default_opt_4,True,and,15,15,0
public_v1,O3,p02814,bundle_default_opt_4,True,br,73,73,0
public_v1,O3,p02814,bundle_default_opt_4,True,call,107,107,0
public_v1,O3,p02814,bundle_default_opt_4,True,extractvalue,2,2,0
public_v1,O3,p02814,bundle_default_opt_4,True,getelementptr,148,146,-2
public_v1,O3,p02814,bundle_default_opt_4,True,icmp,52,52,0
public_v1,O3,p02814,bundle_default_opt_4,True,insertvalue,2,2,0
public_v1,O3,p02814,bundle_default_opt_4,True,inttoptr,4,4,0
public_v1,O3,p02814,bundle_default_opt_4,True,load,128,128,0
public_v1,O3,p02814,bundle_default_opt_4,True,mul,10,10,0
public_v1,O3,p02814,bundle_default_opt_4,True,or,4,4,0
public_v1,O3,p02814,bundle_default_opt_4,True,phi,30,30,0
public_v1,O3,p02814,bundle_default_opt_4,True,ptrtoint,8,8,0
public_v1,O3,p02814,bundle_default_opt_4,True,ret,8,8,0
public_v1,O3,p02814,bundle_default_opt_4,True,sdiv,10,10,0
public_v1,O3,p02814,bundle_default_opt_4,True,select,21,21,0
public_v1,O3,p02814,bundle_default_opt_4,True,sext,22,22,0
public_v1,O3,p02814,bundle_default_opt_4,True,shl,5,5,0
public_v1,O3,p02814,bundle_default_opt_4,True,srem,3,3,0
public_v1,O3,p02814,bundle_default_opt_4,True,store,183,183,0
public_v1,O3,p02814,bundle_default_opt_4,True,sub,13,13,0
public_v1,O3,p02814,bundle_default_opt_4,True,switch,1,1,0
public_v1,O3,p02814,bundle_default_opt_4,True,trunc,23,23,0
public_v1,O3,p02814,bundle_default_opt_4,True,unreachable,16,16,0
public_v1,O3,p02814,bundle_default_opt_4,True,xor,16,16,0
public_v1,O3,p02814,bundle_default_opt_4,True,zext,34,34,0
public_v1,O3,p02814,bundle_post_opt_4_custom_cleanup,True,add,51,51,0
public_v1,O3,p02814,bundle_post_opt_4_custom_cleanup,True,alloca,7,7,0
public_v1,O3,p02814,bundle_post_opt_4_custom_cleanup,True,and,15,15,0
public_v1,O3,p02814,bundle_post_opt_4_custom_cleanup,True,ashr,0,1,1
public_v1,O3,p02814,bundle_post_opt_4_custom_cleanup,True,br,73,73,0
public_v1,O3,p02814,bundle_post_opt_4_custom_cleanup,True,call,107,102,-5
public_v1,O3,p02814,bundle_post_opt_4_custom_cleanup,True,extractvalue,2,2,0
public_v1,O3,p02814,bundle_post_opt_4_custom_cleanup,True,getelementptr,146,150,4
public_v1,O3,p02814,bundle_post_opt_4_custom_cleanup,True,icmp,52,52,0
public_v1,O3,p02814,bundle_post_opt_4_custom_cleanup,True,insertvalue,2,2,0
public_v1,O3,p02814,bundle_post_opt_4_custom_cleanup,True,inttoptr,4,4,0
public_v1,O3,p02814,bundle_post_opt_4_custom_cleanup,True,load,128,125,-3
public_v1,O3,p02814,bundle_post_opt_4_custom_cleanup,True,mul,10,10,0
public_v1,O3,p02814,bundle_post_opt_4_custom_cleanup,True,or,4,4,0
public_v1,O3,p02814,bundle_post_opt_4_custom_cleanup,True,phi,30,30,0
public_v1,O3,p02814,bundle_post_opt_4_custom_cleanup,True,ptrtoint,8,8,0
public_v1,O3,p02814,bundle_post_opt_4_custom_cleanup,True,ret,8,8,0
public_v1,O3,p02814,bundle_post_opt_4_custom_cleanup,True,sdiv,10,10,0
public_v1,O3,p02814,bundle_post_opt_4_custom_cleanup,True,select,21,21,0
public_v1,O3,p02814,bundle_post_opt_4_custom_cleanup,True,sext,22,21,-1
public_v1,O3,p02814,bundle_post_opt_4_custom_cleanup,True,shl,5,6,1
public_v1,O3,p02814,bundle_post_opt_4_custom_cleanup,True,srem,3,3,0
public_v1,O3,p02814,bundle_post_opt_4_custom_cleanup,True,store,183,183,0
public_v1,O3,p02814,bundle_post_opt_4_custom_cleanup,True,sub,13,13,0
public_v1,O3,p02814,bundle_post_opt_4_custom_cleanup,True,switch,1,1,0
public_v1,O3,p02814,bundle_post_opt_4_custom_cleanup,True,trunc,23,23,0
public_v1,O3,p02814,bundle_post_opt_4_custom_cleanup,True,unreachable,16,16,0
public_v1,O3,p02814,bundle_post_opt_4_custom_cleanup,True,xor,16,16,0
public_v1,O3,p02814,bundle_post_opt_4_custom_cleanup,True,zext,34,34,0
public_v1,O3,p02950,main_default_opt_1,True,add,236,113,-123
public_v1,O3,p02950,main_default_opt_1,True,alloca,13,1,-12
public_v1,O3,p02950,main_default_opt_1,True,and,161,123,-38
public_v1,O3,p02950,main_default_opt_1,True,ashr,8,8,0
public_v1,O3,p02950,main_default_opt_1,True,br,116,112,-4
public_v1,O3,p02950,main_default_opt_1,True,call,71,40,-31
public_v1,O3,p02950,main_default_opt_1,True,extractvalue,51,22,-29
public_v1,O3,p02950,main_default_opt_1,True,getelementptr,357,89,-268
public_v1,O3,p02950,main_default_opt_1,True,icmp,173,101,-72
public_v1,O3,p02950,main_default_opt_1,True,insertvalue,37,5,-32
public_v1,O3,p02950,main_default_opt_1,True,inttoptr,24,10,-14
public_v1,O3,p02950,main_default_opt_1,True,load,198,174,-24
public_v1,O3,p02950,main_default_opt_1,True,lshr,18,2,-16
public_v1,O3,p02950,main_default_opt_1,True,mul,36,36,0
public_v1,O3,p02950,main_default_opt_1,True,or,97,93,-4
public_v1,O3,p02950,main_default_opt_1,True,phi,25,27,2
public_v1,O3,p02950,main_default_opt_1,True,ptrtoint,18,5,-13
public_v1,O3,p02950,main_default_opt_1,True,ret,4,3,-1
public_v1,O3,p02950,main_default_opt_1,True,sdiv,12,12,0
public_v1,O3,p02950,main_default_opt_1,True,select,82,41,-41
public_v1,O3,p02950,main_default_opt_1,True,sext,38,28,-10
public_v1,O3,p02950,main_default_opt_1,True,shl,17,17,0
public_v1,O3,p02950,main_default_opt_1,True,srem,11,10,-1
public_v1,O3,p02950,main_default_opt_1,True,store,324,119,-205
public_v1,O3,p02950,main_default_opt_1,True,sub,94,10,-84
public_v1,O3,p02950,main_default_opt_1,True,switch,3,1,-2
public_v1,O3,p02950,main_default_opt_1,True,trunc,53,32,-21
public_v1,O3,p02950,main_default_opt_1,True,unreachable,24,24,0
public_v1,O3,p02950,main_default_opt_1,True,xor,86,62,-24
public_v1,O3,p02950,main_default_opt_1,True,zext,177,143,-34
public_v1,O3,p02950,main_default_opt_2,True,add,81,79,-2
public_v1,O3,p02950,main_default_opt_2,True,alloca,1,1,0
public_v1,O3,p02950,main_default_opt_2,True,and,24,13,-11
public_v1,O3,p02950,main_default_opt_2,True,ashr,8,8,0
public_v1,O3,p02950,main_default_opt_2,True,br,112,107,-5
public_v1,O3,p02950,main_default_opt_2,True,call,39,38,-1
public_v1,O3,p02950,main_default_opt_2,True,extractvalue,14,14,0
public_v1,O3,p02950,main_default_opt_2,True,getelementptr,86,85,-1
public_v1,O3,p02950,main_default_opt_2,True,icmp,69,68,-1
public_v1,O3,p02950,main_default_opt_2,True,insertvalue,5,2,-3
public_v1,O3,p02950,main_default_opt_2,True,inttoptr,8,8,0
public_v1,O3,p02950,main_default_opt_2,True,load,110,108,-2
public_v1,O3,p02950,main_default_opt_2,True,mul,10,10,0
public_v1,O3,p02950,main_default_opt_2,True,or,16,6,-10
public_v1,O3,p02950,main_default_opt_2,True,phi,9,7,-2
public_v1,O3,p02950,main_default_opt_2,True,ptrtoint,3,2,-1
public_v1,O3,p02950,main_default_opt_2,True,ret,4,3,-1
public_v1,O3,p02950,main_default_opt_2,True,sdiv,12,12,0
public_v1,O3,p02950,main_default_opt_2,True,select,38,38,0
public_v1,O3,p02950,main_default_opt_2,True,sext,28,28,0
public_v1,O3,p02950,main_default_opt_2,True,shl,17,17,0
public_v1,O3,p02950,main_default_opt_2,True,srem,9,9,0
public_v1,O3,p02950,main_default_opt_2,True,store,91,91,0
public_v1,O3,p02950,main_default_opt_2,True,sub,10,10,0
public_v1,O3,p02950,main_default_opt_2,True,switch,1,1,0
public_v1,O3,p02950,main_default_opt_2,True,trunc,23,23,0
public_v1,O3,p02950,main_default_opt_2,True,unreachable,24,24,0
public_v1,O3,p02950,main_default_opt_2,True,xor,3,2,-1
public_v1,O3,p02950,main_default_opt_2,True,zext,34,32,-2
public_v1,O3,p02950,bundle_default_opt_3,True,add,57,48,-9
public_v1,O3,p02950,bundle_default_opt_3,True,alloca,1,1,0
public_v1,O3,p02950,bundle_default_opt_3,True,and,13,13,0
public_v1,O3,p02950,bundle_default_opt_3,True,ashr,8,8,0
public_v1,O3,p02950,bundle_default_opt_3,True,br,107,106,-1
public_v1,O3,p02950,bundle_default_opt_3,True,call,46,47,1
public_v1,O3,p02950,bundle_default_opt_3,True,extractvalue,7,0,-7
public_v1,O3,p02950,bundle_default_opt_3,True,getelementptr,71,56,-15
public_v1,O3,p02950,bundle_default_opt_3,True,icmp,47,48,1
public_v1,O3,p02950,bundle_default_opt_3,True,insertvalue,2,0,-2
public_v1,O3,p02950,bundle_default_opt_3,True,inttoptr,1,1,0
public_v1,O3,p02950,bundle_default_opt_3,True,load,108,108,0
public_v1,O3,p02950,bundle_default_opt_3,True,mul,10,10,0
public_v1,O3,p02950,bundle_default_opt_3,True,or,6,6,0
public_v1,O3,p02950,bundle_default_opt_3,True,phi,7,4,-3
public_v1,O3,p02950,bundle_default_opt_3,True,ptrtoint,17,2,-15
public_v1,O3,p02950,bundle_default_opt_3,True,ret,4,4,0
public_v1,O3,p02950,bundle_default_opt_3,True,sdiv,12,12,0
public_v1,O3,p02950,bundle_default_opt_3,True,select,17,18,1
public_v1,O3,p02950,bundle_default_opt_3,True,sext,28,28,0
public_v1,O3,p02950,bundle_default_opt_3,True,shl,17,17,0
public_v1,O3,p02950,bundle_default_opt_3,True,srem,9,9,0
public_v1,O3,p02950,bundle_default_opt_3,True,store,91,96,5
public_v1,O3,p02950,bundle_default_opt_3,True,sub,12,3,-9
public_v1,O3,p02950,bundle_default_opt_3,True,switch,1,1,0
public_v1,O3,p02950,bundle_default_opt_3,True,trunc,23,23,0
public_v1,O3,p02950,bundle_default_opt_3,True,unreachable,24,24,0
public_v1,O3,p02950,bundle_default_opt_3,True,xor,2,2,0
public_v1,O3,p02950,bundle_default_opt_3,True,zext,32,33,1
public_v1,O3,p02950,bundle_default_opt_4,True,add,48,48,0
public_v1,O3,p02950,bundle_default_opt_4,True,alloca,1,1,0
public_v1,O3,p02950,bundle_default_opt_4,True,and,13,13,0
public_v1,O3,p02950,bundle_default_opt_4,True,ashr,8,8,0
public_v1,O3,p02950,bundle_default_opt_4,True,br,106,106,0
public_v1,O3,p02950,bundle_default_opt_4,True,call,47,47,0
public_v1,O3,p02950,bundle_default_opt_4,True,getelementptr,56,50,-6
public_v1,O3,p02950,bundle_default_opt_4,True,icmp,48,48,0
public_v1,O3,p02950,bundle_default_opt_4,True,inttoptr,1,1,0
public_v1,O3,p02950,bundle_default_opt_4,True,load,108,108,0
public_v1,O3,p02950,bundle_default_opt_4,True,mul,10,10,0
public_v1,O3,p02950,bundle_default_opt_4,True,or,6,6,0
public_v1,O3,p02950,bundle_default_opt_4,True,phi,4,4,0
public_v1,O3,p02950,bundle_default_opt_4,True,ptrtoint,2,2,0
public_v1,O3,p02950,bundle_default_opt_4,True,ret,4,4,0
public_v1,O3,p02950,bundle_default_opt_4,True,sdiv,12,12,0
public_v1,O3,p02950,bundle_default_opt_4,True,select,18,18,0
public_v1,O3,p02950,bundle_default_opt_4,True,sext,28,28,0
public_v1,O3,p02950,bundle_default_opt_4,True,shl,17,17,0
public_v1,O3,p02950,bundle_default_opt_4,True,srem,9,9,0
public_v1,O3,p02950,bundle_default_opt_4,True,store,96,96,0
public_v1,O3,p02950,bundle_default_opt_4,True,sub,3,3,0
public_v1,O3,p02950,bundle_default_opt_4,True,switch,1,1,0
public_v1,O3,p02950,bundle_default_opt_4,True,trunc,23,23,0
public_v1,O3,p02950,bundle_default_opt_4,True,unreachable,24,24,0
public_v1,O3,p02950,bundle_default_opt_4,True,xor,2,2,0
public_v1,O3,p02950,bundle_default_opt_4,True,zext,33,33,0
public_v1,O3,p02950,bundle_post_opt_4_custom_cleanup,True,add,48,48,0
public_v1,O3,p02950,bundle_post_opt_4_custom_cleanup,True,alloca,1,1,0
public_v1,O3,p02950,bundle_post_opt_4_custom_cleanup,True,and,13,13,0
public_v1,O3,p02950,bundle_post_opt_4_custom_cleanup,True,ashr,8,8,0
public_v1,O3,p02950,bundle_post_opt_4_custom_cleanup,True,br,106,106,0
public_v1,O3,p02950,bundle_post_opt_4_custom_cleanup,True,call,47,47,0
public_v1,O3,p02950,bundle_post_opt_4_custom_cleanup,True,getelementptr,50,50,0
public_v1,O3,p02950,bundle_post_opt_4_custom_cleanup,True,icmp,48,48,0
public_v1,O3,p02950,bundle_post_opt_4_custom_cleanup,True,inttoptr,1,1,0
public_v1,O3,p02950,bundle_post_opt_4_custom_cleanup,True,load,108,108,0
public_v1,O3,p02950,bundle_post_opt_4_custom_cleanup,True,mul,10,10,0
public_v1,O3,p02950,bundle_post_opt_4_custom_cleanup,True,or,6,6,0
public_v1,O3,p02950,bundle_post_opt_4_custom_cleanup,True,phi,4,4,0
public_v1,O3,p02950,bundle_post_opt_4_custom_cleanup,True,ptrtoint,2,2,0
public_v1,O3,p02950,bundle_post_opt_4_custom_cleanup,True,ret,4,4,0
public_v1,O3,p02950,bundle_post_opt_4_custom_cleanup,True,sdiv,12,12,0
public_v1,O3,p02950,bundle_post_opt_4_custom_cleanup,True,select,18,18,0
public_v1,O3,p02950,bundle_post_opt_4_custom_cleanup,True,sext,28,28,0
public_v1,O3,p02950,bundle_post_opt_4_custom_cleanup,True,shl,17,17,0
public_v1,O3,p02950,bundle_post_opt_4_custom_cleanup,True,srem,9,9,0
public_v1,O3,p02950,bundle_post_opt_4_custom_cleanup,True,store,96,96,0
public_v1,O3,p02950,bundle_post_opt_4_custom_cleanup,True,sub,3,3,0
public_v1,O3,p02950,bundle_post_opt_4_custom_cleanup,True,switch,1,1,0
public_v1,O3,p02950,bundle_post_opt_4_custom_cleanup,True,trunc,23,23,0
public_v1,O3,p02950,bundle_post_opt_4_custom_cleanup,True,unreachable,24,24,0
public_v1,O3,p02950,bundle_post_opt_4_custom_cleanup,True,xor,2,2,0
public_v1,O3,p02950,bundle_post_opt_4_custom_cleanup,True,zext,33,33,0
public_v1,O3,p03006,main_default_opt_1,True,add,235,120,-115
public_v1,O3,p03006,main_default_opt_1,True,alloca,11,3,-8
public_v1,O3,p03006,main_default_opt_1,True,and,151,123,-28
public_v1,O3,p03006,main_default_opt_1,True,ashr,10,8,-2
public_v1,O3,p03006,main_default_opt_1,True,br,104,91,-13
public_v1,O3,p03006,main_default_opt_1,True,call,44,16,-28
public_v1,O3,p03006,main_default_opt_1,True,extractvalue,66,15,-51
public_v1,O3,p03006,main_default_opt_1,True,getelementptr,317,144,-173
public_v1,O3,p03006,main_default_opt_1,True,icmp,142,100,-42
public_v1,O3,p03006,main_default_opt_1,True,insertvalue,92,6,-86
public_v1,O3,p03006,main_default_opt_1,True,inttoptr,17,15,-2
public_v1,O3,p03006,main_default_opt_1,True,load,199,160,-39
public_v1,O3,p03006,main_default_opt_1,True,lshr,31,2,-29
public_v1,O3,p03006,main_default_opt_1,True,mul,56,50,-6
public_v1,O3,p03006,main_default_opt_1,True,or,102,100,-2
public_v1,O3,p03006,main_default_opt_1,True,phi,72,65,-7
public_v1,O3,p03006,main_default_opt_1,True,ptrtoint,13,8,-5
public_v1,O3,p03006,main_default_opt_1,True,ret,8,3,-5
public_v1,O3,p03006,main_default_opt_1,True,select,64,57,-7
public_v1,O3,p03006,main_default_opt_1,True,shl,9,7,-2
public_v1,O3,p03006,main_default_opt_1,True,store,304,147,-157
public_v1,O3,p03006,main_default_opt_1,True,sub,103,20,-83
public_v1,O3,p03006,main_default_opt_1,True,switch,5,4,-1
public_v1,O3,p03006,main_default_opt_1,True,trunc,52,15,-37
public_v1,O3,p03006,main_default_opt_1,True,xor,105,70,-35
public_v1,O3,p03006,main_default_opt_1,True,zext,152,117,-35
public_v1,O3,p03006,main_default_opt_2,True,add,81,76,-5
public_v1,O3,p03006,main_default_opt_2,True,alloca,2,2,0
public_v1,O3,p03006,main_default_opt_2,True,and,18,7,-11
public_v1,O3,p03006,main_default_opt_2,True,ashr,8,8,0
public_v1,O3,p03006,main_default_opt_2,True,br,91,81,-10
public_v1,O3,p03006,main_default_opt_2,True,call,12,10,-2
public_v1,O3,p03006,main_default_opt_2,True,extractvalue,10,10,0
public_v1,O3,p03006,main_default_opt_2,True,getelementptr,121,123,2
public_v1,O3,p03006,main_default_opt_2,True,icmp,55,55,0
public_v1,O3,p03006,main_default_opt_2,True,insertvalue,6,4,-2
public_v1,O3,p03006,main_default_opt_2,True,inttoptr,13,11,-2
public_v1,O3,p03006,main_default_opt_2,True,load,93,93,0
public_v1,O3,p03006,main_default_opt_2,True,mul,22,19,-3
public_v1,O3,p03006,main_default_opt_2,True,or,11,2,-9
public_v1,O3,p03006,main_default_opt_2,True,phi,14,12,-2
public_v1,O3,p03006,main_default_opt_2,True,ptrtoint,4,2,-2
public_v1,O3,p03006,main_default_opt_2,True,ret,3,3,0
public_v1,O3,p03006,main_default_opt_2,True,select,48,48,0
public_v1,O3,p03006,main_default_opt_2,True,shl,7,7,0
public_v1,O3,p03006,main_default_opt_2,True,store,101,102,1
public_v1,O3,p03006,main_default_opt_2,True,sub,17,15,-2
public_v1,O3,p03006,main_default_opt_2,True,switch,4,4,0
public_v1,O3,p03006,main_default_opt_2,True,xor,2,1,-1
public_v1,O3,p03006,main_default_opt_2,True,zext,9,7,-2
public_v1,O3,p03006,bundle_default_opt_3,True,add,73,54,-19
public_v1,O3,p03006,bundle_default_opt_3,True,alloca,2,2,0
public_v1,O3,p03006,bundle_default_opt_3,True,and,7,7,0
public_v1,O3,p03006,bundle_default_opt_3,True,ashr,8,7,-1
public_v1,O3,p03006,bundle_default_opt_3,True,br,81,82,1
public_v1,O3,p03006,bundle_default_opt_3,True,call,10,10,0
public_v1,O3,p03006,bundle_default_opt_3,True,extractvalue,10,10,0
public_v1,O3,p03006,bundle_default_opt_3,True,getelementptr,126,112,-14
public_v1,O3,p03006,bundle_default_opt_3,True,icmp,55,43,-12
public_v1,O3,p03006,bundle_default_opt_3,True,insertvalue,4,4,0
public_v1,O3,p03006,bundle_default_opt_3,True,inttoptr,11,7,-4
public_v1,O3,p03006,bundle_default_opt_3,True,load,81,80,-1
public_v1,O3,p03006,bundle_default_opt_3,True,mul,19,12,-7
public_v1,O3,p03006,bundle_default_opt_3,True,or,2,2,0
public_v1,O3,p03006,bundle_default_opt_3,True,phi,11,13,2
public_v1,O3,p03006,bundle_default_opt_3,True,ptrtoint,5,2,-3
public_v1,O3,p03006,bundle_default_opt_3,True,ret,3,3,0
public_v1,O3,p03006,bundle_default_opt_3,True,select,48,36,-12
public_v1,O3,p03006,bundle_default_opt_3,True,shl,7,7,0
public_v1,O3,p03006,bundle_default_opt_3,True,store,102,101,-1
public_v1,O3,p03006,bundle_default_opt_3,True,sub,14,11,-3
public_v1,O3,p03006,bundle_default_opt_3,True,switch,4,4,0
public_v1,O3,p03006,bundle_default_opt_3,True,xor,1,1,0
public_v1,O3,p03006,bundle_default_opt_3,True,zext,7,7,0
public_v1,O3,p03006,bundle_default_opt_4,True,add,54,54,0
public_v1,O3,p03006,bundle_default_opt_4,True,alloca,2,2,0
public_v1,O3,p03006,bundle_default_opt_4,True,and,7,7,0
public_v1,O3,p03006,bundle_default_opt_4,True,ashr,7,7,0
public_v1,O3,p03006,bundle_default_opt_4,True,br,82,82,0
public_v1,O3,p03006,bundle_default_opt_4,True,call,10,10,0
public_v1,O3,p03006,bundle_default_opt_4,True,extractvalue,10,10,0
public_v1,O3,p03006,bundle_default_opt_4,True,getelementptr,112,108,-4
public_v1,O3,p03006,bundle_default_opt_4,True,icmp,43,43,0
public_v1,O3,p03006,bundle_default_opt_4,True,insertvalue,4,4,0
public_v1,O3,p03006,bundle_default_opt_4,True,inttoptr,7,7,0
public_v1,O3,p03006,bundle_default_opt_4,True,load,80,80,0
public_v1,O3,p03006,bundle_default_opt_4,True,mul,12,12,0
public_v1,O3,p03006,bundle_default_opt_4,True,or,2,2,0
public_v1,O3,p03006,bundle_default_opt_4,True,phi,13,13,0
public_v1,O3,p03006,bundle_default_opt_4,True,ptrtoint,2,2,0
public_v1,O3,p03006,bundle_default_opt_4,True,ret,3,3,0
public_v1,O3,p03006,bundle_default_opt_4,True,select,36,36,0
public_v1,O3,p03006,bundle_default_opt_4,True,shl,7,7,0
public_v1,O3,p03006,bundle_default_opt_4,True,store,101,101,0
public_v1,O3,p03006,bundle_default_opt_4,True,sub,11,11,0
public_v1,O3,p03006,bundle_default_opt_4,True,switch,4,4,0
public_v1,O3,p03006,bundle_default_opt_4,True,xor,1,1,0
public_v1,O3,p03006,bundle_default_opt_4,True,zext,7,7,0
public_v1,O3,p03006,bundle_post_opt_4_custom_cleanup,True,add,54,54,0
public_v1,O3,p03006,bundle_post_opt_4_custom_cleanup,True,alloca,2,2,0
public_v1,O3,p03006,bundle_post_opt_4_custom_cleanup,True,and,7,7,0
public_v1,O3,p03006,bundle_post_opt_4_custom_cleanup,True,ashr,7,7,0
public_v1,O3,p03006,bundle_post_opt_4_custom_cleanup,True,br,82,82,0
public_v1,O3,p03006,bundle_post_opt_4_custom_cleanup,True,call,10,10,0
public_v1,O3,p03006,bundle_post_opt_4_custom_cleanup,True,extractvalue,10,10,0
public_v1,O3,p03006,bundle_post_opt_4_custom_cleanup,True,getelementptr,108,108,0
public_v1,O3,p03006,bundle_post_opt_4_custom_cleanup,True,icmp,43,43,0
public_v1,O3,p03006,bundle_post_opt_4_custom_cleanup,True,insertvalue,4,4,0
public_v1,O3,p03006,bundle_post_opt_4_custom_cleanup,True,inttoptr,7,7,0
public_v1,O3,p03006,bundle_post_opt_4_custom_cleanup,True,load,80,80,0
public_v1,O3,p03006,bundle_post_opt_4_custom_cleanup,True,mul,12,12,0
public_v1,O3,p03006,bundle_post_opt_4_custom_cleanup,True,or,2,2,0
public_v1,O3,p03006,bundle_post_opt_4_custom_cleanup,True,phi,13,13,0
public_v1,O3,p03006,bundle_post_opt_4_custom_cleanup,True,ptrtoint,2,2,0
public_v1,O3,p03006,bundle_post_opt_4_custom_cleanup,True,ret,3,3,0
public_v1,O3,p03006,bundle_post_opt_4_custom_cleanup,True,select,36,36,0
public_v1,O3,p03006,bundle_post_opt_4_custom_cleanup,True,shl,7,7,0
public_v1,O3,p03006,bundle_post_opt_4_custom_cleanup,True,store,101,101,0
public_v1,O3,p03006,bundle_post_opt_4_custom_cleanup,True,sub,11,11,0
public_v1,O3,p03006,bundle_post_opt_4_custom_cleanup,True,switch,4,4,0
public_v1,O3,p03006,bundle_post_opt_4_custom_cleanup,True,xor,1,1,0
public_v1,O3,p03006,bundle_post_opt_4_custom_cleanup,True,zext,7,7,0
public_v1,O3,p03111,main_default_opt_1,True,add,500,324,-176
public_v1,O3,p03111,main_default_opt_1,True,alloca,12,24,12
public_v1,O3,p03111,main_default_opt_1,True,and,135,76,-59
public_v1,O3,p03111,main_default_opt_1,True,ashr,4,3,-1
public_v1,O3,p03111,main_default_opt_1,True,br,70,65,-5
public_v1,O3,p03111,main_default_opt_1,True,call,81,83,2
public_v1,O3,p03111,main_default_opt_1,True,extractvalue,151,25,-126
public_v1,O3,p03111,main_default_opt_1,True,getelementptr,749,533,-216
public_v1,O3,p03111,main_default_opt_1,True,icmp,334,277,-57
public_v1,O3,p03111,main_default_opt_1,True,insertvalue,168,9,-159
public_v1,O3,p03111,main_default_opt_1,True,inttoptr,83,81,-2
public_v1,O3,p03111,main_default_opt_1,True,load,318,203,-115
public_v1,O3,p03111,main_default_opt_1,True,lshr,63,11,-52
public_v1,O3,p03111,main_default_opt_1,True,mul,25,24,-1
public_v1,O3,p03111,main_default_opt_1,True,or,64,65,1
public_v1,O3,p03111,main_default_opt_1,True,phi,37,39,2
public_v1,O3,p03111,main_default_opt_1,True,ptrtoint,26,20,-6
public_v1,O3,p03111,main_default_opt_1,True,ret,23,9,-14
public_v1,O3,p03111,main_default_opt_1,True,sdiv,4,3,-1
public_v1,O3,p03111,main_default_opt_1,True,select,245,239,-6
public_v1,O3,p03111,main_default_opt_1,True,sext,15,9,-6
public_v1,O3,p03111,main_default_opt_1,True,shl,9,9,0
public_v1,O3,p03111,main_default_opt_1,True,store,389,434,45
public_v1,O3,p03111,main_default_opt_1,True,sub,156,27,-129
public_v1,O3,p03111,main_default_opt_1,True,switch,2,1,-1
public_v1,O3,p03111,main_default_opt_1,True,trunc,90,21,-69
public_v1,O3,p03111,main_default_opt_1,True,unreachable,8,5,-3
public_v1,O3,p03111,main_default_opt_1,True,xor,108,52,-56
public_v1,O3,p03111,main_default_opt_1,True,zext,138,86,-52
public_v1,O3,p03111,main_default_opt_2,True,add,271,295,24
public_v1,O3,p03111,main_default_opt_2,True,alloca,17,17,0
public_v1,O3,p03111,main_default_opt_2,True,and,211,49,-162
public_v1,O3,p03111,main_default_opt_2,True,ashr,3,1,-2
public_v1,O3,p03111,main_default_opt_2,True,br,58,57,-1
public_v1,O3,p03111,main_default_opt_2,True,call,59,58,-1
public_v1,O3,p03111,main_default_opt_2,True,extractvalue,19,18,-1
public_v1,O3,p03111,main_default_opt_2,True,getelementptr,497,443,-54
public_v1,O3,p03111,main_default_opt_2,True,icmp,370,250,-120
public_v1,O3,p03111,main_default_opt_2,True,insertvalue,9,6,-3
public_v1,O3,p03111,main_default_opt_2,True,inttoptr,88,72,-16
public_v1,O3,p03111,main_default_opt_2,True,load,158,157,-1
public_v1,O3,p03111,main_default_opt_2,True,lshr,2,3,1
public_v1,O3,p03111,main_default_opt_2,True,mul,21,20,-1
public_v1,O3,p03111,main_default_opt_2,True,or,129,39,-90
public_v1,O3,p03111,main_default_opt_2,True,phi,27,24,-3
public_v1,O3,p03111,main_default_opt_2,True,ptrtoint,39,15,-24
public_v1,O3,p03111,main_default_opt_2,True,ret,4,4,0
public_v1,O3,p03111,main_default_opt_2,True,sdiv,3,2,-1
public_v1,O3,p03111,main_default_opt_2,True,select,271,223,-48
public_v1,O3,p03111,main_default_opt_2,True,sext,6,4,-2
public_v1,O3,p03111,main_default_opt_2,True,shl,9,9,0
public_v1,O3,p03111,main_default_opt_2,True,store,292,292,0
public_v1,O3,p03111,main_default_opt_2,True,sub,97,19,-78
public_v1,O3,p03111,main_default_opt_2,True,switch,1,1,0
public_v1,O3,p03111,main_default_opt_2,True,trunc,10,6,-4
public_v1,O3,p03111,main_default_opt_2,True,unreachable,5,4,-1
public_v1,O3,p03111,main_default_opt_2,True,xor,34,34,0
public_v1,O3,p03111,main_default_opt_2,True,zext,63,62,-1
public_v1,O3,p03111,bundle_default_opt_3,True,add,79,73,-6
public_v1,O3,p03111,bundle_default_opt_3,True,alloca,17,17,0
public_v1,O3,p03111,bundle_default_opt_3,True,and,49,49,0
public_v1,O3,p03111,bundle_default_opt_3,True,ashr,1,1,0
public_v1,O3,p03111,bundle_default_opt_3,True,br,57,57,0
public_v1,O3,p03111,bundle_default_opt_3,True,call,129,129,0
public_v1,O3,p03111,bundle_default_opt_3,True,extractvalue,18,18,0
public_v1,O3,p03111,bundle_default_opt_3,True,getelementptr,239,232,-7
public_v1,O3,p03111,bundle_default_opt_3,True,icmp,40,40,0
public_v1,O3,p03111,bundle_default_opt_3,True,insertvalue,6,6,0
public_v1,O3,p03111,bundle_default_opt_3,True,inttoptr,2,2,0
public_v1,O3,p03111,bundle_default_opt_3,True,load,157,153,-4
public_v1,O3,p03111,bundle_default_opt_3,True,lshr,3,3,0
public_v1,O3,p03111,bundle_default_opt_3,True,mul,20,20,0
public_v1,O3,p03111,bundle_default_opt_3,True,or,39,39,0
public_v1,O3,p03111,bundle_default_opt_3,True,phi,22,24,2
public_v1,O3,p03111,bundle_default_opt_3,True,ptrtoint,21,15,-6
public_v1,O3,p03111,bundle_default_opt_3,True,ret,5,5,0
public_v1,O3,p03111,bundle_default_opt_3,True,sdiv,2,2,0
public_v1,O3,p03111,bundle_default_opt_3,True,select,13,13,0
public_v1,O3,p03111,bundle_default_opt_3,True,sext,4,4,0
public_v1,O3,p03111,bundle_default_opt_3,True,shl,9,9,0
public_v1,O3,p03111,bundle_default_opt_3,True,store,292,286,-6
public_v1,O3,p03111,bundle_default_opt_3,True,sub,17,11,-6
public_v1,O3,p03111,bundle_default_opt_3,True,switch,1,1,0
public_v1,O3,p03111,bundle_default_opt_3,True,trunc,6,6,0
public_v1,O3,p03111,bundle_default_opt_3,True,unreachable,4,4,0
public_v1,O3,p03111,bundle_default_opt_3,True,xor,34,34,0
public_v1,O3,p03111,bundle_default_opt_3,True,zext,62,62,0
public_v1,O3,p03111,bundle_default_opt_4,True,add,73,73,0
public_v1,O3,p03111,bundle_default_opt_4,True,alloca,17,17,0
public_v1,O3,p03111,bundle_default_opt_4,True,and,49,49,0
public_v1,O3,p03111,bundle_default_opt_4,True,ashr,1,1,0
public_v1,O3,p03111,bundle_default_opt_4,True,br,57,57,0
public_v1,O3,p03111,bundle_default_opt_4,True,call,129,129,0
public_v1,O3,p03111,bundle_default_opt_4,True,extractvalue,18,18,0
public_v1,O3,p03111,bundle_default_opt_4,True,getelementptr,232,228,-4
public_v1,O3,p03111,bundle_default_opt_4,True,icmp,40,40,0
public_v1,O3,p03111,bundle_default_opt_4,True,insertvalue,6,6,0
public_v1,O3,p03111,bundle_default_opt_4,True,inttoptr,2,2,0
public_v1,O3,p03111,bundle_default_opt_4,True,load,153,153,0
public_v1,O3,p03111,bundle_default_opt_4,True,lshr,3,3,0
public_v1,O3,p03111,bundle_default_opt_4,True,mul,20,20,0
public_v1,O3,p03111,bundle_default_opt_4,True,or,39,39,0
public_v1,O3,p03111,bundle_default_opt_4,True,phi,24,24,0
public_v1,O3,p03111,bundle_default_opt_4,True,ptrtoint,15,15,0
public_v1,O3,p03111,bundle_default_opt_4,True,ret,5,5,0
public_v1,O3,p03111,bundle_default_opt_4,True,sdiv,2,2,0
public_v1,O3,p03111,bundle_default_opt_4,True,select,13,13,0
public_v1,O3,p03111,bundle_default_opt_4,True,sext,4,4,0
public_v1,O3,p03111,bundle_default_opt_4,True,shl,9,9,0
public_v1,O3,p03111,bundle_default_opt_4,True,store,286,286,0
public_v1,O3,p03111,bundle_default_opt_4,True,sub,11,11,0
public_v1,O3,p03111,bundle_default_opt_4,True,switch,1,1,0
public_v1,O3,p03111,bundle_default_opt_4,True,trunc,6,6,0
public_v1,O3,p03111,bundle_default_opt_4,True,unreachable,4,4,0
public_v1,O3,p03111,bundle_default_opt_4,True,xor,34,34,0
public_v1,O3,p03111,bundle_default_opt_4,True,zext,62,62,0
public_v1,O3,p03111,bundle_post_opt_4_custom_cleanup,True,add,73,73,0
public_v1,O3,p03111,bundle_post_opt_4_custom_cleanup,True,alloca,17,17,0
public_v1,O3,p03111,bundle_post_opt_4_custom_cleanup,True,and,49,49,0
public_v1,O3,p03111,bundle_post_opt_4_custom_cleanup,True,ashr,1,1,0
public_v1,O3,p03111,bundle_post_opt_4_custom_cleanup,True,br,57,57,0
public_v1,O3,p03111,bundle_post_opt_4_custom_cleanup,True,call,129,129,0
public_v1,O3,p03111,bundle_post_opt_4_custom_cleanup,True,extractvalue,18,18,0
public_v1,O3,p03111,bundle_post_opt_4_custom_cleanup,True,getelementptr,228,228,0
public_v1,O3,p03111,bundle_post_opt_4_custom_cleanup,True,icmp,40,40,0
public_v1,O3,p03111,bundle_post_opt_4_custom_cleanup,True,insertvalue,6,6,0
public_v1,O3,p03111,bundle_post_opt_4_custom_cleanup,True,inttoptr,2,2,0
public_v1,O3,p03111,bundle_post_opt_4_custom_cleanup,True,load,153,153,0
public_v1,O3,p03111,bundle_post_opt_4_custom_cleanup,True,lshr,3,3,0
public_v1,O3,p03111,bundle_post_opt_4_custom_cleanup,True,mul,20,20,0
public_v1,O3,p03111,bundle_post_opt_4_custom_cleanup,True,or,39,39,0
public_v1,O3,p03111,bundle_post_opt_4_custom_cleanup,True,phi,24,24,0
public_v1,O3,p03111,bundle_post_opt_4_custom_cleanup,True,ptrtoint,15,15,0
public_v1,O3,p03111,bundle_post_opt_4_custom_cleanup,True,ret,5,5,0
public_v1,O3,p03111,bundle_post_opt_4_custom_cleanup,True,sdiv,2,2,0
public_v1,O3,p03111,bundle_post_opt_4_custom_cleanup,True,select,13,13,0
public_v1,O3,p03111,bundle_post_opt_4_custom_cleanup,True,sext,4,4,0
public_v1,O3,p03111,bundle_post_opt_4_custom_cleanup,True,shl,9,9,0
public_v1,O3,p03111,bundle_post_opt_4_custom_cleanup,True,store,286,286,0
public_v1,O3,p03111,bundle_post_opt_4_custom_cleanup,True,sub,11,11,0
public_v1,O3,p03111,bundle_post_opt_4_custom_cleanup,True,switch,1,1,0
public_v1,O3,p03111,bundle_post_opt_4_custom_cleanup,True,trunc,6,6,0
public_v1,O3,p03111,bundle_post_opt_4_custom_cleanup,True,unreachable,4,4,0
public_v1,O3,p03111,bundle_post_opt_4_custom_cleanup,True,xor,34,34,0
public_v1,O3,p03111,bundle_post_opt_4_custom_cleanup,True,zext,62,62,0
public_v1,O3,p03142,main_default_opt_1,True,add,437,325,-112
public_v1,O3,p03142,main_default_opt_1,True,alloca,12,18,6
public_v1,O3,p03142,main_default_opt_1,True,and,130,95,-35
public_v1,O3,p03142,main_default_opt_1,True,br,82,73,-9
public_v1,O3,p03142,main_default_opt_1,True,call,56,59,3
public_v1,O3,p03142,main_default_opt_1,True,extractvalue,121,26,-95
public_v1,O3,p03142,main_default_opt_1,True,getelementptr,692,457,-235
public_v1,O3,p03142,main_default_opt_1,True,icmp,306,274,-32
public_v1,O3,p03142,main_default_opt_1,True,insertvalue,141,15,-126
public_v1,O3,p03142,main_default_opt_1,True,inttoptr,79,80,1
public_v1,O3,p03142,main_default_opt_1,True,load,321,241,-80
public_v1,O3,p03142,main_default_opt_1,True,lshr,39,13,-26
public_v1,O3,p03142,main_default_opt_1,True,mul,24,24,0
public_v1,O3,p03142,main_default_opt_1,True,or,79,79,0
public_v1,O3,p03142,main_default_opt_1,True,phi,61,60,-1
public_v1,O3,p03142,main_default_opt_1,True,ptrtoint,28,26,-2
public_v1,O3,p03142,main_default_opt_1,True,ret,21,8,-13
public_v1,O3,p03142,main_default_opt_1,True,select,231,235,4
public_v1,O3,p03142,main_default_opt_1,True,sext,51,50,-1
public_v1,O3,p03142,main_default_opt_1,True,shl,56,56,0
public_v1,O3,p03142,main_default_opt_1,True,store,340,368,28
public_v1,O3,p03142,main_default_opt_1,True,sub,117,28,-89
public_v1,O3,p03142,main_default_opt_1,True,switch,4,3,-1
public_v1,O3,p03142,main_default_opt_1,True,trunc,83,52,-31
public_v1,O3,p03142,main_default_opt_1,True,xor,91,61,-30
public_v1,O3,p03142,main_default_opt_1,True,zext,134,94,-40
public_v1,O3,p03142,main_default_opt_2,True,add,297,297,0
public_v1,O3,p03142,main_default_opt_2,True,alloca,13,13,0
public_v1,O3,p03142,main_default_opt_2,True,and,205,63,-142
public_v1,O3,p03142,main_default_opt_2,True,br,69,68,-1
public_v1,O3,p03142,main_default_opt_2,True,call,38,38,0
public_v1,O3,p03142,main_default_opt_2,True,extractvalue,22,6,-16
public_v1,O3,p03142,main_default_opt_2,True,getelementptr,473,424,-49
public_v1,O3,p03142,main_default_opt_2,True,icmp,368,257,-111
public_v1,O3,p03142,main_default_opt_2,True,insertvalue,15,4,-11
public_v1,O3,p03142,main_default_opt_2,True,inttoptr,87,75,-12
public_v1,O3,p03142,main_default_opt_2,True,load,196,195,-1
public_v1,O3,p03142,main_default_opt_2,True,mul,17,17,0
public_v1,O3,p03142,main_default_opt_2,True,or,133,62,-71
public_v1,O3,p03142,main_default_opt_2,True,phi,49,32,-17
public_v1,O3,p03142,main_default_opt_2,True,ptrtoint,37,18,-19
public_v1,O3,p03142,main_default_opt_2,True,ret,3,3,0
public_v1,O3,p03142,main_default_opt_2,True,select,283,247,-36
public_v1,O3,p03142,main_default_opt_2,True,sext,47,47,0
public_v1,O3,p03142,main_default_opt_2,True,shl,56,56,0
public_v1,O3,p03142,main_default_opt_2,True,store,263,263,0
public_v1,O3,p03142,main_default_opt_2,True,sub,86,8,-78
public_v1,O3,p03142,main_default_opt_2,True,switch,3,3,0
public_v1,O3,p03142,main_default_opt_2,True,trunc,37,36,-1
public_v1,O3,p03142,main_default_opt_2,True,xor,33,34,1
public_v1,O3,p03142,main_default_opt_2,True,zext,57,57,0
public_v1,O3,p03142,bundle_default_opt_3,True,add,75,71,-4
public_v1,O3,p03142,bundle_default_opt_3,True,alloca,13,13,0
public_v1,O3,p03142,bundle_default_opt_3,True,and,63,58,-5
public_v1,O3,p03142,bundle_default_opt_3,True,br,68,68,0
public_v1,O3,p03142,bundle_default_opt_3,True,call,112,112,0
public_v1,O3,p03142,bundle_default_opt_3,True,extractvalue,4,4,0
public_v1,O3,p03142,bundle_default_opt_3,True,getelementptr,205,193,-12
public_v1,O3,p03142,bundle_default_opt_3,True,icmp,35,35,0
public_v1,O3,p03142,bundle_default_opt_3,True,insertvalue,4,3,-1
public_v1,O3,p03142,bundle_default_opt_3,True,inttoptr,1,1,0
public_v1,O3,p03142,bundle_default_opt_3,True,load,195,195,0
public_v1,O3,p03142,bundle_default_opt_3,True,mul,17,17,0
public_v1,O3,p03142,bundle_default_opt_3,True,or,62,55,-7
public_v1,O3,p03142,bundle_default_opt_3,True,phi,32,28,-4
public_v1,O3,p03142,bundle_default_opt_3,True,ptrtoint,22,17,-5
public_v1,O3,p03142,bundle_default_opt_3,True,ret,4,4,0
public_v1,O3,p03142,bundle_default_opt_3,True,select,13,13,0
public_v1,O3,p03142,bundle_default_opt_3,True,sext,47,47,0
public_v1,O3,p03142,bundle_default_opt_3,True,shl,56,56,0
public_v1,O3,p03142,bundle_default_opt_3,True,store,263,216,-47
public_v1,O3,p03142,bundle_default_opt_3,True,sub,7,5,-2
public_v1,O3,p03142,bundle_default_opt_3,True,switch,3,3,0
public_v1,O3,p03142,bundle_default_opt_3,True,trunc,36,36,0
public_v1,O3,p03142,bundle_default_opt_3,True,xor,34,33,-1
public_v1,O3,p03142,bundle_default_opt_3,True,zext,57,60,3
public_v1,O3,p03142,bundle_default_opt_4,True,add,71,71,0
public_v1,O3,p03142,bundle_default_opt_4,True,alloca,13,13,0
public_v1,O3,p03142,bundle_default_opt_4,True,and,58,58,0
public_v1,O3,p03142,bundle_default_opt_4,True,br,68,68,0
public_v1,O3,p03142,bundle_default_opt_4,True,call,112,112,0
public_v1,O3,p03142,bundle_default_opt_4,True,extractvalue,4,4,0
public_v1,O3,p03142,bundle_default_opt_4,True,getelementptr,193,192,-1
public_v1,O3,p03142,bundle_default_opt_4,True,icmp,35,35,0
public_v1,O3,p03142,bundle_default_opt_4,True,insertvalue,3,3,0
public_v1,O3,p03142,bundle_default_opt_4,True,inttoptr,1,1,0
public_v1,O3,p03142,bundle_default_opt_4,True,load,195,194,-1
public_v1,O3,p03142,bundle_default_opt_4,True,mul,17,17,0
public_v1,O3,p03142,bundle_default_opt_4,True,or,55,55,0
public_v1,O3,p03142,bundle_default_opt_4,True,phi,28,28,0
public_v1,O3,p03142,bundle_default_opt_4,True,ptrtoint,17,17,0
public_v1,O3,p03142,bundle_default_opt_4,True,ret,4,4,0
public_v1,O3,p03142,bundle_default_opt_4,True,select,13,13,0
public_v1,O3,p03142,bundle_default_opt_4,True,sext,47,47,0
public_v1,O3,p03142,bundle_default_opt_4,True,shl,56,56,0
public_v1,O3,p03142,bundle_default_opt_4,True,store,216,216,0
public_v1,O3,p03142,bundle_default_opt_4,True,sub,5,5,0
public_v1,O3,p03142,bundle_default_opt_4,True,switch,3,3,0
public_v1,O3,p03142,bundle_default_opt_4,True,trunc,36,36,0
public_v1,O3,p03142,bundle_default_opt_4,True,xor,33,33,0
public_v1,O3,p03142,bundle_default_opt_4,True,zext,60,60,0
public_v1,O3,p03142,bundle_post_opt_4_custom_cleanup,True,add,71,71,0
public_v1,O3,p03142,bundle_post_opt_4_custom_cleanup,True,alloca,13,13,0
public_v1,O3,p03142,bundle_post_opt_4_custom_cleanup,True,and,58,58,0
public_v1,O3,p03142,bundle_post_opt_4_custom_cleanup,True,br,68,68,0
public_v1,O3,p03142,bundle_post_opt_4_custom_cleanup,True,call,112,112,0
public_v1,O3,p03142,bundle_post_opt_4_custom_cleanup,True,extractvalue,4,4,0
public_v1,O3,p03142,bundle_post_opt_4_custom_cleanup,True,getelementptr,192,192,0
public_v1,O3,p03142,bundle_post_opt_4_custom_cleanup,True,icmp,35,35,0
public_v1,O3,p03142,bundle_post_opt_4_custom_cleanup,True,insertvalue,3,3,0
public_v1,O3,p03142,bundle_post_opt_4_custom_cleanup,True,inttoptr,1,1,0
public_v1,O3,p03142,bundle_post_opt_4_custom_cleanup,True,load,194,194,0
public_v1,O3,p03142,bundle_post_opt_4_custom_cleanup,True,mul,17,17,0
public_v1,O3,p03142,bundle_post_opt_4_custom_cleanup,True,or,55,55,0
public_v1,O3,p03142,bundle_post_opt_4_custom_cleanup,True,phi,28,28,0
public_v1,O3,p03142,bundle_post_opt_4_custom_cleanup,True,ptrtoint,17,17,0
public_v1,O3,p03142,bundle_post_opt_4_custom_cleanup,True,ret,4,4,0
public_v1,O3,p03142,bundle_post_opt_4_custom_cleanup,True,select,13,13,0
public_v1,O3,p03142,bundle_post_opt_4_custom_cleanup,True,sext,47,47,0
public_v1,O3,p03142,bundle_post_opt_4_custom_cleanup,True,shl,56,56,0
public_v1,O3,p03142,bundle_post_opt_4_custom_cleanup,True,store,216,216,0
public_v1,O3,p03142,bundle_post_opt_4_custom_cleanup,True,sub,5,5,0
public_v1,O3,p03142,bundle_post_opt_4_custom_cleanup,True,switch,3,3,0
public_v1,O3,p03142,bundle_post_opt_4_custom_cleanup,True,trunc,36,36,0
public_v1,O3,p03142,bundle_post_opt_4_custom_cleanup,True,xor,33,33,0
public_v1,O3,p03142,bundle_post_opt_4_custom_cleanup,True,zext,60,60,0
public_v1,O3,p03199,main_default_opt_1,True,add,601,297,-304
public_v1,O3,p03199,main_default_opt_1,True,alloca,11,9,-2
public_v1,O3,p03199,main_default_opt_1,True,and,293,222,-71
public_v1,O3,p03199,main_default_opt_1,True,ashr,25,21,-4
public_v1,O3,p03199,main_default_opt_1,True,br,176,185,9
public_v1,O3,p03199,main_default_opt_1,True,call,64,41,-23
public_v1,O3,p03199,main_default_opt_1,True,extractvalue,98,38,-60
public_v1,O3,p03199,main_default_opt_1,True,freeze,0,1,1
public_v1,O3,p03199,main_default_opt_1,True,getelementptr,735,488,-247
public_v1,O3,p03199,main_default_opt_1,True,icmp,342,269,-73
public_v1,O3,p03199,main_default_opt_1,True,insertvalue,106,14,-92
public_v1,O3,p03199,main_default_opt_1,True,inttoptr,58,46,-12
public_v1,O3,p03199,main_default_opt_1,True,load,451,352,-99
public_v1,O3,p03199,main_default_opt_1,True,lshr,44,11,-33
public_v1,O3,p03199,main_default_opt_1,True,mul,83,84,1
public_v1,O3,p03199,main_default_opt_1,True,or,179,134,-45
public_v1,O3,p03199,main_default_opt_1,True,phi,46,73,27
public_v1,O3,p03199,main_default_opt_1,True,ptrtoint,22,17,-5
public_v1,O3,p03199,main_default_opt_1,True,ret,13,6,-7
public_v1,O3,p03199,main_default_opt_1,True,sdiv,6,5,-1
public_v1,O3,p03199,main_default_opt_1,True,select,202,165,-37
public_v1,O3,p03199,main_default_opt_1,True,sext,49,42,-7
public_v1,O3,p03199,main_default_opt_1,True,shl,39,30,-9
public_v1,O3,p03199,main_default_opt_1,True,srem,5,5,0
public_v1,O3,p03199,main_default_opt_1,True,store,552,534,-18
public_v1,O3,p03199,main_default_opt_1,True,sub,264,24,-240
public_v1,O3,p03199,main_default_opt_1,True,switch,6,4,-2
public_v1,O3,p03199,main_default_opt_1,True,trunc,97,45,-52
public_v1,O3,p03199,main_default_opt_1,True,unreachable,6,5,-1
public_v1,O3,p03199,main_default_opt_1,True,xor,166,119,-47
public_v1,O3,p03199,main_default_opt_1,True,zext,328,251,-77
public_v1,O3,p03199,main_default_opt_2,True,add,235,241,6
public_v1,O3,p03199,main_default_opt_2,True,alloca,11,11,0
public_v1,O3,p03199,main_default_opt_2,True,and,71,63,-8
public_v1,O3,p03199,main_default_opt_2,True,ashr,21,21,0
public_v1,O3,p03199,main_default_opt_2,True,br,185,185,0
public_v1,O3,p03199,main_default_opt_2,True,call,46,30,-16
public_v1,O3,p03199,main_default_opt_2,True,extractvalue,30,30,0
public_v1,O3,p03199,main_default_opt_2,True,freeze,1,1,0
public_v1,O3,p03199,main_default_opt_2,True,getelementptr,434,426,-8
public_v1,O3,p03199,main_default_opt_2,True,icmp,218,207,-11
public_v1,O3,p03199,main_default_opt_2,True,insertvalue,14,14,0
public_v1,O3,p03199,main_default_opt_2,True,inttoptr,43,43,0
public_v1,O3,p03199,main_default_opt_2,True,load,249,260,11
public_v1,O3,p03199,main_default_opt_2,True,lshr,11,11,0
public_v1,O3,p03199,main_default_opt_2,True,mul,32,32,0
public_v1,O3,p03199,main_default_opt_2,True,or,21,21,0
public_v1,O3,p03199,main_default_opt_2,True,phi,62,62,0
public_v1,O3,p03199,main_default_opt_2,True,ptrtoint,15,15,0
public_v1,O3,p03199,main_default_opt_2,True,ret,7,7,0
public_v1,O3,p03199,main_default_opt_2,True,sdiv,5,5,0
public_v1,O3,p03199,main_default_opt_2,True,select,158,156,-2
public_v1,O3,p03199,main_default_opt_2,True,sext,42,42,0
public_v1,O3,p03199,main_default_opt_2,True,shl,30,30,0
public_v1,O3,p03199,main_default_opt_2,True,srem,5,4,-1
public_v1,O3,p03199,main_default_opt_2,True,store,482,496,14
public_v1,O3,p03199,main_default_opt_2,True,sub,30,21,-9
public_v1,O3,p03199,main_default_opt_2,True,switch,4,4,0
public_v1,O3,p03199,main_default_opt_2,True,trunc,34,33,-1
public_v1,O3,p03199,main_default_opt_2,True,unreachable,5,5,0
public_v1,O3,p03199,main_default_opt_2,True,xor,18,17,-1
public_v1,O3,p03199,main_default_opt_2,True,zext,81,76,-5
public_v1,O3,p03199,bundle_default_opt_3,True,add,118,103,-15
public_v1,O3,p03199,bundle_default_opt_3,True,alloca,11,11,0
public_v1,O3,p03199,bundle_default_opt_3,True,and,60,50,-10
public_v1,O3,p03199,bundle_default_opt_3,True,ashr,21,21,0
public_v1,O3,p03199,bundle_default_opt_3,True,br,185,185,0
public_v1,O3,p03199,bundle_default_opt_3,True,call,68,68,0
public_v1,O3,p03199,bundle_default_opt_3,True,extractvalue,18,18,0
public_v1,O3,p03199,bundle_default_opt_3,True,freeze,1,1,0
public_v1,O3,p03199,bundle_default_opt_3,True,getelementptr,229,214,-15
public_v1,O3,p03199,bundle_default_opt_3,True,icmp,88,86,-2
public_v1,O3,p03199,bundle_default_opt_3,True,insertvalue,14,8,-6
public_v1,O3,p03199,bundle_default_opt_3,True,inttoptr,4,4,0
public_v1,O3,p03199,bundle_default_opt_3,True,load,247,238,-9
public_v1,O3,p03199,bundle_default_opt_3,True,lshr,8,8,0
public_v1,O3,p03199,bundle_default_opt_3,True,mul,32,27,-5
public_v1,O3,p03199,bundle_default_opt_3,True,or,21,17,-4
public_v1,O3,p03199,bundle_default_opt_3,True,phi,61,53,-8
public_v1,O3,p03199,bundle_default_opt_3,True,ptrtoint,24,10,-14
public_v1,O3,p03199,bundle_default_opt_3,True,ret,9,9,0
public_v1,O3,p03199,bundle_default_opt_3,True,sdiv,5,5,0
public_v1,O3,p03199,bundle_default_opt_3,True,select,40,40,0
public_v1,O3,p03199,bundle_default_opt_3,True,sext,42,41,-1
public_v1,O3,p03199,bundle_default_opt_3,True,shl,30,30,0
public_v1,O3,p03199,bundle_default_opt_3,True,srem,4,4,0
public_v1,O3,p03199,bundle_default_opt_3,True,store,463,457,-6
public_v1,O3,p03199,bundle_default_opt_3,True,sub,23,8,-15
public_v1,O3,p03199,bundle_default_opt_3,True,switch,4,4,0
public_v1,O3,p03199,bundle_default_opt_3,True,trunc,31,30,-1
public_v1,O3,p03199,bundle_default_opt_3,True,unreachable,5,5,0
public_v1,O3,p03199,bundle_default_opt_3,True,xor,14,9,-5
public_v1,O3,p03199,bundle_default_opt_3,True,zext,73,67,-6
public_v1,O3,p03199,bundle_default_opt_4,True,add,103,103,0
public_v1,O3,p03199,bundle_default_opt_4,True,alloca,11,11,0
public_v1,O3,p03199,bundle_default_opt_4,True,and,50,50,0
public_v1,O3,p03199,bundle_default_opt_4,True,ashr,21,21,0
public_v1,O3,p03199,bundle_default_opt_4,True,br,185,185,0
public_v1,O3,p03199,bundle_default_opt_4,True,call,68,68,0
public_v1,O3,p03199,bundle_default_opt_4,True,extractvalue,18,18,0
public_v1,O3,p03199,bundle_default_opt_4,True,freeze,1,1,0
public_v1,O3,p03199,bundle_default_opt_4,True,getelementptr,214,177,-37
public_v1,O3,p03199,bundle_default_opt_4,True,icmp,86,86,0
public_v1,O3,p03199,bundle_default_opt_4,True,insertvalue,8,8,0
public_v1,O3,p03199,bundle_default_opt_4,True,inttoptr,4,4,0
public_v1,O3,p03199,bundle_default_opt_4,True,load,238,231,-7
public_v1,O3,p03199,bundle_default_opt_4,True,lshr,8,8,0
public_v1,O3,p03199,bundle_default_opt_4,True,mul,27,27,0
public_v1,O3,p03199,bundle_default_opt_4,True,or,17,17,0
public_v1,O3,p03199,bundle_default_opt_4,True,phi,53,53,0
public_v1,O3,p03199,bundle_default_opt_4,True,ptrtoint,10,10,0
public_v1,O3,p03199,bundle_default_opt_4,True,ret,9,9,0
public_v1,O3,p03199,bundle_default_opt_4,True,sdiv,5,5,0
public_v1,O3,p03199,bundle_default_opt_4,True,select,40,40,0
public_v1,O3,p03199,bundle_default_opt_4,True,sext,41,39,-2
public_v1,O3,p03199,bundle_default_opt_4,True,shl,30,28,-2
public_v1,O3,p03199,bundle_default_opt_4,True,srem,4,4,0
public_v1,O3,p03199,bundle_default_opt_4,True,store,457,457,0
public_v1,O3,p03199,bundle_default_opt_4,True,sub,8,8,0
public_v1,O3,p03199,bundle_default_opt_4,True,switch,4,4,0
public_v1,O3,p03199,bundle_default_opt_4,True,trunc,30,30,0
public_v1,O3,p03199,bundle_default_opt_4,True,unreachable,5,5,0
public_v1,O3,p03199,bundle_default_opt_4,True,xor,9,9,0
public_v1,O3,p03199,bundle_default_opt_4,True,zext,67,67,0
public_v1,O3,p03199,bundle_post_opt_4_custom_cleanup,True,add,103,101,-2
public_v1,O3,p03199,bundle_post_opt_4_custom_cleanup,True,alloca,11,11,0
public_v1,O3,p03199,bundle_post_opt_4_custom_cleanup,True,and,50,50,0
public_v1,O3,p03199,bundle_post_opt_4_custom_cleanup,True,ashr,21,21,0
public_v1,O3,p03199,bundle_post_opt_4_custom_cleanup,True,br,185,185,0
public_v1,O3,p03199,bundle_post_opt_4_custom_cleanup,True,call,68,68,0
public_v1,O3,p03199,bundle_post_opt_4_custom_cleanup,True,extractvalue,18,18,0
public_v1,O3,p03199,bundle_post_opt_4_custom_cleanup,True,freeze,1,1,0
public_v1,O3,p03199,bundle_post_opt_4_custom_cleanup,True,getelementptr,177,175,-2
public_v1,O3,p03199,bundle_post_opt_4_custom_cleanup,True,icmp,86,85,-1
public_v1,O3,p03199,bundle_post_opt_4_custom_cleanup,True,insertvalue,8,8,0
public_v1,O3,p03199,bundle_post_opt_4_custom_cleanup,True,inttoptr,4,4,0
public_v1,O3,p03199,bundle_post_opt_4_custom_cleanup,True,load,231,231,0
public_v1,O3,p03199,bundle_post_opt_4_custom_cleanup,True,lshr,8,8,0
public_v1,O3,p03199,bundle_post_opt_4_custom_cleanup,True,mul,27,27,0
public_v1,O3,p03199,bundle_post_opt_4_custom_cleanup,True,or,17,17,0
public_v1,O3,p03199,bundle_post_opt_4_custom_cleanup,True,phi,53,50,-3
public_v1,O3,p03199,bundle_post_opt_4_custom_cleanup,True,ptrtoint,10,10,0
public_v1,O3,p03199,bundle_post_opt_4_custom_cleanup,True,ret,9,9,0
public_v1,O3,p03199,bundle_post_opt_4_custom_cleanup,True,sdiv,5,5,0
public_v1,O3,p03199,bundle_post_opt_4_custom_cleanup,True,select,40,39,-1
public_v1,O3,p03199,bundle_post_opt_4_custom_cleanup,True,sext,39,39,0
public_v1,O3,p03199,bundle_post_opt_4_custom_cleanup,True,shl,28,28,0
public_v1,O3,p03199,bundle_post_opt_4_custom_cleanup,True,srem,4,4,0
public_v1,O3,p03199,bundle_post_opt_4_custom_cleanup,True,store,457,457,0
public_v1,O3,p03199,bundle_post_opt_4_custom_cleanup,True,sub,8,8,0
public_v1,O3,p03199,bundle_post_opt_4_custom_cleanup,True,switch,4,4,0
public_v1,O3,p03199,bundle_post_opt_4_custom_cleanup,True,trunc,30,30,0
public_v1,O3,p03199,bundle_post_opt_4_custom_cleanup,True,unreachable,5,5,0
public_v1,O3,p03199,bundle_post_opt_4_custom_cleanup,True,xor,9,9,0
public_v1,O3,p03199,bundle_post_opt_4_custom_cleanup,True,zext,67,67,0
public_v1,O3,p03261,main_default_opt_1,True,add,34,18,-16
public_v1,O3,p03261,main_default_opt_1,True,alloca,11,3,-8
public_v1,O3,p03261,main_default_opt_1,True,and,8,7,-1
public_v1,O3,p03261,main_default_opt_1,True,ashr,1,1,0
public_v1,O3,p03261,main_default_opt_1,True,br,17,16,-1
public_v1,O3,p03261,main_default_opt_1,True,call,30,11,-19
public_v1,O3,p03261,main_default_opt_1,True,extractvalue,14,0,-14
public_v1,O3,p03261,main_default_opt_1,True,getelementptr,104,43,-61
public_v1,O3,p03261,main_default_opt_1,True,icmp,14,18,4
public_v1,O3,p03261,main_default_opt_1,True,insertvalue,23,0,-23
public_v1,O3,p03261,main_default_opt_1,True,inttoptr,2,2,0
public_v1,O3,p03261,main_default_opt_1,True,load,44,18,-26
public_v1,O3,p03261,main_default_opt_1,True,lshr,2,2,0
public_v1,O3,p03261,main_default_opt_1,True,mul,1,1,0
public_v1,O3,p03261,main_default_opt_1,True,or,1,2,1
public_v1,O3,p03261,main_default_opt_1,True,phi,7,11,4
public_v1,O3,p03261,main_default_opt_1,True,ptrtoint,6,5,-1
public_v1,O3,p03261,main_default_opt_1,True,ret,3,2,-1
public_v1,O3,p03261,main_default_opt_1,True,select,9,10,1
public_v1,O3,p03261,main_default_opt_1,True,sext,8,3,-5
public_v1,O3,p03261,main_default_opt_1,True,shl,7,6,-1
public_v1,O3,p03261,main_default_opt_1,True,store,181,80,-101
public_v1,O3,p03261,main_default_opt_1,True,sub,16,1,-15
public_v1,O3,p03261,main_default_opt_1,True,trunc,5,7,2
public_v1,O3,p03261,main_default_opt_1,True,xor,4,4,0
public_v1,O3,p03261,main_default_opt_1,True,zext,14,15,1
public_v1,O3,p03261,main_default_opt_2,True,add,10,7,-3
public_v1,O3,p03261,main_default_opt_2,True,alloca,1,1,0
public_v1,O3,p03261,main_default_opt_2,True,and,8,0,-8
public_v1,O3,p03261,main_default_opt_2,True,ashr,1,1,0
public_v1,O3,p03261,main_default_opt_2,True,br,16,14,-2
public_v1,O3,p03261,main_default_opt_2,True,call,6,5,-1
public_v1,O3,p03261,main_default_opt_2,True,getelementptr,25,21,-4
public_v1,O3,p03261,main_default_opt_2,True,icmp,12,12,0
public_v1,O3,p03261,main_default_opt_2,True,inttoptr,1,0,-1
public_v1,O3,p03261,main_default_opt_2,True,load,5,5,0
public_v1,O3,p03261,main_default_opt_2,True,or,8,0,-8
public_v1,O3,p03261,main_default_opt_2,True,phi,7,7,0
public_v1,O3,p03261,main_default_opt_2,True,ptrtoint,2,0,-2
public_v1,O3,p03261,main_default_opt_2,True,ret,3,2,-1
public_v1,O3,p03261,main_default_opt_2,True,select,7,7,0
public_v1,O3,p03261,main_default_opt_2,True,sext,1,1,0
public_v1,O3,p03261,main_default_opt_2,True,shl,6,6,0
public_v1,O3,p03261,main_default_opt_2,True,store,34,34,0
public_v1,O3,p03261,main_default_opt_2,True,sub,1,0,-1
public_v1,O3,p03261,main_default_opt_2,True,trunc,4,4,0
public_v1,O3,p03261,main_default_opt_2,True,zext,6,4,-2
public_v1,O3,p03261,bundle_default_opt_3,True,add,7,7,0
public_v1,O3,p03261,bundle_default_opt_3,True,alloca,1,1,0
public_v1,O3,p03261,bundle_default_opt_3,True,ashr,1,1,0
public_v1,O3,p03261,bundle_default_opt_3,True,br,14,14,0
public_v1,O3,p03261,bundle_default_opt_3,True,call,5,5,0
public_v1,O3,p03261,bundle_default_opt_3,True,getelementptr,21,21,0
public_v1,O3,p03261,bundle_default_opt_3,True,icmp,12,12,0
public_v1,O3,p03261,bundle_default_opt_3,True,load,5,5,0
public_v1,O3,p03261,bundle_default_opt_3,True,phi,7,7,0
public_v1,O3,p03261,bundle_default_opt_3,True,ret,2,2,0
public_v1,O3,p03261,bundle_default_opt_3,True,select,7,7,0
public_v1,O3,p03261,bundle_default_opt_3,True,sext,1,1,0
public_v1,O3,p03261,bundle_default_opt_3,True,shl,6,6,0
public_v1,O3,p03261,bundle_default_opt_3,True,store,34,34,0
public_v1,O3,p03261,bundle_default_opt_3,True,trunc,4,4,0
public_v1,O3,p03261,bundle_default_opt_3,True,zext,4,4,0
public_v1,O3,p03261,bundle_default_opt_4,True,add,7,7,0
public_v1,O3,p03261,bundle_default_opt_4,True,alloca,1,1,0
public_v1,O3,p03261,bundle_default_opt_4,True,ashr,1,1,0
public_v1,O3,p03261,bundle_default_opt_4,True,br,14,14,0
public_v1,O3,p03261,bundle_default_opt_4,True,call,5,5,0
public_v1,O3,p03261,bundle_default_opt_4,True,getelementptr,21,21,0
public_v1,O3,p03261,bundle_default_opt_4,True,icmp,12,12,0
public_v1,O3,p03261,bundle_default_opt_4,True,load,5,5,0
public_v1,O3,p03261,bundle_default_opt_4,True,phi,7,7,0
public_v1,O3,p03261,bundle_default_opt_4,True,ret,2,2,0
public_v1,O3,p03261,bundle_default_opt_4,True,select,7,7,0
public_v1,O3,p03261,bundle_default_opt_4,True,sext,1,1,0
public_v1,O3,p03261,bundle_default_opt_4,True,shl,6,6,0
public_v1,O3,p03261,bundle_default_opt_4,True,store,34,34,0
public_v1,O3,p03261,bundle_default_opt_4,True,trunc,4,4,0
public_v1,O3,p03261,bundle_default_opt_4,True,zext,4,4,0
public_v1,O3,p03261,bundle_post_opt_4_custom_cleanup,True,add,7,7,0
public_v1,O3,p03261,bundle_post_opt_4_custom_cleanup,True,alloca,1,1,0
public_v1,O3,p03261,bundle_post_opt_4_custom_cleanup,True,ashr,1,1,0
public_v1,O3,p03261,bundle_post_opt_4_custom_cleanup,True,br,14,14,0
public_v1,O3,p03261,bundle_post_opt_4_custom_cleanup,True,call,5,5,0
public_v1,O3,p03261,bundle_post_opt_4_custom_cleanup,True,getelementptr,21,21,0
public_v1,O3,p03261,bundle_post_opt_4_custom_cleanup,True,icmp,12,12,0
public_v1,O3,p03261,bundle_post_opt_4_custom_cleanup,True,load,5,5,0
public_v1,O3,p03261,bundle_post_opt_4_custom_cleanup,True,phi,7,7,0
public_v1,O3,p03261,bundle_post_opt_4_custom_cleanup,True,ret,2,1,-1
public_v1,O3,p03261,bundle_post_opt_4_custom_cleanup,True,select,7,7,0
public_v1,O3,p03261,bundle_post_opt_4_custom_cleanup,True,sext,1,1,0
public_v1,O3,p03261,bundle_post_opt_4_custom_cleanup,True,shl,6,6,0
public_v1,O3,p03261,bundle_post_opt_4_custom_cleanup,True,store,34,34,0
public_v1,O3,p03261,bundle_post_opt_4_custom_cleanup,True,trunc,4,4,0
public_v1,O3,p03261,bundle_post_opt_4_custom_cleanup,True,zext,4,4,0
public_v1,O3,p03430,main_default_opt_1,True,add,489,358,-131
public_v1,O3,p03430,main_default_opt_1,True,alloca,13,7,-6
public_v1,O3,p03430,main_default_opt_1,True,and,129,95,-34
public_v1,O3,p03430,main_default_opt_1,True,ashr,2,2,0
public_v1,O3,p03430,main_default_opt_1,True,br,73,72,-1
public_v1,O3,p03430,main_default_opt_1,True,call,41,24,-17
public_v1,O3,p03430,main_default_opt_1,True,extractvalue,9,0,-9
public_v1,O3,p03430,main_default_opt_1,True,getelementptr,717,333,-384
public_v1,O3,p03430,main_default_opt_1,True,icmp,293,285,-8
public_v1,O3,p03430,main_default_opt_1,True,insertvalue,31,0,-31
public_v1,O3,p03430,main_default_opt_1,True,inttoptr,123,122,-1
public_v1,O3,p03430,main_default_opt_1,True,load,272,251,-21
public_v1,O3,p03430,main_default_opt_1,True,lshr,8,0,-8
public_v1,O3,p03430,main_default_opt_1,True,mul,53,53,0
public_v1,O3,p03430,main_default_opt_1,True,or,93,61,-32
public_v1,O3,p03430,main_default_opt_1,True,phi,16,12,-4
public_v1,O3,p03430,main_default_opt_1,True,ptrtoint,21,16,-5
public_v1,O3,p03430,main_default_opt_1,True,ret,4,2,-2
public_v1,O3,p03430,main_default_opt_1,True,select,254,254,0
public_v1,O3,p03430,main_default_opt_1,True,sext,16,15,-1
public_v1,O3,p03430,main_default_opt_1,True,shl,14,14,0
public_v1,O3,p03430,main_default_opt_1,True,store,265,197,-68
public_v1,O3,p03430,main_default_opt_1,True,sub,133,8,-125
public_v1,O3,p03430,main_default_opt_1,True,switch,3,2,-1
public_v1,O3,p03430,main_default_opt_1,True,trunc,23,10,-13
public_v1,O3,p03430,main_default_opt_1,True,xor,69,60,-9
public_v1,O3,p03430,main_default_opt_1,True,zext,121,93,-28
public_v1,O3,p03430,main_default_opt_2,True,add,356,356,0
public_v1,O3,p03430,main_default_opt_2,True,alloca,7,7,0
public_v1,O3,p03430,main_default_opt_2,True,and,95,95,0
public_v1,O3,p03430,main_default_opt_2,True,ashr,2,2,0
public_v1,O3,p03430,main_default_opt_2,True,br,72,72,0
public_v1,O3,p03430,main_default_opt_2,True,call,24,24,0
public_v1,O3,p03430,main_default_opt_2,True,getelementptr,333,333,0
public_v1,O3,p03430,main_default_opt_2,True,icmp,283,283,0
public_v1,O3,p03430,main_default_opt_2,True,inttoptr,121,121,0
public_v1,O3,p03430,main_default_opt_2,True,load,251,251,0
public_v1,O3,p03430,main_default_opt_2,True,mul,53,53,0
public_v1,O3,p03430,main_default_opt_2,True,or,61,61,0
public_v1,O3,p03430,main_default_opt_2,True,phi,12,12,0
public_v1,O3,p03430,main_default_opt_2,True,ptrtoint,20,16,-4
public_v1,O3,p03430,main_default_opt_2,True,ret,2,2,0
public_v1,O3,p03430,main_default_opt_2,True,select,252,252,0
public_v1,O3,p03430,main_default_opt_2,True,sext,15,15,0
public_v1,O3,p03430,main_default_opt_2,True,shl,14,14,0
public_v1,O3,p03430,main_default_opt_2,True,store,197,197,0
public_v1,O3,p03430,main_default_opt_2,True,sub,9,7,-2
public_v1,O3,p03430,main_default_opt_2,True,switch,2,2,0
public_v1,O3,p03430,main_default_opt_2,True,trunc,10,10,0
public_v1,O3,p03430,main_default_opt_2,True,xor,60,60,0
public_v1,O3,p03430,main_default_opt_2,True,zext,93,93,0
public_v1,O3,p03430,bundle_default_opt_3,True,add,121,121,0
public_v1,O3,p03430,bundle_default_opt_3,True,alloca,7,7,0
public_v1,O3,p03430,bundle_default_opt_3,True,and,95,95,0
public_v1,O3,p03430,bundle_default_opt_3,True,ashr,2,2,0
public_v1,O3,p03430,bundle_default_opt_3,True,br,70,70,0
public_v1,O3,p03430,bundle_default_opt_3,True,call,143,143,0
public_v1,O3,p03430,bundle_default_opt_3,True,getelementptr,94,94,0
public_v1,O3,p03430,bundle_default_opt_3,True,icmp,49,49,0
public_v1,O3,p03430,bundle_default_opt_3,True,inttoptr,4,4,0
public_v1,O3,p03430,bundle_default_opt_3,True,load,251,251,0
public_v1,O3,p03430,bundle_default_opt_3,True,mul,53,53,0
public_v1,O3,p03430,bundle_default_opt_3,True,or,61,61,0
public_v1,O3,p03430,bundle_default_opt_3,True,phi,12,12,0
public_v1,O3,p03430,bundle_default_opt_3,True,ptrtoint,16,16,0
public_v1,O3,p03430,bundle_default_opt_3,True,ret,4,4,0
public_v1,O3,p03430,bundle_default_opt_3,True,select,18,18,0
public_v1,O3,p03430,bundle_default_opt_3,True,sext,15,15,0
public_v1,O3,p03430,bundle_default_opt_3,True,shl,14,14,0
public_v1,O3,p03430,bundle_default_opt_3,True,store,121,121,0
public_v1,O3,p03430,bundle_default_opt_3,True,sub,7,7,0
public_v1,O3,p03430,bundle_default_opt_3,True,switch,2,2,0
public_v1,O3,p03430,bundle_default_opt_3,True,trunc,10,10,0
public_v1,O3,p03430,bundle_default_opt_3,True,xor,60,60,0
public_v1,O3,p03430,bundle_default_opt_3,True,zext,93,93,0
public_v1,O3,p03430,bundle_default_opt_4,True,add,121,121,0
public_v1,O3,p03430,bundle_default_opt_4,True,alloca,7,7,0
public_v1,O3,p03430,bundle_default_opt_4,True,and,95,95,0
public_v1,O3,p03430,bundle_default_opt_4,True,ashr,2,2,0
public_v1,O3,p03430,bundle_default_opt_4,True,br,70,70,0
public_v1,O3,p03430,bundle_default_opt_4,True,call,143,143,0
public_v1,O3,p03430,bundle_default_opt_4,True,getelementptr,94,94,0
public_v1,O3,p03430,bundle_default_opt_4,True,icmp,49,49,0
public_v1,O3,p03430,bundle_default_opt_4,True,inttoptr,4,4,0
public_v1,O3,p03430,bundle_default_opt_4,True,load,251,251,0
public_v1,O3,p03430,bundle_default_opt_4,True,mul,53,53,0
public_v1,O3,p03430,bundle_default_opt_4,True,or,61,61,0
public_v1,O3,p03430,bundle_default_opt_4,True,phi,12,12,0
public_v1,O3,p03430,bundle_default_opt_4,True,ptrtoint,16,16,0
public_v1,O3,p03430,bundle_default_opt_4,True,ret,4,4,0
public_v1,O3,p03430,bundle_default_opt_4,True,select,18,18,0
public_v1,O3,p03430,bundle_default_opt_4,True,sext,15,15,0
public_v1,O3,p03430,bundle_default_opt_4,True,shl,14,14,0
public_v1,O3,p03430,bundle_default_opt_4,True,store,121,121,0
public_v1,O3,p03430,bundle_default_opt_4,True,sub,7,7,0
public_v1,O3,p03430,bundle_default_opt_4,True,switch,2,2,0
public_v1,O3,p03430,bundle_default_opt_4,True,trunc,10,10,0
public_v1,O3,p03430,bundle_default_opt_4,True,xor,60,60,0
public_v1,O3,p03430,bundle_default_opt_4,True,zext,93,93,0
public_v1,O3,p03430,bundle_post_opt_4_custom_cleanup,True,add,121,121,0
public_v1,O3,p03430,bundle_post_opt_4_custom_cleanup,True,alloca,7,7,0
public_v1,O3,p03430,bundle_post_opt_4_custom_cleanup,True,and,95,95,0
public_v1,O3,p03430,bundle_post_opt_4_custom_cleanup,True,ashr,2,2,0
public_v1,O3,p03430,bundle_post_opt_4_custom_cleanup,True,br,70,70,0
public_v1,O3,p03430,bundle_post_opt_4_custom_cleanup,True,call,143,143,0
public_v1,O3,p03430,bundle_post_opt_4_custom_cleanup,True,getelementptr,94,94,0
public_v1,O3,p03430,bundle_post_opt_4_custom_cleanup,True,icmp,49,49,0
public_v1,O3,p03430,bundle_post_opt_4_custom_cleanup,True,inttoptr,4,4,0
public_v1,O3,p03430,bundle_post_opt_4_custom_cleanup,True,load,251,251,0
public_v1,O3,p03430,bundle_post_opt_4_custom_cleanup,True,mul,53,53,0
public_v1,O3,p03430,bundle_post_opt_4_custom_cleanup,True,or,61,61,0
public_v1,O3,p03430,bundle_post_opt_4_custom_cleanup,True,phi,12,12,0
public_v1,O3,p03430,bundle_post_opt_4_custom_cleanup,True,ptrtoint,16,16,0
public_v1,O3,p03430,bundle_post_opt_4_custom_cleanup,True,ret,4,4,0
public_v1,O3,p03430,bundle_post_opt_4_custom_cleanup,True,select,18,18,0
public_v1,O3,p03430,bundle_post_opt_4_custom_cleanup,True,sext,15,15,0
public_v1,O3,p03430,bundle_post_opt_4_custom_cleanup,True,shl,14,14,0
public_v1,O3,p03430,bundle_post_opt_4_custom_cleanup,True,store,121,121,0
public_v1,O3,p03430,bundle_post_opt_4_custom_cleanup,True,sub,7,7,0
public_v1,O3,p03430,bundle_post_opt_4_custom_cleanup,True,switch,2,2,0
public_v1,O3,p03430,bundle_post_opt_4_custom_cleanup,True,trunc,10,10,0
public_v1,O3,p03430,bundle_post_opt_4_custom_cleanup,True,xor,60,60,0
public_v1,O3,p03430,bundle_post_opt_4_custom_cleanup,True,zext,93,93,0
public_v1,O3,p03434,main_default_opt_1,True,add,75,34,-41
public_v1,O3,p03434,main_default_opt_1,True,alloca,10,4,-6
public_v1,O3,p03434,main_default_opt_1,True,and,17,11,-6
public_v1,O3,p03434,main_default_opt_1,True,br,19,16,-3
public_v1,O3,p03434,main_default_opt_1,True,call,30,13,-17
public_v1,O3,p03434,main_default_opt_1,True,extractvalue,37,0,-37
public_v1,O3,p03434,main_default_opt_1,True,getelementptr,167,63,-104
public_v1,O3,p03434,main_default_opt_1,True,icmp,51,29,-22
public_v1,O3,p03434,main_default_opt_1,True,insertvalue,60,0,-60
public_v1,O3,p03434,main_default_opt_1,True,inttoptr,11,5,-6
public_v1,O3,p03434,main_default_opt_1,True,load,78,31,-47
public_v1,O3,p03434,main_default_opt_1,True,lshr,8,2,-6
public_v1,O3,p03434,main_default_opt_1,True,mul,2,2,0
public_v1,O3,p03434,main_default_opt_1,True,or,6,7,1
public_v1,O3,p03434,main_default_opt_1,True,phi,14,19,5
public_v1,O3,p03434,main_default_opt_1,True,ptrtoint,14,9,-5
public_v1,O3,p03434,main_default_opt_1,True,ret,7,3,-4
public_v1,O3,p03434,main_default_opt_1,True,sdiv,1,0,-1
public_v1,O3,p03434,main_default_opt_1,True,select,35,23,-12
public_v1,O3,p03434,main_default_opt_1,True,sext,2,0,-2
public_v1,O3,p03434,main_default_opt_1,True,shl,6,4,-2
public_v1,O3,p03434,main_default_opt_1,True,store,186,99,-87
public_v1,O3,p03434,main_default_opt_1,True,sub,30,3,-27
public_v1,O3,p03434,main_default_opt_1,True,switch,1,1,0
public_v1,O3,p03434,main_default_opt_1,True,trunc,14,7,-7
public_v1,O3,p03434,main_default_opt_1,True,unreachable,1,0,-1
public_v1,O3,p03434,main_default_opt_1,True,xor,15,9,-6
public_v1,O3,p03434,main_default_opt_1,True,zext,28,19,-9
public_v1,O3,p03434,main_default_opt_2,True,add,24,30,6
public_v1,O3,p03434,main_default_opt_2,True,alloca,5,5,0
public_v1,O3,p03434,main_default_opt_2,True,and,23,11,-12
public_v1,O3,p03434,main_default_opt_2,True,br,16,16,0
public_v1,O3,p03434,main_default_opt_2,True,call,15,13,-2
public_v1,O3,p03434,main_default_opt_2,True,getelementptr,61,57,-4
public_v1,O3,p03434,main_default_opt_2,True,icmp,44,27,-17
public_v1,O3,p03434,main_default_opt_2,True,inttoptr,7,5,-2
public_v1,O3,p03434,main_default_opt_2,True,load,30,30,0
public_v1,O3,p03434,main_default_opt_2,True,lshr,2,2,0
public_v1,O3,p03434,main_default_opt_2,True,mul,2,2,0
public_v1,O3,p03434,main_default_opt_2,True,or,7,7,0
public_v1,O3,p03434,main_default_opt_2,True,phi,19,19,0
public_v1,O3,p03434,main_default_opt_2,True,ptrtoint,11,9,-2
public_v1,O3,p03434,main_default_opt_2,True,ret,3,3,0
public_v1,O3,p03434,main_default_opt_2,True,select,26,20,-6
public_v1,O3,p03434,main_default_opt_2,True,shl,4,4,0
public_v1,O3,p03434,main_default_opt_2,True,store,99,95,-4
public_v1,O3,p03434,main_default_opt_2,True,sub,15,3,-12
public_v1,O3,p03434,main_default_opt_2,True,switch,1,1,0
public_v1,O3,p03434,main_default_opt_2,True,trunc,7,7,0
public_v1,O3,p03434,main_default_opt_2,True,xor,9,9,0
public_v1,O3,p03434,main_default_opt_2,True,zext,19,19,0
public_v1,O3,p03434,bundle_default_opt_3,True,add,15,13,-2
public_v1,O3,p03434,bundle_default_opt_3,True,alloca,4,4,0
public_v1,O3,p03434,bundle_default_opt_3,True,and,10,4,-6
public_v1,O3,p03434,bundle_default_opt_3,True,br,16,16,0
public_v1,O3,p03434,bundle_default_opt_3,True,call,14,14,0
public_v1,O3,p03434,bundle_default_opt_3,True,getelementptr,41,41,0
public_v1,O3,p03434,bundle_default_opt_3,True,icmp,12,12,0
public_v1,O3,p03434,bundle_default_opt_3,True,inttoptr,1,1,0
public_v1,O3,p03434,bundle_default_opt_3,True,load,31,20,-11
public_v1,O3,p03434,bundle_default_opt_3,True,mul,2,2,0
public_v1,O3,p03434,bundle_default_opt_3,True,or,2,0,-2
public_v1,O3,p03434,bundle_default_opt_3,True,phi,15,15,0
public_v1,O3,p03434,bundle_default_opt_3,True,ptrtoint,4,4,0
public_v1,O3,p03434,bundle_default_opt_3,True,ret,4,4,0
public_v1,O3,p03434,bundle_default_opt_3,True,select,7,7,0
public_v1,O3,p03434,bundle_default_opt_3,True,sext,1,1,0
public_v1,O3,p03434,bundle_default_opt_3,True,shl,4,4,0
public_v1,O3,p03434,bundle_default_opt_3,True,store,66,57,-9
public_v1,O3,p03434,bundle_default_opt_3,True,sub,3,3,0
public_v1,O3,p03434,bundle_default_opt_3,True,switch,1,1,0
public_v1,O3,p03434,bundle_default_opt_3,True,trunc,3,3,0
public_v1,O3,p03434,bundle_default_opt_3,True,xor,5,5,0
public_v1,O3,p03434,bundle_default_opt_3,True,zext,6,6,0
public_v1,O3,p03434,bundle_default_opt_4,True,add,13,13,0
public_v1,O3,p03434,bundle_default_opt_4,True,alloca,4,4,0
public_v1,O3,p03434,bundle_default_opt_4,True,and,4,4,0
public_v1,O3,p03434,bundle_default_opt_4,True,br,16,16,0
public_v1,O3,p03434,bundle_default_opt_4,True,call,14,14,0
public_v1,O3,p03434,bundle_default_opt_4,True,getelementptr,41,41,0
public_v1,O3,p03434,bundle_default_opt_4,True,icmp,12,12,0
public_v1,O3,p03434,bundle_default_opt_4,True,inttoptr,1,1,0
public_v1,O3,p03434,bundle_default_opt_4,True,load,20,20,0
public_v1,O3,p03434,bundle_default_opt_4,True,mul,2,2,0
public_v1,O3,p03434,bundle_default_opt_4,True,phi,15,15,0
public_v1,O3,p03434,bundle_default_opt_4,True,ptrtoint,4,4,0
public_v1,O3,p03434,bundle_default_opt_4,True,ret,4,4,0
public_v1,O3,p03434,bundle_default_opt_4,True,select,7,7,0
public_v1,O3,p03434,bundle_default_opt_4,True,sext,1,1,0
public_v1,O3,p03434,bundle_default_opt_4,True,shl,4,4,0
public_v1,O3,p03434,bundle_default_opt_4,True,store,57,57,0
public_v1,O3,p03434,bundle_default_opt_4,True,sub,3,3,0
public_v1,O3,p03434,bundle_default_opt_4,True,switch,1,1,0
public_v1,O3,p03434,bundle_default_opt_4,True,trunc,3,3,0
public_v1,O3,p03434,bundle_default_opt_4,True,xor,5,5,0
public_v1,O3,p03434,bundle_default_opt_4,True,zext,6,6,0
public_v1,O3,p03434,bundle_post_opt_4_custom_cleanup,True,add,13,13,0
public_v1,O3,p03434,bundle_post_opt_4_custom_cleanup,True,alloca,4,4,0
public_v1,O3,p03434,bundle_post_opt_4_custom_cleanup,True,and,4,4,0
public_v1,O3,p03434,bundle_post_opt_4_custom_cleanup,True,br,16,16,0
public_v1,O3,p03434,bundle_post_opt_4_custom_cleanup,True,call,14,14,0
public_v1,O3,p03434,bundle_post_opt_4_custom_cleanup,True,getelementptr,41,41,0
public_v1,O3,p03434,bundle_post_opt_4_custom_cleanup,True,icmp,12,12,0
public_v1,O3,p03434,bundle_post_opt_4_custom_cleanup,True,inttoptr,1,1,0
public_v1,O3,p03434,bundle_post_opt_4_custom_cleanup,True,load,20,20,0
public_v1,O3,p03434,bundle_post_opt_4_custom_cleanup,True,mul,2,2,0
public_v1,O3,p03434,bundle_post_opt_4_custom_cleanup,True,phi,15,15,0
public_v1,O3,p03434,bundle_post_opt_4_custom_cleanup,True,ptrtoint,4,4,0
public_v1,O3,p03434,bundle_post_opt_4_custom_cleanup,True,ret,4,4,0
public_v1,O3,p03434,bundle_post_opt_4_custom_cleanup,True,select,7,7,0
public_v1,O3,p03434,bundle_post_opt_4_custom_cleanup,True,sext,1,1,0
public_v1,O3,p03434,bundle_post_opt_4_custom_cleanup,True,shl,4,4,0
public_v1,O3,p03434,bundle_post_opt_4_custom_cleanup,True,store,57,57,0
public_v1,O3,p03434,bundle_post_opt_4_custom_cleanup,True,sub,3,3,0
public_v1,O3,p03434,bundle_post_opt_4_custom_cleanup,True,switch,1,1,0
public_v1,O3,p03434,bundle_post_opt_4_custom_cleanup,True,trunc,3,3,0
public_v1,O3,p03434,bundle_post_opt_4_custom_cleanup,True,xor,5,5,0
public_v1,O3,p03434,bundle_post_opt_4_custom_cleanup,True,zext,6,6,0
public_v1,O3,p03493,main_default_opt_1,True,add,61,45,-16
public_v1,O3,p03493,main_default_opt_1,True,alloca,9,3,-6
public_v1,O3,p03493,main_default_opt_1,True,and,10,6,-4
public_v1,O3,p03493,main_default_opt_1,True,br,8,8,0
public_v1,O3,p03493,main_default_opt_1,True,call,22,9,-13
public_v1,O3,p03493,main_default_opt_1,True,extractvalue,14,0,-14
public_v1,O3,p03493,main_default_opt_1,True,getelementptr,151,97,-54
public_v1,O3,p03493,main_default_opt_1,True,icmp,44,39,-5
public_v1,O3,p03493,main_default_opt_1,True,insertvalue,22,0,-22
public_v1,O3,p03493,main_default_opt_1,True,inttoptr,13,12,-1
public_v1,O3,p03493,main_default_opt_1,True,load,47,32,-15
public_v1,O3,p03493,main_default_opt_1,True,mul,3,2,-1
public_v1,O3,p03493,main_default_opt_1,True,or,7,6,-1
public_v1,O3,p03493,main_default_opt_1,True,phi,1,3,2
public_v1,O3,p03493,main_default_opt_1,True,ptrtoint,8,6,-2
public_v1,O3,p03493,main_default_opt_1,True,ret,3,2,-1
public_v1,O3,p03493,main_default_opt_1,True,select,40,37,-3
public_v1,O3,p03493,main_default_opt_1,True,store,140,78,-62
public_v1,O3,p03493,main_default_opt_1,True,sub,14,2,-12
public_v1,O3,p03493,main_default_opt_1,True,trunc,3,1,-2
public_v1,O3,p03493,main_default_opt_1,True,xor,4,3,-1
public_v1,O3,p03493,main_default_opt_1,True,zext,13,11,-2
public_v1,O3,p03493,main_default_opt_2,True,add,40,40,0
public_v1,O3,p03493,main_default_opt_2,True,alloca,3,3,0
public_v1,O3,p03493,main_default_opt_2,True,and,96,2,-94
public_v1,O3,p03493,main_default_opt_2,True,br,8,8,0
public_v1,O3,p03493,main_default_opt_2,True,call,8,9,1
public_v1,O3,p03493,main_default_opt_2,True,getelementptr,102,93,-9
public_v1,O3,p03493,main_default_opt_2,True,icmp,47,35,-12
public_v1,O3,p03493,main_default_opt_2,True,inttoptr,12,10,-2
public_v1,O3,p03493,main_default_opt_2,True,load,18,17,-1
public_v1,O3,p03493,main_default_opt_2,True,mul,1,1,0
public_v1,O3,p03493,main_default_opt_2,True,or,90,2,-88
public_v1,O3,p03493,main_default_opt_2,True,phi,6,6,0
public_v1,O3,p03493,main_default_opt_2,True,ptrtoint,6,4,-2
public_v1,O3,p03493,main_default_opt_2,True,ret,2,2,0
public_v1,O3,p03493,main_default_opt_2,True,select,40,34,-6
public_v1,O3,p03493,main_default_opt_2,True,store,50,47,-3
public_v1,O3,p03493,main_default_opt_2,True,sub,6,0,-6
public_v1,O3,p03493,main_default_opt_2,True,trunc,3,1,-2
public_v1,O3,p03493,main_default_opt_2,True,xor,1,1,0
public_v1,O3,p03493,main_default_opt_2,True,zext,6,4,-2
public_v1,O3,p03493,bundle_default_opt_3,True,add,13,13,0
public_v1,O3,p03493,bundle_default_opt_3,True,alloca,3,3,0
public_v1,O3,p03493,bundle_default_opt_3,True,and,2,2,0
public_v1,O3,p03493,bundle_default_opt_3,True,br,8,8,0
public_v1,O3,p03493,bundle_default_opt_3,True,call,9,9,0
public_v1,O3,p03493,bundle_default_opt_3,True,getelementptr,48,39,-9
public_v1,O3,p03493,bundle_default_opt_3,True,icmp,8,8,0
public_v1,O3,p03493,bundle_default_opt_3,True,inttoptr,3,3,0
public_v1,O3,p03493,bundle_default_opt_3,True,load,9,9,0
public_v1,O3,p03493,bundle_default_opt_3,True,mul,1,1,0
public_v1,O3,p03493,bundle_default_opt_3,True,or,2,2,0
public_v1,O3,p03493,bundle_default_opt_3,True,phi,5,4,-1
public_v1,O3,p03493,bundle_default_opt_3,True,ptrtoint,4,4,0
public_v1,O3,p03493,bundle_default_opt_3,True,ret,2,2,0
public_v1,O3,p03493,bundle_default_opt_3,True,select,7,7,0
public_v1,O3,p03493,bundle_default_opt_3,True,store,47,47,0
public_v1,O3,p03493,bundle_default_opt_3,True,trunc,1,1,0
public_v1,O3,p03493,bundle_default_opt_3,True,xor,1,1,0
public_v1,O3,p03493,bundle_default_opt_3,True,zext,4,4,0
public_v1,O3,p03493,bundle_default_opt_4,True,add,13,13,0
public_v1,O3,p03493,bundle_default_opt_4,True,alloca,3,3,0
public_v1,O3,p03493,bundle_default_opt_4,True,and,2,2,0
public_v1,O3,p03493,bundle_default_opt_4,True,br,8,8,0
public_v1,O3,p03493,bundle_default_opt_4,True,call,9,9,0
public_v1,O3,p03493,bundle_default_opt_4,True,getelementptr,39,39,0
public_v1,O3,p03493,bundle_default_opt_4,True,icmp,8,8,0
public_v1,O3,p03493,bundle_default_opt_4,True,inttoptr,3,3,0
public_v1,O3,p03493,bundle_default_opt_4,True,load,9,9,0
public_v1,O3,p03493,bundle_default_opt_4,True,mul,1,1,0
public_v1,O3,p03493,bundle_default_opt_4,True,or,2,2,0
public_v1,O3,p03493,bundle_default_opt_4,True,phi,4,4,0
public_v1,O3,p03493,bundle_default_opt_4,True,ptrtoint,4,4,0
public_v1,O3,p03493,bundle_default_opt_4,True,ret,2,2,0
public_v1,O3,p03493,bundle_default_opt_4,True,select,7,7,0
public_v1,O3,p03493,bundle_default_opt_4,True,store,47,47,0
public_v1,O3,p03493,bundle_default_opt_4,True,trunc,1,1,0
public_v1,O3,p03493,bundle_default_opt_4,True,xor,1,1,0
public_v1,O3,p03493,bundle_default_opt_4,True,zext,4,4,0
public_v1,O3,p03493,bundle_post_opt_4_custom_cleanup,True,add,13,11,-2
public_v1,O3,p03493,bundle_post_opt_4_custom_cleanup,True,alloca,3,3,0
public_v1,O3,p03493,bundle_post_opt_4_custom_cleanup,True,and,2,2,0
public_v1,O3,p03493,bundle_post_opt_4_custom_cleanup,True,br,8,8,0
public_v1,O3,p03493,bundle_post_opt_4_custom_cleanup,True,call,9,9,0
public_v1,O3,p03493,bundle_post_opt_4_custom_cleanup,True,getelementptr,39,41,2
public_v1,O3,p03493,bundle_post_opt_4_custom_cleanup,True,icmp,8,8,0
public_v1,O3,p03493,bundle_post_opt_4_custom_cleanup,True,inttoptr,3,1,-2
public_v1,O3,p03493,bundle_post_opt_4_custom_cleanup,True,load,9,9,0
public_v1,O3,p03493,bundle_post_opt_4_custom_cleanup,True,mul,1,1,0
public_v1,O3,p03493,bundle_post_opt_4_custom_cleanup,True,or,2,2,0
public_v1,O3,p03493,bundle_post_opt_4_custom_cleanup,True,phi,4,4,0
public_v1,O3,p03493,bundle_post_opt_4_custom_cleanup,True,ptrtoint,4,4,0
public_v1,O3,p03493,bundle_post_opt_4_custom_cleanup,True,ret,2,2,0
public_v1,O3,p03493,bundle_post_opt_4_custom_cleanup,True,select,7,7,0
public_v1,O3,p03493,bundle_post_opt_4_custom_cleanup,True,store,47,47,0
public_v1,O3,p03493,bundle_post_opt_4_custom_cleanup,True,trunc,1,1,0
public_v1,O3,p03493,bundle_post_opt_4_custom_cleanup,True,xor,1,1,0
public_v1,O3,p03493,bundle_post_opt_4_custom_cleanup,True,zext,4,4,0
public_v1,O3,p03510,main_default_opt_1,True,add,452,321,-131
public_v1,O3,p03510,main_default_opt_1,True,alloca,9,5,-4
public_v1,O3,p03510,main_default_opt_1,True,and,84,53,-31
public_v1,O3,p03510,main_default_opt_1,True,br,59,57,-2
public_v1,O3,p03510,main_default_opt_1,True,call,52,33,-19
public_v1,O3,p03510,main_default_opt_1,True,extractvalue,62,22,-40
public_v1,O3,p03510,main_default_opt_1,True,getelementptr,692,444,-248
public_v1,O3,p03510,main_default_opt_1,True,icmp,296,249,-47
public_v1,O3,p03510,main_default_opt_1,True,insertvalue,78,7,-71
public_v1,O3,p03510,main_default_opt_1,True,inttoptr,119,108,-11
public_v1,O3,p03510,main_default_opt_1,True,load,301,259,-42
public_v1,O3,p03510,main_default_opt_1,True,lshr,24,2,-22
public_v1,O3,p03510,main_default_opt_1,True,mul,15,14,-1
public_v1,O3,p03510,main_default_opt_1,True,or,55,43,-12
public_v1,O3,p03510,main_default_opt_1,True,phi,38,33,-5
public_v1,O3,p03510,main_default_opt_1,True,ptrtoint,24,20,-4
public_v1,O3,p03510,main_default_opt_1,True,ret,7,3,-4
public_v1,O3,p03510,main_default_opt_1,True,sdiv,2,2,0
public_v1,O3,p03510,main_default_opt_1,True,select,249,230,-19
public_v1,O3,p03510,main_default_opt_1,True,sext,4,4,0
public_v1,O3,p03510,main_default_opt_1,True,shl,33,32,-1
public_v1,O3,p03510,main_default_opt_1,True,store,312,257,-55
public_v1,O3,p03510,main_default_opt_1,True,sub,108,24,-84
public_v1,O3,p03510,main_default_opt_1,True,switch,3,2,-1
public_v1,O3,p03510,main_default_opt_1,True,trunc,35,9,-26
public_v1,O3,p03510,main_default_opt_1,True,unreachable,2,2,0
public_v1,O3,p03510,main_default_opt_1,True,xor,66,39,-27
public_v1,O3,p03510,main_default_opt_1,True,zext,88,52,-36
public_v1,O3,p03510,main_default_opt_2,True,add,230,223,-7
public_v1,O3,p03510,main_default_opt_2,True,alloca,4,4,0
public_v1,O3,p03510,main_default_opt_2,True,and,141,51,-90
public_v1,O3,p03510,main_default_opt_2,True,br,57,57,0
public_v1,O3,p03510,main_default_opt_2,True,call,30,30,0
public_v1,O3,p03510,main_default_opt_2,True,extractvalue,22,22,0
public_v1,O3,p03510,main_default_opt_2,True,getelementptr,320,277,-43
public_v1,O3,p03510,main_default_opt_2,True,icmp,162,156,-6
public_v1,O3,p03510,main_default_opt_2,True,insertvalue,7,7,0
public_v1,O3,p03510,main_default_opt_2,True,inttoptr,64,56,-8
public_v1,O3,p03510,main_default_opt_2,True,load,202,197,-5
public_v1,O3,p03510,main_default_opt_2,True,lshr,2,2,0
public_v1,O3,p03510,main_default_opt_2,True,mul,14,14,0
public_v1,O3,p03510,main_default_opt_2,True,or,129,41,-88
public_v1,O3,p03510,main_default_opt_2,True,phi,32,32,0
public_v1,O3,p03510,main_default_opt_2,True,ptrtoint,17,15,-2
public_v1,O3,p03510,main_default_opt_2,True,ret,3,3,0
public_v1,O3,p03510,main_default_opt_2,True,sdiv,2,2,0
public_v1,O3,p03510,main_default_opt_2,True,select,138,134,-4
public_v1,O3,p03510,main_default_opt_2,True,sext,4,4,0
public_v1,O3,p03510,main_default_opt_2,True,shl,32,30,-2
public_v1,O3,p03510,main_default_opt_2,True,store,211,215,4
public_v1,O3,p03510,main_default_opt_2,True,sub,23,21,-2
public_v1,O3,p03510,main_default_opt_2,True,switch,2,2,0
public_v1,O3,p03510,main_default_opt_2,True,trunc,10,9,-1
public_v1,O3,p03510,main_default_opt_2,True,unreachable,2,2,0
public_v1,O3,p03510,main_default_opt_2,True,xor,39,40,1
public_v1,O3,p03510,main_default_opt_2,True,zext,47,46,-1
public_v1,O3,p03510,bundle_default_opt_3,True,add,100,93,-7
public_v1,O3,p03510,bundle_default_opt_3,True,alloca,4,4,0
public_v1,O3,p03510,bundle_default_opt_3,True,and,50,50,0
public_v1,O3,p03510,bundle_default_opt_3,True,br,56,56,0
public_v1,O3,p03510,bundle_default_opt_3,True,call,79,79,0
public_v1,O3,p03510,bundle_default_opt_3,True,extractvalue,22,22,0
public_v1,O3,p03510,bundle_default_opt_3,True,getelementptr,138,133,-5
public_v1,O3,p03510,bundle_default_opt_3,True,icmp,38,38,0
public_v1,O3,p03510,bundle_default_opt_3,True,insertvalue,7,7,0
public_v1,O3,p03510,bundle_default_opt_3,True,inttoptr,7,7,0
public_v1,O3,p03510,bundle_default_opt_3,True,load,186,183,-3
public_v1,O3,p03510,bundle_default_opt_3,True,lshr,2,2,0
public_v1,O3,p03510,bundle_default_opt_3,True,mul,14,14,0
public_v1,O3,p03510,bundle_default_opt_3,True,or,41,42,1
public_v1,O3,p03510,bundle_default_opt_3,True,phi,33,33,0
public_v1,O3,p03510,bundle_default_opt_3,True,ptrtoint,22,14,-8
public_v1,O3,p03510,bundle_default_opt_3,True,ret,4,4,0
public_v1,O3,p03510,bundle_default_opt_3,True,sdiv,2,2,0
public_v1,O3,p03510,bundle_default_opt_3,True,select,16,16,0
public_v1,O3,p03510,bundle_default_opt_3,True,sext,4,4,0
public_v1,O3,p03510,bundle_default_opt_3,True,shl,30,29,-1
public_v1,O3,p03510,bundle_default_opt_3,True,store,215,184,-31
public_v1,O3,p03510,bundle_default_opt_3,True,sub,20,16,-4
public_v1,O3,p03510,bundle_default_opt_3,True,switch,2,2,0
public_v1,O3,p03510,bundle_default_opt_3,True,trunc,9,9,0
public_v1,O3,p03510,bundle_default_opt_3,True,unreachable,2,2,0
public_v1,O3,p03510,bundle_default_opt_3,True,xor,40,39,-1
public_v1,O3,p03510,bundle_default_opt_3,True,zext,46,46,0
public_v1,O3,p03510,bundle_default_opt_4,True,add,93,91,-2
public_v1,O3,p03510,bundle_default_opt_4,True,alloca,4,4,0
public_v1,O3,p03510,bundle_default_opt_4,True,and,50,50,0
public_v1,O3,p03510,bundle_default_opt_4,True,br,56,54,-2
public_v1,O3,p03510,bundle_default_opt_4,True,call,79,78,-1
public_v1,O3,p03510,bundle_default_opt_4,True,extractvalue,22,22,0
public_v1,O3,p03510,bundle_default_opt_4,True,getelementptr,133,124,-9
public_v1,O3,p03510,bundle_default_opt_4,True,icmp,38,38,0
public_v1,O3,p03510,bundle_default_opt_4,True,insertvalue,7,7,0
public_v1,O3,p03510,bundle_default_opt_4,True,inttoptr,7,7,0
public_v1,O3,p03510,bundle_default_opt_4,True,load,183,178,-5
public_v1,O3,p03510,bundle_default_opt_4,True,lshr,2,2,0
public_v1,O3,p03510,bundle_default_opt_4,True,mul,14,14,0
public_v1,O3,p03510,bundle_default_opt_4,True,or,42,42,0
public_v1,O3,p03510,bundle_default_opt_4,True,phi,33,33,0
public_v1,O3,p03510,bundle_default_opt_4,True,ptrtoint,14,14,0
public_v1,O3,p03510,bundle_default_opt_4,True,ret,4,4,0
public_v1,O3,p03510,bundle_default_opt_4,True,sdiv,2,2,0
public_v1,O3,p03510,bundle_default_opt_4,True,select,16,16,0
public_v1,O3,p03510,bundle_default_opt_4,True,sext,4,4,0
public_v1,O3,p03510,bundle_default_opt_4,True,shl,29,28,-1
public_v1,O3,p03510,bundle_default_opt_4,True,store,184,183,-1
public_v1,O3,p03510,bundle_default_opt_4,True,sub,16,16,0
public_v1,O3,p03510,bundle_default_opt_4,True,switch,2,2,0
public_v1,O3,p03510,bundle_default_opt_4,True,trunc,9,9,0
public_v1,O3,p03510,bundle_default_opt_4,True,unreachable,2,2,0
public_v1,O3,p03510,bundle_default_opt_4,True,xor,39,38,-1
public_v1,O3,p03510,bundle_default_opt_4,True,zext,46,46,0
public_v1,O3,p03510,bundle_post_opt_4_custom_cleanup,True,add,91,91,0
public_v1,O3,p03510,bundle_post_opt_4_custom_cleanup,True,alloca,4,4,0
public_v1,O3,p03510,bundle_post_opt_4_custom_cleanup,True,and,50,50,0
public_v1,O3,p03510,bundle_post_opt_4_custom_cleanup,True,br,54,54,0
public_v1,O3,p03510,bundle_post_opt_4_custom_cleanup,True,call,78,78,0
public_v1,O3,p03510,bundle_post_opt_4_custom_cleanup,True,extractvalue,22,22,0
public_v1,O3,p03510,bundle_post_opt_4_custom_cleanup,True,getelementptr,124,124,0
public_v1,O3,p03510,bundle_post_opt_4_custom_cleanup,True,icmp,38,38,0
public_v1,O3,p03510,bundle_post_opt_4_custom_cleanup,True,insertvalue,7,7,0
public_v1,O3,p03510,bundle_post_opt_4_custom_cleanup,True,inttoptr,7,7,0
public_v1,O3,p03510,bundle_post_opt_4_custom_cleanup,True,load,178,178,0
public_v1,O3,p03510,bundle_post_opt_4_custom_cleanup,True,lshr,2,2,0
public_v1,O3,p03510,bundle_post_opt_4_custom_cleanup,True,mul,14,14,0
public_v1,O3,p03510,bundle_post_opt_4_custom_cleanup,True,or,42,42,0
public_v1,O3,p03510,bundle_post_opt_4_custom_cleanup,True,phi,33,33,0
public_v1,O3,p03510,bundle_post_opt_4_custom_cleanup,True,ptrtoint,14,14,0
public_v1,O3,p03510,bundle_post_opt_4_custom_cleanup,True,ret,4,4,0
public_v1,O3,p03510,bundle_post_opt_4_custom_cleanup,True,sdiv,2,2,0
public_v1,O3,p03510,bundle_post_opt_4_custom_cleanup,True,select,16,16,0
public_v1,O3,p03510,bundle_post_opt_4_custom_cleanup,True,sext,4,4,0
public_v1,O3,p03510,bundle_post_opt_4_custom_cleanup,True,shl,28,28,0
public_v1,O3,p03510,bundle_post_opt_4_custom_cleanup,True,store,183,183,0
public_v1,O3,p03510,bundle_post_opt_4_custom_cleanup,True,sub,16,16,0
public_v1,O3,p03510,bundle_post_opt_4_custom_cleanup,True,switch,2,2,0
public_v1,O3,p03510,bundle_post_opt_4_custom_cleanup,True,trunc,9,9,0
public_v1,O3,p03510,bundle_post_opt_4_custom_cleanup,True,unreachable,2,2,0
public_v1,O3,p03510,bundle_post_opt_4_custom_cleanup,True,xor,38,38,0
public_v1,O3,p03510,bundle_post_opt_4_custom_cleanup,True,zext,46,46,0
public_v1,O3,p03543,main_default_opt_1,True,add,80,50,-30
public_v1,O3,p03543,main_default_opt_1,True,alloca,5,1,-4
public_v1,O3,p03543,main_default_opt_1,True,and,25,5,-20
public_v1,O3,p03543,main_default_opt_1,True,br,15,8,-7
public_v1,O3,p03543,main_default_opt_1,True,call,16,6,-10
public_v1,O3,p03543,main_default_opt_1,True,extractvalue,14,0,-14
public_v1,O3,p03543,main_default_opt_1,True,freeze,6,6,0
public_v1,O3,p03543,main_default_opt_1,True,getelementptr,183,97,-86
public_v1,O3,p03543,main_default_opt_1,True,icmp,83,46,-37
public_v1,O3,p03543,main_default_opt_1,True,insertvalue,22,0,-22
public_v1,O3,p03543,main_default_opt_1,True,inttoptr,23,15,-8
public_v1,O3,p03543,main_default_opt_1,True,load,61,44,-17
public_v1,O3,p03543,main_default_opt_1,True,mul,4,2,-2
public_v1,O3,p03543,main_default_opt_1,True,or,19,5,-14
public_v1,O3,p03543,main_default_opt_1,True,phi,30,6,-24
public_v1,O3,p03543,main_default_opt_1,True,ptrtoint,11,4,-7
public_v1,O3,p03543,main_default_opt_1,True,ret,3,2,-1
public_v1,O3,p03543,main_default_opt_1,True,select,67,43,-24
public_v1,O3,p03543,main_default_opt_1,True,store,107,58,-49
public_v1,O3,p03543,main_default_opt_1,True,sub,17,1,-16
public_v1,O3,p03543,main_default_opt_1,True,switch,1,0,-1
public_v1,O3,p03543,main_default_opt_1,True,trunc,2,5,3
public_v1,O3,p03543,main_default_opt_1,True,udiv,6,6,0
public_v1,O3,p03543,main_default_opt_1,True,urem,6,6,0
public_v1,O3,p03543,main_default_opt_1,True,xor,6,4,-2
public_v1,O3,p03543,main_default_opt_1,True,zext,15,13,-2
public_v1,O3,p03543,main_default_opt_2,True,add,32,32,0
public_v1,O3,p03543,main_default_opt_2,True,alloca,2,2,0
public_v1,O3,p03543,main_default_opt_2,True,and,9,1,-8
public_v1,O3,p03543,main_default_opt_2,True,br,8,6,-2
public_v1,O3,p03543,main_default_opt_2,True,call,7,3,-4
public_v1,O3,p03543,main_default_opt_2,True,freeze,6,4,-2
public_v1,O3,p03543,main_default_opt_2,True,getelementptr,75,72,-3
public_v1,O3,p03543,main_default_opt_2,True,icmp,29,29,0
public_v1,O3,p03543,main_default_opt_2,True,inttoptr,8,8,0
public_v1,O3,p03543,main_default_opt_2,True,load,24,21,-3
public_v1,O3,p03543,main_default_opt_2,True,mul,1,1,0
public_v1,O3,p03543,main_default_opt_2,True,or,9,1,-8
public_v1,O3,p03543,main_default_opt_2,True,phi,2,3,1
public_v1,O3,p03543,main_default_opt_2,True,ptrtoint,2,1,-1
public_v1,O3,p03543,main_default_opt_2,True,ret,2,2,0
public_v1,O3,p03543,main_default_opt_2,True,select,28,28,0
public_v1,O3,p03543,main_default_opt_2,True,store,30,31,1
public_v1,O3,p03543,main_default_opt_2,True,sub,1,1,0
public_v1,O3,p03543,main_default_opt_2,True,trunc,5,5,0
public_v1,O3,p03543,main_default_opt_2,True,udiv,6,6,0
public_v1,O3,p03543,main_default_opt_2,True,urem,6,6,0
public_v1,O3,p03543,main_default_opt_2,True,xor,2,2,0
public_v1,O3,p03543,main_default_opt_2,True,zext,6,6,0
public_v1,O3,p03543,bundle_default_opt_3,True,add,11,11,0
public_v1,O3,p03543,bundle_default_opt_3,True,alloca,2,2,0
public_v1,O3,p03543,bundle_default_opt_3,True,and,1,1,0
public_v1,O3,p03543,bundle_default_opt_3,True,br,6,6,0
public_v1,O3,p03543,bundle_default_opt_3,True,call,11,11,0
public_v1,O3,p03543,bundle_default_opt_3,True,freeze,4,4,0
public_v1,O3,p03543,bundle_default_opt_3,True,getelementptr,27,26,-1
public_v1,O3,p03543,bundle_default_opt_3,True,icmp,8,8,0
public_v1,O3,p03543,bundle_default_opt_3,True,inttoptr,1,1,0
public_v1,O3,p03543,bundle_default_opt_3,True,load,21,21,0
public_v1,O3,p03543,bundle_default_opt_3,True,mul,1,1,0
public_v1,O3,p03543,bundle_default_opt_3,True,or,1,1,0
public_v1,O3,p03543,bundle_default_opt_3,True,phi,3,3,0
public_v1,O3,p03543,bundle_default_opt_3,True,ptrtoint,1,1,0
public_v1,O3,p03543,bundle_default_opt_3,True,ret,3,3,0
public_v1,O3,p03543,bundle_default_opt_3,True,select,7,7,0
public_v1,O3,p03543,bundle_default_opt_3,True,store,31,31,0
public_v1,O3,p03543,bundle_default_opt_3,True,trunc,5,5,0
public_v1,O3,p03543,bundle_default_opt_3,True,udiv,6,6,0
public_v1,O3,p03543,bundle_default_opt_3,True,urem,6,6,0
public_v1,O3,p03543,bundle_default_opt_3,True,xor,2,2,0
public_v1,O3,p03543,bundle_default_opt_3,True,zext,6,6,0
public_v1,O3,p03543,bundle_default_opt_4,True,add,11,11,0
public_v1,O3,p03543,bundle_default_opt_4,True,alloca,2,2,0
public_v1,O3,p03543,bundle_default_opt_4,True,and,1,1,0
public_v1,O3,p03543,bundle_default_opt_4,True,br,6,6,0
public_v1,O3,p03543,bundle_default_opt_4,True,call,11,11,0
public_v1,O3,p03543,bundle_default_opt_4,True,freeze,4,4,0
public_v1,O3,p03543,bundle_default_opt_4,True,getelementptr,26,26,0
public_v1,O3,p03543,bundle_default_opt_4,True,icmp,8,8,0
public_v1,O3,p03543,bundle_default_opt_4,True,inttoptr,1,1,0
public_v1,O3,p03543,bundle_default_opt_4,True,load,21,21,0
public_v1,O3,p03543,bundle_default_opt_4,True,mul,1,1,0
public_v1,O3,p03543,bundle_default_opt_4,True,or,1,1,0
public_v1,O3,p03543,bundle_default_opt_4,True,phi,3,3,0
public_v1,O3,p03543,bundle_default_opt_4,True,ptrtoint,1,1,0
public_v1,O3,p03543,bundle_default_opt_4,True,ret,3,3,0
public_v1,O3,p03543,bundle_default_opt_4,True,select,7,7,0
public_v1,O3,p03543,bundle_default_opt_4,True,store,31,31,0
public_v1,O3,p03543,bundle_default_opt_4,True,trunc,5,5,0
public_v1,O3,p03543,bundle_default_opt_4,True,udiv,6,6,0
public_v1,O3,p03543,bundle_default_opt_4,True,urem,6,6,0
public_v1,O3,p03543,bundle_default_opt_4,True,xor,2,2,0
public_v1,O3,p03543,bundle_default_opt_4,True,zext,6,6,0
public_v1,O3,p03543,bundle_post_opt_4_custom_cleanup,True,add,11,11,0
public_v1,O3,p03543,bundle_post_opt_4_custom_cleanup,True,alloca,2,2,0
public_v1,O3,p03543,bundle_post_opt_4_custom_cleanup,True,and,1,1,0
public_v1,O3,p03543,bundle_post_opt_4_custom_cleanup,True,br,6,6,0
public_v1,O3,p03543,bundle_post_opt_4_custom_cleanup,True,call,11,11,0
public_v1,O3,p03543,bundle_post_opt_4_custom_cleanup,True,freeze,4,4,0
public_v1,O3,p03543,bundle_post_opt_4_custom_cleanup,True,getelementptr,26,26,0
public_v1,O3,p03543,bundle_post_opt_4_custom_cleanup,True,icmp,8,8,0
public_v1,O3,p03543,bundle_post_opt_4_custom_cleanup,True,inttoptr,1,1,0
public_v1,O3,p03543,bundle_post_opt_4_custom_cleanup,True,load,21,21,0
public_v1,O3,p03543,bundle_post_opt_4_custom_cleanup,True,mul,1,1,0
public_v1,O3,p03543,bundle_post_opt_4_custom_cleanup,True,or,1,1,0
public_v1,O3,p03543,bundle_post_opt_4_custom_cleanup,True,phi,3,3,0
public_v1,O3,p03543,bundle_post_opt_4_custom_cleanup,True,ptrtoint,1,1,0
public_v1,O3,p03543,bundle_post_opt_4_custom_cleanup,True,ret,3,3,0
public_v1,O3,p03543,bundle_post_opt_4_custom_cleanup,True,select,7,7,0
public_v1,O3,p03543,bundle_post_opt_4_custom_cleanup,True,store,31,31,0
public_v1,O3,p03543,bundle_post_opt_4_custom_cleanup,True,trunc,5,5,0
public_v1,O3,p03543,bundle_post_opt_4_custom_cleanup,True,udiv,6,6,0
public_v1,O3,p03543,bundle_post_opt_4_custom_cleanup,True,urem,6,6,0
public_v1,O3,p03543,bundle_post_opt_4_custom_cleanup,True,xor,2,2,0
public_v1,O3,p03543,bundle_post_opt_4_custom_cleanup,True,zext,6,6,0
public_v1,O3,p03773,main_default_opt_1,True,add,33,9,-24
public_v1,O3,p03773,main_default_opt_1,True,alloca,9,1,-8
public_v1,O3,p03773,main_default_opt_1,True,and,6,0,-6
public_v1,O3,p03773,main_default_opt_1,True,br,2,0,-2
public_v1,O3,p03773,main_default_opt_1,True,call,22,3,-19
public_v1,O3,p03773,main_default_opt_1,True,extractvalue,14,0,-14
public_v1,O3,p03773,main_default_opt_1,True,getelementptr,104,22,-82
public_v1,O3,p03773,main_default_opt_1,True,icmp,15,6,-9
public_v1,O3,p03773,main_default_opt_1,True,insertvalue,22,0,-22
public_v1,O3,p03773,main_default_opt_1,True,inttoptr,8,4,-4
public_v1,O3,p03773,main_default_opt_1,True,load,36,15,-21
public_v1,O3,p03773,main_default_opt_1,True,mul,2,0,-2
public_v1,O3,p03773,main_default_opt_1,True,or,3,1,-2
public_v1,O3,p03773,main_default_opt_1,True,phi,2,0,-2
public_v1,O3,p03773,main_default_opt_1,True,ptrtoint,5,4,-1
public_v1,O3,p03773,main_default_opt_1,True,ret,3,2,-1
public_v1,O3,p03773,main_default_opt_1,True,select,13,6,-7
public_v1,O3,p03773,main_default_opt_1,True,sext,2,0,-2
public_v1,O3,p03773,main_default_opt_1,True,srem,2,1,-1
public_v1,O3,p03773,main_default_opt_1,True,store,119,37,-82
public_v1,O3,p03773,main_default_opt_1,True,sub,15,0,-15
public_v1,O3,p03773,main_default_opt_1,True,trunc,4,0,-4
public_v1,O3,p03773,main_default_opt_1,True,xor,3,0,-3
public_v1,O3,p03773,main_default_opt_1,True,zext,6,3,-3
public_v1,O3,p03773,main_default_opt_2,True,add,3,3,0
public_v1,O3,p03773,main_default_opt_2,True,alloca,3,3,0
public_v1,O3,p03773,main_default_opt_2,True,and,8,0,-8
public_v1,O3,p03773,main_default_opt_2,True,call,6,2,-4
public_v1,O3,p03773,main_default_opt_2,True,getelementptr,14,12,-2
public_v1,O3,p03773,main_default_opt_2,True,load,2,2,0
public_v1,O3,p03773,main_default_opt_2,True,or,8,0,-8
public_v1,O3,p03773,main_default_opt_2,True,ptrtoint,1,1,0
public_v1,O3,p03773,main_default_opt_2,True,ret,2,2,0
public_v1,O3,p03773,main_default_opt_2,True,srem,1,1,0
public_v1,O3,p03773,main_default_opt_2,True,store,9,11,2
public_v1,O3,p03773,bundle_default_opt_3,True,add,1,1,0
public_v1,O3,p03773,bundle_default_opt_3,True,alloca,2,2,0
public_v1,O3,p03773,bundle_default_opt_3,True,call,2,2,0
public_v1,O3,p03773,bundle_default_opt_3,True,load,2,2,0
public_v1,O3,p03773,bundle_default_opt_3,True,ret,2,2,0
public_v1,O3,p03773,bundle_default_opt_3,True,srem,1,1,0
public_v1,O3,p03773,bundle_default_opt_4,True,add,1,1,0
public_v1,O3,p03773,bundle_default_opt_4,True,alloca,2,2,0
public_v1,O3,p03773,bundle_default_opt_4,True,call,2,2,0
public_v1,O3,p03773,bundle_default_opt_4,True,load,2,2,0
public_v1,O3,p03773,bundle_default_opt_4,True,ret,2,2,0
public_v1,O3,p03773,bundle_default_opt_4,True,srem,1,1,0
public_v1,O3,p03773,bundle_post_opt_4_custom_cleanup,True,add,1,1,0
public_v1,O3,p03773,bundle_post_opt_4_custom_cleanup,True,alloca,2,2,0
public_v1,O3,p03773,bundle_post_opt_4_custom_cleanup,True,call,2,2,0
public_v1,O3,p03773,bundle_post_opt_4_custom_cleanup,True,load,2,2,0
public_v1,O3,p03773,bundle_post_opt_4_custom_cleanup,True,ret,2,1,-1
public_v1,O3,p03773,bundle_post_opt_4_custom_cleanup,True,srem,1,1,0
public_v1,O3,p03776,main_default_opt_1,True,add,1154,827,-327
public_v1,O3,p03776,main_default_opt_1,True,alloca,9,3,-6
public_v1,O3,p03776,main_default_opt_1,True,and,449,410,-39
public_v1,O3,p03776,main_default_opt_1,True,ashr,0,1,1
public_v1,O3,p03776,main_default_opt_1,True,bitcast,1,1,0
public_v1,O3,p03776,main_default_opt_1,True,br,337,320,-17
public_v1,O3,p03776,main_default_opt_1,True,call,63,45,-18
public_v1,O3,p03776,main_default_opt_1,True,extractvalue,117,48,-69
public_v1,O3,p03776,main_default_opt_1,True,fdiv,1,1,0
public_v1,O3,p03776,main_default_opt_1,True,getelementptr,1404,669,-735
public_v1,O3,p03776,main_default_opt_1,True,icmp,671,641,-30
public_v1,O3,p03776,main_default_opt_1,True,insertvalue,83,22,-61
public_v1,O3,p03776,main_default_opt_1,True,inttoptr,152,152,0
public_v1,O3,p03776,main_default_opt_1,True,load,754,694,-60
public_v1,O3,p03776,main_default_opt_1,True,lshr,44,22,-22
public_v1,O3,p03776,main_default_opt_1,True,mul,115,115,0
public_v1,O3,p03776,main_default_opt_1,True,or,330,331,1
public_v1,O3,p03776,main_default_opt_1,True,phi,53,73,20
public_v1,O3,p03776,main_default_opt_1,True,ptrtoint,12,11,-1
public_v1,O3,p03776,main_default_opt_1,True,ret,7,6,-1
public_v1,O3,p03776,main_default_opt_1,True,select,508,500,-8
public_v1,O3,p03776,main_default_opt_1,True,sext,90,89,-1
public_v1,O3,p03776,main_default_opt_1,True,shl,86,86,0
public_v1,O3,p03776,main_default_opt_1,True,sitofp,2,2,0
public_v1,O3,p03776,main_default_opt_1,True,store,784,452,-332
public_v1,O3,p03776,main_default_opt_1,True,sub,382,72,-310
public_v1,O3,p03776,main_default_opt_1,True,switch,8,6,-2
public_v1,O3,p03776,main_default_opt_1,True,trunc,77,45,-32
public_v1,O3,p03776,main_default_opt_1,True,xor,231,209,-22
public_v1,O3,p03776,main_default_opt_1,True,zext,468,416,-52
public_v1,O3,p03776,main_default_opt_2,True,add,823,822,-1
public_v1,O3,p03776,main_default_opt_2,True,alloca,3,3,0
public_v1,O3,p03776,main_default_opt_2,True,and,469,397,-72
public_v1,O3,p03776,main_default_opt_2,True,ashr,1,1,0
public_v1,O3,p03776,main_default_opt_2,True,br,319,320,1
public_v1,O3,p03776,main_default_opt_2,True,call,44,44,0
public_v1,O3,p03776,main_default_opt_2,True,extractvalue,41,41,0
public_v1,O3,p03776,main_default_opt_2,True,fdiv,1,1,0
public_v1,O3,p03776,main_default_opt_2,True,getelementptr,669,666,-3
public_v1,O3,p03776,main_default_opt_2,True,icmp,637,636,-1
public_v1,O3,p03776,main_default_opt_2,True,insertvalue,22,18,-4
public_v1,O3,p03776,main_default_opt_2,True,inttoptr,151,151,0
public_v1,O3,p03776,main_default_opt_2,True,load,684,680,-4
public_v1,O3,p03776,main_default_opt_2,True,lshr,21,21,0
public_v1,O3,p03776,main_default_opt_2,True,mul,115,115,0
public_v1,O3,p03776,main_default_opt_2,True,or,388,316,-72
public_v1,O3,p03776,main_default_opt_2,True,phi,68,63,-5
public_v1,O3,p03776,main_default_opt_2,True,ptrtoint,8,7,-1
public_v1,O3,p03776,main_default_opt_2,True,ret,6,6,0
public_v1,O3,p03776,main_default_opt_2,True,select,498,497,-1
public_v1,O3,p03776,main_default_opt_2,True,sext,89,89,0
public_v1,O3,p03776,main_default_opt_2,True,shl,86,86,0
public_v1,O3,p03776,main_default_opt_2,True,sitofp,2,2,0
public_v1,O3,p03776,main_default_opt_2,True,store,433,612,179
public_v1,O3,p03776,main_default_opt_2,True,sub,73,71,-2
public_v1,O3,p03776,main_default_opt_2,True,switch,6,6,0
public_v1,O3,p03776,main_default_opt_2,True,trunc,47,45,-2
public_v1,O3,p03776,main_default_opt_2,True,xor,208,206,-2
public_v1,O3,p03776,main_default_opt_2,True,zext,407,406,-1
public_v1,O3,p03776,bundle_default_opt_3,True,add,329,313,-16
public_v1,O3,p03776,bundle_default_opt_3,True,alloca,3,3,0
public_v1,O3,p03776,bundle_default_opt_3,True,and,397,366,-31
public_v1,O3,p03776,bundle_default_opt_3,True,ashr,1,1,0
public_v1,O3,p03776,bundle_default_opt_3,True,br,320,319,-1
public_v1,O3,p03776,bundle_default_opt_3,True,call,195,195,0
public_v1,O3,p03776,bundle_default_opt_3,True,extractvalue,29,29,0
public_v1,O3,p03776,bundle_default_opt_3,True,fdiv,1,1,0
public_v1,O3,p03776,bundle_default_opt_3,True,getelementptr,245,225,-20
public_v1,O3,p03776,bundle_default_opt_3,True,icmp,189,189,0
public_v1,O3,p03776,bundle_default_opt_3,True,insertvalue,18,15,-3
public_v1,O3,p03776,bundle_default_opt_3,True,inttoptr,2,2,0
public_v1,O3,p03776,bundle_default_opt_3,True,load,667,666,-1
public_v1,O3,p03776,bundle_default_opt_3,True,lshr,21,21,0
public_v1,O3,p03776,bundle_default_opt_3,True,mul,115,115,0
public_v1,O3,p03776,bundle_default_opt_3,True,or,316,285,-31
public_v1,O3,p03776,bundle_default_opt_3,True,phi,63,58,-5
public_v1,O3,p03776,bundle_default_opt_3,True,ptrtoint,34,6,-28
public_v1,O3,p03776,bundle_default_opt_3,True,ret,8,8,0
public_v1,O3,p03776,bundle_default_opt_3,True,select,50,49,-1
public_v1,O3,p03776,bundle_default_opt_3,True,sext,89,89,0
public_v1,O3,p03776,bundle_default_opt_3,True,shl,86,86,0
public_v1,O3,p03776,bundle_default_opt_3,True,sitofp,2,2,0
public_v1,O3,p03776,bundle_default_opt_3,True,store,612,606,-6
public_v1,O3,p03776,bundle_default_opt_3,True,sub,27,12,-15
public_v1,O3,p03776,bundle_default_opt_3,True,switch,6,6,0
public_v1,O3,p03776,bundle_default_opt_3,True,trunc,45,42,-3
public_v1,O3,p03776,bundle_default_opt_3,True,xor,206,206,0
public_v1,O3,p03776,bundle_default_opt_3,True,zext,406,402,-4
public_v1,O3,p03776,bundle_default_opt_4,True,add,313,313,0
public_v1,O3,p03776,bundle_default_opt_4,True,alloca,3,3,0
public_v1,O3,p03776,bundle_default_opt_4,True,and,366,366,0
public_v1,O3,p03776,bundle_default_opt_4,True,ashr,1,1,0
public_v1,O3,p03776,bundle_default_opt_4,True,br,319,319,0
public_v1,O3,p03776,bundle_default_opt_4,True,call,195,195,0
public_v1,O3,p03776,bundle_default_opt_4,True,extractvalue,29,29,0
public_v1,O3,p03776,bundle_default_opt_4,True,fdiv,1,1,0
public_v1,O3,p03776,bundle_default_opt_4,True,getelementptr,225,222,-3
public_v1,O3,p03776,bundle_default_opt_4,True,icmp,189,189,0
public_v1,O3,p03776,bundle_default_opt_4,True,insertvalue,15,15,0
public_v1,O3,p03776,bundle_default_opt_4,True,inttoptr,2,2,0
public_v1,O3,p03776,bundle_default_opt_4,True,load,666,666,0
public_v1,O3,p03776,bundle_default_opt_4,True,lshr,21,21,0
public_v1,O3,p03776,bundle_default_opt_4,True,mul,115,115,0
public_v1,O3,p03776,bundle_default_opt_4,True,or,285,285,0
public_v1,O3,p03776,bundle_default_opt_4,True,phi,58,58,0
public_v1,O3,p03776,bundle_default_opt_4,True,ptrtoint,6,6,0
public_v1,O3,p03776,bundle_default_opt_4,True,ret,8,8,0
public_v1,O3,p03776,bundle_default_opt_4,True,select,49,49,0
public_v1,O3,p03776,bundle_default_opt_4,True,sext,89,89,0
public_v1,O3,p03776,bundle_default_opt_4,True,shl,86,86,0
public_v1,O3,p03776,bundle_default_opt_4,True,sitofp,2,2,0
public_v1,O3,p03776,bundle_default_opt_4,True,store,606,606,0
public_v1,O3,p03776,bundle_default_opt_4,True,sub,12,12,0
public_v1,O3,p03776,bundle_default_opt_4,True,switch,6,6,0
public_v1,O3,p03776,bundle_default_opt_4,True,trunc,42,42,0
public_v1,O3,p03776,bundle_default_opt_4,True,xor,206,206,0
public_v1,O3,p03776,bundle_default_opt_4,True,zext,402,402,0
public_v1,O3,p03776,bundle_post_opt_4_custom_cleanup,True,add,313,313,0
public_v1,O3,p03776,bundle_post_opt_4_custom_cleanup,True,alloca,3,3,0
public_v1,O3,p03776,bundle_post_opt_4_custom_cleanup,True,and,366,366,0
public_v1,O3,p03776,bundle_post_opt_4_custom_cleanup,True,ashr,1,1,0
public_v1,O3,p03776,bundle_post_opt_4_custom_cleanup,True,br,319,319,0
public_v1,O3,p03776,bundle_post_opt_4_custom_cleanup,True,call,195,195,0
public_v1,O3,p03776,bundle_post_opt_4_custom_cleanup,True,extractvalue,29,29,0
public_v1,O3,p03776,bundle_post_opt_4_custom_cleanup,True,fdiv,1,1,0
public_v1,O3,p03776,bundle_post_opt_4_custom_cleanup,True,getelementptr,222,222,0
public_v1,O3,p03776,bundle_post_opt_4_custom_cleanup,True,icmp,189,189,0
public_v1,O3,p03776,bundle_post_opt_4_custom_cleanup,True,insertvalue,15,15,0
public_v1,O3,p03776,bundle_post_opt_4_custom_cleanup,True,inttoptr,2,2,0
public_v1,O3,p03776,bundle_post_opt_4_custom_cleanup,True,load,666,666,0
public_v1,O3,p03776,bundle_post_opt_4_custom_cleanup,True,lshr,21,21,0
public_v1,O3,p03776,bundle_post_opt_4_custom_cleanup,True,mul,115,115,0
public_v1,O3,p03776,bundle_post_opt_4_custom_cleanup,True,or,285,285,0
public_v1,O3,p03776,bundle_post_opt_4_custom_cleanup,True,phi,58,58,0
public_v1,O3,p03776,bundle_post_opt_4_custom_cleanup,True,ptrtoint,6,6,0
public_v1,O3,p03776,bundle_post_opt_4_custom_cleanup,True,ret,8,8,0
public_v1,O3,p03776,bundle_post_opt_4_custom_cleanup,True,select,49,49,0
public_v1,O3,p03776,bundle_post_opt_4_custom_cleanup,True,sext,89,89,0
public_v1,O3,p03776,bundle_post_opt_4_custom_cleanup,True,shl,86,86,0
public_v1,O3,p03776,bundle_post_opt_4_custom_cleanup,True,sitofp,2,2,0
public_v1,O3,p03776,bundle_post_opt_4_custom_cleanup,True,store,606,606,0
public_v1,O3,p03776,bundle_post_opt_4_custom_cleanup,True,sub,12,12,0
public_v1,O3,p03776,bundle_post_opt_4_custom_cleanup,True,switch,6,6,0
public_v1,O3,p03776,bundle_post_opt_4_custom_cleanup,True,trunc,42,42,0
public_v1,O3,p03776,bundle_post_opt_4_custom_cleanup,True,xor,206,206,0
public_v1,O3,p03776,bundle_post_opt_4_custom_cleanup,True,zext,402,402,0
public_v1,O3,p03835,main_default_opt_1,True,add,24,9,-15
public_v1,O3,p03835,main_default_opt_1,True,alloca,5,1,-4
public_v1,O3,p03835,main_default_opt_1,True,and,10,4,-6
public_v1,O3,p03835,main_default_opt_1,True,br,9,8,-1
public_v1,O3,p03835,main_default_opt_1,True,call,13,4,-9
public_v1,O3,p03835,main_default_opt_1,True,extractvalue,14,0,-14
public_v1,O3,p03835,main_default_opt_1,True,getelementptr,45,12,-33
public_v1,O3,p03835,main_default_opt_1,True,icmp,10,6,-4
public_v1,O3,p03835,main_default_opt_1,True,insertvalue,22,0,-22
public_v1,O3,p03835,main_default_opt_1,True,inttoptr,2,2,0
public_v1,O3,p03835,main_default_opt_1,True,load,41,13,-28
public_v1,O3,p03835,main_default_opt_1,True,lshr,3,3,0
public_v1,O3,p03835,main_default_opt_1,True,mul,2,0,-2
public_v1,O3,p03835,main_default_opt_1,True,or,5,2,-3
public_v1,O3,p03835,main_default_opt_1,True,phi,1,6,5
public_v1,O3,p03835,main_default_opt_1,True,ptrtoint,5,4,-1
public_v1,O3,p03835,main_default_opt_1,True,ret,3,2,-1
public_v1,O3,p03835,main_default_opt_1,True,select,4,0,-4
public_v1,O3,p03835,main_default_opt_1,True,store,99,39,-60
public_v1,O3,p03835,main_default_opt_1,True,sub,13,1,-12
public_v1,O3,p03835,main_default_opt_1,True,trunc,6,4,-2
public_v1,O3,p03835,main_default_opt_1,True,xor,6,3,-3
public_v1,O3,p03835,main_default_opt_1,True,zext,13,6,-7
public_v1,O3,p03835,main_default_opt_2,True,add,4,4,0
public_v1,O3,p03835,main_default_opt_2,True,alloca,3,2,-1
public_v1,O3,p03835,main_default_opt_2,True,and,8,0,-8
public_v1,O3,p03835,main_default_opt_2,True,br,8,4,-4
public_v1,O3,p03835,main_default_opt_2,True,call,6,2,-4
public_v1,O3,p03835,main_default_opt_2,True,getelementptr,14,0,-14
public_v1,O3,p03835,main_default_opt_2,True,icmp,4,4,0
public_v1,O3,p03835,main_default_opt_2,True,load,2,2,0
public_v1,O3,p03835,main_default_opt_2,True,or,8,0,-8
public_v1,O3,p03835,main_default_opt_2,True,phi,6,5,-1
public_v1,O3,p03835,main_default_opt_2,True,ret,2,2,0
public_v1,O3,p03835,main_default_opt_2,True,store,11,0,-11
public_v1,O3,p03835,main_default_opt_2,True,sub,1,1,0
public_v1,O3,p03835,main_default_opt_2,True,zext,0,1,1
public_v1,O3,p03835,bundle_default_opt_3,True,add,4,4,0
public_v1,O3,p03835,bundle_default_opt_3,True,alloca,2,2,0
public_v1,O3,p03835,bundle_default_opt_3,True,br,4,4,0
public_v1,O3,p03835,bundle_default_opt_3,True,call,2,2,0
public_v1,O3,p03835,bundle_default_opt_3,True,icmp,4,4,0
public_v1,O3,p03835,bundle_default_opt_3,True,load,2,2,0
public_v1,O3,p03835,bundle_default_opt_3,True,phi,5,5,0
public_v1,O3,p03835,bundle_default_opt_3,True,ret,2,2,0
public_v1,O3,p03835,bundle_default_opt_3,True,sub,1,1,0
public_v1,O3,p03835,bundle_default_opt_3,True,zext,1,1,0
public_v1,O3,p03835,bundle_default_opt_4,True,add,4,4,0
public_v1,O3,p03835,bundle_default_opt_4,True,alloca,2,2,0
public_v1,O3,p03835,bundle_default_opt_4,True,br,4,4,0
public_v1,O3,p03835,bundle_default_opt_4,True,call,2,2,0
public_v1,O3,p03835,bundle_default_opt_4,True,icmp,4,4,0
public_v1,O3,p03835,bundle_default_opt_4,True,load,2,2,0
public_v1,O3,p03835,bundle_default_opt_4,True,phi,5,5,0
public_v1,O3,p03835,bundle_default_opt_4,True,ret,2,2,0
public_v1,O3,p03835,bundle_default_opt_4,True,sub,1,1,0
public_v1,O3,p03835,bundle_default_opt_4,True,zext,1,1,0
public_v1,O3,p03835,bundle_post_opt_4_custom_cleanup,True,add,4,4,0
public_v1,O3,p03835,bundle_post_opt_4_custom_cleanup,True,alloca,2,2,0
public_v1,O3,p03835,bundle_post_opt_4_custom_cleanup,True,br,4,4,0
public_v1,O3,p03835,bundle_post_opt_4_custom_cleanup,True,call,2,2,0
public_v1,O3,p03835,bundle_post_opt_4_custom_cleanup,True,icmp,4,4,0
public_v1,O3,p03835,bundle_post_opt_4_custom_cleanup,True,load,2,2,0
public_v1,O3,p03835,bundle_post_opt_4_custom_cleanup,True,phi,5,5,0
public_v1,O3,p03835,bundle_post_opt_4_custom_cleanup,True,ret,2,1,-1
public_v1,O3,p03835,bundle_post_opt_4_custom_cleanup,True,sub,1,1,0
public_v1,O3,p03835,bundle_post_opt_4_custom_cleanup,True,zext,1,1,0
public_v1,O3,p03854,main_default_opt_1,True,add,31,16,-15
public_v1,O3,p03854,main_default_opt_1,True,alloca,9,1,-8
public_v1,O3,p03854,main_default_opt_1,True,and,9,4,-5
public_v1,O3,p03854,main_default_opt_1,True,br,17,16,-1
public_v1,O3,p03854,main_default_opt_1,True,call,26,7,-19
public_v1,O3,p03854,main_default_opt_1,True,extractvalue,14,0,-14
public_v1,O3,p03854,main_default_opt_1,True,getelementptr,93,16,-77
public_v1,O3,p03854,main_default_opt_1,True,icmp,25,15,-10
public_v1,O3,p03854,main_default_opt_1,True,insertvalue,23,0,-23
public_v1,O3,p03854,main_default_opt_1,True,inttoptr,2,1,-1
public_v1,O3,p03854,main_default_opt_1,True,load,51,16,-35
public_v1,O3,p03854,main_default_opt_1,True,lshr,2,2,0
public_v1,O3,p03854,main_default_opt_1,True,mul,2,1,-1
public_v1,O3,p03854,main_default_opt_1,True,or,6,5,-1
public_v1,O3,p03854,main_default_opt_1,True,phi,2,7,5
public_v1,O3,p03854,main_default_opt_1,True,ptrtoint,5,4,-1
public_v1,O3,p03854,main_default_opt_1,True,ret,3,2,-1
public_v1,O3,p03854,main_default_opt_1,True,select,14,7,-7
public_v1,O3,p03854,main_default_opt_1,True,sext,8,4,-4
public_v1,O3,p03854,main_default_opt_1,True,store,166,54,-112
public_v1,O3,p03854,main_default_opt_1,True,sub,10,0,-10
public_v1,O3,p03854,main_default_opt_1,True,trunc,5,4,-1
public_v1,O3,p03854,main_default_opt_1,True,xor,8,4,-4
public_v1,O3,p03854,main_default_opt_1,True,zext,18,10,-8
public_v1,O3,p03854,main_default_opt_2,True,add,12,12,0
public_v1,O3,p03854,main_default_opt_2,True,alloca,1,0,-1
public_v1,O3,p03854,main_default_opt_2,True,and,8,0,-8
public_v1,O3,p03854,main_default_opt_2,True,br,16,12,-4
public_v1,O3,p03854,main_default_opt_2,True,call,5,5,0
public_v1,O3,p03854,main_default_opt_2,True,getelementptr,15,6,-9
public_v1,O3,p03854,main_default_opt_2,True,icmp,12,10,-2
public_v1,O3,p03854,main_default_opt_2,True,inttoptr,1,1,0
public_v1,O3,p03854,main_default_opt_2,True,load,3,3,0
public_v1,O3,p03854,main_default_opt_2,True,or,8,0,-8
public_v1,O3,p03854,main_default_opt_2,True,phi,4,4,0
public_v1,O3,p03854,main_default_opt_2,True,ret,2,2,0
public_v1,O3,p03854,main_default_opt_2,True,select,7,4,-3
public_v1,O3,p03854,main_default_opt_2,True,sext,4,4,0
public_v1,O3,p03854,main_default_opt_2,True,store,26,2,-24
public_v1,O3,p03854,main_default_opt_2,True,switch,0,1,1
public_v1,O3,p03854,main_default_opt_2,True,trunc,1,1,0
public_v1,O3,p03854,main_default_opt_2,True,zext,2,0,-2
public_v1,O3,p03854,bundle_default_opt_3,True,add,12,12,0
public_v1,O3,p03854,bundle_default_opt_3,True,br,12,12,0
public_v1,O3,p03854,bundle_default_opt_3,True,call,6,6,0
public_v1,O3,p03854,bundle_default_opt_3,True,getelementptr,7,7,0
public_v1,O3,p03854,bundle_default_opt_3,True,icmp,10,10,0
public_v1,O3,p03854,bundle_default_opt_3,True,inttoptr,1,1,0
public_v1,O3,p03854,bundle_default_opt_3,True,load,3,3,0
public_v1,O3,p03854,bundle_default_opt_3,True,phi,4,4,0
public_v1,O3,p03854,bundle_default_opt_3,True,ret,3,3,0
public_v1,O3,p03854,bundle_default_opt_3,True,select,4,4,0
public_v1,O3,p03854,bundle_default_opt_3,True,sext,4,4,0
public_v1,O3,p03854,bundle_default_opt_3,True,store,2,2,0
public_v1,O3,p03854,bundle_default_opt_3,True,switch,1,1,0
public_v1,O3,p03854,bundle_default_opt_3,True,trunc,1,1,0
public_v1,O3,p03854,bundle_default_opt_4,True,add,12,12,0
public_v1,O3,p03854,bundle_default_opt_4,True,br,12,12,0
public_v1,O3,p03854,bundle_default_opt_4,True,call,6,6,0
public_v1,O3,p03854,bundle_default_opt_4,True,getelementptr,7,7,0
public_v1,O3,p03854,bundle_default_opt_4,True,icmp,10,10,0
public_v1,O3,p03854,bundle_default_opt_4,True,inttoptr,1,1,0
public_v1,O3,p03854,bundle_default_opt_4,True,load,3,3,0
public_v1,O3,p03854,bundle_default_opt_4,True,phi,4,4,0
public_v1,O3,p03854,bundle_default_opt_4,True,ret,3,3,0
public_v1,O3,p03854,bundle_default_opt_4,True,select,4,4,0
public_v1,O3,p03854,bundle_default_opt_4,True,sext,4,4,0
public_v1,O3,p03854,bundle_default_opt_4,True,store,2,2,0
public_v1,O3,p03854,bundle_default_opt_4,True,switch,1,1,0
public_v1,O3,p03854,bundle_default_opt_4,True,trunc,1,1,0
public_v1,O3,p03854,bundle_post_opt_4_custom_cleanup,True,add,12,12,0
public_v1,O3,p03854,bundle_post_opt_4_custom_cleanup,True,br,12,12,0
public_v1,O3,p03854,bundle_post_opt_4_custom_cleanup,True,call,6,6,0
public_v1,O3,p03854,bundle_post_opt_4_custom_cleanup,True,getelementptr,7,7,0
public_v1,O3,p03854,bundle_post_opt_4_custom_cleanup,True,icmp,10,10,0
public_v1,O3,p03854,bundle_post_opt_4_custom_cleanup,True,inttoptr,1,1,0
public_v1,O3,p03854,bundle_post_opt_4_custom_cleanup,True,load,3,3,0
public_v1,O3,p03854,bundle_post_opt_4_custom_cleanup,True,phi,4,4,0
public_v1,O3,p03854,bundle_post_opt_4_custom_cleanup,True,ret,3,3,0
public_v1,O3,p03854,bundle_post_opt_4_custom_cleanup,True,select,4,4,0
public_v1,O3,p03854,bundle_post_opt_4_custom_cleanup,True,sext,4,4,0
public_v1,O3,p03854,bundle_post_opt_4_custom_cleanup,True,store,2,2,0
public_v1,O3,p03854,bundle_post_opt_4_custom_cleanup,True,switch,1,1,0
public_v1,O3,p03854,bundle_post_opt_4_custom_cleanup,True,trunc,1,1,0
public_v1,O3,p04028,main_default_opt_1,True,add,236,174,-62
public_v1,O3,p04028,main_default_opt_1,True,alloca,7,3,-4
public_v1,O3,p04028,main_default_opt_1,True,and,37,11,-26
public_v1,O3,p04028,main_default_opt_1,True,ashr,10,6,-4
public_v1,O3,p04028,main_default_opt_1,True,br,26,27,1
public_v1,O3,p04028,main_default_opt_1,True,call,35,18,-17
public_v1,O3,p04028,main_default_opt_1,True,extractvalue,25,4,-21
public_v1,O3,p04028,main_default_opt_1,True,getelementptr,256,126,-130
public_v1,O3,p04028,main_default_opt_1,True,icmp,127,96,-31
public_v1,O3,p04028,main_default_opt_1,True,insertvalue,57,2,-55
public_v1,O3,p04028,main_default_opt_1,True,inttoptr,29,24,-5
public_v1,O3,p04028,main_default_opt_1,True,load,141,78,-63
public_v1,O3,p04028,main_default_opt_1,True,lshr,29,13,-16
public_v1,O3,p04028,main_default_opt_1,True,mul,14,12,-2
public_v1,O3,p04028,main_default_opt_1,True,or,13,8,-5
public_v1,O3,p04028,main_default_opt_1,True,phi,8,40,32
public_v1,O3,p04028,main_default_opt_1,True,ptrtoint,10,5,-5
public_v1,O3,p04028,main_default_opt_1,True,ret,6,3,-3
public_v1,O3,p04028,main_default_opt_1,True,sdiv,3,3,0
public_v1,O3,p04028,main_default_opt_1,True,select,113,100,-13
public_v1,O3,p04028,main_default_opt_1,True,sext,33,30,-3
public_v1,O3,p04028,main_default_opt_1,True,shl,37,30,-7
public_v1,O3,p04028,main_default_opt_1,True,store,168,103,-65
public_v1,O3,p04028,main_default_opt_1,True,sub,32,5,-27
public_v1,O3,p04028,main_default_opt_1,True,trunc,57,24,-33
public_v1,O3,p04028,main_default_opt_1,True,unreachable,3,3,0
public_v1,O3,p04028,main_default_opt_1,True,xor,40,19,-21
public_v1,O3,p04028,main_default_opt_1,True,zext,51,17,-34
public_v1,O3,p04028,main_default_opt_2,True,add,78,38,-40
public_v1,O3,p04028,main_default_opt_2,True,alloca,3,2,-1
public_v1,O3,p04028,main_default_opt_2,True,and,10,7,-3
public_v1,O3,p04028,main_default_opt_2,True,ashr,6,6,0
public_v1,O3,p04028,main_default_opt_2,True,br,26,20,-6
public_v1,O3,p04028,main_default_opt_2,True,call,18,13,-5
public_v1,O3,p04028,main_default_opt_2,True,extractvalue,4,4,0
public_v1,O3,p04028,main_default_opt_2,True,getelementptr,59,44,-15
public_v1,O3,p04028,main_default_opt_2,True,icmp,23,23,0
public_v1,O3,p04028,main_default_opt_2,True,insertvalue,2,2,0
public_v1,O3,p04028,main_default_opt_2,True,load,62,17,-45
public_v1,O3,p04028,main_default_opt_2,True,lshr,13,13,0
public_v1,O3,p04028,main_default_opt_2,True,mul,12,8,-4
public_v1,O3,p04028,main_default_opt_2,True,or,7,6,-1
public_v1,O3,p04028,main_default_opt_2,True,phi,35,10,-25
public_v1,O3,p04028,main_default_opt_2,True,ptrtoint,4,4,0
public_v1,O3,p04028,main_default_opt_2,True,ret,3,3,0
public_v1,O3,p04028,main_default_opt_2,True,sdiv,3,3,0
public_v1,O3,p04028,main_default_opt_2,True,select,28,13,-15
public_v1,O3,p04028,main_default_opt_2,True,sext,30,16,-14
public_v1,O3,p04028,main_default_opt_2,True,shl,30,16,-14
public_v1,O3,p04028,main_default_opt_2,True,store,89,53,-36
public_v1,O3,p04028,main_default_opt_2,True,sub,5,4,-1
public_v1,O3,p04028,main_default_opt_2,True,trunc,24,14,-10
public_v1,O3,p04028,main_default_opt_2,True,unreachable,3,3,0
public_v1,O3,p04028,main_default_opt_2,True,xor,19,15,-4
public_v1,O3,p04028,main_default_opt_2,True,zext,16,14,-2
public_v1,O3,p04028,bundle_default_opt_3,True,add,36,34,-2
public_v1,O3,p04028,bundle_default_opt_3,True,alloca,2,2,0
public_v1,O3,p04028,bundle_default_opt_3,True,and,7,7,0
public_v1,O3,p04028,bundle_default_opt_3,True,ashr,6,6,0
public_v1,O3,p04028,bundle_default_opt_3,True,br,20,20,0
public_v1,O3,p04028,bundle_default_opt_3,True,call,13,13,0
public_v1,O3,p04028,bundle_default_opt_3,True,extractvalue,2,0,-2
public_v1,O3,p04028,bundle_default_opt_3,True,getelementptr,43,40,-3
public_v1,O3,p04028,bundle_default_opt_3,True,icmp,23,23,0
public_v1,O3,p04028,bundle_default_opt_3,True,insertvalue,2,0,-2
public_v1,O3,p04028,bundle_default_opt_3,True,load,16,16,0
public_v1,O3,p04028,bundle_default_opt_3,True,lshr,13,13,0
public_v1,O3,p04028,bundle_default_opt_3,True,mul,8,8,0
public_v1,O3,p04028,bundle_default_opt_3,True,or,6,6,0
public_v1,O3,p04028,bundle_default_opt_3,True,phi,10,10,0
public_v1,O3,p04028,bundle_default_opt_3,True,ptrtoint,4,3,-1
public_v1,O3,p04028,bundle_default_opt_3,True,ret,3,3,0
public_v1,O3,p04028,bundle_default_opt_3,True,sdiv,3,3,0
public_v1,O3,p04028,bundle_default_opt_3,True,select,13,13,0
public_v1,O3,p04028,bundle_default_opt_3,True,sext,16,15,-1
public_v1,O3,p04028,bundle_default_opt_3,True,shl,16,16,0
public_v1,O3,p04028,bundle_default_opt_3,True,store,53,53,0
public_v1,O3,p04028,bundle_default_opt_3,True,sub,1,1,0
public_v1,O3,p04028,bundle_default_opt_3,True,trunc,14,14,0
public_v1,O3,p04028,bundle_default_opt_3,True,unreachable,3,3,0
public_v1,O3,p04028,bundle_default_opt_3,True,xor,15,15,0
public_v1,O3,p04028,bundle_default_opt_3,True,zext,14,14,0
public_v1,O3,p04028,bundle_default_opt_4,True,add,34,36,2
public_v1,O3,p04028,bundle_default_opt_4,True,alloca,2,2,0
public_v1,O3,p04028,bundle_default_opt_4,True,and,7,12,5
public_v1,O3,p04028,bundle_default_opt_4,True,ashr,6,9,3
public_v1,O3,p04028,bundle_default_opt_4,True,br,20,27,7
public_v1,O3,p04028,bundle_default_opt_4,True,call,13,13,0
public_v1,O3,p04028,bundle_default_opt_4,True,getelementptr,40,44,4
public_v1,O3,p04028,bundle_default_opt_4,True,icmp,23,27,4
public_v1,O3,p04028,bundle_default_opt_4,True,load,16,14,-2
public_v1,O3,p04028,bundle_default_opt_4,True,lshr,13,14,1
public_v1,O3,p04028,bundle_default_opt_4,True,mul,8,12,4
public_v1,O3,p04028,bundle_default_opt_4,True,or,6,10,4
public_v1,O3,p04028,bundle_default_opt_4,True,phi,10,15,5
public_v1,O3,p04028,bundle_default_opt_4,True,ptrtoint,3,3,0
public_v1,O3,p04028,bundle_default_opt_4,True,ret,3,2,-1
public_v1,O3,p04028,bundle_default_opt_4,True,sdiv,3,5,2
public_v1,O3,p04028,bundle_default_opt_4,True,select,13,13,0
public_v1,O3,p04028,bundle_default_opt_4,True,sext,15,19,4
public_v1,O3,p04028,bundle_default_opt_4,True,shl,16,19,3
public_v1,O3,p04028,bundle_default_opt_4,True,store,53,67,14
public_v1,O3,p04028,bundle_default_opt_4,True,sub,1,1,0
public_v1,O3,p04028,bundle_default_opt_4,True,trunc,14,18,4
public_v1,O3,p04028,bundle_default_opt_4,True,unreachable,3,5,2
public_v1,O3,p04028,bundle_default_opt_4,True,xor,15,15,0
public_v1,O3,p04028,bundle_default_opt_4,True,zext,14,19,5
public_v1,O3,p04028,bundle_post_opt_4_custom_cleanup,True,add,36,33,-3
public_v1,O3,p04028,bundle_post_opt_4_custom_cleanup,True,alloca,2,1,-1
public_v1,O3,p04028,bundle_post_opt_4_custom_cleanup,True,and,12,12,0
public_v1,O3,p04028,bundle_post_opt_4_custom_cleanup,True,ashr,9,9,0
public_v1,O3,p04028,bundle_post_opt_4_custom_cleanup,True,br,27,25,-2
public_v1,O3,p04028,bundle_post_opt_4_custom_cleanup,True,call,13,13,0
public_v1,O3,p04028,bundle_post_opt_4_custom_cleanup,True,getelementptr,44,9,-35
public_v1,O3,p04028,bundle_post_opt_4_custom_cleanup,True,icmp,27,27,0
public_v1,O3,p04028,bundle_post_opt_4_custom_cleanup,True,load,14,14,0
public_v1,O3,p04028,bundle_post_opt_4_custom_cleanup,True,lshr,14,14,0
public_v1,O3,p04028,bundle_post_opt_4_custom_cleanup,True,mul,12,12,0
public_v1,O3,p04028,bundle_post_opt_4_custom_cleanup,True,or,10,10,0
public_v1,O3,p04028,bundle_post_opt_4_custom_cleanup,True,phi,15,14,-1
public_v1,O3,p04028,bundle_post_opt_4_custom_cleanup,True,ptrtoint,3,0,-3
public_v1,O3,p04028,bundle_post_opt_4_custom_cleanup,True,ret,2,1,-1
public_v1,O3,p04028,bundle_post_opt_4_custom_cleanup,True,sdiv,5,5,0
public_v1,O3,p04028,bundle_post_opt_4_custom_cleanup,True,select,13,11,-2
public_v1,O3,p04028,bundle_post_opt_4_custom_cleanup,True,sext,19,19,0
public_v1,O3,p04028,bundle_post_opt_4_custom_cleanup,True,shl,19,19,0
public_v1,O3,p04028,bundle_post_opt_4_custom_cleanup,True,store,67,8,-59
public_v1,O3,p04028,bundle_post_opt_4_custom_cleanup,True,sub,1,1,0
public_v1,O3,p04028,bundle_post_opt_4_custom_cleanup,True,trunc,18,18,0
public_v1,O3,p04028,bundle_post_opt_4_custom_cleanup,True,unreachable,5,5,0
public_v1,O3,p04028,bundle_post_opt_4_custom_cleanup,True,xor,15,15,0
public_v1,O3,p04028,bundle_post_opt_4_custom_cleanup,True,zext,19,17,-2
