dataset,level,sample_id,boundary,before_path,after_path,production_replay_valid,functions_before,functions_after,functions_delta,blocks_before,blocks_after,blocks_delta,instructions_before,instructions_after,instructions_delta,conditional_branches_before,conditional_branches_after,conditional_branches_delta,calls_before,calls_after,calls_delta,direct_calls_before,direct_calls_after,direct_calls_delta,indirect_calls_before,indirect_calls_after,indirect_calls_delta,intrinsics_before,intrinsics_after,intrinsics_delta,allocas_before,allocas_after,allocas_delta,loads_before,loads_after,loads_delta,stores_before,stores_after,stores_delta,geps_before,geps_after,geps_delta,phis_before,phis_after,phis_delta,selects_before,selects_after,selects_delta,switches_before,switches_after,switches_delta,unreachable_before,unreachable_after,unreachable_delta,memory_ops_before,memory_ops_after,memory_ops_delta,scalar_cleanup_ops_before,scalar_cleanup_ops_after,scalar_cleanup_ops_delta,vector_instructions_before,vector_instructions_after,vector_instructions_delta
own_v1,O1,h00001,main_default_opt_1,/home/dungbv/clau/reports/ir_boundary_own_20260816/artifacts/O1/h00001/main_opt_1.before.ll,/home/dungbv/clau/reports/ir_boundary_own_20260816/artifacts/O1/h00001/main_opt_1.after.ll,True,11,8,-3,47,42,-5,850,811,-39,4,4,0,18,11,-7,16,9,-7,2,2,0,9,5,-4,3,1,-2,66,64,-2,454,436,-18,63,47,-16,26,37,11,14,14,0,1,1,0,0,0,0,586,548,-38,124,132,8,0,0,0
own_v1,O1,h00001,main_default_opt_2,/home/dungbv/clau/reports/ir_boundary_own_20260816/artifacts/O1/h00001/main_opt_2.before.ll,/home/dungbv/clau/reports/ir_boundary_own_20260816/artifacts/O1/h00001/main_opt_2.after.ll,True,8,8,0,42,42,0,812,801,-11,4,4,0,11,11,0,9,9,0,2,2,0,5,5,0,1,1,0,64,64,0,436,436,0,48,45,-3,37,37,0,14,14,0,1,1,0,0,0,0,549,546,-3,131,127,-4,0,0,0
own_v1,O1,h00001,bundle_default_opt_3,/home/dungbv/clau/result/f3_o1_final_20260815/h00001/h00001_final.02-pointer-opt.ll,/home/dungbv/clau/reports/ir_boundary_own_20260816/artifacts/O1/h00001/bundle_default_opt_3.after.ll,True,9,9,0,44,44,0,646,620,-26,4,4,0,12,12,0,10,10,0,2,2,0,4,4,0,1,1,0,64,54,-10,322,306,-16,39,39,0,28,28,0,10,10,0,1,1,0,0,0,0,426,400,-26,94,94,0,0,0,0
own_v1,O1,h00001,bundle_default_opt_4,/home/dungbv/clau/result/f3_o1_final_20260815/h00001/h00001_final.05-unpinned.ll,/home/dungbv/clau/reports/ir_boundary_own_20260816/artifacts/O1/h00001/bundle_default_opt_4.after.ll,True,9,9,0,44,44,0,620,620,0,4,4,0,12,12,0,10,10,0,2,2,0,4,4,0,1,1,0,54,54,0,306,306,0,39,39,0,28,28,0,10,10,0,1,1,0,0,0,0,400,400,0,94,94,0,0,0,0
own_v1,O1,h00001,bundle_post_opt_4_custom_cleanup,/home/dungbv/clau/reports/ir_boundary_own_20260816/artifacts/O1/h00001/bundle_default_opt_4.after.ll,/home/dungbv/clau/result/f3_o1_final_20260815/h00001/h00001_final.ll,True,9,9,0,44,44,0,620,574,-46,4,4,0,12,12,0,10,10,0,2,2,0,4,4,0,1,1,0,54,54,0,306,260,-46,39,39,0,28,28,0,10,10,0,1,1,0,0,0,0,400,354,-46,94,94,0,0,0,0
own_v1,O1,h00002,main_default_opt_1,/home/dungbv/clau/reports/ir_boundary_own_20260816/artifacts/O1/h00002/main_opt_1.before.ll,/home/dungbv/clau/reports/ir_boundary_own_20260816/artifacts/O1/h00002/main_opt_1.after.ll,True,11,2,-9,47,31,-16,1002,869,-133,5,4,-1,29,17,-12,27,17,-10,2,0,-2,18,13,-5,7,5,-2,96,79,-17,504,448,-56,52,35,-17,27,31,4,8,8,0,1,1,0,1,1,0,659,567,-92,145,141,-4,0,0,0
own_v1,O1,h00002,main_default_opt_2,/home/dungbv/clau/reports/ir_boundary_own_20260816/artifacts/O1/h00002/main_opt_2.before.ll,/home/dungbv/clau/reports/ir_boundary_own_20260816/artifacts/O1/h00002/main_opt_2.after.ll,True,2,2,0,31,26,-5,312,253,-59,4,2,-2,10,9,-1,10,9,-1,0,0,0,6,5,-1,4,4,0,20,22,2,59,37,-22,25,22,-3,4,3,-1,12,10,-2,1,1,0,1,1,0,108,85,-23,88,68,-20,0,0,0
own_v1,O1,h00002,bundle_default_opt_3,/home/dungbv/clau/result/f3_o1_final_20260815/h00002/h00002_final.02-pointer-opt.ll,/home/dungbv/clau/reports/ir_boundary_own_20260816/artifacts/O1/h00002/bundle_default_opt_3.after.ll,True,2,2,0,26,26,0,222,199,-23,2,2,0,9,9,0,9,9,0,0,0,0,5,5,0,4,4,0,22,22,0,37,37,0,53,30,-23,3,3,0,10,10,0,1,1,0,1,1,0,116,93,-23,37,37,0,0,0,0
own_v1,O1,h00002,bundle_default_opt_4,/home/dungbv/clau/result/f3_o1_final_20260815/h00002/h00002_final.05-unpinned.ll,/home/dungbv/clau/reports/ir_boundary_own_20260816/artifacts/O1/h00002/bundle_default_opt_4.after.ll,True,2,2,0,26,26,0,199,199,0,2,2,0,9,9,0,9,9,0,0,0,0,5,5,0,4,4,0,22,22,0,37,37,0,30,30,0,3,3,0,10,10,0,1,1,0,1,1,0,93,93,0,37,37,0,0,0,0
own_v1,O1,h00002,bundle_post_opt_4_custom_cleanup,/home/dungbv/clau/reports/ir_boundary_own_20260816/artifacts/O1/h00002/bundle_default_opt_4.after.ll,/home/dungbv/clau/result/f3_o1_final_20260815/h00002/h00002_final.ll,True,2,1,-1,26,25,-1,199,198,-1,2,2,0,9,9,0,9,9,0,0,0,0,5,5,0,4,4,0,22,21,-1,37,37,0,30,30,0,3,4,1,10,10,0,1,1,0,1,1,0,93,92,-1,37,38,1,0,0,0
own_v1,O1,h00003,main_default_opt_1,/home/dungbv/clau/reports/ir_boundary_own_20260816/artifacts/O1/h00003/main_opt_1.before.ll,/home/dungbv/clau/reports/ir_boundary_own_20260816/artifacts/O1/h00003/main_opt_1.after.ll,True,11,2,-9,50,34,-16,1165,1022,-143,2,1,-1,32,21,-11,30,21,-9,2,0,-2,21,17,-4,9,7,-2,118,100,-18,658,600,-58,113,95,-18,19,22,3,11,11,0,1,1,0,0,0,0,898,802,-96,106,99,-7,0,0,0
own_v1,O1,h00003,main_default_opt_2,/home/dungbv/clau/reports/ir_boundary_own_20260816/artifacts/O1/h00003/main_opt_2.before.ll,/home/dungbv/clau/reports/ir_boundary_own_20260816/artifacts/O1/h00003/main_opt_2.after.ll,True,2,2,0,34,34,0,245,235,-10,1,1,0,7,5,-2,7,5,-2,0,0,0,3,1,-2,2,2,0,28,30,2,52,54,2,50,48,-2,4,2,-2,11,11,0,1,1,0,0,0,0,132,134,2,42,35,-7,0,0,0
own_v1,O1,h00003,bundle_default_opt_3,/home/dungbv/clau/result/f3_o1_final_20260815/h00003/h00003_final.02-pointer-opt.ll,/home/dungbv/clau/reports/ir_boundary_own_20260816/artifacts/O1/h00003/bundle_default_opt_3.after.ll,True,2,2,0,34,34,0,231,202,-29,1,1,0,5,5,0,5,5,0,0,0,0,1,1,0,2,2,0,30,30,0,54,54,0,52,23,-29,2,2,0,11,11,0,1,1,0,0,0,0,138,109,-29,31,31,0,0,0,0
own_v1,O1,h00003,bundle_default_opt_4,/home/dungbv/clau/result/f3_o1_final_20260815/h00003/h00003_final.05-unpinned.ll,/home/dungbv/clau/reports/ir_boundary_own_20260816/artifacts/O1/h00003/bundle_default_opt_4.after.ll,True,2,2,0,34,34,0,202,202,0,1,1,0,5,5,0,5,5,0,0,0,0,1,1,0,2,2,0,30,30,0,54,54,0,23,23,0,2,2,0,11,11,0,1,1,0,0,0,0,109,109,0,31,31,0,0,0,0
own_v1,O1,h00003,bundle_post_opt_4_custom_cleanup,/home/dungbv/clau/reports/ir_boundary_own_20260816/artifacts/O1/h00003/bundle_default_opt_4.after.ll,/home/dungbv/clau/result/f3_o1_final_20260815/h00003/h00003_final.ll,True,2,1,-1,34,33,-1,202,201,-1,1,1,0,5,5,0,5,5,0,0,0,0,1,1,0,2,2,0,30,30,0,54,54,0,23,23,0,2,2,0,11,11,0,1,1,0,0,0,0,109,109,0,31,31,0,0,0,0
own_v1,O1,h00004,main_default_opt_1,/home/dungbv/clau/reports/ir_boundary_own_20260816/artifacts/O1/h00004/main_opt_1.before.ll,/home/dungbv/clau/reports/ir_boundary_own_20260816/artifacts/O1/h00004/main_opt_1.after.ll,True,12,9,-3,45,38,-7,1182,1089,-93,6,4,-2,35,28,-7,33,26,-7,2,2,0,19,15,-4,7,5,-2,160,129,-31,539,521,-18,86,62,-24,25,33,8,14,14,0,3,1,-2,0,0,0,792,717,-75,166,166,0,0,0,0
own_v1,O1,h00004,main_default_opt_2,/home/dungbv/clau/reports/ir_boundary_own_20260816/artifacts/O1/h00004/main_opt_2.before.ll,/home/dungbv/clau/reports/ir_boundary_own_20260816/artifacts/O1/h00004/main_opt_2.after.ll,True,9,9,0,38,38,0,1192,1156,-36,4,4,0,28,28,0,26,26,0,2,2,0,15,15,0,5,5,0,129,129,0,521,521,0,91,87,-4,33,33,0,30,30,0,1,1,0,0,0,0,746,742,-4,217,201,-16,0,0,0
own_v1,O1,h00004,bundle_default_opt_3,/home/dungbv/clau/result/f3_o1_final_20260815/h00004/h00004_final.02-pointer-opt.ll,/home/dungbv/clau/reports/ir_boundary_own_20260816/artifacts/O1/h00004/bundle_default_opt_3.after.ll,True,10,10,0,40,40,0,1127,1033,-94,4,4,0,33,31,-2,31,29,-2,2,2,0,14,14,0,5,5,0,133,97,-36,520,466,-54,77,77,0,33,33,0,20,20,0,1,1,0,0,0,0,735,645,-90,175,173,-2,0,0,0
own_v1,O1,h00004,bundle_default_opt_4,/home/dungbv/clau/result/f3_o1_final_20260815/h00004/h00004_final.05-unpinned.ll,/home/dungbv/clau/reports/ir_boundary_own_20260816/artifacts/O1/h00004/bundle_default_opt_4.after.ll,True,10,10,0,40,40,0,1033,1033,0,4,4,0,31,31,0,29,29,0,2,2,0,14,14,0,5,5,0,97,97,0,466,466,0,77,77,0,33,33,0,20,20,0,1,1,0,0,0,0,645,645,0,173,173,0,0,0,0
own_v1,O1,h00004,bundle_post_opt_4_custom_cleanup,/home/dungbv/clau/reports/ir_boundary_own_20260816/artifacts/O1/h00004/bundle_default_opt_4.after.ll,/home/dungbv/clau/result/f3_o1_final_20260815/h00004/h00004_final.ll,True,10,10,0,40,40,0,1033,964,-69,4,4,0,31,30,-1,29,28,-1,2,2,0,14,13,-1,5,5,0,97,97,0,466,407,-59,77,77,0,33,33,0,20,20,0,1,1,0,0,0,0,645,586,-59,173,170,-3,0,0,0
own_v1,O1,h00005,main_default_opt_1,/home/dungbv/clau/reports/ir_boundary_own_20260816/artifacts/O1/h00005/main_opt_1.before.ll,/home/dungbv/clau/reports/ir_boundary_own_20260816/artifacts/O1/h00005/main_opt_1.after.ll,True,11,8,-3,38,33,-5,836,797,-39,4,4,0,20,13,-7,18,11,-7,2,2,0,9,5,-4,3,1,-2,83,81,-2,438,420,-18,59,43,-16,26,37,11,11,11,0,1,1,0,0,0,0,583,545,-38,120,128,8,0,0,0
own_v1,O1,h00005,main_default_opt_2,/home/dungbv/clau/reports/ir_boundary_own_20260816/artifacts/O1/h00005/main_opt_2.before.ll,/home/dungbv/clau/reports/ir_boundary_own_20260816/artifacts/O1/h00005/main_opt_2.after.ll,True,8,8,0,33,33,0,798,787,-11,4,4,0,13,13,0,11,11,0,2,2,0,5,5,0,1,1,0,81,81,0,420,420,0,44,41,-3,37,37,0,11,11,0,1,1,0,0,0,0,546,543,-3,127,123,-4,0,0,0
own_v1,O1,h00005,bundle_default_opt_3,/home/dungbv/clau/result/f3_o1_final_20260815/h00005/h00005_final.02-pointer-opt.ll,/home/dungbv/clau/reports/ir_boundary_own_20260816/artifacts/O1/h00005/bundle_default_opt_3.after.ll,True,9,9,0,35,35,0,706,668,-38,4,4,0,14,14,0,12,12,0,2,2,0,4,4,0,1,1,0,81,71,-10,364,336,-28,35,35,0,32,32,0,7,7,0,1,1,0,0,0,0,481,443,-38,105,105,0,0,0,0
own_v1,O1,h00005,bundle_default_opt_4,/home/dungbv/clau/result/f3_o1_final_20260815/h00005/h00005_final.05-unpinned.ll,/home/dungbv/clau/reports/ir_boundary_own_20260816/artifacts/O1/h00005/bundle_default_opt_4.after.ll,True,9,9,0,35,35,0,668,668,0,4,4,0,14,14,0,12,12,0,2,2,0,4,4,0,1,1,0,71,71,0,336,336,0,35,35,0,32,32,0,7,7,0,1,1,0,0,0,0,443,443,0,105,105,0,0,0,0
own_v1,O1,h00005,bundle_post_opt_4_custom_cleanup,/home/dungbv/clau/reports/ir_boundary_own_20260816/artifacts/O1/h00005/bundle_default_opt_4.after.ll,/home/dungbv/clau/result/f3_o1_final_20260815/h00005/h00005_final.ll,True,9,9,0,35,35,0,668,619,-49,4,4,0,14,14,0,12,12,0,2,2,0,4,4,0,1,1,0,71,71,0,336,287,-49,35,35,0,32,32,0,7,7,0,1,1,0,0,0,0,443,394,-49,105,105,0,0,0,0
own_v1,O1,h00006,main_default_opt_1,/home/dungbv/clau/reports/ir_boundary_own_20260816/artifacts/O1/h00006/main_opt_1.before.ll,/home/dungbv/clau/reports/ir_boundary_own_20260816/artifacts/O1/h00006/main_opt_1.after.ll,True,11,8,-3,52,47,-5,1042,993,-49,2,2,0,18,12,-6,16,10,-6,2,2,0,9,6,-3,3,1,-2,76,74,-2,600,577,-23,74,54,-20,19,30,11,16,16,0,1,1,0,0,0,0,753,706,-47,118,125,7,0,0,0
own_v1,O1,h00006,main_default_opt_2,/home/dungbv/clau/reports/ir_boundary_own_20260816/artifacts/O1/h00006/main_opt_2.before.ll,/home/dungbv/clau/reports/ir_boundary_own_20260816/artifacts/O1/h00006/main_opt_2.after.ll,True,8,8,0,47,47,0,998,987,-11,2,2,0,12,12,0,10,10,0,2,2,0,6,6,0,1,1,0,74,74,0,577,577,0,56,53,-3,32,32,0,16,16,0,1,1,0,0,0,0,708,705,-3,127,123,-4,0,0,0
own_v1,O1,h00006,bundle_default_opt_3,/home/dungbv/clau/result/f3_o1_final_20260815/h00006/h00006_final.02-pointer-opt.ll,/home/dungbv/clau/reports/ir_boundary_own_20260816/artifacts/O1/h00006/bundle_default_opt_3.after.ll,True,9,9,0,49,49,0,789,763,-26,2,2,0,13,13,0,11,11,0,2,2,0,5,5,0,1,1,0,74,64,-10,423,407,-16,47,47,0,24,24,0,12,12,0,1,1,0,0,0,0,545,519,-26,92,92,0,0,0,0
own_v1,O1,h00006,bundle_default_opt_4,/home/dungbv/clau/result/f3_o1_final_20260815/h00006/h00006_final.05-unpinned.ll,/home/dungbv/clau/reports/ir_boundary_own_20260816/artifacts/O1/h00006/bundle_default_opt_4.after.ll,True,9,9,0,49,49,0,763,763,0,2,2,0,13,13,0,11,11,0,2,2,0,5,5,0,1,1,0,64,64,0,407,407,0,47,47,0,24,24,0,12,12,0,1,1,0,0,0,0,519,519,0,92,92,0,0,0,0
own_v1,O1,h00006,bundle_post_opt_4_custom_cleanup,/home/dungbv/clau/reports/ir_boundary_own_20260816/artifacts/O1/h00006/bundle_default_opt_4.after.ll,/home/dungbv/clau/result/f3_o1_final_20260815/h00006/h00006_final.ll,True,9,9,0,49,49,0,763,642,-121,2,2,0,13,13,0,11,11,0,2,2,0,5,5,0,1,1,0,64,64,0,407,286,-121,47,47,0,24,24,0,12,12,0,1,1,0,0,0,0,519,398,-121,92,92,0,0,0,0
own_v1,O1,h00007,main_default_opt_1,/home/dungbv/clau/reports/ir_boundary_own_20260816/artifacts/O1/h00007/main_opt_1.before.ll,/home/dungbv/clau/reports/ir_boundary_own_20260816/artifacts/O1/h00007/main_opt_1.after.ll,True,12,9,-3,53,47,-6,1144,1080,-64,9,9,0,19,12,-7,17,10,-7,2,2,0,9,5,-4,3,1,-2,104,100,-4,627,590,-37,57,41,-16,51,63,12,16,16,0,2,2,0,0,0,0,791,732,-59,182,188,6,0,0,0
own_v1,O1,h00007,main_default_opt_2,/home/dungbv/clau/reports/ir_boundary_own_20260816/artifacts/O1/h00007/main_opt_2.before.ll,/home/dungbv/clau/reports/ir_boundary_own_20260816/artifacts/O1/h00007/main_opt_2.after.ll,True,9,9,0,47,46,-1,1085,1027,-58,9,9,0,12,12,0,10,10,0,2,2,0,5,5,0,1,1,0,100,100,0,590,551,-39,43,40,-3,65,66,1,16,16,0,2,2,0,0,0,0,734,692,-42,190,183,-7,0,0,0
own_v1,O1,h00007,bundle_default_opt_3,/home/dungbv/clau/result/f3_o1_final_20260815/h00007/h00007_final.02-pointer-opt.ll,/home/dungbv/clau/reports/ir_boundary_own_20260816/artifacts/O1/h00007/bundle_default_opt_3.after.ll,True,10,10,0,48,48,0,1051,986,-65,9,9,0,13,13,0,11,11,0,2,2,0,4,4,0,1,1,0,113,101,-12,550,503,-47,34,34,0,66,64,-2,12,12,0,2,2,0,0,0,0,698,639,-59,175,170,-5,0,0,0
own_v1,O1,h00007,bundle_default_opt_4,/home/dungbv/clau/result/f3_o1_final_20260815/h00007/h00007_final.05-unpinned.ll,/home/dungbv/clau/reports/ir_boundary_own_20260816/artifacts/O1/h00007/bundle_default_opt_4.after.ll,True,10,10,0,48,48,0,986,985,-1,9,9,0,13,13,0,11,11,0,2,2,0,4,4,0,1,1,0,101,101,0,503,503,0,34,34,0,64,64,0,12,12,0,2,2,0,0,0,0,639,639,0,170,170,0,0,0,0
own_v1,O1,h00007,bundle_post_opt_4_custom_cleanup,/home/dungbv/clau/reports/ir_boundary_own_20260816/artifacts/O1/h00007/bundle_default_opt_4.after.ll,/home/dungbv/clau/result/f3_o1_final_20260815/h00007/h00007_final.ll,True,10,10,0,48,48,0,985,919,-66,9,9,0,13,13,0,11,11,0,2,2,0,4,4,0,1,1,0,101,101,0,503,438,-65,34,34,0,64,64,0,12,12,0,2,2,0,0,0,0,639,574,-65,170,169,-1,0,0,0
own_v1,O1,h00008,main_default_opt_1,/home/dungbv/clau/reports/ir_boundary_own_20260816/artifacts/O1/h00008/main_opt_1.before.ll,/home/dungbv/clau/reports/ir_boundary_own_20260816/artifacts/O1/h00008/main_opt_1.after.ll,True,11,8,-3,47,42,-5,1120,1060,-60,6,6,0,21,15,-6,19,13,-6,2,2,0,10,7,-3,3,1,-2,97,95,-2,595,570,-25,87,57,-30,28,41,13,21,21,0,2,2,0,0,0,0,782,723,-59,163,170,7,0,0,0
own_v1,O1,h00008,main_default_opt_2,/home/dungbv/clau/reports/ir_boundary_own_20260816/artifacts/O1/h00008/main_opt_2.before.ll,/home/dungbv/clau/reports/ir_boundary_own_20260816/artifacts/O1/h00008/main_opt_2.after.ll,True,8,8,0,42,42,0,1061,1050,-11,6,6,0,15,15,0,13,13,0,2,2,0,7,7,0,1,1,0,95,95,0,570,570,0,58,55,-3,41,41,0,21,21,0,2,2,0,0,0,0,724,721,-3,169,165,-4,0,0,0
own_v1,O1,h00008,bundle_default_opt_3,/home/dungbv/clau/result/f3_o1_final_20260815/h00008/h00008_final.02-pointer-opt.ll,/home/dungbv/clau/reports/ir_boundary_own_20260816/artifacts/O1/h00008/bundle_default_opt_3.after.ll,True,9,9,0,44,44,0,909,887,-22,6,6,0,20,20,0,18,18,0,2,2,0,6,6,0,1,1,0,94,86,-8,497,483,-14,40,40,0,36,36,0,9,9,0,2,2,0,0,0,0,632,610,-22,120,120,0,0,0,0
own_v1,O1,h00008,bundle_default_opt_4,/home/dungbv/clau/result/f3_o1_final_20260815/h00008/h00008_final.05-unpinned.ll,/home/dungbv/clau/reports/ir_boundary_own_20260816/artifacts/O1/h00008/bundle_default_opt_4.after.ll,True,9,9,0,44,44,0,887,887,0,6,6,0,20,20,0,18,18,0,2,2,0,6,6,0,1,1,0,86,86,0,483,483,0,40,40,0,36,36,0,9,9,0,2,2,0,0,0,0,610,610,0,120,120,0,0,0,0
own_v1,O1,h00008,bundle_post_opt_4_custom_cleanup,/home/dungbv/clau/reports/ir_boundary_own_20260816/artifacts/O1/h00008/bundle_default_opt_4.after.ll,/home/dungbv/clau/result/f3_o1_final_20260815/h00008/h00008_final.ll,True,9,9,0,44,44,0,887,795,-92,6,6,0,20,20,0,18,18,0,2,2,0,6,6,0,1,1,0,86,86,0,483,392,-91,40,40,0,36,36,0,9,9,0,2,2,0,0,0,0,610,519,-91,120,119,-1,0,0,0
own_v1,O1,h00009,main_default_opt_1,/home/dungbv/clau/reports/ir_boundary_own_20260816/artifacts/O1/h00009/main_opt_1.before.ll,/home/dungbv/clau/reports/ir_boundary_own_20260816/artifacts/O1/h00009/main_opt_1.after.ll,True,11,2,-9,66,50,-16,1191,1061,-130,6,5,-1,28,17,-11,26,17,-9,2,0,-2,18,14,-4,7,5,-2,107,91,-16,669,610,-59,100,81,-19,26,29,3,15,15,0,2,2,0,0,0,0,883,787,-96,129,126,-3,0,0,0
own_v1,O1,h00009,main_default_opt_2,/home/dungbv/clau/reports/ir_boundary_own_20260816/artifacts/O1/h00009/main_opt_2.before.ll,/home/dungbv/clau/reports/ir_boundary_own_20260816/artifacts/O1/h00009/main_opt_2.after.ll,True,2,2,0,50,46,-4,289,274,-15,5,1,-4,8,4,-4,8,4,-4,0,0,0,5,1,-4,3,3,0,36,40,4,60,63,3,52,50,-2,2,0,-2,15,15,0,2,1,-1,0,0,0,151,156,5,43,35,-8,0,0,0
own_v1,O1,h00009,bundle_default_opt_3,/home/dungbv/clau/result/f3_o1_final_20260815/h00009/h00009_final.02-pointer-opt.ll,/home/dungbv/clau/reports/ir_boundary_own_20260816/artifacts/O1/h00009/bundle_default_opt_3.after.ll,True,2,2,0,46,46,0,271,239,-32,1,1,0,4,4,0,4,4,0,0,0,0,1,1,0,3,3,0,40,40,0,63,63,0,53,21,-32,0,0,0,15,15,0,1,1,0,0,0,0,159,127,-32,32,32,0,0,0,0
own_v1,O1,h00009,bundle_default_opt_4,/home/dungbv/clau/result/f3_o1_final_20260815/h00009/h00009_final.05-unpinned.ll,/home/dungbv/clau/reports/ir_boundary_own_20260816/artifacts/O1/h00009/bundle_default_opt_4.after.ll,True,2,2,0,46,46,0,239,239,0,1,1,0,4,4,0,4,4,0,0,0,0,1,1,0,3,3,0,40,40,0,63,63,0,21,21,0,0,0,0,15,15,0,1,1,0,0,0,0,127,127,0,32,32,0,0,0,0
own_v1,O1,h00009,bundle_post_opt_4_custom_cleanup,/home/dungbv/clau/reports/ir_boundary_own_20260816/artifacts/O1/h00009/bundle_default_opt_4.after.ll,/home/dungbv/clau/result/f3_o1_final_20260815/h00009/h00009_final.ll,True,2,1,-1,46,45,-1,239,238,-1,1,1,0,4,4,0,4,4,0,0,0,0,1,1,0,3,3,0,40,40,0,63,63,0,21,21,0,0,0,0,15,15,0,1,1,0,0,0,0,127,127,0,32,32,0,0,0,0
own_v1,O1,h00010,main_default_opt_1,/home/dungbv/clau/reports/ir_boundary_own_20260816/artifacts/O1/h00010/main_opt_1.before.ll,/home/dungbv/clau/reports/ir_boundary_own_20260816/artifacts/O1/h00010/main_opt_1.after.ll,True,14,10,-4,54,47,-7,1391,1350,-41,4,4,0,34,26,-8,31,23,-8,3,3,0,21,17,-4,7,5,-2,139,137,-2,747,729,-18,107,91,-16,26,37,11,13,13,0,2,2,0,0,0,0,1000,962,-38,161,170,9,0,0,0
own_v1,O1,h00010,main_default_opt_2,/home/dungbv/clau/reports/ir_boundary_own_20260816/artifacts/O1/h00010/main_opt_2.before.ll,/home/dungbv/clau/reports/ir_boundary_own_20260816/artifacts/O1/h00010/main_opt_2.after.ll,True,10,10,0,47,47,0,1355,1345,-10,4,4,0,24,22,-2,21,19,-2,3,3,0,15,13,-2,4,4,0,137,139,2,711,713,2,84,84,0,37,37,0,19,19,0,2,2,0,0,0,0,936,940,4,192,186,-6,0,0,0
own_v1,O1,h00010,bundle_default_opt_3,/home/dungbv/clau/result/f3_o1_final_20260815/h00010/h00010_final.02-pointer-opt.ll,/home/dungbv/clau/reports/ir_boundary_own_20260816/artifacts/O1/h00010/bundle_default_opt_3.after.ll,True,11,11,0,49,49,0,1155,1039,-116,4,4,0,25,24,-1,22,21,-1,3,3,0,12,12,0,4,4,0,136,100,-36,576,498,-78,71,71,0,31,31,0,13,13,0,2,2,0,0,0,0,787,673,-114,156,155,-1,0,0,0
own_v1,O1,h00010,bundle_default_opt_4,/home/dungbv/clau/result/f3_o1_final_20260815/h00010/h00010_final.05-unpinned.ll,/home/dungbv/clau/reports/ir_boundary_own_20260816/artifacts/O1/h00010/bundle_default_opt_4.after.ll,True,11,11,0,49,49,0,1039,1039,0,4,4,0,24,24,0,21,21,0,3,3,0,12,12,0,4,4,0,100,100,0,498,498,0,71,71,0,31,31,0,13,13,0,2,2,0,0,0,0,673,673,0,155,155,0,0,0,0
own_v1,O1,h00010,bundle_post_opt_4_custom_cleanup,/home/dungbv/clau/reports/ir_boundary_own_20260816/artifacts/O1/h00010/bundle_default_opt_4.after.ll,/home/dungbv/clau/result/f3_o1_final_20260815/h00010/h00010_final.ll,True,11,11,0,49,49,0,1039,932,-107,4,4,0,24,24,0,21,21,0,3,3,0,12,12,0,4,4,0,100,100,0,498,391,-107,71,71,0,31,31,0,13,13,0,2,2,0,0,0,0,673,566,-107,155,155,0,0,0,0
own_v1,O1,h00011,main_default_opt_1,/home/dungbv/clau/reports/ir_boundary_own_20260816/artifacts/O1/h00011/main_opt_1.before.ll,/home/dungbv/clau/reports/ir_boundary_own_20260816/artifacts/O1/h00011/main_opt_1.after.ll,True,11,2,-9,40,24,-16,868,732,-136,3,2,-1,22,11,-11,20,11,-9,2,0,-2,13,9,-4,5,3,-2,75,59,-16,498,438,-60,72,52,-20,22,26,4,6,6,0,2,2,0,0,0,0,650,552,-98,93,87,-6,0,0,0
own_v1,O1,h00011,main_default_opt_2,/home/dungbv/clau/reports/ir_boundary_own_20260816/artifacts/O1/h00011/main_opt_2.before.ll,/home/dungbv/clau/reports/ir_boundary_own_20260816/artifacts/O1/h00011/main_opt_2.after.ll,True,2,2,0,24,24,0,188,179,-9,2,2,0,5,3,-2,5,3,-2,0,0,0,3,1,-2,2,2,0,22,23,1,37,39,2,39,37,-2,6,4,-2,6,6,0,2,2,0,0,0,0,100,101,1,29,23,-6,0,0,0
own_v1,O1,h00011,bundle_default_opt_3,/home/dungbv/clau/result/f3_o1_final_20260815/h00011/h00011_final.02-pointer-opt.ll,/home/dungbv/clau/reports/ir_boundary_own_20260816/artifacts/O1/h00011/bundle_default_opt_3.after.ll,True,2,2,0,24,24,0,177,156,-21,2,2,0,3,3,0,3,3,0,0,0,0,1,1,0,2,2,0,23,23,0,39,39,0,39,18,-21,4,4,0,6,6,0,2,2,0,0,0,0,103,82,-21,21,21,0,0,0,0
own_v1,O1,h00011,bundle_default_opt_4,/home/dungbv/clau/result/f3_o1_final_20260815/h00011/h00011_final.05-unpinned.ll,/home/dungbv/clau/reports/ir_boundary_own_20260816/artifacts/O1/h00011/bundle_default_opt_4.after.ll,True,2,2,0,24,24,0,156,156,0,2,2,0,3,3,0,3,3,0,0,0,0,1,1,0,2,2,0,23,23,0,39,39,0,18,18,0,4,4,0,6,6,0,2,2,0,0,0,0,82,82,0,21,21,0,0,0,0
own_v1,O1,h00011,bundle_post_opt_4_custom_cleanup,/home/dungbv/clau/reports/ir_boundary_own_20260816/artifacts/O1/h00011/bundle_default_opt_4.after.ll,/home/dungbv/clau/result/f3_o1_final_20260815/h00011/h00011_final.ll,True,2,1,-1,24,23,-1,156,155,-1,2,2,0,3,3,0,3,3,0,0,0,0,1,1,0,2,2,0,23,23,0,39,39,0,18,18,0,4,4,0,6,6,0,2,2,0,0,0,0,82,82,0,21,21,0,0,0,0
own_v1,O1,h00012,main_default_opt_1,/home/dungbv/clau/reports/ir_boundary_own_20260816/artifacts/O1/h00012/main_opt_1.before.ll,/home/dungbv/clau/reports/ir_boundary_own_20260816/artifacts/O1/h00012/main_opt_1.after.ll,True,11,2,-9,31,15,-16,643,509,-134,2,1,-1,21,9,-12,19,9,-10,2,0,-2,12,7,-5,5,3,-2,68,51,-17,332,276,-56,53,36,-17,20,24,4,3,3,0,1,1,0,0,0,0,458,366,-92,74,68,-6,0,0,0
own_v1,O1,h00012,main_default_opt_2,/home/dungbv/clau/reports/ir_boundary_own_20260816/artifacts/O1/h00012/main_opt_2.before.ll,/home/dungbv/clau/reports/ir_boundary_own_20260816/artifacts/O1/h00012/main_opt_2.after.ll,True,2,2,0,15,15,0,128,120,-8,1,1,0,4,2,-2,4,2,-2,0,0,0,2,0,-2,2,2,0,13,13,0,24,26,2,23,21,-2,4,2,-2,3,3,0,1,1,0,0,0,0,62,62,0,17,12,-5,0,0,0
own_v1,O1,h00012,bundle_default_opt_3,/home/dungbv/clau/result/f3_o1_final_20260815/h00012/h00012_final.02-pointer-opt.ll,/home/dungbv/clau/reports/ir_boundary_own_20260816/artifacts/O1/h00012/bundle_default_opt_3.after.ll,True,2,2,0,15,15,0,118,108,-10,1,1,0,2,2,0,2,2,0,0,0,0,0,0,0,2,2,0,13,13,0,26,26,0,23,13,-10,2,2,0,3,3,0,1,1,0,0,0,0,64,54,-10,10,10,0,0,0,0
own_v1,O1,h00012,bundle_default_opt_4,/home/dungbv/clau/result/f3_o1_final_20260815/h00012/h00012_final.05-unpinned.ll,/home/dungbv/clau/reports/ir_boundary_own_20260816/artifacts/O1/h00012/bundle_default_opt_4.after.ll,True,2,2,0,15,15,0,108,108,0,1,1,0,2,2,0,2,2,0,0,0,0,0,0,0,2,2,0,13,13,0,26,26,0,13,13,0,2,2,0,3,3,0,1,1,0,0,0,0,54,54,0,10,10,0,0,0,0
own_v1,O1,h00012,bundle_post_opt_4_custom_cleanup,/home/dungbv/clau/reports/ir_boundary_own_20260816/artifacts/O1/h00012/bundle_default_opt_4.after.ll,/home/dungbv/clau/result/f3_o1_final_20260815/h00012/h00012_final.ll,True,2,1,-1,15,14,-1,108,107,-1,1,1,0,2,2,0,2,2,0,0,0,0,0,0,0,2,2,0,13,13,0,26,26,0,13,13,0,2,2,0,3,3,0,1,1,0,0,0,0,54,54,0,10,10,0,0,0,0
own_v1,O1,h00013,main_default_opt_1,/home/dungbv/clau/reports/ir_boundary_own_20260816/artifacts/O1/h00013/main_opt_1.before.ll,/home/dungbv/clau/reports/ir_boundary_own_20260816/artifacts/O1/h00013/main_opt_1.after.ll,True,11,2,-9,36,20,-16,739,611,-128,4,3,-1,22,11,-11,20,11,-9,2,0,-2,13,9,-4,5,3,-2,76,59,-17,381,323,-58,59,41,-18,27,31,4,4,4,0,1,1,0,0,0,0,521,426,-95,86,84,-2,0,0,0
own_v1,O1,h00013,main_default_opt_2,/home/dungbv/clau/reports/ir_boundary_own_20260816/artifacts/O1/h00013/main_opt_2.before.ll,/home/dungbv/clau/reports/ir_boundary_own_20260816/artifacts/O1/h00013/main_opt_2.after.ll,True,2,2,0,20,18,-2,158,149,-9,3,1,-2,9,3,-6,9,3,-6,0,0,0,7,1,-6,4,4,0,18,22,4,26,31,5,29,27,-2,2,0,-2,4,4,0,1,1,0,0,0,0,77,84,7,18,12,-6,0,0,0
own_v1,O1,h00013,bundle_default_opt_3,/home/dungbv/clau/result/f3_o1_final_20260815/h00013/h00013_final.02-pointer-opt.ll,/home/dungbv/clau/reports/ir_boundary_own_20260816/artifacts/O1/h00013/bundle_default_opt_3.after.ll,True,2,2,0,18,18,0,147,135,-12,1,1,0,3,3,0,3,3,0,0,0,0,1,1,0,4,4,0,22,22,0,31,31,0,29,17,-12,0,0,0,4,4,0,1,1,0,0,0,0,86,74,-12,10,10,0,0,0,0
own_v1,O1,h00013,bundle_default_opt_4,/home/dungbv/clau/result/f3_o1_final_20260815/h00013/h00013_final.05-unpinned.ll,/home/dungbv/clau/reports/ir_boundary_own_20260816/artifacts/O1/h00013/bundle_default_opt_4.after.ll,True,2,2,0,18,18,0,135,135,0,1,1,0,3,3,0,3,3,0,0,0,0,1,1,0,4,4,0,22,22,0,31,31,0,17,17,0,0,0,0,4,4,0,1,1,0,0,0,0,74,74,0,10,10,0,0,0,0
own_v1,O1,h00013,bundle_post_opt_4_custom_cleanup,/home/dungbv/clau/reports/ir_boundary_own_20260816/artifacts/O1/h00013/bundle_default_opt_4.after.ll,/home/dungbv/clau/result/f3_o1_final_20260815/h00013/h00013_final.ll,True,2,1,-1,18,17,-1,135,134,-1,1,1,0,3,3,0,3,3,0,0,0,0,1,1,0,4,4,0,22,22,0,31,31,0,17,17,0,0,0,0,4,4,0,1,1,0,0,0,0,74,74,0,10,10,0,0,0,0
own_v1,O1,h00014,main_default_opt_1,/home/dungbv/clau/reports/ir_boundary_own_20260816/artifacts/O1/h00014/main_opt_1.before.ll,/home/dungbv/clau/reports/ir_boundary_own_20260816/artifacts/O1/h00014/main_opt_1.after.ll,True,12,3,-9,61,48,-13,1460,1313,-147,7,6,-1,27,14,-13,25,14,-11,2,0,-2,15,9,-6,5,3,-2,139,119,-20,773,714,-59,39,22,-17,39,51,12,13,13,0,4,4,0,0,0,0,956,858,-98,225,220,-5,0,0,0
own_v1,O1,h00014,main_default_opt_2,/home/dungbv/clau/reports/ir_boundary_own_20260816/artifacts/O1/h00014/main_opt_2.before.ll,/home/dungbv/clau/reports/ir_boundary_own_20260816/artifacts/O1/h00014/main_opt_2.after.ll,True,3,3,0,48,48,0,1284,1281,-3,6,6,0,16,10,-6,16,10,-6,0,0,0,11,5,-6,4,4,0,119,125,6,696,702,6,11,10,-1,51,51,0,13,13,0,4,4,0,0,0,0,830,841,11,218,214,-4,0,0,0
own_v1,O1,h00014,bundle_default_opt_3,/home/dungbv/clau/result/f3_o1_final_20260815/h00014/h00014_final.02-pointer-opt.ll,/home/dungbv/clau/reports/ir_boundary_own_20260816/artifacts/O1/h00014/bundle_default_opt_3.after.ll,True,3,3,0,48,48,0,1305,1189,-116,6,6,0,9,9,0,9,9,0,0,0,0,4,4,0,4,4,0,134,103,-31,701,639,-62,10,10,0,51,49,-2,13,13,0,4,4,0,0,0,0,849,756,-93,213,209,-4,0,0,0
own_v1,O1,h00014,bundle_default_opt_4,/home/dungbv/clau/result/f3_o1_final_20260815/h00014/h00014_final.05-unpinned.ll,/home/dungbv/clau/reports/ir_boundary_own_20260816/artifacts/O1/h00014/bundle_default_opt_4.after.ll,True,3,3,0,48,48,0,1189,1189,0,6,6,0,9,9,0,9,9,0,0,0,0,4,4,0,4,4,0,103,103,0,639,639,0,10,10,0,49,49,0,13,13,0,4,4,0,0,0,0,756,756,0,209,209,0,0,0,0
own_v1,O1,h00014,bundle_post_opt_4_custom_cleanup,/home/dungbv/clau/reports/ir_boundary_own_20260816/artifacts/O1/h00014/bundle_default_opt_4.after.ll,/home/dungbv/clau/result/f3_o1_final_20260815/h00014/h00014_final.ll,True,3,2,-1,48,47,-1,1189,1095,-94,6,6,0,9,9,0,9,9,0,0,0,0,4,4,0,4,4,0,103,101,-2,639,550,-89,10,10,0,49,49,0,13,13,0,4,4,0,0,0,0,756,665,-91,209,207,-2,0,0,0
own_v1,O1,h00015,main_default_opt_1,/home/dungbv/clau/reports/ir_boundary_own_20260816/artifacts/O1/h00015/main_opt_1.before.ll,/home/dungbv/clau/reports/ir_boundary_own_20260816/artifacts/O1/h00015/main_opt_1.after.ll,True,11,2,-9,49,33,-16,1106,976,-130,6,5,-1,32,20,-12,30,20,-10,2,0,-2,20,15,-5,7,5,-2,99,82,-17,539,483,-56,52,35,-17,27,31,4,8,8,0,1,1,0,2,2,0,697,605,-92,169,166,-3,0,0,0
own_v1,O1,h00015,main_default_opt_2,/home/dungbv/clau/reports/ir_boundary_own_20260816/artifacts/O1/h00015/main_opt_2.before.ll,/home/dungbv/clau/reports/ir_boundary_own_20260816/artifacts/O1/h00015/main_opt_2.after.ll,True,2,2,0,33,28,-5,337,276,-61,5,3,-2,11,10,-1,11,10,-1,0,0,0,6,5,-1,4,4,0,23,25,2,60,37,-23,25,21,-4,4,3,-1,12,10,-2,1,1,0,2,2,0,112,87,-25,93,73,-20,0,0,0
own_v1,O1,h00015,bundle_default_opt_3,/home/dungbv/clau/result/f3_o1_final_20260815/h00015/h00015_final.02-pointer-opt.ll,/home/dungbv/clau/reports/ir_boundary_own_20260816/artifacts/O1/h00015/bundle_default_opt_3.after.ll,True,2,2,0,28,28,0,247,218,-29,3,3,0,10,11,1,10,11,1,0,0,0,5,6,1,4,4,0,25,24,-1,37,35,-2,53,28,-25,3,3,0,10,10,0,1,1,0,2,2,0,119,91,-28,43,42,-1,0,0,0
own_v1,O1,h00015,bundle_default_opt_4,/home/dungbv/clau/result/f3_o1_final_20260815/h00015/h00015_final.05-unpinned.ll,/home/dungbv/clau/reports/ir_boundary_own_20260816/artifacts/O1/h00015/bundle_default_opt_4.after.ll,True,2,2,0,28,28,0,218,218,0,3,3,0,11,11,0,11,11,0,0,0,0,6,6,0,4,4,0,24,24,0,35,35,0,28,28,0,3,3,0,10,10,0,1,1,0,2,2,0,91,91,0,42,42,0,0,0,0
own_v1,O1,h00015,bundle_post_opt_4_custom_cleanup,/home/dungbv/clau/reports/ir_boundary_own_20260816/artifacts/O1/h00015/bundle_default_opt_4.after.ll,/home/dungbv/clau/result/f3_o1_final_20260815/h00015/h00015_final.ll,True,2,1,-1,28,27,-1,218,217,-1,3,3,0,11,11,0,11,11,0,0,0,0,6,6,0,4,4,0,24,23,-1,35,35,0,28,28,0,3,4,1,10,10,0,1,1,0,2,2,0,91,90,-1,42,43,1,0,0,0
own_v1,O1,h00016,main_default_opt_1,/home/dungbv/clau/reports/ir_boundary_own_20260816/artifacts/O1/h00016/main_opt_1.before.ll,/home/dungbv/clau/reports/ir_boundary_own_20260816/artifacts/O1/h00016/main_opt_1.after.ll,True,11,2,-9,50,34,-16,1049,918,-131,4,3,-1,28,16,-12,26,16,-10,2,0,-2,18,13,-5,7,5,-2,98,81,-17,567,511,-56,87,70,-17,26,29,3,9,9,0,1,1,0,0,0,0,759,667,-92,120,114,-6,0,0,0
own_v1,O1,h00016,main_default_opt_2,/home/dungbv/clau/reports/ir_boundary_own_20260816/artifacts/O1/h00016/main_opt_2.before.ll,/home/dungbv/clau/reports/ir_boundary_own_20260816/artifacts/O1/h00016/main_opt_2.after.ll,True,2,2,0,34,32,-2,300,267,-33,3,1,-2,9,8,-1,9,8,-1,0,0,0,6,5,-1,4,4,0,26,28,2,65,64,-1,59,55,-4,4,2,-2,12,10,-2,1,1,0,0,0,0,154,151,-3,55,36,-19,0,0,0
own_v1,O1,h00016,bundle_default_opt_3,/home/dungbv/clau/result/f3_o1_final_20260815/h00016/h00016_final.02-pointer-opt.ll,/home/dungbv/clau/reports/ir_boundary_own_20260816/artifacts/O1/h00016/bundle_default_opt_3.after.ll,True,2,2,0,32,32,0,265,240,-25,1,1,0,8,8,0,8,8,0,0,0,0,5,5,0,4,4,0,28,28,0,64,64,0,57,32,-25,2,2,0,10,10,0,1,1,0,0,0,0,153,128,-25,34,34,0,0,0,0
own_v1,O1,h00016,bundle_default_opt_4,/home/dungbv/clau/result/f3_o1_final_20260815/h00016/h00016_final.05-unpinned.ll,/home/dungbv/clau/reports/ir_boundary_own_20260816/artifacts/O1/h00016/bundle_default_opt_4.after.ll,True,2,2,0,32,32,0,240,240,0,1,1,0,8,8,0,8,8,0,0,0,0,5,5,0,4,4,0,28,28,0,64,64,0,32,32,0,2,2,0,10,10,0,1,1,0,0,0,0,128,128,0,34,34,0,0,0,0
own_v1,O1,h00016,bundle_post_opt_4_custom_cleanup,/home/dungbv/clau/reports/ir_boundary_own_20260816/artifacts/O1/h00016/bundle_default_opt_4.after.ll,/home/dungbv/clau/result/f3_o1_final_20260815/h00016/h00016_final.ll,True,2,1,-1,32,31,-1,240,239,-1,1,1,0,8,8,0,8,8,0,0,0,0,5,5,0,4,4,0,28,28,0,64,64,0,32,32,0,2,2,0,10,10,0,1,1,0,0,0,0,128,128,0,34,34,0,0,0,0
own_v1,O1,h00017,main_default_opt_1,/home/dungbv/clau/reports/ir_boundary_own_20260816/artifacts/O1/h00017/main_opt_1.before.ll,/home/dungbv/clau/reports/ir_boundary_own_20260816/artifacts/O1/h00017/main_opt_1.after.ll,True,11,8,-3,45,40,-5,1258,1170,-88,4,4,0,32,25,-7,30,23,-7,2,2,0,19,15,-4,7,5,-2,138,109,-29,590,572,-18,63,41,-22,21,33,12,14,14,0,1,1,0,0,0,0,798,727,-71,186,190,4,0,0,0
own_v1,O1,h00017,main_default_opt_2,/home/dungbv/clau/reports/ir_boundary_own_20260816/artifacts/O1/h00017/main_opt_2.before.ll,/home/dungbv/clau/reports/ir_boundary_own_20260816/artifacts/O1/h00017/main_opt_2.after.ll,True,8,8,0,40,40,0,1304,1258,-46,4,4,0,25,26,1,23,24,1,2,2,0,15,16,1,5,5,0,109,109,0,572,568,-4,69,66,-3,33,33,0,34,34,0,1,1,0,0,0,0,755,748,-7,262,242,-20,0,0,0
own_v1,O1,h00017,bundle_default_opt_3,/home/dungbv/clau/result/f3_o1_final_20260815/h00017/h00017_final.02-pointer-opt.ll,/home/dungbv/clau/reports/ir_boundary_own_20260816/artifacts/O1/h00017/bundle_default_opt_3.after.ll,True,9,9,0,42,42,0,1035,932,-103,4,4,0,36,34,-2,34,32,-2,2,2,0,15,15,0,5,5,0,108,72,-36,436,375,-61,46,46,0,29,27,-2,14,14,0,1,1,0,0,0,0,595,498,-97,181,177,-4,0,0,0
own_v1,O1,h00017,bundle_default_opt_4,/home/dungbv/clau/result/f3_o1_final_20260815/h00017/h00017_final.05-unpinned.ll,/home/dungbv/clau/reports/ir_boundary_own_20260816/artifacts/O1/h00017/bundle_default_opt_4.after.ll,True,9,9,0,42,42,0,932,932,0,4,4,0,34,34,0,32,32,0,2,2,0,15,15,0,5,5,0,72,72,0,375,375,0,46,46,0,27,27,0,14,14,0,1,1,0,0,0,0,498,498,0,177,177,0,0,0,0
own_v1,O1,h00017,bundle_post_opt_4_custom_cleanup,/home/dungbv/clau/reports/ir_boundary_own_20260816/artifacts/O1/h00017/bundle_default_opt_4.after.ll,/home/dungbv/clau/result/f3_o1_final_20260815/h00017/h00017_final.ll,True,9,9,0,42,42,0,932,866,-66,4,4,0,34,33,-1,32,31,-1,2,2,0,15,14,-1,5,5,0,72,72,0,375,319,-56,46,46,0,27,27,0,14,14,0,1,1,0,0,0,0,498,442,-56,177,174,-3,0,0,0
own_v1,O1,h00018,main_default_opt_1,/home/dungbv/clau/reports/ir_boundary_own_20260816/artifacts/O1/h00018/main_opt_1.before.ll,/home/dungbv/clau/reports/ir_boundary_own_20260816/artifacts/O1/h00018/main_opt_1.after.ll,True,11,8,-3,66,61,-5,1388,1340,-48,4,4,0,19,13,-6,17,11,-6,2,2,0,9,6,-3,3,1,-2,95,93,-2,828,806,-22,94,73,-21,27,39,12,23,23,0,1,1,0,0,0,0,1020,973,-47,162,169,7,0,0,0
own_v1,O1,h00018,main_default_opt_2,/home/dungbv/clau/reports/ir_boundary_own_20260816/artifacts/O1/h00018/main_opt_2.before.ll,/home/dungbv/clau/reports/ir_boundary_own_20260816/artifacts/O1/h00018/main_opt_2.after.ll,True,8,8,0,61,61,0,1341,1330,-11,4,4,0,13,13,0,11,11,0,2,2,0,6,6,0,1,1,0,93,93,0,806,806,0,75,72,-3,39,39,0,23,23,0,1,1,0,0,0,0,975,972,-3,167,163,-4,0,0,0
own_v1,O1,h00018,bundle_default_opt_3,/home/dungbv/clau/result/f3_o1_final_20260815/h00018/h00018_final.02-pointer-opt.ll,/home/dungbv/clau/reports/ir_boundary_own_20260816/artifacts/O1/h00018/bundle_default_opt_3.after.ll,True,9,9,0,63,63,0,1080,1056,-24,4,4,0,14,14,0,12,12,0,2,2,0,5,5,0,1,1,0,93,84,-9,602,587,-15,66,66,0,30,30,0,19,19,0,1,1,0,0,0,0,762,738,-24,129,129,0,0,0,0
own_v1,O1,h00018,bundle_default_opt_4,/home/dungbv/clau/result/f3_o1_final_20260815/h00018/h00018_final.05-unpinned.ll,/home/dungbv/clau/reports/ir_boundary_own_20260816/artifacts/O1/h00018/bundle_default_opt_4.after.ll,True,9,9,0,63,63,0,1056,1056,0,4,4,0,14,14,0,12,12,0,2,2,0,5,5,0,1,1,0,84,84,0,587,587,0,66,66,0,30,30,0,19,19,0,1,1,0,0,0,0,738,738,0,129,129,0,0,0,0
own_v1,O1,h00018,bundle_post_opt_4_custom_cleanup,/home/dungbv/clau/reports/ir_boundary_own_20260816/artifacts/O1/h00018/bundle_default_opt_4.after.ll,/home/dungbv/clau/result/f3_o1_final_20260815/h00018/h00018_final.ll,True,9,9,0,63,63,0,1056,873,-183,4,4,0,14,14,0,12,12,0,2,2,0,5,5,0,1,1,0,84,84,0,587,404,-183,66,66,0,30,30,0,19,19,0,1,1,0,0,0,0,738,555,-183,129,129,0,0,0,0
own_v1,O1,h00019,main_default_opt_1,/home/dungbv/clau/reports/ir_boundary_own_20260816/artifacts/O1/h00019/main_opt_1.before.ll,/home/dungbv/clau/reports/ir_boundary_own_20260816/artifacts/O1/h00019/main_opt_1.after.ll,True,11,2,-9,57,41,-16,1116,988,-128,4,3,-1,28,16,-12,26,16,-10,2,0,-2,18,13,-5,7,5,-2,104,88,-16,605,549,-56,97,80,-17,26,29,3,12,12,0,1,1,0,0,0,0,813,722,-91,123,119,-4,0,0,0
own_v1,O1,h00019,main_default_opt_2,/home/dungbv/clau/reports/ir_boundary_own_20260816/artifacts/O1/h00019/main_opt_2.before.ll,/home/dungbv/clau/reports/ir_boundary_own_20260816/artifacts/O1/h00019/main_opt_2.after.ll,True,2,2,0,41,39,-2,346,315,-31,3,1,-2,11,8,-3,11,8,-3,0,0,0,8,5,-3,5,5,0,33,37,4,73,74,1,70,66,-4,4,2,-2,15,13,-2,1,1,0,0,0,0,181,182,1,63,44,-19,0,0,0
own_v1,O1,h00019,bundle_default_opt_3,/home/dungbv/clau/result/f3_o1_final_20260815/h00019/h00019_final.02-pointer-opt.ll,/home/dungbv/clau/reports/ir_boundary_own_20260816/artifacts/O1/h00019/bundle_default_opt_3.after.ll,True,2,2,0,39,39,0,313,279,-34,1,1,0,8,8,0,8,8,0,0,0,0,5,5,0,5,5,0,37,37,0,74,74,0,68,34,-34,2,2,0,13,13,0,1,1,0,0,0,0,184,150,-34,42,42,0,0,0,0
own_v1,O1,h00019,bundle_default_opt_4,/home/dungbv/clau/result/f3_o1_final_20260815/h00019/h00019_final.05-unpinned.ll,/home/dungbv/clau/reports/ir_boundary_own_20260816/artifacts/O1/h00019/bundle_default_opt_4.after.ll,True,2,2,0,39,39,0,279,279,0,1,1,0,8,8,0,8,8,0,0,0,0,5,5,0,5,5,0,37,37,0,74,74,0,34,34,0,2,2,0,13,13,0,1,1,0,0,0,0,150,150,0,42,42,0,0,0,0
own_v1,O1,h00019,bundle_post_opt_4_custom_cleanup,/home/dungbv/clau/reports/ir_boundary_own_20260816/artifacts/O1/h00019/bundle_default_opt_4.after.ll,/home/dungbv/clau/result/f3_o1_final_20260815/h00019/h00019_final.ll,True,2,1,-1,39,38,-1,279,278,-1,1,1,0,8,8,0,8,8,0,0,0,0,5,5,0,5,5,0,37,37,0,74,74,0,34,34,0,2,2,0,13,13,0,1,1,0,0,0,0,150,150,0,42,42,0,0,0,0
own_v1,O1,h00020,main_default_opt_1,/home/dungbv/clau/reports/ir_boundary_own_20260816/artifacts/O1/h00020/main_opt_1.before.ll,/home/dungbv/clau/reports/ir_boundary_own_20260816/artifacts/O1/h00020/main_opt_1.after.ll,True,11,8,-3,52,47,-5,1294,1213,-81,8,8,0,37,26,-11,35,24,-11,2,2,0,24,16,-8,9,5,-4,140,138,-2,660,624,-36,102,68,-34,27,39,12,10,10,0,1,1,0,0,0,0,911,835,-76,158,166,8,0,0,0
own_v1,O1,h00020,main_default_opt_2,/home/dungbv/clau/reports/ir_boundary_own_20260816/artifacts/O1/h00020/main_opt_2.before.ll,/home/dungbv/clau/reports/ir_boundary_own_20260816/artifacts/O1/h00020/main_opt_2.after.ll,True,8,8,0,47,47,0,1137,1138,1,8,8,0,20,18,-2,18,16,-2,2,2,0,10,8,-2,2,2,0,138,140,2,588,590,2,40,39,-1,39,39,0,10,10,0,1,1,0,0,0,0,768,771,3,164,164,0,0,0,0
own_v1,O1,h00020,bundle_default_opt_3,/home/dungbv/clau/result/f3_o1_final_20260815/h00020/h00020_final.02-pointer-opt.ll,/home/dungbv/clau/reports/ir_boundary_own_20260816/artifacts/O1/h00020/bundle_default_opt_3.after.ll,True,8,8,0,47,47,0,1097,958,-139,8,8,0,17,17,0,15,15,0,2,2,0,7,7,0,2,2,0,140,93,-47,554,464,-90,39,39,0,37,35,-2,10,10,0,1,1,0,0,0,0,735,598,-137,160,158,-2,0,0,0
own_v1,O1,h00020,bundle_default_opt_4,/home/dungbv/clau/result/f3_o1_final_20260815/h00020/h00020_final.05-unpinned.ll,/home/dungbv/clau/reports/ir_boundary_own_20260816/artifacts/O1/h00020/bundle_default_opt_4.after.ll,True,8,8,0,47,47,0,958,958,0,8,8,0,17,17,0,15,15,0,2,2,0,7,7,0,2,2,0,93,93,0,464,464,0,39,39,0,35,35,0,10,10,0,1,1,0,0,0,0,598,598,0,158,158,0,0,0,0
own_v1,O1,h00020,bundle_post_opt_4_custom_cleanup,/home/dungbv/clau/reports/ir_boundary_own_20260816/artifacts/O1/h00020/bundle_default_opt_4.after.ll,/home/dungbv/clau/result/f3_o1_final_20260815/h00020/h00020_final.ll,True,8,8,0,47,47,0,958,869,-89,8,8,0,17,17,0,15,15,0,2,2,0,7,7,0,2,2,0,93,92,-1,464,382,-82,39,39,0,35,35,0,10,10,0,1,1,0,0,0,0,598,515,-83,158,156,-2,0,0,0
own_v1,O1,h00021,main_default_opt_1,/home/dungbv/clau/reports/ir_boundary_own_20260816/artifacts/O1/h00021/main_opt_1.before.ll,/home/dungbv/clau/reports/ir_boundary_own_20260816/artifacts/O1/h00021/main_opt_1.after.ll,True,11,8,-3,49,44,-5,1248,1104,-144,8,8,0,39,28,-11,37,26,-11,2,2,0,22,14,-8,9,5,-4,157,112,-45,567,531,-36,110,66,-44,20,31,11,20,20,0,2,2,0,0,0,0,843,714,-129,171,178,7,0,0,0
own_v1,O1,h00021,main_default_opt_2,/home/dungbv/clau/reports/ir_boundary_own_20260816/artifacts/O1/h00021/main_opt_2.before.ll,/home/dungbv/clau/reports/ir_boundary_own_20260816/artifacts/O1/h00021/main_opt_2.after.ll,True,8,8,0,44,44,0,1016,1009,-7,8,8,0,20,20,0,18,18,0,2,2,0,6,6,0,1,1,0,112,112,0,495,495,0,51,44,-7,31,31,0,20,20,0,2,2,0,0,0,0,659,652,-7,163,163,0,0,0,0
own_v1,O1,h00021,bundle_default_opt_3,/home/dungbv/clau/result/f3_o1_final_20260815/h00021/h00021_final.02-pointer-opt.ll,/home/dungbv/clau/reports/ir_boundary_own_20260816/artifacts/O1/h00021/bundle_default_opt_3.after.ll,True,8,8,0,44,44,0,849,757,-92,8,8,0,19,19,0,17,17,0,2,2,0,5,5,0,1,1,0,111,71,-40,360,308,-52,44,44,0,25,25,0,20,20,0,2,2,0,0,0,0,516,424,-92,140,140,0,0,0,0
own_v1,O1,h00021,bundle_default_opt_4,/home/dungbv/clau/result/f3_o1_final_20260815/h00021/h00021_final.05-unpinned.ll,/home/dungbv/clau/reports/ir_boundary_own_20260816/artifacts/O1/h00021/bundle_default_opt_4.after.ll,True,8,8,0,44,44,0,757,757,0,8,8,0,19,19,0,17,17,0,2,2,0,5,5,0,1,1,0,71,71,0,308,308,0,44,44,0,25,25,0,20,20,0,2,2,0,0,0,0,424,424,0,140,140,0,0,0,0
own_v1,O1,h00021,bundle_post_opt_4_custom_cleanup,/home/dungbv/clau/reports/ir_boundary_own_20260816/artifacts/O1/h00021/bundle_default_opt_4.after.ll,/home/dungbv/clau/result/f3_o1_final_20260815/h00021/h00021_final.ll,True,8,8,0,44,44,0,757,713,-44,8,8,0,19,18,-1,17,16,-1,2,2,0,5,4,-1,1,1,0,71,71,0,308,274,-34,44,44,0,25,25,0,20,20,0,2,2,0,0,0,0,424,390,-34,140,137,-3,0,0,0
own_v1,O1,h00022,main_default_opt_1,/home/dungbv/clau/reports/ir_boundary_own_20260816/artifacts/O1/h00022/main_opt_1.before.ll,/home/dungbv/clau/reports/ir_boundary_own_20260816/artifacts/O1/h00022/main_opt_1.after.ll,True,12,3,-9,26,10,-16,647,506,-141,2,1,-1,26,14,-12,24,14,-10,2,0,-2,15,10,-5,5,3,-2,90,73,-17,291,235,-56,41,23,-18,22,14,-8,1,1,0,1,1,0,0,0,0,427,334,-93,90,74,-16,0,0,0
own_v1,O1,h00022,main_default_opt_2,/home/dungbv/clau/reports/ir_boundary_own_20260816/artifacts/O1/h00022/main_opt_2.before.ll,/home/dungbv/clau/reports/ir_boundary_own_20260816/artifacts/O1/h00022/main_opt_2.after.ll,True,3,3,0,10,10,0,469,470,1,1,1,0,12,10,-2,12,10,-2,0,0,0,8,6,-2,2,2,0,73,75,2,217,219,2,10,9,-1,14,14,0,1,1,0,1,1,0,0,0,0,302,305,3,72,72,0,0,0,0
own_v1,O1,h00022,bundle_default_opt_3,/home/dungbv/clau/result/f3_o1_final_20260815/h00022/h00022_final.02-pointer-opt.ll,/home/dungbv/clau/reports/ir_boundary_own_20260816/artifacts/O1/h00022/bundle_default_opt_3.after.ll,True,3,3,0,10,10,0,467,375,-92,1,1,0,9,9,0,9,9,0,0,0,0,5,5,0,2,2,0,75,37,-38,218,169,-49,9,9,0,14,13,-1,1,1,0,1,1,0,0,0,0,304,217,-87,71,68,-3,0,0,0
own_v1,O1,h00022,bundle_default_opt_4,/home/dungbv/clau/result/f3_o1_final_20260815/h00022/h00022_final.05-unpinned.ll,/home/dungbv/clau/reports/ir_boundary_own_20260816/artifacts/O1/h00022/bundle_default_opt_4.after.ll,True,3,3,0,10,10,0,375,375,0,1,1,0,9,9,0,9,9,0,0,0,0,5,5,0,2,2,0,37,37,0,169,169,0,9,9,0,13,13,0,1,1,0,1,1,0,0,0,0,217,217,0,68,68,0,0,0,0
own_v1,O1,h00022,bundle_post_opt_4_custom_cleanup,/home/dungbv/clau/reports/ir_boundary_own_20260816/artifacts/O1/h00022/bundle_default_opt_4.after.ll,/home/dungbv/clau/result/f3_o1_final_20260815/h00022/h00022_final.ll,True,3,2,-1,10,9,-1,375,217,-158,1,1,0,9,4,-5,9,4,-5,0,0,0,5,0,-5,2,2,0,37,25,-12,169,105,-64,9,9,0,13,7,-6,1,1,0,1,1,0,0,0,0,217,141,-76,68,26,-42,0,0,0
own_v1,O1,h00023,main_default_opt_1,/home/dungbv/clau/reports/ir_boundary_own_20260816/artifacts/O1/h00023/main_opt_1.before.ll,/home/dungbv/clau/reports/ir_boundary_own_20260816/artifacts/O1/h00023/main_opt_1.after.ll,True,11,2,-9,55,39,-16,1285,1155,-130,5,4,-1,30,18,-12,28,18,-10,2,0,-2,19,14,-5,7,5,-2,112,95,-17,660,604,-56,52,35,-17,27,31,4,10,10,0,1,1,0,1,1,0,831,739,-92,189,185,-4,0,0,0
own_v1,O1,h00023,main_default_opt_2,/home/dungbv/clau/reports/ir_boundary_own_20260816/artifacts/O1/h00023/main_opt_2.before.ll,/home/dungbv/clau/reports/ir_boundary_own_20260816/artifacts/O1/h00023/main_opt_2.after.ll,True,2,2,0,39,34,-5,431,363,-68,4,2,-2,10,9,-1,10,9,-1,0,0,0,6,5,-1,4,4,0,36,38,2,73,43,-30,25,21,-4,4,3,-1,14,12,-2,1,1,0,1,1,0,138,106,-32,121,101,-20,0,0,0
own_v1,O1,h00023,bundle_default_opt_3,/home/dungbv/clau/result/f3_o1_final_20260815/h00023/h00023_final.02-pointer-opt.ll,/home/dungbv/clau/reports/ir_boundary_own_20260816/artifacts/O1/h00023/bundle_default_opt_3.after.ll,True,2,2,0,34,34,0,316,284,-32,2,2,0,9,9,0,9,9,0,0,0,0,5,5,0,4,4,0,38,38,0,43,43,0,79,47,-32,3,3,0,12,12,0,1,1,0,1,1,0,164,132,-32,50,50,0,0,0,0
own_v1,O1,h00023,bundle_default_opt_4,/home/dungbv/clau/result/f3_o1_final_20260815/h00023/h00023_final.05-unpinned.ll,/home/dungbv/clau/reports/ir_boundary_own_20260816/artifacts/O1/h00023/bundle_default_opt_4.after.ll,True,2,2,0,34,34,0,284,277,-7,2,2,0,9,9,0,9,9,0,0,0,0,5,5,0,4,4,0,38,38,0,43,43,0,47,40,-7,3,3,0,12,12,0,1,1,0,1,1,0,132,125,-7,50,50,0,0,0,0
own_v1,O1,h00023,bundle_post_opt_4_custom_cleanup,/home/dungbv/clau/reports/ir_boundary_own_20260816/artifacts/O1/h00023/bundle_default_opt_4.after.ll,/home/dungbv/clau/result/f3_o1_final_20260815/h00023/h00023_final.ll,True,2,1,-1,34,33,-1,277,276,-1,2,2,0,9,9,0,9,9,0,0,0,0,5,5,0,4,4,0,38,37,-1,43,43,0,40,40,0,3,4,1,12,12,0,1,1,0,1,1,0,125,124,-1,50,51,1,0,0,0
own_v1,O1,h00024,main_default_opt_1,/home/dungbv/clau/reports/ir_boundary_own_20260816/artifacts/O1/h00024/main_opt_1.before.ll,/home/dungbv/clau/reports/ir_boundary_own_20260816/artifacts/O1/h00024/main_opt_1.after.ll,True,11,8,-3,33,28,-5,869,789,-80,2,2,0,24,13,-11,22,11,-11,2,2,0,13,5,-8,5,1,-4,93,91,-2,436,400,-36,68,36,-32,19,30,11,10,10,0,1,1,0,0,0,0,602,528,-74,119,127,8,0,0,0
own_v1,O1,h00024,main_default_opt_2,/home/dungbv/clau/reports/ir_boundary_own_20260816/artifacts/O1/h00024/main_opt_2.before.ll,/home/dungbv/clau/reports/ir_boundary_own_20260816/artifacts/O1/h00024/main_opt_2.after.ll,True,8,8,0,28,28,0,794,783,-11,2,2,0,13,13,0,11,11,0,2,2,0,5,5,0,1,1,0,91,91,0,400,400,0,38,35,-3,32,32,0,10,10,0,1,1,0,0,0,0,530,527,-3,129,125,-4,0,0,0
own_v1,O1,h00024,bundle_default_opt_3,/home/dungbv/clau/result/f3_o1_final_20260815/h00024/h00024_final.02-pointer-opt.ll,/home/dungbv/clau/reports/ir_boundary_own_20260816/artifacts/O1/h00024/bundle_default_opt_3.after.ll,True,9,9,0,30,30,0,670,618,-52,2,2,0,14,14,0,12,12,0,2,2,0,4,4,0,1,1,0,91,71,-20,319,287,-32,29,29,0,26,26,0,6,6,0,1,1,0,0,0,0,440,388,-52,103,103,0,0,0,0
own_v1,O1,h00024,bundle_default_opt_4,/home/dungbv/clau/result/f3_o1_final_20260815/h00024/h00024_final.05-unpinned.ll,/home/dungbv/clau/reports/ir_boundary_own_20260816/artifacts/O1/h00024/bundle_default_opt_4.after.ll,True,9,9,0,30,30,0,618,618,0,2,2,0,14,14,0,12,12,0,2,2,0,4,4,0,1,1,0,71,71,0,287,287,0,29,29,0,26,26,0,6,6,0,1,1,0,0,0,0,388,388,0,103,103,0,0,0,0
own_v1,O1,h00024,bundle_post_opt_4_custom_cleanup,/home/dungbv/clau/reports/ir_boundary_own_20260816/artifacts/O1/h00024/bundle_default_opt_4.after.ll,/home/dungbv/clau/result/f3_o1_final_20260815/h00024/h00024_final.ll,True,9,9,0,30,30,0,618,576,-42,2,2,0,14,14,0,12,12,0,2,2,0,4,4,0,1,1,0,71,71,0,287,245,-42,29,29,0,26,26,0,6,6,0,1,1,0,0,0,0,388,346,-42,103,103,0,0,0,0
own_v1,O1,h00025,main_default_opt_1,/home/dungbv/clau/reports/ir_boundary_own_20260816/artifacts/O1/h00025/main_opt_1.before.ll,/home/dungbv/clau/reports/ir_boundary_own_20260816/artifacts/O1/h00025/main_opt_1.after.ll,True,11,8,-3,47,42,-5,1194,1154,-40,5,5,0,28,21,-7,26,19,-7,2,2,0,17,13,-4,7,5,-2,111,109,-2,695,677,-18,94,76,-18,30,43,13,10,10,0,2,2,0,0,0,0,907,867,-40,123,132,9,0,0,0
own_v1,O1,h00025,main_default_opt_2,/home/dungbv/clau/reports/ir_boundary_own_20260816/artifacts/O1/h00025/main_opt_2.before.ll,/home/dungbv/clau/reports/ir_boundary_own_20260816/artifacts/O1/h00025/main_opt_2.after.ll,True,8,8,0,42,42,0,1078,1079,1,5,5,0,15,13,-2,13,11,-2,2,2,0,7,5,-2,2,2,0,109,111,2,641,643,2,48,47,-1,43,43,0,10,10,0,2,2,0,0,0,0,800,803,3,130,130,0,0,0,0
own_v1,O1,h00025,bundle_default_opt_3,/home/dungbv/clau/result/f3_o1_final_20260815/h00025/h00025_final.02-pointer-opt.ll,/home/dungbv/clau/reports/ir_boundary_own_20260816/artifacts/O1/h00025/bundle_default_opt_3.after.ll,True,8,8,0,42,42,0,954,848,-106,5,5,0,12,12,0,10,10,0,2,2,0,4,4,0,2,2,0,111,78,-33,532,461,-71,47,47,0,37,35,-2,10,10,0,2,2,0,0,0,0,692,588,-104,118,116,-2,0,0,0
own_v1,O1,h00025,bundle_default_opt_4,/home/dungbv/clau/result/f3_o1_final_20260815/h00025/h00025_final.05-unpinned.ll,/home/dungbv/clau/reports/ir_boundary_own_20260816/artifacts/O1/h00025/bundle_default_opt_4.after.ll,True,8,8,0,42,42,0,848,848,0,5,5,0,12,12,0,10,10,0,2,2,0,4,4,0,2,2,0,78,78,0,461,461,0,47,47,0,35,35,0,10,10,0,2,2,0,0,0,0,588,588,0,116,116,0,0,0,0
own_v1,O1,h00025,bundle_post_opt_4_custom_cleanup,/home/dungbv/clau/reports/ir_boundary_own_20260816/artifacts/O1/h00025/bundle_default_opt_4.after.ll,/home/dungbv/clau/result/f3_o1_final_20260815/h00025/h00025_final.ll,True,8,8,0,42,42,0,848,736,-112,5,5,0,12,12,0,10,10,0,2,2,0,4,4,0,2,2,0,78,78,0,461,349,-112,47,47,0,35,35,0,10,10,0,2,2,0,0,0,0,588,476,-112,116,116,0,0,0,0
own_v1,O1,h00026,main_default_opt_1,/home/dungbv/clau/reports/ir_boundary_own_20260816/artifacts/O1/h00026/main_opt_1.before.ll,/home/dungbv/clau/reports/ir_boundary_own_20260816/artifacts/O1/h00026/main_opt_1.after.ll,True,11,8,-3,84,79,-5,1644,1605,-39,6,6,0,28,21,-7,26,19,-7,2,2,0,17,13,-4,7,5,-2,128,126,-2,982,964,-18,120,104,-16,26,37,11,23,23,0,2,2,0,0,0,0,1237,1199,-38,160,168,8,0,0,0
own_v1,O1,h00026,main_default_opt_2,/home/dungbv/clau/reports/ir_boundary_own_20260816/artifacts/O1/h00026/main_opt_2.before.ll,/home/dungbv/clau/reports/ir_boundary_own_20260816/artifacts/O1/h00026/main_opt_2.after.ll,True,8,8,0,79,79,0,1626,1603,-23,6,6,0,17,17,0,15,15,0,2,2,0,9,9,0,3,3,0,126,119,-7,946,946,0,98,102,4,37,37,0,31,31,0,2,2,0,0,0,0,1173,1170,-3,202,192,-10,0,0,0
own_v1,O1,h00026,bundle_default_opt_3,/home/dungbv/clau/result/f3_o1_final_20260815/h00026/h00026_final.02-pointer-opt.ll,/home/dungbv/clau/reports/ir_boundary_own_20260816/artifacts/O1/h00026/bundle_default_opt_3.after.ll,True,9,8,-1,81,79,-2,1360,1286,-74,6,6,0,17,17,0,15,15,0,2,2,0,8,9,1,3,3,0,118,91,-27,769,734,-35,93,90,-3,31,31,0,23,21,-2,2,2,0,0,0,0,983,918,-65,146,140,-6,0,0,0
own_v1,O1,h00026,bundle_default_opt_4,/home/dungbv/clau/result/f3_o1_final_20260815/h00026/h00026_final.05-unpinned.ll,/home/dungbv/clau/reports/ir_boundary_own_20260816/artifacts/O1/h00026/bundle_default_opt_4.after.ll,True,8,8,0,79,79,0,1286,1286,0,6,6,0,17,17,0,15,15,0,2,2,0,9,9,0,3,3,0,91,91,0,734,734,0,90,90,0,31,31,0,21,21,0,2,2,0,0,0,0,918,918,0,140,140,0,0,0,0
own_v1,O1,h00026,bundle_post_opt_4_custom_cleanup,/home/dungbv/clau/reports/ir_boundary_own_20260816/artifacts/O1/h00026/bundle_default_opt_4.after.ll,/home/dungbv/clau/result/f3_o1_final_20260815/h00026/h00026_final.ll,True,8,1,-7,79,67,-12,1286,876,-410,6,5,-1,17,12,-5,15,12,-3,2,0,-2,9,8,-1,3,3,0,91,73,-18,734,395,-339,90,88,-2,31,20,-11,21,21,0,2,2,0,0,0,0,918,559,-359,140,117,-23,0,0,0
own_v1,O1,h00027,main_default_opt_1,/home/dungbv/clau/reports/ir_boundary_own_20260816/artifacts/O1/h00027/main_opt_1.before.ll,/home/dungbv/clau/reports/ir_boundary_own_20260816/artifacts/O1/h00027/main_opt_1.after.ll,True,11,8,-3,85,80,-5,1656,1575,-81,6,6,0,35,24,-11,33,22,-11,2,2,0,22,14,-8,9,5,-4,148,146,-2,933,897,-36,137,105,-32,26,37,11,24,24,0,3,3,0,0,0,0,1227,1153,-74,174,181,7,0,0,0
own_v1,O1,h00027,main_default_opt_2,/home/dungbv/clau/reports/ir_boundary_own_20260816/artifacts/O1/h00027/main_opt_2.before.ll,/home/dungbv/clau/reports/ir_boundary_own_20260816/artifacts/O1/h00027/main_opt_2.after.ll,True,8,8,0,80,80,0,1596,1568,-28,6,6,0,20,20,0,18,18,0,2,2,0,10,10,0,3,3,0,146,138,-8,879,871,-8,99,107,8,37,37,0,32,32,0,3,3,0,0,0,0,1127,1119,-8,215,205,-10,0,0,0
own_v1,O1,h00027,bundle_default_opt_3,/home/dungbv/clau/result/f3_o1_final_20260815/h00027/h00027_final.02-pointer-opt.ll,/home/dungbv/clau/reports/ir_boundary_own_20260816/artifacts/O1/h00027/bundle_default_opt_3.after.ll,True,9,9,0,82,82,0,1310,1227,-83,6,6,0,24,23,-1,22,21,-1,2,2,0,9,9,0,3,3,0,136,95,-41,696,656,-40,87,87,0,31,31,0,22,22,0,3,3,0,0,0,0,922,841,-81,152,151,-1,0,0,0
own_v1,O1,h00027,bundle_default_opt_4,/home/dungbv/clau/result/f3_o1_final_20260815/h00027/h00027_final.05-unpinned.ll,/home/dungbv/clau/reports/ir_boundary_own_20260816/artifacts/O1/h00027/bundle_default_opt_4.after.ll,True,9,9,0,82,82,0,1227,1227,0,6,6,0,23,23,0,21,21,0,2,2,0,9,9,0,3,3,0,95,95,0,656,656,0,87,87,0,31,31,0,22,22,0,3,3,0,0,0,0,841,841,0,151,151,0,0,0,0
own_v1,O1,h00027,bundle_post_opt_4_custom_cleanup,/home/dungbv/clau/reports/ir_boundary_own_20260816/artifacts/O1/h00027/bundle_default_opt_4.after.ll,/home/dungbv/clau/result/f3_o1_final_20260815/h00027/h00027_final.ll,True,9,9,0,82,82,0,1227,1045,-182,6,6,0,23,21,-2,21,19,-2,2,2,0,9,9,0,3,3,0,95,94,-1,656,492,-164,87,89,2,31,28,-3,22,22,0,3,3,0,0,0,0,841,678,-163,151,138,-13,0,0,0
own_v1,O1,h00028,main_default_opt_1,/home/dungbv/clau/reports/ir_boundary_own_20260816/artifacts/O1/h00028/main_opt_1.before.ll,/home/dungbv/clau/reports/ir_boundary_own_20260816/artifacts/O1/h00028/main_opt_1.after.ll,True,11,2,-9,75,59,-16,1640,1504,-136,3,2,-1,28,17,-11,26,17,-9,2,0,-2,18,14,-4,7,5,-2,138,122,-16,949,889,-60,134,114,-20,19,22,3,20,20,0,2,2,0,0,0,0,1228,1130,-98,167,162,-5,0,0,0
own_v1,O1,h00028,main_default_opt_2,/home/dungbv/clau/reports/ir_boundary_own_20260816/artifacts/O1/h00028/main_opt_2.before.ll,/home/dungbv/clau/reports/ir_boundary_own_20260816/artifacts/O1/h00028/main_opt_2.after.ll,True,2,2,0,59,59,0,551,519,-32,2,2,0,12,9,-3,12,9,-3,0,0,0,9,6,-3,5,5,0,67,67,0,110,111,1,103,99,-4,4,2,-2,22,20,-2,2,2,0,0,0,0,285,282,-3,104,88,-16,0,0,0
own_v1,O1,h00028,bundle_default_opt_3,/home/dungbv/clau/result/f3_o1_final_20260815/h00028/h00028_final.02-pointer-opt.ll,/home/dungbv/clau/reports/ir_boundary_own_20260816/artifacts/O1/h00028/bundle_default_opt_3.after.ll,True,2,2,0,59,59,0,517,454,-63,2,2,0,9,9,0,9,9,0,0,0,0,6,6,0,5,5,0,67,67,0,111,111,0,101,45,-56,2,2,0,20,20,0,2,2,0,0,0,0,284,228,-56,86,86,0,0,0,0
own_v1,O1,h00028,bundle_default_opt_4,/home/dungbv/clau/result/f3_o1_final_20260815/h00028/h00028_final.05-unpinned.ll,/home/dungbv/clau/reports/ir_boundary_own_20260816/artifacts/O1/h00028/bundle_default_opt_4.after.ll,True,2,2,0,59,59,0,454,454,0,2,2,0,9,9,0,9,9,0,0,0,0,6,6,0,5,5,0,67,67,0,111,111,0,45,45,0,2,2,0,20,20,0,2,2,0,0,0,0,228,228,0,86,86,0,0,0,0
own_v1,O1,h00028,bundle_post_opt_4_custom_cleanup,/home/dungbv/clau/reports/ir_boundary_own_20260816/artifacts/O1/h00028/bundle_default_opt_4.after.ll,/home/dungbv/clau/result/f3_o1_final_20260815/h00028/h00028_final.ll,True,2,1,-1,59,58,-1,454,452,-2,2,2,0,9,9,0,9,9,0,0,0,0,6,6,0,5,5,0,67,67,0,111,110,-1,45,45,0,2,2,0,20,20,0,2,2,0,0,0,0,228,227,-1,86,86,0,0,0,0
own_v1,O1,h00029,main_default_opt_1,/home/dungbv/clau/reports/ir_boundary_own_20260816/artifacts/O1/h00029/main_opt_1.before.ll,/home/dungbv/clau/reports/ir_boundary_own_20260816/artifacts/O1/h00029/main_opt_1.after.ll,True,12,9,-3,92,88,-4,2071,1992,-79,17,17,0,44,37,-7,42,35,-7,2,2,0,27,23,-4,9,7,-2,211,183,-28,1058,1039,-19,148,118,-30,30,45,15,33,33,0,6,6,0,0,0,0,1426,1347,-79,288,297,9,0,0,0
own_v1,O1,h00029,main_default_opt_2,/home/dungbv/clau/reports/ir_boundary_own_20260816/artifacts/O1/h00029/main_opt_2.before.ll,/home/dungbv/clau/reports/ir_boundary_own_20260816/artifacts/O1/h00029/main_opt_2.after.ll,True,9,9,0,88,88,0,2031,2006,-25,17,17,0,35,33,-2,33,31,-2,2,2,0,21,19,-2,6,6,0,183,185,2,1021,1023,2,125,122,-3,45,45,0,45,45,0,6,6,0,0,0,0,1335,1336,1,333,321,-12,0,0,0
own_v1,O1,h00029,bundle_default_opt_3,/home/dungbv/clau/result/f3_o1_final_20260815/h00029/h00029_final.02-pointer-opt.ll,/home/dungbv/clau/reports/ir_boundary_own_20260816/artifacts/O1/h00029/bundle_default_opt_3.after.ll,True,10,10,0,90,90,0,1956,1831,-125,17,17,0,41,41,0,39,39,0,2,2,0,18,18,0,6,6,0,190,144,-46,1022,944,-78,106,106,0,45,45,0,29,29,0,6,6,0,0,0,0,1324,1200,-124,280,280,0,0,0,0
own_v1,O1,h00029,bundle_default_opt_4,/home/dungbv/clau/result/f3_o1_final_20260815/h00029/h00029_final.05-unpinned.ll,/home/dungbv/clau/reports/ir_boundary_own_20260816/artifacts/O1/h00029/bundle_default_opt_4.after.ll,True,10,10,0,90,90,0,1831,1818,-13,17,17,0,41,41,0,39,39,0,2,2,0,18,18,0,6,6,0,144,138,-6,944,938,-6,106,106,0,45,45,0,29,29,0,6,6,0,0,0,0,1200,1188,-12,280,280,0,0,0,0
own_v1,O1,h00029,bundle_post_opt_4_custom_cleanup,/home/dungbv/clau/reports/ir_boundary_own_20260816/artifacts/O1/h00029/bundle_default_opt_4.after.ll,/home/dungbv/clau/result/f3_o1_final_20260815/h00029/h00029_final.ll,True,10,10,0,90,90,0,1818,1691,-127,17,17,0,41,41,0,39,39,0,2,2,0,18,18,0,6,6,0,138,138,0,938,813,-125,106,106,0,45,45,0,29,29,0,6,6,0,0,0,0,1188,1063,-125,280,278,-2,0,0,0
own_v1,O1,h00030,main_default_opt_1,/home/dungbv/clau/reports/ir_boundary_own_20260816/artifacts/O1/h00030/main_opt_1.before.ll,/home/dungbv/clau/reports/ir_boundary_own_20260816/artifacts/O1/h00030/main_opt_1.after.ll,True,11,2,-9,114,98,-16,2078,1950,-128,8,7,-1,34,22,-12,32,22,-10,2,0,-2,23,18,-5,9,7,-2,164,147,-17,1205,1149,-56,155,138,-17,26,29,3,30,30,0,3,3,0,0,0,0,1533,1441,-92,213,209,-4,0,0,0
own_v1,O1,h00030,main_default_opt_2,/home/dungbv/clau/reports/ir_boundary_own_20260816/artifacts/O1/h00030/main_opt_2.before.ll,/home/dungbv/clau/reports/ir_boundary_own_20260816/artifacts/O1/h00030/main_opt_2.after.ll,True,2,2,0,98,93,-5,640,623,-17,7,2,-5,10,4,-6,10,4,-6,0,0,0,6,0,-6,4,4,0,75,81,6,122,128,6,93,92,-1,2,0,-2,30,30,0,3,2,-1,0,0,0,294,305,11,112,101,-11,0,0,0
own_v1,O1,h00030,bundle_default_opt_3,/home/dungbv/clau/result/f3_o1_final_20260815/h00030/h00030_final.02-pointer-opt.ll,/home/dungbv/clau/reports/ir_boundary_own_20260816/artifacts/O1/h00030/bundle_default_opt_3.after.ll,True,2,2,0,93,93,0,616,548,-68,2,2,0,4,4,0,4,4,0,0,0,0,0,0,0,4,4,0,81,81,0,128,128,0,99,37,-62,0,0,0,30,30,0,2,2,0,0,0,0,312,250,-62,94,94,0,0,0,0
own_v1,O1,h00030,bundle_default_opt_4,/home/dungbv/clau/result/f3_o1_final_20260815/h00030/h00030_final.05-unpinned.ll,/home/dungbv/clau/reports/ir_boundary_own_20260816/artifacts/O1/h00030/bundle_default_opt_4.after.ll,True,2,2,0,93,93,0,548,548,0,2,2,0,4,4,0,4,4,0,0,0,0,0,0,0,4,4,0,81,81,0,128,128,0,37,37,0,0,0,0,30,30,0,2,2,0,0,0,0,250,250,0,94,94,0,0,0,0
own_v1,O1,h00030,bundle_post_opt_4_custom_cleanup,/home/dungbv/clau/reports/ir_boundary_own_20260816/artifacts/O1/h00030/bundle_default_opt_4.after.ll,/home/dungbv/clau/result/f3_o1_final_20260815/h00030/h00030_final.ll,True,2,1,-1,93,92,-1,548,547,-1,2,2,0,4,4,0,4,4,0,0,0,0,0,0,0,4,4,0,81,81,0,128,128,0,37,37,0,0,0,0,30,30,0,2,2,0,0,0,0,250,250,0,94,94,0,0,0,0
own_v1,O1,h00031,main_default_opt_1,/home/dungbv/clau/reports/ir_boundary_own_20260816/artifacts/O1/h00031/main_opt_1.before.ll,/home/dungbv/clau/reports/ir_boundary_own_20260816/artifacts/O1/h00031/main_opt_1.after.ll,True,11,8,-3,78,73,-5,1684,1612,-72,10,10,0,38,31,-7,36,29,-7,2,2,0,24,20,-4,9,7,-2,151,123,-28,938,920,-18,133,111,-22,27,39,12,22,22,0,4,4,0,0,0,0,1231,1161,-70,193,200,7,0,0,0
own_v1,O1,h00031,main_default_opt_2,/home/dungbv/clau/reports/ir_boundary_own_20260816/artifacts/O1/h00031/main_opt_2.before.ll,/home/dungbv/clau/reports/ir_boundary_own_20260816/artifacts/O1/h00031/main_opt_2.after.ll,True,8,8,0,73,73,0,1488,1480,-8,10,10,0,21,20,-1,19,18,-1,2,2,0,10,9,-1,2,2,0,123,125,2,866,864,-2,78,71,-7,39,39,0,22,22,0,4,4,0,0,0,0,1069,1062,-7,188,188,0,0,0,0
own_v1,O1,h00031,bundle_default_opt_3,/home/dungbv/clau/result/f3_o1_final_20260815/h00031/h00031_final.02-pointer-opt.ll,/home/dungbv/clau/reports/ir_boundary_own_20260816/artifacts/O1/h00031/bundle_default_opt_3.after.ll,True,8,8,0,73,73,0,1291,1213,-78,10,10,0,19,19,0,17,17,0,2,2,0,8,8,0,2,2,0,124,88,-36,699,657,-42,70,70,0,33,33,0,22,22,0,4,4,0,0,0,0,895,817,-78,168,168,0,0,0,0
own_v1,O1,h00031,bundle_default_opt_4,/home/dungbv/clau/result/f3_o1_final_20260815/h00031/h00031_final.05-unpinned.ll,/home/dungbv/clau/reports/ir_boundary_own_20260816/artifacts/O1/h00031/bundle_default_opt_4.after.ll,True,8,8,0,73,73,0,1213,1213,0,10,10,0,19,19,0,17,17,0,2,2,0,8,8,0,2,2,0,88,88,0,657,657,0,70,70,0,33,33,0,22,22,0,4,4,0,0,0,0,817,817,0,168,168,0,0,0,0
own_v1,O1,h00031,bundle_post_opt_4_custom_cleanup,/home/dungbv/clau/reports/ir_boundary_own_20260816/artifacts/O1/h00031/bundle_default_opt_4.after.ll,/home/dungbv/clau/result/f3_o1_final_20260815/h00031/h00031_final.ll,True,8,8,0,73,73,0,1213,1126,-87,10,10,0,19,19,0,17,17,0,2,2,0,8,8,0,2,2,0,88,88,0,657,570,-87,70,70,0,33,33,0,22,22,0,4,4,0,0,0,0,817,730,-87,168,168,0,0,0,0
own_v1,O1,h00032,main_default_opt_1,/home/dungbv/clau/reports/ir_boundary_own_20260816/artifacts/O1/h00032/main_opt_1.before.ll,/home/dungbv/clau/reports/ir_boundary_own_20260816/artifacts/O1/h00032/main_opt_1.after.ll,True,11,8,-3,73,68,-5,1171,1131,-40,5,5,0,18,11,-7,16,9,-7,2,2,0,9,5,-4,3,1,-2,77,75,-2,696,678,-18,81,65,-16,26,37,11,23,23,0,2,2,0,0,0,0,857,819,-38,148,155,7,0,0,0
own_v1,O1,h00032,main_default_opt_2,/home/dungbv/clau/reports/ir_boundary_own_20260816/artifacts/O1/h00032/main_opt_2.before.ll,/home/dungbv/clau/reports/ir_boundary_own_20260816/artifacts/O1/h00032/main_opt_2.after.ll,True,8,8,0,68,68,0,1132,1121,-11,5,5,0,11,11,0,9,9,0,2,2,0,5,5,0,1,1,0,75,75,0,678,678,0,66,63,-3,37,37,0,23,23,0,2,2,0,0,0,0,820,817,-3,154,150,-4,0,0,0
own_v1,O1,h00032,bundle_default_opt_3,/home/dungbv/clau/result/f3_o1_final_20260815/h00032/h00032_final.02-pointer-opt.ll,/home/dungbv/clau/reports/ir_boundary_own_20260816/artifacts/O1/h00032/bundle_default_opt_3.after.ll,True,9,9,0,70,70,0,883,857,-26,5,5,0,12,12,0,10,10,0,2,2,0,4,4,0,1,1,0,75,65,-10,499,483,-16,57,57,0,28,28,0,19,19,0,2,2,0,0,0,0,632,606,-26,110,110,0,0,0,0
own_v1,O1,h00032,bundle_default_opt_4,/home/dungbv/clau/result/f3_o1_final_20260815/h00032/h00032_final.05-unpinned.ll,/home/dungbv/clau/reports/ir_boundary_own_20260816/artifacts/O1/h00032/bundle_default_opt_4.after.ll,True,9,9,0,70,70,0,857,857,0,5,5,0,12,12,0,10,10,0,2,2,0,4,4,0,1,1,0,65,65,0,483,483,0,57,57,0,28,28,0,19,19,0,2,2,0,0,0,0,606,606,0,110,110,0,0,0,0
own_v1,O1,h00032,bundle_post_opt_4_custom_cleanup,/home/dungbv/clau/reports/ir_boundary_own_20260816/artifacts/O1/h00032/bundle_default_opt_4.after.ll,/home/dungbv/clau/result/f3_o1_final_20260815/h00032/h00032_final.ll,True,9,9,0,70,70,0,857,734,-123,5,5,0,12,12,0,10,10,0,2,2,0,4,4,0,1,1,0,65,65,0,483,360,-123,57,57,0,28,28,0,19,19,0,2,2,0,0,0,0,606,483,-123,110,110,0,0,0,0
own_v1,O1,h00033,main_default_opt_1,/home/dungbv/clau/reports/ir_boundary_own_20260816/artifacts/O1/h00033/main_opt_1.before.ll,/home/dungbv/clau/reports/ir_boundary_own_20260816/artifacts/O1/h00033/main_opt_1.after.ll,True,11,8,-3,65,60,-5,1725,1639,-86,6,6,0,31,24,-7,29,22,-7,2,2,0,18,14,-4,7,5,-2,167,138,-29,937,919,-18,63,41,-22,21,33,12,20,20,0,2,2,0,0,0,0,1174,1103,-71,248,250,2,0,0,0
own_v1,O1,h00033,main_default_opt_2,/home/dungbv/clau/reports/ir_boundary_own_20260816/artifacts/O1/h00033/main_opt_2.before.ll,/home/dungbv/clau/reports/ir_boundary_own_20260816/artifacts/O1/h00033/main_opt_2.after.ll,True,8,8,0,60,60,0,1774,1734,-40,6,6,0,24,24,0,22,22,0,2,2,0,14,14,0,5,5,0,138,138,0,919,919,0,68,68,0,33,33,0,40,40,0,2,2,0,0,0,0,1130,1130,0,323,303,-20,0,0,0
own_v1,O1,h00033,bundle_default_opt_3,/home/dungbv/clau/result/f3_o1_final_20260815/h00033/h00033_final.02-pointer-opt.ll,/home/dungbv/clau/reports/ir_boundary_own_20260816/artifacts/O1/h00033/bundle_default_opt_3.after.ll,True,9,9,0,62,62,0,1419,1293,-126,6,6,0,34,32,-2,32,30,-2,2,2,0,13,13,0,5,5,0,137,103,-34,696,610,-86,48,48,0,29,27,-2,20,20,0,2,2,0,0,0,0,886,766,-120,241,237,-4,0,0,0
own_v1,O1,h00033,bundle_default_opt_4,/home/dungbv/clau/result/f3_o1_final_20260815/h00033/h00033_final.05-unpinned.ll,/home/dungbv/clau/reports/ir_boundary_own_20260816/artifacts/O1/h00033/bundle_default_opt_4.after.ll,True,9,9,0,62,62,0,1293,1293,0,6,6,0,32,32,0,30,30,0,2,2,0,13,13,0,5,5,0,103,103,0,610,610,0,48,48,0,27,27,0,20,20,0,2,2,0,0,0,0,766,766,0,237,237,0,0,0,0
own_v1,O1,h00033,bundle_post_opt_4_custom_cleanup,/home/dungbv/clau/reports/ir_boundary_own_20260816/artifacts/O1/h00033/bundle_default_opt_4.after.ll,/home/dungbv/clau/result/f3_o1_final_20260815/h00033/h00033_final.ll,True,9,9,0,62,62,0,1293,1136,-157,6,6,0,32,31,-1,30,29,-1,2,2,0,13,12,-1,5,5,0,103,103,0,610,463,-147,48,48,0,27,27,0,20,20,0,2,2,0,0,0,0,766,619,-147,237,234,-3,0,0,0
own_v1,O1,h00034,main_default_opt_1,/home/dungbv/clau/reports/ir_boundary_own_20260816/artifacts/O1/h00034/main_opt_1.before.ll,/home/dungbv/clau/reports/ir_boundary_own_20260816/artifacts/O1/h00034/main_opt_1.after.ll,True,11,8,-3,74,69,-5,1806,1727,-79,5,5,0,27,20,-7,25,18,-7,2,2,0,11,7,-4,3,1,-2,163,143,-20,973,955,-18,134,100,-34,27,39,12,42,42,0,2,2,0,0,0,0,1273,1199,-74,252,259,7,0,0,0
own_v1,O1,h00034,main_default_opt_2,/home/dungbv/clau/reports/ir_boundary_own_20260816/artifacts/O1/h00034/main_opt_2.before.ll,/home/dungbv/clau/reports/ir_boundary_own_20260816/artifacts/O1/h00034/main_opt_2.after.ll,True,8,8,0,69,69,0,1723,1698,-25,5,5,0,20,20,0,18,18,0,2,2,0,7,7,0,1,1,0,143,134,-9,955,955,0,112,104,-8,39,39,0,42,42,0,2,2,0,0,0,0,1211,1194,-17,247,243,-4,0,0,0
own_v1,O1,h00034,bundle_default_opt_3,/home/dungbv/clau/result/f3_o1_final_20260815/h00034/h00034_final.02-pointer-opt.ll,/home/dungbv/clau/reports/ir_boundary_own_20260816/artifacts/O1/h00034/bundle_default_opt_3.after.ll,True,9,9,0,71,71,0,1640,1616,-24,5,5,0,25,25,0,23,23,0,2,2,0,6,6,0,1,1,0,134,125,-9,954,939,-15,88,88,0,39,39,0,28,28,0,2,2,0,0,0,0,1177,1153,-24,209,209,0,0,0,0
own_v1,O1,h00034,bundle_default_opt_4,/home/dungbv/clau/result/f3_o1_final_20260815/h00034/h00034_final.05-unpinned.ll,/home/dungbv/clau/reports/ir_boundary_own_20260816/artifacts/O1/h00034/bundle_default_opt_4.after.ll,True,9,9,0,71,71,0,1616,1616,0,5,5,0,25,25,0,23,23,0,2,2,0,6,6,0,1,1,0,125,125,0,939,939,0,88,88,0,39,39,0,28,28,0,2,2,0,0,0,0,1153,1153,0,209,209,0,0,0,0
own_v1,O1,h00034,bundle_post_opt_4_custom_cleanup,/home/dungbv/clau/reports/ir_boundary_own_20260816/artifacts/O1/h00034/bundle_default_opt_4.after.ll,/home/dungbv/clau/result/f3_o1_final_20260815/h00034/h00034_final.ll,True,9,9,0,71,71,0,1616,1307,-309,5,5,0,25,25,0,23,23,0,2,2,0,6,6,0,1,1,0,125,123,-2,939,647,-292,88,87,-1,39,36,-3,28,28,0,2,2,0,0,0,0,1153,858,-295,209,198,-11,0,0,0
own_v1,O1,h00035,main_default_opt_1,/home/dungbv/clau/reports/ir_boundary_own_20260816/artifacts/O1/h00035/main_opt_1.before.ll,/home/dungbv/clau/reports/ir_boundary_own_20260816/artifacts/O1/h00035/main_opt_1.after.ll,True,14,10,-4,58,51,-7,1445,1383,-62,5,5,0,32,24,-8,29,21,-8,3,3,0,19,15,-4,7,5,-2,137,135,-2,787,754,-33,109,89,-20,28,41,13,18,18,0,3,3,0,0,0,0,1040,983,-57,172,181,9,0,0,0
own_v1,O1,h00035,main_default_opt_2,/home/dungbv/clau/reports/ir_boundary_own_20260816/artifacts/O1/h00035/main_opt_2.before.ll,/home/dungbv/clau/reports/ir_boundary_own_20260816/artifacts/O1/h00035/main_opt_2.after.ll,True,10,10,0,51,51,0,1388,1378,-10,5,5,0,22,20,-2,19,17,-2,3,3,0,13,11,-2,4,4,0,135,137,2,736,738,2,82,82,0,41,41,0,24,24,0,3,3,0,0,0,0,957,961,4,203,197,-6,0,0,0
own_v1,O1,h00035,bundle_default_opt_3,/home/dungbv/clau/result/f3_o1_final_20260815/h00035/h00035_final.02-pointer-opt.ll,/home/dungbv/clau/reports/ir_boundary_own_20260816/artifacts/O1/h00035/bundle_default_opt_3.after.ll,True,11,11,0,53,53,0,1176,1062,-114,5,5,0,25,25,0,22,22,0,3,3,0,10,10,0,4,4,0,135,108,-27,601,514,-87,66,66,0,35,35,0,14,14,0,3,3,0,0,0,0,806,692,-114,158,158,0,0,0,0
own_v1,O1,h00035,bundle_default_opt_4,/home/dungbv/clau/result/f3_o1_final_20260815/h00035/h00035_final.05-unpinned.ll,/home/dungbv/clau/reports/ir_boundary_own_20260816/artifacts/O1/h00035/bundle_default_opt_4.after.ll,True,11,11,0,53,53,0,1062,1050,-12,5,5,0,25,25,0,22,22,0,3,3,0,10,10,0,4,4,0,108,102,-6,514,508,-6,66,66,0,35,35,0,14,14,0,3,3,0,0,0,0,692,680,-12,158,158,0,0,0,0
own_v1,O1,h00035,bundle_post_opt_4_custom_cleanup,/home/dungbv/clau/reports/ir_boundary_own_20260816/artifacts/O1/h00035/bundle_default_opt_4.after.ll,/home/dungbv/clau/result/f3_o1_final_20260815/h00035/h00035_final.ll,True,11,11,0,53,53,0,1050,959,-91,5,5,0,25,25,0,22,22,0,3,3,0,10,10,0,4,4,0,102,102,0,508,417,-91,66,66,0,35,35,0,14,14,0,3,3,0,0,0,0,680,589,-91,158,158,0,0,0,0
own_v1,O1,h00036,main_default_opt_1,/home/dungbv/clau/reports/ir_boundary_own_20260816/artifacts/O1/h00036/main_opt_1.before.ll,/home/dungbv/clau/reports/ir_boundary_own_20260816/artifacts/O1/h00036/main_opt_1.after.ll,True,11,2,-9,32,16,-16,602,471,-131,2,1,-1,18,6,-12,16,6,-10,2,0,-2,9,4,-5,3,1,-2,59,43,-16,328,272,-56,37,20,-17,22,27,5,4,4,0,1,1,0,0,0,0,427,336,-91,76,72,-4,0,0,0
own_v1,O1,h00036,main_default_opt_2,/home/dungbv/clau/reports/ir_boundary_own_20260816/artifacts/O1/h00036/main_opt_2.before.ll,/home/dungbv/clau/reports/ir_boundary_own_20260816/artifacts/O1/h00036/main_opt_2.after.ll,True,2,2,0,16,16,0,128,122,-6,1,1,0,3,3,0,3,3,0,0,0,0,1,1,0,1,1,0,12,12,0,27,27,0,24,23,-1,7,5,-2,4,4,0,1,1,0,0,0,0,64,63,-1,25,20,-5,0,0,0
own_v1,O1,h00036,bundle_default_opt_3,/home/dungbv/clau/result/f3_o1_final_20260815/h00036/h00036_final.02-pointer-opt.ll,/home/dungbv/clau/reports/ir_boundary_own_20260816/artifacts/O1/h00036/bundle_default_opt_3.after.ll,True,2,2,0,16,16,0,120,110,-10,1,1,0,3,3,0,3,3,0,0,0,0,1,1,0,1,1,0,12,12,0,27,27,0,25,15,-10,5,5,0,4,4,0,1,1,0,0,0,0,65,55,-10,18,18,0,0,0,0
own_v1,O1,h00036,bundle_default_opt_4,/home/dungbv/clau/result/f3_o1_final_20260815/h00036/h00036_final.05-unpinned.ll,/home/dungbv/clau/reports/ir_boundary_own_20260816/artifacts/O1/h00036/bundle_default_opt_4.after.ll,True,2,2,0,16,16,0,110,110,0,1,1,0,3,3,0,3,3,0,0,0,0,1,1,0,1,1,0,12,12,0,27,27,0,15,15,0,5,5,0,4,4,0,1,1,0,0,0,0,55,55,0,18,18,0,0,0,0
own_v1,O1,h00036,bundle_post_opt_4_custom_cleanup,/home/dungbv/clau/reports/ir_boundary_own_20260816/artifacts/O1/h00036/bundle_default_opt_4.after.ll,/home/dungbv/clau/result/f3_o1_final_20260815/h00036/h00036_final.ll,True,2,1,-1,16,15,-1,110,109,-1,1,1,0,3,3,0,3,3,0,0,0,0,1,1,0,1,1,0,12,12,0,27,27,0,15,15,0,5,5,0,4,4,0,1,1,0,0,0,0,55,55,0,18,18,0,0,0,0
own_v1,O1,h00037,main_default_opt_1,/home/dungbv/clau/reports/ir_boundary_own_20260816/artifacts/O1/h00037/main_opt_1.before.ll,/home/dungbv/clau/reports/ir_boundary_own_20260816/artifacts/O1/h00037/main_opt_1.after.ll,True,11,8,-3,36,31,-5,852,816,-36,4,4,0,22,15,-7,20,13,-7,2,2,0,10,6,-4,3,1,-2,98,96,-2,432,414,-18,52,36,-16,24,36,12,10,10,0,3,3,0,0,0,0,585,547,-38,120,131,11,0,0,0
own_v1,O1,h00037,main_default_opt_2,/home/dungbv/clau/reports/ir_boundary_own_20260816/artifacts/O1/h00037/main_opt_2.before.ll,/home/dungbv/clau/reports/ir_boundary_own_20260816/artifacts/O1/h00037/main_opt_2.after.ll,True,8,8,0,31,31,0,821,810,-11,4,4,0,15,15,0,13,13,0,2,2,0,6,6,0,1,1,0,96,96,0,414,414,0,38,35,-3,38,38,0,10,10,0,3,3,0,0,0,0,549,546,-3,133,129,-4,0,0,0
own_v1,O1,h00037,bundle_default_opt_3,/home/dungbv/clau/result/f3_o1_final_20260815/h00037/h00037_final.02-pointer-opt.ll,/home/dungbv/clau/reports/ir_boundary_own_20260816/artifacts/O1/h00037/bundle_default_opt_3.after.ll,True,9,9,0,33,33,0,728,665,-63,4,4,0,16,16,0,14,14,0,2,2,0,5,5,0,1,1,0,96,80,-16,357,312,-45,29,29,0,34,32,-2,6,6,0,3,3,0,0,0,0,483,422,-61,113,111,-2,0,0,0
own_v1,O1,h00037,bundle_default_opt_4,/home/dungbv/clau/result/f3_o1_final_20260815/h00037/h00037_final.05-unpinned.ll,/home/dungbv/clau/reports/ir_boundary_own_20260816/artifacts/O1/h00037/bundle_default_opt_4.after.ll,True,9,9,0,33,33,0,665,665,0,4,4,0,16,16,0,14,14,0,2,2,0,5,5,0,1,1,0,80,80,0,312,312,0,29,29,0,32,32,0,6,6,0,3,3,0,0,0,0,422,422,0,111,111,0,0,0,0
own_v1,O1,h00037,bundle_post_opt_4_custom_cleanup,/home/dungbv/clau/reports/ir_boundary_own_20260816/artifacts/O1/h00037/bundle_default_opt_4.after.ll,/home/dungbv/clau/result/f3_o1_final_20260815/h00037/h00037_final.ll,True,9,9,0,33,33,0,665,607,-58,4,4,0,16,16,0,14,14,0,2,2,0,5,5,0,1,1,0,80,80,0,312,254,-58,29,29,0,32,32,0,6,6,0,3,3,0,0,0,0,422,364,-58,111,111,0,0,0,0
own_v1,O1,h00038,main_default_opt_1,/home/dungbv/clau/reports/ir_boundary_own_20260816/artifacts/O1/h00038/main_opt_1.before.ll,/home/dungbv/clau/reports/ir_boundary_own_20260816/artifacts/O1/h00038/main_opt_1.after.ll,True,13,4,-9,64,52,-12,1517,1368,-149,7,6,-1,28,16,-12,26,16,-10,2,0,-2,16,11,-5,5,3,-2,155,133,-22,766,706,-60,65,48,-17,53,67,14,11,11,0,4,4,0,1,1,0,991,890,-101,226,225,-1,0,0,0
own_v1,O1,h00038,main_default_opt_2,/home/dungbv/clau/reports/ir_boundary_own_20260816/artifacts/O1/h00038/main_opt_2.before.ll,/home/dungbv/clau/reports/ir_boundary_own_20260816/artifacts/O1/h00038/main_opt_2.after.ll,True,5,5,0,54,54,0,1334,1322,-12,6,6,0,14,14,0,14,14,0,0,0,0,8,8,0,1,1,0,133,128,-5,688,689,1,39,38,-1,67,68,1,11,11,0,4,4,0,1,1,0,861,856,-5,220,217,-3,0,0,0
own_v1,O1,h00038,bundle_default_opt_3,/home/dungbv/clau/result/f3_o1_final_20260815/h00038/h00038_final.02-pointer-opt.ll,/home/dungbv/clau/reports/ir_boundary_own_20260816/artifacts/O1/h00038/bundle_default_opt_3.after.ll,True,5,5,0,54,54,0,1382,1270,-112,6,6,0,13,13,0,13,13,0,0,0,0,7,7,0,1,1,0,147,109,-38,688,641,-47,38,38,0,68,67,-1,11,11,0,4,4,0,1,1,0,874,789,-85,221,215,-6,0,0,0
own_v1,O1,h00038,bundle_default_opt_4,/home/dungbv/clau/result/f3_o1_final_20260815/h00038/h00038_final.05-unpinned.ll,/home/dungbv/clau/reports/ir_boundary_own_20260816/artifacts/O1/h00038/bundle_default_opt_4.after.ll,True,5,5,0,54,54,0,1270,1268,-2,6,6,0,13,13,0,13,13,0,0,0,0,7,7,0,1,1,0,109,109,0,641,641,0,38,38,0,67,67,0,11,11,0,4,4,0,1,1,0,789,789,0,215,215,0,0,0,0
own_v1,O1,h00038,bundle_post_opt_4_custom_cleanup,/home/dungbv/clau/reports/ir_boundary_own_20260816/artifacts/O1/h00038/bundle_default_opt_4.after.ll,/home/dungbv/clau/result/f3_o1_final_20260815/h00038/h00038_final.ll,True,5,0,-5,54,0,-54,1268,0,-1268,6,0,-6,13,0,-13,13,0,-13,0,0,0,7,0,-7,1,0,-1,109,0,-109,641,0,-641,38,0,-38,67,0,-67,11,0,-11,4,0,-4,1,0,-1,789,0,-789,215,0,-215,0,0,0
own_v1,O1,h00039,main_default_opt_1,/home/dungbv/clau/reports/ir_boundary_own_20260816/artifacts/O1/h00039/main_opt_1.before.ll,/home/dungbv/clau/reports/ir_boundary_own_20260816/artifacts/O1/h00039/main_opt_1.after.ll,True,11,2,-9,38,22,-16,900,765,-135,2,1,-1,27,15,-12,25,15,-10,2,0,-2,17,12,-5,7,5,-2,91,74,-17,474,418,-56,79,62,-17,20,24,4,6,6,0,1,1,0,0,0,0,651,559,-92,95,89,-6,0,0,0
own_v1,O1,h00039,main_default_opt_2,/home/dungbv/clau/reports/ir_boundary_own_20260816/artifacts/O1/h00039/main_opt_2.before.ll,/home/dungbv/clau/reports/ir_boundary_own_20260816/artifacts/O1/h00039/main_opt_2.after.ll,True,2,2,0,22,22,0,188,179,-9,1,1,0,5,3,-2,5,3,-2,0,0,0,2,0,-2,2,2,0,21,22,1,33,35,2,33,31,-2,4,2,-2,6,6,0,1,1,0,0,0,0,89,90,1,28,22,-6,0,0,0
own_v1,O1,h00039,bundle_default_opt_3,/home/dungbv/clau/result/f3_o1_final_20260815/h00039/h00039_final.02-pointer-opt.ll,/home/dungbv/clau/reports/ir_boundary_own_20260816/artifacts/O1/h00039/bundle_default_opt_3.after.ll,True,2,2,0,22,22,0,173,157,-16,1,1,0,3,3,0,3,3,0,0,0,0,0,0,0,2,2,0,22,22,0,35,35,0,37,21,-16,2,2,0,6,6,0,1,1,0,0,0,0,96,80,-16,16,16,0,0,0,0
own_v1,O1,h00039,bundle_default_opt_4,/home/dungbv/clau/result/f3_o1_final_20260815/h00039/h00039_final.05-unpinned.ll,/home/dungbv/clau/reports/ir_boundary_own_20260816/artifacts/O1/h00039/bundle_default_opt_4.after.ll,True,2,2,0,22,22,0,157,157,0,1,1,0,3,3,0,3,3,0,0,0,0,0,0,0,2,2,0,22,22,0,35,35,0,21,21,0,2,2,0,6,6,0,1,1,0,0,0,0,80,80,0,16,16,0,0,0,0
own_v1,O1,h00039,bundle_post_opt_4_custom_cleanup,/home/dungbv/clau/reports/ir_boundary_own_20260816/artifacts/O1/h00039/bundle_default_opt_4.after.ll,/home/dungbv/clau/result/f3_o1_final_20260815/h00039/h00039_final.ll,True,2,1,-1,22,21,-1,157,156,-1,1,1,0,3,3,0,3,3,0,0,0,0,0,0,0,2,2,0,22,22,0,35,35,0,21,21,0,2,2,0,6,6,0,1,1,0,0,0,0,80,80,0,16,16,0,0,0,0
own_v1,O1,h00040,main_default_opt_1,/home/dungbv/clau/reports/ir_boundary_own_20260816/artifacts/O1/h00040/main_opt_1.before.ll,/home/dungbv/clau/reports/ir_boundary_own_20260816/artifacts/O1/h00040/main_opt_1.after.ll,True,12,9,-3,77,72,-5,2039,1907,-132,6,6,0,35,28,-7,33,26,-7,2,2,0,18,14,-4,7,5,-2,174,157,-17,920,902,-18,258,164,-94,21,33,12,92,92,0,2,2,0,0,0,0,1359,1228,-131,328,336,8,0,0,0
own_v1,O1,h00040,main_default_opt_2,/home/dungbv/clau/reports/ir_boundary_own_20260816/artifacts/O1/h00040/main_opt_2.before.ll,/home/dungbv/clau/reports/ir_boundary_own_20260816/artifacts/O1/h00040/main_opt_2.after.ll,True,9,9,0,72,72,0,1980,1942,-38,6,6,0,28,28,0,26,26,0,2,2,0,14,14,0,5,5,0,157,157,0,902,902,0,189,188,-1,35,35,0,104,104,0,2,2,0,0,0,0,1253,1252,-1,365,346,-19,0,0,0
own_v1,O1,h00040,bundle_default_opt_3,/home/dungbv/clau/result/f3_o1_final_20260815/h00040/h00040_final.02-pointer-opt.ll,/home/dungbv/clau/reports/ir_boundary_own_20260816/artifacts/O1/h00040/bundle_default_opt_3.after.ll,True,9,9,0,72,72,0,1939,1795,-144,6,6,0,27,29,2,25,27,2,2,2,0,13,15,2,5,5,0,157,119,-38,901,806,-95,188,178,-10,35,32,-3,104,104,0,2,2,0,0,0,0,1251,1108,-143,345,342,-3,0,0,0
own_v1,O1,h00040,bundle_default_opt_4,/home/dungbv/clau/result/f3_o1_final_20260815/h00040/h00040_final.05-unpinned.ll,/home/dungbv/clau/reports/ir_boundary_own_20260816/artifacts/O1/h00040/bundle_default_opt_4.after.ll,True,9,9,0,72,72,0,1795,1795,0,6,6,0,29,29,0,27,27,0,2,2,0,15,15,0,5,5,0,119,119,0,806,806,0,178,178,0,32,32,0,104,104,0,2,2,0,0,0,0,1108,1108,0,342,342,0,0,0,0
own_v1,O1,h00040,bundle_post_opt_4_custom_cleanup,/home/dungbv/clau/reports/ir_boundary_own_20260816/artifacts/O1/h00040/bundle_default_opt_4.after.ll,/home/dungbv/clau/result/f3_o1_final_20260815/h00040/h00040_final.ll,True,9,9,0,72,72,0,1795,1624,-171,6,6,0,29,29,0,27,27,0,2,2,0,15,15,0,5,5,0,119,119,0,806,635,-171,178,178,0,32,32,0,104,104,0,2,2,0,0,0,0,1108,937,-171,342,342,0,0,0,0
own_v1,O2,h00001,main_default_opt_1,/home/dungbv/clau/reports/ir_boundary_own_20260816/artifacts/O2/h00001/main_opt_1.before.ll,/home/dungbv/clau/reports/ir_boundary_own_20260816/artifacts/O2/h00001/main_opt_1.after.ll,True,11,8,-3,47,42,-5,850,804,-46,4,4,0,18,11,-7,16,9,-7,2,2,0,9,5,-4,3,1,-2,66,64,-2,454,431,-23,63,47,-16,26,37,11,14,14,0,1,1,0,0,0,0,586,543,-43,124,130,6,0,0,0
own_v1,O2,h00001,main_default_opt_2,/home/dungbv/clau/reports/ir_boundary_own_20260816/artifacts/O2/h00001/main_opt_2.before.ll,/home/dungbv/clau/reports/ir_boundary_own_20260816/artifacts/O2/h00001/main_opt_2.after.ll,True,8,8,0,42,42,0,805,793,-12,4,4,0,11,11,0,9,9,0,2,2,0,5,5,0,1,1,0,64,64,0,431,430,-1,48,45,-3,37,37,0,14,14,0,1,1,0,0,0,0,544,540,-4,129,125,-4,0,0,0
own_v1,O2,h00001,bundle_default_opt_3,/home/dungbv/clau/result/f3_o2_final_20260815/h00001/h00001_final.02-pointer-opt.ll,/home/dungbv/clau/reports/ir_boundary_own_20260816/artifacts/O2/h00001/bundle_default_opt_3.after.ll,True,9,9,0,44,44,0,643,571,-72,4,4,0,12,12,0,10,10,0,2,2,0,4,4,0,1,1,0,64,54,-10,320,259,-61,39,39,0,28,28,0,10,10,0,1,1,0,0,0,0,424,353,-71,93,92,-1,0,0,0
own_v1,O2,h00001,bundle_default_opt_4,/home/dungbv/clau/result/f3_o2_final_20260815/h00001/h00001_final.05-unpinned.ll,/home/dungbv/clau/reports/ir_boundary_own_20260816/artifacts/O2/h00001/bundle_default_opt_4.after.ll,True,9,9,0,44,44,0,571,570,-1,4,4,0,12,12,0,10,10,0,2,2,0,4,4,0,1,1,0,54,54,0,259,258,-1,39,39,0,28,28,0,10,10,0,1,1,0,0,0,0,353,352,-1,92,92,0,0,0,0
own_v1,O2,h00001,bundle_post_opt_4_custom_cleanup,/home/dungbv/clau/reports/ir_boundary_own_20260816/artifacts/O2/h00001/bundle_default_opt_4.after.ll,/home/dungbv/clau/result/f3_o2_final_20260815/h00001/h00001_final.ll,True,9,9,0,44,44,0,570,568,-2,4,4,0,12,12,0,10,10,0,2,2,0,4,4,0,1,1,0,54,54,0,258,256,-2,39,39,0,28,28,0,10,10,0,1,1,0,0,0,0,352,350,-2,92,92,0,0,0,0
own_v1,O2,h00002,main_default_opt_1,/home/dungbv/clau/reports/ir_boundary_own_20260816/artifacts/O2/h00002/main_opt_1.before.ll,/home/dungbv/clau/reports/ir_boundary_own_20260816/artifacts/O2/h00002/main_opt_1.after.ll,True,11,2,-9,47,31,-16,1002,862,-140,5,4,-1,29,17,-12,27,17,-10,2,0,-2,18,13,-5,7,5,-2,96,79,-17,504,443,-61,52,35,-17,27,31,4,8,8,0,1,1,0,1,1,0,659,562,-97,145,139,-6,0,0,0
own_v1,O2,h00002,main_default_opt_2,/home/dungbv/clau/reports/ir_boundary_own_20260816/artifacts/O2/h00002/main_opt_2.before.ll,/home/dungbv/clau/reports/ir_boundary_own_20260816/artifacts/O2/h00002/main_opt_2.after.ll,True,2,2,0,31,26,-5,312,210,-102,4,2,-2,10,9,-1,10,9,-1,0,0,0,6,5,-1,4,4,0,20,21,1,59,37,-22,25,22,-3,4,4,0,12,10,-2,1,1,0,1,1,0,108,84,-24,88,48,-40,0,0,0
own_v1,O2,h00002,bundle_default_opt_3,/home/dungbv/clau/result/f3_o2_final_20260815/h00002/h00002_final.02-pointer-opt.ll,/home/dungbv/clau/reports/ir_boundary_own_20260816/artifacts/O2/h00002/bundle_default_opt_3.after.ll,True,2,2,0,26,26,0,201,199,-2,2,2,0,9,9,0,9,9,0,0,0,0,5,5,0,4,4,0,21,21,0,37,37,0,32,30,-2,4,4,0,10,10,0,1,1,0,1,1,0,94,92,-2,38,38,0,0,0,0
own_v1,O2,h00002,bundle_default_opt_4,/home/dungbv/clau/result/f3_o2_final_20260815/h00002/h00002_final.05-unpinned.ll,/home/dungbv/clau/reports/ir_boundary_own_20260816/artifacts/O2/h00002/bundle_default_opt_4.after.ll,True,2,2,0,26,26,0,199,199,0,2,2,0,9,9,0,9,9,0,0,0,0,5,5,0,4,4,0,21,21,0,37,37,0,30,30,0,4,4,0,10,10,0,1,1,0,1,1,0,92,92,0,38,38,0,0,0,0
own_v1,O2,h00002,bundle_post_opt_4_custom_cleanup,/home/dungbv/clau/reports/ir_boundary_own_20260816/artifacts/O2/h00002/bundle_default_opt_4.after.ll,/home/dungbv/clau/result/f3_o2_final_20260815/h00002/h00002_final.ll,True,2,1,-1,26,25,-1,199,198,-1,2,2,0,9,9,0,9,9,0,0,0,0,5,5,0,4,4,0,21,21,0,37,37,0,30,30,0,4,4,0,10,10,0,1,1,0,1,1,0,92,92,0,38,38,0,0,0,0
own_v1,O2,h00003,main_default_opt_1,/home/dungbv/clau/reports/ir_boundary_own_20260816/artifacts/O2/h00003/main_opt_1.before.ll,/home/dungbv/clau/reports/ir_boundary_own_20260816/artifacts/O2/h00003/main_opt_1.after.ll,True,11,2,-9,50,34,-16,1165,1015,-150,2,1,-1,32,21,-11,30,21,-9,2,0,-2,21,17,-4,9,7,-2,118,100,-18,658,595,-63,113,95,-18,19,22,3,11,11,0,1,1,0,0,0,0,898,797,-101,106,97,-9,0,0,0
own_v1,O2,h00003,main_default_opt_2,/home/dungbv/clau/reports/ir_boundary_own_20260816/artifacts/O2/h00003/main_opt_2.before.ll,/home/dungbv/clau/reports/ir_boundary_own_20260816/artifacts/O2/h00003/main_opt_2.after.ll,True,2,2,0,34,34,0,245,207,-38,1,1,0,7,5,-2,7,5,-2,0,0,0,3,1,-2,2,2,0,28,30,2,52,54,2,50,20,-30,4,2,-2,11,11,0,1,1,0,0,0,0,132,106,-26,42,35,-7,0,0,0
own_v1,O2,h00003,bundle_default_opt_3,/home/dungbv/clau/result/f3_o2_final_20260815/h00003/h00003_final.02-pointer-opt.ll,/home/dungbv/clau/reports/ir_boundary_own_20260816/artifacts/O2/h00003/bundle_default_opt_3.after.ll,True,2,2,0,34,34,0,203,202,-1,1,1,0,5,5,0,5,5,0,0,0,0,1,1,0,2,2,0,30,30,0,54,54,0,24,23,-1,2,2,0,11,11,0,1,1,0,0,0,0,110,109,-1,31,31,0,0,0,0
own_v1,O2,h00003,bundle_default_opt_4,/home/dungbv/clau/result/f3_o2_final_20260815/h00003/h00003_final.05-unpinned.ll,/home/dungbv/clau/reports/ir_boundary_own_20260816/artifacts/O2/h00003/bundle_default_opt_4.after.ll,True,2,2,0,34,34,0,202,202,0,1,1,0,5,5,0,5,5,0,0,0,0,1,1,0,2,2,0,30,30,0,54,54,0,23,23,0,2,2,0,11,11,0,1,1,0,0,0,0,109,109,0,31,31,0,0,0,0
own_v1,O2,h00003,bundle_post_opt_4_custom_cleanup,/home/dungbv/clau/reports/ir_boundary_own_20260816/artifacts/O2/h00003/bundle_default_opt_4.after.ll,/home/dungbv/clau/result/f3_o2_final_20260815/h00003/h00003_final.ll,True,2,1,-1,34,33,-1,202,201,-1,1,1,0,5,5,0,5,5,0,0,0,0,1,1,0,2,2,0,30,30,0,54,54,0,23,23,0,2,2,0,11,11,0,1,1,0,0,0,0,109,109,0,31,31,0,0,0,0
own_v1,O2,h00004,main_default_opt_1,/home/dungbv/clau/reports/ir_boundary_own_20260816/artifacts/O2/h00004/main_opt_1.before.ll,/home/dungbv/clau/reports/ir_boundary_own_20260816/artifacts/O2/h00004/main_opt_1.after.ll,True,12,9,-3,45,38,-7,1182,1079,-103,6,4,-2,35,28,-7,33,26,-7,2,2,0,19,15,-4,7,5,-2,160,129,-31,539,512,-27,86,62,-24,25,33,8,14,14,0,3,1,-2,0,0,0,792,708,-84,166,165,-1,0,0,0
own_v1,O2,h00004,main_default_opt_2,/home/dungbv/clau/reports/ir_boundary_own_20260816/artifacts/O2/h00004/main_opt_2.before.ll,/home/dungbv/clau/reports/ir_boundary_own_20260816/artifacts/O2/h00004/main_opt_2.after.ll,True,9,9,0,38,38,0,1182,1146,-36,4,4,0,28,28,0,26,26,0,2,2,0,15,15,0,5,5,0,129,129,0,512,512,0,91,87,-4,33,33,0,30,30,0,1,1,0,0,0,0,737,733,-4,216,200,-16,0,0,0
own_v1,O2,h00004,bundle_default_opt_3,/home/dungbv/clau/result/f3_o2_final_20260815/h00004/h00004_final.02-pointer-opt.ll,/home/dungbv/clau/reports/ir_boundary_own_20260816/artifacts/O2/h00004/bundle_default_opt_3.after.ll,True,10,10,0,40,40,0,1117,964,-153,4,4,0,33,30,-3,31,28,-3,2,2,0,14,13,-1,5,5,0,133,97,-36,511,408,-103,77,77,0,33,33,0,20,20,0,1,1,0,0,0,0,726,587,-139,174,169,-5,0,0,0
own_v1,O2,h00004,bundle_default_opt_4,/home/dungbv/clau/result/f3_o2_final_20260815/h00004/h00004_final.05-unpinned.ll,/home/dungbv/clau/reports/ir_boundary_own_20260816/artifacts/O2/h00004/bundle_default_opt_4.after.ll,True,10,10,0,40,40,0,964,955,-9,4,4,0,30,30,0,28,28,0,2,2,0,13,13,0,5,5,0,97,97,0,408,407,-1,77,77,0,33,33,0,20,20,0,1,1,0,0,0,0,587,586,-1,169,165,-4,0,0,0
own_v1,O2,h00004,bundle_post_opt_4_custom_cleanup,/home/dungbv/clau/reports/ir_boundary_own_20260816/artifacts/O2/h00004/bundle_default_opt_4.after.ll,/home/dungbv/clau/result/f3_o2_final_20260815/h00004/h00004_final.ll,True,10,10,0,40,40,0,955,955,0,4,4,0,30,30,0,28,28,0,2,2,0,13,13,0,5,5,0,97,97,0,407,407,0,77,77,0,33,33,0,20,20,0,1,1,0,0,0,0,586,586,0,165,165,0,0,0,0
own_v1,O2,h00005,main_default_opt_1,/home/dungbv/clau/reports/ir_boundary_own_20260816/artifacts/O2/h00005/main_opt_1.before.ll,/home/dungbv/clau/reports/ir_boundary_own_20260816/artifacts/O2/h00005/main_opt_1.after.ll,True,11,8,-3,38,33,-5,836,790,-46,4,4,0,20,13,-7,18,11,-7,2,2,0,9,5,-4,3,1,-2,83,81,-2,438,415,-23,59,43,-16,26,37,11,11,11,0,1,1,0,0,0,0,583,540,-43,120,126,6,0,0,0
own_v1,O2,h00005,main_default_opt_2,/home/dungbv/clau/reports/ir_boundary_own_20260816/artifacts/O2/h00005/main_opt_2.before.ll,/home/dungbv/clau/reports/ir_boundary_own_20260816/artifacts/O2/h00005/main_opt_2.after.ll,True,8,8,0,33,33,0,791,779,-12,4,4,0,13,13,0,11,11,0,2,2,0,5,5,0,1,1,0,81,81,0,415,414,-1,44,41,-3,37,37,0,11,11,0,1,1,0,0,0,0,541,537,-4,125,121,-4,0,0,0
own_v1,O2,h00005,bundle_default_opt_3,/home/dungbv/clau/result/f3_o2_final_20260815/h00005/h00005_final.02-pointer-opt.ll,/home/dungbv/clau/reports/ir_boundary_own_20260816/artifacts/O2/h00005/bundle_default_opt_3.after.ll,True,9,9,0,35,35,0,701,615,-86,4,4,0,14,14,0,12,12,0,2,2,0,4,4,0,1,1,0,81,71,-10,360,287,-73,35,35,0,32,32,0,7,7,0,1,1,0,0,0,0,477,394,-83,104,101,-3,0,0,0
own_v1,O2,h00005,bundle_default_opt_4,/home/dungbv/clau/result/f3_o2_final_20260815/h00005/h00005_final.05-unpinned.ll,/home/dungbv/clau/reports/ir_boundary_own_20260816/artifacts/O2/h00005/bundle_default_opt_4.after.ll,True,9,9,0,35,35,0,615,611,-4,4,4,0,14,14,0,12,12,0,2,2,0,4,4,0,1,1,0,71,71,0,287,283,-4,35,35,0,32,32,0,7,7,0,1,1,0,0,0,0,394,390,-4,101,101,0,0,0,0
own_v1,O2,h00005,bundle_post_opt_4_custom_cleanup,/home/dungbv/clau/reports/ir_boundary_own_20260816/artifacts/O2/h00005/bundle_default_opt_4.after.ll,/home/dungbv/clau/result/f3_o2_final_20260815/h00005/h00005_final.ll,True,9,9,0,35,35,0,611,611,0,4,4,0,14,14,0,12,12,0,2,2,0,4,4,0,1,1,0,71,71,0,283,283,0,35,35,0,32,32,0,7,7,0,1,1,0,0,0,0,390,390,0,101,101,0,0,0,0
own_v1,O2,h00006,main_default_opt_1,/home/dungbv/clau/reports/ir_boundary_own_20260816/artifacts/O2/h00006/main_opt_1.before.ll,/home/dungbv/clau/reports/ir_boundary_own_20260816/artifacts/O2/h00006/main_opt_1.after.ll,True,11,8,-3,52,47,-5,1042,986,-56,2,2,0,18,12,-6,16,10,-6,2,2,0,9,6,-3,3,1,-2,76,74,-2,600,572,-28,74,54,-20,19,30,11,16,16,0,1,1,0,0,0,0,753,701,-52,118,123,5,0,0,0
own_v1,O2,h00006,main_default_opt_2,/home/dungbv/clau/reports/ir_boundary_own_20260816/artifacts/O2/h00006/main_opt_2.before.ll,/home/dungbv/clau/reports/ir_boundary_own_20260816/artifacts/O2/h00006/main_opt_2.after.ll,True,8,8,0,47,47,0,991,974,-17,2,2,0,12,12,0,10,10,0,2,2,0,6,6,0,1,1,0,74,74,0,572,566,-6,56,53,-3,32,32,0,16,16,0,1,1,0,0,0,0,703,694,-9,125,121,-4,0,0,0
own_v1,O2,h00006,bundle_default_opt_3,/home/dungbv/clau/result/f3_o2_final_20260815/h00006/h00006_final.02-pointer-opt.ll,/home/dungbv/clau/reports/ir_boundary_own_20260816/artifacts/O2/h00006/bundle_default_opt_3.after.ll,True,9,9,0,49,49,0,784,665,-119,2,2,0,13,13,0,11,11,0,2,2,0,5,5,0,1,1,0,74,64,-10,419,310,-109,47,47,0,24,24,0,12,12,0,1,1,0,0,0,0,541,422,-119,91,91,0,0,0,0
own_v1,O2,h00006,bundle_default_opt_4,/home/dungbv/clau/result/f3_o2_final_20260815/h00006/h00006_final.05-unpinned.ll,/home/dungbv/clau/reports/ir_boundary_own_20260816/artifacts/O2/h00006/bundle_default_opt_4.after.ll,True,9,9,0,49,49,0,665,639,-26,2,2,0,13,13,0,11,11,0,2,2,0,5,5,0,1,1,0,64,64,0,310,284,-26,47,47,0,24,24,0,12,12,0,1,1,0,0,0,0,422,396,-26,91,91,0,0,0,0
own_v1,O2,h00006,bundle_post_opt_4_custom_cleanup,/home/dungbv/clau/reports/ir_boundary_own_20260816/artifacts/O2/h00006/bundle_default_opt_4.after.ll,/home/dungbv/clau/result/f3_o2_final_20260815/h00006/h00006_final.ll,True,9,9,0,49,49,0,639,632,-7,2,2,0,13,13,0,11,11,0,2,2,0,5,5,0,1,1,0,64,64,0,284,277,-7,47,47,0,24,24,0,12,12,0,1,1,0,0,0,0,396,389,-7,91,91,0,0,0,0
own_v1,O2,h00007,main_default_opt_1,/home/dungbv/clau/reports/ir_boundary_own_20260816/artifacts/O2/h00007/main_opt_1.before.ll,/home/dungbv/clau/reports/ir_boundary_own_20260816/artifacts/O2/h00007/main_opt_1.after.ll,True,12,9,-3,53,43,-10,1144,989,-155,9,9,0,19,12,-7,17,10,-7,2,2,0,9,5,-4,3,1,-2,104,99,-5,627,529,-98,57,41,-16,51,50,-1,16,16,0,2,2,0,0,0,0,791,670,-121,182,167,-15,0,0,0
own_v1,O2,h00007,main_default_opt_2,/home/dungbv/clau/reports/ir_boundary_own_20260816/artifacts/O2/h00007/main_opt_2.before.ll,/home/dungbv/clau/reports/ir_boundary_own_20260816/artifacts/O2/h00007/main_opt_2.after.ll,True,9,9,0,43,43,0,994,970,-24,9,9,0,12,12,0,10,10,0,2,2,0,5,5,0,1,1,0,99,99,0,529,516,-13,43,40,-3,52,52,0,16,16,0,2,2,0,0,0,0,672,656,-16,169,165,-4,0,0,0
own_v1,O2,h00007,bundle_default_opt_3,/home/dungbv/clau/result/f3_o2_final_20260815/h00007/h00007_final.02-pointer-opt.ll,/home/dungbv/clau/reports/ir_boundary_own_20260816/artifacts/O2/h00007/bundle_default_opt_3.after.ll,True,10,10,0,45,45,0,988,870,-118,9,9,0,13,13,0,11,11,0,2,2,0,4,4,0,1,1,0,110,98,-12,515,417,-98,34,34,0,52,50,-2,12,12,0,2,2,0,0,0,0,660,550,-110,157,151,-6,0,0,0
own_v1,O2,h00007,bundle_default_opt_4,/home/dungbv/clau/result/f3_o2_final_20260815/h00007/h00007_final.05-unpinned.ll,/home/dungbv/clau/reports/ir_boundary_own_20260816/artifacts/O2/h00007/bundle_default_opt_4.after.ll,True,10,10,0,45,45,0,870,866,-4,9,9,0,13,13,0,11,11,0,2,2,0,4,4,0,1,1,0,98,98,0,417,413,-4,34,34,0,50,50,0,12,12,0,2,2,0,0,0,0,550,546,-4,151,151,0,0,0,0
own_v1,O2,h00007,bundle_post_opt_4_custom_cleanup,/home/dungbv/clau/reports/ir_boundary_own_20260816/artifacts/O2/h00007/bundle_default_opt_4.after.ll,/home/dungbv/clau/result/f3_o2_final_20260815/h00007/h00007_final.ll,True,10,10,0,45,45,0,866,864,-2,9,9,0,13,13,0,11,11,0,2,2,0,4,4,0,1,1,0,98,98,0,413,411,-2,34,34,0,50,50,0,12,12,0,2,2,0,0,0,0,546,544,-2,151,151,0,0,0,0
own_v1,O2,h00008,main_default_opt_1,/home/dungbv/clau/reports/ir_boundary_own_20260816/artifacts/O2/h00008/main_opt_1.before.ll,/home/dungbv/clau/reports/ir_boundary_own_20260816/artifacts/O2/h00008/main_opt_1.after.ll,True,11,8,-3,47,42,-5,1120,1053,-67,6,6,0,21,15,-6,19,13,-6,2,2,0,10,7,-3,3,1,-2,97,95,-2,595,565,-30,87,57,-30,28,41,13,21,21,0,2,2,0,0,0,0,782,718,-64,163,168,5,0,0,0
own_v1,O2,h00008,main_default_opt_2,/home/dungbv/clau/reports/ir_boundary_own_20260816/artifacts/O2/h00008/main_opt_2.before.ll,/home/dungbv/clau/reports/ir_boundary_own_20260816/artifacts/O2/h00008/main_opt_2.after.ll,True,8,8,0,42,42,0,1054,1040,-14,6,6,0,15,15,0,13,13,0,2,2,0,7,7,0,1,1,0,95,95,0,565,562,-3,58,55,-3,41,41,0,21,21,0,2,2,0,0,0,0,719,713,-6,167,163,-4,0,0,0
own_v1,O2,h00008,bundle_default_opt_3,/home/dungbv/clau/result/f3_o2_final_20260815/h00008/h00008_final.02-pointer-opt.ll,/home/dungbv/clau/reports/ir_boundary_own_20260816/artifacts/O2/h00008/bundle_default_opt_3.after.ll,True,9,9,0,44,44,0,901,799,-102,6,6,0,20,20,0,18,18,0,2,2,0,6,6,0,1,1,0,94,86,-8,491,399,-92,40,40,0,36,36,0,9,9,0,2,2,0,0,0,0,626,526,-100,118,116,-2,0,0,0
own_v1,O2,h00008,bundle_default_opt_4,/home/dungbv/clau/result/f3_o2_final_20260815/h00008/h00008_final.05-unpinned.ll,/home/dungbv/clau/reports/ir_boundary_own_20260816/artifacts/O2/h00008/bundle_default_opt_4.after.ll,True,9,9,0,44,44,0,799,788,-11,6,6,0,20,20,0,18,18,0,2,2,0,6,6,0,1,1,0,86,86,0,399,388,-11,40,40,0,36,36,0,9,9,0,2,2,0,0,0,0,526,515,-11,116,116,0,0,0,0
own_v1,O2,h00008,bundle_post_opt_4_custom_cleanup,/home/dungbv/clau/reports/ir_boundary_own_20260816/artifacts/O2/h00008/bundle_default_opt_4.after.ll,/home/dungbv/clau/result/f3_o2_final_20260815/h00008/h00008_final.ll,True,9,9,0,44,44,0,788,786,-2,6,6,0,20,20,0,18,18,0,2,2,0,6,6,0,1,1,0,86,86,0,388,386,-2,40,40,0,36,36,0,9,9,0,2,2,0,0,0,0,515,513,-2,116,116,0,0,0,0
own_v1,O2,h00009,main_default_opt_1,/home/dungbv/clau/reports/ir_boundary_own_20260816/artifacts/O2/h00009/main_opt_1.before.ll,/home/dungbv/clau/reports/ir_boundary_own_20260816/artifacts/O2/h00009/main_opt_1.after.ll,True,11,2,-9,66,50,-16,1191,1053,-138,6,5,-1,28,17,-11,26,17,-9,2,0,-2,18,14,-4,7,5,-2,107,91,-16,669,605,-64,100,81,-19,26,29,3,15,15,0,2,2,0,0,0,0,883,782,-101,129,123,-6,0,0,0
own_v1,O2,h00009,main_default_opt_2,/home/dungbv/clau/reports/ir_boundary_own_20260816/artifacts/O2/h00009/main_opt_2.before.ll,/home/dungbv/clau/reports/ir_boundary_own_20260816/artifacts/O2/h00009/main_opt_2.after.ll,True,2,2,0,50,46,-4,289,243,-46,5,1,-4,8,4,-4,8,4,-4,0,0,0,5,1,-4,3,3,0,36,40,4,60,63,3,52,19,-33,2,0,-2,15,15,0,2,1,-1,0,0,0,151,125,-26,43,35,-8,0,0,0
own_v1,O2,h00009,bundle_default_opt_3,/home/dungbv/clau/result/f3_o2_final_20260815/h00009/h00009_final.02-pointer-opt.ll,/home/dungbv/clau/reports/ir_boundary_own_20260816/artifacts/O2/h00009/bundle_default_opt_3.after.ll,True,2,2,0,46,46,0,240,239,-1,1,1,0,4,4,0,4,4,0,0,0,0,1,1,0,3,3,0,40,40,0,63,63,0,22,21,-1,0,0,0,15,15,0,1,1,0,0,0,0,128,127,-1,32,32,0,0,0,0
own_v1,O2,h00009,bundle_default_opt_4,/home/dungbv/clau/result/f3_o2_final_20260815/h00009/h00009_final.05-unpinned.ll,/home/dungbv/clau/reports/ir_boundary_own_20260816/artifacts/O2/h00009/bundle_default_opt_4.after.ll,True,2,2,0,46,46,0,239,239,0,1,1,0,4,4,0,4,4,0,0,0,0,1,1,0,3,3,0,40,40,0,63,63,0,21,21,0,0,0,0,15,15,0,1,1,0,0,0,0,127,127,0,32,32,0,0,0,0
own_v1,O2,h00009,bundle_post_opt_4_custom_cleanup,/home/dungbv/clau/reports/ir_boundary_own_20260816/artifacts/O2/h00009/bundle_default_opt_4.after.ll,/home/dungbv/clau/result/f3_o2_final_20260815/h00009/h00009_final.ll,True,2,1,-1,46,45,-1,239,238,-1,1,1,0,4,4,0,4,4,0,0,0,0,1,1,0,3,3,0,40,40,0,63,63,0,21,21,0,0,0,0,15,15,0,1,1,0,0,0,0,127,127,0,32,32,0,0,0,0
own_v1,O2,h00010,main_default_opt_1,/home/dungbv/clau/reports/ir_boundary_own_20260816/artifacts/O2/h00010/main_opt_1.before.ll,/home/dungbv/clau/reports/ir_boundary_own_20260816/artifacts/O2/h00010/main_opt_1.after.ll,True,14,10,-4,54,47,-7,1391,1340,-51,4,4,0,34,26,-8,31,23,-8,3,3,0,21,17,-4,7,5,-2,139,137,-2,747,722,-25,107,91,-16,26,37,11,13,13,0,2,2,0,0,0,0,1000,955,-45,161,167,6,0,0,0
own_v1,O2,h00010,main_default_opt_2,/home/dungbv/clau/reports/ir_boundary_own_20260816/artifacts/O2/h00010/main_opt_2.before.ll,/home/dungbv/clau/reports/ir_boundary_own_20260816/artifacts/O2/h00010/main_opt_2.after.ll,True,10,10,0,47,47,0,1345,1334,-11,4,4,0,24,22,-2,21,19,-2,3,3,0,15,13,-2,4,4,0,137,139,2,704,705,1,84,84,0,37,37,0,19,19,0,2,2,0,0,0,0,929,932,3,189,183,-6,0,0,0
own_v1,O2,h00010,bundle_default_opt_3,/home/dungbv/clau/result/f3_o2_final_20260815/h00010/h00010_final.02-pointer-opt.ll,/home/dungbv/clau/reports/ir_boundary_own_20260816/artifacts/O2/h00010/bundle_default_opt_3.after.ll,True,11,11,0,49,49,0,1149,941,-208,4,4,0,25,24,-1,22,21,-1,3,3,0,12,12,0,4,4,0,136,100,-36,571,401,-170,71,71,0,31,31,0,13,13,0,2,2,0,0,0,0,782,576,-206,155,154,-1,0,0,0
own_v1,O2,h00010,bundle_default_opt_4,/home/dungbv/clau/result/f3_o2_final_20260815/h00010/h00010_final.05-unpinned.ll,/home/dungbv/clau/reports/ir_boundary_own_20260816/artifacts/O2/h00010/bundle_default_opt_4.after.ll,True,11,11,0,49,49,0,941,931,-10,4,4,0,24,24,0,21,21,0,3,3,0,12,12,0,4,4,0,100,100,0,401,391,-10,71,71,0,31,31,0,13,13,0,2,2,0,0,0,0,576,566,-10,154,154,0,0,0,0
own_v1,O2,h00010,bundle_post_opt_4_custom_cleanup,/home/dungbv/clau/reports/ir_boundary_own_20260816/artifacts/O2/h00010/bundle_default_opt_4.after.ll,/home/dungbv/clau/result/f3_o2_final_20260815/h00010/h00010_final.ll,True,11,11,0,49,49,0,931,930,-1,4,4,0,24,24,0,21,21,0,3,3,0,12,12,0,4,4,0,100,100,0,391,390,-1,71,71,0,31,31,0,13,13,0,2,2,0,0,0,0,566,565,-1,154,154,0,0,0,0
own_v1,O2,h00011,main_default_opt_1,/home/dungbv/clau/reports/ir_boundary_own_20260816/artifacts/O2/h00011/main_opt_1.before.ll,/home/dungbv/clau/reports/ir_boundary_own_20260816/artifacts/O2/h00011/main_opt_1.after.ll,True,11,2,-9,40,24,-16,868,725,-143,3,2,-1,22,11,-11,20,11,-9,2,0,-2,13,9,-4,5,3,-2,75,59,-16,498,433,-65,72,52,-20,22,26,4,6,6,0,2,2,0,0,0,0,650,547,-103,93,85,-8,0,0,0
own_v1,O2,h00011,main_default_opt_2,/home/dungbv/clau/reports/ir_boundary_own_20260816/artifacts/O2/h00011/main_opt_2.before.ll,/home/dungbv/clau/reports/ir_boundary_own_20260816/artifacts/O2/h00011/main_opt_2.after.ll,True,2,2,0,24,24,0,188,159,-29,2,2,0,5,3,-2,5,3,-2,0,0,0,3,1,-2,2,2,0,22,23,1,37,39,2,39,17,-22,6,4,-2,6,6,0,2,2,0,0,0,0,100,81,-19,29,23,-6,0,0,0
own_v1,O2,h00011,bundle_default_opt_3,/home/dungbv/clau/result/f3_o2_final_20260815/h00011/h00011_final.02-pointer-opt.ll,/home/dungbv/clau/reports/ir_boundary_own_20260816/artifacts/O2/h00011/bundle_default_opt_3.after.ll,True,2,2,0,24,24,0,157,156,-1,2,2,0,3,3,0,3,3,0,0,0,0,1,1,0,2,2,0,23,23,0,39,39,0,19,18,-1,4,4,0,6,6,0,2,2,0,0,0,0,83,82,-1,21,21,0,0,0,0
own_v1,O2,h00011,bundle_default_opt_4,/home/dungbv/clau/result/f3_o2_final_20260815/h00011/h00011_final.05-unpinned.ll,/home/dungbv/clau/reports/ir_boundary_own_20260816/artifacts/O2/h00011/bundle_default_opt_4.after.ll,True,2,2,0,24,24,0,156,156,0,2,2,0,3,3,0,3,3,0,0,0,0,1,1,0,2,2,0,23,23,0,39,39,0,18,18,0,4,4,0,6,6,0,2,2,0,0,0,0,82,82,0,21,21,0,0,0,0
own_v1,O2,h00011,bundle_post_opt_4_custom_cleanup,/home/dungbv/clau/reports/ir_boundary_own_20260816/artifacts/O2/h00011/bundle_default_opt_4.after.ll,/home/dungbv/clau/result/f3_o2_final_20260815/h00011/h00011_final.ll,True,2,1,-1,24,23,-1,156,155,-1,2,2,0,3,3,0,3,3,0,0,0,0,1,1,0,2,2,0,23,23,0,39,39,0,18,18,0,4,4,0,6,6,0,2,2,0,0,0,0,82,82,0,21,21,0,0,0,0
own_v1,O2,h00012,main_default_opt_1,/home/dungbv/clau/reports/ir_boundary_own_20260816/artifacts/O2/h00012/main_opt_1.before.ll,/home/dungbv/clau/reports/ir_boundary_own_20260816/artifacts/O2/h00012/main_opt_1.after.ll,True,11,2,-9,31,15,-16,643,500,-143,2,1,-1,21,9,-12,19,9,-10,2,0,-2,12,7,-5,5,3,-2,68,51,-17,332,269,-63,53,36,-17,20,24,4,3,3,0,1,1,0,0,0,0,458,359,-99,74,66,-8,0,0,0
own_v1,O2,h00012,main_default_opt_2,/home/dungbv/clau/reports/ir_boundary_own_20260816/artifacts/O2/h00012/main_opt_2.before.ll,/home/dungbv/clau/reports/ir_boundary_own_20260816/artifacts/O2/h00012/main_opt_2.after.ll,True,2,2,0,15,15,0,128,111,-17,1,1,0,4,2,-2,4,2,-2,0,0,0,2,0,-2,2,2,0,13,13,0,24,26,2,23,12,-11,4,2,-2,3,3,0,1,1,0,0,0,0,62,53,-9,17,12,-5,0,0,0
own_v1,O2,h00012,bundle_default_opt_3,/home/dungbv/clau/result/f3_o2_final_20260815/h00012/h00012_final.02-pointer-opt.ll,/home/dungbv/clau/reports/ir_boundary_own_20260816/artifacts/O2/h00012/bundle_default_opt_3.after.ll,True,2,2,0,15,15,0,109,108,-1,1,1,0,2,2,0,2,2,0,0,0,0,0,0,0,2,2,0,13,13,0,26,26,0,14,13,-1,2,2,0,3,3,0,1,1,0,0,0,0,55,54,-1,10,10,0,0,0,0
own_v1,O2,h00012,bundle_default_opt_4,/home/dungbv/clau/result/f3_o2_final_20260815/h00012/h00012_final.05-unpinned.ll,/home/dungbv/clau/reports/ir_boundary_own_20260816/artifacts/O2/h00012/bundle_default_opt_4.after.ll,True,2,2,0,15,15,0,108,108,0,1,1,0,2,2,0,2,2,0,0,0,0,0,0,0,2,2,0,13,13,0,26,26,0,13,13,0,2,2,0,3,3,0,1,1,0,0,0,0,54,54,0,10,10,0,0,0,0
own_v1,O2,h00012,bundle_post_opt_4_custom_cleanup,/home/dungbv/clau/reports/ir_boundary_own_20260816/artifacts/O2/h00012/bundle_default_opt_4.after.ll,/home/dungbv/clau/result/f3_o2_final_20260815/h00012/h00012_final.ll,True,2,1,-1,15,14,-1,108,107,-1,1,1,0,2,2,0,2,2,0,0,0,0,0,0,0,2,2,0,13,13,0,26,26,0,13,13,0,2,2,0,3,3,0,1,1,0,0,0,0,54,54,0,10,10,0,0,0,0
own_v1,O2,h00013,main_default_opt_1,/home/dungbv/clau/reports/ir_boundary_own_20260816/artifacts/O2/h00013/main_opt_1.before.ll,/home/dungbv/clau/reports/ir_boundary_own_20260816/artifacts/O2/h00013/main_opt_1.after.ll,True,11,2,-9,36,20,-16,739,603,-136,4,3,-1,22,11,-11,20,11,-9,2,0,-2,13,9,-4,5,3,-2,76,59,-17,381,318,-63,59,41,-18,27,31,4,4,4,0,1,1,0,0,0,0,521,421,-100,86,81,-5,0,0,0
own_v1,O2,h00013,main_default_opt_2,/home/dungbv/clau/reports/ir_boundary_own_20260816/artifacts/O2/h00013/main_opt_2.before.ll,/home/dungbv/clau/reports/ir_boundary_own_20260816/artifacts/O2/h00013/main_opt_2.after.ll,True,2,2,0,20,18,-2,158,138,-20,3,1,-2,9,3,-6,9,3,-6,0,0,0,7,1,-6,4,4,0,18,22,4,26,31,5,29,16,-13,2,0,-2,4,4,0,1,1,0,0,0,0,77,73,-4,18,12,-6,0,0,0
own_v1,O2,h00013,bundle_default_opt_3,/home/dungbv/clau/result/f3_o2_final_20260815/h00013/h00013_final.02-pointer-opt.ll,/home/dungbv/clau/reports/ir_boundary_own_20260816/artifacts/O2/h00013/bundle_default_opt_3.after.ll,True,2,2,0,18,18,0,136,135,-1,1,1,0,3,3,0,3,3,0,0,0,0,1,1,0,4,4,0,22,22,0,31,31,0,18,17,-1,0,0,0,4,4,0,1,1,0,0,0,0,75,74,-1,10,10,0,0,0,0
own_v1,O2,h00013,bundle_default_opt_4,/home/dungbv/clau/result/f3_o2_final_20260815/h00013/h00013_final.05-unpinned.ll,/home/dungbv/clau/reports/ir_boundary_own_20260816/artifacts/O2/h00013/bundle_default_opt_4.after.ll,True,2,2,0,18,18,0,135,135,0,1,1,0,3,3,0,3,3,0,0,0,0,1,1,0,4,4,0,22,22,0,31,31,0,17,17,0,0,0,0,4,4,0,1,1,0,0,0,0,74,74,0,10,10,0,0,0,0
own_v1,O2,h00013,bundle_post_opt_4_custom_cleanup,/home/dungbv/clau/reports/ir_boundary_own_20260816/artifacts/O2/h00013/bundle_default_opt_4.after.ll,/home/dungbv/clau/result/f3_o2_final_20260815/h00013/h00013_final.ll,True,2,1,-1,18,17,-1,135,134,-1,1,1,0,3,3,0,3,3,0,0,0,0,1,1,0,4,4,0,22,22,0,31,31,0,17,17,0,0,0,0,4,4,0,1,1,0,0,0,0,74,74,0,10,10,0,0,0,0
own_v1,O2,h00014,main_default_opt_1,/home/dungbv/clau/reports/ir_boundary_own_20260816/artifacts/O2/h00014/main_opt_1.before.ll,/home/dungbv/clau/reports/ir_boundary_own_20260816/artifacts/O2/h00014/main_opt_1.after.ll,True,12,3,-9,61,48,-13,1460,1285,-175,7,6,-1,27,14,-13,25,14,-11,2,0,-2,15,9,-6,5,3,-2,139,117,-22,773,699,-74,39,22,-17,39,51,12,13,13,0,4,4,0,0,0,0,956,841,-115,225,213,-12,0,0,0
own_v1,O2,h00014,main_default_opt_2,/home/dungbv/clau/reports/ir_boundary_own_20260816/artifacts/O2/h00014/main_opt_2.before.ll,/home/dungbv/clau/reports/ir_boundary_own_20260816/artifacts/O2/h00014/main_opt_2.after.ll,True,3,3,0,48,48,0,1256,1259,3,6,6,0,16,10,-6,16,10,-6,0,0,0,11,5,-6,4,4,0,117,123,6,681,685,4,11,10,-1,51,51,0,13,13,0,4,4,0,0,0,0,813,822,9,211,211,0,0,0,0
own_v1,O2,h00014,bundle_default_opt_3,/home/dungbv/clau/result/f3_o2_final_20260815/h00014/h00014_final.02-pointer-opt.ll,/home/dungbv/clau/reports/ir_boundary_own_20260816/artifacts/O2/h00014/bundle_default_opt_3.after.ll,True,3,3,0,48,48,0,1280,1093,-187,6,6,0,9,9,0,9,9,0,0,0,0,4,4,0,4,4,0,131,101,-30,684,547,-137,10,10,0,51,49,-2,13,13,0,4,4,0,0,0,0,829,662,-167,210,207,-3,0,0,0
own_v1,O2,h00014,bundle_default_opt_4,/home/dungbv/clau/result/f3_o2_final_20260815/h00014/h00014_final.05-unpinned.ll,/home/dungbv/clau/reports/ir_boundary_own_20260816/artifacts/O2/h00014/bundle_default_opt_4.after.ll,True,3,3,0,48,48,0,1093,1085,-8,6,6,0,9,9,0,9,9,0,0,0,0,4,4,0,4,4,0,101,101,0,547,539,-8,10,10,0,49,49,0,13,13,0,4,4,0,0,0,0,662,654,-8,207,207,0,0,0,0
own_v1,O2,h00014,bundle_post_opt_4_custom_cleanup,/home/dungbv/clau/reports/ir_boundary_own_20260816/artifacts/O2/h00014/bundle_default_opt_4.after.ll,/home/dungbv/clau/result/f3_o2_final_20260815/h00014/h00014_final.ll,True,3,2,-1,48,47,-1,1085,1084,-1,6,6,0,9,9,0,9,9,0,0,0,0,4,4,0,4,4,0,101,101,0,539,539,0,10,10,0,49,49,0,13,13,0,4,4,0,0,0,0,654,654,0,207,207,0,0,0,0
own_v1,O2,h00015,main_default_opt_1,/home/dungbv/clau/reports/ir_boundary_own_20260816/artifacts/O2/h00015/main_opt_1.before.ll,/home/dungbv/clau/reports/ir_boundary_own_20260816/artifacts/O2/h00015/main_opt_1.after.ll,True,11,2,-9,49,33,-16,1106,967,-139,6,5,-1,32,20,-12,30,20,-10,2,0,-2,20,15,-5,7,5,-2,99,82,-17,539,476,-63,52,35,-17,27,31,4,8,8,0,1,1,0,2,2,0,697,598,-99,169,164,-5,0,0,0
own_v1,O2,h00015,main_default_opt_2,/home/dungbv/clau/reports/ir_boundary_own_20260816/artifacts/O2/h00015/main_opt_2.before.ll,/home/dungbv/clau/reports/ir_boundary_own_20260816/artifacts/O2/h00015/main_opt_2.after.ll,True,2,2,0,33,28,-5,337,235,-102,5,3,-2,11,10,-1,11,10,-1,0,0,0,6,5,-1,4,4,0,23,24,1,60,37,-23,25,21,-4,4,4,0,12,10,-2,1,1,0,2,2,0,112,86,-26,93,54,-39,0,0,0
own_v1,O2,h00015,bundle_default_opt_3,/home/dungbv/clau/result/f3_o2_final_20260815/h00015/h00015_final.02-pointer-opt.ll,/home/dungbv/clau/reports/ir_boundary_own_20260816/artifacts/O2/h00015/bundle_default_opt_3.after.ll,True,2,2,0,28,28,0,227,218,-9,3,3,0,10,11,1,10,11,1,0,0,0,5,6,1,4,4,0,24,23,-1,37,35,-2,33,28,-5,4,4,0,10,10,0,1,1,0,2,2,0,98,90,-8,44,43,-1,0,0,0
own_v1,O2,h00015,bundle_default_opt_4,/home/dungbv/clau/result/f3_o2_final_20260815/h00015/h00015_final.05-unpinned.ll,/home/dungbv/clau/reports/ir_boundary_own_20260816/artifacts/O2/h00015/bundle_default_opt_4.after.ll,True,2,2,0,28,28,0,218,218,0,3,3,0,11,11,0,11,11,0,0,0,0,6,6,0,4,4,0,23,23,0,35,35,0,28,28,0,4,4,0,10,10,0,1,1,0,2,2,0,90,90,0,43,43,0,0,0,0
own_v1,O2,h00015,bundle_post_opt_4_custom_cleanup,/home/dungbv/clau/reports/ir_boundary_own_20260816/artifacts/O2/h00015/bundle_default_opt_4.after.ll,/home/dungbv/clau/result/f3_o2_final_20260815/h00015/h00015_final.ll,True,2,1,-1,28,27,-1,218,217,-1,3,3,0,11,11,0,11,11,0,0,0,0,6,6,0,4,4,0,23,23,0,35,35,0,28,28,0,4,4,0,10,10,0,1,1,0,2,2,0,90,90,0,43,43,0,0,0,0
own_v1,O2,h00016,main_default_opt_1,/home/dungbv/clau/reports/ir_boundary_own_20260816/artifacts/O2/h00016/main_opt_1.before.ll,/home/dungbv/clau/reports/ir_boundary_own_20260816/artifacts/O2/h00016/main_opt_1.after.ll,True,11,2,-9,50,34,-16,1049,911,-138,4,3,-1,28,16,-12,26,16,-10,2,0,-2,18,13,-5,7,5,-2,98,81,-17,567,506,-61,87,70,-17,26,29,3,9,9,0,1,1,0,0,0,0,759,662,-97,120,112,-8,0,0,0
own_v1,O2,h00016,main_default_opt_2,/home/dungbv/clau/reports/ir_boundary_own_20260816/artifacts/O2/h00016/main_opt_2.before.ll,/home/dungbv/clau/reports/ir_boundary_own_20260816/artifacts/O2/h00016/main_opt_2.after.ll,True,2,2,0,34,32,-2,300,243,-57,3,1,-2,9,8,-1,9,8,-1,0,0,0,6,5,-1,4,4,0,26,28,2,65,64,-1,59,31,-28,4,2,-2,12,10,-2,1,1,0,0,0,0,154,127,-27,55,36,-19,0,0,0
own_v1,O2,h00016,bundle_default_opt_3,/home/dungbv/clau/result/f3_o2_final_20260815/h00016/h00016_final.02-pointer-opt.ll,/home/dungbv/clau/reports/ir_boundary_own_20260816/artifacts/O2/h00016/bundle_default_opt_3.after.ll,True,2,2,0,32,32,0,241,240,-1,1,1,0,8,8,0,8,8,0,0,0,0,5,5,0,4,4,0,28,28,0,64,64,0,33,32,-1,2,2,0,10,10,0,1,1,0,0,0,0,129,128,-1,34,34,0,0,0,0
own_v1,O2,h00016,bundle_default_opt_4,/home/dungbv/clau/result/f3_o2_final_20260815/h00016/h00016_final.05-unpinned.ll,/home/dungbv/clau/reports/ir_boundary_own_20260816/artifacts/O2/h00016/bundle_default_opt_4.after.ll,True,2,2,0,32,32,0,240,240,0,1,1,0,8,8,0,8,8,0,0,0,0,5,5,0,4,4,0,28,28,0,64,64,0,32,32,0,2,2,0,10,10,0,1,1,0,0,0,0,128,128,0,34,34,0,0,0,0
own_v1,O2,h00016,bundle_post_opt_4_custom_cleanup,/home/dungbv/clau/reports/ir_boundary_own_20260816/artifacts/O2/h00016/bundle_default_opt_4.after.ll,/home/dungbv/clau/result/f3_o2_final_20260815/h00016/h00016_final.ll,True,2,1,-1,32,31,-1,240,239,-1,1,1,0,8,8,0,8,8,0,0,0,0,5,5,0,4,4,0,28,28,0,64,64,0,32,32,0,2,2,0,10,10,0,1,1,0,0,0,0,128,128,0,34,34,0,0,0,0
own_v1,O2,h00017,main_default_opt_1,/home/dungbv/clau/reports/ir_boundary_own_20260816/artifacts/O2/h00017/main_opt_1.before.ll,/home/dungbv/clau/reports/ir_boundary_own_20260816/artifacts/O2/h00017/main_opt_1.after.ll,True,11,8,-3,45,40,-5,1258,1160,-98,4,4,0,32,25,-7,30,23,-7,2,2,0,19,15,-4,7,5,-2,138,109,-29,590,563,-27,63,41,-22,21,33,12,14,14,0,1,1,0,0,0,0,798,718,-80,186,189,3,0,0,0
own_v1,O2,h00017,main_default_opt_2,/home/dungbv/clau/reports/ir_boundary_own_20260816/artifacts/O2/h00017/main_opt_2.before.ll,/home/dungbv/clau/reports/ir_boundary_own_20260816/artifacts/O2/h00017/main_opt_2.after.ll,True,8,8,0,40,40,0,1294,1247,-47,4,4,0,25,26,1,23,24,1,2,2,0,15,16,1,5,5,0,109,109,0,563,558,-5,69,66,-3,33,33,0,34,34,0,1,1,0,0,0,0,746,738,-8,261,241,-20,0,0,0
own_v1,O2,h00017,bundle_default_opt_3,/home/dungbv/clau/result/f3_o2_final_20260815/h00017/h00017_final.02-pointer-opt.ll,/home/dungbv/clau/reports/ir_boundary_own_20260816/artifacts/O2/h00017/bundle_default_opt_3.after.ll,True,9,9,0,42,42,0,1029,853,-176,4,4,0,36,33,-3,34,31,-3,2,2,0,15,14,-1,5,5,0,108,72,-36,431,307,-124,46,46,0,29,27,-2,14,14,0,1,1,0,0,0,0,590,430,-160,180,173,-7,0,0,0
own_v1,O2,h00017,bundle_default_opt_4,/home/dungbv/clau/result/f3_o2_final_20260815/h00017/h00017_final.05-unpinned.ll,/home/dungbv/clau/reports/ir_boundary_own_20260816/artifacts/O2/h00017/bundle_default_opt_4.after.ll,True,9,9,0,42,42,0,853,844,-9,4,4,0,33,33,0,31,31,0,2,2,0,14,14,0,5,5,0,72,72,0,307,306,-1,46,46,0,27,27,0,14,14,0,1,1,0,0,0,0,430,429,-1,173,169,-4,0,0,0
own_v1,O2,h00017,bundle_post_opt_4_custom_cleanup,/home/dungbv/clau/reports/ir_boundary_own_20260816/artifacts/O2/h00017/bundle_default_opt_4.after.ll,/home/dungbv/clau/result/f3_o2_final_20260815/h00017/h00017_final.ll,True,9,9,0,42,42,0,844,844,0,4,4,0,33,33,0,31,31,0,2,2,0,14,14,0,5,5,0,72,72,0,306,306,0,46,46,0,27,27,0,14,14,0,1,1,0,0,0,0,429,429,0,169,169,0,0,0,0
own_v1,O2,h00018,main_default_opt_1,/home/dungbv/clau/reports/ir_boundary_own_20260816/artifacts/O2/h00018/main_opt_1.before.ll,/home/dungbv/clau/reports/ir_boundary_own_20260816/artifacts/O2/h00018/main_opt_1.after.ll,True,11,8,-3,66,61,-5,1388,1328,-60,4,4,0,19,13,-6,17,11,-6,2,2,0,9,6,-3,3,1,-2,95,93,-2,828,796,-32,94,73,-21,27,39,12,23,23,0,1,1,0,0,0,0,1020,963,-57,162,167,5,0,0,0
own_v1,O2,h00018,main_default_opt_2,/home/dungbv/clau/reports/ir_boundary_own_20260816/artifacts/O2/h00018/main_opt_2.before.ll,/home/dungbv/clau/reports/ir_boundary_own_20260816/artifacts/O2/h00018/main_opt_2.after.ll,True,8,8,0,61,61,0,1329,1316,-13,4,4,0,13,13,0,11,11,0,2,2,0,6,6,0,1,1,0,93,93,0,796,794,-2,75,72,-3,39,39,0,23,23,0,1,1,0,0,0,0,965,960,-5,165,161,-4,0,0,0
own_v1,O2,h00018,bundle_default_opt_3,/home/dungbv/clau/result/f3_o2_final_20260815/h00018/h00018_final.02-pointer-opt.ll,/home/dungbv/clau/reports/ir_boundary_own_20260816/artifacts/O2/h00018/bundle_default_opt_3.after.ll,True,9,9,0,63,63,0,1075,913,-162,4,4,0,14,14,0,12,12,0,2,2,0,5,5,0,1,1,0,93,84,-9,598,446,-152,66,66,0,30,30,0,19,19,0,1,1,0,0,0,0,758,597,-161,128,127,-1,0,0,0
own_v1,O2,h00018,bundle_default_opt_4,/home/dungbv/clau/result/f3_o2_final_20260815/h00018/h00018_final.05-unpinned.ll,/home/dungbv/clau/reports/ir_boundary_own_20260816/artifacts/O2/h00018/bundle_default_opt_4.after.ll,True,9,9,0,63,63,0,913,869,-44,4,4,0,14,14,0,12,12,0,2,2,0,5,5,0,1,1,0,84,84,0,446,402,-44,66,66,0,30,30,0,19,19,0,1,1,0,0,0,0,597,553,-44,127,127,0,0,0,0
own_v1,O2,h00018,bundle_post_opt_4_custom_cleanup,/home/dungbv/clau/reports/ir_boundary_own_20260816/artifacts/O2/h00018/bundle_default_opt_4.after.ll,/home/dungbv/clau/result/f3_o2_final_20260815/h00018/h00018_final.ll,True,9,9,0,63,63,0,869,859,-10,4,4,0,14,14,0,12,12,0,2,2,0,5,5,0,1,1,0,84,84,0,402,392,-10,66,66,0,30,30,0,19,19,0,1,1,0,0,0,0,553,543,-10,127,127,0,0,0,0
own_v1,O2,h00019,main_default_opt_1,/home/dungbv/clau/reports/ir_boundary_own_20260816/artifacts/O2/h00019/main_opt_1.before.ll,/home/dungbv/clau/reports/ir_boundary_own_20260816/artifacts/O2/h00019/main_opt_1.after.ll,True,11,2,-9,57,41,-16,1116,980,-136,4,3,-1,28,16,-12,26,16,-10,2,0,-2,18,13,-5,7,5,-2,104,88,-16,605,544,-61,97,80,-17,26,29,3,12,12,0,1,1,0,0,0,0,813,717,-96,123,116,-7,0,0,0
own_v1,O2,h00019,main_default_opt_2,/home/dungbv/clau/reports/ir_boundary_own_20260816/artifacts/O2/h00019/main_opt_2.before.ll,/home/dungbv/clau/reports/ir_boundary_own_20260816/artifacts/O2/h00019/main_opt_2.after.ll,True,2,2,0,41,39,-2,346,282,-64,3,1,-2,11,8,-3,11,8,-3,0,0,0,8,5,-3,5,5,0,33,37,4,73,74,1,70,33,-37,4,2,-2,15,13,-2,1,1,0,0,0,0,181,149,-32,63,44,-19,0,0,0
own_v1,O2,h00019,bundle_default_opt_3,/home/dungbv/clau/result/f3_o2_final_20260815/h00019/h00019_final.02-pointer-opt.ll,/home/dungbv/clau/reports/ir_boundary_own_20260816/artifacts/O2/h00019/bundle_default_opt_3.after.ll,True,2,2,0,39,39,0,280,279,-1,1,1,0,8,8,0,8,8,0,0,0,0,5,5,0,5,5,0,37,37,0,74,74,0,35,34,-1,2,2,0,13,13,0,1,1,0,0,0,0,151,150,-1,42,42,0,0,0,0
own_v1,O2,h00019,bundle_default_opt_4,/home/dungbv/clau/result/f3_o2_final_20260815/h00019/h00019_final.05-unpinned.ll,/home/dungbv/clau/reports/ir_boundary_own_20260816/artifacts/O2/h00019/bundle_default_opt_4.after.ll,True,2,2,0,39,39,0,279,279,0,1,1,0,8,8,0,8,8,0,0,0,0,5,5,0,5,5,0,37,37,0,74,74,0,34,34,0,2,2,0,13,13,0,1,1,0,0,0,0,150,150,0,42,42,0,0,0,0
own_v1,O2,h00019,bundle_post_opt_4_custom_cleanup,/home/dungbv/clau/reports/ir_boundary_own_20260816/artifacts/O2/h00019/bundle_default_opt_4.after.ll,/home/dungbv/clau/result/f3_o2_final_20260815/h00019/h00019_final.ll,True,2,1,-1,39,38,-1,279,278,-1,1,1,0,8,8,0,8,8,0,0,0,0,5,5,0,5,5,0,37,37,0,74,74,0,34,34,0,2,2,0,13,13,0,1,1,0,0,0,0,150,150,0,42,42,0,0,0,0
own_v1,O2,h00020,main_default_opt_1,/home/dungbv/clau/reports/ir_boundary_own_20260816/artifacts/O2/h00020/main_opt_1.before.ll,/home/dungbv/clau/reports/ir_boundary_own_20260816/artifacts/O2/h00020/main_opt_1.after.ll,True,11,8,-3,52,47,-5,1294,1196,-98,8,8,0,37,26,-11,35,24,-11,2,2,0,24,16,-8,9,5,-4,140,138,-2,660,612,-48,102,68,-34,27,39,12,10,10,0,1,1,0,0,0,0,911,823,-88,158,161,3,0,0,0
own_v1,O2,h00020,main_default_opt_2,/home/dungbv/clau/reports/ir_boundary_own_20260816/artifacts/O2/h00020/main_opt_2.before.ll,/home/dungbv/clau/reports/ir_boundary_own_20260816/artifacts/O2/h00020/main_opt_2.after.ll,True,8,8,0,47,47,0,1120,1120,0,8,8,0,20,18,-2,18,16,-2,2,2,0,10,8,-2,2,2,0,138,140,2,576,577,1,40,39,-1,39,39,0,10,10,0,1,1,0,0,0,0,756,758,2,159,159,0,0,0,0
own_v1,O2,h00020,bundle_default_opt_3,/home/dungbv/clau/result/f3_o2_final_20260815/h00020/h00020_final.02-pointer-opt.ll,/home/dungbv/clau/reports/ir_boundary_own_20260816/artifacts/O2/h00020/bundle_default_opt_3.after.ll,True,8,8,0,47,47,0,1082,878,-204,8,8,0,17,17,0,15,15,0,2,2,0,7,7,0,2,2,0,140,92,-48,543,395,-148,39,39,0,37,35,-2,10,10,0,1,1,0,0,0,0,724,528,-196,156,152,-4,0,0,0
own_v1,O2,h00020,bundle_default_opt_4,/home/dungbv/clau/result/f3_o2_final_20260815/h00020/h00020_final.05-unpinned.ll,/home/dungbv/clau/reports/ir_boundary_own_20260816/artifacts/O2/h00020/bundle_default_opt_4.after.ll,True,8,8,0,47,47,0,878,865,-13,8,8,0,17,17,0,15,15,0,2,2,0,7,7,0,2,2,0,92,92,0,395,382,-13,39,39,0,35,35,0,10,10,0,1,1,0,0,0,0,528,515,-13,152,152,0,0,0,0
own_v1,O2,h00020,bundle_post_opt_4_custom_cleanup,/home/dungbv/clau/reports/ir_boundary_own_20260816/artifacts/O2/h00020/bundle_default_opt_4.after.ll,/home/dungbv/clau/result/f3_o2_final_20260815/h00020/h00020_final.ll,True,8,8,0,47,47,0,865,865,0,8,8,0,17,17,0,15,15,0,2,2,0,7,7,0,2,2,0,92,92,0,382,382,0,39,39,0,35,35,0,10,10,0,1,1,0,0,0,0,515,515,0,152,152,0,0,0,0
own_v1,O2,h00021,main_default_opt_1,/home/dungbv/clau/reports/ir_boundary_own_20260816/artifacts/O2/h00021/main_opt_1.before.ll,/home/dungbv/clau/reports/ir_boundary_own_20260816/artifacts/O2/h00021/main_opt_1.after.ll,True,11,8,-3,49,44,-5,1248,1088,-160,8,8,0,39,28,-11,37,26,-11,2,2,0,22,14,-8,9,5,-4,157,112,-45,567,516,-51,110,66,-44,20,31,11,20,20,0,2,2,0,0,0,0,843,699,-144,171,177,6,0,0,0
own_v1,O2,h00021,main_default_opt_2,/home/dungbv/clau/reports/ir_boundary_own_20260816/artifacts/O2/h00021/main_opt_2.before.ll,/home/dungbv/clau/reports/ir_boundary_own_20260816/artifacts/O2/h00021/main_opt_2.after.ll,True,8,8,0,44,44,0,1000,991,-9,8,8,0,20,20,0,18,18,0,2,2,0,6,6,0,1,1,0,112,112,0,480,478,-2,51,44,-7,31,31,0,20,20,0,2,2,0,0,0,0,644,635,-9,162,162,0,0,0,0
own_v1,O2,h00021,bundle_default_opt_3,/home/dungbv/clau/result/f3_o2_final_20260815/h00021/h00021_final.02-pointer-opt.ll,/home/dungbv/clau/reports/ir_boundary_own_20260816/artifacts/O2/h00021/bundle_default_opt_3.after.ll,True,8,8,0,44,44,0,840,713,-127,8,8,0,19,18,-1,17,16,-1,2,2,0,5,4,-1,1,1,0,111,71,-40,352,275,-77,44,44,0,25,25,0,20,20,0,2,2,0,0,0,0,508,391,-117,139,136,-3,0,0,0
own_v1,O2,h00021,bundle_default_opt_4,/home/dungbv/clau/result/f3_o2_final_20260815/h00021/h00021_final.05-unpinned.ll,/home/dungbv/clau/reports/ir_boundary_own_20260816/artifacts/O2/h00021/bundle_default_opt_4.after.ll,True,8,8,0,44,44,0,713,709,-4,8,8,0,18,18,0,16,16,0,2,2,0,4,4,0,1,1,0,71,71,0,275,274,-1,44,44,0,25,25,0,20,20,0,2,2,0,0,0,0,391,390,-1,136,134,-2,0,0,0
own_v1,O2,h00021,bundle_post_opt_4_custom_cleanup,/home/dungbv/clau/reports/ir_boundary_own_20260816/artifacts/O2/h00021/bundle_default_opt_4.after.ll,/home/dungbv/clau/result/f3_o2_final_20260815/h00021/h00021_final.ll,True,8,8,0,44,44,0,709,709,0,8,8,0,18,18,0,16,16,0,2,2,0,4,4,0,1,1,0,71,71,0,274,274,0,44,44,0,25,25,0,20,20,0,2,2,0,0,0,0,390,390,0,134,134,0,0,0,0
own_v1,O2,h00022,main_default_opt_1,/home/dungbv/clau/reports/ir_boundary_own_20260816/artifacts/O2/h00022/main_opt_1.before.ll,/home/dungbv/clau/reports/ir_boundary_own_20260816/artifacts/O2/h00022/main_opt_1.after.ll,True,12,3,-9,26,10,-16,647,499,-148,2,1,-1,26,14,-12,24,14,-10,2,0,-2,15,10,-5,5,3,-2,90,73,-17,291,230,-61,41,23,-18,22,14,-8,1,1,0,1,1,0,0,0,0,427,329,-98,90,72,-18,0,0,0
own_v1,O2,h00022,main_default_opt_2,/home/dungbv/clau/reports/ir_boundary_own_20260816/artifacts/O2/h00022/main_opt_2.before.ll,/home/dungbv/clau/reports/ir_boundary_own_20260816/artifacts/O2/h00022/main_opt_2.after.ll,True,3,3,0,10,10,0,462,463,1,1,1,0,12,10,-2,12,10,-2,0,0,0,8,6,-2,2,2,0,73,75,2,212,214,2,10,9,-1,14,14,0,1,1,0,1,1,0,0,0,0,297,300,3,70,70,0,0,0,0
own_v1,O2,h00022,bundle_default_opt_3,/home/dungbv/clau/result/f3_o2_final_20260815/h00022/h00022_final.02-pointer-opt.ll,/home/dungbv/clau/reports/ir_boundary_own_20260816/artifacts/O2/h00022/bundle_default_opt_3.after.ll,True,3,3,0,10,10,0,460,208,-252,1,1,0,9,5,-4,9,5,-4,0,0,0,5,1,-4,2,2,0,75,25,-50,213,99,-114,9,9,0,14,7,-7,1,1,0,1,1,0,0,0,0,299,135,-164,69,26,-43,0,0,0
own_v1,O2,h00022,bundle_default_opt_4,/home/dungbv/clau/result/f3_o2_final_20260815/h00022/h00022_final.05-unpinned.ll,/home/dungbv/clau/reports/ir_boundary_own_20260816/artifacts/O2/h00022/bundle_default_opt_4.after.ll,True,3,3,0,10,10,0,208,207,-1,1,1,0,5,5,0,5,5,0,0,0,0,1,1,0,2,2,0,25,25,0,99,98,-1,9,9,0,7,7,0,1,1,0,1,1,0,0,0,0,135,134,-1,26,26,0,0,0,0
own_v1,O2,h00022,bundle_post_opt_4_custom_cleanup,/home/dungbv/clau/reports/ir_boundary_own_20260816/artifacts/O2/h00022/bundle_default_opt_4.after.ll,/home/dungbv/clau/result/f3_o2_final_20260815/h00022/h00022_final.ll,True,3,2,-1,10,9,-1,207,205,-2,1,1,0,5,5,0,5,5,0,0,0,0,1,1,0,2,2,0,25,25,0,98,97,-1,9,9,0,7,7,0,1,1,0,1,1,0,0,0,0,134,133,-1,26,26,0,0,0,0
own_v1,O2,h00023,main_default_opt_1,/home/dungbv/clau/reports/ir_boundary_own_20260816/artifacts/O2/h00023/main_opt_1.before.ll,/home/dungbv/clau/reports/ir_boundary_own_20260816/artifacts/O2/h00023/main_opt_1.after.ll,True,11,2,-9,55,39,-16,1285,1148,-137,5,4,-1,30,18,-12,28,18,-10,2,0,-2,19,14,-5,7,5,-2,112,95,-17,660,599,-61,52,35,-17,27,31,4,10,10,0,1,1,0,1,1,0,831,734,-97,189,183,-6,0,0,0
own_v1,O2,h00023,main_default_opt_2,/home/dungbv/clau/reports/ir_boundary_own_20260816/artifacts/O2/h00023/main_opt_2.before.ll,/home/dungbv/clau/reports/ir_boundary_own_20260816/artifacts/O2/h00023/main_opt_2.after.ll,True,2,2,0,39,34,-5,431,299,-132,4,2,-2,10,9,-1,10,9,-1,0,0,0,6,5,-1,4,4,0,36,37,1,73,43,-30,25,21,-4,4,4,0,14,12,-2,1,1,0,1,1,0,138,105,-33,121,72,-49,0,0,0
own_v1,O2,h00023,bundle_default_opt_3,/home/dungbv/clau/result/f3_o2_final_20260815/h00023/h00023_final.02-pointer-opt.ll,/home/dungbv/clau/reports/ir_boundary_own_20260816/artifacts/O2/h00023/bundle_default_opt_3.after.ll,True,2,2,0,34,34,0,286,277,-9,2,2,0,9,9,0,9,9,0,0,0,0,5,5,0,4,4,0,37,37,0,43,43,0,49,40,-9,4,4,0,12,12,0,1,1,0,1,1,0,133,124,-9,51,51,0,0,0,0
own_v1,O2,h00023,bundle_default_opt_4,/home/dungbv/clau/result/f3_o2_final_20260815/h00023/h00023_final.05-unpinned.ll,/home/dungbv/clau/reports/ir_boundary_own_20260816/artifacts/O2/h00023/bundle_default_opt_4.after.ll,True,2,2,0,34,34,0,277,277,0,2,2,0,9,9,0,9,9,0,0,0,0,5,5,0,4,4,0,37,37,0,43,43,0,40,40,0,4,4,0,12,12,0,1,1,0,1,1,0,124,124,0,51,51,0,0,0,0
own_v1,O2,h00023,bundle_post_opt_4_custom_cleanup,/home/dungbv/clau/reports/ir_boundary_own_20260816/artifacts/O2/h00023/bundle_default_opt_4.after.ll,/home/dungbv/clau/result/f3_o2_final_20260815/h00023/h00023_final.ll,True,2,1,-1,34,33,-1,277,276,-1,2,2,0,9,9,0,9,9,0,0,0,0,5,5,0,4,4,0,37,37,0,43,43,0,40,40,0,4,4,0,12,12,0,1,1,0,1,1,0,124,124,0,51,51,0,0,0,0
own_v1,O2,h00024,main_default_opt_1,/home/dungbv/clau/reports/ir_boundary_own_20260816/artifacts/O2/h00024/main_opt_1.before.ll,/home/dungbv/clau/reports/ir_boundary_own_20260816/artifacts/O2/h00024/main_opt_1.after.ll,True,11,8,-3,33,28,-5,869,780,-89,2,2,0,24,13,-11,22,11,-11,2,2,0,13,5,-8,5,1,-4,93,91,-2,436,393,-43,68,36,-32,19,30,11,10,10,0,1,1,0,0,0,0,602,521,-81,119,125,6,0,0,0
own_v1,O2,h00024,main_default_opt_2,/home/dungbv/clau/reports/ir_boundary_own_20260816/artifacts/O2/h00024/main_opt_2.before.ll,/home/dungbv/clau/reports/ir_boundary_own_20260816/artifacts/O2/h00024/main_opt_2.after.ll,True,8,8,0,28,28,0,785,760,-25,2,2,0,13,13,0,11,11,0,2,2,0,5,5,0,1,1,0,91,91,0,393,379,-14,38,35,-3,32,32,0,10,10,0,1,1,0,0,0,0,523,506,-17,127,123,-4,0,0,0
own_v1,O2,h00024,bundle_default_opt_3,/home/dungbv/clau/result/f3_o2_final_20260815/h00024/h00024_final.02-pointer-opt.ll,/home/dungbv/clau/reports/ir_boundary_own_20260816/artifacts/O2/h00024/bundle_default_opt_3.after.ll,True,9,9,0,30,30,0,654,571,-83,2,2,0,14,14,0,12,12,0,2,2,0,4,4,0,1,1,0,91,71,-20,304,242,-62,29,29,0,26,26,0,6,6,0,1,1,0,0,0,0,425,343,-82,102,101,-1,0,0,0
own_v1,O2,h00024,bundle_default_opt_4,/home/dungbv/clau/result/f3_o2_final_20260815/h00024/h00024_final.05-unpinned.ll,/home/dungbv/clau/reports/ir_boundary_own_20260816/artifacts/O2/h00024/bundle_default_opt_4.after.ll,True,9,9,0,30,30,0,571,571,0,2,2,0,14,14,0,12,12,0,2,2,0,4,4,0,1,1,0,71,71,0,242,242,0,29,29,0,26,26,0,6,6,0,1,1,0,0,0,0,343,343,0,101,101,0,0,0,0
own_v1,O2,h00024,bundle_post_opt_4_custom_cleanup,/home/dungbv/clau/reports/ir_boundary_own_20260816/artifacts/O2/h00024/bundle_default_opt_4.after.ll,/home/dungbv/clau/result/f3_o2_final_20260815/h00024/h00024_final.ll,True,9,9,0,30,30,0,571,571,0,2,2,0,14,14,0,12,12,0,2,2,0,4,4,0,1,1,0,71,71,0,242,242,0,29,29,0,26,26,0,6,6,0,1,1,0,0,0,0,343,343,0,101,101,0,0,0,0
own_v1,O2,h00025,main_default_opt_1,/home/dungbv/clau/reports/ir_boundary_own_20260816/artifacts/O2/h00025/main_opt_1.before.ll,/home/dungbv/clau/reports/ir_boundary_own_20260816/artifacts/O2/h00025/main_opt_1.after.ll,True,11,8,-3,47,42,-5,1194,1141,-53,5,5,0,28,21,-7,26,19,-7,2,2,0,17,13,-4,7,5,-2,111,109,-2,695,667,-28,94,76,-18,30,43,13,10,10,0,2,2,0,0,0,0,907,857,-50,123,129,6,0,0,0
own_v1,O2,h00025,main_default_opt_2,/home/dungbv/clau/reports/ir_boundary_own_20260816/artifacts/O2/h00025/main_opt_2.before.ll,/home/dungbv/clau/reports/ir_boundary_own_20260816/artifacts/O2/h00025/main_opt_2.after.ll,True,8,8,0,42,42,0,1065,1066,1,5,5,0,15,13,-2,13,11,-2,2,2,0,7,5,-2,2,2,0,109,111,2,631,633,2,48,47,-1,43,43,0,10,10,0,2,2,0,0,0,0,790,793,3,127,127,0,0,0,0
own_v1,O2,h00025,bundle_default_opt_3,/home/dungbv/clau/result/f3_o2_final_20260815/h00025/h00025_final.02-pointer-opt.ll,/home/dungbv/clau/reports/ir_boundary_own_20260816/artifacts/O2/h00025/bundle_default_opt_3.after.ll,True,8,8,0,42,42,0,949,756,-193,5,5,0,12,12,0,10,10,0,2,2,0,4,4,0,2,2,0,111,78,-33,528,371,-157,47,47,0,37,35,-2,10,10,0,2,2,0,0,0,0,688,498,-190,117,114,-3,0,0,0
own_v1,O2,h00025,bundle_default_opt_4,/home/dungbv/clau/result/f3_o2_final_20260815/h00025/h00025_final.05-unpinned.ll,/home/dungbv/clau/reports/ir_boundary_own_20260816/artifacts/O2/h00025/bundle_default_opt_4.after.ll,True,8,8,0,42,42,0,756,734,-22,5,5,0,12,12,0,10,10,0,2,2,0,4,4,0,2,2,0,78,78,0,371,349,-22,47,47,0,35,35,0,10,10,0,2,2,0,0,0,0,498,476,-22,114,114,0,0,0,0
own_v1,O2,h00025,bundle_post_opt_4_custom_cleanup,/home/dungbv/clau/reports/ir_boundary_own_20260816/artifacts/O2/h00025/bundle_default_opt_4.after.ll,/home/dungbv/clau/result/f3_o2_final_20260815/h00025/h00025_final.ll,True,8,8,0,42,42,0,734,729,-5,5,5,0,12,12,0,10,10,0,2,2,0,4,4,0,2,2,0,78,78,0,349,344,-5,47,47,0,35,35,0,10,10,0,2,2,0,0,0,0,476,471,-5,114,114,0,0,0,0
own_v1,O2,h00026,main_default_opt_1,/home/dungbv/clau/reports/ir_boundary_own_20260816/artifacts/O2/h00026/main_opt_1.before.ll,/home/dungbv/clau/reports/ir_boundary_own_20260816/artifacts/O2/h00026/main_opt_1.after.ll,True,11,8,-3,84,79,-5,1644,1584,-60,6,6,0,28,21,-7,26,19,-7,2,2,0,17,13,-4,7,5,-2,128,123,-5,982,950,-32,120,104,-16,26,37,11,23,23,0,2,2,0,0,0,0,1237,1182,-55,160,164,4,0,0,0
own_v1,O2,h00026,main_default_opt_2,/home/dungbv/clau/reports/ir_boundary_own_20260816/artifacts/O2/h00026/main_opt_2.before.ll,/home/dungbv/clau/reports/ir_boundary_own_20260816/artifacts/O2/h00026/main_opt_2.after.ll,True,8,8,0,79,79,0,1604,1572,-32,6,6,0,17,17,0,15,15,0,2,2,0,9,9,0,3,3,0,123,116,-7,932,923,-9,98,102,4,37,37,0,31,31,0,2,2,0,0,0,0,1156,1144,-12,198,188,-10,0,0,0
own_v1,O2,h00026,bundle_default_opt_3,/home/dungbv/clau/result/f3_o2_final_20260815/h00026/h00026_final.02-pointer-opt.ll,/home/dungbv/clau/reports/ir_boundary_own_20260816/artifacts/O2/h00026/bundle_default_opt_3.after.ll,True,9,2,-7,81,68,-13,1159,905,-254,6,5,-1,17,12,-5,15,12,-3,2,0,-2,8,8,0,3,3,0,113,73,-40,590,424,-166,92,88,-4,28,20,-8,23,21,-2,2,2,0,0,0,0,798,588,-210,134,116,-18,0,0,0
own_v1,O2,h00026,bundle_default_opt_4,/home/dungbv/clau/result/f3_o2_final_20260815/h00026/h00026_final.05-unpinned.ll,/home/dungbv/clau/reports/ir_boundary_own_20260816/artifacts/O2/h00026/bundle_default_opt_4.after.ll,True,2,2,0,68,68,0,905,840,-65,5,5,0,12,12,0,12,12,0,0,0,0,8,8,0,3,3,0,73,73,0,424,361,-63,88,88,0,20,20,0,21,21,0,2,2,0,0,0,0,588,525,-63,116,116,0,0,0,0
own_v1,O2,h00026,bundle_post_opt_4_custom_cleanup,/home/dungbv/clau/reports/ir_boundary_own_20260816/artifacts/O2/h00026/bundle_default_opt_4.after.ll,/home/dungbv/clau/result/f3_o2_final_20260815/h00026/h00026_final.ll,True,2,1,-1,68,67,-1,840,839,-1,5,5,0,12,12,0,12,12,0,0,0,0,8,8,0,3,3,0,73,73,0,361,361,0,88,88,0,20,20,0,21,21,0,2,2,0,0,0,0,525,525,0,116,116,0,0,0,0
own_v1,O2,h00027,main_default_opt_1,/home/dungbv/clau/reports/ir_boundary_own_20260816/artifacts/O2/h00027/main_opt_1.before.ll,/home/dungbv/clau/reports/ir_boundary_own_20260816/artifacts/O2/h00027/main_opt_1.after.ll,True,11,8,-3,85,80,-5,1656,1546,-110,6,6,0,35,24,-11,33,22,-11,2,2,0,22,14,-8,9,5,-4,148,145,-3,933,874,-59,137,105,-32,26,37,11,24,24,0,3,3,0,0,0,0,1227,1129,-98,174,176,2,0,0,0
own_v1,O2,h00027,main_default_opt_2,/home/dungbv/clau/reports/ir_boundary_own_20260816/artifacts/O2/h00027/main_opt_2.before.ll,/home/dungbv/clau/reports/ir_boundary_own_20260816/artifacts/O2/h00027/main_opt_2.after.ll,True,8,8,0,80,80,0,1566,1533,-33,6,6,0,20,20,0,18,18,0,2,2,0,10,10,0,3,3,0,145,137,-8,856,843,-13,99,107,8,37,37,0,32,32,0,3,3,0,0,0,0,1103,1090,-13,210,200,-10,0,0,0
own_v1,O2,h00027,bundle_default_opt_3,/home/dungbv/clau/result/f3_o2_final_20260815/h00027/h00027_final.02-pointer-opt.ll,/home/dungbv/clau/reports/ir_boundary_own_20260816/artifacts/O2/h00027/bundle_default_opt_3.after.ll,True,9,9,0,82,82,0,1219,1065,-154,6,6,0,24,23,-1,22,21,-1,2,2,0,9,9,0,3,3,0,135,94,-41,622,511,-111,87,87,0,28,28,0,22,22,0,3,3,0,0,0,0,847,695,-152,138,137,-1,0,0,0
own_v1,O2,h00027,bundle_default_opt_4,/home/dungbv/clau/result/f3_o2_final_20260815/h00027/h00027_final.05-unpinned.ll,/home/dungbv/clau/reports/ir_boundary_own_20260816/artifacts/O2/h00027/bundle_default_opt_4.after.ll,True,9,9,0,82,82,0,1065,1058,-7,6,6,0,23,23,0,21,21,0,2,2,0,9,9,0,3,3,0,94,94,0,511,504,-7,87,87,0,28,28,0,22,22,0,3,3,0,0,0,0,695,688,-7,137,137,0,0,0,0
own_v1,O2,h00027,bundle_post_opt_4_custom_cleanup,/home/dungbv/clau/reports/ir_boundary_own_20260816/artifacts/O2/h00027/bundle_default_opt_4.after.ll,/home/dungbv/clau/result/f3_o2_final_20260815/h00027/h00027_final.ll,True,9,9,0,82,82,0,1058,1056,-2,6,6,0,23,21,-2,21,19,-2,2,2,0,9,9,0,3,3,0,94,94,0,504,504,0,87,89,2,28,28,0,22,22,0,3,3,0,0,0,0,688,690,2,137,137,0,0,0,0
own_v1,O2,h00028,main_default_opt_1,/home/dungbv/clau/reports/ir_boundary_own_20260816/artifacts/O2/h00028/main_opt_1.before.ll,/home/dungbv/clau/reports/ir_boundary_own_20260816/artifacts/O2/h00028/main_opt_1.after.ll,True,11,2,-9,75,59,-16,1640,1494,-146,3,2,-1,28,17,-11,26,17,-9,2,0,-2,18,14,-4,7,5,-2,138,122,-16,949,882,-67,134,114,-20,19,22,3,20,20,0,2,2,0,0,0,0,1228,1123,-105,167,159,-8,0,0,0
own_v1,O2,h00028,main_default_opt_2,/home/dungbv/clau/reports/ir_boundary_own_20260816/artifacts/O2/h00028/main_opt_2.before.ll,/home/dungbv/clau/reports/ir_boundary_own_20260816/artifacts/O2/h00028/main_opt_2.after.ll,True,2,2,0,59,59,0,551,456,-95,2,2,0,12,9,-3,12,9,-3,0,0,0,9,6,-3,5,5,0,67,67,0,110,110,0,103,44,-59,4,2,-2,22,20,-2,2,2,0,0,0,0,285,226,-59,104,88,-16,0,0,0
own_v1,O2,h00028,bundle_default_opt_3,/home/dungbv/clau/result/f3_o2_final_20260815/h00028/h00028_final.02-pointer-opt.ll,/home/dungbv/clau/reports/ir_boundary_own_20260816/artifacts/O2/h00028/bundle_default_opt_3.after.ll,True,2,2,0,59,59,0,454,453,-1,2,2,0,9,9,0,9,9,0,0,0,0,6,6,0,5,5,0,67,67,0,110,110,0,46,45,-1,2,2,0,20,20,0,2,2,0,0,0,0,228,227,-1,86,86,0,0,0,0
own_v1,O2,h00028,bundle_default_opt_4,/home/dungbv/clau/result/f3_o2_final_20260815/h00028/h00028_final.05-unpinned.ll,/home/dungbv/clau/reports/ir_boundary_own_20260816/artifacts/O2/h00028/bundle_default_opt_4.after.ll,True,2,2,0,59,59,0,453,453,0,2,2,0,9,9,0,9,9,0,0,0,0,6,6,0,5,5,0,67,67,0,110,110,0,45,45,0,2,2,0,20,20,0,2,2,0,0,0,0,227,227,0,86,86,0,0,0,0
own_v1,O2,h00028,bundle_post_opt_4_custom_cleanup,/home/dungbv/clau/reports/ir_boundary_own_20260816/artifacts/O2/h00028/bundle_default_opt_4.after.ll,/home/dungbv/clau/result/f3_o2_final_20260815/h00028/h00028_final.ll,True,2,1,-1,59,58,-1,453,452,-1,2,2,0,9,9,0,9,9,0,0,0,0,6,6,0,5,5,0,67,67,0,110,110,0,45,45,0,2,2,0,20,20,0,2,2,0,0,0,0,227,227,0,86,86,0,0,0,0
own_v1,O2,h00029,main_default_opt_1,/home/dungbv/clau/reports/ir_boundary_own_20260816/artifacts/O2/h00029/main_opt_1.before.ll,/home/dungbv/clau/reports/ir_boundary_own_20260816/artifacts/O2/h00029/main_opt_1.after.ll,True,12,9,-3,92,88,-4,2071,1982,-89,17,17,0,44,37,-7,42,35,-7,2,2,0,27,23,-4,9,7,-2,211,183,-28,1058,1032,-26,148,118,-30,30,45,15,33,33,0,6,6,0,0,0,0,1426,1340,-86,288,294,6,0,0,0
own_v1,O2,h00029,main_default_opt_2,/home/dungbv/clau/reports/ir_boundary_own_20260816/artifacts/O2/h00029/main_opt_2.before.ll,/home/dungbv/clau/reports/ir_boundary_own_20260816/artifacts/O2/h00029/main_opt_2.after.ll,True,9,9,0,88,88,0,2021,1996,-25,17,17,0,35,33,-2,33,31,-2,2,2,0,21,19,-2,6,6,0,183,185,2,1014,1016,2,125,122,-3,45,45,0,45,45,0,6,6,0,0,0,0,1328,1329,1,330,318,-12,0,0,0
own_v1,O2,h00029,bundle_default_opt_3,/home/dungbv/clau/result/f3_o2_final_20260815/h00029/h00029_final.02-pointer-opt.ll,/home/dungbv/clau/reports/ir_boundary_own_20260816/artifacts/O2/h00029/bundle_default_opt_3.after.ll,True,10,10,0,90,90,0,1946,1688,-258,17,17,0,41,41,0,39,39,0,2,2,0,18,18,0,6,6,0,190,137,-53,1015,813,-202,106,106,0,45,45,0,29,29,0,6,6,0,0,0,0,1317,1062,-255,277,276,-1,0,0,0
own_v1,O2,h00029,bundle_default_opt_4,/home/dungbv/clau/result/f3_o2_final_20260815/h00029/h00029_final.05-unpinned.ll,/home/dungbv/clau/reports/ir_boundary_own_20260816/artifacts/O2/h00029/bundle_default_opt_4.after.ll,True,10,10,0,90,90,0,1688,1676,-12,17,17,0,41,41,0,39,39,0,2,2,0,18,18,0,6,6,0,137,137,0,813,801,-12,106,106,0,45,45,0,29,29,0,6,6,0,0,0,0,1062,1050,-12,276,276,0,0,0,0
own_v1,O2,h00029,bundle_post_opt_4_custom_cleanup,/home/dungbv/clau/reports/ir_boundary_own_20260816/artifacts/O2/h00029/bundle_default_opt_4.after.ll,/home/dungbv/clau/result/f3_o2_final_20260815/h00029/h00029_final.ll,True,10,10,0,90,90,0,1676,1675,-1,17,17,0,41,41,0,39,39,0,2,2,0,18,18,0,6,6,0,137,137,0,801,800,-1,106,106,0,45,45,0,29,29,0,6,6,0,0,0,0,1050,1049,-1,276,276,0,0,0,0
own_v1,O2,h00030,main_default_opt_1,/home/dungbv/clau/reports/ir_boundary_own_20260816/artifacts/O2/h00030/main_opt_1.before.ll,/home/dungbv/clau/reports/ir_boundary_own_20260816/artifacts/O2/h00030/main_opt_1.after.ll,True,11,2,-9,114,98,-16,2078,1942,-136,8,7,-1,34,22,-12,32,22,-10,2,0,-2,23,18,-5,9,7,-2,164,147,-17,1205,1144,-61,155,138,-17,26,29,3,30,30,0,3,3,0,0,0,0,1533,1436,-97,213,206,-7,0,0,0
own_v1,O2,h00030,main_default_opt_2,/home/dungbv/clau/reports/ir_boundary_own_20260816/artifacts/O2/h00030/main_opt_2.before.ll,/home/dungbv/clau/reports/ir_boundary_own_20260816/artifacts/O2/h00030/main_opt_2.after.ll,True,2,2,0,98,93,-5,640,556,-84,7,2,-5,10,4,-6,10,4,-6,0,0,0,6,0,-6,4,4,0,75,81,6,122,128,6,93,31,-62,2,0,-2,30,30,0,3,2,-1,0,0,0,294,244,-50,112,101,-11,0,0,0
own_v1,O2,h00030,bundle_default_opt_3,/home/dungbv/clau/result/f3_o2_final_20260815/h00030/h00030_final.02-pointer-opt.ll,/home/dungbv/clau/reports/ir_boundary_own_20260816/artifacts/O2/h00030/bundle_default_opt_3.after.ll,True,2,2,0,93,93,0,549,548,-1,2,2,0,4,4,0,4,4,0,0,0,0,0,0,0,4,4,0,81,81,0,128,128,0,38,37,-1,0,0,0,30,30,0,2,2,0,0,0,0,251,250,-1,94,94,0,0,0,0
own_v1,O2,h00030,bundle_default_opt_4,/home/dungbv/clau/result/f3_o2_final_20260815/h00030/h00030_final.05-unpinned.ll,/home/dungbv/clau/reports/ir_boundary_own_20260816/artifacts/O2/h00030/bundle_default_opt_4.after.ll,True,2,2,0,93,93,0,548,548,0,2,2,0,4,4,0,4,4,0,0,0,0,0,0,0,4,4,0,81,81,0,128,128,0,37,37,0,0,0,0,30,30,0,2,2,0,0,0,0,250,250,0,94,94,0,0,0,0
own_v1,O2,h00030,bundle_post_opt_4_custom_cleanup,/home/dungbv/clau/reports/ir_boundary_own_20260816/artifacts/O2/h00030/bundle_default_opt_4.after.ll,/home/dungbv/clau/result/f3_o2_final_20260815/h00030/h00030_final.ll,True,2,1,-1,93,92,-1,548,547,-1,2,2,0,4,4,0,4,4,0,0,0,0,0,0,0,4,4,0,81,81,0,128,128,0,37,37,0,0,0,0,30,30,0,2,2,0,0,0,0,250,250,0,94,94,0,0,0,0
own_v1,O2,h00031,main_default_opt_1,/home/dungbv/clau/reports/ir_boundary_own_20260816/artifacts/O2/h00031/main_opt_1.before.ll,/home/dungbv/clau/reports/ir_boundary_own_20260816/artifacts/O2/h00031/main_opt_1.after.ll,True,11,8,-3,78,73,-5,1684,1602,-82,10,10,0,38,31,-7,36,29,-7,2,2,0,24,20,-4,9,7,-2,151,123,-28,938,913,-25,133,111,-22,27,39,12,22,22,0,4,4,0,0,0,0,1231,1154,-77,193,197,4,0,0,0
own_v1,O2,h00031,main_default_opt_2,/home/dungbv/clau/reports/ir_boundary_own_20260816/artifacts/O2/h00031/main_opt_2.before.ll,/home/dungbv/clau/reports/ir_boundary_own_20260816/artifacts/O2/h00031/main_opt_2.after.ll,True,8,8,0,73,73,0,1478,1470,-8,10,10,0,21,20,-1,19,18,-1,2,2,0,10,9,-1,2,2,0,123,125,2,859,857,-2,78,71,-7,39,39,0,22,22,0,4,4,0,0,0,0,1062,1055,-7,185,185,0,0,0,0
own_v1,O2,h00031,bundle_default_opt_3,/home/dungbv/clau/result/f3_o2_final_20260815/h00031/h00031_final.02-pointer-opt.ll,/home/dungbv/clau/reports/ir_boundary_own_20260816/artifacts/O2/h00031/bundle_default_opt_3.after.ll,True,8,8,0,73,73,0,1288,1135,-153,10,10,0,19,19,0,17,17,0,2,2,0,8,8,0,2,2,0,124,88,-36,697,581,-116,70,70,0,33,33,0,22,22,0,4,4,0,0,0,0,893,741,-152,167,166,-1,0,0,0
own_v1,O2,h00031,bundle_default_opt_4,/home/dungbv/clau/result/f3_o2_final_20260815/h00031/h00031_final.05-unpinned.ll,/home/dungbv/clau/reports/ir_boundary_own_20260816/artifacts/O2/h00031/bundle_default_opt_4.after.ll,True,8,8,0,73,73,0,1135,1124,-11,10,10,0,19,19,0,17,17,0,2,2,0,8,8,0,2,2,0,88,88,0,581,570,-11,70,70,0,33,33,0,22,22,0,4,4,0,0,0,0,741,730,-11,166,166,0,0,0,0
own_v1,O2,h00031,bundle_post_opt_4_custom_cleanup,/home/dungbv/clau/reports/ir_boundary_own_20260816/artifacts/O2/h00031/bundle_default_opt_4.after.ll,/home/dungbv/clau/result/f3_o2_final_20260815/h00031/h00031_final.ll,True,8,8,0,73,73,0,1124,1122,-2,10,10,0,19,19,0,17,17,0,2,2,0,8,8,0,2,2,0,88,88,0,570,568,-2,70,70,0,33,33,0,22,22,0,4,4,0,0,0,0,730,728,-2,166,166,0,0,0,0
own_v1,O2,h00032,main_default_opt_1,/home/dungbv/clau/reports/ir_boundary_own_20260816/artifacts/O2/h00032/main_opt_1.before.ll,/home/dungbv/clau/reports/ir_boundary_own_20260816/artifacts/O2/h00032/main_opt_1.after.ll,True,11,8,-3,73,68,-5,1171,1124,-47,5,5,0,18,11,-7,16,9,-7,2,2,0,9,5,-4,3,1,-2,77,75,-2,696,673,-23,81,65,-16,26,37,11,23,23,0,2,2,0,0,0,0,857,814,-43,148,153,5,0,0,0
own_v1,O2,h00032,main_default_opt_2,/home/dungbv/clau/reports/ir_boundary_own_20260816/artifacts/O2/h00032/main_opt_2.before.ll,/home/dungbv/clau/reports/ir_boundary_own_20260816/artifacts/O2/h00032/main_opt_2.after.ll,True,8,8,0,68,68,0,1125,1113,-12,5,5,0,11,11,0,9,9,0,2,2,0,5,5,0,1,1,0,75,75,0,673,672,-1,66,63,-3,37,37,0,23,23,0,2,2,0,0,0,0,815,811,-4,152,148,-4,0,0,0
own_v1,O2,h00032,bundle_default_opt_3,/home/dungbv/clau/result/f3_o2_final_20260815/h00032/h00032_final.02-pointer-opt.ll,/home/dungbv/clau/reports/ir_boundary_own_20260816/artifacts/O2/h00032/bundle_default_opt_3.after.ll,True,9,9,0,70,70,0,880,759,-121,5,5,0,12,12,0,10,10,0,2,2,0,4,4,0,1,1,0,75,65,-10,497,387,-110,57,57,0,28,28,0,19,19,0,2,2,0,0,0,0,630,510,-120,109,108,-1,0,0,0
own_v1,O2,h00032,bundle_default_opt_4,/home/dungbv/clau/result/f3_o2_final_20260815/h00032/h00032_final.05-unpinned.ll,/home/dungbv/clau/reports/ir_boundary_own_20260816/artifacts/O2/h00032/bundle_default_opt_4.after.ll,True,9,9,0,70,70,0,759,730,-29,5,5,0,12,12,0,10,10,0,2,2,0,4,4,0,1,1,0,65,65,0,387,358,-29,57,57,0,28,28,0,19,19,0,2,2,0,0,0,0,510,481,-29,108,108,0,0,0,0
own_v1,O2,h00032,bundle_post_opt_4_custom_cleanup,/home/dungbv/clau/reports/ir_boundary_own_20260816/artifacts/O2/h00032/bundle_default_opt_4.after.ll,/home/dungbv/clau/result/f3_o2_final_20260815/h00032/h00032_final.ll,True,9,9,0,70,70,0,730,727,-3,5,5,0,12,12,0,10,10,0,2,2,0,4,4,0,1,1,0,65,65,0,358,355,-3,57,57,0,28,28,0,19,19,0,2,2,0,0,0,0,481,478,-3,108,108,0,0,0,0
own_v1,O2,h00033,main_default_opt_1,/home/dungbv/clau/reports/ir_boundary_own_20260816/artifacts/O2/h00033/main_opt_1.before.ll,/home/dungbv/clau/reports/ir_boundary_own_20260816/artifacts/O2/h00033/main_opt_1.after.ll,True,11,8,-3,65,60,-5,1725,1631,-94,6,6,0,31,24,-7,29,22,-7,2,2,0,18,14,-4,7,5,-2,167,138,-29,937,912,-25,63,41,-22,21,33,12,20,20,0,2,2,0,0,0,0,1174,1096,-78,248,249,1,0,0,0
own_v1,O2,h00033,main_default_opt_2,/home/dungbv/clau/reports/ir_boundary_own_20260816/artifacts/O2/h00033/main_opt_2.before.ll,/home/dungbv/clau/reports/ir_boundary_own_20260816/artifacts/O2/h00033/main_opt_2.after.ll,True,8,8,0,60,60,0,1766,1726,-40,6,6,0,24,24,0,22,22,0,2,2,0,14,14,0,5,5,0,138,138,0,912,912,0,68,68,0,33,33,0,40,40,0,2,2,0,0,0,0,1123,1123,0,322,302,-20,0,0,0
own_v1,O2,h00033,bundle_default_opt_3,/home/dungbv/clau/result/f3_o2_final_20260815/h00033/h00033_final.02-pointer-opt.ll,/home/dungbv/clau/reports/ir_boundary_own_20260816/artifacts/O2/h00033/bundle_default_opt_3.after.ll,True,9,9,0,62,62,0,1416,1135,-281,6,6,0,34,31,-3,32,29,-3,2,2,0,13,12,-1,5,5,0,137,103,-34,694,463,-231,48,48,0,29,27,-2,20,20,0,2,2,0,0,0,0,884,619,-265,240,233,-7,0,0,0
own_v1,O2,h00033,bundle_default_opt_4,/home/dungbv/clau/result/f3_o2_final_20260815/h00033/h00033_final.05-unpinned.ll,/home/dungbv/clau/reports/ir_boundary_own_20260816/artifacts/O2/h00033/bundle_default_opt_4.after.ll,True,9,9,0,62,62,0,1135,1120,-15,6,6,0,31,31,0,29,29,0,2,2,0,12,12,0,5,5,0,103,103,0,463,450,-13,48,48,0,27,27,0,20,20,0,2,2,0,0,0,0,619,606,-13,233,231,-2,0,0,0
own_v1,O2,h00033,bundle_post_opt_4_custom_cleanup,/home/dungbv/clau/reports/ir_boundary_own_20260816/artifacts/O2/h00033/bundle_default_opt_4.after.ll,/home/dungbv/clau/result/f3_o2_final_20260815/h00033/h00033_final.ll,True,9,9,0,62,62,0,1120,1118,-2,6,6,0,31,31,0,29,29,0,2,2,0,12,12,0,5,5,0,103,103,0,450,448,-2,48,48,0,27,27,0,20,20,0,2,2,0,0,0,0,606,604,-2,231,231,0,0,0,0
own_v1,O2,h00034,main_default_opt_1,/home/dungbv/clau/reports/ir_boundary_own_20260816/artifacts/O2/h00034/main_opt_1.before.ll,/home/dungbv/clau/reports/ir_boundary_own_20260816/artifacts/O2/h00034/main_opt_1.after.ll,True,11,8,-3,74,69,-5,1806,1709,-97,5,5,0,27,20,-7,25,18,-7,2,2,0,11,7,-4,3,1,-2,163,142,-21,973,942,-31,134,100,-34,27,39,12,42,42,0,2,2,0,0,0,0,1273,1185,-88,252,255,3,0,0,0
own_v1,O2,h00034,main_default_opt_2,/home/dungbv/clau/reports/ir_boundary_own_20260816/artifacts/O2/h00034/main_opt_2.before.ll,/home/dungbv/clau/reports/ir_boundary_own_20260816/artifacts/O2/h00034/main_opt_2.after.ll,True,8,8,0,69,69,0,1704,1667,-37,5,5,0,20,20,0,18,18,0,2,2,0,7,7,0,1,1,0,142,133,-9,942,930,-12,112,104,-8,39,39,0,42,42,0,2,2,0,0,0,0,1197,1168,-29,243,239,-4,0,0,0
own_v1,O2,h00034,bundle_default_opt_3,/home/dungbv/clau/result/f3_o2_final_20260815/h00034/h00034_final.02-pointer-opt.ll,/home/dungbv/clau/reports/ir_boundary_own_20260816/artifacts/O2/h00034/bundle_default_opt_3.after.ll,True,9,9,0,71,71,0,1534,1329,-205,5,5,0,25,25,0,23,23,0,2,2,0,6,6,0,1,1,0,132,123,-9,866,671,-195,87,87,0,36,36,0,28,28,0,2,2,0,0,0,0,1086,882,-204,197,196,-1,0,0,0
own_v1,O2,h00034,bundle_default_opt_4,/home/dungbv/clau/result/f3_o2_final_20260815/h00034/h00034_final.05-unpinned.ll,/home/dungbv/clau/reports/ir_boundary_own_20260816/artifacts/O2/h00034/bundle_default_opt_4.after.ll,True,9,9,0,71,71,0,1329,1290,-39,5,5,0,25,25,0,23,23,0,2,2,0,6,6,0,1,1,0,123,123,0,671,632,-39,87,87,0,36,36,0,28,28,0,2,2,0,0,0,0,882,843,-39,196,196,0,0,0,0
own_v1,O2,h00034,bundle_post_opt_4_custom_cleanup,/home/dungbv/clau/reports/ir_boundary_own_20260816/artifacts/O2/h00034/bundle_default_opt_4.after.ll,/home/dungbv/clau/result/f3_o2_final_20260815/h00034/h00034_final.ll,True,9,9,0,71,71,0,1290,1286,-4,5,5,0,25,25,0,23,23,0,2,2,0,6,6,0,1,1,0,123,123,0,632,628,-4,87,87,0,36,36,0,28,28,0,2,2,0,0,0,0,843,839,-4,196,196,0,0,0,0
own_v1,O2,h00035,main_default_opt_1,/home/dungbv/clau/reports/ir_boundary_own_20260816/artifacts/O2/h00035/main_opt_1.before.ll,/home/dungbv/clau/reports/ir_boundary_own_20260816/artifacts/O2/h00035/main_opt_1.after.ll,True,14,10,-4,58,51,-7,1445,1375,-70,5,5,0,32,24,-8,29,21,-8,3,3,0,19,15,-4,7,5,-2,137,135,-2,787,749,-38,109,89,-20,28,41,13,18,18,0,3,3,0,0,0,0,1040,978,-62,172,178,6,0,0,0
own_v1,O2,h00035,main_default_opt_2,/home/dungbv/clau/reports/ir_boundary_own_20260816/artifacts/O2/h00035/main_opt_2.before.ll,/home/dungbv/clau/reports/ir_boundary_own_20260816/artifacts/O2/h00035/main_opt_2.after.ll,True,10,10,0,51,51,0,1380,1370,-10,5,5,0,22,20,-2,19,17,-2,3,3,0,13,11,-2,4,4,0,135,137,2,731,733,2,82,82,0,41,41,0,24,24,0,3,3,0,0,0,0,952,956,4,200,194,-6,0,0,0
own_v1,O2,h00035,bundle_default_opt_3,/home/dungbv/clau/result/f3_o2_final_20260815/h00035/h00035_final.02-pointer-opt.ll,/home/dungbv/clau/reports/ir_boundary_own_20260816/artifacts/O2/h00035/bundle_default_opt_3.after.ll,True,11,11,0,53,53,0,1173,966,-207,5,5,0,25,25,0,22,22,0,3,3,0,10,10,0,4,4,0,135,102,-33,599,425,-174,66,66,0,35,35,0,14,14,0,3,3,0,0,0,0,804,597,-207,157,157,0,0,0,0
own_v1,O2,h00035,bundle_default_opt_4,/home/dungbv/clau/result/f3_o2_final_20260815/h00035/h00035_final.05-unpinned.ll,/home/dungbv/clau/reports/ir_boundary_own_20260816/artifacts/O2/h00035/bundle_default_opt_4.after.ll,True,11,11,0,53,53,0,966,958,-8,5,5,0,25,25,0,22,22,0,3,3,0,10,10,0,4,4,0,102,102,0,425,417,-8,66,66,0,35,35,0,14,14,0,3,3,0,0,0,0,597,589,-8,157,157,0,0,0,0
own_v1,O2,h00035,bundle_post_opt_4_custom_cleanup,/home/dungbv/clau/reports/ir_boundary_own_20260816/artifacts/O2/h00035/bundle_default_opt_4.after.ll,/home/dungbv/clau/result/f3_o2_final_20260815/h00035/h00035_final.ll,True,11,11,0,53,53,0,958,958,0,5,5,0,25,25,0,22,22,0,3,3,0,10,10,0,4,4,0,102,102,0,417,417,0,66,66,0,35,35,0,14,14,0,3,3,0,0,0,0,589,589,0,157,157,0,0,0,0
own_v1,O2,h00036,main_default_opt_1,/home/dungbv/clau/reports/ir_boundary_own_20260816/artifacts/O2/h00036/main_opt_1.before.ll,/home/dungbv/clau/reports/ir_boundary_own_20260816/artifacts/O2/h00036/main_opt_1.after.ll,True,11,2,-9,32,16,-16,602,466,-136,2,1,-1,18,6,-12,16,6,-10,2,0,-2,9,4,-5,3,1,-2,59,43,-16,328,267,-61,37,20,-17,22,27,5,4,4,0,1,1,0,0,0,0,427,331,-96,76,72,-4,0,0,0
own_v1,O2,h00036,main_default_opt_2,/home/dungbv/clau/reports/ir_boundary_own_20260816/artifacts/O2/h00036/main_opt_2.before.ll,/home/dungbv/clau/reports/ir_boundary_own_20260816/artifacts/O2/h00036/main_opt_2.after.ll,True,2,2,0,16,16,0,128,113,-15,1,1,0,3,3,0,3,3,0,0,0,0,1,1,0,1,1,0,12,12,0,27,27,0,24,14,-10,7,5,-2,4,4,0,1,1,0,0,0,0,64,54,-10,25,20,-5,0,0,0
own_v1,O2,h00036,bundle_default_opt_3,/home/dungbv/clau/result/f3_o2_final_20260815/h00036/h00036_final.02-pointer-opt.ll,/home/dungbv/clau/reports/ir_boundary_own_20260816/artifacts/O2/h00036/bundle_default_opt_3.after.ll,True,2,2,0,16,16,0,111,110,-1,1,1,0,3,3,0,3,3,0,0,0,0,1,1,0,1,1,0,12,12,0,27,27,0,16,15,-1,5,5,0,4,4,0,1,1,0,0,0,0,56,55,-1,18,18,0,0,0,0
own_v1,O2,h00036,bundle_default_opt_4,/home/dungbv/clau/result/f3_o2_final_20260815/h00036/h00036_final.05-unpinned.ll,/home/dungbv/clau/reports/ir_boundary_own_20260816/artifacts/O2/h00036/bundle_default_opt_4.after.ll,True,2,2,0,16,16,0,110,110,0,1,1,0,3,3,0,3,3,0,0,0,0,1,1,0,1,1,0,12,12,0,27,27,0,15,15,0,5,5,0,4,4,0,1,1,0,0,0,0,55,55,0,18,18,0,0,0,0
own_v1,O2,h00036,bundle_post_opt_4_custom_cleanup,/home/dungbv/clau/reports/ir_boundary_own_20260816/artifacts/O2/h00036/bundle_default_opt_4.after.ll,/home/dungbv/clau/result/f3_o2_final_20260815/h00036/h00036_final.ll,True,2,1,-1,16,15,-1,110,109,-1,1,1,0,3,3,0,3,3,0,0,0,0,1,1,0,1,1,0,12,12,0,27,27,0,15,15,0,5,5,0,4,4,0,1,1,0,0,0,0,55,55,0,18,18,0,0,0,0
own_v1,O2,h00037,main_default_opt_1,/home/dungbv/clau/reports/ir_boundary_own_20260816/artifacts/O2/h00037/main_opt_1.before.ll,/home/dungbv/clau/reports/ir_boundary_own_20260816/artifacts/O2/h00037/main_opt_1.after.ll,True,11,8,-3,36,31,-5,852,809,-43,4,4,0,22,15,-7,20,13,-7,2,2,0,10,6,-4,3,1,-2,98,96,-2,432,409,-23,52,36,-16,24,36,12,10,10,0,3,3,0,0,0,0,585,542,-43,120,129,9,0,0,0
own_v1,O2,h00037,main_default_opt_2,/home/dungbv/clau/reports/ir_boundary_own_20260816/artifacts/O2/h00037/main_opt_2.before.ll,/home/dungbv/clau/reports/ir_boundary_own_20260816/artifacts/O2/h00037/main_opt_2.after.ll,True,8,8,0,31,31,0,814,789,-25,4,4,0,15,15,0,13,13,0,2,2,0,6,6,0,1,1,0,96,96,0,409,395,-14,38,35,-3,38,38,0,10,10,0,3,3,0,0,0,0,544,527,-17,131,127,-4,0,0,0
own_v1,O2,h00037,bundle_default_opt_3,/home/dungbv/clau/result/f3_o2_final_20260815/h00037/h00037_final.02-pointer-opt.ll,/home/dungbv/clau/reports/ir_boundary_own_20260816/artifacts/O2/h00037/bundle_default_opt_3.after.ll,True,9,9,0,33,33,0,712,603,-109,4,4,0,16,16,0,14,14,0,2,2,0,5,5,0,1,1,0,96,80,-16,342,253,-89,29,29,0,34,32,-2,6,6,0,3,3,0,0,0,0,468,363,-105,112,108,-4,0,0,0
own_v1,O2,h00037,bundle_default_opt_4,/home/dungbv/clau/result/f3_o2_final_20260815/h00037/h00037_final.05-unpinned.ll,/home/dungbv/clau/reports/ir_boundary_own_20260816/artifacts/O2/h00037/bundle_default_opt_4.after.ll,True,9,9,0,33,33,0,603,600,-3,4,4,0,16,16,0,14,14,0,2,2,0,5,5,0,1,1,0,80,80,0,253,250,-3,29,29,0,32,32,0,6,6,0,3,3,0,0,0,0,363,360,-3,108,108,0,0,0,0
own_v1,O2,h00037,bundle_post_opt_4_custom_cleanup,/home/dungbv/clau/reports/ir_boundary_own_20260816/artifacts/O2/h00037/bundle_default_opt_4.after.ll,/home/dungbv/clau/result/f3_o2_final_20260815/h00037/h00037_final.ll,True,9,9,0,33,33,0,600,600,0,4,4,0,16,16,0,14,14,0,2,2,0,5,5,0,1,1,0,80,80,0,250,250,0,29,29,0,32,32,0,6,6,0,3,3,0,0,0,0,360,360,0,108,108,0,0,0,0
own_v1,O2,h00038,main_default_opt_1,/home/dungbv/clau/reports/ir_boundary_own_20260816/artifacts/O2/h00038/main_opt_1.before.ll,/home/dungbv/clau/reports/ir_boundary_own_20260816/artifacts/O2/h00038/main_opt_1.after.ll,True,13,4,-9,64,52,-12,1517,1343,-174,7,6,-1,28,16,-12,26,16,-10,2,0,-2,16,11,-5,5,3,-2,155,131,-24,766,692,-74,65,47,-18,53,67,14,11,11,0,4,4,0,1,1,0,991,873,-118,226,221,-5,0,0,0
own_v1,O2,h00038,main_default_opt_2,/home/dungbv/clau/reports/ir_boundary_own_20260816/artifacts/O2/h00038/main_opt_2.before.ll,/home/dungbv/clau/reports/ir_boundary_own_20260816/artifacts/O2/h00038/main_opt_2.after.ll,True,5,5,0,54,54,0,1309,1133,-176,6,6,0,14,14,0,14,14,0,0,0,0,8,8,0,1,1,0,131,126,-5,674,510,-164,38,38,0,67,60,-7,11,11,0,4,4,0,1,1,0,844,675,-169,216,209,-7,0,0,0
own_v1,O2,h00038,bundle_default_opt_3,/home/dungbv/clau/result/f3_o2_final_20260815/h00038/h00038_final.02-pointer-opt.ll,/home/dungbv/clau/reports/ir_boundary_own_20260816/artifacts/O2/h00038/bundle_default_opt_3.after.ll,True,5,5,0,54,54,0,1182,1008,-174,6,6,0,13,11,-2,13,11,-2,0,0,0,7,5,-2,1,1,0,142,107,-35,509,433,-76,38,38,0,60,59,-1,11,11,0,4,4,0,1,1,0,690,579,-111,211,189,-22,0,0,0
own_v1,O2,h00038,bundle_default_opt_4,/home/dungbv/clau/result/f3_o2_final_20260815/h00038/h00038_final.05-unpinned.ll,/home/dungbv/clau/reports/ir_boundary_own_20260816/artifacts/O2/h00038/bundle_default_opt_4.after.ll,True,5,5,0,54,54,0,1008,1000,-8,6,6,0,11,11,0,11,11,0,0,0,0,5,5,0,1,1,0,107,107,0,433,425,-8,38,38,0,59,59,0,11,11,0,4,4,0,1,1,0,579,571,-8,189,189,0,0,0,0
own_v1,O2,h00038,bundle_post_opt_4_custom_cleanup,/home/dungbv/clau/reports/ir_boundary_own_20260816/artifacts/O2/h00038/bundle_default_opt_4.after.ll,/home/dungbv/clau/result/f3_o2_final_20260815/h00038/h00038_final.ll,True,5,0,-5,54,0,-54,1000,0,-1000,6,0,-6,11,0,-11,11,0,-11,0,0,0,5,0,-5,1,0,-1,107,0,-107,425,0,-425,38,0,-38,59,0,-59,11,0,-11,4,0,-4,1,0,-1,571,0,-571,189,0,-189,0,0,0
own_v1,O2,h00039,main_default_opt_1,/home/dungbv/clau/reports/ir_boundary_own_20260816/artifacts/O2/h00039/main_opt_1.before.ll,/home/dungbv/clau/reports/ir_boundary_own_20260816/artifacts/O2/h00039/main_opt_1.after.ll,True,11,2,-9,38,22,-16,900,756,-144,2,1,-1,27,15,-12,25,15,-10,2,0,-2,17,12,-5,7,5,-2,91,74,-17,474,411,-63,79,62,-17,20,24,4,6,6,0,1,1,0,0,0,0,651,552,-99,95,87,-8,0,0,0
own_v1,O2,h00039,main_default_opt_2,/home/dungbv/clau/reports/ir_boundary_own_20260816/artifacts/O2/h00039/main_opt_2.before.ll,/home/dungbv/clau/reports/ir_boundary_own_20260816/artifacts/O2/h00039/main_opt_2.after.ll,True,2,2,0,22,22,0,188,164,-24,1,1,0,5,3,-2,5,3,-2,0,0,0,2,0,-2,2,2,0,21,22,1,33,35,2,33,16,-17,4,2,-2,6,6,0,1,1,0,0,0,0,89,75,-14,28,22,-6,0,0,0
own_v1,O2,h00039,bundle_default_opt_3,/home/dungbv/clau/result/f3_o2_final_20260815/h00039/h00039_final.02-pointer-opt.ll,/home/dungbv/clau/reports/ir_boundary_own_20260816/artifacts/O2/h00039/bundle_default_opt_3.after.ll,True,2,2,0,22,22,0,158,157,-1,1,1,0,3,3,0,3,3,0,0,0,0,0,0,0,2,2,0,22,22,0,35,35,0,22,21,-1,2,2,0,6,6,0,1,1,0,0,0,0,81,80,-1,16,16,0,0,0,0
own_v1,O2,h00039,bundle_default_opt_4,/home/dungbv/clau/result/f3_o2_final_20260815/h00039/h00039_final.05-unpinned.ll,/home/dungbv/clau/reports/ir_boundary_own_20260816/artifacts/O2/h00039/bundle_default_opt_4.after.ll,True,2,2,0,22,22,0,157,157,0,1,1,0,3,3,0,3,3,0,0,0,0,0,0,0,2,2,0,22,22,0,35,35,0,21,21,0,2,2,0,6,6,0,1,1,0,0,0,0,80,80,0,16,16,0,0,0,0
own_v1,O2,h00039,bundle_post_opt_4_custom_cleanup,/home/dungbv/clau/reports/ir_boundary_own_20260816/artifacts/O2/h00039/bundle_default_opt_4.after.ll,/home/dungbv/clau/result/f3_o2_final_20260815/h00039/h00039_final.ll,True,2,1,-1,22,21,-1,157,156,-1,1,1,0,3,3,0,3,3,0,0,0,0,0,0,0,2,2,0,22,22,0,35,35,0,21,21,0,2,2,0,6,6,0,1,1,0,0,0,0,80,80,0,16,16,0,0,0,0
own_v1,O2,h00040,main_default_opt_1,/home/dungbv/clau/reports/ir_boundary_own_20260816/artifacts/O2/h00040/main_opt_1.before.ll,/home/dungbv/clau/reports/ir_boundary_own_20260816/artifacts/O2/h00040/main_opt_1.after.ll,True,12,9,-3,77,72,-5,2039,1893,-146,6,6,0,35,28,-7,33,26,-7,2,2,0,18,14,-4,7,5,-2,174,157,-17,920,889,-31,258,164,-94,21,33,12,92,92,0,2,2,0,0,0,0,1359,1215,-144,328,335,7,0,0,0
own_v1,O2,h00040,main_default_opt_2,/home/dungbv/clau/reports/ir_boundary_own_20260816/artifacts/O2/h00040/main_opt_2.before.ll,/home/dungbv/clau/reports/ir_boundary_own_20260816/artifacts/O2/h00040/main_opt_2.after.ll,True,9,9,0,72,72,0,1966,1915,-51,6,6,0,28,28,0,26,26,0,2,2,0,14,14,0,5,5,0,157,157,0,889,882,-7,189,182,-7,35,35,0,104,104,0,2,2,0,0,0,0,1240,1226,-14,364,345,-19,0,0,0
own_v1,O2,h00040,bundle_default_opt_3,/home/dungbv/clau/result/f3_o2_final_20260815/h00040/h00040_final.02-pointer-opt.ll,/home/dungbv/clau/reports/ir_boundary_own_20260816/artifacts/O2/h00040/bundle_default_opt_3.after.ll,True,9,9,0,72,72,0,1912,1650,-262,6,6,0,27,29,2,25,27,2,2,2,0,13,15,2,5,5,0,157,119,-38,881,662,-219,182,178,-4,35,32,-3,104,104,0,2,2,0,0,0,0,1225,964,-261,344,341,-3,0,0,0
own_v1,O2,h00040,bundle_default_opt_4,/home/dungbv/clau/result/f3_o2_final_20260815/h00040/h00040_final.05-unpinned.ll,/home/dungbv/clau/reports/ir_boundary_own_20260816/artifacts/O2/h00040/bundle_default_opt_4.after.ll,True,9,9,0,72,72,0,1650,1617,-33,6,6,0,29,29,0,27,27,0,2,2,0,15,15,0,5,5,0,119,119,0,662,629,-33,178,178,0,32,32,0,104,104,0,2,2,0,0,0,0,964,931,-33,341,341,0,0,0,0
own_v1,O2,h00040,bundle_post_opt_4_custom_cleanup,/home/dungbv/clau/reports/ir_boundary_own_20260816/artifacts/O2/h00040/bundle_default_opt_4.after.ll,/home/dungbv/clau/result/f3_o2_final_20260815/h00040/h00040_final.ll,True,9,9,0,72,72,0,1617,1615,-2,6,6,0,29,29,0,27,27,0,2,2,0,15,15,0,5,5,0,119,119,0,629,627,-2,178,178,0,32,32,0,104,104,0,2,2,0,0,0,0,931,929,-2,341,341,0,0,0,0
own_v1,O3,h00001,main_default_opt_1,/home/dungbv/clau/reports/ir_boundary_own_20260816/artifacts/O3/h00001/main_opt_1.before.ll,/home/dungbv/clau/reports/ir_boundary_own_20260816/artifacts/O3/h00001/main_opt_1.after.ll,True,11,8,-3,47,42,-5,850,804,-46,4,4,0,18,11,-7,16,9,-7,2,2,0,9,5,-4,3,1,-2,66,64,-2,454,431,-23,63,47,-16,26,37,11,14,14,0,1,1,0,0,0,0,586,543,-43,124,130,6,0,0,0
own_v1,O3,h00001,main_default_opt_2,/home/dungbv/clau/reports/ir_boundary_own_20260816/artifacts/O3/h00001/main_opt_2.before.ll,/home/dungbv/clau/reports/ir_boundary_own_20260816/artifacts/O3/h00001/main_opt_2.after.ll,True,8,8,0,42,42,0,805,793,-12,4,4,0,11,11,0,9,9,0,2,2,0,5,5,0,1,1,0,64,64,0,431,430,-1,48,45,-3,37,37,0,14,14,0,1,1,0,0,0,0,544,540,-4,129,125,-4,0,0,0
own_v1,O3,h00001,bundle_default_opt_3,/home/dungbv/clau/result/f3_o3_final_20260815/h00001/h00001_final.02-pointer-opt.ll,/home/dungbv/clau/reports/ir_boundary_own_20260816/artifacts/O3/h00001/bundle_default_opt_3.after.ll,True,9,9,0,44,44,0,643,571,-72,4,4,0,12,12,0,10,10,0,2,2,0,4,4,0,1,1,0,64,54,-10,320,259,-61,39,39,0,28,28,0,10,10,0,1,1,0,0,0,0,424,353,-71,93,92,-1,0,0,0
own_v1,O3,h00001,bundle_default_opt_4,/home/dungbv/clau/result/f3_o3_final_20260815/h00001/h00001_final.05-unpinned.ll,/home/dungbv/clau/reports/ir_boundary_own_20260816/artifacts/O3/h00001/bundle_default_opt_4.after.ll,True,9,9,0,44,44,0,571,570,-1,4,4,0,12,12,0,10,10,0,2,2,0,4,4,0,1,1,0,54,54,0,259,258,-1,39,39,0,28,28,0,10,10,0,1,1,0,0,0,0,353,352,-1,92,92,0,0,0,0
own_v1,O3,h00001,bundle_post_opt_4_custom_cleanup,/home/dungbv/clau/reports/ir_boundary_own_20260816/artifacts/O3/h00001/bundle_default_opt_4.after.ll,/home/dungbv/clau/result/f3_o3_final_20260815/h00001/h00001_final.ll,True,9,9,0,44,44,0,570,568,-2,4,4,0,12,12,0,10,10,0,2,2,0,4,4,0,1,1,0,54,54,0,258,256,-2,39,39,0,28,28,0,10,10,0,1,1,0,0,0,0,352,350,-2,92,92,0,0,0,0
own_v1,O3,h00002,main_default_opt_1,/home/dungbv/clau/reports/ir_boundary_own_20260816/artifacts/O3/h00002/main_opt_1.before.ll,/home/dungbv/clau/reports/ir_boundary_own_20260816/artifacts/O3/h00002/main_opt_1.after.ll,True,11,2,-9,47,31,-16,1002,862,-140,5,4,-1,29,17,-12,27,17,-10,2,0,-2,18,13,-5,7,5,-2,96,79,-17,504,443,-61,52,35,-17,27,31,4,8,8,0,1,1,0,1,1,0,659,562,-97,145,139,-6,0,0,0
own_v1,O3,h00002,main_default_opt_2,/home/dungbv/clau/reports/ir_boundary_own_20260816/artifacts/O3/h00002/main_opt_2.before.ll,/home/dungbv/clau/reports/ir_boundary_own_20260816/artifacts/O3/h00002/main_opt_2.after.ll,True,2,2,0,31,26,-5,312,210,-102,4,2,-2,10,9,-1,10,9,-1,0,0,0,6,5,-1,4,4,0,20,21,1,59,37,-22,25,22,-3,4,4,0,12,10,-2,1,1,0,1,1,0,108,84,-24,88,48,-40,0,0,0
own_v1,O3,h00002,bundle_default_opt_3,/home/dungbv/clau/result/f3_o3_final_20260815/h00002/h00002_final.02-pointer-opt.ll,/home/dungbv/clau/reports/ir_boundary_own_20260816/artifacts/O3/h00002/bundle_default_opt_3.after.ll,True,2,2,0,26,26,0,201,199,-2,2,2,0,9,9,0,9,9,0,0,0,0,5,5,0,4,4,0,21,21,0,37,37,0,32,30,-2,4,4,0,10,10,0,1,1,0,1,1,0,94,92,-2,38,38,0,0,0,0
own_v1,O3,h00002,bundle_default_opt_4,/home/dungbv/clau/result/f3_o3_final_20260815/h00002/h00002_final.05-unpinned.ll,/home/dungbv/clau/reports/ir_boundary_own_20260816/artifacts/O3/h00002/bundle_default_opt_4.after.ll,True,2,2,0,26,26,0,199,199,0,2,2,0,9,9,0,9,9,0,0,0,0,5,5,0,4,4,0,21,21,0,37,37,0,30,30,0,4,4,0,10,10,0,1,1,0,1,1,0,92,92,0,38,38,0,0,0,0
own_v1,O3,h00002,bundle_post_opt_4_custom_cleanup,/home/dungbv/clau/reports/ir_boundary_own_20260816/artifacts/O3/h00002/bundle_default_opt_4.after.ll,/home/dungbv/clau/result/f3_o3_final_20260815/h00002/h00002_final.ll,True,2,1,-1,26,25,-1,199,198,-1,2,2,0,9,9,0,9,9,0,0,0,0,5,5,0,4,4,0,21,21,0,37,37,0,30,30,0,4,4,0,10,10,0,1,1,0,1,1,0,92,92,0,38,38,0,0,0,0
own_v1,O3,h00003,main_default_opt_1,/home/dungbv/clau/reports/ir_boundary_own_20260816/artifacts/O3/h00003/main_opt_1.before.ll,/home/dungbv/clau/reports/ir_boundary_own_20260816/artifacts/O3/h00003/main_opt_1.after.ll,True,11,2,-9,50,34,-16,1165,1015,-150,2,1,-1,32,21,-11,30,21,-9,2,0,-2,21,17,-4,9,7,-2,118,100,-18,658,595,-63,113,95,-18,19,22,3,11,11,0,1,1,0,0,0,0,898,797,-101,106,97,-9,0,0,0
own_v1,O3,h00003,main_default_opt_2,/home/dungbv/clau/reports/ir_boundary_own_20260816/artifacts/O3/h00003/main_opt_2.before.ll,/home/dungbv/clau/reports/ir_boundary_own_20260816/artifacts/O3/h00003/main_opt_2.after.ll,True,2,2,0,34,34,0,245,207,-38,1,1,0,7,5,-2,7,5,-2,0,0,0,3,1,-2,2,2,0,28,30,2,52,54,2,50,20,-30,4,2,-2,11,11,0,1,1,0,0,0,0,132,106,-26,42,35,-7,0,0,0
own_v1,O3,h00003,bundle_default_opt_3,/home/dungbv/clau/result/f3_o3_final_20260815/h00003/h00003_final.02-pointer-opt.ll,/home/dungbv/clau/reports/ir_boundary_own_20260816/artifacts/O3/h00003/bundle_default_opt_3.after.ll,True,2,2,0,34,34,0,203,202,-1,1,1,0,5,5,0,5,5,0,0,0,0,1,1,0,2,2,0,30,30,0,54,54,0,24,23,-1,2,2,0,11,11,0,1,1,0,0,0,0,110,109,-1,31,31,0,0,0,0
own_v1,O3,h00003,bundle_default_opt_4,/home/dungbv/clau/result/f3_o3_final_20260815/h00003/h00003_final.05-unpinned.ll,/home/dungbv/clau/reports/ir_boundary_own_20260816/artifacts/O3/h00003/bundle_default_opt_4.after.ll,True,2,2,0,34,34,0,202,202,0,1,1,0,5,5,0,5,5,0,0,0,0,1,1,0,2,2,0,30,30,0,54,54,0,23,23,0,2,2,0,11,11,0,1,1,0,0,0,0,109,109,0,31,31,0,0,0,0
own_v1,O3,h00003,bundle_post_opt_4_custom_cleanup,/home/dungbv/clau/reports/ir_boundary_own_20260816/artifacts/O3/h00003/bundle_default_opt_4.after.ll,/home/dungbv/clau/result/f3_o3_final_20260815/h00003/h00003_final.ll,True,2,1,-1,34,33,-1,202,201,-1,1,1,0,5,5,0,5,5,0,0,0,0,1,1,0,2,2,0,30,30,0,54,54,0,23,23,0,2,2,0,11,11,0,1,1,0,0,0,0,109,109,0,31,31,0,0,0,0
own_v1,O3,h00004,main_default_opt_1,/home/dungbv/clau/reports/ir_boundary_own_20260816/artifacts/O3/h00004/main_opt_1.before.ll,/home/dungbv/clau/reports/ir_boundary_own_20260816/artifacts/O3/h00004/main_opt_1.after.ll,True,12,9,-3,45,38,-7,1182,1079,-103,6,4,-2,35,28,-7,33,26,-7,2,2,0,19,15,-4,7,5,-2,160,129,-31,539,512,-27,86,62,-24,25,33,8,14,14,0,3,1,-2,0,0,0,792,708,-84,166,165,-1,0,0,0
own_v1,O3,h00004,main_default_opt_2,/home/dungbv/clau/reports/ir_boundary_own_20260816/artifacts/O3/h00004/main_opt_2.before.ll,/home/dungbv/clau/reports/ir_boundary_own_20260816/artifacts/O3/h00004/main_opt_2.after.ll,True,9,9,0,38,38,0,1182,1146,-36,4,4,0,28,28,0,26,26,0,2,2,0,15,15,0,5,5,0,129,129,0,512,512,0,91,87,-4,33,33,0,30,30,0,1,1,0,0,0,0,737,733,-4,216,200,-16,0,0,0
own_v1,O3,h00004,bundle_default_opt_3,/home/dungbv/clau/result/f3_o3_final_20260815/h00004/h00004_final.02-pointer-opt.ll,/home/dungbv/clau/reports/ir_boundary_own_20260816/artifacts/O3/h00004/bundle_default_opt_3.after.ll,True,10,10,0,40,40,0,1117,964,-153,4,4,0,33,30,-3,31,28,-3,2,2,0,14,13,-1,5,5,0,133,97,-36,511,408,-103,77,77,0,33,33,0,20,20,0,1,1,0,0,0,0,726,587,-139,174,169,-5,0,0,0
own_v1,O3,h00004,bundle_default_opt_4,/home/dungbv/clau/result/f3_o3_final_20260815/h00004/h00004_final.05-unpinned.ll,/home/dungbv/clau/reports/ir_boundary_own_20260816/artifacts/O3/h00004/bundle_default_opt_4.after.ll,True,10,10,0,40,40,0,964,955,-9,4,4,0,30,30,0,28,28,0,2,2,0,13,13,0,5,5,0,97,97,0,408,407,-1,77,77,0,33,33,0,20,20,0,1,1,0,0,0,0,587,586,-1,169,165,-4,0,0,0
own_v1,O3,h00004,bundle_post_opt_4_custom_cleanup,/home/dungbv/clau/reports/ir_boundary_own_20260816/artifacts/O3/h00004/bundle_default_opt_4.after.ll,/home/dungbv/clau/result/f3_o3_final_20260815/h00004/h00004_final.ll,True,10,10,0,40,40,0,955,955,0,4,4,0,30,30,0,28,28,0,2,2,0,13,13,0,5,5,0,97,97,0,407,407,0,77,77,0,33,33,0,20,20,0,1,1,0,0,0,0,586,586,0,165,165,0,0,0,0
own_v1,O3,h00005,main_default_opt_1,/home/dungbv/clau/reports/ir_boundary_own_20260816/artifacts/O3/h00005/main_opt_1.before.ll,/home/dungbv/clau/reports/ir_boundary_own_20260816/artifacts/O3/h00005/main_opt_1.after.ll,True,11,8,-3,38,33,-5,836,790,-46,4,4,0,20,13,-7,18,11,-7,2,2,0,9,5,-4,3,1,-2,83,81,-2,438,415,-23,59,43,-16,26,37,11,11,11,0,1,1,0,0,0,0,583,540,-43,120,126,6,0,0,0
own_v1,O3,h00005,main_default_opt_2,/home/dungbv/clau/reports/ir_boundary_own_20260816/artifacts/O3/h00005/main_opt_2.before.ll,/home/dungbv/clau/reports/ir_boundary_own_20260816/artifacts/O3/h00005/main_opt_2.after.ll,True,8,8,0,33,33,0,791,779,-12,4,4,0,13,13,0,11,11,0,2,2,0,5,5,0,1,1,0,81,81,0,415,414,-1,44,41,-3,37,37,0,11,11,0,1,1,0,0,0,0,541,537,-4,125,121,-4,0,0,0
own_v1,O3,h00005,bundle_default_opt_3,/home/dungbv/clau/result/f3_o3_final_20260815/h00005/h00005_final.02-pointer-opt.ll,/home/dungbv/clau/reports/ir_boundary_own_20260816/artifacts/O3/h00005/bundle_default_opt_3.after.ll,True,9,9,0,35,35,0,701,615,-86,4,4,0,14,14,0,12,12,0,2,2,0,4,4,0,1,1,0,81,71,-10,360,287,-73,35,35,0,32,32,0,7,7,0,1,1,0,0,0,0,477,394,-83,104,101,-3,0,0,0
own_v1,O3,h00005,bundle_default_opt_4,/home/dungbv/clau/result/f3_o3_final_20260815/h00005/h00005_final.05-unpinned.ll,/home/dungbv/clau/reports/ir_boundary_own_20260816/artifacts/O3/h00005/bundle_default_opt_4.after.ll,True,9,9,0,35,35,0,615,611,-4,4,4,0,14,14,0,12,12,0,2,2,0,4,4,0,1,1,0,71,71,0,287,283,-4,35,35,0,32,32,0,7,7,0,1,1,0,0,0,0,394,390,-4,101,101,0,0,0,0
own_v1,O3,h00005,bundle_post_opt_4_custom_cleanup,/home/dungbv/clau/reports/ir_boundary_own_20260816/artifacts/O3/h00005/bundle_default_opt_4.after.ll,/home/dungbv/clau/result/f3_o3_final_20260815/h00005/h00005_final.ll,True,9,9,0,35,35,0,611,611,0,4,4,0,14,14,0,12,12,0,2,2,0,4,4,0,1,1,0,71,71,0,283,283,0,35,35,0,32,32,0,7,7,0,1,1,0,0,0,0,390,390,0,101,101,0,0,0,0
own_v1,O3,h00006,main_default_opt_1,/home/dungbv/clau/reports/ir_boundary_own_20260816/artifacts/O3/h00006/main_opt_1.before.ll,/home/dungbv/clau/reports/ir_boundary_own_20260816/artifacts/O3/h00006/main_opt_1.after.ll,True,11,8,-3,52,47,-5,1042,986,-56,2,2,0,18,12,-6,16,10,-6,2,2,0,9,6,-3,3,1,-2,76,74,-2,600,572,-28,74,54,-20,19,30,11,16,16,0,1,1,0,0,0,0,753,701,-52,118,123,5,0,0,0
own_v1,O3,h00006,main_default_opt_2,/home/dungbv/clau/reports/ir_boundary_own_20260816/artifacts/O3/h00006/main_opt_2.before.ll,/home/dungbv/clau/reports/ir_boundary_own_20260816/artifacts/O3/h00006/main_opt_2.after.ll,True,8,8,0,47,47,0,991,974,-17,2,2,0,12,12,0,10,10,0,2,2,0,6,6,0,1,1,0,74,74,0,572,566,-6,56,53,-3,32,32,0,16,16,0,1,1,0,0,0,0,703,694,-9,125,121,-4,0,0,0
own_v1,O3,h00006,bundle_default_opt_3,/home/dungbv/clau/result/f3_o3_final_20260815/h00006/h00006_final.02-pointer-opt.ll,/home/dungbv/clau/reports/ir_boundary_own_20260816/artifacts/O3/h00006/bundle_default_opt_3.after.ll,True,9,9,0,49,49,0,784,665,-119,2,2,0,13,13,0,11,11,0,2,2,0,5,5,0,1,1,0,74,64,-10,419,310,-109,47,47,0,24,24,0,12,12,0,1,1,0,0,0,0,541,422,-119,91,91,0,0,0,0
own_v1,O3,h00006,bundle_default_opt_4,/home/dungbv/clau/result/f3_o3_final_20260815/h00006/h00006_final.05-unpinned.ll,/home/dungbv/clau/reports/ir_boundary_own_20260816/artifacts/O3/h00006/bundle_default_opt_4.after.ll,True,9,9,0,49,49,0,665,639,-26,2,2,0,13,13,0,11,11,0,2,2,0,5,5,0,1,1,0,64,64,0,310,284,-26,47,47,0,24,24,0,12,12,0,1,1,0,0,0,0,422,396,-26,91,91,0,0,0,0
own_v1,O3,h00006,bundle_post_opt_4_custom_cleanup,/home/dungbv/clau/reports/ir_boundary_own_20260816/artifacts/O3/h00006/bundle_default_opt_4.after.ll,/home/dungbv/clau/result/f3_o3_final_20260815/h00006/h00006_final.ll,True,9,9,0,49,49,0,639,632,-7,2,2,0,13,13,0,11,11,0,2,2,0,5,5,0,1,1,0,64,64,0,284,277,-7,47,47,0,24,24,0,12,12,0,1,1,0,0,0,0,396,389,-7,91,91,0,0,0,0
own_v1,O3,h00007,main_default_opt_1,/home/dungbv/clau/reports/ir_boundary_own_20260816/artifacts/O3/h00007/main_opt_1.before.ll,/home/dungbv/clau/reports/ir_boundary_own_20260816/artifacts/O3/h00007/main_opt_1.after.ll,True,12,9,-3,53,43,-10,1144,989,-155,9,9,0,19,12,-7,17,10,-7,2,2,0,9,5,-4,3,1,-2,104,99,-5,627,529,-98,57,41,-16,51,50,-1,16,16,0,2,2,0,0,0,0,791,670,-121,182,167,-15,0,0,0
own_v1,O3,h00007,main_default_opt_2,/home/dungbv/clau/reports/ir_boundary_own_20260816/artifacts/O3/h00007/main_opt_2.before.ll,/home/dungbv/clau/reports/ir_boundary_own_20260816/artifacts/O3/h00007/main_opt_2.after.ll,True,9,9,0,43,43,0,994,970,-24,9,9,0,12,12,0,10,10,0,2,2,0,5,5,0,1,1,0,99,99,0,529,516,-13,43,40,-3,52,52,0,16,16,0,2,2,0,0,0,0,672,656,-16,169,165,-4,0,0,0
own_v1,O3,h00007,bundle_default_opt_3,/home/dungbv/clau/result/f3_o3_final_20260815/h00007/h00007_final.02-pointer-opt.ll,/home/dungbv/clau/reports/ir_boundary_own_20260816/artifacts/O3/h00007/bundle_default_opt_3.after.ll,True,10,10,0,45,45,0,988,870,-118,9,9,0,13,13,0,11,11,0,2,2,0,4,4,0,1,1,0,110,98,-12,515,417,-98,34,34,0,52,50,-2,12,12,0,2,2,0,0,0,0,660,550,-110,157,151,-6,0,0,0
own_v1,O3,h00007,bundle_default_opt_4,/home/dungbv/clau/result/f3_o3_final_20260815/h00007/h00007_final.05-unpinned.ll,/home/dungbv/clau/reports/ir_boundary_own_20260816/artifacts/O3/h00007/bundle_default_opt_4.after.ll,True,10,10,0,45,45,0,870,866,-4,9,9,0,13,13,0,11,11,0,2,2,0,4,4,0,1,1,0,98,98,0,417,413,-4,34,34,0,50,50,0,12,12,0,2,2,0,0,0,0,550,546,-4,151,151,0,0,0,0
own_v1,O3,h00007,bundle_post_opt_4_custom_cleanup,/home/dungbv/clau/reports/ir_boundary_own_20260816/artifacts/O3/h00007/bundle_default_opt_4.after.ll,/home/dungbv/clau/result/f3_o3_final_20260815/h00007/h00007_final.ll,True,10,10,0,45,45,0,866,864,-2,9,9,0,13,13,0,11,11,0,2,2,0,4,4,0,1,1,0,98,98,0,413,411,-2,34,34,0,50,50,0,12,12,0,2,2,0,0,0,0,546,544,-2,151,151,0,0,0,0
own_v1,O3,h00008,main_default_opt_1,/home/dungbv/clau/reports/ir_boundary_own_20260816/artifacts/O3/h00008/main_opt_1.before.ll,/home/dungbv/clau/reports/ir_boundary_own_20260816/artifacts/O3/h00008/main_opt_1.after.ll,True,11,8,-3,47,42,-5,1120,1053,-67,6,6,0,21,15,-6,19,13,-6,2,2,0,10,7,-3,3,1,-2,97,95,-2,595,565,-30,87,57,-30,28,41,13,21,21,0,2,2,0,0,0,0,782,718,-64,163,168,5,0,0,0
own_v1,O3,h00008,main_default_opt_2,/home/dungbv/clau/reports/ir_boundary_own_20260816/artifacts/O3/h00008/main_opt_2.before.ll,/home/dungbv/clau/reports/ir_boundary_own_20260816/artifacts/O3/h00008/main_opt_2.after.ll,True,8,8,0,42,42,0,1054,1040,-14,6,6,0,15,15,0,13,13,0,2,2,0,7,7,0,1,1,0,95,95,0,565,562,-3,58,55,-3,41,41,0,21,21,0,2,2,0,0,0,0,719,713,-6,167,163,-4,0,0,0
own_v1,O3,h00008,bundle_default_opt_3,/home/dungbv/clau/result/f3_o3_final_20260815/h00008/h00008_final.02-pointer-opt.ll,/home/dungbv/clau/reports/ir_boundary_own_20260816/artifacts/O3/h00008/bundle_default_opt_3.after.ll,True,9,9,0,44,44,0,901,799,-102,6,6,0,20,20,0,18,18,0,2,2,0,6,6,0,1,1,0,94,86,-8,491,399,-92,40,40,0,36,36,0,9,9,0,2,2,0,0,0,0,626,526,-100,118,116,-2,0,0,0
own_v1,O3,h00008,bundle_default_opt_4,/home/dungbv/clau/result/f3_o3_final_20260815/h00008/h00008_final.05-unpinned.ll,/home/dungbv/clau/reports/ir_boundary_own_20260816/artifacts/O3/h00008/bundle_default_opt_4.after.ll,True,9,9,0,44,44,0,799,788,-11,6,6,0,20,20,0,18,18,0,2,2,0,6,6,0,1,1,0,86,86,0,399,388,-11,40,40,0,36,36,0,9,9,0,2,2,0,0,0,0,526,515,-11,116,116,0,0,0,0
own_v1,O3,h00008,bundle_post_opt_4_custom_cleanup,/home/dungbv/clau/reports/ir_boundary_own_20260816/artifacts/O3/h00008/bundle_default_opt_4.after.ll,/home/dungbv/clau/result/f3_o3_final_20260815/h00008/h00008_final.ll,True,9,9,0,44,44,0,788,786,-2,6,6,0,20,20,0,18,18,0,2,2,0,6,6,0,1,1,0,86,86,0,388,386,-2,40,40,0,36,36,0,9,9,0,2,2,0,0,0,0,515,513,-2,116,116,0,0,0,0
own_v1,O3,h00009,main_default_opt_1,/home/dungbv/clau/reports/ir_boundary_own_20260816/artifacts/O3/h00009/main_opt_1.before.ll,/home/dungbv/clau/reports/ir_boundary_own_20260816/artifacts/O3/h00009/main_opt_1.after.ll,True,11,2,-9,66,50,-16,1191,1053,-138,6,5,-1,28,17,-11,26,17,-9,2,0,-2,18,14,-4,7,5,-2,107,91,-16,669,605,-64,100,81,-19,26,29,3,15,15,0,2,2,0,0,0,0,883,782,-101,129,123,-6,0,0,0
own_v1,O3,h00009,main_default_opt_2,/home/dungbv/clau/reports/ir_boundary_own_20260816/artifacts/O3/h00009/main_opt_2.before.ll,/home/dungbv/clau/reports/ir_boundary_own_20260816/artifacts/O3/h00009/main_opt_2.after.ll,True,2,2,0,50,46,-4,289,243,-46,5,1,-4,8,4,-4,8,4,-4,0,0,0,5,1,-4,3,3,0,36,40,4,60,63,3,52,19,-33,2,0,-2,15,15,0,2,1,-1,0,0,0,151,125,-26,43,35,-8,0,0,0
own_v1,O3,h00009,bundle_default_opt_3,/home/dungbv/clau/result/f3_o3_final_20260815/h00009/h00009_final.02-pointer-opt.ll,/home/dungbv/clau/reports/ir_boundary_own_20260816/artifacts/O3/h00009/bundle_default_opt_3.after.ll,True,2,2,0,46,46,0,240,239,-1,1,1,0,4,4,0,4,4,0,0,0,0,1,1,0,3,3,0,40,40,0,63,63,0,22,21,-1,0,0,0,15,15,0,1,1,0,0,0,0,128,127,-1,32,32,0,0,0,0
own_v1,O3,h00009,bundle_default_opt_4,/home/dungbv/clau/result/f3_o3_final_20260815/h00009/h00009_final.05-unpinned.ll,/home/dungbv/clau/reports/ir_boundary_own_20260816/artifacts/O3/h00009/bundle_default_opt_4.after.ll,True,2,2,0,46,46,0,239,239,0,1,1,0,4,4,0,4,4,0,0,0,0,1,1,0,3,3,0,40,40,0,63,63,0,21,21,0,0,0,0,15,15,0,1,1,0,0,0,0,127,127,0,32,32,0,0,0,0
own_v1,O3,h00009,bundle_post_opt_4_custom_cleanup,/home/dungbv/clau/reports/ir_boundary_own_20260816/artifacts/O3/h00009/bundle_default_opt_4.after.ll,/home/dungbv/clau/result/f3_o3_final_20260815/h00009/h00009_final.ll,True,2,1,-1,46,45,-1,239,238,-1,1,1,0,4,4,0,4,4,0,0,0,0,1,1,0,3,3,0,40,40,0,63,63,0,21,21,0,0,0,0,15,15,0,1,1,0,0,0,0,127,127,0,32,32,0,0,0,0
own_v1,O3,h00010,main_default_opt_1,/home/dungbv/clau/reports/ir_boundary_own_20260816/artifacts/O3/h00010/main_opt_1.before.ll,/home/dungbv/clau/reports/ir_boundary_own_20260816/artifacts/O3/h00010/main_opt_1.after.ll,True,14,10,-4,54,47,-7,1391,1340,-51,4,4,0,34,26,-8,31,23,-8,3,3,0,21,17,-4,7,5,-2,139,137,-2,747,722,-25,107,91,-16,26,37,11,13,13,0,2,2,0,0,0,0,1000,955,-45,161,167,6,0,0,0
own_v1,O3,h00010,main_default_opt_2,/home/dungbv/clau/reports/ir_boundary_own_20260816/artifacts/O3/h00010/main_opt_2.before.ll,/home/dungbv/clau/reports/ir_boundary_own_20260816/artifacts/O3/h00010/main_opt_2.after.ll,True,10,10,0,47,47,0,1345,1334,-11,4,4,0,24,22,-2,21,19,-2,3,3,0,15,13,-2,4,4,0,137,139,2,704,705,1,84,84,0,37,37,0,19,19,0,2,2,0,0,0,0,929,932,3,189,183,-6,0,0,0
own_v1,O3,h00010,bundle_default_opt_3,/home/dungbv/clau/result/f3_o3_final_20260815/h00010/h00010_final.02-pointer-opt.ll,/home/dungbv/clau/reports/ir_boundary_own_20260816/artifacts/O3/h00010/bundle_default_opt_3.after.ll,True,11,11,0,49,49,0,1149,941,-208,4,4,0,25,24,-1,22,21,-1,3,3,0,12,12,0,4,4,0,136,100,-36,571,401,-170,71,71,0,31,31,0,13,13,0,2,2,0,0,0,0,782,576,-206,155,154,-1,0,0,0
own_v1,O3,h00010,bundle_default_opt_4,/home/dungbv/clau/result/f3_o3_final_20260815/h00010/h00010_final.05-unpinned.ll,/home/dungbv/clau/reports/ir_boundary_own_20260816/artifacts/O3/h00010/bundle_default_opt_4.after.ll,True,11,11,0,49,49,0,941,931,-10,4,4,0,24,24,0,21,21,0,3,3,0,12,12,0,4,4,0,100,100,0,401,391,-10,71,71,0,31,31,0,13,13,0,2,2,0,0,0,0,576,566,-10,154,154,0,0,0,0
own_v1,O3,h00010,bundle_post_opt_4_custom_cleanup,/home/dungbv/clau/reports/ir_boundary_own_20260816/artifacts/O3/h00010/bundle_default_opt_4.after.ll,/home/dungbv/clau/result/f3_o3_final_20260815/h00010/h00010_final.ll,True,11,11,0,49,49,0,931,930,-1,4,4,0,24,24,0,21,21,0,3,3,0,12,12,0,4,4,0,100,100,0,391,390,-1,71,71,0,31,31,0,13,13,0,2,2,0,0,0,0,566,565,-1,154,154,0,0,0,0
own_v1,O3,h00011,main_default_opt_1,/home/dungbv/clau/reports/ir_boundary_own_20260816/artifacts/O3/h00011/main_opt_1.before.ll,/home/dungbv/clau/reports/ir_boundary_own_20260816/artifacts/O3/h00011/main_opt_1.after.ll,True,11,2,-9,40,24,-16,868,725,-143,3,2,-1,22,11,-11,20,11,-9,2,0,-2,13,9,-4,5,3,-2,75,59,-16,498,433,-65,72,52,-20,22,26,4,6,6,0,2,2,0,0,0,0,650,547,-103,93,85,-8,0,0,0
own_v1,O3,h00011,main_default_opt_2,/home/dungbv/clau/reports/ir_boundary_own_20260816/artifacts/O3/h00011/main_opt_2.before.ll,/home/dungbv/clau/reports/ir_boundary_own_20260816/artifacts/O3/h00011/main_opt_2.after.ll,True,2,2,0,24,24,0,188,159,-29,2,2,0,5,3,-2,5,3,-2,0,0,0,3,1,-2,2,2,0,22,23,1,37,39,2,39,17,-22,6,4,-2,6,6,0,2,2,0,0,0,0,100,81,-19,29,23,-6,0,0,0
own_v1,O3,h00011,bundle_default_opt_3,/home/dungbv/clau/result/f3_o3_final_20260815/h00011/h00011_final.02-pointer-opt.ll,/home/dungbv/clau/reports/ir_boundary_own_20260816/artifacts/O3/h00011/bundle_default_opt_3.after.ll,True,2,2,0,24,24,0,157,156,-1,2,2,0,3,3,0,3,3,0,0,0,0,1,1,0,2,2,0,23,23,0,39,39,0,19,18,-1,4,4,0,6,6,0,2,2,0,0,0,0,83,82,-1,21,21,0,0,0,0
own_v1,O3,h00011,bundle_default_opt_4,/home/dungbv/clau/result/f3_o3_final_20260815/h00011/h00011_final.05-unpinned.ll,/home/dungbv/clau/reports/ir_boundary_own_20260816/artifacts/O3/h00011/bundle_default_opt_4.after.ll,True,2,2,0,24,24,0,156,156,0,2,2,0,3,3,0,3,3,0,0,0,0,1,1,0,2,2,0,23,23,0,39,39,0,18,18,0,4,4,0,6,6,0,2,2,0,0,0,0,82,82,0,21,21,0,0,0,0
own_v1,O3,h00011,bundle_post_opt_4_custom_cleanup,/home/dungbv/clau/reports/ir_boundary_own_20260816/artifacts/O3/h00011/bundle_default_opt_4.after.ll,/home/dungbv/clau/result/f3_o3_final_20260815/h00011/h00011_final.ll,True,2,1,-1,24,23,-1,156,155,-1,2,2,0,3,3,0,3,3,0,0,0,0,1,1,0,2,2,0,23,23,0,39,39,0,18,18,0,4,4,0,6,6,0,2,2,0,0,0,0,82,82,0,21,21,0,0,0,0
own_v1,O3,h00012,main_default_opt_1,/home/dungbv/clau/reports/ir_boundary_own_20260816/artifacts/O3/h00012/main_opt_1.before.ll,/home/dungbv/clau/reports/ir_boundary_own_20260816/artifacts/O3/h00012/main_opt_1.after.ll,True,11,2,-9,31,15,-16,643,500,-143,2,1,-1,21,9,-12,19,9,-10,2,0,-2,12,7,-5,5,3,-2,68,51,-17,332,269,-63,53,36,-17,20,24,4,3,3,0,1,1,0,0,0,0,458,359,-99,74,66,-8,0,0,0
own_v1,O3,h00012,main_default_opt_2,/home/dungbv/clau/reports/ir_boundary_own_20260816/artifacts/O3/h00012/main_opt_2.before.ll,/home/dungbv/clau/reports/ir_boundary_own_20260816/artifacts/O3/h00012/main_opt_2.after.ll,True,2,2,0,15,15,0,128,111,-17,1,1,0,4,2,-2,4,2,-2,0,0,0,2,0,-2,2,2,0,13,13,0,24,26,2,23,12,-11,4,2,-2,3,3,0,1,1,0,0,0,0,62,53,-9,17,12,-5,0,0,0
own_v1,O3,h00012,bundle_default_opt_3,/home/dungbv/clau/result/f3_o3_final_20260815/h00012/h00012_final.02-pointer-opt.ll,/home/dungbv/clau/reports/ir_boundary_own_20260816/artifacts/O3/h00012/bundle_default_opt_3.after.ll,True,2,2,0,15,15,0,109,108,-1,1,1,0,2,2,0,2,2,0,0,0,0,0,0,0,2,2,0,13,13,0,26,26,0,14,13,-1,2,2,0,3,3,0,1,1,0,0,0,0,55,54,-1,10,10,0,0,0,0
own_v1,O3,h00012,bundle_default_opt_4,/home/dungbv/clau/result/f3_o3_final_20260815/h00012/h00012_final.05-unpinned.ll,/home/dungbv/clau/reports/ir_boundary_own_20260816/artifacts/O3/h00012/bundle_default_opt_4.after.ll,True,2,2,0,15,15,0,108,108,0,1,1,0,2,2,0,2,2,0,0,0,0,0,0,0,2,2,0,13,13,0,26,26,0,13,13,0,2,2,0,3,3,0,1,1,0,0,0,0,54,54,0,10,10,0,0,0,0
own_v1,O3,h00012,bundle_post_opt_4_custom_cleanup,/home/dungbv/clau/reports/ir_boundary_own_20260816/artifacts/O3/h00012/bundle_default_opt_4.after.ll,/home/dungbv/clau/result/f3_o3_final_20260815/h00012/h00012_final.ll,True,2,1,-1,15,14,-1,108,107,-1,1,1,0,2,2,0,2,2,0,0,0,0,0,0,0,2,2,0,13,13,0,26,26,0,13,13,0,2,2,0,3,3,0,1,1,0,0,0,0,54,54,0,10,10,0,0,0,0
own_v1,O3,h00013,main_default_opt_1,/home/dungbv/clau/reports/ir_boundary_own_20260816/artifacts/O3/h00013/main_opt_1.before.ll,/home/dungbv/clau/reports/ir_boundary_own_20260816/artifacts/O3/h00013/main_opt_1.after.ll,True,11,2,-9,36,20,-16,739,603,-136,4,3,-1,22,11,-11,20,11,-9,2,0,-2,13,9,-4,5,3,-2,76,59,-17,381,318,-63,59,41,-18,27,31,4,4,4,0,1,1,0,0,0,0,521,421,-100,86,81,-5,0,0,0
own_v1,O3,h00013,main_default_opt_2,/home/dungbv/clau/reports/ir_boundary_own_20260816/artifacts/O3/h00013/main_opt_2.before.ll,/home/dungbv/clau/reports/ir_boundary_own_20260816/artifacts/O3/h00013/main_opt_2.after.ll,True,2,2,0,20,18,-2,158,138,-20,3,1,-2,9,3,-6,9,3,-6,0,0,0,7,1,-6,4,4,0,18,22,4,26,31,5,29,16,-13,2,0,-2,4,4,0,1,1,0,0,0,0,77,73,-4,18,12,-6,0,0,0
own_v1,O3,h00013,bundle_default_opt_3,/home/dungbv/clau/result/f3_o3_final_20260815/h00013/h00013_final.02-pointer-opt.ll,/home/dungbv/clau/reports/ir_boundary_own_20260816/artifacts/O3/h00013/bundle_default_opt_3.after.ll,True,2,2,0,18,18,0,136,135,-1,1,1,0,3,3,0,3,3,0,0,0,0,1,1,0,4,4,0,22,22,0,31,31,0,18,17,-1,0,0,0,4,4,0,1,1,0,0,0,0,75,74,-1,10,10,0,0,0,0
own_v1,O3,h00013,bundle_default_opt_4,/home/dungbv/clau/result/f3_o3_final_20260815/h00013/h00013_final.05-unpinned.ll,/home/dungbv/clau/reports/ir_boundary_own_20260816/artifacts/O3/h00013/bundle_default_opt_4.after.ll,True,2,2,0,18,18,0,135,135,0,1,1,0,3,3,0,3,3,0,0,0,0,1,1,0,4,4,0,22,22,0,31,31,0,17,17,0,0,0,0,4,4,0,1,1,0,0,0,0,74,74,0,10,10,0,0,0,0
own_v1,O3,h00013,bundle_post_opt_4_custom_cleanup,/home/dungbv/clau/reports/ir_boundary_own_20260816/artifacts/O3/h00013/bundle_default_opt_4.after.ll,/home/dungbv/clau/result/f3_o3_final_20260815/h00013/h00013_final.ll,True,2,1,-1,18,17,-1,135,134,-1,1,1,0,3,3,0,3,3,0,0,0,0,1,1,0,4,4,0,22,22,0,31,31,0,17,17,0,0,0,0,4,4,0,1,1,0,0,0,0,74,74,0,10,10,0,0,0,0
own_v1,O3,h00014,main_default_opt_1,/home/dungbv/clau/reports/ir_boundary_own_20260816/artifacts/O3/h00014/main_opt_1.before.ll,/home/dungbv/clau/reports/ir_boundary_own_20260816/artifacts/O3/h00014/main_opt_1.after.ll,True,12,3,-9,61,48,-13,1460,1285,-175,7,6,-1,27,14,-13,25,14,-11,2,0,-2,15,9,-6,5,3,-2,139,117,-22,773,699,-74,39,22,-17,39,51,12,13,13,0,4,4,0,0,0,0,956,841,-115,225,213,-12,0,0,0
own_v1,O3,h00014,main_default_opt_2,/home/dungbv/clau/reports/ir_boundary_own_20260816/artifacts/O3/h00014/main_opt_2.before.ll,/home/dungbv/clau/reports/ir_boundary_own_20260816/artifacts/O3/h00014/main_opt_2.after.ll,True,3,3,0,48,48,0,1256,1259,3,6,6,0,16,10,-6,16,10,-6,0,0,0,11,5,-6,4,4,0,117,123,6,681,685,4,11,10,-1,51,51,0,13,13,0,4,4,0,0,0,0,813,822,9,211,211,0,0,0,0
own_v1,O3,h00014,bundle_default_opt_3,/home/dungbv/clau/result/f3_o3_final_20260815/h00014/h00014_final.02-pointer-opt.ll,/home/dungbv/clau/reports/ir_boundary_own_20260816/artifacts/O3/h00014/bundle_default_opt_3.after.ll,True,3,3,0,48,48,0,1280,1093,-187,6,6,0,9,9,0,9,9,0,0,0,0,4,4,0,4,4,0,131,101,-30,684,547,-137,10,10,0,51,49,-2,13,13,0,4,4,0,0,0,0,829,662,-167,210,207,-3,0,0,0
own_v1,O3,h00014,bundle_default_opt_4,/home/dungbv/clau/result/f3_o3_final_20260815/h00014/h00014_final.05-unpinned.ll,/home/dungbv/clau/reports/ir_boundary_own_20260816/artifacts/O3/h00014/bundle_default_opt_4.after.ll,True,3,3,0,48,48,0,1093,1085,-8,6,6,0,9,9,0,9,9,0,0,0,0,4,4,0,4,4,0,101,101,0,547,539,-8,10,10,0,49,49,0,13,13,0,4,4,0,0,0,0,662,654,-8,207,207,0,0,0,0
own_v1,O3,h00014,bundle_post_opt_4_custom_cleanup,/home/dungbv/clau/reports/ir_boundary_own_20260816/artifacts/O3/h00014/bundle_default_opt_4.after.ll,/home/dungbv/clau/result/f3_o3_final_20260815/h00014/h00014_final.ll,True,3,2,-1,48,47,-1,1085,1084,-1,6,6,0,9,9,0,9,9,0,0,0,0,4,4,0,4,4,0,101,101,0,539,539,0,10,10,0,49,49,0,13,13,0,4,4,0,0,0,0,654,654,0,207,207,0,0,0,0
own_v1,O3,h00015,main_default_opt_1,/home/dungbv/clau/reports/ir_boundary_own_20260816/artifacts/O3/h00015/main_opt_1.before.ll,/home/dungbv/clau/reports/ir_boundary_own_20260816/artifacts/O3/h00015/main_opt_1.after.ll,True,11,2,-9,49,33,-16,1106,967,-139,6,5,-1,32,20,-12,30,20,-10,2,0,-2,20,15,-5,7,5,-2,99,82,-17,539,476,-63,52,35,-17,27,31,4,8,8,0,1,1,0,2,2,0,697,598,-99,169,164,-5,0,0,0
own_v1,O3,h00015,main_default_opt_2,/home/dungbv/clau/reports/ir_boundary_own_20260816/artifacts/O3/h00015/main_opt_2.before.ll,/home/dungbv/clau/reports/ir_boundary_own_20260816/artifacts/O3/h00015/main_opt_2.after.ll,True,2,2,0,33,28,-5,337,235,-102,5,3,-2,11,10,-1,11,10,-1,0,0,0,6,5,-1,4,4,0,23,24,1,60,37,-23,25,21,-4,4,4,0,12,10,-2,1,1,0,2,2,0,112,86,-26,93,54,-39,0,0,0
own_v1,O3,h00015,bundle_default_opt_3,/home/dungbv/clau/result/f3_o3_final_20260815/h00015/h00015_final.02-pointer-opt.ll,/home/dungbv/clau/reports/ir_boundary_own_20260816/artifacts/O3/h00015/bundle_default_opt_3.after.ll,True,2,2,0,28,28,0,227,218,-9,3,3,0,10,11,1,10,11,1,0,0,0,5,6,1,4,4,0,24,23,-1,37,35,-2,33,28,-5,4,4,0,10,10,0,1,1,0,2,2,0,98,90,-8,44,43,-1,0,0,0
own_v1,O3,h00015,bundle_default_opt_4,/home/dungbv/clau/result/f3_o3_final_20260815/h00015/h00015_final.05-unpinned.ll,/home/dungbv/clau/reports/ir_boundary_own_20260816/artifacts/O3/h00015/bundle_default_opt_4.after.ll,True,2,2,0,28,28,0,218,218,0,3,3,0,11,11,0,11,11,0,0,0,0,6,6,0,4,4,0,23,23,0,35,35,0,28,28,0,4,4,0,10,10,0,1,1,0,2,2,0,90,90,0,43,43,0,0,0,0
own_v1,O3,h00015,bundle_post_opt_4_custom_cleanup,/home/dungbv/clau/reports/ir_boundary_own_20260816/artifacts/O3/h00015/bundle_default_opt_4.after.ll,/home/dungbv/clau/result/f3_o3_final_20260815/h00015/h00015_final.ll,True,2,1,-1,28,27,-1,218,217,-1,3,3,0,11,11,0,11,11,0,0,0,0,6,6,0,4,4,0,23,23,0,35,35,0,28,28,0,4,4,0,10,10,0,1,1,0,2,2,0,90,90,0,43,43,0,0,0,0
own_v1,O3,h00016,main_default_opt_1,/home/dungbv/clau/reports/ir_boundary_own_20260816/artifacts/O3/h00016/main_opt_1.before.ll,/home/dungbv/clau/reports/ir_boundary_own_20260816/artifacts/O3/h00016/main_opt_1.after.ll,True,11,2,-9,50,34,-16,1049,911,-138,4,3,-1,28,16,-12,26,16,-10,2,0,-2,18,13,-5,7,5,-2,98,81,-17,567,506,-61,87,70,-17,26,29,3,9,9,0,1,1,0,0,0,0,759,662,-97,120,112,-8,0,0,0
own_v1,O3,h00016,main_default_opt_2,/home/dungbv/clau/reports/ir_boundary_own_20260816/artifacts/O3/h00016/main_opt_2.before.ll,/home/dungbv/clau/reports/ir_boundary_own_20260816/artifacts/O3/h00016/main_opt_2.after.ll,True,2,2,0,34,32,-2,300,243,-57,3,1,-2,9,8,-1,9,8,-1,0,0,0,6,5,-1,4,4,0,26,28,2,65,64,-1,59,31,-28,4,2,-2,12,10,-2,1,1,0,0,0,0,154,127,-27,55,36,-19,0,0,0
own_v1,O3,h00016,bundle_default_opt_3,/home/dungbv/clau/result/f3_o3_final_20260815/h00016/h00016_final.02-pointer-opt.ll,/home/dungbv/clau/reports/ir_boundary_own_20260816/artifacts/O3/h00016/bundle_default_opt_3.after.ll,True,2,2,0,32,32,0,241,240,-1,1,1,0,8,8,0,8,8,0,0,0,0,5,5,0,4,4,0,28,28,0,64,64,0,33,32,-1,2,2,0,10,10,0,1,1,0,0,0,0,129,128,-1,34,34,0,0,0,0
own_v1,O3,h00016,bundle_default_opt_4,/home/dungbv/clau/result/f3_o3_final_20260815/h00016/h00016_final.05-unpinned.ll,/home/dungbv/clau/reports/ir_boundary_own_20260816/artifacts/O3/h00016/bundle_default_opt_4.after.ll,True,2,2,0,32,32,0,240,240,0,1,1,0,8,8,0,8,8,0,0,0,0,5,5,0,4,4,0,28,28,0,64,64,0,32,32,0,2,2,0,10,10,0,1,1,0,0,0,0,128,128,0,34,34,0,0,0,0
own_v1,O3,h00016,bundle_post_opt_4_custom_cleanup,/home/dungbv/clau/reports/ir_boundary_own_20260816/artifacts/O3/h00016/bundle_default_opt_4.after.ll,/home/dungbv/clau/result/f3_o3_final_20260815/h00016/h00016_final.ll,True,2,1,-1,32,31,-1,240,239,-1,1,1,0,8,8,0,8,8,0,0,0,0,5,5,0,4,4,0,28,28,0,64,64,0,32,32,0,2,2,0,10,10,0,1,1,0,0,0,0,128,128,0,34,34,0,0,0,0
own_v1,O3,h00017,main_default_opt_1,/home/dungbv/clau/reports/ir_boundary_own_20260816/artifacts/O3/h00017/main_opt_1.before.ll,/home/dungbv/clau/reports/ir_boundary_own_20260816/artifacts/O3/h00017/main_opt_1.after.ll,True,11,8,-3,45,40,-5,1258,1160,-98,4,4,0,32,25,-7,30,23,-7,2,2,0,19,15,-4,7,5,-2,138,109,-29,590,563,-27,63,41,-22,21,33,12,14,14,0,1,1,0,0,0,0,798,718,-80,186,189,3,0,0,0
own_v1,O3,h00017,main_default_opt_2,/home/dungbv/clau/reports/ir_boundary_own_20260816/artifacts/O3/h00017/main_opt_2.before.ll,/home/dungbv/clau/reports/ir_boundary_own_20260816/artifacts/O3/h00017/main_opt_2.after.ll,True,8,8,0,40,40,0,1294,1247,-47,4,4,0,25,26,1,23,24,1,2,2,0,15,16,1,5,5,0,109,109,0,563,558,-5,69,66,-3,33,33,0,34,34,0,1,1,0,0,0,0,746,738,-8,261,241,-20,0,0,0
own_v1,O3,h00017,bundle_default_opt_3,/home/dungbv/clau/result/f3_o3_final_20260815/h00017/h00017_final.02-pointer-opt.ll,/home/dungbv/clau/reports/ir_boundary_own_20260816/artifacts/O3/h00017/bundle_default_opt_3.after.ll,True,9,9,0,42,42,0,1029,853,-176,4,4,0,36,33,-3,34,31,-3,2,2,0,15,14,-1,5,5,0,108,72,-36,431,307,-124,46,46,0,29,27,-2,14,14,0,1,1,0,0,0,0,590,430,-160,180,173,-7,0,0,0
own_v1,O3,h00017,bundle_default_opt_4,/home/dungbv/clau/result/f3_o3_final_20260815/h00017/h00017_final.05-unpinned.ll,/home/dungbv/clau/reports/ir_boundary_own_20260816/artifacts/O3/h00017/bundle_default_opt_4.after.ll,True,9,9,0,42,42,0,853,844,-9,4,4,0,33,33,0,31,31,0,2,2,0,14,14,0,5,5,0,72,72,0,307,306,-1,46,46,0,27,27,0,14,14,0,1,1,0,0,0,0,430,429,-1,173,169,-4,0,0,0
own_v1,O3,h00017,bundle_post_opt_4_custom_cleanup,/home/dungbv/clau/reports/ir_boundary_own_20260816/artifacts/O3/h00017/bundle_default_opt_4.after.ll,/home/dungbv/clau/result/f3_o3_final_20260815/h00017/h00017_final.ll,True,9,9,0,42,42,0,844,844,0,4,4,0,33,33,0,31,31,0,2,2,0,14,14,0,5,5,0,72,72,0,306,306,0,46,46,0,27,27,0,14,14,0,1,1,0,0,0,0,429,429,0,169,169,0,0,0,0
own_v1,O3,h00018,main_default_opt_1,/home/dungbv/clau/reports/ir_boundary_own_20260816/artifacts/O3/h00018/main_opt_1.before.ll,/home/dungbv/clau/reports/ir_boundary_own_20260816/artifacts/O3/h00018/main_opt_1.after.ll,True,11,8,-3,66,61,-5,1388,1328,-60,4,4,0,19,13,-6,17,11,-6,2,2,0,9,6,-3,3,1,-2,95,93,-2,828,796,-32,94,73,-21,27,39,12,23,23,0,1,1,0,0,0,0,1020,963,-57,162,167,5,0,0,0
own_v1,O3,h00018,main_default_opt_2,/home/dungbv/clau/reports/ir_boundary_own_20260816/artifacts/O3/h00018/main_opt_2.before.ll,/home/dungbv/clau/reports/ir_boundary_own_20260816/artifacts/O3/h00018/main_opt_2.after.ll,True,8,8,0,61,61,0,1329,1316,-13,4,4,0,13,13,0,11,11,0,2,2,0,6,6,0,1,1,0,93,93,0,796,794,-2,75,72,-3,39,39,0,23,23,0,1,1,0,0,0,0,965,960,-5,165,161,-4,0,0,0
own_v1,O3,h00018,bundle_default_opt_3,/home/dungbv/clau/result/f3_o3_final_20260815/h00018/h00018_final.02-pointer-opt.ll,/home/dungbv/clau/reports/ir_boundary_own_20260816/artifacts/O3/h00018/bundle_default_opt_3.after.ll,True,9,9,0,63,63,0,1075,913,-162,4,4,0,14,14,0,12,12,0,2,2,0,5,5,0,1,1,0,93,84,-9,598,446,-152,66,66,0,30,30,0,19,19,0,1,1,0,0,0,0,758,597,-161,128,127,-1,0,0,0
own_v1,O3,h00018,bundle_default_opt_4,/home/dungbv/clau/result/f3_o3_final_20260815/h00018/h00018_final.05-unpinned.ll,/home/dungbv/clau/reports/ir_boundary_own_20260816/artifacts/O3/h00018/bundle_default_opt_4.after.ll,True,9,9,0,63,63,0,913,869,-44,4,4,0,14,14,0,12,12,0,2,2,0,5,5,0,1,1,0,84,84,0,446,402,-44,66,66,0,30,30,0,19,19,0,1,1,0,0,0,0,597,553,-44,127,127,0,0,0,0
own_v1,O3,h00018,bundle_post_opt_4_custom_cleanup,/home/dungbv/clau/reports/ir_boundary_own_20260816/artifacts/O3/h00018/bundle_default_opt_4.after.ll,/home/dungbv/clau/result/f3_o3_final_20260815/h00018/h00018_final.ll,True,9,9,0,63,63,0,869,859,-10,4,4,0,14,14,0,12,12,0,2,2,0,5,5,0,1,1,0,84,84,0,402,392,-10,66,66,0,30,30,0,19,19,0,1,1,0,0,0,0,553,543,-10,127,127,0,0,0,0
own_v1,O3,h00019,main_default_opt_1,/home/dungbv/clau/reports/ir_boundary_own_20260816/artifacts/O3/h00019/main_opt_1.before.ll,/home/dungbv/clau/reports/ir_boundary_own_20260816/artifacts/O3/h00019/main_opt_1.after.ll,True,11,2,-9,57,41,-16,1116,980,-136,4,3,-1,28,16,-12,26,16,-10,2,0,-2,18,13,-5,7,5,-2,104,88,-16,605,544,-61,97,80,-17,26,29,3,12,12,0,1,1,0,0,0,0,813,717,-96,123,116,-7,0,0,0
own_v1,O3,h00019,main_default_opt_2,/home/dungbv/clau/reports/ir_boundary_own_20260816/artifacts/O3/h00019/main_opt_2.before.ll,/home/dungbv/clau/reports/ir_boundary_own_20260816/artifacts/O3/h00019/main_opt_2.after.ll,True,2,2,0,41,39,-2,346,282,-64,3,1,-2,11,8,-3,11,8,-3,0,0,0,8,5,-3,5,5,0,33,37,4,73,74,1,70,33,-37,4,2,-2,15,13,-2,1,1,0,0,0,0,181,149,-32,63,44,-19,0,0,0
own_v1,O3,h00019,bundle_default_opt_3,/home/dungbv/clau/result/f3_o3_final_20260815/h00019/h00019_final.02-pointer-opt.ll,/home/dungbv/clau/reports/ir_boundary_own_20260816/artifacts/O3/h00019/bundle_default_opt_3.after.ll,True,2,2,0,39,39,0,280,279,-1,1,1,0,8,8,0,8,8,0,0,0,0,5,5,0,5,5,0,37,37,0,74,74,0,35,34,-1,2,2,0,13,13,0,1,1,0,0,0,0,151,150,-1,42,42,0,0,0,0
own_v1,O3,h00019,bundle_default_opt_4,/home/dungbv/clau/result/f3_o3_final_20260815/h00019/h00019_final.05-unpinned.ll,/home/dungbv/clau/reports/ir_boundary_own_20260816/artifacts/O3/h00019/bundle_default_opt_4.after.ll,True,2,2,0,39,39,0,279,279,0,1,1,0,8,8,0,8,8,0,0,0,0,5,5,0,5,5,0,37,37,0,74,74,0,34,34,0,2,2,0,13,13,0,1,1,0,0,0,0,150,150,0,42,42,0,0,0,0
own_v1,O3,h00019,bundle_post_opt_4_custom_cleanup,/home/dungbv/clau/reports/ir_boundary_own_20260816/artifacts/O3/h00019/bundle_default_opt_4.after.ll,/home/dungbv/clau/result/f3_o3_final_20260815/h00019/h00019_final.ll,True,2,1,-1,39,38,-1,279,278,-1,1,1,0,8,8,0,8,8,0,0,0,0,5,5,0,5,5,0,37,37,0,74,74,0,34,34,0,2,2,0,13,13,0,1,1,0,0,0,0,150,150,0,42,42,0,0,0,0
own_v1,O3,h00020,main_default_opt_1,/home/dungbv/clau/reports/ir_boundary_own_20260816/artifacts/O3/h00020/main_opt_1.before.ll,/home/dungbv/clau/reports/ir_boundary_own_20260816/artifacts/O3/h00020/main_opt_1.after.ll,True,11,8,-3,52,47,-5,1294,1196,-98,8,8,0,37,26,-11,35,24,-11,2,2,0,24,16,-8,9,5,-4,140,138,-2,660,612,-48,102,68,-34,27,39,12,10,10,0,1,1,0,0,0,0,911,823,-88,158,161,3,0,0,0
own_v1,O3,h00020,main_default_opt_2,/home/dungbv/clau/reports/ir_boundary_own_20260816/artifacts/O3/h00020/main_opt_2.before.ll,/home/dungbv/clau/reports/ir_boundary_own_20260816/artifacts/O3/h00020/main_opt_2.after.ll,True,8,8,0,47,47,0,1120,1120,0,8,8,0,20,18,-2,18,16,-2,2,2,0,10,8,-2,2,2,0,138,140,2,576,577,1,40,39,-1,39,39,0,10,10,0,1,1,0,0,0,0,756,758,2,159,159,0,0,0,0
own_v1,O3,h00020,bundle_default_opt_3,/home/dungbv/clau/result/f3_o3_final_20260815/h00020/h00020_final.02-pointer-opt.ll,/home/dungbv/clau/reports/ir_boundary_own_20260816/artifacts/O3/h00020/bundle_default_opt_3.after.ll,True,8,8,0,47,47,0,1082,878,-204,8,8,0,17,17,0,15,15,0,2,2,0,7,7,0,2,2,0,140,92,-48,543,395,-148,39,39,0,37,35,-2,10,10,0,1,1,0,0,0,0,724,528,-196,156,152,-4,0,0,0
own_v1,O3,h00020,bundle_default_opt_4,/home/dungbv/clau/result/f3_o3_final_20260815/h00020/h00020_final.05-unpinned.ll,/home/dungbv/clau/reports/ir_boundary_own_20260816/artifacts/O3/h00020/bundle_default_opt_4.after.ll,True,8,8,0,47,47,0,878,865,-13,8,8,0,17,17,0,15,15,0,2,2,0,7,7,0,2,2,0,92,92,0,395,382,-13,39,39,0,35,35,0,10,10,0,1,1,0,0,0,0,528,515,-13,152,152,0,0,0,0
own_v1,O3,h00020,bundle_post_opt_4_custom_cleanup,/home/dungbv/clau/reports/ir_boundary_own_20260816/artifacts/O3/h00020/bundle_default_opt_4.after.ll,/home/dungbv/clau/result/f3_o3_final_20260815/h00020/h00020_final.ll,True,8,8,0,47,47,0,865,865,0,8,8,0,17,17,0,15,15,0,2,2,0,7,7,0,2,2,0,92,92,0,382,382,0,39,39,0,35,35,0,10,10,0,1,1,0,0,0,0,515,515,0,152,152,0,0,0,0
own_v1,O3,h00021,main_default_opt_1,/home/dungbv/clau/reports/ir_boundary_own_20260816/artifacts/O3/h00021/main_opt_1.before.ll,/home/dungbv/clau/reports/ir_boundary_own_20260816/artifacts/O3/h00021/main_opt_1.after.ll,True,11,8,-3,49,44,-5,1248,1088,-160,8,8,0,39,28,-11,37,26,-11,2,2,0,22,14,-8,9,5,-4,157,112,-45,567,516,-51,110,66,-44,20,31,11,20,20,0,2,2,0,0,0,0,843,699,-144,171,177,6,0,0,0
own_v1,O3,h00021,main_default_opt_2,/home/dungbv/clau/reports/ir_boundary_own_20260816/artifacts/O3/h00021/main_opt_2.before.ll,/home/dungbv/clau/reports/ir_boundary_own_20260816/artifacts/O3/h00021/main_opt_2.after.ll,True,8,8,0,44,44,0,1000,991,-9,8,8,0,20,20,0,18,18,0,2,2,0,6,6,0,1,1,0,112,112,0,480,478,-2,51,44,-7,31,31,0,20,20,0,2,2,0,0,0,0,644,635,-9,162,162,0,0,0,0
own_v1,O3,h00021,bundle_default_opt_3,/home/dungbv/clau/result/f3_o3_final_20260815/h00021/h00021_final.02-pointer-opt.ll,/home/dungbv/clau/reports/ir_boundary_own_20260816/artifacts/O3/h00021/bundle_default_opt_3.after.ll,True,8,8,0,44,44,0,840,713,-127,8,8,0,19,18,-1,17,16,-1,2,2,0,5,4,-1,1,1,0,111,71,-40,352,275,-77,44,44,0,25,25,0,20,20,0,2,2,0,0,0,0,508,391,-117,139,136,-3,0,0,0
own_v1,O3,h00021,bundle_default_opt_4,/home/dungbv/clau/result/f3_o3_final_20260815/h00021/h00021_final.05-unpinned.ll,/home/dungbv/clau/reports/ir_boundary_own_20260816/artifacts/O3/h00021/bundle_default_opt_4.after.ll,True,8,8,0,44,44,0,713,709,-4,8,8,0,18,18,0,16,16,0,2,2,0,4,4,0,1,1,0,71,71,0,275,274,-1,44,44,0,25,25,0,20,20,0,2,2,0,0,0,0,391,390,-1,136,134,-2,0,0,0
own_v1,O3,h00021,bundle_post_opt_4_custom_cleanup,/home/dungbv/clau/reports/ir_boundary_own_20260816/artifacts/O3/h00021/bundle_default_opt_4.after.ll,/home/dungbv/clau/result/f3_o3_final_20260815/h00021/h00021_final.ll,True,8,8,0,44,44,0,709,709,0,8,8,0,18,18,0,16,16,0,2,2,0,4,4,0,1,1,0,71,71,0,274,274,0,44,44,0,25,25,0,20,20,0,2,2,0,0,0,0,390,390,0,134,134,0,0,0,0
own_v1,O3,h00022,main_default_opt_1,/home/dungbv/clau/reports/ir_boundary_own_20260816/artifacts/O3/h00022/main_opt_1.before.ll,/home/dungbv/clau/reports/ir_boundary_own_20260816/artifacts/O3/h00022/main_opt_1.after.ll,True,12,3,-9,26,10,-16,647,499,-148,2,1,-1,26,14,-12,24,14,-10,2,0,-2,15,10,-5,5,3,-2,90,73,-17,291,230,-61,41,23,-18,22,14,-8,1,1,0,1,1,0,0,0,0,427,329,-98,90,72,-18,0,0,0
own_v1,O3,h00022,main_default_opt_2,/home/dungbv/clau/reports/ir_boundary_own_20260816/artifacts/O3/h00022/main_opt_2.before.ll,/home/dungbv/clau/reports/ir_boundary_own_20260816/artifacts/O3/h00022/main_opt_2.after.ll,True,3,3,0,10,10,0,462,463,1,1,1,0,12,10,-2,12,10,-2,0,0,0,8,6,-2,2,2,0,73,75,2,212,214,2,10,9,-1,14,14,0,1,1,0,1,1,0,0,0,0,297,300,3,70,70,0,0,0,0
own_v1,O3,h00022,bundle_default_opt_3,/home/dungbv/clau/result/f3_o3_final_20260815/h00022/h00022_final.02-pointer-opt.ll,/home/dungbv/clau/reports/ir_boundary_own_20260816/artifacts/O3/h00022/bundle_default_opt_3.after.ll,True,3,3,0,10,10,0,460,208,-252,1,1,0,9,5,-4,9,5,-4,0,0,0,5,1,-4,2,2,0,75,25,-50,213,99,-114,9,9,0,14,7,-7,1,1,0,1,1,0,0,0,0,299,135,-164,69,26,-43,0,0,0
own_v1,O3,h00022,bundle_default_opt_4,/home/dungbv/clau/result/f3_o3_final_20260815/h00022/h00022_final.05-unpinned.ll,/home/dungbv/clau/reports/ir_boundary_own_20260816/artifacts/O3/h00022/bundle_default_opt_4.after.ll,True,3,3,0,10,10,0,208,207,-1,1,1,0,5,5,0,5,5,0,0,0,0,1,1,0,2,2,0,25,25,0,99,98,-1,9,9,0,7,7,0,1,1,0,1,1,0,0,0,0,135,134,-1,26,26,0,0,0,0
own_v1,O3,h00022,bundle_post_opt_4_custom_cleanup,/home/dungbv/clau/reports/ir_boundary_own_20260816/artifacts/O3/h00022/bundle_default_opt_4.after.ll,/home/dungbv/clau/result/f3_o3_final_20260815/h00022/h00022_final.ll,True,3,2,-1,10,9,-1,207,205,-2,1,1,0,5,5,0,5,5,0,0,0,0,1,1,0,2,2,0,25,25,0,98,97,-1,9,9,0,7,7,0,1,1,0,1,1,0,0,0,0,134,133,-1,26,26,0,0,0,0
own_v1,O3,h00023,main_default_opt_1,/home/dungbv/clau/reports/ir_boundary_own_20260816/artifacts/O3/h00023/main_opt_1.before.ll,/home/dungbv/clau/reports/ir_boundary_own_20260816/artifacts/O3/h00023/main_opt_1.after.ll,True,11,2,-9,55,39,-16,1285,1148,-137,5,4,-1,30,18,-12,28,18,-10,2,0,-2,19,14,-5,7,5,-2,112,95,-17,660,599,-61,52,35,-17,27,31,4,10,10,0,1,1,0,1,1,0,831,734,-97,189,183,-6,0,0,0
own_v1,O3,h00023,main_default_opt_2,/home/dungbv/clau/reports/ir_boundary_own_20260816/artifacts/O3/h00023/main_opt_2.before.ll,/home/dungbv/clau/reports/ir_boundary_own_20260816/artifacts/O3/h00023/main_opt_2.after.ll,True,2,2,0,39,34,-5,431,299,-132,4,2,-2,10,9,-1,10,9,-1,0,0,0,6,5,-1,4,4,0,36,37,1,73,43,-30,25,21,-4,4,4,0,14,12,-2,1,1,0,1,1,0,138,105,-33,121,72,-49,0,0,0
own_v1,O3,h00023,bundle_default_opt_3,/home/dungbv/clau/result/f3_o3_final_20260815/h00023/h00023_final.02-pointer-opt.ll,/home/dungbv/clau/reports/ir_boundary_own_20260816/artifacts/O3/h00023/bundle_default_opt_3.after.ll,True,2,2,0,34,34,0,286,277,-9,2,2,0,9,9,0,9,9,0,0,0,0,5,5,0,4,4,0,37,37,0,43,43,0,49,40,-9,4,4,0,12,12,0,1,1,0,1,1,0,133,124,-9,51,51,0,0,0,0
own_v1,O3,h00023,bundle_default_opt_4,/home/dungbv/clau/result/f3_o3_final_20260815/h00023/h00023_final.05-unpinned.ll,/home/dungbv/clau/reports/ir_boundary_own_20260816/artifacts/O3/h00023/bundle_default_opt_4.after.ll,True,2,2,0,34,34,0,277,277,0,2,2,0,9,9,0,9,9,0,0,0,0,5,5,0,4,4,0,37,37,0,43,43,0,40,40,0,4,4,0,12,12,0,1,1,0,1,1,0,124,124,0,51,51,0,0,0,0
own_v1,O3,h00023,bundle_post_opt_4_custom_cleanup,/home/dungbv/clau/reports/ir_boundary_own_20260816/artifacts/O3/h00023/bundle_default_opt_4.after.ll,/home/dungbv/clau/result/f3_o3_final_20260815/h00023/h00023_final.ll,True,2,1,-1,34,33,-1,277,276,-1,2,2,0,9,9,0,9,9,0,0,0,0,5,5,0,4,4,0,37,37,0,43,43,0,40,40,0,4,4,0,12,12,0,1,1,0,1,1,0,124,124,0,51,51,0,0,0,0
own_v1,O3,h00024,main_default_opt_1,/home/dungbv/clau/reports/ir_boundary_own_20260816/artifacts/O3/h00024/main_opt_1.before.ll,/home/dungbv/clau/reports/ir_boundary_own_20260816/artifacts/O3/h00024/main_opt_1.after.ll,True,11,8,-3,33,28,-5,869,780,-89,2,2,0,24,13,-11,22,11,-11,2,2,0,13,5,-8,5,1,-4,93,91,-2,436,393,-43,68,36,-32,19,30,11,10,10,0,1,1,0,0,0,0,602,521,-81,119,125,6,0,0,0
own_v1,O3,h00024,main_default_opt_2,/home/dungbv/clau/reports/ir_boundary_own_20260816/artifacts/O3/h00024/main_opt_2.before.ll,/home/dungbv/clau/reports/ir_boundary_own_20260816/artifacts/O3/h00024/main_opt_2.after.ll,True,8,8,0,28,28,0,785,760,-25,2,2,0,13,13,0,11,11,0,2,2,0,5,5,0,1,1,0,91,91,0,393,379,-14,38,35,-3,32,32,0,10,10,0,1,1,0,0,0,0,523,506,-17,127,123,-4,0,0,0
own_v1,O3,h00024,bundle_default_opt_3,/home/dungbv/clau/result/f3_o3_final_20260815/h00024/h00024_final.02-pointer-opt.ll,/home/dungbv/clau/reports/ir_boundary_own_20260816/artifacts/O3/h00024/bundle_default_opt_3.after.ll,True,9,9,0,30,30,0,654,571,-83,2,2,0,14,14,0,12,12,0,2,2,0,4,4,0,1,1,0,91,71,-20,304,242,-62,29,29,0,26,26,0,6,6,0,1,1,0,0,0,0,425,343,-82,102,101,-1,0,0,0
own_v1,O3,h00024,bundle_default_opt_4,/home/dungbv/clau/result/f3_o3_final_20260815/h00024/h00024_final.05-unpinned.ll,/home/dungbv/clau/reports/ir_boundary_own_20260816/artifacts/O3/h00024/bundle_default_opt_4.after.ll,True,9,9,0,30,30,0,571,571,0,2,2,0,14,14,0,12,12,0,2,2,0,4,4,0,1,1,0,71,71,0,242,242,0,29,29,0,26,26,0,6,6,0,1,1,0,0,0,0,343,343,0,101,101,0,0,0,0
own_v1,O3,h00024,bundle_post_opt_4_custom_cleanup,/home/dungbv/clau/reports/ir_boundary_own_20260816/artifacts/O3/h00024/bundle_default_opt_4.after.ll,/home/dungbv/clau/result/f3_o3_final_20260815/h00024/h00024_final.ll,True,9,9,0,30,30,0,571,571,0,2,2,0,14,14,0,12,12,0,2,2,0,4,4,0,1,1,0,71,71,0,242,242,0,29,29,0,26,26,0,6,6,0,1,1,0,0,0,0,343,343,0,101,101,0,0,0,0
own_v1,O3,h00025,main_default_opt_1,/home/dungbv/clau/reports/ir_boundary_own_20260816/artifacts/O3/h00025/main_opt_1.before.ll,/home/dungbv/clau/reports/ir_boundary_own_20260816/artifacts/O3/h00025/main_opt_1.after.ll,True,11,8,-3,47,42,-5,1194,1141,-53,5,5,0,28,21,-7,26,19,-7,2,2,0,17,13,-4,7,5,-2,111,109,-2,695,667,-28,94,76,-18,30,43,13,10,10,0,2,2,0,0,0,0,907,857,-50,123,129,6,0,0,0
own_v1,O3,h00025,main_default_opt_2,/home/dungbv/clau/reports/ir_boundary_own_20260816/artifacts/O3/h00025/main_opt_2.before.ll,/home/dungbv/clau/reports/ir_boundary_own_20260816/artifacts/O3/h00025/main_opt_2.after.ll,True,8,8,0,42,42,0,1065,1066,1,5,5,0,15,13,-2,13,11,-2,2,2,0,7,5,-2,2,2,0,109,111,2,631,633,2,48,47,-1,43,43,0,10,10,0,2,2,0,0,0,0,790,793,3,127,127,0,0,0,0
own_v1,O3,h00025,bundle_default_opt_3,/home/dungbv/clau/result/f3_o3_final_20260815/h00025/h00025_final.02-pointer-opt.ll,/home/dungbv/clau/reports/ir_boundary_own_20260816/artifacts/O3/h00025/bundle_default_opt_3.after.ll,True,8,8,0,42,42,0,949,756,-193,5,5,0,12,12,0,10,10,0,2,2,0,4,4,0,2,2,0,111,78,-33,528,371,-157,47,47,0,37,35,-2,10,10,0,2,2,0,0,0,0,688,498,-190,117,114,-3,0,0,0
own_v1,O3,h00025,bundle_default_opt_4,/home/dungbv/clau/result/f3_o3_final_20260815/h00025/h00025_final.05-unpinned.ll,/home/dungbv/clau/reports/ir_boundary_own_20260816/artifacts/O3/h00025/bundle_default_opt_4.after.ll,True,8,8,0,42,42,0,756,734,-22,5,5,0,12,12,0,10,10,0,2,2,0,4,4,0,2,2,0,78,78,0,371,349,-22,47,47,0,35,35,0,10,10,0,2,2,0,0,0,0,498,476,-22,114,114,0,0,0,0
own_v1,O3,h00025,bundle_post_opt_4_custom_cleanup,/home/dungbv/clau/reports/ir_boundary_own_20260816/artifacts/O3/h00025/bundle_default_opt_4.after.ll,/home/dungbv/clau/result/f3_o3_final_20260815/h00025/h00025_final.ll,True,8,8,0,42,42,0,734,729,-5,5,5,0,12,12,0,10,10,0,2,2,0,4,4,0,2,2,0,78,78,0,349,344,-5,47,47,0,35,35,0,10,10,0,2,2,0,0,0,0,476,471,-5,114,114,0,0,0,0
own_v1,O3,h00026,main_default_opt_1,/home/dungbv/clau/reports/ir_boundary_own_20260816/artifacts/O3/h00026/main_opt_1.before.ll,/home/dungbv/clau/reports/ir_boundary_own_20260816/artifacts/O3/h00026/main_opt_1.after.ll,True,11,8,-3,84,79,-5,1644,1584,-60,6,6,0,28,21,-7,26,19,-7,2,2,0,17,13,-4,7,5,-2,128,123,-5,982,950,-32,120,104,-16,26,37,11,23,23,0,2,2,0,0,0,0,1237,1182,-55,160,164,4,0,0,0
own_v1,O3,h00026,main_default_opt_2,/home/dungbv/clau/reports/ir_boundary_own_20260816/artifacts/O3/h00026/main_opt_2.before.ll,/home/dungbv/clau/reports/ir_boundary_own_20260816/artifacts/O3/h00026/main_opt_2.after.ll,True,8,8,0,79,79,0,1604,1572,-32,6,6,0,17,17,0,15,15,0,2,2,0,9,9,0,3,3,0,123,116,-7,932,923,-9,98,102,4,37,37,0,31,31,0,2,2,0,0,0,0,1156,1144,-12,198,188,-10,0,0,0
own_v1,O3,h00026,bundle_default_opt_3,/home/dungbv/clau/result/f3_o3_final_20260815/h00026/h00026_final.02-pointer-opt.ll,/home/dungbv/clau/reports/ir_boundary_own_20260816/artifacts/O3/h00026/bundle_default_opt_3.after.ll,True,9,2,-7,81,68,-13,1159,905,-254,6,5,-1,17,12,-5,15,12,-3,2,0,-2,8,8,0,3,3,0,113,73,-40,590,424,-166,92,88,-4,28,20,-8,23,21,-2,2,2,0,0,0,0,798,588,-210,134,116,-18,0,0,0
own_v1,O3,h00026,bundle_default_opt_4,/home/dungbv/clau/result/f3_o3_final_20260815/h00026/h00026_final.05-unpinned.ll,/home/dungbv/clau/reports/ir_boundary_own_20260816/artifacts/O3/h00026/bundle_default_opt_4.after.ll,True,2,2,0,68,68,0,905,840,-65,5,5,0,12,12,0,12,12,0,0,0,0,8,8,0,3,3,0,73,73,0,424,361,-63,88,88,0,20,20,0,21,21,0,2,2,0,0,0,0,588,525,-63,116,116,0,0,0,0
own_v1,O3,h00026,bundle_post_opt_4_custom_cleanup,/home/dungbv/clau/reports/ir_boundary_own_20260816/artifacts/O3/h00026/bundle_default_opt_4.after.ll,/home/dungbv/clau/result/f3_o3_final_20260815/h00026/h00026_final.ll,True,2,1,-1,68,67,-1,840,839,-1,5,5,0,12,12,0,12,12,0,0,0,0,8,8,0,3,3,0,73,73,0,361,361,0,88,88,0,20,20,0,21,21,0,2,2,0,0,0,0,525,525,0,116,116,0,0,0,0
own_v1,O3,h00027,main_default_opt_1,/home/dungbv/clau/reports/ir_boundary_own_20260816/artifacts/O3/h00027/main_opt_1.before.ll,/home/dungbv/clau/reports/ir_boundary_own_20260816/artifacts/O3/h00027/main_opt_1.after.ll,True,11,8,-3,85,80,-5,1656,1546,-110,6,6,0,35,24,-11,33,22,-11,2,2,0,22,14,-8,9,5,-4,148,145,-3,933,874,-59,137,105,-32,26,37,11,24,24,0,3,3,0,0,0,0,1227,1129,-98,174,176,2,0,0,0
own_v1,O3,h00027,main_default_opt_2,/home/dungbv/clau/reports/ir_boundary_own_20260816/artifacts/O3/h00027/main_opt_2.before.ll,/home/dungbv/clau/reports/ir_boundary_own_20260816/artifacts/O3/h00027/main_opt_2.after.ll,True,8,8,0,80,80,0,1566,1533,-33,6,6,0,20,20,0,18,18,0,2,2,0,10,10,0,3,3,0,145,137,-8,856,843,-13,99,107,8,37,37,0,32,32,0,3,3,0,0,0,0,1103,1090,-13,210,200,-10,0,0,0
own_v1,O3,h00027,bundle_default_opt_3,/home/dungbv/clau/result/f3_o3_final_20260815/h00027/h00027_final.02-pointer-opt.ll,/home/dungbv/clau/reports/ir_boundary_own_20260816/artifacts/O3/h00027/bundle_default_opt_3.after.ll,True,9,9,0,82,82,0,1219,1065,-154,6,6,0,24,23,-1,22,21,-1,2,2,0,9,9,0,3,3,0,135,94,-41,622,511,-111,87,87,0,28,28,0,22,22,0,3,3,0,0,0,0,847,695,-152,138,137,-1,0,0,0
own_v1,O3,h00027,bundle_default_opt_4,/home/dungbv/clau/result/f3_o3_final_20260815/h00027/h00027_final.05-unpinned.ll,/home/dungbv/clau/reports/ir_boundary_own_20260816/artifacts/O3/h00027/bundle_default_opt_4.after.ll,True,9,9,0,82,82,0,1065,1058,-7,6,6,0,23,23,0,21,21,0,2,2,0,9,9,0,3,3,0,94,94,0,511,504,-7,87,87,0,28,28,0,22,22,0,3,3,0,0,0,0,695,688,-7,137,137,0,0,0,0
own_v1,O3,h00027,bundle_post_opt_4_custom_cleanup,/home/dungbv/clau/reports/ir_boundary_own_20260816/artifacts/O3/h00027/bundle_default_opt_4.after.ll,/home/dungbv/clau/result/f3_o3_final_20260815/h00027/h00027_final.ll,True,9,9,0,82,82,0,1058,1056,-2,6,6,0,23,21,-2,21,19,-2,2,2,0,9,9,0,3,3,0,94,94,0,504,504,0,87,89,2,28,28,0,22,22,0,3,3,0,0,0,0,688,690,2,137,137,0,0,0,0
own_v1,O3,h00028,main_default_opt_1,/home/dungbv/clau/reports/ir_boundary_own_20260816/artifacts/O3/h00028/main_opt_1.before.ll,/home/dungbv/clau/reports/ir_boundary_own_20260816/artifacts/O3/h00028/main_opt_1.after.ll,True,11,2,-9,75,59,-16,1640,1494,-146,3,2,-1,28,17,-11,26,17,-9,2,0,-2,18,14,-4,7,5,-2,138,122,-16,949,882,-67,134,114,-20,19,22,3,20,20,0,2,2,0,0,0,0,1228,1123,-105,167,159,-8,0,0,0
own_v1,O3,h00028,main_default_opt_2,/home/dungbv/clau/reports/ir_boundary_own_20260816/artifacts/O3/h00028/main_opt_2.before.ll,/home/dungbv/clau/reports/ir_boundary_own_20260816/artifacts/O3/h00028/main_opt_2.after.ll,True,2,2,0,59,59,0,551,456,-95,2,2,0,12,9,-3,12,9,-3,0,0,0,9,6,-3,5,5,0,67,67,0,110,110,0,103,44,-59,4,2,-2,22,20,-2,2,2,0,0,0,0,285,226,-59,104,88,-16,0,0,0
own_v1,O3,h00028,bundle_default_opt_3,/home/dungbv/clau/result/f3_o3_final_20260815/h00028/h00028_final.02-pointer-opt.ll,/home/dungbv/clau/reports/ir_boundary_own_20260816/artifacts/O3/h00028/bundle_default_opt_3.after.ll,True,2,2,0,59,59,0,454,453,-1,2,2,0,9,9,0,9,9,0,0,0,0,6,6,0,5,5,0,67,67,0,110,110,0,46,45,-1,2,2,0,20,20,0,2,2,0,0,0,0,228,227,-1,86,86,0,0,0,0
own_v1,O3,h00028,bundle_default_opt_4,/home/dungbv/clau/result/f3_o3_final_20260815/h00028/h00028_final.05-unpinned.ll,/home/dungbv/clau/reports/ir_boundary_own_20260816/artifacts/O3/h00028/bundle_default_opt_4.after.ll,True,2,2,0,59,59,0,453,453,0,2,2,0,9,9,0,9,9,0,0,0,0,6,6,0,5,5,0,67,67,0,110,110,0,45,45,0,2,2,0,20,20,0,2,2,0,0,0,0,227,227,0,86,86,0,0,0,0
own_v1,O3,h00028,bundle_post_opt_4_custom_cleanup,/home/dungbv/clau/reports/ir_boundary_own_20260816/artifacts/O3/h00028/bundle_default_opt_4.after.ll,/home/dungbv/clau/result/f3_o3_final_20260815/h00028/h00028_final.ll,True,2,1,-1,59,58,-1,453,452,-1,2,2,0,9,9,0,9,9,0,0,0,0,6,6,0,5,5,0,67,67,0,110,110,0,45,45,0,2,2,0,20,20,0,2,2,0,0,0,0,227,227,0,86,86,0,0,0,0
own_v1,O3,h00029,main_default_opt_1,/home/dungbv/clau/reports/ir_boundary_own_20260816/artifacts/O3/h00029/main_opt_1.before.ll,/home/dungbv/clau/reports/ir_boundary_own_20260816/artifacts/O3/h00029/main_opt_1.after.ll,True,12,9,-3,92,88,-4,2071,1982,-89,17,17,0,44,37,-7,42,35,-7,2,2,0,27,23,-4,9,7,-2,211,183,-28,1058,1032,-26,148,118,-30,30,45,15,33,33,0,6,6,0,0,0,0,1426,1340,-86,288,294,6,0,0,0
own_v1,O3,h00029,main_default_opt_2,/home/dungbv/clau/reports/ir_boundary_own_20260816/artifacts/O3/h00029/main_opt_2.before.ll,/home/dungbv/clau/reports/ir_boundary_own_20260816/artifacts/O3/h00029/main_opt_2.after.ll,True,9,9,0,88,88,0,2021,1996,-25,17,17,0,35,33,-2,33,31,-2,2,2,0,21,19,-2,6,6,0,183,185,2,1014,1016,2,125,122,-3,45,45,0,45,45,0,6,6,0,0,0,0,1328,1329,1,330,318,-12,0,0,0
own_v1,O3,h00029,bundle_default_opt_3,/home/dungbv/clau/result/f3_o3_final_20260815/h00029/h00029_final.02-pointer-opt.ll,/home/dungbv/clau/reports/ir_boundary_own_20260816/artifacts/O3/h00029/bundle_default_opt_3.after.ll,True,10,10,0,90,90,0,1946,1688,-258,17,17,0,41,41,0,39,39,0,2,2,0,18,18,0,6,6,0,190,137,-53,1015,813,-202,106,106,0,45,45,0,29,29,0,6,6,0,0,0,0,1317,1062,-255,277,276,-1,0,0,0
own_v1,O3,h00029,bundle_default_opt_4,/home/dungbv/clau/result/f3_o3_final_20260815/h00029/h00029_final.05-unpinned.ll,/home/dungbv/clau/reports/ir_boundary_own_20260816/artifacts/O3/h00029/bundle_default_opt_4.after.ll,True,10,10,0,90,90,0,1688,1676,-12,17,17,0,41,41,0,39,39,0,2,2,0,18,18,0,6,6,0,137,137,0,813,801,-12,106,106,0,45,45,0,29,29,0,6,6,0,0,0,0,1062,1050,-12,276,276,0,0,0,0
own_v1,O3,h00029,bundle_post_opt_4_custom_cleanup,/home/dungbv/clau/reports/ir_boundary_own_20260816/artifacts/O3/h00029/bundle_default_opt_4.after.ll,/home/dungbv/clau/result/f3_o3_final_20260815/h00029/h00029_final.ll,True,10,10,0,90,90,0,1676,1675,-1,17,17,0,41,41,0,39,39,0,2,2,0,18,18,0,6,6,0,137,137,0,801,800,-1,106,106,0,45,45,0,29,29,0,6,6,0,0,0,0,1050,1049,-1,276,276,0,0,0,0
own_v1,O3,h00030,main_default_opt_1,/home/dungbv/clau/reports/ir_boundary_own_20260816/artifacts/O3/h00030/main_opt_1.before.ll,/home/dungbv/clau/reports/ir_boundary_own_20260816/artifacts/O3/h00030/main_opt_1.after.ll,True,11,2,-9,114,98,-16,2078,1942,-136,8,7,-1,34,22,-12,32,22,-10,2,0,-2,23,18,-5,9,7,-2,164,147,-17,1205,1144,-61,155,138,-17,26,29,3,30,30,0,3,3,0,0,0,0,1533,1436,-97,213,206,-7,0,0,0
own_v1,O3,h00030,main_default_opt_2,/home/dungbv/clau/reports/ir_boundary_own_20260816/artifacts/O3/h00030/main_opt_2.before.ll,/home/dungbv/clau/reports/ir_boundary_own_20260816/artifacts/O3/h00030/main_opt_2.after.ll,True,2,2,0,98,93,-5,640,556,-84,7,2,-5,10,4,-6,10,4,-6,0,0,0,6,0,-6,4,4,0,75,81,6,122,128,6,93,31,-62,2,0,-2,30,30,0,3,2,-1,0,0,0,294,244,-50,112,101,-11,0,0,0
own_v1,O3,h00030,bundle_default_opt_3,/home/dungbv/clau/result/f3_o3_final_20260815/h00030/h00030_final.02-pointer-opt.ll,/home/dungbv/clau/reports/ir_boundary_own_20260816/artifacts/O3/h00030/bundle_default_opt_3.after.ll,True,2,2,0,93,93,0,549,548,-1,2,2,0,4,4,0,4,4,0,0,0,0,0,0,0,4,4,0,81,81,0,128,128,0,38,37,-1,0,0,0,30,30,0,2,2,0,0,0,0,251,250,-1,94,94,0,0,0,0
own_v1,O3,h00030,bundle_default_opt_4,/home/dungbv/clau/result/f3_o3_final_20260815/h00030/h00030_final.05-unpinned.ll,/home/dungbv/clau/reports/ir_boundary_own_20260816/artifacts/O3/h00030/bundle_default_opt_4.after.ll,True,2,2,0,93,93,0,548,548,0,2,2,0,4,4,0,4,4,0,0,0,0,0,0,0,4,4,0,81,81,0,128,128,0,37,37,0,0,0,0,30,30,0,2,2,0,0,0,0,250,250,0,94,94,0,0,0,0
own_v1,O3,h00030,bundle_post_opt_4_custom_cleanup,/home/dungbv/clau/reports/ir_boundary_own_20260816/artifacts/O3/h00030/bundle_default_opt_4.after.ll,/home/dungbv/clau/result/f3_o3_final_20260815/h00030/h00030_final.ll,True,2,1,-1,93,92,-1,548,547,-1,2,2,0,4,4,0,4,4,0,0,0,0,0,0,0,4,4,0,81,81,0,128,128,0,37,37,0,0,0,0,30,30,0,2,2,0,0,0,0,250,250,0,94,94,0,0,0,0
own_v1,O3,h00031,main_default_opt_1,/home/dungbv/clau/reports/ir_boundary_own_20260816/artifacts/O3/h00031/main_opt_1.before.ll,/home/dungbv/clau/reports/ir_boundary_own_20260816/artifacts/O3/h00031/main_opt_1.after.ll,True,11,8,-3,78,73,-5,1684,1602,-82,10,10,0,38,31,-7,36,29,-7,2,2,0,24,20,-4,9,7,-2,151,123,-28,938,913,-25,133,111,-22,27,39,12,22,22,0,4,4,0,0,0,0,1231,1154,-77,193,197,4,0,0,0
own_v1,O3,h00031,main_default_opt_2,/home/dungbv/clau/reports/ir_boundary_own_20260816/artifacts/O3/h00031/main_opt_2.before.ll,/home/dungbv/clau/reports/ir_boundary_own_20260816/artifacts/O3/h00031/main_opt_2.after.ll,True,8,8,0,73,73,0,1478,1470,-8,10,10,0,21,20,-1,19,18,-1,2,2,0,10,9,-1,2,2,0,123,125,2,859,857,-2,78,71,-7,39,39,0,22,22,0,4,4,0,0,0,0,1062,1055,-7,185,185,0,0,0,0
own_v1,O3,h00031,bundle_default_opt_3,/home/dungbv/clau/result/f3_o3_final_20260815/h00031/h00031_final.02-pointer-opt.ll,/home/dungbv/clau/reports/ir_boundary_own_20260816/artifacts/O3/h00031/bundle_default_opt_3.after.ll,True,8,8,0,73,73,0,1288,1135,-153,10,10,0,19,19,0,17,17,0,2,2,0,8,8,0,2,2,0,124,88,-36,697,581,-116,70,70,0,33,33,0,22,22,0,4,4,0,0,0,0,893,741,-152,167,166,-1,0,0,0
own_v1,O3,h00031,bundle_default_opt_4,/home/dungbv/clau/result/f3_o3_final_20260815/h00031/h00031_final.05-unpinned.ll,/home/dungbv/clau/reports/ir_boundary_own_20260816/artifacts/O3/h00031/bundle_default_opt_4.after.ll,True,8,8,0,73,73,0,1135,1124,-11,10,10,0,19,19,0,17,17,0,2,2,0,8,8,0,2,2,0,88,88,0,581,570,-11,70,70,0,33,33,0,22,22,0,4,4,0,0,0,0,741,730,-11,166,166,0,0,0,0
own_v1,O3,h00031,bundle_post_opt_4_custom_cleanup,/home/dungbv/clau/reports/ir_boundary_own_20260816/artifacts/O3/h00031/bundle_default_opt_4.after.ll,/home/dungbv/clau/result/f3_o3_final_20260815/h00031/h00031_final.ll,True,8,8,0,73,73,0,1124,1122,-2,10,10,0,19,19,0,17,17,0,2,2,0,8,8,0,2,2,0,88,88,0,570,568,-2,70,70,0,33,33,0,22,22,0,4,4,0,0,0,0,730,728,-2,166,166,0,0,0,0
own_v1,O3,h00032,main_default_opt_1,/home/dungbv/clau/reports/ir_boundary_own_20260816/artifacts/O3/h00032/main_opt_1.before.ll,/home/dungbv/clau/reports/ir_boundary_own_20260816/artifacts/O3/h00032/main_opt_1.after.ll,True,11,8,-3,73,68,-5,1171,1124,-47,5,5,0,18,11,-7,16,9,-7,2,2,0,9,5,-4,3,1,-2,77,75,-2,696,673,-23,81,65,-16,26,37,11,23,23,0,2,2,0,0,0,0,857,814,-43,148,153,5,0,0,0
own_v1,O3,h00032,main_default_opt_2,/home/dungbv/clau/reports/ir_boundary_own_20260816/artifacts/O3/h00032/main_opt_2.before.ll,/home/dungbv/clau/reports/ir_boundary_own_20260816/artifacts/O3/h00032/main_opt_2.after.ll,True,8,8,0,68,68,0,1125,1113,-12,5,5,0,11,11,0,9,9,0,2,2,0,5,5,0,1,1,0,75,75,0,673,672,-1,66,63,-3,37,37,0,23,23,0,2,2,0,0,0,0,815,811,-4,152,148,-4,0,0,0
own_v1,O3,h00032,bundle_default_opt_3,/home/dungbv/clau/result/f3_o3_final_20260815/h00032/h00032_final.02-pointer-opt.ll,/home/dungbv/clau/reports/ir_boundary_own_20260816/artifacts/O3/h00032/bundle_default_opt_3.after.ll,True,9,9,0,70,70,0,880,759,-121,5,5,0,12,12,0,10,10,0,2,2,0,4,4,0,1,1,0,75,65,-10,497,387,-110,57,57,0,28,28,0,19,19,0,2,2,0,0,0,0,630,510,-120,109,108,-1,0,0,0
own_v1,O3,h00032,bundle_default_opt_4,/home/dungbv/clau/result/f3_o3_final_20260815/h00032/h00032_final.05-unpinned.ll,/home/dungbv/clau/reports/ir_boundary_own_20260816/artifacts/O3/h00032/bundle_default_opt_4.after.ll,True,9,9,0,70,70,0,759,730,-29,5,5,0,12,12,0,10,10,0,2,2,0,4,4,0,1,1,0,65,65,0,387,358,-29,57,57,0,28,28,0,19,19,0,2,2,0,0,0,0,510,481,-29,108,108,0,0,0,0
own_v1,O3,h00032,bundle_post_opt_4_custom_cleanup,/home/dungbv/clau/reports/ir_boundary_own_20260816/artifacts/O3/h00032/bundle_default_opt_4.after.ll,/home/dungbv/clau/result/f3_o3_final_20260815/h00032/h00032_final.ll,True,9,9,0,70,70,0,730,727,-3,5,5,0,12,12,0,10,10,0,2,2,0,4,4,0,1,1,0,65,65,0,358,355,-3,57,57,0,28,28,0,19,19,0,2,2,0,0,0,0,481,478,-3,108,108,0,0,0,0
own_v1,O3,h00033,main_default_opt_1,/home/dungbv/clau/reports/ir_boundary_own_20260816/artifacts/O3/h00033/main_opt_1.before.ll,/home/dungbv/clau/reports/ir_boundary_own_20260816/artifacts/O3/h00033/main_opt_1.after.ll,True,11,8,-3,65,60,-5,1725,1631,-94,6,6,0,31,24,-7,29,22,-7,2,2,0,18,14,-4,7,5,-2,167,138,-29,937,912,-25,63,41,-22,21,33,12,20,20,0,2,2,0,0,0,0,1174,1096,-78,248,249,1,0,0,0
own_v1,O3,h00033,main_default_opt_2,/home/dungbv/clau/reports/ir_boundary_own_20260816/artifacts/O3/h00033/main_opt_2.before.ll,/home/dungbv/clau/reports/ir_boundary_own_20260816/artifacts/O3/h00033/main_opt_2.after.ll,True,8,8,0,60,60,0,1766,1726,-40,6,6,0,24,24,0,22,22,0,2,2,0,14,14,0,5,5,0,138,138,0,912,912,0,68,68,0,33,33,0,40,40,0,2,2,0,0,0,0,1123,1123,0,322,302,-20,0,0,0
own_v1,O3,h00033,bundle_default_opt_3,/home/dungbv/clau/result/f3_o3_final_20260815/h00033/h00033_final.02-pointer-opt.ll,/home/dungbv/clau/reports/ir_boundary_own_20260816/artifacts/O3/h00033/bundle_default_opt_3.after.ll,True,9,9,0,62,62,0,1416,1135,-281,6,6,0,34,31,-3,32,29,-3,2,2,0,13,12,-1,5,5,0,137,103,-34,694,463,-231,48,48,0,29,27,-2,20,20,0,2,2,0,0,0,0,884,619,-265,240,233,-7,0,0,0
own_v1,O3,h00033,bundle_default_opt_4,/home/dungbv/clau/result/f3_o3_final_20260815/h00033/h00033_final.05-unpinned.ll,/home/dungbv/clau/reports/ir_boundary_own_20260816/artifacts/O3/h00033/bundle_default_opt_4.after.ll,True,9,9,0,62,62,0,1135,1120,-15,6,6,0,31,31,0,29,29,0,2,2,0,12,12,0,5,5,0,103,103,0,463,450,-13,48,48,0,27,27,0,20,20,0,2,2,0,0,0,0,619,606,-13,233,231,-2,0,0,0
own_v1,O3,h00033,bundle_post_opt_4_custom_cleanup,/home/dungbv/clau/reports/ir_boundary_own_20260816/artifacts/O3/h00033/bundle_default_opt_4.after.ll,/home/dungbv/clau/result/f3_o3_final_20260815/h00033/h00033_final.ll,True,9,9,0,62,62,0,1120,1118,-2,6,6,0,31,31,0,29,29,0,2,2,0,12,12,0,5,5,0,103,103,0,450,448,-2,48,48,0,27,27,0,20,20,0,2,2,0,0,0,0,606,604,-2,231,231,0,0,0,0
own_v1,O3,h00034,main_default_opt_1,/home/dungbv/clau/reports/ir_boundary_own_20260816/artifacts/O3/h00034/main_opt_1.before.ll,/home/dungbv/clau/reports/ir_boundary_own_20260816/artifacts/O3/h00034/main_opt_1.after.ll,True,11,8,-3,74,69,-5,1806,1709,-97,5,5,0,27,20,-7,25,18,-7,2,2,0,11,7,-4,3,1,-2,163,142,-21,973,942,-31,134,100,-34,27,39,12,42,42,0,2,2,0,0,0,0,1273,1185,-88,252,255,3,0,0,0
own_v1,O3,h00034,main_default_opt_2,/home/dungbv/clau/reports/ir_boundary_own_20260816/artifacts/O3/h00034/main_opt_2.before.ll,/home/dungbv/clau/reports/ir_boundary_own_20260816/artifacts/O3/h00034/main_opt_2.after.ll,True,8,8,0,69,69,0,1704,1667,-37,5,5,0,20,20,0,18,18,0,2,2,0,7,7,0,1,1,0,142,133,-9,942,930,-12,112,104,-8,39,39,0,42,42,0,2,2,0,0,0,0,1197,1168,-29,243,239,-4,0,0,0
own_v1,O3,h00034,bundle_default_opt_3,/home/dungbv/clau/result/f3_o3_final_20260815/h00034/h00034_final.02-pointer-opt.ll,/home/dungbv/clau/reports/ir_boundary_own_20260816/artifacts/O3/h00034/bundle_default_opt_3.after.ll,True,9,9,0,71,71,0,1534,1329,-205,5,5,0,25,25,0,23,23,0,2,2,0,6,6,0,1,1,0,132,123,-9,866,671,-195,87,87,0,36,36,0,28,28,0,2,2,0,0,0,0,1086,882,-204,197,196,-1,0,0,0
own_v1,O3,h00034,bundle_default_opt_4,/home/dungbv/clau/result/f3_o3_final_20260815/h00034/h00034_final.05-unpinned.ll,/home/dungbv/clau/reports/ir_boundary_own_20260816/artifacts/O3/h00034/bundle_default_opt_4.after.ll,True,9,9,0,71,71,0,1329,1290,-39,5,5,0,25,25,0,23,23,0,2,2,0,6,6,0,1,1,0,123,123,0,671,632,-39,87,87,0,36,36,0,28,28,0,2,2,0,0,0,0,882,843,-39,196,196,0,0,0,0
own_v1,O3,h00034,bundle_post_opt_4_custom_cleanup,/home/dungbv/clau/reports/ir_boundary_own_20260816/artifacts/O3/h00034/bundle_default_opt_4.after.ll,/home/dungbv/clau/result/f3_o3_final_20260815/h00034/h00034_final.ll,True,9,9,0,71,71,0,1290,1286,-4,5,5,0,25,25,0,23,23,0,2,2,0,6,6,0,1,1,0,123,123,0,632,628,-4,87,87,0,36,36,0,28,28,0,2,2,0,0,0,0,843,839,-4,196,196,0,0,0,0
own_v1,O3,h00035,main_default_opt_1,/home/dungbv/clau/reports/ir_boundary_own_20260816/artifacts/O3/h00035/main_opt_1.before.ll,/home/dungbv/clau/reports/ir_boundary_own_20260816/artifacts/O3/h00035/main_opt_1.after.ll,True,14,10,-4,58,51,-7,1445,1375,-70,5,5,0,32,24,-8,29,21,-8,3,3,0,19,15,-4,7,5,-2,137,135,-2,787,749,-38,109,89,-20,28,41,13,18,18,0,3,3,0,0,0,0,1040,978,-62,172,178,6,0,0,0
own_v1,O3,h00035,main_default_opt_2,/home/dungbv/clau/reports/ir_boundary_own_20260816/artifacts/O3/h00035/main_opt_2.before.ll,/home/dungbv/clau/reports/ir_boundary_own_20260816/artifacts/O3/h00035/main_opt_2.after.ll,True,10,10,0,51,51,0,1380,1370,-10,5,5,0,22,20,-2,19,17,-2,3,3,0,13,11,-2,4,4,0,135,137,2,731,733,2,82,82,0,41,41,0,24,24,0,3,3,0,0,0,0,952,956,4,200,194,-6,0,0,0
own_v1,O3,h00035,bundle_default_opt_3,/home/dungbv/clau/result/f3_o3_final_20260815/h00035/h00035_final.02-pointer-opt.ll,/home/dungbv/clau/reports/ir_boundary_own_20260816/artifacts/O3/h00035/bundle_default_opt_3.after.ll,True,11,11,0,53,53,0,1173,966,-207,5,5,0,25,25,0,22,22,0,3,3,0,10,10,0,4,4,0,135,102,-33,599,425,-174,66,66,0,35,35,0,14,14,0,3,3,0,0,0,0,804,597,-207,157,157,0,0,0,0
own_v1,O3,h00035,bundle_default_opt_4,/home/dungbv/clau/result/f3_o3_final_20260815/h00035/h00035_final.05-unpinned.ll,/home/dungbv/clau/reports/ir_boundary_own_20260816/artifacts/O3/h00035/bundle_default_opt_4.after.ll,True,11,11,0,53,53,0,966,958,-8,5,5,0,25,25,0,22,22,0,3,3,0,10,10,0,4,4,0,102,102,0,425,417,-8,66,66,0,35,35,0,14,14,0,3,3,0,0,0,0,597,589,-8,157,157,0,0,0,0
own_v1,O3,h00035,bundle_post_opt_4_custom_cleanup,/home/dungbv/clau/reports/ir_boundary_own_20260816/artifacts/O3/h00035/bundle_default_opt_4.after.ll,/home/dungbv/clau/result/f3_o3_final_20260815/h00035/h00035_final.ll,True,11,11,0,53,53,0,958,958,0,5,5,0,25,25,0,22,22,0,3,3,0,10,10,0,4,4,0,102,102,0,417,417,0,66,66,0,35,35,0,14,14,0,3,3,0,0,0,0,589,589,0,157,157,0,0,0,0
own_v1,O3,h00036,main_default_opt_1,/home/dungbv/clau/reports/ir_boundary_own_20260816/artifacts/O3/h00036/main_opt_1.before.ll,/home/dungbv/clau/reports/ir_boundary_own_20260816/artifacts/O3/h00036/main_opt_1.after.ll,True,11,2,-9,32,16,-16,602,466,-136,2,1,-1,18,6,-12,16,6,-10,2,0,-2,9,4,-5,3,1,-2,59,43,-16,328,267,-61,37,20,-17,22,27,5,4,4,0,1,1,0,0,0,0,427,331,-96,76,72,-4,0,0,0
own_v1,O3,h00036,main_default_opt_2,/home/dungbv/clau/reports/ir_boundary_own_20260816/artifacts/O3/h00036/main_opt_2.before.ll,/home/dungbv/clau/reports/ir_boundary_own_20260816/artifacts/O3/h00036/main_opt_2.after.ll,True,2,2,0,16,16,0,128,113,-15,1,1,0,3,3,0,3,3,0,0,0,0,1,1,0,1,1,0,12,12,0,27,27,0,24,14,-10,7,5,-2,4,4,0,1,1,0,0,0,0,64,54,-10,25,20,-5,0,0,0
own_v1,O3,h00036,bundle_default_opt_3,/home/dungbv/clau/result/f3_o3_final_20260815/h00036/h00036_final.02-pointer-opt.ll,/home/dungbv/clau/reports/ir_boundary_own_20260816/artifacts/O3/h00036/bundle_default_opt_3.after.ll,True,2,2,0,16,16,0,111,110,-1,1,1,0,3,3,0,3,3,0,0,0,0,1,1,0,1,1,0,12,12,0,27,27,0,16,15,-1,5,5,0,4,4,0,1,1,0,0,0,0,56,55,-1,18,18,0,0,0,0
own_v1,O3,h00036,bundle_default_opt_4,/home/dungbv/clau/result/f3_o3_final_20260815/h00036/h00036_final.05-unpinned.ll,/home/dungbv/clau/reports/ir_boundary_own_20260816/artifacts/O3/h00036/bundle_default_opt_4.after.ll,True,2,2,0,16,16,0,110,110,0,1,1,0,3,3,0,3,3,0,0,0,0,1,1,0,1,1,0,12,12,0,27,27,0,15,15,0,5,5,0,4,4,0,1,1,0,0,0,0,55,55,0,18,18,0,0,0,0
own_v1,O3,h00036,bundle_post_opt_4_custom_cleanup,/home/dungbv/clau/reports/ir_boundary_own_20260816/artifacts/O3/h00036/bundle_default_opt_4.after.ll,/home/dungbv/clau/result/f3_o3_final_20260815/h00036/h00036_final.ll,True,2,1,-1,16,15,-1,110,109,-1,1,1,0,3,3,0,3,3,0,0,0,0,1,1,0,1,1,0,12,12,0,27,27,0,15,15,0,5,5,0,4,4,0,1,1,0,0,0,0,55,55,0,18,18,0,0,0,0
own_v1,O3,h00037,main_default_opt_1,/home/dungbv/clau/reports/ir_boundary_own_20260816/artifacts/O3/h00037/main_opt_1.before.ll,/home/dungbv/clau/reports/ir_boundary_own_20260816/artifacts/O3/h00037/main_opt_1.after.ll,True,11,8,-3,36,31,-5,852,809,-43,4,4,0,22,15,-7,20,13,-7,2,2,0,10,6,-4,3,1,-2,98,96,-2,432,409,-23,52,36,-16,24,36,12,10,10,0,3,3,0,0,0,0,585,542,-43,120,129,9,0,0,0
own_v1,O3,h00037,main_default_opt_2,/home/dungbv/clau/reports/ir_boundary_own_20260816/artifacts/O3/h00037/main_opt_2.before.ll,/home/dungbv/clau/reports/ir_boundary_own_20260816/artifacts/O3/h00037/main_opt_2.after.ll,True,8,8,0,31,31,0,814,789,-25,4,4,0,15,15,0,13,13,0,2,2,0,6,6,0,1,1,0,96,96,0,409,395,-14,38,35,-3,38,38,0,10,10,0,3,3,0,0,0,0,544,527,-17,131,127,-4,0,0,0
own_v1,O3,h00037,bundle_default_opt_3,/home/dungbv/clau/result/f3_o3_final_20260815/h00037/h00037_final.02-pointer-opt.ll,/home/dungbv/clau/reports/ir_boundary_own_20260816/artifacts/O3/h00037/bundle_default_opt_3.after.ll,True,9,9,0,33,33,0,712,603,-109,4,4,0,16,16,0,14,14,0,2,2,0,5,5,0,1,1,0,96,80,-16,342,253,-89,29,29,0,34,32,-2,6,6,0,3,3,0,0,0,0,468,363,-105,112,108,-4,0,0,0
own_v1,O3,h00037,bundle_default_opt_4,/home/dungbv/clau/result/f3_o3_final_20260815/h00037/h00037_final.05-unpinned.ll,/home/dungbv/clau/reports/ir_boundary_own_20260816/artifacts/O3/h00037/bundle_default_opt_4.after.ll,True,9,9,0,33,33,0,603,600,-3,4,4,0,16,16,0,14,14,0,2,2,0,5,5,0,1,1,0,80,80,0,253,250,-3,29,29,0,32,32,0,6,6,0,3,3,0,0,0,0,363,360,-3,108,108,0,0,0,0
own_v1,O3,h00037,bundle_post_opt_4_custom_cleanup,/home/dungbv/clau/reports/ir_boundary_own_20260816/artifacts/O3/h00037/bundle_default_opt_4.after.ll,/home/dungbv/clau/result/f3_o3_final_20260815/h00037/h00037_final.ll,True,9,9,0,33,33,0,600,600,0,4,4,0,16,16,0,14,14,0,2,2,0,5,5,0,1,1,0,80,80,0,250,250,0,29,29,0,32,32,0,6,6,0,3,3,0,0,0,0,360,360,0,108,108,0,0,0,0
own_v1,O3,h00038,main_default_opt_1,/home/dungbv/clau/reports/ir_boundary_own_20260816/artifacts/O3/h00038/main_opt_1.before.ll,/home/dungbv/clau/reports/ir_boundary_own_20260816/artifacts/O3/h00038/main_opt_1.after.ll,True,13,4,-9,64,52,-12,1517,1343,-174,7,6,-1,28,16,-12,26,16,-10,2,0,-2,16,11,-5,5,3,-2,155,131,-24,766,692,-74,65,47,-18,53,67,14,11,11,0,4,4,0,1,1,0,991,873,-118,226,221,-5,0,0,0
own_v1,O3,h00038,main_default_opt_2,/home/dungbv/clau/reports/ir_boundary_own_20260816/artifacts/O3/h00038/main_opt_2.before.ll,/home/dungbv/clau/reports/ir_boundary_own_20260816/artifacts/O3/h00038/main_opt_2.after.ll,True,5,5,0,54,54,0,1309,1133,-176,6,6,0,14,14,0,14,14,0,0,0,0,8,8,0,1,1,0,131,126,-5,674,510,-164,38,38,0,67,60,-7,11,11,0,4,4,0,1,1,0,844,675,-169,216,209,-7,0,0,0
own_v1,O3,h00038,bundle_default_opt_3,/home/dungbv/clau/result/f3_o3_final_20260815/h00038/h00038_final.02-pointer-opt.ll,/home/dungbv/clau/reports/ir_boundary_own_20260816/artifacts/O3/h00038/bundle_default_opt_3.after.ll,True,5,5,0,54,54,0,1182,1008,-174,6,6,0,13,11,-2,13,11,-2,0,0,0,7,5,-2,1,1,0,142,107,-35,509,433,-76,38,38,0,60,59,-1,11,11,0,4,4,0,1,1,0,690,579,-111,211,189,-22,0,0,0
own_v1,O3,h00038,bundle_default_opt_4,/home/dungbv/clau/result/f3_o3_final_20260815/h00038/h00038_final.05-unpinned.ll,/home/dungbv/clau/reports/ir_boundary_own_20260816/artifacts/O3/h00038/bundle_default_opt_4.after.ll,True,5,5,0,54,54,0,1008,1000,-8,6,6,0,11,11,0,11,11,0,0,0,0,5,5,0,1,1,0,107,107,0,433,425,-8,38,38,0,59,59,0,11,11,0,4,4,0,1,1,0,579,571,-8,189,189,0,0,0,0
own_v1,O3,h00038,bundle_post_opt_4_custom_cleanup,/home/dungbv/clau/reports/ir_boundary_own_20260816/artifacts/O3/h00038/bundle_default_opt_4.after.ll,/home/dungbv/clau/result/f3_o3_final_20260815/h00038/h00038_final.ll,True,5,0,-5,54,0,-54,1000,0,-1000,6,0,-6,11,0,-11,11,0,-11,0,0,0,5,0,-5,1,0,-1,107,0,-107,425,0,-425,38,0,-38,59,0,-59,11,0,-11,4,0,-4,1,0,-1,571,0,-571,189,0,-189,0,0,0
own_v1,O3,h00039,main_default_opt_1,/home/dungbv/clau/reports/ir_boundary_own_20260816/artifacts/O3/h00039/main_opt_1.before.ll,/home/dungbv/clau/reports/ir_boundary_own_20260816/artifacts/O3/h00039/main_opt_1.after.ll,True,11,2,-9,38,22,-16,900,756,-144,2,1,-1,27,15,-12,25,15,-10,2,0,-2,17,12,-5,7,5,-2,91,74,-17,474,411,-63,79,62,-17,20,24,4,6,6,0,1,1,0,0,0,0,651,552,-99,95,87,-8,0,0,0
own_v1,O3,h00039,main_default_opt_2,/home/dungbv/clau/reports/ir_boundary_own_20260816/artifacts/O3/h00039/main_opt_2.before.ll,/home/dungbv/clau/reports/ir_boundary_own_20260816/artifacts/O3/h00039/main_opt_2.after.ll,True,2,2,0,22,22,0,188,164,-24,1,1,0,5,3,-2,5,3,-2,0,0,0,2,0,-2,2,2,0,21,22,1,33,35,2,33,16,-17,4,2,-2,6,6,0,1,1,0,0,0,0,89,75,-14,28,22,-6,0,0,0
own_v1,O3,h00039,bundle_default_opt_3,/home/dungbv/clau/result/f3_o3_final_20260815/h00039/h00039_final.02-pointer-opt.ll,/home/dungbv/clau/reports/ir_boundary_own_20260816/artifacts/O3/h00039/bundle_default_opt_3.after.ll,True,2,2,0,22,22,0,158,157,-1,1,1,0,3,3,0,3,3,0,0,0,0,0,0,0,2,2,0,22,22,0,35,35,0,22,21,-1,2,2,0,6,6,0,1,1,0,0,0,0,81,80,-1,16,16,0,0,0,0
own_v1,O3,h00039,bundle_default_opt_4,/home/dungbv/clau/result/f3_o3_final_20260815/h00039/h00039_final.05-unpinned.ll,/home/dungbv/clau/reports/ir_boundary_own_20260816/artifacts/O3/h00039/bundle_default_opt_4.after.ll,True,2,2,0,22,22,0,157,157,0,1,1,0,3,3,0,3,3,0,0,0,0,0,0,0,2,2,0,22,22,0,35,35,0,21,21,0,2,2,0,6,6,0,1,1,0,0,0,0,80,80,0,16,16,0,0,0,0
own_v1,O3,h00039,bundle_post_opt_4_custom_cleanup,/home/dungbv/clau/reports/ir_boundary_own_20260816/artifacts/O3/h00039/bundle_default_opt_4.after.ll,/home/dungbv/clau/result/f3_o3_final_20260815/h00039/h00039_final.ll,True,2,1,-1,22,21,-1,157,156,-1,1,1,0,3,3,0,3,3,0,0,0,0,0,0,0,2,2,0,22,22,0,35,35,0,21,21,0,2,2,0,6,6,0,1,1,0,0,0,0,80,80,0,16,16,0,0,0,0
own_v1,O3,h00040,main_default_opt_1,/home/dungbv/clau/reports/ir_boundary_own_20260816/artifacts/O3/h00040/main_opt_1.before.ll,/home/dungbv/clau/reports/ir_boundary_own_20260816/artifacts/O3/h00040/main_opt_1.after.ll,True,12,9,-3,77,72,-5,2039,1893,-146,6,6,0,35,28,-7,33,26,-7,2,2,0,18,14,-4,7,5,-2,174,157,-17,920,889,-31,258,164,-94,21,33,12,92,92,0,2,2,0,0,0,0,1359,1215,-144,328,335,7,0,0,0
own_v1,O3,h00040,main_default_opt_2,/home/dungbv/clau/reports/ir_boundary_own_20260816/artifacts/O3/h00040/main_opt_2.before.ll,/home/dungbv/clau/reports/ir_boundary_own_20260816/artifacts/O3/h00040/main_opt_2.after.ll,True,9,9,0,72,72,0,1966,1915,-51,6,6,0,28,28,0,26,26,0,2,2,0,14,14,0,5,5,0,157,157,0,889,882,-7,189,182,-7,35,35,0,104,104,0,2,2,0,0,0,0,1240,1226,-14,364,345,-19,0,0,0
own_v1,O3,h00040,bundle_default_opt_3,/home/dungbv/clau/result/f3_o3_final_20260815/h00040/h00040_final.02-pointer-opt.ll,/home/dungbv/clau/reports/ir_boundary_own_20260816/artifacts/O3/h00040/bundle_default_opt_3.after.ll,True,9,9,0,72,72,0,1912,1650,-262,6,6,0,27,29,2,25,27,2,2,2,0,13,15,2,5,5,0,157,119,-38,881,662,-219,182,178,-4,35,32,-3,104,104,0,2,2,0,0,0,0,1225,964,-261,344,341,-3,0,0,0
own_v1,O3,h00040,bundle_default_opt_4,/home/dungbv/clau/result/f3_o3_final_20260815/h00040/h00040_final.05-unpinned.ll,/home/dungbv/clau/reports/ir_boundary_own_20260816/artifacts/O3/h00040/bundle_default_opt_4.after.ll,True,9,9,0,72,72,0,1650,1617,-33,6,6,0,29,29,0,27,27,0,2,2,0,15,15,0,5,5,0,119,119,0,662,629,-33,178,178,0,32,32,0,104,104,0,2,2,0,0,0,0,964,931,-33,341,341,0,0,0,0
own_v1,O3,h00040,bundle_post_opt_4_custom_cleanup,/home/dungbv/clau/reports/ir_boundary_own_20260816/artifacts/O3/h00040/bundle_default_opt_4.after.ll,/home/dungbv/clau/result/f3_o3_final_20260815/h00040/h00040_final.ll,True,9,9,0,72,72,0,1617,1615,-2,6,6,0,29,29,0,27,27,0,2,2,0,15,15,0,5,5,0,119,119,0,629,627,-2,178,178,0,32,32,0,104,104,0,2,2,0,0,0,0,931,929,-2,341,341,0,0,0,0
