dataset,level,sample_id,boundary,production_replay_valid,opcode,before,after,delta
own_v1,O1,h00001,main_default_opt_1,True,add,28,28,0
own_v1,O1,h00001,main_default_opt_1,True,alloca,3,1,-2
own_v1,O1,h00001,main_default_opt_1,True,and,17,17,0
own_v1,O1,h00001,main_default_opt_1,True,br,29,30,1
own_v1,O1,h00001,main_default_opt_1,True,call,18,11,-7
own_v1,O1,h00001,main_default_opt_1,True,getelementptr,63,47,-16
own_v1,O1,h00001,main_default_opt_1,True,icmp,26,26,0
own_v1,O1,h00001,main_default_opt_1,True,inttoptr,12,12,0
own_v1,O1,h00001,main_default_opt_1,True,load,66,64,-2
own_v1,O1,h00001,main_default_opt_1,True,lshr,10,10,0
own_v1,O1,h00001,main_default_opt_1,True,mul,3,3,0
own_v1,O1,h00001,main_default_opt_1,True,or,1,1,0
own_v1,O1,h00001,main_default_opt_1,True,phi,26,37,11
own_v1,O1,h00001,main_default_opt_1,True,ptrtoint,5,5,0
own_v1,O1,h00001,main_default_opt_1,True,ret,11,8,-3
own_v1,O1,h00001,main_default_opt_1,True,select,14,14,0
own_v1,O1,h00001,main_default_opt_1,True,sext,1,1,0
own_v1,O1,h00001,main_default_opt_1,True,shl,4,4,0
own_v1,O1,h00001,main_default_opt_1,True,store,454,436,-18
own_v1,O1,h00001,main_default_opt_1,True,switch,1,1,0
own_v1,O1,h00001,main_default_opt_1,True,trunc,15,12,-3
own_v1,O1,h00001,main_default_opt_1,True,xor,18,18,0
own_v1,O1,h00001,main_default_opt_1,True,zext,25,25,0
own_v1,O1,h00001,main_default_opt_2,True,add,25,25,0
own_v1,O1,h00001,main_default_opt_2,True,alloca,1,1,0
own_v1,O1,h00001,main_default_opt_2,True,and,19,17,-2
own_v1,O1,h00001,main_default_opt_2,True,br,30,30,0
own_v1,O1,h00001,main_default_opt_2,True,call,11,11,0
own_v1,O1,h00001,main_default_opt_2,True,getelementptr,48,45,-3
own_v1,O1,h00001,main_default_opt_2,True,icmp,28,24,-4
own_v1,O1,h00001,main_default_opt_2,True,inttoptr,9,9,0
own_v1,O1,h00001,main_default_opt_2,True,load,64,64,0
own_v1,O1,h00001,main_default_opt_2,True,lshr,10,10,0
own_v1,O1,h00001,main_default_opt_2,True,mul,3,3,0
own_v1,O1,h00001,main_default_opt_2,True,or,1,1,0
own_v1,O1,h00001,main_default_opt_2,True,phi,37,37,0
own_v1,O1,h00001,main_default_opt_2,True,ptrtoint,5,5,0
own_v1,O1,h00001,main_default_opt_2,True,ret,8,8,0
own_v1,O1,h00001,main_default_opt_2,True,select,14,14,0
own_v1,O1,h00001,main_default_opt_2,True,sext,1,1,0
own_v1,O1,h00001,main_default_opt_2,True,shl,4,4,0
own_v1,O1,h00001,main_default_opt_2,True,store,436,436,0
own_v1,O1,h00001,main_default_opt_2,True,sub,2,0,-2
own_v1,O1,h00001,main_default_opt_2,True,switch,1,1,0
own_v1,O1,h00001,main_default_opt_2,True,trunc,12,12,0
own_v1,O1,h00001,main_default_opt_2,True,xor,18,18,0
own_v1,O1,h00001,main_default_opt_2,True,zext,25,25,0
own_v1,O1,h00001,bundle_default_opt_3,True,add,22,22,0
own_v1,O1,h00001,bundle_default_opt_3,True,alloca,1,1,0
own_v1,O1,h00001,bundle_default_opt_3,True,and,16,16,0
own_v1,O1,h00001,bundle_default_opt_3,True,br,30,30,0
own_v1,O1,h00001,bundle_default_opt_3,True,call,12,12,0
own_v1,O1,h00001,bundle_default_opt_3,True,getelementptr,39,39,0
own_v1,O1,h00001,bundle_default_opt_3,True,icmp,22,22,0
own_v1,O1,h00001,bundle_default_opt_3,True,inttoptr,8,8,0
own_v1,O1,h00001,bundle_default_opt_3,True,load,64,54,-10
own_v1,O1,h00001,bundle_default_opt_3,True,lshr,10,10,0
own_v1,O1,h00001,bundle_default_opt_3,True,mul,3,3,0
own_v1,O1,h00001,bundle_default_opt_3,True,or,1,1,0
own_v1,O1,h00001,bundle_default_opt_3,True,phi,28,28,0
own_v1,O1,h00001,bundle_default_opt_3,True,ptrtoint,1,1,0
own_v1,O1,h00001,bundle_default_opt_3,True,ret,9,9,0
own_v1,O1,h00001,bundle_default_opt_3,True,select,10,10,0
own_v1,O1,h00001,bundle_default_opt_3,True,shl,4,4,0
own_v1,O1,h00001,bundle_default_opt_3,True,store,322,306,-16
own_v1,O1,h00001,bundle_default_opt_3,True,switch,1,1,0
own_v1,O1,h00001,bundle_default_opt_3,True,trunc,12,12,0
own_v1,O1,h00001,bundle_default_opt_3,True,xor,18,18,0
own_v1,O1,h00001,bundle_default_opt_3,True,zext,13,13,0
own_v1,O1,h00001,bundle_default_opt_4,True,add,22,22,0
own_v1,O1,h00001,bundle_default_opt_4,True,alloca,1,1,0
own_v1,O1,h00001,bundle_default_opt_4,True,and,16,16,0
own_v1,O1,h00001,bundle_default_opt_4,True,br,30,30,0
own_v1,O1,h00001,bundle_default_opt_4,True,call,12,12,0
own_v1,O1,h00001,bundle_default_opt_4,True,getelementptr,39,39,0
own_v1,O1,h00001,bundle_default_opt_4,True,icmp,22,22,0
own_v1,O1,h00001,bundle_default_opt_4,True,inttoptr,8,8,0
own_v1,O1,h00001,bundle_default_opt_4,True,load,54,54,0
own_v1,O1,h00001,bundle_default_opt_4,True,lshr,10,10,0
own_v1,O1,h00001,bundle_default_opt_4,True,mul,3,3,0
own_v1,O1,h00001,bundle_default_opt_4,True,or,1,1,0
own_v1,O1,h00001,bundle_default_opt_4,True,phi,28,28,0
own_v1,O1,h00001,bundle_default_opt_4,True,ptrtoint,1,1,0
own_v1,O1,h00001,bundle_default_opt_4,True,ret,9,9,0
own_v1,O1,h00001,bundle_default_opt_4,True,select,10,10,0
own_v1,O1,h00001,bundle_default_opt_4,True,shl,4,4,0
own_v1,O1,h00001,bundle_default_opt_4,True,store,306,306,0
own_v1,O1,h00001,bundle_default_opt_4,True,switch,1,1,0
own_v1,O1,h00001,bundle_default_opt_4,True,trunc,12,12,0
own_v1,O1,h00001,bundle_default_opt_4,True,xor,18,18,0
own_v1,O1,h00001,bundle_default_opt_4,True,zext,13,13,0
own_v1,O1,h00001,bundle_post_opt_4_custom_cleanup,True,add,22,22,0
own_v1,O1,h00001,bundle_post_opt_4_custom_cleanup,True,alloca,1,1,0
own_v1,O1,h00001,bundle_post_opt_4_custom_cleanup,True,and,16,16,0
own_v1,O1,h00001,bundle_post_opt_4_custom_cleanup,True,br,30,30,0
own_v1,O1,h00001,bundle_post_opt_4_custom_cleanup,True,call,12,12,0
own_v1,O1,h00001,bundle_post_opt_4_custom_cleanup,True,getelementptr,39,39,0
own_v1,O1,h00001,bundle_post_opt_4_custom_cleanup,True,icmp,22,22,0
own_v1,O1,h00001,bundle_post_opt_4_custom_cleanup,True,inttoptr,8,8,0
own_v1,O1,h00001,bundle_post_opt_4_custom_cleanup,True,load,54,54,0
own_v1,O1,h00001,bundle_post_opt_4_custom_cleanup,True,lshr,10,10,0
own_v1,O1,h00001,bundle_post_opt_4_custom_cleanup,True,mul,3,3,0
own_v1,O1,h00001,bundle_post_opt_4_custom_cleanup,True,or,1,1,0
own_v1,O1,h00001,bundle_post_opt_4_custom_cleanup,True,phi,28,28,0
own_v1,O1,h00001,bundle_post_opt_4_custom_cleanup,True,ptrtoint,1,1,0
own_v1,O1,h00001,bundle_post_opt_4_custom_cleanup,True,ret,9,9,0
own_v1,O1,h00001,bundle_post_opt_4_custom_cleanup,True,select,10,10,0
own_v1,O1,h00001,bundle_post_opt_4_custom_cleanup,True,shl,4,4,0
own_v1,O1,h00001,bundle_post_opt_4_custom_cleanup,True,store,306,260,-46
own_v1,O1,h00001,bundle_post_opt_4_custom_cleanup,True,switch,1,1,0
own_v1,O1,h00001,bundle_post_opt_4_custom_cleanup,True,trunc,12,12,0
own_v1,O1,h00001,bundle_post_opt_4_custom_cleanup,True,xor,18,18,0
own_v1,O1,h00001,bundle_post_opt_4_custom_cleanup,True,zext,13,13,0
own_v1,O1,h00002,main_default_opt_1,True,add,58,52,-6
own_v1,O1,h00002,main_default_opt_1,True,alloca,7,5,-2
own_v1,O1,h00002,main_default_opt_1,True,and,20,18,-2
own_v1,O1,h00002,main_default_opt_1,True,br,29,27,-2
own_v1,O1,h00002,main_default_opt_1,True,call,29,17,-12
own_v1,O1,h00002,main_default_opt_1,True,getelementptr,52,35,-17
own_v1,O1,h00002,main_default_opt_1,True,icmp,24,23,-1
own_v1,O1,h00002,main_default_opt_1,True,inttoptr,39,37,-2
own_v1,O1,h00002,main_default_opt_1,True,load,96,79,-17
own_v1,O1,h00002,main_default_opt_1,True,lshr,12,11,-1
own_v1,O1,h00002,main_default_opt_1,True,mul,6,5,-1
own_v1,O1,h00002,main_default_opt_1,True,or,1,1,0
own_v1,O1,h00002,main_default_opt_1,True,phi,27,31,4
own_v1,O1,h00002,main_default_opt_1,True,ptrtoint,4,4,0
own_v1,O1,h00002,main_default_opt_1,True,ret,11,2,-9
own_v1,O1,h00002,main_default_opt_1,True,sdiv,1,1,0
own_v1,O1,h00002,main_default_opt_1,True,select,8,8,0
own_v1,O1,h00002,main_default_opt_1,True,sext,4,4,0
own_v1,O1,h00002,main_default_opt_1,True,shl,5,5,0
own_v1,O1,h00002,main_default_opt_1,True,store,504,448,-56
own_v1,O1,h00002,main_default_opt_1,True,switch,1,1,0
own_v1,O1,h00002,main_default_opt_1,True,trunc,16,14,-2
own_v1,O1,h00002,main_default_opt_1,True,unreachable,1,1,0
own_v1,O1,h00002,main_default_opt_1,True,xor,24,20,-4
own_v1,O1,h00002,main_default_opt_1,True,zext,23,20,-3
own_v1,O1,h00002,main_default_opt_2,True,add,43,41,-2
own_v1,O1,h00002,main_default_opt_2,True,alloca,4,4,0
own_v1,O1,h00002,main_default_opt_2,True,and,10,6,-4
own_v1,O1,h00002,main_default_opt_2,True,br,27,22,-5
own_v1,O1,h00002,main_default_opt_2,True,call,10,9,-1
own_v1,O1,h00002,main_default_opt_2,True,getelementptr,25,22,-3
own_v1,O1,h00002,main_default_opt_2,True,icmp,20,12,-8
own_v1,O1,h00002,main_default_opt_2,True,inttoptr,39,32,-7
own_v1,O1,h00002,main_default_opt_2,True,load,20,22,2
own_v1,O1,h00002,main_default_opt_2,True,mul,5,5,0
own_v1,O1,h00002,main_default_opt_2,True,or,1,1,0
own_v1,O1,h00002,main_default_opt_2,True,phi,4,3,-1
own_v1,O1,h00002,main_default_opt_2,True,ptrtoint,5,3,-2
own_v1,O1,h00002,main_default_opt_2,True,ret,2,2,0
own_v1,O1,h00002,main_default_opt_2,True,sdiv,1,1,0
own_v1,O1,h00002,main_default_opt_2,True,select,12,10,-2
own_v1,O1,h00002,main_default_opt_2,True,sext,4,4,0
own_v1,O1,h00002,main_default_opt_2,True,shl,5,5,0
own_v1,O1,h00002,main_default_opt_2,True,store,59,37,-22
own_v1,O1,h00002,main_default_opt_2,True,sub,4,0,-4
own_v1,O1,h00002,main_default_opt_2,True,switch,1,1,0
own_v1,O1,h00002,main_default_opt_2,True,unreachable,1,1,0
own_v1,O1,h00002,main_default_opt_2,True,xor,6,6,0
own_v1,O1,h00002,main_default_opt_2,True,zext,4,4,0
own_v1,O1,h00002,bundle_default_opt_3,True,add,10,10,0
own_v1,O1,h00002,bundle_default_opt_3,True,alloca,4,4,0
own_v1,O1,h00002,bundle_default_opt_3,True,and,6,6,0
own_v1,O1,h00002,bundle_default_opt_3,True,br,22,22,0
own_v1,O1,h00002,bundle_default_opt_3,True,call,9,9,0
own_v1,O1,h00002,bundle_default_opt_3,True,getelementptr,53,30,-23
own_v1,O1,h00002,bundle_default_opt_3,True,icmp,12,12,0
own_v1,O1,h00002,bundle_default_opt_3,True,inttoptr,1,1,0
own_v1,O1,h00002,bundle_default_opt_3,True,load,22,22,0
own_v1,O1,h00002,bundle_default_opt_3,True,mul,5,5,0
own_v1,O1,h00002,bundle_default_opt_3,True,or,1,1,0
own_v1,O1,h00002,bundle_default_opt_3,True,phi,3,3,0
own_v1,O1,h00002,bundle_default_opt_3,True,ptrtoint,3,3,0
own_v1,O1,h00002,bundle_default_opt_3,True,ret,2,2,0
own_v1,O1,h00002,bundle_default_opt_3,True,sdiv,1,1,0
own_v1,O1,h00002,bundle_default_opt_3,True,select,10,10,0
own_v1,O1,h00002,bundle_default_opt_3,True,sext,4,4,0
own_v1,O1,h00002,bundle_default_opt_3,True,shl,5,5,0
own_v1,O1,h00002,bundle_default_opt_3,True,store,37,37,0
own_v1,O1,h00002,bundle_default_opt_3,True,switch,1,1,0
own_v1,O1,h00002,bundle_default_opt_3,True,unreachable,1,1,0
own_v1,O1,h00002,bundle_default_opt_3,True,xor,6,6,0
own_v1,O1,h00002,bundle_default_opt_3,True,zext,4,4,0
own_v1,O1,h00002,bundle_default_opt_4,True,add,10,10,0
own_v1,O1,h00002,bundle_default_opt_4,True,alloca,4,4,0
own_v1,O1,h00002,bundle_default_opt_4,True,and,6,6,0
own_v1,O1,h00002,bundle_default_opt_4,True,br,22,22,0
own_v1,O1,h00002,bundle_default_opt_4,True,call,9,9,0
own_v1,O1,h00002,bundle_default_opt_4,True,getelementptr,30,30,0
own_v1,O1,h00002,bundle_default_opt_4,True,icmp,12,12,0
own_v1,O1,h00002,bundle_default_opt_4,True,inttoptr,1,1,0
own_v1,O1,h00002,bundle_default_opt_4,True,load,22,22,0
own_v1,O1,h00002,bundle_default_opt_4,True,mul,5,5,0
own_v1,O1,h00002,bundle_default_opt_4,True,or,1,1,0
own_v1,O1,h00002,bundle_default_opt_4,True,phi,3,3,0
own_v1,O1,h00002,bundle_default_opt_4,True,ptrtoint,3,3,0
own_v1,O1,h00002,bundle_default_opt_4,True,ret,2,2,0
own_v1,O1,h00002,bundle_default_opt_4,True,sdiv,1,1,0
own_v1,O1,h00002,bundle_default_opt_4,True,select,10,10,0
own_v1,O1,h00002,bundle_default_opt_4,True,sext,4,4,0
own_v1,O1,h00002,bundle_default_opt_4,True,shl,5,5,0
own_v1,O1,h00002,bundle_default_opt_4,True,store,37,37,0
own_v1,O1,h00002,bundle_default_opt_4,True,switch,1,1,0
own_v1,O1,h00002,bundle_default_opt_4,True,unreachable,1,1,0
own_v1,O1,h00002,bundle_default_opt_4,True,xor,6,6,0
own_v1,O1,h00002,bundle_default_opt_4,True,zext,4,4,0
own_v1,O1,h00002,bundle_post_opt_4_custom_cleanup,True,add,10,10,0
own_v1,O1,h00002,bundle_post_opt_4_custom_cleanup,True,alloca,4,4,0
own_v1,O1,h00002,bundle_post_opt_4_custom_cleanup,True,and,6,6,0
own_v1,O1,h00002,bundle_post_opt_4_custom_cleanup,True,br,22,22,0
own_v1,O1,h00002,bundle_post_opt_4_custom_cleanup,True,call,9,9,0
own_v1,O1,h00002,bundle_post_opt_4_custom_cleanup,True,getelementptr,30,30,0
own_v1,O1,h00002,bundle_post_opt_4_custom_cleanup,True,icmp,12,12,0
own_v1,O1,h00002,bundle_post_opt_4_custom_cleanup,True,inttoptr,1,1,0
own_v1,O1,h00002,bundle_post_opt_4_custom_cleanup,True,load,22,21,-1
own_v1,O1,h00002,bundle_post_opt_4_custom_cleanup,True,mul,5,5,0
own_v1,O1,h00002,bundle_post_opt_4_custom_cleanup,True,or,1,1,0
own_v1,O1,h00002,bundle_post_opt_4_custom_cleanup,True,phi,3,4,1
own_v1,O1,h00002,bundle_post_opt_4_custom_cleanup,True,ptrtoint,3,3,0
own_v1,O1,h00002,bundle_post_opt_4_custom_cleanup,True,ret,2,1,-1
own_v1,O1,h00002,bundle_post_opt_4_custom_cleanup,True,sdiv,1,1,0
own_v1,O1,h00002,bundle_post_opt_4_custom_cleanup,True,select,10,10,0
own_v1,O1,h00002,bundle_post_opt_4_custom_cleanup,True,sext,4,4,0
own_v1,O1,h00002,bundle_post_opt_4_custom_cleanup,True,shl,5,5,0
own_v1,O1,h00002,bundle_post_opt_4_custom_cleanup,True,store,37,37,0
own_v1,O1,h00002,bundle_post_opt_4_custom_cleanup,True,switch,1,1,0
own_v1,O1,h00002,bundle_post_opt_4_custom_cleanup,True,unreachable,1,1,0
own_v1,O1,h00002,bundle_post_opt_4_custom_cleanup,True,xor,6,6,0
own_v1,O1,h00002,bundle_post_opt_4_custom_cleanup,True,zext,4,4,0
own_v1,O1,h00003,main_default_opt_1,True,add,27,21,-6
own_v1,O1,h00003,main_default_opt_1,True,alloca,9,7,-2
own_v1,O1,h00003,main_default_opt_1,True,and,18,15,-3
own_v1,O1,h00003,main_default_opt_1,True,ashr,1,1,0
own_v1,O1,h00003,main_default_opt_1,True,br,32,30,-2
own_v1,O1,h00003,main_default_opt_1,True,call,32,21,-11
own_v1,O1,h00003,main_default_opt_1,True,getelementptr,113,95,-18
own_v1,O1,h00003,main_default_opt_1,True,icmp,23,22,-1
own_v1,O1,h00003,main_default_opt_1,True,inttoptr,11,9,-2
own_v1,O1,h00003,main_default_opt_1,True,load,118,100,-18
own_v1,O1,h00003,main_default_opt_1,True,lshr,9,8,-1
own_v1,O1,h00003,main_default_opt_1,True,mul,3,1,-2
own_v1,O1,h00003,main_default_opt_1,True,phi,19,22,3
own_v1,O1,h00003,main_default_opt_1,True,ptrtoint,4,4,0
own_v1,O1,h00003,main_default_opt_1,True,ret,11,2,-9
own_v1,O1,h00003,main_default_opt_1,True,select,11,11,0
own_v1,O1,h00003,main_default_opt_1,True,sext,1,1,0
own_v1,O1,h00003,main_default_opt_1,True,shl,4,4,0
own_v1,O1,h00003,main_default_opt_1,True,store,658,600,-58
own_v1,O1,h00003,main_default_opt_1,True,sub,4,4,0
own_v1,O1,h00003,main_default_opt_1,True,switch,1,1,0
own_v1,O1,h00003,main_default_opt_1,True,trunc,15,12,-3
own_v1,O1,h00003,main_default_opt_1,True,xor,19,13,-6
own_v1,O1,h00003,main_default_opt_1,True,zext,22,18,-4
own_v1,O1,h00003,main_default_opt_2,True,add,13,10,-3
own_v1,O1,h00003,main_default_opt_2,True,alloca,2,2,0
own_v1,O1,h00003,main_default_opt_2,True,and,5,5,0
own_v1,O1,h00003,main_default_opt_2,True,ashr,1,1,0
own_v1,O1,h00003,main_default_opt_2,True,br,30,30,0
own_v1,O1,h00003,main_default_opt_2,True,call,7,5,-2
own_v1,O1,h00003,main_default_opt_2,True,getelementptr,50,48,-2
own_v1,O1,h00003,main_default_opt_2,True,icmp,13,13,0
own_v1,O1,h00003,main_default_opt_2,True,inttoptr,10,5,-5
own_v1,O1,h00003,main_default_opt_2,True,load,28,30,2
own_v1,O1,h00003,main_default_opt_2,True,mul,1,1,0
own_v1,O1,h00003,main_default_opt_2,True,phi,4,2,-2
own_v1,O1,h00003,main_default_opt_2,True,ptrtoint,1,1,0
own_v1,O1,h00003,main_default_opt_2,True,ret,2,2,0
own_v1,O1,h00003,main_default_opt_2,True,select,11,11,0
own_v1,O1,h00003,main_default_opt_2,True,sext,1,1,0
own_v1,O1,h00003,main_default_opt_2,True,shl,4,4,0
own_v1,O1,h00003,main_default_opt_2,True,store,52,54,2
own_v1,O1,h00003,main_default_opt_2,True,sub,3,3,0
own_v1,O1,h00003,main_default_opt_2,True,switch,1,1,0
own_v1,O1,h00003,main_default_opt_2,True,trunc,1,1,0
own_v1,O1,h00003,main_default_opt_2,True,xor,4,4,0
own_v1,O1,h00003,main_default_opt_2,True,zext,1,1,0
own_v1,O1,h00003,bundle_default_opt_3,True,add,6,6,0
own_v1,O1,h00003,bundle_default_opt_3,True,alloca,2,2,0
own_v1,O1,h00003,bundle_default_opt_3,True,and,5,5,0
own_v1,O1,h00003,bundle_default_opt_3,True,ashr,1,1,0
own_v1,O1,h00003,bundle_default_opt_3,True,br,30,30,0
own_v1,O1,h00003,bundle_default_opt_3,True,call,5,5,0
own_v1,O1,h00003,bundle_default_opt_3,True,getelementptr,52,23,-29
own_v1,O1,h00003,bundle_default_opt_3,True,icmp,13,13,0
own_v1,O1,h00003,bundle_default_opt_3,True,inttoptr,1,1,0
own_v1,O1,h00003,bundle_default_opt_3,True,load,30,30,0
own_v1,O1,h00003,bundle_default_opt_3,True,mul,1,1,0
own_v1,O1,h00003,bundle_default_opt_3,True,phi,2,2,0
own_v1,O1,h00003,bundle_default_opt_3,True,ptrtoint,1,1,0
own_v1,O1,h00003,bundle_default_opt_3,True,ret,2,2,0
own_v1,O1,h00003,bundle_default_opt_3,True,select,11,11,0
own_v1,O1,h00003,bundle_default_opt_3,True,sext,1,1,0
own_v1,O1,h00003,bundle_default_opt_3,True,shl,4,4,0
own_v1,O1,h00003,bundle_default_opt_3,True,store,54,54,0
own_v1,O1,h00003,bundle_default_opt_3,True,sub,3,3,0
own_v1,O1,h00003,bundle_default_opt_3,True,switch,1,1,0
own_v1,O1,h00003,bundle_default_opt_3,True,trunc,1,1,0
own_v1,O1,h00003,bundle_default_opt_3,True,xor,4,4,0
own_v1,O1,h00003,bundle_default_opt_3,True,zext,1,1,0
own_v1,O1,h00003,bundle_default_opt_4,True,add,6,6,0
own_v1,O1,h00003,bundle_default_opt_4,True,alloca,2,2,0
own_v1,O1,h00003,bundle_default_opt_4,True,and,5,5,0
own_v1,O1,h00003,bundle_default_opt_4,True,ashr,1,1,0
own_v1,O1,h00003,bundle_default_opt_4,True,br,30,30,0
own_v1,O1,h00003,bundle_default_opt_4,True,call,5,5,0
own_v1,O1,h00003,bundle_default_opt_4,True,getelementptr,23,23,0
own_v1,O1,h00003,bundle_default_opt_4,True,icmp,13,13,0
own_v1,O1,h00003,bundle_default_opt_4,True,inttoptr,1,1,0
own_v1,O1,h00003,bundle_default_opt_4,True,load,30,30,0
own_v1,O1,h00003,bundle_default_opt_4,True,mul,1,1,0
own_v1,O1,h00003,bundle_default_opt_4,True,phi,2,2,0
own_v1,O1,h00003,bundle_default_opt_4,True,ptrtoint,1,1,0
own_v1,O1,h00003,bundle_default_opt_4,True,ret,2,2,0
own_v1,O1,h00003,bundle_default_opt_4,True,select,11,11,0
own_v1,O1,h00003,bundle_default_opt_4,True,sext,1,1,0
own_v1,O1,h00003,bundle_default_opt_4,True,shl,4,4,0
own_v1,O1,h00003,bundle_default_opt_4,True,store,54,54,0
own_v1,O1,h00003,bundle_default_opt_4,True,sub,3,3,0
own_v1,O1,h00003,bundle_default_opt_4,True,switch,1,1,0
own_v1,O1,h00003,bundle_default_opt_4,True,trunc,1,1,0
own_v1,O1,h00003,bundle_default_opt_4,True,xor,4,4,0
own_v1,O1,h00003,bundle_default_opt_4,True,zext,1,1,0
own_v1,O1,h00003,bundle_post_opt_4_custom_cleanup,True,add,6,6,0
own_v1,O1,h00003,bundle_post_opt_4_custom_cleanup,True,alloca,2,2,0
own_v1,O1,h00003,bundle_post_opt_4_custom_cleanup,True,and,5,5,0
own_v1,O1,h00003,bundle_post_opt_4_custom_cleanup,True,ashr,1,1,0
own_v1,O1,h00003,bundle_post_opt_4_custom_cleanup,True,br,30,30,0
own_v1,O1,h00003,bundle_post_opt_4_custom_cleanup,True,call,5,5,0
own_v1,O1,h00003,bundle_post_opt_4_custom_cleanup,True,getelementptr,23,23,0
own_v1,O1,h00003,bundle_post_opt_4_custom_cleanup,True,icmp,13,13,0
own_v1,O1,h00003,bundle_post_opt_4_custom_cleanup,True,inttoptr,1,1,0
own_v1,O1,h00003,bundle_post_opt_4_custom_cleanup,True,load,30,30,0
own_v1,O1,h00003,bundle_post_opt_4_custom_cleanup,True,mul,1,1,0
own_v1,O1,h00003,bundle_post_opt_4_custom_cleanup,True,phi,2,2,0
own_v1,O1,h00003,bundle_post_opt_4_custom_cleanup,True,ptrtoint,1,1,0
own_v1,O1,h00003,bundle_post_opt_4_custom_cleanup,True,ret,2,1,-1
own_v1,O1,h00003,bundle_post_opt_4_custom_cleanup,True,select,11,11,0
own_v1,O1,h00003,bundle_post_opt_4_custom_cleanup,True,sext,1,1,0
own_v1,O1,h00003,bundle_post_opt_4_custom_cleanup,True,shl,4,4,0
own_v1,O1,h00003,bundle_post_opt_4_custom_cleanup,True,store,54,54,0
own_v1,O1,h00003,bundle_post_opt_4_custom_cleanup,True,sub,3,3,0
own_v1,O1,h00003,bundle_post_opt_4_custom_cleanup,True,switch,1,1,0
own_v1,O1,h00003,bundle_post_opt_4_custom_cleanup,True,trunc,1,1,0
own_v1,O1,h00003,bundle_post_opt_4_custom_cleanup,True,xor,4,4,0
own_v1,O1,h00003,bundle_post_opt_4_custom_cleanup,True,zext,1,1,0
own_v1,O1,h00004,main_default_opt_1,True,add,63,63,0
own_v1,O1,h00004,main_default_opt_1,True,alloca,7,5,-2
own_v1,O1,h00004,main_default_opt_1,True,and,28,27,-1
own_v1,O1,h00004,main_default_opt_1,True,br,28,24,-4
own_v1,O1,h00004,main_default_opt_1,True,call,35,28,-7
own_v1,O1,h00004,main_default_opt_1,True,getelementptr,86,62,-24
own_v1,O1,h00004,main_default_opt_1,True,icmp,25,25,0
own_v1,O1,h00004,main_default_opt_1,True,inttoptr,30,30,0
own_v1,O1,h00004,main_default_opt_1,True,load,160,129,-31
own_v1,O1,h00004,main_default_opt_1,True,lshr,11,11,0
own_v1,O1,h00004,main_default_opt_1,True,mul,7,7,0
own_v1,O1,h00004,main_default_opt_1,True,or,1,1,0
own_v1,O1,h00004,main_default_opt_1,True,phi,25,33,8
own_v1,O1,h00004,main_default_opt_1,True,ptrtoint,4,4,0
own_v1,O1,h00004,main_default_opt_1,True,ret,12,9,-3
own_v1,O1,h00004,main_default_opt_1,True,select,14,14,0
own_v1,O1,h00004,main_default_opt_1,True,shl,6,5,-1
own_v1,O1,h00004,main_default_opt_1,True,store,539,521,-18
own_v1,O1,h00004,main_default_opt_1,True,sub,1,1,0
own_v1,O1,h00004,main_default_opt_1,True,switch,3,1,-2
own_v1,O1,h00004,main_default_opt_1,True,trunc,28,23,-5
own_v1,O1,h00004,main_default_opt_1,True,xor,29,29,0
own_v1,O1,h00004,main_default_opt_1,True,zext,40,37,-3
own_v1,O1,h00004,main_default_opt_2,True,add,54,70,16
own_v1,O1,h00004,main_default_opt_2,True,alloca,5,5,0
own_v1,O1,h00004,main_default_opt_2,True,and,43,27,-16
own_v1,O1,h00004,main_default_opt_2,True,br,24,24,0
own_v1,O1,h00004,main_default_opt_2,True,call,28,28,0
own_v1,O1,h00004,main_default_opt_2,True,getelementptr,91,87,-4
own_v1,O1,h00004,main_default_opt_2,True,icmp,57,41,-16
own_v1,O1,h00004,main_default_opt_2,True,inttoptr,25,25,0
own_v1,O1,h00004,main_default_opt_2,True,load,129,129,0
own_v1,O1,h00004,main_default_opt_2,True,lshr,11,11,0
own_v1,O1,h00004,main_default_opt_2,True,mul,7,7,0
own_v1,O1,h00004,main_default_opt_2,True,or,1,1,0
own_v1,O1,h00004,main_default_opt_2,True,phi,33,33,0
own_v1,O1,h00004,main_default_opt_2,True,ptrtoint,12,12,0
own_v1,O1,h00004,main_default_opt_2,True,ret,9,9,0
own_v1,O1,h00004,main_default_opt_2,True,select,30,30,0
own_v1,O1,h00004,main_default_opt_2,True,shl,5,5,0
own_v1,O1,h00004,main_default_opt_2,True,store,521,521,0
own_v1,O1,h00004,main_default_opt_2,True,sub,17,1,-16
own_v1,O1,h00004,main_default_opt_2,True,switch,1,1,0
own_v1,O1,h00004,main_default_opt_2,True,trunc,23,23,0
own_v1,O1,h00004,main_default_opt_2,True,xor,29,29,0
own_v1,O1,h00004,main_default_opt_2,True,zext,37,37,0
own_v1,O1,h00004,bundle_default_opt_3,True,add,60,60,0
own_v1,O1,h00004,bundle_default_opt_3,True,alloca,5,5,0
own_v1,O1,h00004,bundle_default_opt_3,True,and,31,31,0
own_v1,O1,h00004,bundle_default_opt_3,True,br,24,24,0
own_v1,O1,h00004,bundle_default_opt_3,True,call,33,31,-2
own_v1,O1,h00004,bundle_default_opt_3,True,getelementptr,77,77,0
own_v1,O1,h00004,bundle_default_opt_3,True,icmp,31,31,0
own_v1,O1,h00004,bundle_default_opt_3,True,inttoptr,20,20,0
own_v1,O1,h00004,bundle_default_opt_3,True,load,133,97,-36
own_v1,O1,h00004,bundle_default_opt_3,True,lshr,11,11,0
own_v1,O1,h00004,bundle_default_opt_3,True,mul,7,7,0
own_v1,O1,h00004,bundle_default_opt_3,True,or,5,5,0
own_v1,O1,h00004,bundle_default_opt_3,True,phi,33,33,0
own_v1,O1,h00004,bundle_default_opt_3,True,ptrtoint,11,9,-2
own_v1,O1,h00004,bundle_default_opt_3,True,ret,10,10,0
own_v1,O1,h00004,bundle_default_opt_3,True,select,20,20,0
own_v1,O1,h00004,bundle_default_opt_3,True,shl,5,5,0
own_v1,O1,h00004,bundle_default_opt_3,True,store,520,466,-54
own_v1,O1,h00004,bundle_default_opt_3,True,sub,1,1,0
own_v1,O1,h00004,bundle_default_opt_3,True,switch,1,1,0
own_v1,O1,h00004,bundle_default_opt_3,True,trunc,23,23,0
own_v1,O1,h00004,bundle_default_opt_3,True,xor,29,29,0
own_v1,O1,h00004,bundle_default_opt_3,True,zext,37,37,0
own_v1,O1,h00004,bundle_default_opt_4,True,add,60,60,0
own_v1,O1,h00004,bundle_default_opt_4,True,alloca,5,5,0
own_v1,O1,h00004,bundle_default_opt_4,True,and,31,31,0
own_v1,O1,h00004,bundle_default_opt_4,True,br,24,24,0
own_v1,O1,h00004,bundle_default_opt_4,True,call,31,31,0
own_v1,O1,h00004,bundle_default_opt_4,True,getelementptr,77,77,0
own_v1,O1,h00004,bundle_default_opt_4,True,icmp,31,31,0
own_v1,O1,h00004,bundle_default_opt_4,True,inttoptr,20,20,0
own_v1,O1,h00004,bundle_default_opt_4,True,load,97,97,0
own_v1,O1,h00004,bundle_default_opt_4,True,lshr,11,11,0
own_v1,O1,h00004,bundle_default_opt_4,True,mul,7,7,0
own_v1,O1,h00004,bundle_default_opt_4,True,or,5,5,0
own_v1,O1,h00004,bundle_default_opt_4,True,phi,33,33,0
own_v1,O1,h00004,bundle_default_opt_4,True,ptrtoint,9,9,0
own_v1,O1,h00004,bundle_default_opt_4,True,ret,10,10,0
own_v1,O1,h00004,bundle_default_opt_4,True,select,20,20,0
own_v1,O1,h00004,bundle_default_opt_4,True,shl,5,5,0
own_v1,O1,h00004,bundle_default_opt_4,True,store,466,466,0
own_v1,O1,h00004,bundle_default_opt_4,True,sub,1,1,0
own_v1,O1,h00004,bundle_default_opt_4,True,switch,1,1,0
own_v1,O1,h00004,bundle_default_opt_4,True,trunc,23,23,0
own_v1,O1,h00004,bundle_default_opt_4,True,xor,29,29,0
own_v1,O1,h00004,bundle_default_opt_4,True,zext,37,37,0
own_v1,O1,h00004,bundle_post_opt_4_custom_cleanup,True,add,60,60,0
own_v1,O1,h00004,bundle_post_opt_4_custom_cleanup,True,alloca,5,5,0
own_v1,O1,h00004,bundle_post_opt_4_custom_cleanup,True,and,31,29,-2
own_v1,O1,h00004,bundle_post_opt_4_custom_cleanup,True,br,24,24,0
own_v1,O1,h00004,bundle_post_opt_4_custom_cleanup,True,call,31,30,-1
own_v1,O1,h00004,bundle_post_opt_4_custom_cleanup,True,getelementptr,77,77,0
own_v1,O1,h00004,bundle_post_opt_4_custom_cleanup,True,icmp,31,31,0
own_v1,O1,h00004,bundle_post_opt_4_custom_cleanup,True,inttoptr,20,20,0
own_v1,O1,h00004,bundle_post_opt_4_custom_cleanup,True,load,97,97,0
own_v1,O1,h00004,bundle_post_opt_4_custom_cleanup,True,lshr,11,10,-1
own_v1,O1,h00004,bundle_post_opt_4_custom_cleanup,True,mul,7,7,0
own_v1,O1,h00004,bundle_post_opt_4_custom_cleanup,True,or,5,5,0
own_v1,O1,h00004,bundle_post_opt_4_custom_cleanup,True,phi,33,33,0
own_v1,O1,h00004,bundle_post_opt_4_custom_cleanup,True,ptrtoint,9,9,0
own_v1,O1,h00004,bundle_post_opt_4_custom_cleanup,True,ret,10,10,0
own_v1,O1,h00004,bundle_post_opt_4_custom_cleanup,True,select,20,20,0
own_v1,O1,h00004,bundle_post_opt_4_custom_cleanup,True,shl,5,5,0
own_v1,O1,h00004,bundle_post_opt_4_custom_cleanup,True,store,466,407,-59
own_v1,O1,h00004,bundle_post_opt_4_custom_cleanup,True,sub,1,1,0
own_v1,O1,h00004,bundle_post_opt_4_custom_cleanup,True,switch,1,1,0
own_v1,O1,h00004,bundle_post_opt_4_custom_cleanup,True,trunc,23,21,-2
own_v1,O1,h00004,bundle_post_opt_4_custom_cleanup,True,xor,29,26,-3
own_v1,O1,h00004,bundle_post_opt_4_custom_cleanup,True,zext,37,36,-1
own_v1,O1,h00005,main_default_opt_1,True,add,33,33,0
own_v1,O1,h00005,main_default_opt_1,True,alloca,3,1,-2
own_v1,O1,h00005,main_default_opt_1,True,and,17,17,0
own_v1,O1,h00005,main_default_opt_1,True,br,20,21,1
own_v1,O1,h00005,main_default_opt_1,True,call,20,13,-7
own_v1,O1,h00005,main_default_opt_1,True,getelementptr,59,43,-16
own_v1,O1,h00005,main_default_opt_1,True,icmp,22,22,0
own_v1,O1,h00005,main_default_opt_1,True,inttoptr,16,16,0
own_v1,O1,h00005,main_default_opt_1,True,load,83,81,-2
own_v1,O1,h00005,main_default_opt_1,True,lshr,8,8,0
own_v1,O1,h00005,main_default_opt_1,True,mul,2,2,0
own_v1,O1,h00005,main_default_opt_1,True,phi,26,37,11
own_v1,O1,h00005,main_default_opt_1,True,ptrtoint,5,5,0
own_v1,O1,h00005,main_default_opt_1,True,ret,11,8,-3
own_v1,O1,h00005,main_default_opt_1,True,select,11,11,0
own_v1,O1,h00005,main_default_opt_1,True,sext,3,4,1
own_v1,O1,h00005,main_default_opt_1,True,shl,3,3,0
own_v1,O1,h00005,main_default_opt_1,True,store,438,420,-18
own_v1,O1,h00005,main_default_opt_1,True,switch,1,1,0
own_v1,O1,h00005,main_default_opt_1,True,trunc,16,12,-4
own_v1,O1,h00005,main_default_opt_1,True,xor,18,18,0
own_v1,O1,h00005,main_default_opt_1,True,zext,21,21,0
own_v1,O1,h00005,main_default_opt_2,True,add,30,30,0
own_v1,O1,h00005,main_default_opt_2,True,alloca,1,1,0
own_v1,O1,h00005,main_default_opt_2,True,and,19,17,-2
own_v1,O1,h00005,main_default_opt_2,True,br,21,21,0
own_v1,O1,h00005,main_default_opt_2,True,call,13,13,0
own_v1,O1,h00005,main_default_opt_2,True,getelementptr,44,41,-3
own_v1,O1,h00005,main_default_opt_2,True,icmp,24,20,-4
own_v1,O1,h00005,main_default_opt_2,True,inttoptr,13,13,0
own_v1,O1,h00005,main_default_opt_2,True,load,81,81,0
own_v1,O1,h00005,main_default_opt_2,True,lshr,8,8,0
own_v1,O1,h00005,main_default_opt_2,True,mul,2,2,0
own_v1,O1,h00005,main_default_opt_2,True,phi,37,37,0
own_v1,O1,h00005,main_default_opt_2,True,ptrtoint,5,5,0
own_v1,O1,h00005,main_default_opt_2,True,ret,8,8,0
own_v1,O1,h00005,main_default_opt_2,True,select,11,11,0
own_v1,O1,h00005,main_default_opt_2,True,sext,4,4,0
own_v1,O1,h00005,main_default_opt_2,True,shl,3,3,0
own_v1,O1,h00005,main_default_opt_2,True,store,420,420,0
own_v1,O1,h00005,main_default_opt_2,True,sub,2,0,-2
own_v1,O1,h00005,main_default_opt_2,True,switch,1,1,0
own_v1,O1,h00005,main_default_opt_2,True,trunc,12,12,0
own_v1,O1,h00005,main_default_opt_2,True,xor,18,18,0
own_v1,O1,h00005,main_default_opt_2,True,zext,21,21,0
own_v1,O1,h00005,bundle_default_opt_3,True,add,27,27,0
own_v1,O1,h00005,bundle_default_opt_3,True,alloca,1,1,0
own_v1,O1,h00005,bundle_default_opt_3,True,and,17,17,0
own_v1,O1,h00005,bundle_default_opt_3,True,br,21,21,0
own_v1,O1,h00005,bundle_default_opt_3,True,call,14,14,0
own_v1,O1,h00005,bundle_default_opt_3,True,getelementptr,35,35,0
own_v1,O1,h00005,bundle_default_opt_3,True,icmp,18,18,0
own_v1,O1,h00005,bundle_default_opt_3,True,inttoptr,12,12,0
own_v1,O1,h00005,bundle_default_opt_3,True,load,81,71,-10
own_v1,O1,h00005,bundle_default_opt_3,True,lshr,8,8,0
own_v1,O1,h00005,bundle_default_opt_3,True,mul,2,2,0
own_v1,O1,h00005,bundle_default_opt_3,True,phi,32,32,0
own_v1,O1,h00005,bundle_default_opt_3,True,ptrtoint,4,4,0
own_v1,O1,h00005,bundle_default_opt_3,True,ret,9,9,0
own_v1,O1,h00005,bundle_default_opt_3,True,select,7,7,0
own_v1,O1,h00005,bundle_default_opt_3,True,sext,4,4,0
own_v1,O1,h00005,bundle_default_opt_3,True,shl,3,3,0
own_v1,O1,h00005,bundle_default_opt_3,True,store,364,336,-28
own_v1,O1,h00005,bundle_default_opt_3,True,switch,1,1,0
own_v1,O1,h00005,bundle_default_opt_3,True,trunc,12,12,0
own_v1,O1,h00005,bundle_default_opt_3,True,xor,18,18,0
own_v1,O1,h00005,bundle_default_opt_3,True,zext,16,16,0
own_v1,O1,h00005,bundle_default_opt_4,True,add,27,27,0
own_v1,O1,h00005,bundle_default_opt_4,True,alloca,1,1,0
own_v1,O1,h00005,bundle_default_opt_4,True,and,17,17,0
own_v1,O1,h00005,bundle_default_opt_4,True,br,21,21,0
own_v1,O1,h00005,bundle_default_opt_4,True,call,14,14,0
own_v1,O1,h00005,bundle_default_opt_4,True,getelementptr,35,35,0
own_v1,O1,h00005,bundle_default_opt_4,True,icmp,18,18,0
own_v1,O1,h00005,bundle_default_opt_4,True,inttoptr,12,12,0
own_v1,O1,h00005,bundle_default_opt_4,True,load,71,71,0
own_v1,O1,h00005,bundle_default_opt_4,True,lshr,8,8,0
own_v1,O1,h00005,bundle_default_opt_4,True,mul,2,2,0
own_v1,O1,h00005,bundle_default_opt_4,True,phi,32,32,0
own_v1,O1,h00005,bundle_default_opt_4,True,ptrtoint,4,4,0
own_v1,O1,h00005,bundle_default_opt_4,True,ret,9,9,0
own_v1,O1,h00005,bundle_default_opt_4,True,select,7,7,0
own_v1,O1,h00005,bundle_default_opt_4,True,sext,4,4,0
own_v1,O1,h00005,bundle_default_opt_4,True,shl,3,3,0
own_v1,O1,h00005,bundle_default_opt_4,True,store,336,336,0
own_v1,O1,h00005,bundle_default_opt_4,True,switch,1,1,0
own_v1,O1,h00005,bundle_default_opt_4,True,trunc,12,12,0
own_v1,O1,h00005,bundle_default_opt_4,True,xor,18,18,0
own_v1,O1,h00005,bundle_default_opt_4,True,zext,16,16,0
own_v1,O1,h00005,bundle_post_opt_4_custom_cleanup,True,add,27,27,0
own_v1,O1,h00005,bundle_post_opt_4_custom_cleanup,True,alloca,1,1,0
own_v1,O1,h00005,bundle_post_opt_4_custom_cleanup,True,and,17,17,0
own_v1,O1,h00005,bundle_post_opt_4_custom_cleanup,True,br,21,21,0
own_v1,O1,h00005,bundle_post_opt_4_custom_cleanup,True,call,14,14,0
own_v1,O1,h00005,bundle_post_opt_4_custom_cleanup,True,getelementptr,35,35,0
own_v1,O1,h00005,bundle_post_opt_4_custom_cleanup,True,icmp,18,18,0
own_v1,O1,h00005,bundle_post_opt_4_custom_cleanup,True,inttoptr,12,12,0
own_v1,O1,h00005,bundle_post_opt_4_custom_cleanup,True,load,71,71,0
own_v1,O1,h00005,bundle_post_opt_4_custom_cleanup,True,lshr,8,8,0
own_v1,O1,h00005,bundle_post_opt_4_custom_cleanup,True,mul,2,2,0
own_v1,O1,h00005,bundle_post_opt_4_custom_cleanup,True,phi,32,32,0
own_v1,O1,h00005,bundle_post_opt_4_custom_cleanup,True,ptrtoint,4,4,0
own_v1,O1,h00005,bundle_post_opt_4_custom_cleanup,True,ret,9,9,0
own_v1,O1,h00005,bundle_post_opt_4_custom_cleanup,True,select,7,7,0
own_v1,O1,h00005,bundle_post_opt_4_custom_cleanup,True,sext,4,4,0
own_v1,O1,h00005,bundle_post_opt_4_custom_cleanup,True,shl,3,3,0
own_v1,O1,h00005,bundle_post_opt_4_custom_cleanup,True,store,336,287,-49
own_v1,O1,h00005,bundle_post_opt_4_custom_cleanup,True,switch,1,1,0
own_v1,O1,h00005,bundle_post_opt_4_custom_cleanup,True,trunc,12,12,0
own_v1,O1,h00005,bundle_post_opt_4_custom_cleanup,True,xor,18,18,0
own_v1,O1,h00005,bundle_post_opt_4_custom_cleanup,True,zext,16,16,0
own_v1,O1,h00006,main_default_opt_1,True,add,37,37,0
own_v1,O1,h00006,main_default_opt_1,True,alloca,3,1,-2
own_v1,O1,h00006,main_default_opt_1,True,and,25,25,0
own_v1,O1,h00006,main_default_opt_1,True,br,34,35,1
own_v1,O1,h00006,main_default_opt_1,True,call,18,12,-6
own_v1,O1,h00006,main_default_opt_1,True,getelementptr,74,54,-20
own_v1,O1,h00006,main_default_opt_1,True,icmp,27,27,0
own_v1,O1,h00006,main_default_opt_1,True,inttoptr,12,12,0
own_v1,O1,h00006,main_default_opt_1,True,load,76,74,-2
own_v1,O1,h00006,main_default_opt_1,True,lshr,9,9,0
own_v1,O1,h00006,main_default_opt_1,True,phi,19,30,11
own_v1,O1,h00006,main_default_opt_1,True,ptrtoint,5,5,0
own_v1,O1,h00006,main_default_opt_1,True,ret,11,8,-3
own_v1,O1,h00006,main_default_opt_1,True,select,16,16,0
own_v1,O1,h00006,main_default_opt_1,True,sext,5,5,0
own_v1,O1,h00006,main_default_opt_1,True,shl,13,13,0
own_v1,O1,h00006,main_default_opt_1,True,store,600,577,-23
own_v1,O1,h00006,main_default_opt_1,True,switch,1,1,0
own_v1,O1,h00006,main_default_opt_1,True,trunc,14,10,-4
own_v1,O1,h00006,main_default_opt_1,True,xor,23,22,-1
own_v1,O1,h00006,main_default_opt_1,True,zext,20,20,0
own_v1,O1,h00006,main_default_opt_2,True,add,34,34,0
own_v1,O1,h00006,main_default_opt_2,True,alloca,1,1,0
own_v1,O1,h00006,main_default_opt_2,True,and,27,25,-2
own_v1,O1,h00006,main_default_opt_2,True,br,35,35,0
own_v1,O1,h00006,main_default_opt_2,True,call,12,12,0
own_v1,O1,h00006,main_default_opt_2,True,getelementptr,56,53,-3
own_v1,O1,h00006,main_default_opt_2,True,icmp,29,25,-4
own_v1,O1,h00006,main_default_opt_2,True,inttoptr,10,10,0
own_v1,O1,h00006,main_default_opt_2,True,load,74,74,0
own_v1,O1,h00006,main_default_opt_2,True,lshr,9,9,0
own_v1,O1,h00006,main_default_opt_2,True,phi,32,32,0
own_v1,O1,h00006,main_default_opt_2,True,ptrtoint,5,5,0
own_v1,O1,h00006,main_default_opt_2,True,ret,8,8,0
own_v1,O1,h00006,main_default_opt_2,True,select,16,16,0
own_v1,O1,h00006,main_default_opt_2,True,sext,5,5,0
own_v1,O1,h00006,main_default_opt_2,True,shl,13,13,0
own_v1,O1,h00006,main_default_opt_2,True,store,577,577,0
own_v1,O1,h00006,main_default_opt_2,True,sub,2,0,-2
own_v1,O1,h00006,main_default_opt_2,True,switch,1,1,0
own_v1,O1,h00006,main_default_opt_2,True,trunc,10,10,0
own_v1,O1,h00006,main_default_opt_2,True,xor,22,22,0
own_v1,O1,h00006,main_default_opt_2,True,zext,20,20,0
own_v1,O1,h00006,bundle_default_opt_3,True,add,31,31,0
own_v1,O1,h00006,bundle_default_opt_3,True,alloca,1,1,0
own_v1,O1,h00006,bundle_default_opt_3,True,and,19,19,0
own_v1,O1,h00006,bundle_default_opt_3,True,br,35,35,0
own_v1,O1,h00006,bundle_default_opt_3,True,call,13,13,0
own_v1,O1,h00006,bundle_default_opt_3,True,getelementptr,47,47,0
own_v1,O1,h00006,bundle_default_opt_3,True,icmp,23,23,0
own_v1,O1,h00006,bundle_default_opt_3,True,inttoptr,9,9,0
own_v1,O1,h00006,bundle_default_opt_3,True,load,74,64,-10
own_v1,O1,h00006,bundle_default_opt_3,True,lshr,9,9,0
own_v1,O1,h00006,bundle_default_opt_3,True,phi,24,24,0
own_v1,O1,h00006,bundle_default_opt_3,True,ptrtoint,1,1,0
own_v1,O1,h00006,bundle_default_opt_3,True,ret,9,9,0
own_v1,O1,h00006,bundle_default_opt_3,True,select,12,12,0
own_v1,O1,h00006,bundle_default_opt_3,True,shl,13,13,0
own_v1,O1,h00006,bundle_default_opt_3,True,store,423,407,-16
own_v1,O1,h00006,bundle_default_opt_3,True,switch,1,1,0
own_v1,O1,h00006,bundle_default_opt_3,True,trunc,10,10,0
own_v1,O1,h00006,bundle_default_opt_3,True,xor,22,22,0
own_v1,O1,h00006,bundle_default_opt_3,True,zext,13,13,0
own_v1,O1,h00006,bundle_default_opt_4,True,add,31,31,0
own_v1,O1,h00006,bundle_default_opt_4,True,alloca,1,1,0
own_v1,O1,h00006,bundle_default_opt_4,True,and,19,19,0
own_v1,O1,h00006,bundle_default_opt_4,True,br,35,35,0
own_v1,O1,h00006,bundle_default_opt_4,True,call,13,13,0
own_v1,O1,h00006,bundle_default_opt_4,True,getelementptr,47,47,0
own_v1,O1,h00006,bundle_default_opt_4,True,icmp,23,23,0
own_v1,O1,h00006,bundle_default_opt_4,True,inttoptr,9,9,0
own_v1,O1,h00006,bundle_default_opt_4,True,load,64,64,0
own_v1,O1,h00006,bundle_default_opt_4,True,lshr,9,9,0
own_v1,O1,h00006,bundle_default_opt_4,True,phi,24,24,0
own_v1,O1,h00006,bundle_default_opt_4,True,ptrtoint,1,1,0
own_v1,O1,h00006,bundle_default_opt_4,True,ret,9,9,0
own_v1,O1,h00006,bundle_default_opt_4,True,select,12,12,0
own_v1,O1,h00006,bundle_default_opt_4,True,shl,13,13,0
own_v1,O1,h00006,bundle_default_opt_4,True,store,407,407,0
own_v1,O1,h00006,bundle_default_opt_4,True,switch,1,1,0
own_v1,O1,h00006,bundle_default_opt_4,True,trunc,10,10,0
own_v1,O1,h00006,bundle_default_opt_4,True,xor,22,22,0
own_v1,O1,h00006,bundle_default_opt_4,True,zext,13,13,0
own_v1,O1,h00006,bundle_post_opt_4_custom_cleanup,True,add,31,31,0
own_v1,O1,h00006,bundle_post_opt_4_custom_cleanup,True,alloca,1,1,0
own_v1,O1,h00006,bundle_post_opt_4_custom_cleanup,True,and,19,19,0
own_v1,O1,h00006,bundle_post_opt_4_custom_cleanup,True,br,35,35,0
own_v1,O1,h00006,bundle_post_opt_4_custom_cleanup,True,call,13,13,0
own_v1,O1,h00006,bundle_post_opt_4_custom_cleanup,True,getelementptr,47,47,0
own_v1,O1,h00006,bundle_post_opt_4_custom_cleanup,True,icmp,23,23,0
own_v1,O1,h00006,bundle_post_opt_4_custom_cleanup,True,inttoptr,9,9,0
own_v1,O1,h00006,bundle_post_opt_4_custom_cleanup,True,load,64,64,0
own_v1,O1,h00006,bundle_post_opt_4_custom_cleanup,True,lshr,9,9,0
own_v1,O1,h00006,bundle_post_opt_4_custom_cleanup,True,phi,24,24,0
own_v1,O1,h00006,bundle_post_opt_4_custom_cleanup,True,ptrtoint,1,1,0
own_v1,O1,h00006,bundle_post_opt_4_custom_cleanup,True,ret,9,9,0
own_v1,O1,h00006,bundle_post_opt_4_custom_cleanup,True,select,12,12,0
own_v1,O1,h00006,bundle_post_opt_4_custom_cleanup,True,shl,13,13,0
own_v1,O1,h00006,bundle_post_opt_4_custom_cleanup,True,store,407,286,-121
own_v1,O1,h00006,bundle_post_opt_4_custom_cleanup,True,switch,1,1,0
own_v1,O1,h00006,bundle_post_opt_4_custom_cleanup,True,trunc,10,10,0
own_v1,O1,h00006,bundle_post_opt_4_custom_cleanup,True,xor,22,22,0
own_v1,O1,h00006,bundle_post_opt_4_custom_cleanup,True,zext,13,13,0
own_v1,O1,h00007,main_default_opt_1,True,add,48,48,0
own_v1,O1,h00007,main_default_opt_1,True,alloca,3,1,-2
own_v1,O1,h00007,main_default_opt_1,True,and,20,19,-1
own_v1,O1,h00007,main_default_opt_1,True,br,32,32,0
own_v1,O1,h00007,main_default_opt_1,True,call,19,12,-7
own_v1,O1,h00007,main_default_opt_1,True,getelementptr,57,41,-16
own_v1,O1,h00007,main_default_opt_1,True,icmp,26,26,0
own_v1,O1,h00007,main_default_opt_1,True,inttoptr,25,24,-1
own_v1,O1,h00007,main_default_opt_1,True,load,104,100,-4
own_v1,O1,h00007,main_default_opt_1,True,lshr,8,8,0
own_v1,O1,h00007,main_default_opt_1,True,mul,4,4,0
own_v1,O1,h00007,main_default_opt_1,True,phi,51,63,12
own_v1,O1,h00007,main_default_opt_1,True,ptrtoint,5,5,0
own_v1,O1,h00007,main_default_opt_1,True,ret,12,9,-3
own_v1,O1,h00007,main_default_opt_1,True,select,16,16,0
own_v1,O1,h00007,main_default_opt_1,True,sext,1,1,0
own_v1,O1,h00007,main_default_opt_1,True,shl,6,6,0
own_v1,O1,h00007,main_default_opt_1,True,store,627,590,-37
own_v1,O1,h00007,main_default_opt_1,True,switch,2,2,0
own_v1,O1,h00007,main_default_opt_1,True,trunc,18,14,-4
own_v1,O1,h00007,main_default_opt_1,True,xor,20,20,0
own_v1,O1,h00007,main_default_opt_1,True,zext,40,39,-1
own_v1,O1,h00007,main_default_opt_2,True,add,45,41,-4
own_v1,O1,h00007,main_default_opt_2,True,alloca,1,1,0
own_v1,O1,h00007,main_default_opt_2,True,and,21,19,-2
own_v1,O1,h00007,main_default_opt_2,True,br,32,31,-1
own_v1,O1,h00007,main_default_opt_2,True,call,12,12,0
own_v1,O1,h00007,main_default_opt_2,True,getelementptr,43,40,-3
own_v1,O1,h00007,main_default_opt_2,True,icmp,28,24,-4
own_v1,O1,h00007,main_default_opt_2,True,inttoptr,22,18,-4
own_v1,O1,h00007,main_default_opt_2,True,load,100,100,0
own_v1,O1,h00007,main_default_opt_2,True,lshr,8,8,0
own_v1,O1,h00007,main_default_opt_2,True,mul,4,4,0
own_v1,O1,h00007,main_default_opt_2,True,phi,65,66,1
own_v1,O1,h00007,main_default_opt_2,True,ptrtoint,5,5,0
own_v1,O1,h00007,main_default_opt_2,True,ret,9,9,0
own_v1,O1,h00007,main_default_opt_2,True,select,16,16,0
own_v1,O1,h00007,main_default_opt_2,True,sext,1,1,0
own_v1,O1,h00007,main_default_opt_2,True,shl,6,6,0
own_v1,O1,h00007,main_default_opt_2,True,store,590,551,-39
own_v1,O1,h00007,main_default_opt_2,True,sub,2,0,-2
own_v1,O1,h00007,main_default_opt_2,True,switch,2,2,0
own_v1,O1,h00007,main_default_opt_2,True,trunc,14,14,0
own_v1,O1,h00007,main_default_opt_2,True,xor,20,20,0
own_v1,O1,h00007,main_default_opt_2,True,zext,39,39,0
own_v1,O1,h00007,bundle_default_opt_3,True,add,39,39,0
own_v1,O1,h00007,bundle_default_opt_3,True,alloca,1,1,0
own_v1,O1,h00007,bundle_default_opt_3,True,and,32,31,-1
own_v1,O1,h00007,bundle_default_opt_3,True,br,31,31,0
own_v1,O1,h00007,bundle_default_opt_3,True,call,13,13,0
own_v1,O1,h00007,bundle_default_opt_3,True,getelementptr,34,34,0
own_v1,O1,h00007,bundle_default_opt_3,True,icmp,22,22,0
own_v1,O1,h00007,bundle_default_opt_3,True,inttoptr,17,17,0
own_v1,O1,h00007,bundle_default_opt_3,True,load,113,101,-12
own_v1,O1,h00007,bundle_default_opt_3,True,lshr,8,8,0
own_v1,O1,h00007,bundle_default_opt_3,True,mul,4,4,0
own_v1,O1,h00007,bundle_default_opt_3,True,or,13,13,0
own_v1,O1,h00007,bundle_default_opt_3,True,phi,66,64,-2
own_v1,O1,h00007,bundle_default_opt_3,True,ptrtoint,4,3,-1
own_v1,O1,h00007,bundle_default_opt_3,True,ret,10,10,0
own_v1,O1,h00007,bundle_default_opt_3,True,select,12,12,0
own_v1,O1,h00007,bundle_default_opt_3,True,sext,1,1,0
own_v1,O1,h00007,bundle_default_opt_3,True,shl,6,6,0
own_v1,O1,h00007,bundle_default_opt_3,True,store,550,503,-47
own_v1,O1,h00007,bundle_default_opt_3,True,switch,2,2,0
own_v1,O1,h00007,bundle_default_opt_3,True,trunc,14,14,0
own_v1,O1,h00007,bundle_default_opt_3,True,xor,20,20,0
own_v1,O1,h00007,bundle_default_opt_3,True,zext,39,37,-2
own_v1,O1,h00007,bundle_default_opt_4,True,add,39,39,0
own_v1,O1,h00007,bundle_default_opt_4,True,alloca,1,1,0
own_v1,O1,h00007,bundle_default_opt_4,True,and,31,31,0
own_v1,O1,h00007,bundle_default_opt_4,True,br,31,31,0
own_v1,O1,h00007,bundle_default_opt_4,True,call,13,13,0
own_v1,O1,h00007,bundle_default_opt_4,True,getelementptr,34,34,0
own_v1,O1,h00007,bundle_default_opt_4,True,icmp,22,22,0
own_v1,O1,h00007,bundle_default_opt_4,True,inttoptr,17,17,0
own_v1,O1,h00007,bundle_default_opt_4,True,load,101,101,0
own_v1,O1,h00007,bundle_default_opt_4,True,lshr,8,8,0
own_v1,O1,h00007,bundle_default_opt_4,True,mul,4,4,0
own_v1,O1,h00007,bundle_default_opt_4,True,or,13,12,-1
own_v1,O1,h00007,bundle_default_opt_4,True,phi,64,64,0
own_v1,O1,h00007,bundle_default_opt_4,True,ptrtoint,3,3,0
own_v1,O1,h00007,bundle_default_opt_4,True,ret,10,10,0
own_v1,O1,h00007,bundle_default_opt_4,True,select,12,12,0
own_v1,O1,h00007,bundle_default_opt_4,True,sext,1,1,0
own_v1,O1,h00007,bundle_default_opt_4,True,shl,6,6,0
own_v1,O1,h00007,bundle_default_opt_4,True,store,503,503,0
own_v1,O1,h00007,bundle_default_opt_4,True,switch,2,2,0
own_v1,O1,h00007,bundle_default_opt_4,True,trunc,14,14,0
own_v1,O1,h00007,bundle_default_opt_4,True,xor,20,20,0
own_v1,O1,h00007,bundle_default_opt_4,True,zext,37,37,0
own_v1,O1,h00007,bundle_post_opt_4_custom_cleanup,True,add,39,39,0
own_v1,O1,h00007,bundle_post_opt_4_custom_cleanup,True,alloca,1,1,0
own_v1,O1,h00007,bundle_post_opt_4_custom_cleanup,True,and,31,31,0
own_v1,O1,h00007,bundle_post_opt_4_custom_cleanup,True,br,31,31,0
own_v1,O1,h00007,bundle_post_opt_4_custom_cleanup,True,call,13,13,0
own_v1,O1,h00007,bundle_post_opt_4_custom_cleanup,True,getelementptr,34,34,0
own_v1,O1,h00007,bundle_post_opt_4_custom_cleanup,True,icmp,22,22,0
own_v1,O1,h00007,bundle_post_opt_4_custom_cleanup,True,inttoptr,17,17,0
own_v1,O1,h00007,bundle_post_opt_4_custom_cleanup,True,load,101,101,0
own_v1,O1,h00007,bundle_post_opt_4_custom_cleanup,True,lshr,8,8,0
own_v1,O1,h00007,bundle_post_opt_4_custom_cleanup,True,mul,4,4,0
own_v1,O1,h00007,bundle_post_opt_4_custom_cleanup,True,or,12,12,0
own_v1,O1,h00007,bundle_post_opt_4_custom_cleanup,True,phi,64,64,0
own_v1,O1,h00007,bundle_post_opt_4_custom_cleanup,True,ptrtoint,3,3,0
own_v1,O1,h00007,bundle_post_opt_4_custom_cleanup,True,ret,10,10,0
own_v1,O1,h00007,bundle_post_opt_4_custom_cleanup,True,select,12,12,0
own_v1,O1,h00007,bundle_post_opt_4_custom_cleanup,True,sext,1,1,0
own_v1,O1,h00007,bundle_post_opt_4_custom_cleanup,True,shl,6,6,0
own_v1,O1,h00007,bundle_post_opt_4_custom_cleanup,True,store,503,438,-65
own_v1,O1,h00007,bundle_post_opt_4_custom_cleanup,True,switch,2,2,0
own_v1,O1,h00007,bundle_post_opt_4_custom_cleanup,True,trunc,14,14,0
own_v1,O1,h00007,bundle_post_opt_4_custom_cleanup,True,xor,20,20,0
own_v1,O1,h00007,bundle_post_opt_4_custom_cleanup,True,zext,37,36,-1
own_v1,O1,h00008,main_default_opt_1,True,add,47,47,0
own_v1,O1,h00008,main_default_opt_1,True,alloca,3,1,-2
own_v1,O1,h00008,main_default_opt_1,True,and,24,24,0
own_v1,O1,h00008,main_default_opt_1,True,br,28,29,1
own_v1,O1,h00008,main_default_opt_1,True,call,21,15,-6
own_v1,O1,h00008,main_default_opt_1,True,getelementptr,87,57,-30
own_v1,O1,h00008,main_default_opt_1,True,icmp,36,36,0
own_v1,O1,h00008,main_default_opt_1,True,inttoptr,20,20,0
own_v1,O1,h00008,main_default_opt_1,True,load,97,95,-2
own_v1,O1,h00008,main_default_opt_1,True,lshr,10,10,0
own_v1,O1,h00008,main_default_opt_1,True,mul,1,1,0
own_v1,O1,h00008,main_default_opt_1,True,or,1,1,0
own_v1,O1,h00008,main_default_opt_1,True,phi,28,41,13
own_v1,O1,h00008,main_default_opt_1,True,ptrtoint,5,5,0
own_v1,O1,h00008,main_default_opt_1,True,ret,11,8,-3
own_v1,O1,h00008,main_default_opt_1,True,select,21,21,0
own_v1,O1,h00008,main_default_opt_1,True,sext,1,1,0
own_v1,O1,h00008,main_default_opt_1,True,shl,8,8,0
own_v1,O1,h00008,main_default_opt_1,True,store,595,570,-25
own_v1,O1,h00008,main_default_opt_1,True,switch,2,2,0
own_v1,O1,h00008,main_default_opt_1,True,trunc,20,14,-6
own_v1,O1,h00008,main_default_opt_1,True,xor,22,22,0
own_v1,O1,h00008,main_default_opt_1,True,zext,32,32,0
own_v1,O1,h00008,main_default_opt_2,True,add,44,44,0
own_v1,O1,h00008,main_default_opt_2,True,alloca,1,1,0
own_v1,O1,h00008,main_default_opt_2,True,and,26,24,-2
own_v1,O1,h00008,main_default_opt_2,True,br,29,29,0
own_v1,O1,h00008,main_default_opt_2,True,call,15,15,0
own_v1,O1,h00008,main_default_opt_2,True,getelementptr,58,55,-3
own_v1,O1,h00008,main_default_opt_2,True,icmp,38,34,-4
own_v1,O1,h00008,main_default_opt_2,True,inttoptr,17,17,0
own_v1,O1,h00008,main_default_opt_2,True,load,95,95,0
own_v1,O1,h00008,main_default_opt_2,True,lshr,10,10,0
own_v1,O1,h00008,main_default_opt_2,True,mul,1,1,0
own_v1,O1,h00008,main_default_opt_2,True,or,1,1,0
own_v1,O1,h00008,main_default_opt_2,True,phi,41,41,0
own_v1,O1,h00008,main_default_opt_2,True,ptrtoint,5,5,0
own_v1,O1,h00008,main_default_opt_2,True,ret,8,8,0
own_v1,O1,h00008,main_default_opt_2,True,select,21,21,0
own_v1,O1,h00008,main_default_opt_2,True,sext,1,1,0
own_v1,O1,h00008,main_default_opt_2,True,shl,8,8,0
own_v1,O1,h00008,main_default_opt_2,True,store,570,570,0
own_v1,O1,h00008,main_default_opt_2,True,sub,2,0,-2
own_v1,O1,h00008,main_default_opt_2,True,switch,2,2,0
own_v1,O1,h00008,main_default_opt_2,True,trunc,14,14,0
own_v1,O1,h00008,main_default_opt_2,True,xor,22,22,0
own_v1,O1,h00008,main_default_opt_2,True,zext,32,32,0
own_v1,O1,h00008,bundle_default_opt_3,True,add,34,34,0
own_v1,O1,h00008,bundle_default_opt_3,True,alloca,1,1,0
own_v1,O1,h00008,bundle_default_opt_3,True,and,22,22,0
own_v1,O1,h00008,bundle_default_opt_3,True,br,29,29,0
own_v1,O1,h00008,bundle_default_opt_3,True,call,20,20,0
own_v1,O1,h00008,bundle_default_opt_3,True,getelementptr,40,40,0
own_v1,O1,h00008,bundle_default_opt_3,True,icmp,24,24,0
own_v1,O1,h00008,bundle_default_opt_3,True,inttoptr,12,12,0
own_v1,O1,h00008,bundle_default_opt_3,True,load,94,86,-8
own_v1,O1,h00008,bundle_default_opt_3,True,lshr,10,10,0
own_v1,O1,h00008,bundle_default_opt_3,True,mul,1,1,0
own_v1,O1,h00008,bundle_default_opt_3,True,phi,36,36,0
own_v1,O1,h00008,bundle_default_opt_3,True,ptrtoint,2,2,0
own_v1,O1,h00008,bundle_default_opt_3,True,ret,9,9,0
own_v1,O1,h00008,bundle_default_opt_3,True,select,9,9,0
own_v1,O1,h00008,bundle_default_opt_3,True,shl,8,8,0
own_v1,O1,h00008,bundle_default_opt_3,True,store,497,483,-14
own_v1,O1,h00008,bundle_default_opt_3,True,switch,2,2,0
own_v1,O1,h00008,bundle_default_opt_3,True,trunc,14,14,0
own_v1,O1,h00008,bundle_default_opt_3,True,xor,22,22,0
own_v1,O1,h00008,bundle_default_opt_3,True,zext,23,23,0
own_v1,O1,h00008,bundle_default_opt_4,True,add,34,34,0
own_v1,O1,h00008,bundle_default_opt_4,True,alloca,1,1,0
own_v1,O1,h00008,bundle_default_opt_4,True,and,22,22,0
own_v1,O1,h00008,bundle_default_opt_4,True,br,29,29,0
own_v1,O1,h00008,bundle_default_opt_4,True,call,20,20,0
own_v1,O1,h00008,bundle_default_opt_4,True,getelementptr,40,40,0
own_v1,O1,h00008,bundle_default_opt_4,True,icmp,24,24,0
own_v1,O1,h00008,bundle_default_opt_4,True,inttoptr,12,12,0
own_v1,O1,h00008,bundle_default_opt_4,True,load,86,86,0
own_v1,O1,h00008,bundle_default_opt_4,True,lshr,10,10,0
own_v1,O1,h00008,bundle_default_opt_4,True,mul,1,1,0
own_v1,O1,h00008,bundle_default_opt_4,True,phi,36,36,0
own_v1,O1,h00008,bundle_default_opt_4,True,ptrtoint,2,2,0
own_v1,O1,h00008,bundle_default_opt_4,True,ret,9,9,0
own_v1,O1,h00008,bundle_default_opt_4,True,select,9,9,0
own_v1,O1,h00008,bundle_default_opt_4,True,shl,8,8,0
own_v1,O1,h00008,bundle_default_opt_4,True,store,483,483,0
own_v1,O1,h00008,bundle_default_opt_4,True,switch,2,2,0
own_v1,O1,h00008,bundle_default_opt_4,True,trunc,14,14,0
own_v1,O1,h00008,bundle_default_opt_4,True,xor,22,22,0
own_v1,O1,h00008,bundle_default_opt_4,True,zext,23,23,0
own_v1,O1,h00008,bundle_post_opt_4_custom_cleanup,True,add,34,34,0
own_v1,O1,h00008,bundle_post_opt_4_custom_cleanup,True,alloca,1,1,0
own_v1,O1,h00008,bundle_post_opt_4_custom_cleanup,True,and,22,22,0
own_v1,O1,h00008,bundle_post_opt_4_custom_cleanup,True,br,29,29,0
own_v1,O1,h00008,bundle_post_opt_4_custom_cleanup,True,call,20,20,0
own_v1,O1,h00008,bundle_post_opt_4_custom_cleanup,True,getelementptr,40,40,0
own_v1,O1,h00008,bundle_post_opt_4_custom_cleanup,True,icmp,24,24,0
own_v1,O1,h00008,bundle_post_opt_4_custom_cleanup,True,inttoptr,12,12,0
own_v1,O1,h00008,bundle_post_opt_4_custom_cleanup,True,load,86,86,0
own_v1,O1,h00008,bundle_post_opt_4_custom_cleanup,True,lshr,10,10,0
own_v1,O1,h00008,bundle_post_opt_4_custom_cleanup,True,mul,1,1,0
own_v1,O1,h00008,bundle_post_opt_4_custom_cleanup,True,phi,36,36,0
own_v1,O1,h00008,bundle_post_opt_4_custom_cleanup,True,ptrtoint,2,2,0
own_v1,O1,h00008,bundle_post_opt_4_custom_cleanup,True,ret,9,9,0
own_v1,O1,h00008,bundle_post_opt_4_custom_cleanup,True,select,9,9,0
own_v1,O1,h00008,bundle_post_opt_4_custom_cleanup,True,shl,8,8,0
own_v1,O1,h00008,bundle_post_opt_4_custom_cleanup,True,store,483,392,-91
own_v1,O1,h00008,bundle_post_opt_4_custom_cleanup,True,switch,2,2,0
own_v1,O1,h00008,bundle_post_opt_4_custom_cleanup,True,trunc,14,14,0
own_v1,O1,h00008,bundle_post_opt_4_custom_cleanup,True,xor,22,22,0
own_v1,O1,h00008,bundle_post_opt_4_custom_cleanup,True,zext,23,22,-1
own_v1,O1,h00009,main_default_opt_1,True,add,33,27,-6
own_v1,O1,h00009,main_default_opt_1,True,alloca,7,5,-2
own_v1,O1,h00009,main_default_opt_1,True,and,20,19,-1
own_v1,O1,h00009,main_default_opt_1,True,br,47,45,-2
own_v1,O1,h00009,main_default_opt_1,True,call,28,17,-11
own_v1,O1,h00009,main_default_opt_1,True,getelementptr,100,81,-19
own_v1,O1,h00009,main_default_opt_1,True,icmp,29,28,-1
own_v1,O1,h00009,main_default_opt_1,True,inttoptr,10,8,-2
own_v1,O1,h00009,main_default_opt_1,True,load,107,91,-16
own_v1,O1,h00009,main_default_opt_1,True,lshr,10,9,-1
own_v1,O1,h00009,main_default_opt_1,True,phi,26,29,3
own_v1,O1,h00009,main_default_opt_1,True,ptrtoint,4,4,0
own_v1,O1,h00009,main_default_opt_1,True,ret,11,2,-9
own_v1,O1,h00009,main_default_opt_1,True,select,15,15,0
own_v1,O1,h00009,main_default_opt_1,True,shl,6,6,0
own_v1,O1,h00009,main_default_opt_1,True,store,669,610,-59
own_v1,O1,h00009,main_default_opt_1,True,sub,1,1,0
own_v1,O1,h00009,main_default_opt_1,True,switch,2,2,0
own_v1,O1,h00009,main_default_opt_1,True,trunc,14,13,-1
own_v1,O1,h00009,main_default_opt_1,True,xor,21,20,-1
own_v1,O1,h00009,main_default_opt_1,True,zext,31,29,-2
own_v1,O1,h00009,main_default_opt_2,True,add,17,13,-4
own_v1,O1,h00009,main_default_opt_2,True,alloca,3,3,0
own_v1,O1,h00009,main_default_opt_2,True,and,7,7,0
own_v1,O1,h00009,main_default_opt_2,True,br,45,42,-3
own_v1,O1,h00009,main_default_opt_2,True,call,8,4,-4
own_v1,O1,h00009,main_default_opt_2,True,getelementptr,52,50,-2
own_v1,O1,h00009,main_default_opt_2,True,icmp,18,15,-3
own_v1,O1,h00009,main_default_opt_2,True,inttoptr,7,4,-3
own_v1,O1,h00009,main_default_opt_2,True,load,36,40,4
own_v1,O1,h00009,main_default_opt_2,True,phi,2,0,-2
own_v1,O1,h00009,main_default_opt_2,True,ptrtoint,1,1,0
own_v1,O1,h00009,main_default_opt_2,True,ret,2,2,0
own_v1,O1,h00009,main_default_opt_2,True,select,15,15,0
own_v1,O1,h00009,main_default_opt_2,True,shl,6,6,0
own_v1,O1,h00009,main_default_opt_2,True,store,60,63,3
own_v1,O1,h00009,main_default_opt_2,True,sub,1,1,0
own_v1,O1,h00009,main_default_opt_2,True,switch,2,1,-1
own_v1,O1,h00009,main_default_opt_2,True,xor,7,7,0
own_v1,O1,h00009,bundle_default_opt_3,True,add,10,10,0
own_v1,O1,h00009,bundle_default_opt_3,True,alloca,3,3,0
own_v1,O1,h00009,bundle_default_opt_3,True,and,7,7,0
own_v1,O1,h00009,bundle_default_opt_3,True,br,42,42,0
own_v1,O1,h00009,bundle_default_opt_3,True,call,4,4,0
own_v1,O1,h00009,bundle_default_opt_3,True,getelementptr,53,21,-32
own_v1,O1,h00009,bundle_default_opt_3,True,icmp,15,15,0
own_v1,O1,h00009,bundle_default_opt_3,True,inttoptr,1,1,0
own_v1,O1,h00009,bundle_default_opt_3,True,load,40,40,0
own_v1,O1,h00009,bundle_default_opt_3,True,ptrtoint,1,1,0
own_v1,O1,h00009,bundle_default_opt_3,True,ret,2,2,0
own_v1,O1,h00009,bundle_default_opt_3,True,select,15,15,0
own_v1,O1,h00009,bundle_default_opt_3,True,shl,6,6,0
own_v1,O1,h00009,bundle_default_opt_3,True,store,63,63,0
own_v1,O1,h00009,bundle_default_opt_3,True,sub,1,1,0
own_v1,O1,h00009,bundle_default_opt_3,True,switch,1,1,0
own_v1,O1,h00009,bundle_default_opt_3,True,xor,7,7,0
own_v1,O1,h00009,bundle_default_opt_4,True,add,10,10,0
own_v1,O1,h00009,bundle_default_opt_4,True,alloca,3,3,0
own_v1,O1,h00009,bundle_default_opt_4,True,and,7,7,0
own_v1,O1,h00009,bundle_default_opt_4,True,br,42,42,0
own_v1,O1,h00009,bundle_default_opt_4,True,call,4,4,0
own_v1,O1,h00009,bundle_default_opt_4,True,getelementptr,21,21,0
own_v1,O1,h00009,bundle_default_opt_4,True,icmp,15,15,0
own_v1,O1,h00009,bundle_default_opt_4,True,inttoptr,1,1,0
own_v1,O1,h00009,bundle_default_opt_4,True,load,40,40,0
own_v1,O1,h00009,bundle_default_opt_4,True,ptrtoint,1,1,0
own_v1,O1,h00009,bundle_default_opt_4,True,ret,2,2,0
own_v1,O1,h00009,bundle_default_opt_4,True,select,15,15,0
own_v1,O1,h00009,bundle_default_opt_4,True,shl,6,6,0
own_v1,O1,h00009,bundle_default_opt_4,True,store,63,63,0
own_v1,O1,h00009,bundle_default_opt_4,True,sub,1,1,0
own_v1,O1,h00009,bundle_default_opt_4,True,switch,1,1,0
own_v1,O1,h00009,bundle_default_opt_4,True,xor,7,7,0
own_v1,O1,h00009,bundle_post_opt_4_custom_cleanup,True,add,10,10,0
own_v1,O1,h00009,bundle_post_opt_4_custom_cleanup,True,alloca,3,3,0
own_v1,O1,h00009,bundle_post_opt_4_custom_cleanup,True,and,7,7,0
own_v1,O1,h00009,bundle_post_opt_4_custom_cleanup,True,br,42,42,0
own_v1,O1,h00009,bundle_post_opt_4_custom_cleanup,True,call,4,4,0
own_v1,O1,h00009,bundle_post_opt_4_custom_cleanup,True,getelementptr,21,21,0
own_v1,O1,h00009,bundle_post_opt_4_custom_cleanup,True,icmp,15,15,0
own_v1,O1,h00009,bundle_post_opt_4_custom_cleanup,True,inttoptr,1,1,0
own_v1,O1,h00009,bundle_post_opt_4_custom_cleanup,True,load,40,40,0
own_v1,O1,h00009,bundle_post_opt_4_custom_cleanup,True,ptrtoint,1,1,0
own_v1,O1,h00009,bundle_post_opt_4_custom_cleanup,True,ret,2,1,-1
own_v1,O1,h00009,bundle_post_opt_4_custom_cleanup,True,select,15,15,0
own_v1,O1,h00009,bundle_post_opt_4_custom_cleanup,True,shl,6,6,0
own_v1,O1,h00009,bundle_post_opt_4_custom_cleanup,True,store,63,63,0
own_v1,O1,h00009,bundle_post_opt_4_custom_cleanup,True,sub,1,1,0
own_v1,O1,h00009,bundle_post_opt_4_custom_cleanup,True,switch,1,1,0
own_v1,O1,h00009,bundle_post_opt_4_custom_cleanup,True,xor,7,7,0
own_v1,O1,h00010,main_default_opt_1,True,add,57,57,0
own_v1,O1,h00010,main_default_opt_1,True,alloca,7,5,-2
own_v1,O1,h00010,main_default_opt_1,True,and,30,30,0
own_v1,O1,h00010,main_default_opt_1,True,br,31,32,1
own_v1,O1,h00010,main_default_opt_1,True,call,34,26,-8
own_v1,O1,h00010,main_default_opt_1,True,getelementptr,107,91,-16
own_v1,O1,h00010,main_default_opt_1,True,icmp,32,32,0
own_v1,O1,h00010,main_default_opt_1,True,inttoptr,26,26,0
own_v1,O1,h00010,main_default_opt_1,True,load,139,137,-2
own_v1,O1,h00010,main_default_opt_1,True,lshr,17,17,0
own_v1,O1,h00010,main_default_opt_1,True,phi,26,37,11
own_v1,O1,h00010,main_default_opt_1,True,ptrtoint,4,4,0
own_v1,O1,h00010,main_default_opt_1,True,ret,14,10,-4
own_v1,O1,h00010,main_default_opt_1,True,select,13,13,0
own_v1,O1,h00010,main_default_opt_1,True,sext,5,5,0
own_v1,O1,h00010,main_default_opt_1,True,shl,12,12,0
own_v1,O1,h00010,main_default_opt_1,True,store,747,729,-18
own_v1,O1,h00010,main_default_opt_1,True,sub,2,2,0
own_v1,O1,h00010,main_default_opt_1,True,switch,2,2,0
own_v1,O1,h00010,main_default_opt_1,True,trunc,23,21,-2
own_v1,O1,h00010,main_default_opt_1,True,xor,31,30,-1
own_v1,O1,h00010,main_default_opt_1,True,zext,32,32,0
own_v1,O1,h00010,main_default_opt_2,True,add,56,62,6
own_v1,O1,h00010,main_default_opt_2,True,alloca,4,4,0
own_v1,O1,h00010,main_default_opt_2,True,and,36,30,-6
own_v1,O1,h00010,main_default_opt_2,True,br,32,32,0
own_v1,O1,h00010,main_default_opt_2,True,call,24,22,-2
own_v1,O1,h00010,main_default_opt_2,True,getelementptr,84,84,0
own_v1,O1,h00010,main_default_opt_2,True,icmp,44,38,-6
own_v1,O1,h00010,main_default_opt_2,True,inttoptr,27,27,0
own_v1,O1,h00010,main_default_opt_2,True,load,137,139,2
own_v1,O1,h00010,main_default_opt_2,True,lshr,17,17,0
own_v1,O1,h00010,main_default_opt_2,True,phi,37,37,0
own_v1,O1,h00010,main_default_opt_2,True,ptrtoint,7,7,0
own_v1,O1,h00010,main_default_opt_2,True,ret,10,10,0
own_v1,O1,h00010,main_default_opt_2,True,select,19,19,0
own_v1,O1,h00010,main_default_opt_2,True,sext,5,5,0
own_v1,O1,h00010,main_default_opt_2,True,shl,12,12,0
own_v1,O1,h00010,main_default_opt_2,True,store,711,713,2
own_v1,O1,h00010,main_default_opt_2,True,sub,8,2,-6
own_v1,O1,h00010,main_default_opt_2,True,switch,2,2,0
own_v1,O1,h00010,main_default_opt_2,True,trunc,21,21,0
own_v1,O1,h00010,main_default_opt_2,True,xor,30,30,0
own_v1,O1,h00010,main_default_opt_2,True,zext,32,32,0
own_v1,O1,h00010,bundle_default_opt_3,True,add,53,53,0
own_v1,O1,h00010,bundle_default_opt_3,True,alloca,4,4,0
own_v1,O1,h00010,bundle_default_opt_3,True,and,30,30,0
own_v1,O1,h00010,bundle_default_opt_3,True,br,32,32,0
own_v1,O1,h00010,bundle_default_opt_3,True,call,25,24,-1
own_v1,O1,h00010,bundle_default_opt_3,True,getelementptr,71,71,0
own_v1,O1,h00010,bundle_default_opt_3,True,icmp,32,32,0
own_v1,O1,h00010,bundle_default_opt_3,True,inttoptr,24,24,0
own_v1,O1,h00010,bundle_default_opt_3,True,load,136,100,-36
own_v1,O1,h00010,bundle_default_opt_3,True,lshr,17,17,0
own_v1,O1,h00010,bundle_default_opt_3,True,phi,31,31,0
own_v1,O1,h00010,bundle_default_opt_3,True,ptrtoint,4,3,-1
own_v1,O1,h00010,bundle_default_opt_3,True,ret,11,11,0
own_v1,O1,h00010,bundle_default_opt_3,True,select,13,13,0
own_v1,O1,h00010,bundle_default_opt_3,True,sext,3,3,0
own_v1,O1,h00010,bundle_default_opt_3,True,shl,10,10,0
own_v1,O1,h00010,bundle_default_opt_3,True,store,576,498,-78
own_v1,O1,h00010,bundle_default_opt_3,True,sub,2,2,0
own_v1,O1,h00010,bundle_default_opt_3,True,switch,2,2,0
own_v1,O1,h00010,bundle_default_opt_3,True,trunc,21,21,0
own_v1,O1,h00010,bundle_default_opt_3,True,xor,30,30,0
own_v1,O1,h00010,bundle_default_opt_3,True,zext,28,28,0
own_v1,O1,h00010,bundle_default_opt_4,True,add,53,53,0
own_v1,O1,h00010,bundle_default_opt_4,True,alloca,4,4,0
own_v1,O1,h00010,bundle_default_opt_4,True,and,30,30,0
own_v1,O1,h00010,bundle_default_opt_4,True,br,32,32,0
own_v1,O1,h00010,bundle_default_opt_4,True,call,24,24,0
own_v1,O1,h00010,bundle_default_opt_4,True,getelementptr,71,71,0
own_v1,O1,h00010,bundle_default_opt_4,True,icmp,32,32,0
own_v1,O1,h00010,bundle_default_opt_4,True,inttoptr,24,24,0
own_v1,O1,h00010,bundle_default_opt_4,True,load,100,100,0
own_v1,O1,h00010,bundle_default_opt_4,True,lshr,17,17,0
own_v1,O1,h00010,bundle_default_opt_4,True,phi,31,31,0
own_v1,O1,h00010,bundle_default_opt_4,True,ptrtoint,3,3,0
own_v1,O1,h00010,bundle_default_opt_4,True,ret,11,11,0
own_v1,O1,h00010,bundle_default_opt_4,True,select,13,13,0
own_v1,O1,h00010,bundle_default_opt_4,True,sext,3,3,0
own_v1,O1,h00010,bundle_default_opt_4,True,shl,10,10,0
own_v1,O1,h00010,bundle_default_opt_4,True,store,498,498,0
own_v1,O1,h00010,bundle_default_opt_4,True,sub,2,2,0
own_v1,O1,h00010,bundle_default_opt_4,True,switch,2,2,0
own_v1,O1,h00010,bundle_default_opt_4,True,trunc,21,21,0
own_v1,O1,h00010,bundle_default_opt_4,True,xor,30,30,0
own_v1,O1,h00010,bundle_default_opt_4,True,zext,28,28,0
own_v1,O1,h00010,bundle_post_opt_4_custom_cleanup,True,add,53,53,0
own_v1,O1,h00010,bundle_post_opt_4_custom_cleanup,True,alloca,4,4,0
own_v1,O1,h00010,bundle_post_opt_4_custom_cleanup,True,and,30,30,0
own_v1,O1,h00010,bundle_post_opt_4_custom_cleanup,True,br,32,32,0
own_v1,O1,h00010,bundle_post_opt_4_custom_cleanup,True,call,24,24,0
own_v1,O1,h00010,bundle_post_opt_4_custom_cleanup,True,getelementptr,71,71,0
own_v1,O1,h00010,bundle_post_opt_4_custom_cleanup,True,icmp,32,32,0
own_v1,O1,h00010,bundle_post_opt_4_custom_cleanup,True,inttoptr,24,24,0
own_v1,O1,h00010,bundle_post_opt_4_custom_cleanup,True,load,100,100,0
own_v1,O1,h00010,bundle_post_opt_4_custom_cleanup,True,lshr,17,17,0
own_v1,O1,h00010,bundle_post_opt_4_custom_cleanup,True,phi,31,31,0
own_v1,O1,h00010,bundle_post_opt_4_custom_cleanup,True,ptrtoint,3,3,0
own_v1,O1,h00010,bundle_post_opt_4_custom_cleanup,True,ret,11,11,0
own_v1,O1,h00010,bundle_post_opt_4_custom_cleanup,True,select,13,13,0
own_v1,O1,h00010,bundle_post_opt_4_custom_cleanup,True,sext,3,3,0
own_v1,O1,h00010,bundle_post_opt_4_custom_cleanup,True,shl,10,10,0
own_v1,O1,h00010,bundle_post_opt_4_custom_cleanup,True,store,498,391,-107
own_v1,O1,h00010,bundle_post_opt_4_custom_cleanup,True,sub,2,2,0
own_v1,O1,h00010,bundle_post_opt_4_custom_cleanup,True,switch,2,2,0
own_v1,O1,h00010,bundle_post_opt_4_custom_cleanup,True,trunc,21,21,0
own_v1,O1,h00010,bundle_post_opt_4_custom_cleanup,True,xor,30,30,0
own_v1,O1,h00010,bundle_post_opt_4_custom_cleanup,True,zext,28,28,0
own_v1,O1,h00011,main_default_opt_1,True,add,22,16,-6
own_v1,O1,h00011,main_default_opt_1,True,alloca,5,3,-2
own_v1,O1,h00011,main_default_opt_1,True,and,20,18,-2
own_v1,O1,h00011,main_default_opt_1,True,br,23,21,-2
own_v1,O1,h00011,main_default_opt_1,True,call,22,11,-11
own_v1,O1,h00011,main_default_opt_1,True,getelementptr,72,52,-20
own_v1,O1,h00011,main_default_opt_1,True,icmp,14,13,-1
own_v1,O1,h00011,main_default_opt_1,True,inttoptr,9,7,-2
own_v1,O1,h00011,main_default_opt_1,True,load,75,59,-16
own_v1,O1,h00011,main_default_opt_1,True,lshr,9,8,-1
own_v1,O1,h00011,main_default_opt_1,True,phi,22,26,4
own_v1,O1,h00011,main_default_opt_1,True,ptrtoint,4,4,0
own_v1,O1,h00011,main_default_opt_1,True,ret,11,2,-9
own_v1,O1,h00011,main_default_opt_1,True,select,6,6,0
own_v1,O1,h00011,main_default_opt_1,True,shl,4,4,0
own_v1,O1,h00011,main_default_opt_1,True,store,498,438,-60
own_v1,O1,h00011,main_default_opt_1,True,switch,2,2,0
own_v1,O1,h00011,main_default_opt_1,True,trunc,16,11,-5
own_v1,O1,h00011,main_default_opt_1,True,xor,12,11,-1
own_v1,O1,h00011,main_default_opt_1,True,zext,22,20,-2
own_v1,O1,h00011,main_default_opt_2,True,add,9,8,-1
own_v1,O1,h00011,main_default_opt_2,True,alloca,2,2,0
own_v1,O1,h00011,main_default_opt_2,True,and,8,7,-1
own_v1,O1,h00011,main_default_opt_2,True,br,21,21,0
own_v1,O1,h00011,main_default_opt_2,True,call,5,3,-2
own_v1,O1,h00011,main_default_opt_2,True,getelementptr,39,37,-2
own_v1,O1,h00011,main_default_opt_2,True,icmp,6,6,0
own_v1,O1,h00011,main_default_opt_2,True,inttoptr,6,3,-3
own_v1,O1,h00011,main_default_opt_2,True,load,22,23,1
own_v1,O1,h00011,main_default_opt_2,True,lshr,3,3,0
own_v1,O1,h00011,main_default_opt_2,True,phi,6,4,-2
own_v1,O1,h00011,main_default_opt_2,True,ptrtoint,1,1,0
own_v1,O1,h00011,main_default_opt_2,True,ret,2,2,0
own_v1,O1,h00011,main_default_opt_2,True,select,6,6,0
own_v1,O1,h00011,main_default_opt_2,True,shl,4,4,0
own_v1,O1,h00011,main_default_opt_2,True,store,37,39,2
own_v1,O1,h00011,main_default_opt_2,True,switch,2,2,0
own_v1,O1,h00011,main_default_opt_2,True,trunc,2,1,-1
own_v1,O1,h00011,main_default_opt_2,True,xor,5,5,0
own_v1,O1,h00011,main_default_opt_2,True,zext,2,2,0
own_v1,O1,h00011,bundle_default_opt_3,True,add,6,6,0
own_v1,O1,h00011,bundle_default_opt_3,True,alloca,2,2,0
own_v1,O1,h00011,bundle_default_opt_3,True,and,7,7,0
own_v1,O1,h00011,bundle_default_opt_3,True,br,21,21,0
own_v1,O1,h00011,bundle_default_opt_3,True,call,3,3,0
own_v1,O1,h00011,bundle_default_opt_3,True,getelementptr,39,18,-21
own_v1,O1,h00011,bundle_default_opt_3,True,icmp,6,6,0
own_v1,O1,h00011,bundle_default_opt_3,True,inttoptr,1,1,0
own_v1,O1,h00011,bundle_default_opt_3,True,load,23,23,0
own_v1,O1,h00011,bundle_default_opt_3,True,lshr,3,3,0
own_v1,O1,h00011,bundle_default_opt_3,True,phi,4,4,0
own_v1,O1,h00011,bundle_default_opt_3,True,ptrtoint,1,1,0
own_v1,O1,h00011,bundle_default_opt_3,True,ret,2,2,0
own_v1,O1,h00011,bundle_default_opt_3,True,select,6,6,0
own_v1,O1,h00011,bundle_default_opt_3,True,shl,4,4,0
own_v1,O1,h00011,bundle_default_opt_3,True,store,39,39,0
own_v1,O1,h00011,bundle_default_opt_3,True,switch,2,2,0
own_v1,O1,h00011,bundle_default_opt_3,True,trunc,1,1,0
own_v1,O1,h00011,bundle_default_opt_3,True,xor,5,5,0
own_v1,O1,h00011,bundle_default_opt_3,True,zext,2,2,0
own_v1,O1,h00011,bundle_default_opt_4,True,add,6,6,0
own_v1,O1,h00011,bundle_default_opt_4,True,alloca,2,2,0
own_v1,O1,h00011,bundle_default_opt_4,True,and,7,7,0
own_v1,O1,h00011,bundle_default_opt_4,True,br,21,21,0
own_v1,O1,h00011,bundle_default_opt_4,True,call,3,3,0
own_v1,O1,h00011,bundle_default_opt_4,True,getelementptr,18,18,0
own_v1,O1,h00011,bundle_default_opt_4,True,icmp,6,6,0
own_v1,O1,h00011,bundle_default_opt_4,True,inttoptr,1,1,0
own_v1,O1,h00011,bundle_default_opt_4,True,load,23,23,0
own_v1,O1,h00011,bundle_default_opt_4,True,lshr,3,3,0
own_v1,O1,h00011,bundle_default_opt_4,True,phi,4,4,0
own_v1,O1,h00011,bundle_default_opt_4,True,ptrtoint,1,1,0
own_v1,O1,h00011,bundle_default_opt_4,True,ret,2,2,0
own_v1,O1,h00011,bundle_default_opt_4,True,select,6,6,0
own_v1,O1,h00011,bundle_default_opt_4,True,shl,4,4,0
own_v1,O1,h00011,bundle_default_opt_4,True,store,39,39,0
own_v1,O1,h00011,bundle_default_opt_4,True,switch,2,2,0
own_v1,O1,h00011,bundle_default_opt_4,True,trunc,1,1,0
own_v1,O1,h00011,bundle_default_opt_4,True,xor,5,5,0
own_v1,O1,h00011,bundle_default_opt_4,True,zext,2,2,0
own_v1,O1,h00011,bundle_post_opt_4_custom_cleanup,True,add,6,6,0
own_v1,O1,h00011,bundle_post_opt_4_custom_cleanup,True,alloca,2,2,0
own_v1,O1,h00011,bundle_post_opt_4_custom_cleanup,True,and,7,7,0
own_v1,O1,h00011,bundle_post_opt_4_custom_cleanup,True,br,21,21,0
own_v1,O1,h00011,bundle_post_opt_4_custom_cleanup,True,call,3,3,0
own_v1,O1,h00011,bundle_post_opt_4_custom_cleanup,True,getelementptr,18,18,0
own_v1,O1,h00011,bundle_post_opt_4_custom_cleanup,True,icmp,6,6,0
own_v1,O1,h00011,bundle_post_opt_4_custom_cleanup,True,inttoptr,1,1,0
own_v1,O1,h00011,bundle_post_opt_4_custom_cleanup,True,load,23,23,0
own_v1,O1,h00011,bundle_post_opt_4_custom_cleanup,True,lshr,3,3,0
own_v1,O1,h00011,bundle_post_opt_4_custom_cleanup,True,phi,4,4,0
own_v1,O1,h00011,bundle_post_opt_4_custom_cleanup,True,ptrtoint,1,1,0
own_v1,O1,h00011,bundle_post_opt_4_custom_cleanup,True,ret,2,1,-1
own_v1,O1,h00011,bundle_post_opt_4_custom_cleanup,True,select,6,6,0
own_v1,O1,h00011,bundle_post_opt_4_custom_cleanup,True,shl,4,4,0
own_v1,O1,h00011,bundle_post_opt_4_custom_cleanup,True,store,39,39,0
own_v1,O1,h00011,bundle_post_opt_4_custom_cleanup,True,switch,2,2,0
own_v1,O1,h00011,bundle_post_opt_4_custom_cleanup,True,trunc,1,1,0
own_v1,O1,h00011,bundle_post_opt_4_custom_cleanup,True,xor,5,5,0
own_v1,O1,h00011,bundle_post_opt_4_custom_cleanup,True,zext,2,2,0
own_v1,O1,h00012,main_default_opt_1,True,add,22,16,-6
own_v1,O1,h00012,main_default_opt_1,True,alloca,5,3,-2
own_v1,O1,h00012,main_default_opt_1,True,and,13,11,-2
own_v1,O1,h00012,main_default_opt_1,True,br,13,11,-2
own_v1,O1,h00012,main_default_opt_1,True,call,21,9,-12
own_v1,O1,h00012,main_default_opt_1,True,getelementptr,53,36,-17
own_v1,O1,h00012,main_default_opt_1,True,icmp,10,9,-1
own_v1,O1,h00012,main_default_opt_1,True,inttoptr,9,7,-2
own_v1,O1,h00012,main_default_opt_1,True,load,68,51,-17
own_v1,O1,h00012,main_default_opt_1,True,lshr,7,6,-1
own_v1,O1,h00012,main_default_opt_1,True,mul,2,1,-1
own_v1,O1,h00012,main_default_opt_1,True,phi,20,24,4
own_v1,O1,h00012,main_default_opt_1,True,ptrtoint,4,4,0
own_v1,O1,h00012,main_default_opt_1,True,ret,11,2,-9
own_v1,O1,h00012,main_default_opt_1,True,select,3,3,0
own_v1,O1,h00012,main_default_opt_1,True,shl,6,6,0
own_v1,O1,h00012,main_default_opt_1,True,store,332,276,-56
own_v1,O1,h00012,main_default_opt_1,True,switch,1,1,0
own_v1,O1,h00012,main_default_opt_1,True,trunc,11,7,-4
own_v1,O1,h00012,main_default_opt_1,True,xor,15,12,-3
own_v1,O1,h00012,main_default_opt_1,True,zext,17,14,-3
own_v1,O1,h00012,main_default_opt_2,True,add,9,8,-1
own_v1,O1,h00012,main_default_opt_2,True,alloca,2,2,0
own_v1,O1,h00012,main_default_opt_2,True,and,5,5,0
own_v1,O1,h00012,main_default_opt_2,True,br,11,11,0
own_v1,O1,h00012,main_default_opt_2,True,call,4,2,-2
own_v1,O1,h00012,main_default_opt_2,True,getelementptr,23,21,-2
own_v1,O1,h00012,main_default_opt_2,True,icmp,3,3,0
own_v1,O1,h00012,main_default_opt_2,True,inttoptr,6,3,-3
own_v1,O1,h00012,main_default_opt_2,True,load,13,13,0
own_v1,O1,h00012,main_default_opt_2,True,lshr,2,2,0
own_v1,O1,h00012,main_default_opt_2,True,mul,1,1,0
own_v1,O1,h00012,main_default_opt_2,True,phi,4,2,-2
own_v1,O1,h00012,main_default_opt_2,True,ptrtoint,1,1,0
own_v1,O1,h00012,main_default_opt_2,True,ret,2,2,0
own_v1,O1,h00012,main_default_opt_2,True,select,3,3,0
own_v1,O1,h00012,main_default_opt_2,True,shl,6,6,0
own_v1,O1,h00012,main_default_opt_2,True,store,24,26,2
own_v1,O1,h00012,main_default_opt_2,True,switch,1,1,0
own_v1,O1,h00012,main_default_opt_2,True,xor,8,8,0
own_v1,O1,h00012,bundle_default_opt_3,True,add,6,6,0
own_v1,O1,h00012,bundle_default_opt_3,True,alloca,2,2,0
own_v1,O1,h00012,bundle_default_opt_3,True,and,5,5,0
own_v1,O1,h00012,bundle_default_opt_3,True,br,11,11,0
own_v1,O1,h00012,bundle_default_opt_3,True,call,2,2,0
own_v1,O1,h00012,bundle_default_opt_3,True,getelementptr,23,13,-10
own_v1,O1,h00012,bundle_default_opt_3,True,icmp,3,3,0
own_v1,O1,h00012,bundle_default_opt_3,True,inttoptr,1,1,0
own_v1,O1,h00012,bundle_default_opt_3,True,load,13,13,0
own_v1,O1,h00012,bundle_default_opt_3,True,lshr,2,2,0
own_v1,O1,h00012,bundle_default_opt_3,True,mul,1,1,0
own_v1,O1,h00012,bundle_default_opt_3,True,phi,2,2,0
own_v1,O1,h00012,bundle_default_opt_3,True,ptrtoint,1,1,0
own_v1,O1,h00012,bundle_default_opt_3,True,ret,2,2,0
own_v1,O1,h00012,bundle_default_opt_3,True,select,3,3,0
own_v1,O1,h00012,bundle_default_opt_3,True,shl,6,6,0
own_v1,O1,h00012,bundle_default_opt_3,True,store,26,26,0
own_v1,O1,h00012,bundle_default_opt_3,True,switch,1,1,0
own_v1,O1,h00012,bundle_default_opt_3,True,xor,8,8,0
own_v1,O1,h00012,bundle_default_opt_4,True,add,6,6,0
own_v1,O1,h00012,bundle_default_opt_4,True,alloca,2,2,0
own_v1,O1,h00012,bundle_default_opt_4,True,and,5,5,0
own_v1,O1,h00012,bundle_default_opt_4,True,br,11,11,0
own_v1,O1,h00012,bundle_default_opt_4,True,call,2,2,0
own_v1,O1,h00012,bundle_default_opt_4,True,getelementptr,13,13,0
own_v1,O1,h00012,bundle_default_opt_4,True,icmp,3,3,0
own_v1,O1,h00012,bundle_default_opt_4,True,inttoptr,1,1,0
own_v1,O1,h00012,bundle_default_opt_4,True,load,13,13,0
own_v1,O1,h00012,bundle_default_opt_4,True,lshr,2,2,0
own_v1,O1,h00012,bundle_default_opt_4,True,mul,1,1,0
own_v1,O1,h00012,bundle_default_opt_4,True,phi,2,2,0
own_v1,O1,h00012,bundle_default_opt_4,True,ptrtoint,1,1,0
own_v1,O1,h00012,bundle_default_opt_4,True,ret,2,2,0
own_v1,O1,h00012,bundle_default_opt_4,True,select,3,3,0
own_v1,O1,h00012,bundle_default_opt_4,True,shl,6,6,0
own_v1,O1,h00012,bundle_default_opt_4,True,store,26,26,0
own_v1,O1,h00012,bundle_default_opt_4,True,switch,1,1,0
own_v1,O1,h00012,bundle_default_opt_4,True,xor,8,8,0
own_v1,O1,h00012,bundle_post_opt_4_custom_cleanup,True,add,6,6,0
own_v1,O1,h00012,bundle_post_opt_4_custom_cleanup,True,alloca,2,2,0
own_v1,O1,h00012,bundle_post_opt_4_custom_cleanup,True,and,5,5,0
own_v1,O1,h00012,bundle_post_opt_4_custom_cleanup,True,br,11,11,0
own_v1,O1,h00012,bundle_post_opt_4_custom_cleanup,True,call,2,2,0
own_v1,O1,h00012,bundle_post_opt_4_custom_cleanup,True,getelementptr,13,13,0
own_v1,O1,h00012,bundle_post_opt_4_custom_cleanup,True,icmp,3,3,0
own_v1,O1,h00012,bundle_post_opt_4_custom_cleanup,True,inttoptr,1,1,0
own_v1,O1,h00012,bundle_post_opt_4_custom_cleanup,True,load,13,13,0
own_v1,O1,h00012,bundle_post_opt_4_custom_cleanup,True,lshr,2,2,0
own_v1,O1,h00012,bundle_post_opt_4_custom_cleanup,True,mul,1,1,0
own_v1,O1,h00012,bundle_post_opt_4_custom_cleanup,True,phi,2,2,0
own_v1,O1,h00012,bundle_post_opt_4_custom_cleanup,True,ptrtoint,1,1,0
own_v1,O1,h00012,bundle_post_opt_4_custom_cleanup,True,ret,2,1,-1
own_v1,O1,h00012,bundle_post_opt_4_custom_cleanup,True,select,3,3,0
own_v1,O1,h00012,bundle_post_opt_4_custom_cleanup,True,shl,6,6,0
own_v1,O1,h00012,bundle_post_opt_4_custom_cleanup,True,store,26,26,0
own_v1,O1,h00012,bundle_post_opt_4_custom_cleanup,True,switch,1,1,0
own_v1,O1,h00012,bundle_post_opt_4_custom_cleanup,True,xor,8,8,0
own_v1,O1,h00013,main_default_opt_1,True,add,26,20,-6
own_v1,O1,h00013,main_default_opt_1,True,alloca,5,3,-2
own_v1,O1,h00013,main_default_opt_1,True,and,15,14,-1
own_v1,O1,h00013,main_default_opt_1,True,br,18,16,-2
own_v1,O1,h00013,main_default_opt_1,True,call,22,11,-11
own_v1,O1,h00013,main_default_opt_1,True,freeze,3,3,0
own_v1,O1,h00013,main_default_opt_1,True,getelementptr,59,41,-18
own_v1,O1,h00013,main_default_opt_1,True,icmp,15,14,-1
own_v1,O1,h00013,main_default_opt_1,True,inttoptr,9,7,-2
own_v1,O1,h00013,main_default_opt_1,True,load,76,59,-17
own_v1,O1,h00013,main_default_opt_1,True,lshr,8,7,-1
own_v1,O1,h00013,main_default_opt_1,True,mul,3,3,0
own_v1,O1,h00013,main_default_opt_1,True,or,1,1,0
own_v1,O1,h00013,main_default_opt_1,True,phi,27,31,4
own_v1,O1,h00013,main_default_opt_1,True,ptrtoint,4,4,0
own_v1,O1,h00013,main_default_opt_1,True,ret,11,2,-9
own_v1,O1,h00013,main_default_opt_1,True,select,4,4,0
own_v1,O1,h00013,main_default_opt_1,True,shl,5,5,0
own_v1,O1,h00013,main_default_opt_1,True,store,381,323,-58
own_v1,O1,h00013,main_default_opt_1,True,switch,1,1,0
own_v1,O1,h00013,main_default_opt_1,True,trunc,11,10,-1
own_v1,O1,h00013,main_default_opt_1,True,urem,3,3,0
own_v1,O1,h00013,main_default_opt_1,True,xor,16,15,-1
own_v1,O1,h00013,main_default_opt_1,True,zext,16,14,-2
own_v1,O1,h00013,main_default_opt_2,True,add,10,8,-2
own_v1,O1,h00013,main_default_opt_2,True,alloca,4,4,0
own_v1,O1,h00013,main_default_opt_2,True,and,5,5,0
own_v1,O1,h00013,main_default_opt_2,True,br,16,14,-2
own_v1,O1,h00013,main_default_opt_2,True,call,9,3,-6
own_v1,O1,h00013,main_default_opt_2,True,freeze,3,3,0
own_v1,O1,h00013,main_default_opt_2,True,getelementptr,29,27,-2
own_v1,O1,h00013,main_default_opt_2,True,icmp,6,4,-2
own_v1,O1,h00013,main_default_opt_2,True,inttoptr,5,3,-2
own_v1,O1,h00013,main_default_opt_2,True,load,18,22,4
own_v1,O1,h00013,main_default_opt_2,True,mul,3,3,0
own_v1,O1,h00013,main_default_opt_2,True,or,1,1,0
own_v1,O1,h00013,main_default_opt_2,True,phi,2,0,-2
own_v1,O1,h00013,main_default_opt_2,True,ptrtoint,1,1,0
own_v1,O1,h00013,main_default_opt_2,True,ret,2,2,0
own_v1,O1,h00013,main_default_opt_2,True,select,4,4,0
own_v1,O1,h00013,main_default_opt_2,True,shl,5,5,0
own_v1,O1,h00013,main_default_opt_2,True,store,26,31,5
own_v1,O1,h00013,main_default_opt_2,True,switch,1,1,0
own_v1,O1,h00013,main_default_opt_2,True,urem,3,3,0
own_v1,O1,h00013,main_default_opt_2,True,xor,5,5,0
own_v1,O1,h00013,bundle_default_opt_3,True,add,6,6,0
own_v1,O1,h00013,bundle_default_opt_3,True,alloca,4,4,0
own_v1,O1,h00013,bundle_default_opt_3,True,and,5,5,0
own_v1,O1,h00013,bundle_default_opt_3,True,br,14,14,0
own_v1,O1,h00013,bundle_default_opt_3,True,call,3,3,0
own_v1,O1,h00013,bundle_default_opt_3,True,freeze,3,3,0
own_v1,O1,h00013,bundle_default_opt_3,True,getelementptr,29,17,-12
own_v1,O1,h00013,bundle_default_opt_3,True,icmp,4,4,0
own_v1,O1,h00013,bundle_default_opt_3,True,inttoptr,1,1,0
own_v1,O1,h00013,bundle_default_opt_3,True,load,22,22,0
own_v1,O1,h00013,bundle_default_opt_3,True,mul,3,3,0
own_v1,O1,h00013,bundle_default_opt_3,True,or,1,1,0
own_v1,O1,h00013,bundle_default_opt_3,True,ptrtoint,1,1,0
own_v1,O1,h00013,bundle_default_opt_3,True,ret,2,2,0
own_v1,O1,h00013,bundle_default_opt_3,True,select,4,4,0
own_v1,O1,h00013,bundle_default_opt_3,True,shl,5,5,0
own_v1,O1,h00013,bundle_default_opt_3,True,store,31,31,0
own_v1,O1,h00013,bundle_default_opt_3,True,switch,1,1,0
own_v1,O1,h00013,bundle_default_opt_3,True,urem,3,3,0
own_v1,O1,h00013,bundle_default_opt_3,True,xor,5,5,0
own_v1,O1,h00013,bundle_default_opt_4,True,add,6,6,0
own_v1,O1,h00013,bundle_default_opt_4,True,alloca,4,4,0
own_v1,O1,h00013,bundle_default_opt_4,True,and,5,5,0
own_v1,O1,h00013,bundle_default_opt_4,True,br,14,14,0
own_v1,O1,h00013,bundle_default_opt_4,True,call,3,3,0
own_v1,O1,h00013,bundle_default_opt_4,True,freeze,3,3,0
own_v1,O1,h00013,bundle_default_opt_4,True,getelementptr,17,17,0
own_v1,O1,h00013,bundle_default_opt_4,True,icmp,4,4,0
own_v1,O1,h00013,bundle_default_opt_4,True,inttoptr,1,1,0
own_v1,O1,h00013,bundle_default_opt_4,True,load,22,22,0
own_v1,O1,h00013,bundle_default_opt_4,True,mul,3,3,0
own_v1,O1,h00013,bundle_default_opt_4,True,or,1,1,0
own_v1,O1,h00013,bundle_default_opt_4,True,ptrtoint,1,1,0
own_v1,O1,h00013,bundle_default_opt_4,True,ret,2,2,0
own_v1,O1,h00013,bundle_default_opt_4,True,select,4,4,0
own_v1,O1,h00013,bundle_default_opt_4,True,shl,5,5,0
own_v1,O1,h00013,bundle_default_opt_4,True,store,31,31,0
own_v1,O1,h00013,bundle_default_opt_4,True,switch,1,1,0
own_v1,O1,h00013,bundle_default_opt_4,True,urem,3,3,0
own_v1,O1,h00013,bundle_default_opt_4,True,xor,5,5,0
own_v1,O1,h00013,bundle_post_opt_4_custom_cleanup,True,add,6,6,0
own_v1,O1,h00013,bundle_post_opt_4_custom_cleanup,True,alloca,4,4,0
own_v1,O1,h00013,bundle_post_opt_4_custom_cleanup,True,and,5,5,0
own_v1,O1,h00013,bundle_post_opt_4_custom_cleanup,True,br,14,14,0
own_v1,O1,h00013,bundle_post_opt_4_custom_cleanup,True,call,3,3,0
own_v1,O1,h00013,bundle_post_opt_4_custom_cleanup,True,freeze,3,3,0
own_v1,O1,h00013,bundle_post_opt_4_custom_cleanup,True,getelementptr,17,17,0
own_v1,O1,h00013,bundle_post_opt_4_custom_cleanup,True,icmp,4,4,0
own_v1,O1,h00013,bundle_post_opt_4_custom_cleanup,True,inttoptr,1,1,0
own_v1,O1,h00013,bundle_post_opt_4_custom_cleanup,True,load,22,22,0
own_v1,O1,h00013,bundle_post_opt_4_custom_cleanup,True,mul,3,3,0
own_v1,O1,h00013,bundle_post_opt_4_custom_cleanup,True,or,1,1,0
own_v1,O1,h00013,bundle_post_opt_4_custom_cleanup,True,ptrtoint,1,1,0
own_v1,O1,h00013,bundle_post_opt_4_custom_cleanup,True,ret,2,1,-1
own_v1,O1,h00013,bundle_post_opt_4_custom_cleanup,True,select,4,4,0
own_v1,O1,h00013,bundle_post_opt_4_custom_cleanup,True,shl,5,5,0
own_v1,O1,h00013,bundle_post_opt_4_custom_cleanup,True,store,31,31,0
own_v1,O1,h00013,bundle_post_opt_4_custom_cleanup,True,switch,1,1,0
own_v1,O1,h00013,bundle_post_opt_4_custom_cleanup,True,urem,3,3,0
own_v1,O1,h00013,bundle_post_opt_4_custom_cleanup,True,xor,5,5,0
own_v1,O1,h00014,main_default_opt_1,True,add,93,87,-6
own_v1,O1,h00014,main_default_opt_1,True,alloca,5,3,-2
own_v1,O1,h00014,main_default_opt_1,True,and,35,27,-8
own_v1,O1,h00014,main_default_opt_1,True,ashr,3,3,0
own_v1,O1,h00014,main_default_opt_1,True,br,38,39,1
own_v1,O1,h00014,main_default_opt_1,True,call,27,14,-13
own_v1,O1,h00014,main_default_opt_1,True,getelementptr,39,22,-17
own_v1,O1,h00014,main_default_opt_1,True,icmp,29,26,-3
own_v1,O1,h00014,main_default_opt_1,True,inttoptr,70,67,-3
own_v1,O1,h00014,main_default_opt_1,True,load,139,119,-20
own_v1,O1,h00014,main_default_opt_1,True,lshr,13,11,-2
own_v1,O1,h00014,main_default_opt_1,True,mul,5,3,-2
own_v1,O1,h00014,main_default_opt_1,True,or,4,4,0
own_v1,O1,h00014,main_default_opt_1,True,phi,39,51,12
own_v1,O1,h00014,main_default_opt_1,True,ptrtoint,4,4,0
own_v1,O1,h00014,main_default_opt_1,True,ret,12,3,-9
own_v1,O1,h00014,main_default_opt_1,True,select,13,13,0
own_v1,O1,h00014,main_default_opt_1,True,sext,2,2,0
own_v1,O1,h00014,main_default_opt_1,True,shl,12,12,0
own_v1,O1,h00014,main_default_opt_1,True,srem,4,4,0
own_v1,O1,h00014,main_default_opt_1,True,store,773,714,-59
own_v1,O1,h00014,main_default_opt_1,True,switch,4,4,0
own_v1,O1,h00014,main_default_opt_1,True,trunc,24,19,-5
own_v1,O1,h00014,main_default_opt_1,True,xor,29,24,-5
own_v1,O1,h00014,main_default_opt_1,True,zext,44,38,-6
own_v1,O1,h00014,main_default_opt_2,True,add,86,82,-4
own_v1,O1,h00014,main_default_opt_2,True,alloca,4,4,0
own_v1,O1,h00014,main_default_opt_2,True,and,27,27,0
own_v1,O1,h00014,main_default_opt_2,True,ashr,3,3,0
own_v1,O1,h00014,main_default_opt_2,True,br,39,39,0
own_v1,O1,h00014,main_default_opt_2,True,call,16,10,-6
own_v1,O1,h00014,main_default_opt_2,True,getelementptr,11,10,-1
own_v1,O1,h00014,main_default_opt_2,True,icmp,26,26,0
own_v1,O1,h00014,main_default_opt_2,True,inttoptr,65,61,-4
own_v1,O1,h00014,main_default_opt_2,True,load,119,125,6
own_v1,O1,h00014,main_default_opt_2,True,lshr,11,11,0
own_v1,O1,h00014,main_default_opt_2,True,mul,3,3,0
own_v1,O1,h00014,main_default_opt_2,True,or,4,4,0
own_v1,O1,h00014,main_default_opt_2,True,phi,51,51,0
own_v1,O1,h00014,main_default_opt_2,True,ptrtoint,4,4,0
own_v1,O1,h00014,main_default_opt_2,True,ret,3,3,0
own_v1,O1,h00014,main_default_opt_2,True,select,13,13,0
own_v1,O1,h00014,main_default_opt_2,True,sext,2,2,0
own_v1,O1,h00014,main_default_opt_2,True,shl,12,12,0
own_v1,O1,h00014,main_default_opt_2,True,srem,4,4,0
own_v1,O1,h00014,main_default_opt_2,True,store,696,702,6
own_v1,O1,h00014,main_default_opt_2,True,switch,4,4,0
own_v1,O1,h00014,main_default_opt_2,True,trunc,19,19,0
own_v1,O1,h00014,main_default_opt_2,True,xor,24,24,0
own_v1,O1,h00014,main_default_opt_2,True,zext,38,38,0
own_v1,O1,h00014,bundle_default_opt_3,True,add,82,81,-1
own_v1,O1,h00014,bundle_default_opt_3,True,alloca,4,4,0
own_v1,O1,h00014,bundle_default_opt_3,True,and,36,27,-9
own_v1,O1,h00014,bundle_default_opt_3,True,ashr,3,3,0
own_v1,O1,h00014,bundle_default_opt_3,True,br,39,39,0
own_v1,O1,h00014,bundle_default_opt_3,True,call,9,9,0
own_v1,O1,h00014,bundle_default_opt_3,True,getelementptr,10,10,0
own_v1,O1,h00014,bundle_default_opt_3,True,icmp,26,26,0
own_v1,O1,h00014,bundle_default_opt_3,True,inttoptr,61,61,0
own_v1,O1,h00014,bundle_default_opt_3,True,load,134,103,-31
own_v1,O1,h00014,bundle_default_opt_3,True,lshr,11,11,0
own_v1,O1,h00014,bundle_default_opt_3,True,mul,3,3,0
own_v1,O1,h00014,bundle_default_opt_3,True,or,13,4,-9
own_v1,O1,h00014,bundle_default_opt_3,True,phi,51,49,-2
own_v1,O1,h00014,bundle_default_opt_3,True,ptrtoint,3,2,-1
own_v1,O1,h00014,bundle_default_opt_3,True,ret,3,3,0
own_v1,O1,h00014,bundle_default_opt_3,True,select,13,13,0
own_v1,O1,h00014,bundle_default_opt_3,True,sext,2,2,0
own_v1,O1,h00014,bundle_default_opt_3,True,shl,12,12,0
own_v1,O1,h00014,bundle_default_opt_3,True,srem,4,4,0
own_v1,O1,h00014,bundle_default_opt_3,True,store,701,639,-62
own_v1,O1,h00014,bundle_default_opt_3,True,switch,4,4,0
own_v1,O1,h00014,bundle_default_opt_3,True,trunc,19,19,0
own_v1,O1,h00014,bundle_default_opt_3,True,xor,24,24,0
own_v1,O1,h00014,bundle_default_opt_3,True,zext,38,37,-1
own_v1,O1,h00014,bundle_default_opt_4,True,add,81,81,0
own_v1,O1,h00014,bundle_default_opt_4,True,alloca,4,4,0
own_v1,O1,h00014,bundle_default_opt_4,True,and,27,27,0
own_v1,O1,h00014,bundle_default_opt_4,True,ashr,3,3,0
own_v1,O1,h00014,bundle_default_opt_4,True,br,39,39,0
own_v1,O1,h00014,bundle_default_opt_4,True,call,9,9,0
own_v1,O1,h00014,bundle_default_opt_4,True,getelementptr,10,10,0
own_v1,O1,h00014,bundle_default_opt_4,True,icmp,26,26,0
own_v1,O1,h00014,bundle_default_opt_4,True,inttoptr,61,61,0
own_v1,O1,h00014,bundle_default_opt_4,True,load,103,103,0
own_v1,O1,h00014,bundle_default_opt_4,True,lshr,11,11,0
own_v1,O1,h00014,bundle_default_opt_4,True,mul,3,3,0
own_v1,O1,h00014,bundle_default_opt_4,True,or,4,4,0
own_v1,O1,h00014,bundle_default_opt_4,True,phi,49,49,0
own_v1,O1,h00014,bundle_default_opt_4,True,ptrtoint,2,2,0
own_v1,O1,h00014,bundle_default_opt_4,True,ret,3,3,0
own_v1,O1,h00014,bundle_default_opt_4,True,select,13,13,0
own_v1,O1,h00014,bundle_default_opt_4,True,sext,2,2,0
own_v1,O1,h00014,bundle_default_opt_4,True,shl,12,12,0
own_v1,O1,h00014,bundle_default_opt_4,True,srem,4,4,0
own_v1,O1,h00014,bundle_default_opt_4,True,store,639,639,0
own_v1,O1,h00014,bundle_default_opt_4,True,switch,4,4,0
own_v1,O1,h00014,bundle_default_opt_4,True,trunc,19,19,0
own_v1,O1,h00014,bundle_default_opt_4,True,xor,24,24,0
own_v1,O1,h00014,bundle_default_opt_4,True,zext,37,37,0
own_v1,O1,h00014,bundle_post_opt_4_custom_cleanup,True,add,81,81,0
own_v1,O1,h00014,bundle_post_opt_4_custom_cleanup,True,alloca,4,4,0
own_v1,O1,h00014,bundle_post_opt_4_custom_cleanup,True,and,27,27,0
own_v1,O1,h00014,bundle_post_opt_4_custom_cleanup,True,ashr,3,3,0
own_v1,O1,h00014,bundle_post_opt_4_custom_cleanup,True,br,39,39,0
own_v1,O1,h00014,bundle_post_opt_4_custom_cleanup,True,call,9,9,0
own_v1,O1,h00014,bundle_post_opt_4_custom_cleanup,True,getelementptr,10,10,0
own_v1,O1,h00014,bundle_post_opt_4_custom_cleanup,True,icmp,26,26,0
own_v1,O1,h00014,bundle_post_opt_4_custom_cleanup,True,inttoptr,61,61,0
own_v1,O1,h00014,bundle_post_opt_4_custom_cleanup,True,load,103,101,-2
own_v1,O1,h00014,bundle_post_opt_4_custom_cleanup,True,lshr,11,11,0
own_v1,O1,h00014,bundle_post_opt_4_custom_cleanup,True,mul,3,3,0
own_v1,O1,h00014,bundle_post_opt_4_custom_cleanup,True,or,4,4,0
own_v1,O1,h00014,bundle_post_opt_4_custom_cleanup,True,phi,49,49,0
own_v1,O1,h00014,bundle_post_opt_4_custom_cleanup,True,ptrtoint,2,1,-1
own_v1,O1,h00014,bundle_post_opt_4_custom_cleanup,True,ret,3,2,-1
own_v1,O1,h00014,bundle_post_opt_4_custom_cleanup,True,select,13,13,0
own_v1,O1,h00014,bundle_post_opt_4_custom_cleanup,True,sext,2,2,0
own_v1,O1,h00014,bundle_post_opt_4_custom_cleanup,True,shl,12,12,0
own_v1,O1,h00014,bundle_post_opt_4_custom_cleanup,True,srem,4,4,0
own_v1,O1,h00014,bundle_post_opt_4_custom_cleanup,True,store,639,550,-89
own_v1,O1,h00014,bundle_post_opt_4_custom_cleanup,True,switch,4,4,0
own_v1,O1,h00014,bundle_post_opt_4_custom_cleanup,True,trunc,19,19,0
own_v1,O1,h00014,bundle_post_opt_4_custom_cleanup,True,xor,24,24,0
own_v1,O1,h00014,bundle_post_opt_4_custom_cleanup,True,zext,37,36,-1
own_v1,O1,h00015,main_default_opt_1,True,add,64,58,-6
own_v1,O1,h00015,main_default_opt_1,True,alloca,7,5,-2
own_v1,O1,h00015,main_default_opt_1,True,and,27,26,-1
own_v1,O1,h00015,main_default_opt_1,True,ashr,1,1,0
own_v1,O1,h00015,main_default_opt_1,True,br,31,29,-2
own_v1,O1,h00015,main_default_opt_1,True,call,32,20,-12
own_v1,O1,h00015,main_default_opt_1,True,getelementptr,52,35,-17
own_v1,O1,h00015,main_default_opt_1,True,icmp,32,31,-1
own_v1,O1,h00015,main_default_opt_1,True,inttoptr,38,36,-2
own_v1,O1,h00015,main_default_opt_1,True,load,99,82,-17
own_v1,O1,h00015,main_default_opt_1,True,lshr,20,19,-1
own_v1,O1,h00015,main_default_opt_1,True,mul,3,3,0
own_v1,O1,h00015,main_default_opt_1,True,or,2,2,0
own_v1,O1,h00015,main_default_opt_1,True,phi,27,31,4
own_v1,O1,h00015,main_default_opt_1,True,ptrtoint,4,4,0
own_v1,O1,h00015,main_default_opt_1,True,ret,11,2,-9
own_v1,O1,h00015,main_default_opt_1,True,sdiv,2,2,0
own_v1,O1,h00015,main_default_opt_1,True,select,8,8,0
own_v1,O1,h00015,main_default_opt_1,True,sext,7,7,0
own_v1,O1,h00015,main_default_opt_1,True,shl,12,12,0
own_v1,O1,h00015,main_default_opt_1,True,store,539,483,-56
own_v1,O1,h00015,main_default_opt_1,True,switch,1,1,0
own_v1,O1,h00015,main_default_opt_1,True,trunc,23,22,-1
own_v1,O1,h00015,main_default_opt_1,True,unreachable,2,2,0
own_v1,O1,h00015,main_default_opt_1,True,xor,32,28,-4
own_v1,O1,h00015,main_default_opt_1,True,zext,30,27,-3
own_v1,O1,h00015,main_default_opt_2,True,add,47,45,-2
own_v1,O1,h00015,main_default_opt_2,True,alloca,4,4,0
own_v1,O1,h00015,main_default_opt_2,True,and,11,7,-4
own_v1,O1,h00015,main_default_opt_2,True,br,29,24,-5
own_v1,O1,h00015,main_default_opt_2,True,call,11,10,-1
own_v1,O1,h00015,main_default_opt_2,True,getelementptr,25,21,-4
own_v1,O1,h00015,main_default_opt_2,True,icmp,22,14,-8
own_v1,O1,h00015,main_default_opt_2,True,inttoptr,38,31,-7
own_v1,O1,h00015,main_default_opt_2,True,load,23,25,2
own_v1,O1,h00015,main_default_opt_2,True,mul,3,3,0
own_v1,O1,h00015,main_default_opt_2,True,or,2,2,0
own_v1,O1,h00015,main_default_opt_2,True,phi,4,3,-1
own_v1,O1,h00015,main_default_opt_2,True,ptrtoint,5,3,-2
own_v1,O1,h00015,main_default_opt_2,True,ret,2,2,0
own_v1,O1,h00015,main_default_opt_2,True,sdiv,2,2,0
own_v1,O1,h00015,main_default_opt_2,True,select,12,10,-2
own_v1,O1,h00015,main_default_opt_2,True,sext,7,7,0
own_v1,O1,h00015,main_default_opt_2,True,shl,12,12,0
own_v1,O1,h00015,main_default_opt_2,True,store,60,37,-23
own_v1,O1,h00015,main_default_opt_2,True,sub,4,0,-4
own_v1,O1,h00015,main_default_opt_2,True,switch,1,1,0
own_v1,O1,h00015,main_default_opt_2,True,unreachable,2,2,0
own_v1,O1,h00015,main_default_opt_2,True,xor,6,6,0
own_v1,O1,h00015,main_default_opt_2,True,zext,5,5,0
own_v1,O1,h00015,bundle_default_opt_3,True,add,14,14,0
own_v1,O1,h00015,bundle_default_opt_3,True,alloca,4,4,0
own_v1,O1,h00015,bundle_default_opt_3,True,and,7,7,0
own_v1,O1,h00015,bundle_default_opt_3,True,br,24,24,0
own_v1,O1,h00015,bundle_default_opt_3,True,call,10,11,1
own_v1,O1,h00015,bundle_default_opt_3,True,getelementptr,53,28,-25
own_v1,O1,h00015,bundle_default_opt_3,True,icmp,14,14,0
own_v1,O1,h00015,bundle_default_opt_3,True,inttoptr,1,1,0
own_v1,O1,h00015,bundle_default_opt_3,True,load,25,24,-1
own_v1,O1,h00015,bundle_default_opt_3,True,mul,3,3,0
own_v1,O1,h00015,bundle_default_opt_3,True,or,2,2,0
own_v1,O1,h00015,bundle_default_opt_3,True,phi,3,3,0
own_v1,O1,h00015,bundle_default_opt_3,True,ptrtoint,3,3,0
own_v1,O1,h00015,bundle_default_opt_3,True,ret,2,2,0
own_v1,O1,h00015,bundle_default_opt_3,True,sdiv,2,2,0
own_v1,O1,h00015,bundle_default_opt_3,True,select,10,10,0
own_v1,O1,h00015,bundle_default_opt_3,True,sext,7,6,-1
own_v1,O1,h00015,bundle_default_opt_3,True,shl,12,11,-1
own_v1,O1,h00015,bundle_default_opt_3,True,store,37,35,-2
own_v1,O1,h00015,bundle_default_opt_3,True,switch,1,1,0
own_v1,O1,h00015,bundle_default_opt_3,True,unreachable,2,2,0
own_v1,O1,h00015,bundle_default_opt_3,True,xor,6,6,0
own_v1,O1,h00015,bundle_default_opt_3,True,zext,5,5,0
own_v1,O1,h00015,bundle_default_opt_4,True,add,14,14,0
own_v1,O1,h00015,bundle_default_opt_4,True,alloca,4,4,0
own_v1,O1,h00015,bundle_default_opt_4,True,and,7,7,0
own_v1,O1,h00015,bundle_default_opt_4,True,br,24,24,0
own_v1,O1,h00015,bundle_default_opt_4,True,call,11,11,0
own_v1,O1,h00015,bundle_default_opt_4,True,getelementptr,28,28,0
own_v1,O1,h00015,bundle_default_opt_4,True,icmp,14,14,0
own_v1,O1,h00015,bundle_default_opt_4,True,inttoptr,1,1,0
own_v1,O1,h00015,bundle_default_opt_4,True,load,24,24,0
own_v1,O1,h00015,bundle_default_opt_4,True,mul,3,3,0
own_v1,O1,h00015,bundle_default_opt_4,True,or,2,2,0
own_v1,O1,h00015,bundle_default_opt_4,True,phi,3,3,0
own_v1,O1,h00015,bundle_default_opt_4,True,ptrtoint,3,3,0
own_v1,O1,h00015,bundle_default_opt_4,True,ret,2,2,0
own_v1,O1,h00015,bundle_default_opt_4,True,sdiv,2,2,0
own_v1,O1,h00015,bundle_default_opt_4,True,select,10,10,0
own_v1,O1,h00015,bundle_default_opt_4,True,sext,6,6,0
own_v1,O1,h00015,bundle_default_opt_4,True,shl,11,11,0
own_v1,O1,h00015,bundle_default_opt_4,True,store,35,35,0
own_v1,O1,h00015,bundle_default_opt_4,True,switch,1,1,0
own_v1,O1,h00015,bundle_default_opt_4,True,unreachable,2,2,0
own_v1,O1,h00015,bundle_default_opt_4,True,xor,6,6,0
own_v1,O1,h00015,bundle_default_opt_4,True,zext,5,5,0
own_v1,O1,h00015,bundle_post_opt_4_custom_cleanup,True,add,14,14,0
own_v1,O1,h00015,bundle_post_opt_4_custom_cleanup,True,alloca,4,4,0
own_v1,O1,h00015,bundle_post_opt_4_custom_cleanup,True,and,7,7,0
own_v1,O1,h00015,bundle_post_opt_4_custom_cleanup,True,br,24,24,0
own_v1,O1,h00015,bundle_post_opt_4_custom_cleanup,True,call,11,11,0
own_v1,O1,h00015,bundle_post_opt_4_custom_cleanup,True,getelementptr,28,28,0
own_v1,O1,h00015,bundle_post_opt_4_custom_cleanup,True,icmp,14,14,0
own_v1,O1,h00015,bundle_post_opt_4_custom_cleanup,True,inttoptr,1,1,0
own_v1,O1,h00015,bundle_post_opt_4_custom_cleanup,True,load,24,23,-1
own_v1,O1,h00015,bundle_post_opt_4_custom_cleanup,True,mul,3,3,0
own_v1,O1,h00015,bundle_post_opt_4_custom_cleanup,True,or,2,2,0
own_v1,O1,h00015,bundle_post_opt_4_custom_cleanup,True,phi,3,4,1
own_v1,O1,h00015,bundle_post_opt_4_custom_cleanup,True,ptrtoint,3,3,0
own_v1,O1,h00015,bundle_post_opt_4_custom_cleanup,True,ret,2,1,-1
own_v1,O1,h00015,bundle_post_opt_4_custom_cleanup,True,sdiv,2,2,0
own_v1,O1,h00015,bundle_post_opt_4_custom_cleanup,True,select,10,10,0
own_v1,O1,h00015,bundle_post_opt_4_custom_cleanup,True,sext,6,6,0
own_v1,O1,h00015,bundle_post_opt_4_custom_cleanup,True,shl,11,11,0
own_v1,O1,h00015,bundle_post_opt_4_custom_cleanup,True,store,35,35,0
own_v1,O1,h00015,bundle_post_opt_4_custom_cleanup,True,switch,1,1,0
own_v1,O1,h00015,bundle_post_opt_4_custom_cleanup,True,unreachable,2,2,0
own_v1,O1,h00015,bundle_post_opt_4_custom_cleanup,True,xor,6,6,0
own_v1,O1,h00015,bundle_post_opt_4_custom_cleanup,True,zext,5,5,0
own_v1,O1,h00016,main_default_opt_1,True,add,30,24,-6
own_v1,O1,h00016,main_default_opt_1,True,alloca,7,5,-2
own_v1,O1,h00016,main_default_opt_1,True,and,21,20,-1
own_v1,O1,h00016,main_default_opt_1,True,br,32,30,-2
own_v1,O1,h00016,main_default_opt_1,True,call,28,16,-12
own_v1,O1,h00016,main_default_opt_1,True,getelementptr,87,70,-17
own_v1,O1,h00016,main_default_opt_1,True,icmp,24,23,-1
own_v1,O1,h00016,main_default_opt_1,True,inttoptr,10,8,-2
own_v1,O1,h00016,main_default_opt_1,True,load,98,81,-17
own_v1,O1,h00016,main_default_opt_1,True,lshr,13,12,-1
own_v1,O1,h00016,main_default_opt_1,True,mul,3,3,0
own_v1,O1,h00016,main_default_opt_1,True,phi,26,29,3
own_v1,O1,h00016,main_default_opt_1,True,ptrtoint,4,4,0
own_v1,O1,h00016,main_default_opt_1,True,ret,11,2,-9
own_v1,O1,h00016,main_default_opt_1,True,select,9,9,0
own_v1,O1,h00016,main_default_opt_1,True,sext,3,3,0
own_v1,O1,h00016,main_default_opt_1,True,shl,8,8,0
own_v1,O1,h00016,main_default_opt_1,True,store,567,511,-56
own_v1,O1,h00016,main_default_opt_1,True,switch,1,1,0
own_v1,O1,h00016,main_default_opt_1,True,trunc,17,14,-3
own_v1,O1,h00016,main_default_opt_1,True,xor,23,21,-2
own_v1,O1,h00016,main_default_opt_1,True,zext,27,24,-3
own_v1,O1,h00016,main_default_opt_2,True,add,15,13,-2
own_v1,O1,h00016,main_default_opt_2,True,alloca,4,4,0
own_v1,O1,h00016,main_default_opt_2,True,and,10,7,-3
own_v1,O1,h00016,main_default_opt_2,True,br,30,28,-2
own_v1,O1,h00016,main_default_opt_2,True,call,9,8,-1
own_v1,O1,h00016,main_default_opt_2,True,getelementptr,59,55,-4
own_v1,O1,h00016,main_default_opt_2,True,icmp,18,11,-7
own_v1,O1,h00016,main_default_opt_2,True,inttoptr,9,3,-6
own_v1,O1,h00016,main_default_opt_2,True,load,26,28,2
own_v1,O1,h00016,main_default_opt_2,True,lshr,1,1,0
own_v1,O1,h00016,main_default_opt_2,True,mul,3,3,0
own_v1,O1,h00016,main_default_opt_2,True,phi,4,2,-2
own_v1,O1,h00016,main_default_opt_2,True,ptrtoint,4,2,-2
own_v1,O1,h00016,main_default_opt_2,True,ret,2,2,0
own_v1,O1,h00016,main_default_opt_2,True,select,12,10,-2
own_v1,O1,h00016,main_default_opt_2,True,sext,3,3,0
own_v1,O1,h00016,main_default_opt_2,True,shl,8,8,0
own_v1,O1,h00016,main_default_opt_2,True,store,65,64,-1
own_v1,O1,h00016,main_default_opt_2,True,sub,3,0,-3
own_v1,O1,h00016,main_default_opt_2,True,switch,1,1,0
own_v1,O1,h00016,main_default_opt_2,True,xor,9,9,0
own_v1,O1,h00016,main_default_opt_2,True,zext,5,5,0
own_v1,O1,h00016,bundle_default_opt_3,True,add,11,11,0
own_v1,O1,h00016,bundle_default_opt_3,True,alloca,4,4,0
own_v1,O1,h00016,bundle_default_opt_3,True,and,7,7,0
own_v1,O1,h00016,bundle_default_opt_3,True,br,28,28,0
own_v1,O1,h00016,bundle_default_opt_3,True,call,8,8,0
own_v1,O1,h00016,bundle_default_opt_3,True,getelementptr,57,32,-25
own_v1,O1,h00016,bundle_default_opt_3,True,icmp,11,11,0
own_v1,O1,h00016,bundle_default_opt_3,True,inttoptr,1,1,0
own_v1,O1,h00016,bundle_default_opt_3,True,load,28,28,0
own_v1,O1,h00016,bundle_default_opt_3,True,lshr,1,1,0
own_v1,O1,h00016,bundle_default_opt_3,True,mul,3,3,0
own_v1,O1,h00016,bundle_default_opt_3,True,phi,2,2,0
own_v1,O1,h00016,bundle_default_opt_3,True,ptrtoint,2,2,0
own_v1,O1,h00016,bundle_default_opt_3,True,ret,2,2,0
own_v1,O1,h00016,bundle_default_opt_3,True,select,10,10,0
own_v1,O1,h00016,bundle_default_opt_3,True,sext,3,3,0
own_v1,O1,h00016,bundle_default_opt_3,True,shl,8,8,0
own_v1,O1,h00016,bundle_default_opt_3,True,store,64,64,0
own_v1,O1,h00016,bundle_default_opt_3,True,switch,1,1,0
own_v1,O1,h00016,bundle_default_opt_3,True,xor,9,9,0
own_v1,O1,h00016,bundle_default_opt_3,True,zext,5,5,0
own_v1,O1,h00016,bundle_default_opt_4,True,add,11,11,0
own_v1,O1,h00016,bundle_default_opt_4,True,alloca,4,4,0
own_v1,O1,h00016,bundle_default_opt_4,True,and,7,7,0
own_v1,O1,h00016,bundle_default_opt_4,True,br,28,28,0
own_v1,O1,h00016,bundle_default_opt_4,True,call,8,8,0
own_v1,O1,h00016,bundle_default_opt_4,True,getelementptr,32,32,0
own_v1,O1,h00016,bundle_default_opt_4,True,icmp,11,11,0
own_v1,O1,h00016,bundle_default_opt_4,True,inttoptr,1,1,0
own_v1,O1,h00016,bundle_default_opt_4,True,load,28,28,0
own_v1,O1,h00016,bundle_default_opt_4,True,lshr,1,1,0
own_v1,O1,h00016,bundle_default_opt_4,True,mul,3,3,0
own_v1,O1,h00016,bundle_default_opt_4,True,phi,2,2,0
own_v1,O1,h00016,bundle_default_opt_4,True,ptrtoint,2,2,0
own_v1,O1,h00016,bundle_default_opt_4,True,ret,2,2,0
own_v1,O1,h00016,bundle_default_opt_4,True,select,10,10,0
own_v1,O1,h00016,bundle_default_opt_4,True,sext,3,3,0
own_v1,O1,h00016,bundle_default_opt_4,True,shl,8,8,0
own_v1,O1,h00016,bundle_default_opt_4,True,store,64,64,0
own_v1,O1,h00016,bundle_default_opt_4,True,switch,1,1,0
own_v1,O1,h00016,bundle_default_opt_4,True,xor,9,9,0
own_v1,O1,h00016,bundle_default_opt_4,True,zext,5,5,0
own_v1,O1,h00016,bundle_post_opt_4_custom_cleanup,True,add,11,11,0
own_v1,O1,h00016,bundle_post_opt_4_custom_cleanup,True,alloca,4,4,0
own_v1,O1,h00016,bundle_post_opt_4_custom_cleanup,True,and,7,7,0
own_v1,O1,h00016,bundle_post_opt_4_custom_cleanup,True,br,28,28,0
own_v1,O1,h00016,bundle_post_opt_4_custom_cleanup,True,call,8,8,0
own_v1,O1,h00016,bundle_post_opt_4_custom_cleanup,True,getelementptr,32,32,0
own_v1,O1,h00016,bundle_post_opt_4_custom_cleanup,True,icmp,11,11,0
own_v1,O1,h00016,bundle_post_opt_4_custom_cleanup,True,inttoptr,1,1,0
own_v1,O1,h00016,bundle_post_opt_4_custom_cleanup,True,load,28,28,0
own_v1,O1,h00016,bundle_post_opt_4_custom_cleanup,True,lshr,1,1,0
own_v1,O1,h00016,bundle_post_opt_4_custom_cleanup,True,mul,3,3,0
own_v1,O1,h00016,bundle_post_opt_4_custom_cleanup,True,phi,2,2,0
own_v1,O1,h00016,bundle_post_opt_4_custom_cleanup,True,ptrtoint,2,2,0
own_v1,O1,h00016,bundle_post_opt_4_custom_cleanup,True,ret,2,1,-1
own_v1,O1,h00016,bundle_post_opt_4_custom_cleanup,True,select,10,10,0
own_v1,O1,h00016,bundle_post_opt_4_custom_cleanup,True,sext,3,3,0
own_v1,O1,h00016,bundle_post_opt_4_custom_cleanup,True,shl,8,8,0
own_v1,O1,h00016,bundle_post_opt_4_custom_cleanup,True,store,64,64,0
own_v1,O1,h00016,bundle_post_opt_4_custom_cleanup,True,switch,1,1,0
own_v1,O1,h00016,bundle_post_opt_4_custom_cleanup,True,xor,9,9,0
own_v1,O1,h00016,bundle_post_opt_4_custom_cleanup,True,zext,5,5,0
own_v1,O1,h00017,main_default_opt_1,True,add,86,78,-8
own_v1,O1,h00017,main_default_opt_1,True,alloca,7,5,-2
own_v1,O1,h00017,main_default_opt_1,True,and,33,33,0
own_v1,O1,h00017,main_default_opt_1,True,br,27,28,1
own_v1,O1,h00017,main_default_opt_1,True,call,32,25,-7
own_v1,O1,h00017,main_default_opt_1,True,getelementptr,63,41,-22
own_v1,O1,h00017,main_default_opt_1,True,icmp,32,32,0
own_v1,O1,h00017,main_default_opt_1,True,inttoptr,52,46,-6
own_v1,O1,h00017,main_default_opt_1,True,load,138,109,-29
own_v1,O1,h00017,main_default_opt_1,True,lshr,17,17,0
own_v1,O1,h00017,main_default_opt_1,True,mul,7,10,3
own_v1,O1,h00017,main_default_opt_1,True,or,3,0,-3
own_v1,O1,h00017,main_default_opt_1,True,phi,21,33,12
own_v1,O1,h00017,main_default_opt_1,True,ptrtoint,4,4,0
own_v1,O1,h00017,main_default_opt_1,True,ret,11,8,-3
own_v1,O1,h00017,main_default_opt_1,True,select,14,14,0
own_v1,O1,h00017,main_default_opt_1,True,sext,2,2,0
own_v1,O1,h00017,main_default_opt_1,True,shl,16,13,-3
own_v1,O1,h00017,main_default_opt_1,True,srem,3,3,0
own_v1,O1,h00017,main_default_opt_1,True,store,590,572,-18
own_v1,O1,h00017,main_default_opt_1,True,switch,1,1,0
own_v1,O1,h00017,main_default_opt_1,True,trunc,25,23,-2
own_v1,O1,h00017,main_default_opt_1,True,xor,38,37,-1
own_v1,O1,h00017,main_default_opt_1,True,zext,36,36,0
own_v1,O1,h00017,main_default_opt_2,True,add,72,92,20
own_v1,O1,h00017,main_default_opt_2,True,alloca,5,5,0
own_v1,O1,h00017,main_default_opt_2,True,and,53,33,-20
own_v1,O1,h00017,main_default_opt_2,True,br,28,28,0
own_v1,O1,h00017,main_default_opt_2,True,call,25,26,1
own_v1,O1,h00017,main_default_opt_2,True,getelementptr,69,66,-3
own_v1,O1,h00017,main_default_opt_2,True,icmp,72,52,-20
own_v1,O1,h00017,main_default_opt_2,True,inttoptr,48,48,0
own_v1,O1,h00017,main_default_opt_2,True,load,109,109,0
own_v1,O1,h00017,main_default_opt_2,True,lshr,17,17,0
own_v1,O1,h00017,main_default_opt_2,True,mul,10,10,0
own_v1,O1,h00017,main_default_opt_2,True,phi,33,33,0
own_v1,O1,h00017,main_default_opt_2,True,ptrtoint,14,14,0
own_v1,O1,h00017,main_default_opt_2,True,ret,8,8,0
own_v1,O1,h00017,main_default_opt_2,True,select,34,34,0
own_v1,O1,h00017,main_default_opt_2,True,sext,2,2,0
own_v1,O1,h00017,main_default_opt_2,True,shl,13,13,0
own_v1,O1,h00017,main_default_opt_2,True,srem,3,3,0
own_v1,O1,h00017,main_default_opt_2,True,store,572,568,-4
own_v1,O1,h00017,main_default_opt_2,True,sub,20,0,-20
own_v1,O1,h00017,main_default_opt_2,True,switch,1,1,0
own_v1,O1,h00017,main_default_opt_2,True,trunc,23,23,0
own_v1,O1,h00017,main_default_opt_2,True,xor,37,37,0
own_v1,O1,h00017,main_default_opt_2,True,zext,36,36,0
own_v1,O1,h00017,bundle_default_opt_3,True,add,72,72,0
own_v1,O1,h00017,bundle_default_opt_3,True,alloca,5,5,0
own_v1,O1,h00017,bundle_default_opt_3,True,and,33,33,0
own_v1,O1,h00017,bundle_default_opt_3,True,br,28,28,0
own_v1,O1,h00017,bundle_default_opt_3,True,call,36,34,-2
own_v1,O1,h00017,bundle_default_opt_3,True,getelementptr,46,46,0
own_v1,O1,h00017,bundle_default_opt_3,True,icmp,32,32,0
own_v1,O1,h00017,bundle_default_opt_3,True,inttoptr,38,38,0
own_v1,O1,h00017,bundle_default_opt_3,True,load,108,72,-36
own_v1,O1,h00017,bundle_default_opt_3,True,lshr,17,17,0
own_v1,O1,h00017,bundle_default_opt_3,True,mul,10,10,0
own_v1,O1,h00017,bundle_default_opt_3,True,phi,29,27,-2
own_v1,O1,h00017,bundle_default_opt_3,True,ptrtoint,12,10,-2
own_v1,O1,h00017,bundle_default_opt_3,True,ret,9,9,0
own_v1,O1,h00017,bundle_default_opt_3,True,select,14,14,0
own_v1,O1,h00017,bundle_default_opt_3,True,sext,2,2,0
own_v1,O1,h00017,bundle_default_opt_3,True,shl,13,13,0
own_v1,O1,h00017,bundle_default_opt_3,True,srem,3,3,0
own_v1,O1,h00017,bundle_default_opt_3,True,store,436,375,-61
own_v1,O1,h00017,bundle_default_opt_3,True,switch,1,1,0
own_v1,O1,h00017,bundle_default_opt_3,True,trunc,23,23,0
own_v1,O1,h00017,bundle_default_opt_3,True,xor,37,37,0
own_v1,O1,h00017,bundle_default_opt_3,True,zext,31,31,0
own_v1,O1,h00017,bundle_default_opt_4,True,add,72,72,0
own_v1,O1,h00017,bundle_default_opt_4,True,alloca,5,5,0
own_v1,O1,h00017,bundle_default_opt_4,True,and,33,33,0
own_v1,O1,h00017,bundle_default_opt_4,True,br,28,28,0
own_v1,O1,h00017,bundle_default_opt_4,True,call,34,34,0
own_v1,O1,h00017,bundle_default_opt_4,True,getelementptr,46,46,0
own_v1,O1,h00017,bundle_default_opt_4,True,icmp,32,32,0
own_v1,O1,h00017,bundle_default_opt_4,True,inttoptr,38,38,0
own_v1,O1,h00017,bundle_default_opt_4,True,load,72,72,0
own_v1,O1,h00017,bundle_default_opt_4,True,lshr,17,17,0
own_v1,O1,h00017,bundle_default_opt_4,True,mul,10,10,0
own_v1,O1,h00017,bundle_default_opt_4,True,phi,27,27,0
own_v1,O1,h00017,bundle_default_opt_4,True,ptrtoint,10,10,0
own_v1,O1,h00017,bundle_default_opt_4,True,ret,9,9,0
own_v1,O1,h00017,bundle_default_opt_4,True,select,14,14,0
own_v1,O1,h00017,bundle_default_opt_4,True,sext,2,2,0
own_v1,O1,h00017,bundle_default_opt_4,True,shl,13,13,0
own_v1,O1,h00017,bundle_default_opt_4,True,srem,3,3,0
own_v1,O1,h00017,bundle_default_opt_4,True,store,375,375,0
own_v1,O1,h00017,bundle_default_opt_4,True,switch,1,1,0
own_v1,O1,h00017,bundle_default_opt_4,True,trunc,23,23,0
own_v1,O1,h00017,bundle_default_opt_4,True,xor,37,37,0
own_v1,O1,h00017,bundle_default_opt_4,True,zext,31,31,0
own_v1,O1,h00017,bundle_post_opt_4_custom_cleanup,True,add,72,72,0
own_v1,O1,h00017,bundle_post_opt_4_custom_cleanup,True,alloca,5,5,0
own_v1,O1,h00017,bundle_post_opt_4_custom_cleanup,True,and,33,31,-2
own_v1,O1,h00017,bundle_post_opt_4_custom_cleanup,True,br,28,28,0
own_v1,O1,h00017,bundle_post_opt_4_custom_cleanup,True,call,34,33,-1
own_v1,O1,h00017,bundle_post_opt_4_custom_cleanup,True,getelementptr,46,46,0
own_v1,O1,h00017,bundle_post_opt_4_custom_cleanup,True,icmp,32,32,0
own_v1,O1,h00017,bundle_post_opt_4_custom_cleanup,True,inttoptr,38,38,0
own_v1,O1,h00017,bundle_post_opt_4_custom_cleanup,True,load,72,72,0
own_v1,O1,h00017,bundle_post_opt_4_custom_cleanup,True,lshr,17,16,-1
own_v1,O1,h00017,bundle_post_opt_4_custom_cleanup,True,mul,10,10,0
own_v1,O1,h00017,bundle_post_opt_4_custom_cleanup,True,phi,27,27,0
own_v1,O1,h00017,bundle_post_opt_4_custom_cleanup,True,ptrtoint,10,10,0
own_v1,O1,h00017,bundle_post_opt_4_custom_cleanup,True,ret,9,9,0
own_v1,O1,h00017,bundle_post_opt_4_custom_cleanup,True,select,14,14,0
own_v1,O1,h00017,bundle_post_opt_4_custom_cleanup,True,sext,2,2,0
own_v1,O1,h00017,bundle_post_opt_4_custom_cleanup,True,shl,13,13,0
own_v1,O1,h00017,bundle_post_opt_4_custom_cleanup,True,srem,3,3,0
own_v1,O1,h00017,bundle_post_opt_4_custom_cleanup,True,store,375,319,-56
own_v1,O1,h00017,bundle_post_opt_4_custom_cleanup,True,switch,1,1,0
own_v1,O1,h00017,bundle_post_opt_4_custom_cleanup,True,trunc,23,21,-2
own_v1,O1,h00017,bundle_post_opt_4_custom_cleanup,True,xor,37,34,-3
own_v1,O1,h00017,bundle_post_opt_4_custom_cleanup,True,zext,31,30,-1
own_v1,O1,h00018,main_default_opt_1,True,add,52,52,0
own_v1,O1,h00018,main_default_opt_1,True,alloca,3,1,-2
own_v1,O1,h00018,main_default_opt_1,True,and,24,24,0
own_v1,O1,h00018,main_default_opt_1,True,br,48,49,1
own_v1,O1,h00018,main_default_opt_1,True,call,19,13,-6
own_v1,O1,h00018,main_default_opt_1,True,getelementptr,94,73,-21
own_v1,O1,h00018,main_default_opt_1,True,icmp,39,39,0
own_v1,O1,h00018,main_default_opt_1,True,inttoptr,18,18,0
own_v1,O1,h00018,main_default_opt_1,True,load,95,93,-2
own_v1,O1,h00018,main_default_opt_1,True,lshr,10,10,0
own_v1,O1,h00018,main_default_opt_1,True,mul,2,2,0
own_v1,O1,h00018,main_default_opt_1,True,phi,27,39,12
own_v1,O1,h00018,main_default_opt_1,True,ptrtoint,6,6,0
own_v1,O1,h00018,main_default_opt_1,True,ret,11,8,-3
own_v1,O1,h00018,main_default_opt_1,True,select,23,23,0
own_v1,O1,h00018,main_default_opt_1,True,sext,9,9,0
own_v1,O1,h00018,main_default_opt_1,True,shl,11,11,0
own_v1,O1,h00018,main_default_opt_1,True,store,828,806,-22
own_v1,O1,h00018,main_default_opt_1,True,sub,2,2,0
own_v1,O1,h00018,main_default_opt_1,True,switch,1,1,0
own_v1,O1,h00018,main_default_opt_1,True,trunc,15,10,-5
own_v1,O1,h00018,main_default_opt_1,True,xor,26,26,0
own_v1,O1,h00018,main_default_opt_1,True,zext,25,25,0
own_v1,O1,h00018,main_default_opt_2,True,add,49,49,0
own_v1,O1,h00018,main_default_opt_2,True,alloca,1,1,0
own_v1,O1,h00018,main_default_opt_2,True,and,26,24,-2
own_v1,O1,h00018,main_default_opt_2,True,br,49,49,0
own_v1,O1,h00018,main_default_opt_2,True,call,13,13,0
own_v1,O1,h00018,main_default_opt_2,True,getelementptr,75,72,-3
own_v1,O1,h00018,main_default_opt_2,True,icmp,41,37,-4
own_v1,O1,h00018,main_default_opt_2,True,inttoptr,14,14,0
own_v1,O1,h00018,main_default_opt_2,True,load,93,93,0
own_v1,O1,h00018,main_default_opt_2,True,lshr,10,10,0
own_v1,O1,h00018,main_default_opt_2,True,mul,2,2,0
own_v1,O1,h00018,main_default_opt_2,True,phi,39,39,0
own_v1,O1,h00018,main_default_opt_2,True,ptrtoint,6,6,0
own_v1,O1,h00018,main_default_opt_2,True,ret,8,8,0
own_v1,O1,h00018,main_default_opt_2,True,select,23,23,0
own_v1,O1,h00018,main_default_opt_2,True,sext,9,9,0
own_v1,O1,h00018,main_default_opt_2,True,shl,11,11,0
own_v1,O1,h00018,main_default_opt_2,True,store,806,806,0
own_v1,O1,h00018,main_default_opt_2,True,sub,4,2,-2
own_v1,O1,h00018,main_default_opt_2,True,switch,1,1,0
own_v1,O1,h00018,main_default_opt_2,True,trunc,10,10,0
own_v1,O1,h00018,main_default_opt_2,True,xor,26,26,0
own_v1,O1,h00018,main_default_opt_2,True,zext,25,25,0
own_v1,O1,h00018,bundle_default_opt_3,True,add,46,46,0
own_v1,O1,h00018,bundle_default_opt_3,True,alloca,1,1,0
own_v1,O1,h00018,bundle_default_opt_3,True,and,19,19,0
own_v1,O1,h00018,bundle_default_opt_3,True,br,49,49,0
own_v1,O1,h00018,bundle_default_opt_3,True,call,14,14,0
own_v1,O1,h00018,bundle_default_opt_3,True,getelementptr,66,66,0
own_v1,O1,h00018,bundle_default_opt_3,True,icmp,35,35,0
own_v1,O1,h00018,bundle_default_opt_3,True,inttoptr,13,13,0
own_v1,O1,h00018,bundle_default_opt_3,True,load,93,84,-9
own_v1,O1,h00018,bundle_default_opt_3,True,lshr,10,10,0
own_v1,O1,h00018,bundle_default_opt_3,True,mul,2,2,0
own_v1,O1,h00018,bundle_default_opt_3,True,phi,30,30,0
own_v1,O1,h00018,bundle_default_opt_3,True,ptrtoint,1,1,0
own_v1,O1,h00018,bundle_default_opt_3,True,ret,9,9,0
own_v1,O1,h00018,bundle_default_opt_3,True,select,19,19,0
own_v1,O1,h00018,bundle_default_opt_3,True,sext,4,4,0
own_v1,O1,h00018,bundle_default_opt_3,True,shl,11,11,0
own_v1,O1,h00018,bundle_default_opt_3,True,store,602,587,-15
own_v1,O1,h00018,bundle_default_opt_3,True,sub,2,2,0
own_v1,O1,h00018,bundle_default_opt_3,True,switch,1,1,0
own_v1,O1,h00018,bundle_default_opt_3,True,trunc,10,10,0
own_v1,O1,h00018,bundle_default_opt_3,True,xor,26,26,0
own_v1,O1,h00018,bundle_default_opt_3,True,zext,17,17,0
own_v1,O1,h00018,bundle_default_opt_4,True,add,46,46,0
own_v1,O1,h00018,bundle_default_opt_4,True,alloca,1,1,0
own_v1,O1,h00018,bundle_default_opt_4,True,and,19,19,0
own_v1,O1,h00018,bundle_default_opt_4,True,br,49,49,0
own_v1,O1,h00018,bundle_default_opt_4,True,call,14,14,0
own_v1,O1,h00018,bundle_default_opt_4,True,getelementptr,66,66,0
own_v1,O1,h00018,bundle_default_opt_4,True,icmp,35,35,0
own_v1,O1,h00018,bundle_default_opt_4,True,inttoptr,13,13,0
own_v1,O1,h00018,bundle_default_opt_4,True,load,84,84,0
own_v1,O1,h00018,bundle_default_opt_4,True,lshr,10,10,0
own_v1,O1,h00018,bundle_default_opt_4,True,mul,2,2,0
own_v1,O1,h00018,bundle_default_opt_4,True,phi,30,30,0
own_v1,O1,h00018,bundle_default_opt_4,True,ptrtoint,1,1,0
own_v1,O1,h00018,bundle_default_opt_4,True,ret,9,9,0
own_v1,O1,h00018,bundle_default_opt_4,True,select,19,19,0
own_v1,O1,h00018,bundle_default_opt_4,True,sext,4,4,0
own_v1,O1,h00018,bundle_default_opt_4,True,shl,11,11,0
own_v1,O1,h00018,bundle_default_opt_4,True,store,587,587,0
own_v1,O1,h00018,bundle_default_opt_4,True,sub,2,2,0
own_v1,O1,h00018,bundle_default_opt_4,True,switch,1,1,0
own_v1,O1,h00018,bundle_default_opt_4,True,trunc,10,10,0
own_v1,O1,h00018,bundle_default_opt_4,True,xor,26,26,0
own_v1,O1,h00018,bundle_default_opt_4,True,zext,17,17,0
own_v1,O1,h00018,bundle_post_opt_4_custom_cleanup,True,add,46,46,0
own_v1,O1,h00018,bundle_post_opt_4_custom_cleanup,True,alloca,1,1,0
own_v1,O1,h00018,bundle_post_opt_4_custom_cleanup,True,and,19,19,0
own_v1,O1,h00018,bundle_post_opt_4_custom_cleanup,True,br,49,49,0
own_v1,O1,h00018,bundle_post_opt_4_custom_cleanup,True,call,14,14,0
own_v1,O1,h00018,bundle_post_opt_4_custom_cleanup,True,getelementptr,66,66,0
own_v1,O1,h00018,bundle_post_opt_4_custom_cleanup,True,icmp,35,35,0
own_v1,O1,h00018,bundle_post_opt_4_custom_cleanup,True,inttoptr,13,13,0
own_v1,O1,h00018,bundle_post_opt_4_custom_cleanup,True,load,84,84,0
own_v1,O1,h00018,bundle_post_opt_4_custom_cleanup,True,lshr,10,10,0
own_v1,O1,h00018,bundle_post_opt_4_custom_cleanup,True,mul,2,2,0
own_v1,O1,h00018,bundle_post_opt_4_custom_cleanup,True,phi,30,30,0
own_v1,O1,h00018,bundle_post_opt_4_custom_cleanup,True,ptrtoint,1,1,0
own_v1,O1,h00018,bundle_post_opt_4_custom_cleanup,True,ret,9,9,0
own_v1,O1,h00018,bundle_post_opt_4_custom_cleanup,True,select,19,19,0
own_v1,O1,h00018,bundle_post_opt_4_custom_cleanup,True,sext,4,4,0
own_v1,O1,h00018,bundle_post_opt_4_custom_cleanup,True,shl,11,11,0
own_v1,O1,h00018,bundle_post_opt_4_custom_cleanup,True,store,587,404,-183
own_v1,O1,h00018,bundle_post_opt_4_custom_cleanup,True,sub,2,2,0
own_v1,O1,h00018,bundle_post_opt_4_custom_cleanup,True,switch,1,1,0
own_v1,O1,h00018,bundle_post_opt_4_custom_cleanup,True,trunc,10,10,0
own_v1,O1,h00018,bundle_post_opt_4_custom_cleanup,True,xor,26,26,0
own_v1,O1,h00018,bundle_post_opt_4_custom_cleanup,True,zext,17,17,0
own_v1,O1,h00019,main_default_opt_1,True,add,31,25,-6
own_v1,O1,h00019,main_default_opt_1,True,alloca,7,5,-2
own_v1,O1,h00019,main_default_opt_1,True,and,19,18,-1
own_v1,O1,h00019,main_default_opt_1,True,br,39,37,-2
own_v1,O1,h00019,main_default_opt_1,True,call,28,16,-12
own_v1,O1,h00019,main_default_opt_1,True,getelementptr,97,80,-17
own_v1,O1,h00019,main_default_opt_1,True,icmp,28,27,-1
own_v1,O1,h00019,main_default_opt_1,True,inttoptr,10,8,-2
own_v1,O1,h00019,main_default_opt_1,True,load,104,88,-16
own_v1,O1,h00019,main_default_opt_1,True,lshr,16,15,-1
own_v1,O1,h00019,main_default_opt_1,True,phi,26,29,3
own_v1,O1,h00019,main_default_opt_1,True,ptrtoint,4,4,0
own_v1,O1,h00019,main_default_opt_1,True,ret,11,2,-9
own_v1,O1,h00019,main_default_opt_1,True,select,12,12,0
own_v1,O1,h00019,main_default_opt_1,True,sext,1,1,0
own_v1,O1,h00019,main_default_opt_1,True,shl,6,6,0
own_v1,O1,h00019,main_default_opt_1,True,store,605,549,-56
own_v1,O1,h00019,main_default_opt_1,True,sub,4,4,0
own_v1,O1,h00019,main_default_opt_1,True,switch,1,1,0
own_v1,O1,h00019,main_default_opt_1,True,trunc,16,14,-2
own_v1,O1,h00019,main_default_opt_1,True,xor,25,23,-2
own_v1,O1,h00019,main_default_opt_1,True,zext,26,24,-2
own_v1,O1,h00019,main_default_opt_2,True,add,15,13,-2
own_v1,O1,h00019,main_default_opt_2,True,alloca,5,5,0
own_v1,O1,h00019,main_default_opt_2,True,and,8,5,-3
own_v1,O1,h00019,main_default_opt_2,True,br,37,35,-2
own_v1,O1,h00019,main_default_opt_2,True,call,11,8,-3
own_v1,O1,h00019,main_default_opt_2,True,getelementptr,70,66,-4
own_v1,O1,h00019,main_default_opt_2,True,icmp,22,15,-7
own_v1,O1,h00019,main_default_opt_2,True,inttoptr,9,3,-6
own_v1,O1,h00019,main_default_opt_2,True,load,33,37,4
own_v1,O1,h00019,main_default_opt_2,True,lshr,4,4,0
own_v1,O1,h00019,main_default_opt_2,True,phi,4,2,-2
own_v1,O1,h00019,main_default_opt_2,True,ptrtoint,4,2,-2
own_v1,O1,h00019,main_default_opt_2,True,ret,2,2,0
own_v1,O1,h00019,main_default_opt_2,True,select,15,13,-2
own_v1,O1,h00019,main_default_opt_2,True,sext,1,1,0
own_v1,O1,h00019,main_default_opt_2,True,shl,6,6,0
own_v1,O1,h00019,main_default_opt_2,True,store,73,74,1
own_v1,O1,h00019,main_default_opt_2,True,sub,7,4,-3
own_v1,O1,h00019,main_default_opt_2,True,switch,1,1,0
own_v1,O1,h00019,main_default_opt_2,True,xor,11,11,0
own_v1,O1,h00019,main_default_opt_2,True,zext,8,8,0
own_v1,O1,h00019,bundle_default_opt_3,True,add,11,11,0
own_v1,O1,h00019,bundle_default_opt_3,True,alloca,5,5,0
own_v1,O1,h00019,bundle_default_opt_3,True,and,5,5,0
own_v1,O1,h00019,bundle_default_opt_3,True,br,35,35,0
own_v1,O1,h00019,bundle_default_opt_3,True,call,8,8,0
own_v1,O1,h00019,bundle_default_opt_3,True,getelementptr,68,34,-34
own_v1,O1,h00019,bundle_default_opt_3,True,icmp,15,15,0
own_v1,O1,h00019,bundle_default_opt_3,True,inttoptr,1,1,0
own_v1,O1,h00019,bundle_default_opt_3,True,load,37,37,0
own_v1,O1,h00019,bundle_default_opt_3,True,lshr,4,4,0
own_v1,O1,h00019,bundle_default_opt_3,True,phi,2,2,0
own_v1,O1,h00019,bundle_default_opt_3,True,ptrtoint,2,2,0
own_v1,O1,h00019,bundle_default_opt_3,True,ret,2,2,0
own_v1,O1,h00019,bundle_default_opt_3,True,select,13,13,0
own_v1,O1,h00019,bundle_default_opt_3,True,sext,1,1,0
own_v1,O1,h00019,bundle_default_opt_3,True,shl,6,6,0
own_v1,O1,h00019,bundle_default_opt_3,True,store,74,74,0
own_v1,O1,h00019,bundle_default_opt_3,True,sub,4,4,0
own_v1,O1,h00019,bundle_default_opt_3,True,switch,1,1,0
own_v1,O1,h00019,bundle_default_opt_3,True,xor,11,11,0
own_v1,O1,h00019,bundle_default_opt_3,True,zext,8,8,0
own_v1,O1,h00019,bundle_default_opt_4,True,add,11,11,0
own_v1,O1,h00019,bundle_default_opt_4,True,alloca,5,5,0
own_v1,O1,h00019,bundle_default_opt_4,True,and,5,5,0
own_v1,O1,h00019,bundle_default_opt_4,True,br,35,35,0
own_v1,O1,h00019,bundle_default_opt_4,True,call,8,8,0
own_v1,O1,h00019,bundle_default_opt_4,True,getelementptr,34,34,0
own_v1,O1,h00019,bundle_default_opt_4,True,icmp,15,15,0
own_v1,O1,h00019,bundle_default_opt_4,True,inttoptr,1,1,0
own_v1,O1,h00019,bundle_default_opt_4,True,load,37,37,0
own_v1,O1,h00019,bundle_default_opt_4,True,lshr,4,4,0
own_v1,O1,h00019,bundle_default_opt_4,True,phi,2,2,0
own_v1,O1,h00019,bundle_default_opt_4,True,ptrtoint,2,2,0
own_v1,O1,h00019,bundle_default_opt_4,True,ret,2,2,0
own_v1,O1,h00019,bundle_default_opt_4,True,select,13,13,0
own_v1,O1,h00019,bundle_default_opt_4,True,sext,1,1,0
own_v1,O1,h00019,bundle_default_opt_4,True,shl,6,6,0
own_v1,O1,h00019,bundle_default_opt_4,True,store,74,74,0
own_v1,O1,h00019,bundle_default_opt_4,True,sub,4,4,0
own_v1,O1,h00019,bundle_default_opt_4,True,switch,1,1,0
own_v1,O1,h00019,bundle_default_opt_4,True,xor,11,11,0
own_v1,O1,h00019,bundle_default_opt_4,True,zext,8,8,0
own_v1,O1,h00019,bundle_post_opt_4_custom_cleanup,True,add,11,11,0
own_v1,O1,h00019,bundle_post_opt_4_custom_cleanup,True,alloca,5,5,0
own_v1,O1,h00019,bundle_post_opt_4_custom_cleanup,True,and,5,5,0
own_v1,O1,h00019,bundle_post_opt_4_custom_cleanup,True,br,35,35,0
own_v1,O1,h00019,bundle_post_opt_4_custom_cleanup,True,call,8,8,0
own_v1,O1,h00019,bundle_post_opt_4_custom_cleanup,True,getelementptr,34,34,0
own_v1,O1,h00019,bundle_post_opt_4_custom_cleanup,True,icmp,15,15,0
own_v1,O1,h00019,bundle_post_opt_4_custom_cleanup,True,inttoptr,1,1,0
own_v1,O1,h00019,bundle_post_opt_4_custom_cleanup,True,load,37,37,0
own_v1,O1,h00019,bundle_post_opt_4_custom_cleanup,True,lshr,4,4,0
own_v1,O1,h00019,bundle_post_opt_4_custom_cleanup,True,phi,2,2,0
own_v1,O1,h00019,bundle_post_opt_4_custom_cleanup,True,ptrtoint,2,2,0
own_v1,O1,h00019,bundle_post_opt_4_custom_cleanup,True,ret,2,1,-1
own_v1,O1,h00019,bundle_post_opt_4_custom_cleanup,True,select,13,13,0
own_v1,O1,h00019,bundle_post_opt_4_custom_cleanup,True,sext,1,1,0
own_v1,O1,h00019,bundle_post_opt_4_custom_cleanup,True,shl,6,6,0
own_v1,O1,h00019,bundle_post_opt_4_custom_cleanup,True,store,74,74,0
own_v1,O1,h00019,bundle_post_opt_4_custom_cleanup,True,sub,4,4,0
own_v1,O1,h00019,bundle_post_opt_4_custom_cleanup,True,switch,1,1,0
own_v1,O1,h00019,bundle_post_opt_4_custom_cleanup,True,xor,11,11,0
own_v1,O1,h00019,bundle_post_opt_4_custom_cleanup,True,zext,8,8,0
own_v1,O1,h00020,main_default_opt_1,True,add,43,43,0
own_v1,O1,h00020,main_default_opt_1,True,alloca,9,5,-4
own_v1,O1,h00020,main_default_opt_1,True,and,32,32,0
own_v1,O1,h00020,main_default_opt_1,True,ashr,1,1,0
own_v1,O1,h00020,main_default_opt_1,True,br,34,35,1
own_v1,O1,h00020,main_default_opt_1,True,call,37,26,-11
own_v1,O1,h00020,main_default_opt_1,True,getelementptr,102,68,-34
own_v1,O1,h00020,main_default_opt_1,True,icmp,32,32,0
own_v1,O1,h00020,main_default_opt_1,True,inttoptr,16,16,0
own_v1,O1,h00020,main_default_opt_1,True,load,140,138,-2
own_v1,O1,h00020,main_default_opt_1,True,lshr,14,14,0
own_v1,O1,h00020,main_default_opt_1,True,mul,6,6,0
own_v1,O1,h00020,main_default_opt_1,True,or,1,1,0
own_v1,O1,h00020,main_default_opt_1,True,phi,27,39,12
own_v1,O1,h00020,main_default_opt_1,True,ptrtoint,5,5,0
own_v1,O1,h00020,main_default_opt_1,True,ret,11,8,-3
own_v1,O1,h00020,main_default_opt_1,True,select,10,10,0
own_v1,O1,h00020,main_default_opt_1,True,sext,1,1,0
own_v1,O1,h00020,main_default_opt_1,True,shl,9,9,0
own_v1,O1,h00020,main_default_opt_1,True,srem,2,2,0
own_v1,O1,h00020,main_default_opt_1,True,store,660,624,-36
own_v1,O1,h00020,main_default_opt_1,True,switch,1,1,0
own_v1,O1,h00020,main_default_opt_1,True,trunc,26,22,-4
own_v1,O1,h00020,main_default_opt_1,True,xor,34,34,0
own_v1,O1,h00020,main_default_opt_1,True,zext,41,41,0
own_v1,O1,h00020,main_default_opt_2,True,add,42,42,0
own_v1,O1,h00020,main_default_opt_2,True,alloca,2,2,0
own_v1,O1,h00020,main_default_opt_2,True,and,32,32,0
own_v1,O1,h00020,main_default_opt_2,True,ashr,1,1,0
own_v1,O1,h00020,main_default_opt_2,True,br,35,35,0
own_v1,O1,h00020,main_default_opt_2,True,call,20,18,-2
own_v1,O1,h00020,main_default_opt_2,True,getelementptr,40,39,-1
own_v1,O1,h00020,main_default_opt_2,True,icmp,32,32,0
own_v1,O1,h00020,main_default_opt_2,True,inttoptr,14,14,0
own_v1,O1,h00020,main_default_opt_2,True,load,138,140,2
own_v1,O1,h00020,main_default_opt_2,True,lshr,14,14,0
own_v1,O1,h00020,main_default_opt_2,True,mul,6,6,0
own_v1,O1,h00020,main_default_opt_2,True,or,1,1,0
own_v1,O1,h00020,main_default_opt_2,True,phi,39,39,0
own_v1,O1,h00020,main_default_opt_2,True,ptrtoint,5,5,0
own_v1,O1,h00020,main_default_opt_2,True,ret,8,8,0
own_v1,O1,h00020,main_default_opt_2,True,select,10,10,0
own_v1,O1,h00020,main_default_opt_2,True,sext,1,1,0
own_v1,O1,h00020,main_default_opt_2,True,shl,9,9,0
own_v1,O1,h00020,main_default_opt_2,True,srem,2,2,0
own_v1,O1,h00020,main_default_opt_2,True,store,588,590,2
own_v1,O1,h00020,main_default_opt_2,True,switch,1,1,0
own_v1,O1,h00020,main_default_opt_2,True,trunc,22,22,0
own_v1,O1,h00020,main_default_opt_2,True,xor,34,34,0
own_v1,O1,h00020,main_default_opt_2,True,zext,41,41,0
own_v1,O1,h00020,bundle_default_opt_3,True,add,42,42,0
own_v1,O1,h00020,bundle_default_opt_3,True,alloca,2,2,0
own_v1,O1,h00020,bundle_default_opt_3,True,and,32,32,0
own_v1,O1,h00020,bundle_default_opt_3,True,ashr,1,1,0
own_v1,O1,h00020,bundle_default_opt_3,True,br,35,35,0
own_v1,O1,h00020,bundle_default_opt_3,True,call,17,17,0
own_v1,O1,h00020,bundle_default_opt_3,True,getelementptr,39,39,0
own_v1,O1,h00020,bundle_default_opt_3,True,icmp,32,32,0
own_v1,O1,h00020,bundle_default_opt_3,True,inttoptr,14,14,0
own_v1,O1,h00020,bundle_default_opt_3,True,load,140,93,-47
own_v1,O1,h00020,bundle_default_opt_3,True,lshr,14,14,0
own_v1,O1,h00020,bundle_default_opt_3,True,mul,6,6,0
own_v1,O1,h00020,bundle_default_opt_3,True,or,1,1,0
own_v1,O1,h00020,bundle_default_opt_3,True,phi,37,35,-2
own_v1,O1,h00020,bundle_default_opt_3,True,ptrtoint,4,4,0
own_v1,O1,h00020,bundle_default_opt_3,True,ret,8,8,0
own_v1,O1,h00020,bundle_default_opt_3,True,select,10,10,0
own_v1,O1,h00020,bundle_default_opt_3,True,sext,1,1,0
own_v1,O1,h00020,bundle_default_opt_3,True,shl,9,9,0
own_v1,O1,h00020,bundle_default_opt_3,True,srem,2,2,0
own_v1,O1,h00020,bundle_default_opt_3,True,store,554,464,-90
own_v1,O1,h00020,bundle_default_opt_3,True,switch,1,1,0
own_v1,O1,h00020,bundle_default_opt_3,True,trunc,22,22,0
own_v1,O1,h00020,bundle_default_opt_3,True,xor,34,34,0
own_v1,O1,h00020,bundle_default_opt_3,True,zext,40,40,0
own_v1,O1,h00020,bundle_default_opt_4,True,add,42,42,0
own_v1,O1,h00020,bundle_default_opt_4,True,alloca,2,2,0
own_v1,O1,h00020,bundle_default_opt_4,True,and,32,32,0
own_v1,O1,h00020,bundle_default_opt_4,True,ashr,1,1,0
own_v1,O1,h00020,bundle_default_opt_4,True,br,35,35,0
own_v1,O1,h00020,bundle_default_opt_4,True,call,17,17,0
own_v1,O1,h00020,bundle_default_opt_4,True,getelementptr,39,39,0
own_v1,O1,h00020,bundle_default_opt_4,True,icmp,32,32,0
own_v1,O1,h00020,bundle_default_opt_4,True,inttoptr,14,14,0
own_v1,O1,h00020,bundle_default_opt_4,True,load,93,93,0
own_v1,O1,h00020,bundle_default_opt_4,True,lshr,14,14,0
own_v1,O1,h00020,bundle_default_opt_4,True,mul,6,6,0
own_v1,O1,h00020,bundle_default_opt_4,True,or,1,1,0
own_v1,O1,h00020,bundle_default_opt_4,True,phi,35,35,0
own_v1,O1,h00020,bundle_default_opt_4,True,ptrtoint,4,4,0
own_v1,O1,h00020,bundle_default_opt_4,True,ret,8,8,0
own_v1,O1,h00020,bundle_default_opt_4,True,select,10,10,0
own_v1,O1,h00020,bundle_default_opt_4,True,sext,1,1,0
own_v1,O1,h00020,bundle_default_opt_4,True,shl,9,9,0
own_v1,O1,h00020,bundle_default_opt_4,True,srem,2,2,0
own_v1,O1,h00020,bundle_default_opt_4,True,store,464,464,0
own_v1,O1,h00020,bundle_default_opt_4,True,switch,1,1,0
own_v1,O1,h00020,bundle_default_opt_4,True,trunc,22,22,0
own_v1,O1,h00020,bundle_default_opt_4,True,xor,34,34,0
own_v1,O1,h00020,bundle_default_opt_4,True,zext,40,40,0
own_v1,O1,h00020,bundle_post_opt_4_custom_cleanup,True,add,42,42,0
own_v1,O1,h00020,bundle_post_opt_4_custom_cleanup,True,alloca,2,2,0
own_v1,O1,h00020,bundle_post_opt_4_custom_cleanup,True,and,32,31,-1
own_v1,O1,h00020,bundle_post_opt_4_custom_cleanup,True,ashr,1,1,0
own_v1,O1,h00020,bundle_post_opt_4_custom_cleanup,True,br,35,35,0
own_v1,O1,h00020,bundle_post_opt_4_custom_cleanup,True,call,17,17,0
own_v1,O1,h00020,bundle_post_opt_4_custom_cleanup,True,getelementptr,39,39,0
own_v1,O1,h00020,bundle_post_opt_4_custom_cleanup,True,icmp,32,32,0
own_v1,O1,h00020,bundle_post_opt_4_custom_cleanup,True,inttoptr,14,14,0
own_v1,O1,h00020,bundle_post_opt_4_custom_cleanup,True,load,93,92,-1
own_v1,O1,h00020,bundle_post_opt_4_custom_cleanup,True,lshr,14,14,0
own_v1,O1,h00020,bundle_post_opt_4_custom_cleanup,True,mul,6,5,-1
own_v1,O1,h00020,bundle_post_opt_4_custom_cleanup,True,or,1,1,0
own_v1,O1,h00020,bundle_post_opt_4_custom_cleanup,True,phi,35,35,0
own_v1,O1,h00020,bundle_post_opt_4_custom_cleanup,True,ptrtoint,4,3,-1
own_v1,O1,h00020,bundle_post_opt_4_custom_cleanup,True,ret,8,8,0
own_v1,O1,h00020,bundle_post_opt_4_custom_cleanup,True,select,10,10,0
own_v1,O1,h00020,bundle_post_opt_4_custom_cleanup,True,sext,1,1,0
own_v1,O1,h00020,bundle_post_opt_4_custom_cleanup,True,shl,9,9,0
own_v1,O1,h00020,bundle_post_opt_4_custom_cleanup,True,srem,2,2,0
own_v1,O1,h00020,bundle_post_opt_4_custom_cleanup,True,store,464,382,-82
own_v1,O1,h00020,bundle_post_opt_4_custom_cleanup,True,switch,1,1,0
own_v1,O1,h00020,bundle_post_opt_4_custom_cleanup,True,trunc,22,21,-1
own_v1,O1,h00020,bundle_post_opt_4_custom_cleanup,True,xor,34,32,-2
own_v1,O1,h00020,bundle_post_opt_4_custom_cleanup,True,zext,40,40,0
own_v1,O1,h00021,main_default_opt_1,True,add,65,56,-9
own_v1,O1,h00021,main_default_opt_1,True,alloca,9,5,-4
own_v1,O1,h00021,main_default_opt_1,True,and,23,23,0
own_v1,O1,h00021,main_default_opt_1,True,br,30,31,1
own_v1,O1,h00021,main_default_opt_1,True,call,39,28,-11
own_v1,O1,h00021,main_default_opt_1,True,getelementptr,110,66,-44
own_v1,O1,h00021,main_default_opt_1,True,icmp,35,35,0
own_v1,O1,h00021,main_default_opt_1,True,inttoptr,27,27,0
own_v1,O1,h00021,main_default_opt_1,True,load,157,112,-45
own_v1,O1,h00021,main_default_opt_1,True,lshr,12,12,0
own_v1,O1,h00021,main_default_opt_1,True,mul,9,9,0
own_v1,O1,h00021,main_default_opt_1,True,or,1,1,0
own_v1,O1,h00021,main_default_opt_1,True,phi,20,31,11
own_v1,O1,h00021,main_default_opt_1,True,ptrtoint,4,4,0
own_v1,O1,h00021,main_default_opt_1,True,ret,11,8,-3
own_v1,O1,h00021,main_default_opt_1,True,select,20,20,0
own_v1,O1,h00021,main_default_opt_1,True,shl,4,4,0
own_v1,O1,h00021,main_default_opt_1,True,store,567,531,-36
own_v1,O1,h00021,main_default_opt_1,True,switch,2,2,0
own_v1,O1,h00021,main_default_opt_1,True,trunc,24,20,-4
own_v1,O1,h00021,main_default_opt_1,True,xor,38,38,0
own_v1,O1,h00021,main_default_opt_1,True,zext,41,41,0
own_v1,O1,h00021,main_default_opt_2,True,add,46,46,0
own_v1,O1,h00021,main_default_opt_2,True,alloca,1,1,0
own_v1,O1,h00021,main_default_opt_2,True,and,23,23,0
own_v1,O1,h00021,main_default_opt_2,True,br,31,31,0
own_v1,O1,h00021,main_default_opt_2,True,call,20,20,0
own_v1,O1,h00021,main_default_opt_2,True,getelementptr,51,44,-7
own_v1,O1,h00021,main_default_opt_2,True,icmp,35,35,0
own_v1,O1,h00021,main_default_opt_2,True,inttoptr,12,12,0
own_v1,O1,h00021,main_default_opt_2,True,load,112,112,0
own_v1,O1,h00021,main_default_opt_2,True,lshr,12,12,0
own_v1,O1,h00021,main_default_opt_2,True,mul,9,9,0
own_v1,O1,h00021,main_default_opt_2,True,or,1,1,0
own_v1,O1,h00021,main_default_opt_2,True,phi,31,31,0
own_v1,O1,h00021,main_default_opt_2,True,ptrtoint,4,4,0
own_v1,O1,h00021,main_default_opt_2,True,ret,8,8,0
own_v1,O1,h00021,main_default_opt_2,True,select,20,20,0
own_v1,O1,h00021,main_default_opt_2,True,shl,4,4,0
own_v1,O1,h00021,main_default_opt_2,True,store,495,495,0
own_v1,O1,h00021,main_default_opt_2,True,switch,2,2,0
own_v1,O1,h00021,main_default_opt_2,True,trunc,20,20,0
own_v1,O1,h00021,main_default_opt_2,True,xor,38,38,0
own_v1,O1,h00021,main_default_opt_2,True,zext,41,41,0
own_v1,O1,h00021,bundle_default_opt_3,True,add,46,46,0
own_v1,O1,h00021,bundle_default_opt_3,True,alloca,1,1,0
own_v1,O1,h00021,bundle_default_opt_3,True,and,23,23,0
own_v1,O1,h00021,bundle_default_opt_3,True,br,31,31,0
own_v1,O1,h00021,bundle_default_opt_3,True,call,19,19,0
own_v1,O1,h00021,bundle_default_opt_3,True,getelementptr,44,44,0
own_v1,O1,h00021,bundle_default_opt_3,True,icmp,35,35,0
own_v1,O1,h00021,bundle_default_opt_3,True,inttoptr,12,12,0
own_v1,O1,h00021,bundle_default_opt_3,True,load,111,71,-40
own_v1,O1,h00021,bundle_default_opt_3,True,lshr,12,12,0
own_v1,O1,h00021,bundle_default_opt_3,True,mul,9,9,0
own_v1,O1,h00021,bundle_default_opt_3,True,or,1,1,0
own_v1,O1,h00021,bundle_default_opt_3,True,phi,25,25,0
own_v1,O1,h00021,bundle_default_opt_3,True,ptrtoint,1,1,0
own_v1,O1,h00021,bundle_default_opt_3,True,ret,8,8,0
own_v1,O1,h00021,bundle_default_opt_3,True,select,20,20,0
own_v1,O1,h00021,bundle_default_opt_3,True,shl,4,4,0
own_v1,O1,h00021,bundle_default_opt_3,True,store,360,308,-52
own_v1,O1,h00021,bundle_default_opt_3,True,switch,2,2,0
own_v1,O1,h00021,bundle_default_opt_3,True,trunc,20,20,0
own_v1,O1,h00021,bundle_default_opt_3,True,xor,38,38,0
own_v1,O1,h00021,bundle_default_opt_3,True,zext,27,27,0
own_v1,O1,h00021,bundle_default_opt_4,True,add,46,46,0
own_v1,O1,h00021,bundle_default_opt_4,True,alloca,1,1,0
own_v1,O1,h00021,bundle_default_opt_4,True,and,23,23,0
own_v1,O1,h00021,bundle_default_opt_4,True,br,31,31,0
own_v1,O1,h00021,bundle_default_opt_4,True,call,19,19,0
own_v1,O1,h00021,bundle_default_opt_4,True,getelementptr,44,44,0
own_v1,O1,h00021,bundle_default_opt_4,True,icmp,35,35,0
own_v1,O1,h00021,bundle_default_opt_4,True,inttoptr,12,12,0
own_v1,O1,h00021,bundle_default_opt_4,True,load,71,71,0
own_v1,O1,h00021,bundle_default_opt_4,True,lshr,12,12,0
own_v1,O1,h00021,bundle_default_opt_4,True,mul,9,9,0
own_v1,O1,h00021,bundle_default_opt_4,True,or,1,1,0
own_v1,O1,h00021,bundle_default_opt_4,True,phi,25,25,0
own_v1,O1,h00021,bundle_default_opt_4,True,ptrtoint,1,1,0
own_v1,O1,h00021,bundle_default_opt_4,True,ret,8,8,0
own_v1,O1,h00021,bundle_default_opt_4,True,select,20,20,0
own_v1,O1,h00021,bundle_default_opt_4,True,shl,4,4,0
own_v1,O1,h00021,bundle_default_opt_4,True,store,308,308,0
own_v1,O1,h00021,bundle_default_opt_4,True,switch,2,2,0
own_v1,O1,h00021,bundle_default_opt_4,True,trunc,20,20,0
own_v1,O1,h00021,bundle_default_opt_4,True,xor,38,38,0
own_v1,O1,h00021,bundle_default_opt_4,True,zext,27,27,0
own_v1,O1,h00021,bundle_post_opt_4_custom_cleanup,True,add,46,46,0
own_v1,O1,h00021,bundle_post_opt_4_custom_cleanup,True,alloca,1,1,0
own_v1,O1,h00021,bundle_post_opt_4_custom_cleanup,True,and,23,21,-2
own_v1,O1,h00021,bundle_post_opt_4_custom_cleanup,True,br,31,31,0
own_v1,O1,h00021,bundle_post_opt_4_custom_cleanup,True,call,19,18,-1
own_v1,O1,h00021,bundle_post_opt_4_custom_cleanup,True,getelementptr,44,44,0
own_v1,O1,h00021,bundle_post_opt_4_custom_cleanup,True,icmp,35,35,0
own_v1,O1,h00021,bundle_post_opt_4_custom_cleanup,True,inttoptr,12,12,0
own_v1,O1,h00021,bundle_post_opt_4_custom_cleanup,True,load,71,71,0
own_v1,O1,h00021,bundle_post_opt_4_custom_cleanup,True,lshr,12,11,-1
own_v1,O1,h00021,bundle_post_opt_4_custom_cleanup,True,mul,9,9,0
own_v1,O1,h00021,bundle_post_opt_4_custom_cleanup,True,or,1,1,0
own_v1,O1,h00021,bundle_post_opt_4_custom_cleanup,True,phi,25,25,0
own_v1,O1,h00021,bundle_post_opt_4_custom_cleanup,True,ptrtoint,1,1,0
own_v1,O1,h00021,bundle_post_opt_4_custom_cleanup,True,ret,8,8,0
own_v1,O1,h00021,bundle_post_opt_4_custom_cleanup,True,select,20,20,0
own_v1,O1,h00021,bundle_post_opt_4_custom_cleanup,True,shl,4,4,0
own_v1,O1,h00021,bundle_post_opt_4_custom_cleanup,True,store,308,274,-34
own_v1,O1,h00021,bundle_post_opt_4_custom_cleanup,True,switch,2,2,0
own_v1,O1,h00021,bundle_post_opt_4_custom_cleanup,True,trunc,20,18,-2
own_v1,O1,h00021,bundle_post_opt_4_custom_cleanup,True,xor,38,35,-3
own_v1,O1,h00021,bundle_post_opt_4_custom_cleanup,True,zext,27,26,-1
own_v1,O1,h00022,main_default_opt_1,True,add,28,22,-6
own_v1,O1,h00022,main_default_opt_1,True,alloca,5,3,-2
own_v1,O1,h00022,main_default_opt_1,True,and,18,17,-1
own_v1,O1,h00022,main_default_opt_1,True,br,6,4,-2
own_v1,O1,h00022,main_default_opt_1,True,call,26,14,-12
own_v1,O1,h00022,main_default_opt_1,True,getelementptr,41,23,-18
own_v1,O1,h00022,main_default_opt_1,True,icmp,11,10,-1
own_v1,O1,h00022,main_default_opt_1,True,inttoptr,17,14,-3
own_v1,O1,h00022,main_default_opt_1,True,load,90,73,-17
own_v1,O1,h00022,main_default_opt_1,True,lshr,13,12,-1
own_v1,O1,h00022,main_default_opt_1,True,mul,4,4,0
own_v1,O1,h00022,main_default_opt_1,True,or,1,1,0
own_v1,O1,h00022,main_default_opt_1,True,phi,22,14,-8
own_v1,O1,h00022,main_default_opt_1,True,ptrtoint,4,4,0
own_v1,O1,h00022,main_default_opt_1,True,ret,12,3,-9
own_v1,O1,h00022,main_default_opt_1,True,select,1,1,0
own_v1,O1,h00022,main_default_opt_1,True,shl,2,2,0
own_v1,O1,h00022,main_default_opt_1,True,store,291,235,-56
own_v1,O1,h00022,main_default_opt_1,True,switch,1,1,0
own_v1,O1,h00022,main_default_opt_1,True,trunc,19,18,-1
own_v1,O1,h00022,main_default_opt_1,True,udiv,1,1,0
own_v1,O1,h00022,main_default_opt_1,True,xor,18,17,-1
own_v1,O1,h00022,main_default_opt_1,True,zext,16,13,-3
own_v1,O1,h00022,main_default_opt_2,True,add,21,21,0
own_v1,O1,h00022,main_default_opt_2,True,alloca,2,2,0
own_v1,O1,h00022,main_default_opt_2,True,and,17,17,0
own_v1,O1,h00022,main_default_opt_2,True,br,4,4,0
own_v1,O1,h00022,main_default_opt_2,True,call,12,10,-2
own_v1,O1,h00022,main_default_opt_2,True,getelementptr,10,9,-1
own_v1,O1,h00022,main_default_opt_2,True,icmp,10,10,0
own_v1,O1,h00022,main_default_opt_2,True,inttoptr,12,12,0
own_v1,O1,h00022,main_default_opt_2,True,load,73,75,2
own_v1,O1,h00022,main_default_opt_2,True,lshr,12,12,0
own_v1,O1,h00022,main_default_opt_2,True,mul,4,4,0
own_v1,O1,h00022,main_default_opt_2,True,or,1,1,0
own_v1,O1,h00022,main_default_opt_2,True,phi,14,14,0
own_v1,O1,h00022,main_default_opt_2,True,ptrtoint,4,4,0
own_v1,O1,h00022,main_default_opt_2,True,ret,3,3,0
own_v1,O1,h00022,main_default_opt_2,True,select,1,1,0
own_v1,O1,h00022,main_default_opt_2,True,shl,2,2,0
own_v1,O1,h00022,main_default_opt_2,True,store,217,219,2
own_v1,O1,h00022,main_default_opt_2,True,switch,1,1,0
own_v1,O1,h00022,main_default_opt_2,True,trunc,18,18,0
own_v1,O1,h00022,main_default_opt_2,True,udiv,1,1,0
own_v1,O1,h00022,main_default_opt_2,True,xor,17,17,0
own_v1,O1,h00022,main_default_opt_2,True,zext,13,13,0
own_v1,O1,h00022,bundle_default_opt_3,True,add,21,19,-2
own_v1,O1,h00022,bundle_default_opt_3,True,alloca,2,2,0
own_v1,O1,h00022,bundle_default_opt_3,True,and,17,17,0
own_v1,O1,h00022,bundle_default_opt_3,True,br,4,4,0
own_v1,O1,h00022,bundle_default_opt_3,True,call,9,9,0
own_v1,O1,h00022,bundle_default_opt_3,True,getelementptr,9,9,0
own_v1,O1,h00022,bundle_default_opt_3,True,icmp,10,10,0
own_v1,O1,h00022,bundle_default_opt_3,True,inttoptr,12,11,-1
own_v1,O1,h00022,bundle_default_opt_3,True,load,75,37,-38
own_v1,O1,h00022,bundle_default_opt_3,True,lshr,12,12,0
own_v1,O1,h00022,bundle_default_opt_3,True,mul,4,4,0
own_v1,O1,h00022,bundle_default_opt_3,True,or,1,1,0
own_v1,O1,h00022,bundle_default_opt_3,True,phi,14,13,-1
own_v1,O1,h00022,bundle_default_opt_3,True,ptrtoint,3,2,-1
own_v1,O1,h00022,bundle_default_opt_3,True,ret,3,3,0
own_v1,O1,h00022,bundle_default_opt_3,True,select,1,1,0
own_v1,O1,h00022,bundle_default_opt_3,True,shl,2,2,0
own_v1,O1,h00022,bundle_default_opt_3,True,store,218,169,-49
own_v1,O1,h00022,bundle_default_opt_3,True,switch,1,1,0
own_v1,O1,h00022,bundle_default_opt_3,True,trunc,18,18,0
own_v1,O1,h00022,bundle_default_opt_3,True,udiv,1,1,0
own_v1,O1,h00022,bundle_default_opt_3,True,xor,17,17,0
own_v1,O1,h00022,bundle_default_opt_3,True,zext,13,13,0
own_v1,O1,h00022,bundle_default_opt_4,True,add,19,19,0
own_v1,O1,h00022,bundle_default_opt_4,True,alloca,2,2,0
own_v1,O1,h00022,bundle_default_opt_4,True,and,17,17,0
own_v1,O1,h00022,bundle_default_opt_4,True,br,4,4,0
own_v1,O1,h00022,bundle_default_opt_4,True,call,9,9,0
own_v1,O1,h00022,bundle_default_opt_4,True,getelementptr,9,9,0
own_v1,O1,h00022,bundle_default_opt_4,True,icmp,10,10,0
own_v1,O1,h00022,bundle_default_opt_4,True,inttoptr,11,11,0
own_v1,O1,h00022,bundle_default_opt_4,True,load,37,37,0
own_v1,O1,h00022,bundle_default_opt_4,True,lshr,12,12,0
own_v1,O1,h00022,bundle_default_opt_4,True,mul,4,4,0
own_v1,O1,h00022,bundle_default_opt_4,True,or,1,1,0
own_v1,O1,h00022,bundle_default_opt_4,True,phi,13,13,0
own_v1,O1,h00022,bundle_default_opt_4,True,ptrtoint,2,2,0
own_v1,O1,h00022,bundle_default_opt_4,True,ret,3,3,0
own_v1,O1,h00022,bundle_default_opt_4,True,select,1,1,0
own_v1,O1,h00022,bundle_default_opt_4,True,shl,2,2,0
own_v1,O1,h00022,bundle_default_opt_4,True,store,169,169,0
own_v1,O1,h00022,bundle_default_opt_4,True,switch,1,1,0
own_v1,O1,h00022,bundle_default_opt_4,True,trunc,18,18,0
own_v1,O1,h00022,bundle_default_opt_4,True,udiv,1,1,0
own_v1,O1,h00022,bundle_default_opt_4,True,xor,17,17,0
own_v1,O1,h00022,bundle_default_opt_4,True,zext,13,13,0
own_v1,O1,h00022,bundle_post_opt_4_custom_cleanup,True,add,19,16,-3
own_v1,O1,h00022,bundle_post_opt_4_custom_cleanup,True,alloca,2,2,0
own_v1,O1,h00022,bundle_post_opt_4_custom_cleanup,True,and,17,5,-12
own_v1,O1,h00022,bundle_post_opt_4_custom_cleanup,True,br,4,4,0
own_v1,O1,h00022,bundle_post_opt_4_custom_cleanup,True,call,9,4,-5
own_v1,O1,h00022,bundle_post_opt_4_custom_cleanup,True,getelementptr,9,9,0
own_v1,O1,h00022,bundle_post_opt_4_custom_cleanup,True,icmp,10,1,-9
own_v1,O1,h00022,bundle_post_opt_4_custom_cleanup,True,inttoptr,11,11,0
own_v1,O1,h00022,bundle_post_opt_4_custom_cleanup,True,load,37,25,-12
own_v1,O1,h00022,bundle_post_opt_4_custom_cleanup,True,lshr,12,3,-9
own_v1,O1,h00022,bundle_post_opt_4_custom_cleanup,True,mul,4,4,0
own_v1,O1,h00022,bundle_post_opt_4_custom_cleanup,True,or,1,1,0
own_v1,O1,h00022,bundle_post_opt_4_custom_cleanup,True,phi,13,7,-6
own_v1,O1,h00022,bundle_post_opt_4_custom_cleanup,True,ptrtoint,2,2,0
own_v1,O1,h00022,bundle_post_opt_4_custom_cleanup,True,ret,3,2,-1
own_v1,O1,h00022,bundle_post_opt_4_custom_cleanup,True,select,1,1,0
own_v1,O1,h00022,bundle_post_opt_4_custom_cleanup,True,shl,2,2,0
own_v1,O1,h00022,bundle_post_opt_4_custom_cleanup,True,store,169,105,-64
own_v1,O1,h00022,bundle_post_opt_4_custom_cleanup,True,switch,1,1,0
own_v1,O1,h00022,bundle_post_opt_4_custom_cleanup,True,trunc,18,1,-17
own_v1,O1,h00022,bundle_post_opt_4_custom_cleanup,True,udiv,1,1,0
own_v1,O1,h00022,bundle_post_opt_4_custom_cleanup,True,xor,17,7,-10
own_v1,O1,h00022,bundle_post_opt_4_custom_cleanup,True,zext,13,3,-10
own_v1,O1,h00023,main_default_opt_1,True,add,90,84,-6
own_v1,O1,h00023,main_default_opt_1,True,alloca,7,5,-2
own_v1,O1,h00023,main_default_opt_1,True,and,27,26,-1
own_v1,O1,h00023,main_default_opt_1,True,br,37,35,-2
own_v1,O1,h00023,main_default_opt_1,True,call,30,18,-12
own_v1,O1,h00023,main_default_opt_1,True,getelementptr,52,35,-17
own_v1,O1,h00023,main_default_opt_1,True,icmp,29,28,-1
own_v1,O1,h00023,main_default_opt_1,True,inttoptr,59,57,-2
own_v1,O1,h00023,main_default_opt_1,True,load,112,95,-17
own_v1,O1,h00023,main_default_opt_1,True,lshr,16,15,-1
own_v1,O1,h00023,main_default_opt_1,True,mul,2,2,0
own_v1,O1,h00023,main_default_opt_1,True,or,1,1,0
own_v1,O1,h00023,main_default_opt_1,True,phi,27,31,4
own_v1,O1,h00023,main_default_opt_1,True,ptrtoint,4,4,0
own_v1,O1,h00023,main_default_opt_1,True,ret,11,2,-9
own_v1,O1,h00023,main_default_opt_1,True,sdiv,1,1,0
own_v1,O1,h00023,main_default_opt_1,True,select,10,10,0
own_v1,O1,h00023,main_default_opt_1,True,sext,10,10,0
own_v1,O1,h00023,main_default_opt_1,True,shl,17,17,0
own_v1,O1,h00023,main_default_opt_1,True,store,660,604,-56
own_v1,O1,h00023,main_default_opt_1,True,sub,2,2,0
own_v1,O1,h00023,main_default_opt_1,True,switch,1,1,0
own_v1,O1,h00023,main_default_opt_1,True,trunc,20,18,-2
own_v1,O1,h00023,main_default_opt_1,True,unreachable,1,1,0
own_v1,O1,h00023,main_default_opt_1,True,xor,29,26,-3
own_v1,O1,h00023,main_default_opt_1,True,zext,30,27,-3
own_v1,O1,h00023,main_default_opt_2,True,add,74,72,-2
own_v1,O1,h00023,main_default_opt_2,True,alloca,4,4,0
own_v1,O1,h00023,main_default_opt_2,True,and,14,10,-4
own_v1,O1,h00023,main_default_opt_2,True,br,35,30,-5
own_v1,O1,h00023,main_default_opt_2,True,call,10,9,-1
own_v1,O1,h00023,main_default_opt_2,True,getelementptr,25,21,-4
own_v1,O1,h00023,main_default_opt_2,True,icmp,22,14,-8
own_v1,O1,h00023,main_default_opt_2,True,inttoptr,59,52,-7
own_v1,O1,h00023,main_default_opt_2,True,load,36,38,2
own_v1,O1,h00023,main_default_opt_2,True,mul,2,2,0
own_v1,O1,h00023,main_default_opt_2,True,or,1,1,0
own_v1,O1,h00023,main_default_opt_2,True,phi,4,3,-1
own_v1,O1,h00023,main_default_opt_2,True,ptrtoint,5,3,-2
own_v1,O1,h00023,main_default_opt_2,True,ret,2,2,0
own_v1,O1,h00023,main_default_opt_2,True,sdiv,1,1,0
own_v1,O1,h00023,main_default_opt_2,True,select,14,12,-2
own_v1,O1,h00023,main_default_opt_2,True,sext,10,10,0
own_v1,O1,h00023,main_default_opt_2,True,shl,17,17,0
own_v1,O1,h00023,main_default_opt_2,True,store,73,43,-30
own_v1,O1,h00023,main_default_opt_2,True,sub,5,1,-4
own_v1,O1,h00023,main_default_opt_2,True,switch,1,1,0
own_v1,O1,h00023,main_default_opt_2,True,unreachable,1,1,0
own_v1,O1,h00023,main_default_opt_2,True,xor,9,9,0
own_v1,O1,h00023,main_default_opt_2,True,zext,7,7,0
own_v1,O1,h00023,bundle_default_opt_3,True,add,18,18,0
own_v1,O1,h00023,bundle_default_opt_3,True,alloca,4,4,0
own_v1,O1,h00023,bundle_default_opt_3,True,and,10,10,0
own_v1,O1,h00023,bundle_default_opt_3,True,br,30,30,0
own_v1,O1,h00023,bundle_default_opt_3,True,call,9,9,0
own_v1,O1,h00023,bundle_default_opt_3,True,getelementptr,79,47,-32
own_v1,O1,h00023,bundle_default_opt_3,True,icmp,14,14,0
own_v1,O1,h00023,bundle_default_opt_3,True,inttoptr,1,1,0
own_v1,O1,h00023,bundle_default_opt_3,True,load,38,38,0
own_v1,O1,h00023,bundle_default_opt_3,True,mul,2,2,0
own_v1,O1,h00023,bundle_default_opt_3,True,or,1,1,0
own_v1,O1,h00023,bundle_default_opt_3,True,phi,3,3,0
own_v1,O1,h00023,bundle_default_opt_3,True,ptrtoint,3,3,0
own_v1,O1,h00023,bundle_default_opt_3,True,ret,2,2,0
own_v1,O1,h00023,bundle_default_opt_3,True,sdiv,1,1,0
own_v1,O1,h00023,bundle_default_opt_3,True,select,12,12,0
own_v1,O1,h00023,bundle_default_opt_3,True,sext,10,10,0
own_v1,O1,h00023,bundle_default_opt_3,True,shl,17,17,0
own_v1,O1,h00023,bundle_default_opt_3,True,store,43,43,0
own_v1,O1,h00023,bundle_default_opt_3,True,sub,1,1,0
own_v1,O1,h00023,bundle_default_opt_3,True,switch,1,1,0
own_v1,O1,h00023,bundle_default_opt_3,True,unreachable,1,1,0
own_v1,O1,h00023,bundle_default_opt_3,True,xor,9,9,0
own_v1,O1,h00023,bundle_default_opt_3,True,zext,7,7,0
own_v1,O1,h00023,bundle_default_opt_4,True,add,18,18,0
own_v1,O1,h00023,bundle_default_opt_4,True,alloca,4,4,0
own_v1,O1,h00023,bundle_default_opt_4,True,and,10,10,0
own_v1,O1,h00023,bundle_default_opt_4,True,br,30,30,0
own_v1,O1,h00023,bundle_default_opt_4,True,call,9,9,0
own_v1,O1,h00023,bundle_default_opt_4,True,getelementptr,47,40,-7
own_v1,O1,h00023,bundle_default_opt_4,True,icmp,14,14,0
own_v1,O1,h00023,bundle_default_opt_4,True,inttoptr,1,1,0
own_v1,O1,h00023,bundle_default_opt_4,True,load,38,38,0
own_v1,O1,h00023,bundle_default_opt_4,True,mul,2,2,0
own_v1,O1,h00023,bundle_default_opt_4,True,or,1,1,0
own_v1,O1,h00023,bundle_default_opt_4,True,phi,3,3,0
own_v1,O1,h00023,bundle_default_opt_4,True,ptrtoint,3,3,0
own_v1,O1,h00023,bundle_default_opt_4,True,ret,2,2,0
own_v1,O1,h00023,bundle_default_opt_4,True,sdiv,1,1,0
own_v1,O1,h00023,bundle_default_opt_4,True,select,12,12,0
own_v1,O1,h00023,bundle_default_opt_4,True,sext,10,10,0
own_v1,O1,h00023,bundle_default_opt_4,True,shl,17,17,0
own_v1,O1,h00023,bundle_default_opt_4,True,store,43,43,0
own_v1,O1,h00023,bundle_default_opt_4,True,sub,1,1,0
own_v1,O1,h00023,bundle_default_opt_4,True,switch,1,1,0
own_v1,O1,h00023,bundle_default_opt_4,True,unreachable,1,1,0
own_v1,O1,h00023,bundle_default_opt_4,True,xor,9,9,0
own_v1,O1,h00023,bundle_default_opt_4,True,zext,7,7,0
own_v1,O1,h00023,bundle_post_opt_4_custom_cleanup,True,add,18,18,0
own_v1,O1,h00023,bundle_post_opt_4_custom_cleanup,True,alloca,4,4,0
own_v1,O1,h00023,bundle_post_opt_4_custom_cleanup,True,and,10,10,0
own_v1,O1,h00023,bundle_post_opt_4_custom_cleanup,True,br,30,30,0
own_v1,O1,h00023,bundle_post_opt_4_custom_cleanup,True,call,9,9,0
own_v1,O1,h00023,bundle_post_opt_4_custom_cleanup,True,getelementptr,40,40,0
own_v1,O1,h00023,bundle_post_opt_4_custom_cleanup,True,icmp,14,14,0
own_v1,O1,h00023,bundle_post_opt_4_custom_cleanup,True,inttoptr,1,1,0
own_v1,O1,h00023,bundle_post_opt_4_custom_cleanup,True,load,38,37,-1
own_v1,O1,h00023,bundle_post_opt_4_custom_cleanup,True,mul,2,2,0
own_v1,O1,h00023,bundle_post_opt_4_custom_cleanup,True,or,1,1,0
own_v1,O1,h00023,bundle_post_opt_4_custom_cleanup,True,phi,3,4,1
own_v1,O1,h00023,bundle_post_opt_4_custom_cleanup,True,ptrtoint,3,3,0
own_v1,O1,h00023,bundle_post_opt_4_custom_cleanup,True,ret,2,1,-1
own_v1,O1,h00023,bundle_post_opt_4_custom_cleanup,True,sdiv,1,1,0
own_v1,O1,h00023,bundle_post_opt_4_custom_cleanup,True,select,12,12,0
own_v1,O1,h00023,bundle_post_opt_4_custom_cleanup,True,sext,10,10,0
own_v1,O1,h00023,bundle_post_opt_4_custom_cleanup,True,shl,17,17,0
own_v1,O1,h00023,bundle_post_opt_4_custom_cleanup,True,store,43,43,0
own_v1,O1,h00023,bundle_post_opt_4_custom_cleanup,True,sub,1,1,0
own_v1,O1,h00023,bundle_post_opt_4_custom_cleanup,True,switch,1,1,0
own_v1,O1,h00023,bundle_post_opt_4_custom_cleanup,True,unreachable,1,1,0
own_v1,O1,h00023,bundle_post_opt_4_custom_cleanup,True,xor,9,9,0
own_v1,O1,h00023,bundle_post_opt_4_custom_cleanup,True,zext,7,7,0
own_v1,O1,h00024,main_default_opt_1,True,add,38,38,0
own_v1,O1,h00024,main_default_opt_1,True,alloca,5,1,-4
own_v1,O1,h00024,main_default_opt_1,True,and,21,21,0
own_v1,O1,h00024,main_default_opt_1,True,br,15,16,1
own_v1,O1,h00024,main_default_opt_1,True,call,24,13,-11
own_v1,O1,h00024,main_default_opt_1,True,getelementptr,68,36,-32
own_v1,O1,h00024,main_default_opt_1,True,icmp,21,21,0
own_v1,O1,h00024,main_default_opt_1,True,inttoptr,21,21,0
own_v1,O1,h00024,main_default_opt_1,True,load,93,91,-2
own_v1,O1,h00024,main_default_opt_1,True,lshr,9,9,0
own_v1,O1,h00024,main_default_opt_1,True,mul,4,4,0
own_v1,O1,h00024,main_default_opt_1,True,phi,19,30,11
own_v1,O1,h00024,main_default_opt_1,True,ptrtoint,5,5,0
own_v1,O1,h00024,main_default_opt_1,True,ret,11,8,-3
own_v1,O1,h00024,main_default_opt_1,True,select,10,10,0
own_v1,O1,h00024,main_default_opt_1,True,sext,3,3,0
own_v1,O1,h00024,main_default_opt_1,True,shl,3,3,0
own_v1,O1,h00024,main_default_opt_1,True,store,436,400,-36
own_v1,O1,h00024,main_default_opt_1,True,sub,4,4,0
own_v1,O1,h00024,main_default_opt_1,True,switch,1,1,0
own_v1,O1,h00024,main_default_opt_1,True,trunc,18,14,-4
own_v1,O1,h00024,main_default_opt_1,True,xor,18,17,-1
own_v1,O1,h00024,main_default_opt_1,True,zext,22,23,1
own_v1,O1,h00024,main_default_opt_2,True,add,35,35,0
own_v1,O1,h00024,main_default_opt_2,True,alloca,1,1,0
own_v1,O1,h00024,main_default_opt_2,True,and,23,21,-2
own_v1,O1,h00024,main_default_opt_2,True,br,16,16,0
own_v1,O1,h00024,main_default_opt_2,True,call,13,13,0
own_v1,O1,h00024,main_default_opt_2,True,getelementptr,38,35,-3
own_v1,O1,h00024,main_default_opt_2,True,icmp,23,19,-4
own_v1,O1,h00024,main_default_opt_2,True,inttoptr,19,19,0
own_v1,O1,h00024,main_default_opt_2,True,load,91,91,0
own_v1,O1,h00024,main_default_opt_2,True,lshr,9,9,0
own_v1,O1,h00024,main_default_opt_2,True,mul,4,4,0
own_v1,O1,h00024,main_default_opt_2,True,phi,32,32,0
own_v1,O1,h00024,main_default_opt_2,True,ptrtoint,5,5,0
own_v1,O1,h00024,main_default_opt_2,True,ret,8,8,0
own_v1,O1,h00024,main_default_opt_2,True,select,10,10,0
own_v1,O1,h00024,main_default_opt_2,True,sext,3,3,0
own_v1,O1,h00024,main_default_opt_2,True,shl,3,3,0
own_v1,O1,h00024,main_default_opt_2,True,store,400,400,0
own_v1,O1,h00024,main_default_opt_2,True,sub,6,4,-2
own_v1,O1,h00024,main_default_opt_2,True,switch,1,1,0
own_v1,O1,h00024,main_default_opt_2,True,trunc,14,14,0
own_v1,O1,h00024,main_default_opt_2,True,xor,17,17,0
own_v1,O1,h00024,main_default_opt_2,True,zext,23,23,0
own_v1,O1,h00024,bundle_default_opt_3,True,add,32,32,0
own_v1,O1,h00024,bundle_default_opt_3,True,alloca,1,1,0
own_v1,O1,h00024,bundle_default_opt_3,True,and,18,18,0
own_v1,O1,h00024,bundle_default_opt_3,True,br,16,16,0
own_v1,O1,h00024,bundle_default_opt_3,True,call,14,14,0
own_v1,O1,h00024,bundle_default_opt_3,True,getelementptr,29,29,0
own_v1,O1,h00024,bundle_default_opt_3,True,icmp,17,17,0
own_v1,O1,h00024,bundle_default_opt_3,True,inttoptr,18,18,0
own_v1,O1,h00024,bundle_default_opt_3,True,load,91,71,-20
own_v1,O1,h00024,bundle_default_opt_3,True,lshr,9,9,0
own_v1,O1,h00024,bundle_default_opt_3,True,mul,4,4,0
own_v1,O1,h00024,bundle_default_opt_3,True,phi,26,26,0
own_v1,O1,h00024,bundle_default_opt_3,True,ptrtoint,3,3,0
own_v1,O1,h00024,bundle_default_opt_3,True,ret,9,9,0
own_v1,O1,h00024,bundle_default_opt_3,True,select,6,6,0
own_v1,O1,h00024,bundle_default_opt_3,True,sext,2,2,0
own_v1,O1,h00024,bundle_default_opt_3,True,shl,3,3,0
own_v1,O1,h00024,bundle_default_opt_3,True,store,319,287,-32
own_v1,O1,h00024,bundle_default_opt_3,True,sub,4,4,0
own_v1,O1,h00024,bundle_default_opt_3,True,switch,1,1,0
own_v1,O1,h00024,bundle_default_opt_3,True,trunc,14,14,0
own_v1,O1,h00024,bundle_default_opt_3,True,xor,17,17,0
own_v1,O1,h00024,bundle_default_opt_3,True,zext,17,17,0
own_v1,O1,h00024,bundle_default_opt_4,True,add,32,32,0
own_v1,O1,h00024,bundle_default_opt_4,True,alloca,1,1,0
own_v1,O1,h00024,bundle_default_opt_4,True,and,18,18,0
own_v1,O1,h00024,bundle_default_opt_4,True,br,16,16,0
own_v1,O1,h00024,bundle_default_opt_4,True,call,14,14,0
own_v1,O1,h00024,bundle_default_opt_4,True,getelementptr,29,29,0
own_v1,O1,h00024,bundle_default_opt_4,True,icmp,17,17,0
own_v1,O1,h00024,bundle_default_opt_4,True,inttoptr,18,18,0
own_v1,O1,h00024,bundle_default_opt_4,True,load,71,71,0
own_v1,O1,h00024,bundle_default_opt_4,True,lshr,9,9,0
own_v1,O1,h00024,bundle_default_opt_4,True,mul,4,4,0
own_v1,O1,h00024,bundle_default_opt_4,True,phi,26,26,0
own_v1,O1,h00024,bundle_default_opt_4,True,ptrtoint,3,3,0
own_v1,O1,h00024,bundle_default_opt_4,True,ret,9,9,0
own_v1,O1,h00024,bundle_default_opt_4,True,select,6,6,0
own_v1,O1,h00024,bundle_default_opt_4,True,sext,2,2,0
own_v1,O1,h00024,bundle_default_opt_4,True,shl,3,3,0
own_v1,O1,h00024,bundle_default_opt_4,True,store,287,287,0
own_v1,O1,h00024,bundle_default_opt_4,True,sub,4,4,0
own_v1,O1,h00024,bundle_default_opt_4,True,switch,1,1,0
own_v1,O1,h00024,bundle_default_opt_4,True,trunc,14,14,0
own_v1,O1,h00024,bundle_default_opt_4,True,xor,17,17,0
own_v1,O1,h00024,bundle_default_opt_4,True,zext,17,17,0
own_v1,O1,h00024,bundle_post_opt_4_custom_cleanup,True,add,32,32,0
own_v1,O1,h00024,bundle_post_opt_4_custom_cleanup,True,alloca,1,1,0
own_v1,O1,h00024,bundle_post_opt_4_custom_cleanup,True,and,18,18,0
own_v1,O1,h00024,bundle_post_opt_4_custom_cleanup,True,br,16,16,0
own_v1,O1,h00024,bundle_post_opt_4_custom_cleanup,True,call,14,14,0
own_v1,O1,h00024,bundle_post_opt_4_custom_cleanup,True,getelementptr,29,29,0
own_v1,O1,h00024,bundle_post_opt_4_custom_cleanup,True,icmp,17,17,0
own_v1,O1,h00024,bundle_post_opt_4_custom_cleanup,True,inttoptr,18,18,0
own_v1,O1,h00024,bundle_post_opt_4_custom_cleanup,True,load,71,71,0
own_v1,O1,h00024,bundle_post_opt_4_custom_cleanup,True,lshr,9,9,0
own_v1,O1,h00024,bundle_post_opt_4_custom_cleanup,True,mul,4,4,0
own_v1,O1,h00024,bundle_post_opt_4_custom_cleanup,True,phi,26,26,0
own_v1,O1,h00024,bundle_post_opt_4_custom_cleanup,True,ptrtoint,3,3,0
own_v1,O1,h00024,bundle_post_opt_4_custom_cleanup,True,ret,9,9,0
own_v1,O1,h00024,bundle_post_opt_4_custom_cleanup,True,select,6,6,0
own_v1,O1,h00024,bundle_post_opt_4_custom_cleanup,True,sext,2,2,0
own_v1,O1,h00024,bundle_post_opt_4_custom_cleanup,True,shl,3,3,0
own_v1,O1,h00024,bundle_post_opt_4_custom_cleanup,True,store,287,245,-42
own_v1,O1,h00024,bundle_post_opt_4_custom_cleanup,True,sub,4,4,0
own_v1,O1,h00024,bundle_post_opt_4_custom_cleanup,True,switch,1,1,0
own_v1,O1,h00024,bundle_post_opt_4_custom_cleanup,True,trunc,14,14,0
own_v1,O1,h00024,bundle_post_opt_4_custom_cleanup,True,xor,17,17,0
own_v1,O1,h00024,bundle_post_opt_4_custom_cleanup,True,zext,17,17,0
own_v1,O1,h00025,main_default_opt_1,True,add,33,33,0
own_v1,O1,h00025,main_default_opt_1,True,alloca,7,5,-2
own_v1,O1,h00025,main_default_opt_1,True,and,19,19,0
own_v1,O1,h00025,main_default_opt_1,True,br,30,31,1
own_v1,O1,h00025,main_default_opt_1,True,call,28,21,-7
own_v1,O1,h00025,main_default_opt_1,True,getelementptr,94,76,-18
own_v1,O1,h00025,main_default_opt_1,True,icmp,22,22,0
own_v1,O1,h00025,main_default_opt_1,True,inttoptr,13,13,0
own_v1,O1,h00025,main_default_opt_1,True,load,111,109,-2
own_v1,O1,h00025,main_default_opt_1,True,lshr,9,9,0
own_v1,O1,h00025,main_default_opt_1,True,mul,3,3,0
own_v1,O1,h00025,main_default_opt_1,True,phi,30,43,13
own_v1,O1,h00025,main_default_opt_1,True,ptrtoint,5,5,0
own_v1,O1,h00025,main_default_opt_1,True,ret,11,8,-3
own_v1,O1,h00025,main_default_opt_1,True,select,10,10,0
own_v1,O1,h00025,main_default_opt_1,True,shl,8,8,0
own_v1,O1,h00025,main_default_opt_1,True,store,695,677,-18
own_v1,O1,h00025,main_default_opt_1,True,switch,2,2,0
own_v1,O1,h00025,main_default_opt_1,True,trunc,15,11,-4
own_v1,O1,h00025,main_default_opt_1,True,urem,1,1,0
own_v1,O1,h00025,main_default_opt_1,True,xor,20,20,0
own_v1,O1,h00025,main_default_opt_1,True,zext,28,28,0
own_v1,O1,h00025,main_default_opt_2,True,add,32,32,0
own_v1,O1,h00025,main_default_opt_2,True,alloca,2,2,0
own_v1,O1,h00025,main_default_opt_2,True,and,19,19,0
own_v1,O1,h00025,main_default_opt_2,True,br,31,31,0
own_v1,O1,h00025,main_default_opt_2,True,call,15,13,-2
own_v1,O1,h00025,main_default_opt_2,True,getelementptr,48,47,-1
own_v1,O1,h00025,main_default_opt_2,True,icmp,22,22,0
own_v1,O1,h00025,main_default_opt_2,True,inttoptr,11,11,0
own_v1,O1,h00025,main_default_opt_2,True,load,109,111,2
own_v1,O1,h00025,main_default_opt_2,True,lshr,9,9,0
own_v1,O1,h00025,main_default_opt_2,True,mul,3,3,0
own_v1,O1,h00025,main_default_opt_2,True,phi,43,43,0
own_v1,O1,h00025,main_default_opt_2,True,ptrtoint,5,5,0
own_v1,O1,h00025,main_default_opt_2,True,ret,8,8,0
own_v1,O1,h00025,main_default_opt_2,True,select,10,10,0
own_v1,O1,h00025,main_default_opt_2,True,shl,8,8,0
own_v1,O1,h00025,main_default_opt_2,True,store,641,643,2
own_v1,O1,h00025,main_default_opt_2,True,switch,2,2,0
own_v1,O1,h00025,main_default_opt_2,True,trunc,11,11,0
own_v1,O1,h00025,main_default_opt_2,True,urem,1,1,0
own_v1,O1,h00025,main_default_opt_2,True,xor,20,20,0
own_v1,O1,h00025,main_default_opt_2,True,zext,28,28,0
own_v1,O1,h00025,bundle_default_opt_3,True,add,31,31,0
own_v1,O1,h00025,bundle_default_opt_3,True,alloca,2,2,0
own_v1,O1,h00025,bundle_default_opt_3,True,and,19,19,0
own_v1,O1,h00025,bundle_default_opt_3,True,br,31,31,0
own_v1,O1,h00025,bundle_default_opt_3,True,call,12,12,0
own_v1,O1,h00025,bundle_default_opt_3,True,getelementptr,47,47,0
own_v1,O1,h00025,bundle_default_opt_3,True,icmp,22,22,0
own_v1,O1,h00025,bundle_default_opt_3,True,inttoptr,11,11,0
own_v1,O1,h00025,bundle_default_opt_3,True,load,111,78,-33
own_v1,O1,h00025,bundle_default_opt_3,True,lshr,9,9,0
own_v1,O1,h00025,bundle_default_opt_3,True,mul,3,3,0
own_v1,O1,h00025,bundle_default_opt_3,True,phi,37,35,-2
own_v1,O1,h00025,bundle_default_opt_3,True,ptrtoint,2,2,0
own_v1,O1,h00025,bundle_default_opt_3,True,ret,8,8,0
own_v1,O1,h00025,bundle_default_opt_3,True,select,10,10,0
own_v1,O1,h00025,bundle_default_opt_3,True,shl,8,8,0
own_v1,O1,h00025,bundle_default_opt_3,True,store,532,461,-71
own_v1,O1,h00025,bundle_default_opt_3,True,switch,2,2,0
own_v1,O1,h00025,bundle_default_opt_3,True,trunc,11,11,0
own_v1,O1,h00025,bundle_default_opt_3,True,urem,1,1,0
own_v1,O1,h00025,bundle_default_opt_3,True,xor,20,20,0
own_v1,O1,h00025,bundle_default_opt_3,True,zext,25,25,0
own_v1,O1,h00025,bundle_default_opt_4,True,add,31,31,0
own_v1,O1,h00025,bundle_default_opt_4,True,alloca,2,2,0
own_v1,O1,h00025,bundle_default_opt_4,True,and,19,19,0
own_v1,O1,h00025,bundle_default_opt_4,True,br,31,31,0
own_v1,O1,h00025,bundle_default_opt_4,True,call,12,12,0
own_v1,O1,h00025,bundle_default_opt_4,True,getelementptr,47,47,0
own_v1,O1,h00025,bundle_default_opt_4,True,icmp,22,22,0
own_v1,O1,h00025,bundle_default_opt_4,True,inttoptr,11,11,0
own_v1,O1,h00025,bundle_default_opt_4,True,load,78,78,0
own_v1,O1,h00025,bundle_default_opt_4,True,lshr,9,9,0
own_v1,O1,h00025,bundle_default_opt_4,True,mul,3,3,0
own_v1,O1,h00025,bundle_default_opt_4,True,phi,35,35,0
own_v1,O1,h00025,bundle_default_opt_4,True,ptrtoint,2,2,0
own_v1,O1,h00025,bundle_default_opt_4,True,ret,8,8,0
own_v1,O1,h00025,bundle_default_opt_4,True,select,10,10,0
own_v1,O1,h00025,bundle_default_opt_4,True,shl,8,8,0
own_v1,O1,h00025,bundle_default_opt_4,True,store,461,461,0
own_v1,O1,h00025,bundle_default_opt_4,True,switch,2,2,0
own_v1,O1,h00025,bundle_default_opt_4,True,trunc,11,11,0
own_v1,O1,h00025,bundle_default_opt_4,True,urem,1,1,0
own_v1,O1,h00025,bundle_default_opt_4,True,xor,20,20,0
own_v1,O1,h00025,bundle_default_opt_4,True,zext,25,25,0
own_v1,O1,h00025,bundle_post_opt_4_custom_cleanup,True,add,31,31,0
own_v1,O1,h00025,bundle_post_opt_4_custom_cleanup,True,alloca,2,2,0
own_v1,O1,h00025,bundle_post_opt_4_custom_cleanup,True,and,19,19,0
own_v1,O1,h00025,bundle_post_opt_4_custom_cleanup,True,br,31,31,0
own_v1,O1,h00025,bundle_post_opt_4_custom_cleanup,True,call,12,12,0
own_v1,O1,h00025,bundle_post_opt_4_custom_cleanup,True,getelementptr,47,47,0
own_v1,O1,h00025,bundle_post_opt_4_custom_cleanup,True,icmp,22,22,0
own_v1,O1,h00025,bundle_post_opt_4_custom_cleanup,True,inttoptr,11,11,0
own_v1,O1,h00025,bundle_post_opt_4_custom_cleanup,True,load,78,78,0
own_v1,O1,h00025,bundle_post_opt_4_custom_cleanup,True,lshr,9,9,0
own_v1,O1,h00025,bundle_post_opt_4_custom_cleanup,True,mul,3,3,0
own_v1,O1,h00025,bundle_post_opt_4_custom_cleanup,True,phi,35,35,0
own_v1,O1,h00025,bundle_post_opt_4_custom_cleanup,True,ptrtoint,2,2,0
own_v1,O1,h00025,bundle_post_opt_4_custom_cleanup,True,ret,8,8,0
own_v1,O1,h00025,bundle_post_opt_4_custom_cleanup,True,select,10,10,0
own_v1,O1,h00025,bundle_post_opt_4_custom_cleanup,True,shl,8,8,0
own_v1,O1,h00025,bundle_post_opt_4_custom_cleanup,True,store,461,349,-112
own_v1,O1,h00025,bundle_post_opt_4_custom_cleanup,True,switch,2,2,0
own_v1,O1,h00025,bundle_post_opt_4_custom_cleanup,True,trunc,11,11,0
own_v1,O1,h00025,bundle_post_opt_4_custom_cleanup,True,urem,1,1,0
own_v1,O1,h00025,bundle_post_opt_4_custom_cleanup,True,xor,20,20,0
own_v1,O1,h00025,bundle_post_opt_4_custom_cleanup,True,zext,25,25,0
own_v1,O1,h00026,main_default_opt_1,True,add,50,50,0
own_v1,O1,h00026,main_default_opt_1,True,alloca,7,5,-2
own_v1,O1,h00026,main_default_opt_1,True,and,21,21,0
own_v1,O1,h00026,main_default_opt_1,True,br,65,66,1
own_v1,O1,h00026,main_default_opt_1,True,call,28,21,-7
own_v1,O1,h00026,main_default_opt_1,True,getelementptr,120,104,-16
own_v1,O1,h00026,main_default_opt_1,True,icmp,38,38,0
own_v1,O1,h00026,main_default_opt_1,True,inttoptr,15,15,0
own_v1,O1,h00026,main_default_opt_1,True,load,128,126,-2
own_v1,O1,h00026,main_default_opt_1,True,lshr,17,17,0
own_v1,O1,h00026,main_default_opt_1,True,mul,1,1,0
own_v1,O1,h00026,main_default_opt_1,True,phi,26,37,11
own_v1,O1,h00026,main_default_opt_1,True,ptrtoint,5,5,0
own_v1,O1,h00026,main_default_opt_1,True,ret,11,8,-3
own_v1,O1,h00026,main_default_opt_1,True,select,23,23,0
own_v1,O1,h00026,main_default_opt_1,True,sext,8,8,0
own_v1,O1,h00026,main_default_opt_1,True,shl,15,15,0
own_v1,O1,h00026,main_default_opt_1,True,store,982,964,-18
own_v1,O1,h00026,main_default_opt_1,True,sub,4,4,0
own_v1,O1,h00026,main_default_opt_1,True,switch,2,2,0
own_v1,O1,h00026,main_default_opt_1,True,trunc,13,10,-3
own_v1,O1,h00026,main_default_opt_1,True,xor,33,33,0
own_v1,O1,h00026,main_default_opt_1,True,zext,32,32,0
own_v1,O1,h00026,main_default_opt_2,True,add,47,57,10
own_v1,O1,h00026,main_default_opt_2,True,alloca,3,3,0
own_v1,O1,h00026,main_default_opt_2,True,and,31,21,-10
own_v1,O1,h00026,main_default_opt_2,True,br,66,66,0
own_v1,O1,h00026,main_default_opt_2,True,call,17,17,0
own_v1,O1,h00026,main_default_opt_2,True,getelementptr,98,102,4
own_v1,O1,h00026,main_default_opt_2,True,icmp,56,46,-10
own_v1,O1,h00026,main_default_opt_2,True,inttoptr,18,18,0
own_v1,O1,h00026,main_default_opt_2,True,load,126,119,-7
own_v1,O1,h00026,main_default_opt_2,True,lshr,17,17,0
own_v1,O1,h00026,main_default_opt_2,True,mul,1,1,0
own_v1,O1,h00026,main_default_opt_2,True,phi,37,37,0
own_v1,O1,h00026,main_default_opt_2,True,ptrtoint,10,10,0
own_v1,O1,h00026,main_default_opt_2,True,ret,8,8,0
own_v1,O1,h00026,main_default_opt_2,True,select,31,31,0
own_v1,O1,h00026,main_default_opt_2,True,sext,8,8,0
own_v1,O1,h00026,main_default_opt_2,True,shl,15,15,0
own_v1,O1,h00026,main_default_opt_2,True,store,946,946,0
own_v1,O1,h00026,main_default_opt_2,True,sub,14,4,-10
own_v1,O1,h00026,main_default_opt_2,True,switch,2,2,0
own_v1,O1,h00026,main_default_opt_2,True,trunc,10,10,0
own_v1,O1,h00026,main_default_opt_2,True,xor,33,33,0
own_v1,O1,h00026,main_default_opt_2,True,zext,32,32,0
own_v1,O1,h00026,bundle_default_opt_3,True,add,46,44,-2
own_v1,O1,h00026,bundle_default_opt_3,True,alloca,3,3,0
own_v1,O1,h00026,bundle_default_opt_3,True,and,21,21,0
own_v1,O1,h00026,bundle_default_opt_3,True,br,66,66,0
own_v1,O1,h00026,bundle_default_opt_3,True,call,17,17,0
own_v1,O1,h00026,bundle_default_opt_3,True,getelementptr,93,90,-3
own_v1,O1,h00026,bundle_default_opt_3,True,icmp,38,36,-2
own_v1,O1,h00026,bundle_default_opt_3,True,inttoptr,14,13,-1
own_v1,O1,h00026,bundle_default_opt_3,True,load,118,91,-27
own_v1,O1,h00026,bundle_default_opt_3,True,lshr,17,17,0
own_v1,O1,h00026,bundle_default_opt_3,True,mul,1,1,0
own_v1,O1,h00026,bundle_default_opt_3,True,phi,31,31,0
own_v1,O1,h00026,bundle_default_opt_3,True,ptrtoint,7,6,-1
own_v1,O1,h00026,bundle_default_opt_3,True,ret,9,8,-1
own_v1,O1,h00026,bundle_default_opt_3,True,select,23,21,-2
own_v1,O1,h00026,bundle_default_opt_3,True,sext,7,7,0
own_v1,O1,h00026,bundle_default_opt_3,True,shl,15,15,0
own_v1,O1,h00026,bundle_default_opt_3,True,store,769,734,-35
own_v1,O1,h00026,bundle_default_opt_3,True,sub,4,4,0
own_v1,O1,h00026,bundle_default_opt_3,True,switch,2,2,0
own_v1,O1,h00026,bundle_default_opt_3,True,trunc,10,10,0
own_v1,O1,h00026,bundle_default_opt_3,True,xor,33,33,0
own_v1,O1,h00026,bundle_default_opt_3,True,zext,16,16,0
own_v1,O1,h00026,bundle_default_opt_4,True,add,44,44,0
own_v1,O1,h00026,bundle_default_opt_4,True,alloca,3,3,0
own_v1,O1,h00026,bundle_default_opt_4,True,and,21,21,0
own_v1,O1,h00026,bundle_default_opt_4,True,br,66,66,0
own_v1,O1,h00026,bundle_default_opt_4,True,call,17,17,0
own_v1,O1,h00026,bundle_default_opt_4,True,getelementptr,90,90,0
own_v1,O1,h00026,bundle_default_opt_4,True,icmp,36,36,0
own_v1,O1,h00026,bundle_default_opt_4,True,inttoptr,13,13,0
own_v1,O1,h00026,bundle_default_opt_4,True,load,91,91,0
own_v1,O1,h00026,bundle_default_opt_4,True,lshr,17,17,0
own_v1,O1,h00026,bundle_default_opt_4,True,mul,1,1,0
own_v1,O1,h00026,bundle_default_opt_4,True,phi,31,31,0
own_v1,O1,h00026,bundle_default_opt_4,True,ptrtoint,6,6,0
own_v1,O1,h00026,bundle_default_opt_4,True,ret,8,8,0
own_v1,O1,h00026,bundle_default_opt_4,True,select,21,21,0
own_v1,O1,h00026,bundle_default_opt_4,True,sext,7,7,0
own_v1,O1,h00026,bundle_default_opt_4,True,shl,15,15,0
own_v1,O1,h00026,bundle_default_opt_4,True,store,734,734,0
own_v1,O1,h00026,bundle_default_opt_4,True,sub,4,4,0
own_v1,O1,h00026,bundle_default_opt_4,True,switch,2,2,0
own_v1,O1,h00026,bundle_default_opt_4,True,trunc,10,10,0
own_v1,O1,h00026,bundle_default_opt_4,True,xor,33,33,0
own_v1,O1,h00026,bundle_default_opt_4,True,zext,16,16,0
own_v1,O1,h00026,bundle_post_opt_4_custom_cleanup,True,add,44,36,-8
own_v1,O1,h00026,bundle_post_opt_4_custom_cleanup,True,alloca,3,3,0
own_v1,O1,h00026,bundle_post_opt_4_custom_cleanup,True,and,21,18,-3
own_v1,O1,h00026,bundle_post_opt_4_custom_cleanup,True,br,66,63,-3
own_v1,O1,h00026,bundle_post_opt_4_custom_cleanup,True,call,17,12,-5
own_v1,O1,h00026,bundle_post_opt_4_custom_cleanup,True,getelementptr,90,88,-2
own_v1,O1,h00026,bundle_post_opt_4_custom_cleanup,True,icmp,36,35,-1
own_v1,O1,h00026,bundle_post_opt_4_custom_cleanup,True,inttoptr,13,11,-2
own_v1,O1,h00026,bundle_post_opt_4_custom_cleanup,True,load,91,73,-18
own_v1,O1,h00026,bundle_post_opt_4_custom_cleanup,True,lshr,17,16,-1
own_v1,O1,h00026,bundle_post_opt_4_custom_cleanup,True,mul,1,1,0
own_v1,O1,h00026,bundle_post_opt_4_custom_cleanup,True,phi,31,20,-11
own_v1,O1,h00026,bundle_post_opt_4_custom_cleanup,True,ptrtoint,6,5,-1
own_v1,O1,h00026,bundle_post_opt_4_custom_cleanup,True,ret,8,1,-7
own_v1,O1,h00026,bundle_post_opt_4_custom_cleanup,True,select,21,21,0
own_v1,O1,h00026,bundle_post_opt_4_custom_cleanup,True,sext,7,6,-1
own_v1,O1,h00026,bundle_post_opt_4_custom_cleanup,True,shl,15,15,0
own_v1,O1,h00026,bundle_post_opt_4_custom_cleanup,True,store,734,395,-339
own_v1,O1,h00026,bundle_post_opt_4_custom_cleanup,True,sub,4,4,0
own_v1,O1,h00026,bundle_post_opt_4_custom_cleanup,True,switch,2,2,0
own_v1,O1,h00026,bundle_post_opt_4_custom_cleanup,True,trunc,10,10,0
own_v1,O1,h00026,bundle_post_opt_4_custom_cleanup,True,xor,33,32,-1
own_v1,O1,h00026,bundle_post_opt_4_custom_cleanup,True,zext,16,9,-7
own_v1,O1,h00027,main_default_opt_1,True,add,51,51,0
own_v1,O1,h00027,main_default_opt_1,True,alloca,9,5,-4
own_v1,O1,h00027,main_default_opt_1,True,and,23,23,0
own_v1,O1,h00027,main_default_opt_1,True,br,65,66,1
own_v1,O1,h00027,main_default_opt_1,True,call,35,24,-11
own_v1,O1,h00027,main_default_opt_1,True,getelementptr,137,105,-32
own_v1,O1,h00027,main_default_opt_1,True,icmp,39,39,0
own_v1,O1,h00027,main_default_opt_1,True,inttoptr,16,16,0
own_v1,O1,h00027,main_default_opt_1,True,load,148,146,-2
own_v1,O1,h00027,main_default_opt_1,True,lshr,16,16,0
own_v1,O1,h00027,main_default_opt_1,True,mul,4,4,0
own_v1,O1,h00027,main_default_opt_1,True,phi,26,37,11
own_v1,O1,h00027,main_default_opt_1,True,ptrtoint,6,6,0
own_v1,O1,h00027,main_default_opt_1,True,ret,11,8,-3
own_v1,O1,h00027,main_default_opt_1,True,select,24,24,0
own_v1,O1,h00027,main_default_opt_1,True,sext,7,7,0
own_v1,O1,h00027,main_default_opt_1,True,shl,12,12,0
own_v1,O1,h00027,main_default_opt_1,True,store,933,897,-36
own_v1,O1,h00027,main_default_opt_1,True,sub,4,4,0
own_v1,O1,h00027,main_default_opt_1,True,switch,3,3,0
own_v1,O1,h00027,main_default_opt_1,True,trunc,17,13,-4
own_v1,O1,h00027,main_default_opt_1,True,xor,31,30,-1
own_v1,O1,h00027,main_default_opt_1,True,zext,39,39,0
own_v1,O1,h00027,main_default_opt_2,True,add,48,58,10
own_v1,O1,h00027,main_default_opt_2,True,alloca,3,3,0
own_v1,O1,h00027,main_default_opt_2,True,and,33,23,-10
own_v1,O1,h00027,main_default_opt_2,True,br,66,66,0
own_v1,O1,h00027,main_default_opt_2,True,call,20,20,0
own_v1,O1,h00027,main_default_opt_2,True,getelementptr,99,107,8
own_v1,O1,h00027,main_default_opt_2,True,icmp,57,47,-10
own_v1,O1,h00027,main_default_opt_2,True,inttoptr,19,19,0
own_v1,O1,h00027,main_default_opt_2,True,load,146,138,-8
own_v1,O1,h00027,main_default_opt_2,True,lshr,16,16,0
own_v1,O1,h00027,main_default_opt_2,True,mul,4,4,0
own_v1,O1,h00027,main_default_opt_2,True,phi,37,37,0
own_v1,O1,h00027,main_default_opt_2,True,ptrtoint,11,11,0
own_v1,O1,h00027,main_default_opt_2,True,ret,8,8,0
own_v1,O1,h00027,main_default_opt_2,True,select,32,32,0
own_v1,O1,h00027,main_default_opt_2,True,sext,7,7,0
own_v1,O1,h00027,main_default_opt_2,True,shl,12,12,0
own_v1,O1,h00027,main_default_opt_2,True,store,879,871,-8
own_v1,O1,h00027,main_default_opt_2,True,sub,14,4,-10
own_v1,O1,h00027,main_default_opt_2,True,switch,3,3,0
own_v1,O1,h00027,main_default_opt_2,True,trunc,13,13,0
own_v1,O1,h00027,main_default_opt_2,True,xor,30,30,0
own_v1,O1,h00027,main_default_opt_2,True,zext,39,39,0
own_v1,O1,h00027,bundle_default_opt_3,True,add,46,46,0
own_v1,O1,h00027,bundle_default_opt_3,True,alloca,3,3,0
own_v1,O1,h00027,bundle_default_opt_3,True,and,22,22,0
own_v1,O1,h00027,bundle_default_opt_3,True,br,66,66,0
own_v1,O1,h00027,bundle_default_opt_3,True,call,24,23,-1
own_v1,O1,h00027,bundle_default_opt_3,True,getelementptr,87,87,0
own_v1,O1,h00027,bundle_default_opt_3,True,icmp,37,37,0
own_v1,O1,h00027,bundle_default_opt_3,True,inttoptr,14,14,0
own_v1,O1,h00027,bundle_default_opt_3,True,load,136,95,-41
own_v1,O1,h00027,bundle_default_opt_3,True,lshr,16,16,0
own_v1,O1,h00027,bundle_default_opt_3,True,mul,4,4,0
own_v1,O1,h00027,bundle_default_opt_3,True,phi,31,31,0
own_v1,O1,h00027,bundle_default_opt_3,True,ptrtoint,8,7,-1
own_v1,O1,h00027,bundle_default_opt_3,True,ret,9,9,0
own_v1,O1,h00027,bundle_default_opt_3,True,select,22,22,0
own_v1,O1,h00027,bundle_default_opt_3,True,sext,6,6,0
own_v1,O1,h00027,bundle_default_opt_3,True,shl,12,12,0
own_v1,O1,h00027,bundle_default_opt_3,True,store,696,656,-40
own_v1,O1,h00027,bundle_default_opt_3,True,sub,4,4,0
own_v1,O1,h00027,bundle_default_opt_3,True,switch,3,3,0
own_v1,O1,h00027,bundle_default_opt_3,True,trunc,12,12,0
own_v1,O1,h00027,bundle_default_opt_3,True,xor,30,30,0
own_v1,O1,h00027,bundle_default_opt_3,True,zext,22,22,0
own_v1,O1,h00027,bundle_default_opt_4,True,add,46,46,0
own_v1,O1,h00027,bundle_default_opt_4,True,alloca,3,3,0
own_v1,O1,h00027,bundle_default_opt_4,True,and,22,22,0
own_v1,O1,h00027,bundle_default_opt_4,True,br,66,66,0
own_v1,O1,h00027,bundle_default_opt_4,True,call,23,23,0
own_v1,O1,h00027,bundle_default_opt_4,True,getelementptr,87,87,0
own_v1,O1,h00027,bundle_default_opt_4,True,icmp,37,37,0
own_v1,O1,h00027,bundle_default_opt_4,True,inttoptr,14,14,0
own_v1,O1,h00027,bundle_default_opt_4,True,load,95,95,0
own_v1,O1,h00027,bundle_default_opt_4,True,lshr,16,16,0
own_v1,O1,h00027,bundle_default_opt_4,True,mul,4,4,0
own_v1,O1,h00027,bundle_default_opt_4,True,phi,31,31,0
own_v1,O1,h00027,bundle_default_opt_4,True,ptrtoint,7,7,0
own_v1,O1,h00027,bundle_default_opt_4,True,ret,9,9,0
own_v1,O1,h00027,bundle_default_opt_4,True,select,22,22,0
own_v1,O1,h00027,bundle_default_opt_4,True,sext,6,6,0
own_v1,O1,h00027,bundle_default_opt_4,True,shl,12,12,0
own_v1,O1,h00027,bundle_default_opt_4,True,store,656,656,0
own_v1,O1,h00027,bundle_default_opt_4,True,sub,4,4,0
own_v1,O1,h00027,bundle_default_opt_4,True,switch,3,3,0
own_v1,O1,h00027,bundle_default_opt_4,True,trunc,12,12,0
own_v1,O1,h00027,bundle_default_opt_4,True,xor,30,30,0
own_v1,O1,h00027,bundle_default_opt_4,True,zext,22,22,0
own_v1,O1,h00027,bundle_post_opt_4_custom_cleanup,True,add,46,44,-2
own_v1,O1,h00027,bundle_post_opt_4_custom_cleanup,True,alloca,3,3,0
own_v1,O1,h00027,bundle_post_opt_4_custom_cleanup,True,and,22,20,-2
own_v1,O1,h00027,bundle_post_opt_4_custom_cleanup,True,br,66,66,0
own_v1,O1,h00027,bundle_post_opt_4_custom_cleanup,True,call,23,21,-2
own_v1,O1,h00027,bundle_post_opt_4_custom_cleanup,True,getelementptr,87,89,2
own_v1,O1,h00027,bundle_post_opt_4_custom_cleanup,True,icmp,37,37,0
own_v1,O1,h00027,bundle_post_opt_4_custom_cleanup,True,inttoptr,14,14,0
own_v1,O1,h00027,bundle_post_opt_4_custom_cleanup,True,load,95,94,-1
own_v1,O1,h00027,bundle_post_opt_4_custom_cleanup,True,lshr,16,16,0
own_v1,O1,h00027,bundle_post_opt_4_custom_cleanup,True,mul,4,4,0
own_v1,O1,h00027,bundle_post_opt_4_custom_cleanup,True,phi,31,28,-3
own_v1,O1,h00027,bundle_post_opt_4_custom_cleanup,True,ptrtoint,7,5,-2
own_v1,O1,h00027,bundle_post_opt_4_custom_cleanup,True,ret,9,9,0
own_v1,O1,h00027,bundle_post_opt_4_custom_cleanup,True,select,22,22,0
own_v1,O1,h00027,bundle_post_opt_4_custom_cleanup,True,sext,6,6,0
own_v1,O1,h00027,bundle_post_opt_4_custom_cleanup,True,shl,12,12,0
own_v1,O1,h00027,bundle_post_opt_4_custom_cleanup,True,store,656,492,-164
own_v1,O1,h00027,bundle_post_opt_4_custom_cleanup,True,sub,4,4,0
own_v1,O1,h00027,bundle_post_opt_4_custom_cleanup,True,switch,3,3,0
own_v1,O1,h00027,bundle_post_opt_4_custom_cleanup,True,trunc,12,12,0
own_v1,O1,h00027,bundle_post_opt_4_custom_cleanup,True,xor,30,30,0
own_v1,O1,h00027,bundle_post_opt_4_custom_cleanup,True,zext,22,14,-8
own_v1,O1,h00028,main_default_opt_1,True,add,58,52,-6
own_v1,O1,h00028,main_default_opt_1,True,alloca,7,5,-2
own_v1,O1,h00028,main_default_opt_1,True,and,27,26,-1
own_v1,O1,h00028,main_default_opt_1,True,br,56,54,-2
own_v1,O1,h00028,main_default_opt_1,True,call,28,17,-11
own_v1,O1,h00028,main_default_opt_1,True,getelementptr,134,114,-20
own_v1,O1,h00028,main_default_opt_1,True,icmp,33,32,-1
own_v1,O1,h00028,main_default_opt_1,True,inttoptr,19,17,-2
own_v1,O1,h00028,main_default_opt_1,True,load,138,122,-16
own_v1,O1,h00028,main_default_opt_1,True,lshr,13,12,-1
own_v1,O1,h00028,main_default_opt_1,True,mul,10,10,0
own_v1,O1,h00028,main_default_opt_1,True,phi,19,22,3
own_v1,O1,h00028,main_default_opt_1,True,ptrtoint,4,4,0
own_v1,O1,h00028,main_default_opt_1,True,ret,11,2,-9
own_v1,O1,h00028,main_default_opt_1,True,select,20,20,0
own_v1,O1,h00028,main_default_opt_1,True,sext,22,22,0
own_v1,O1,h00028,main_default_opt_1,True,shl,15,15,0
own_v1,O1,h00028,main_default_opt_1,True,store,949,889,-60
own_v1,O1,h00028,main_default_opt_1,True,switch,2,2,0
own_v1,O1,h00028,main_default_opt_1,True,trunc,18,15,-3
own_v1,O1,h00028,main_default_opt_1,True,xor,25,22,-3
own_v1,O1,h00028,main_default_opt_1,True,zext,32,30,-2
own_v1,O1,h00028,main_default_opt_2,True,add,42,39,-3
own_v1,O1,h00028,main_default_opt_2,True,alloca,5,5,0
own_v1,O1,h00028,main_default_opt_2,True,and,14,11,-3
own_v1,O1,h00028,main_default_opt_2,True,br,54,54,0
own_v1,O1,h00028,main_default_opt_2,True,call,12,9,-3
own_v1,O1,h00028,main_default_opt_2,True,getelementptr,103,99,-4
own_v1,O1,h00028,main_default_opt_2,True,icmp,24,20,-4
own_v1,O1,h00028,main_default_opt_2,True,inttoptr,17,12,-5
own_v1,O1,h00028,main_default_opt_2,True,load,67,67,0
own_v1,O1,h00028,main_default_opt_2,True,mul,10,10,0
own_v1,O1,h00028,main_default_opt_2,True,phi,4,2,-2
own_v1,O1,h00028,main_default_opt_2,True,ptrtoint,3,1,-2
own_v1,O1,h00028,main_default_opt_2,True,ret,2,2,0
own_v1,O1,h00028,main_default_opt_2,True,select,22,20,-2
own_v1,O1,h00028,main_default_opt_2,True,sext,22,22,0
own_v1,O1,h00028,main_default_opt_2,True,shl,15,14,-1
own_v1,O1,h00028,main_default_opt_2,True,store,110,111,1
own_v1,O1,h00028,main_default_opt_2,True,sub,2,0,-2
own_v1,O1,h00028,main_default_opt_2,True,switch,2,2,0
own_v1,O1,h00028,main_default_opt_2,True,xor,9,8,-1
own_v1,O1,h00028,main_default_opt_2,True,zext,12,11,-1
own_v1,O1,h00028,bundle_default_opt_3,True,add,37,30,-7
own_v1,O1,h00028,bundle_default_opt_3,True,alloca,5,5,0
own_v1,O1,h00028,bundle_default_opt_3,True,and,11,11,0
own_v1,O1,h00028,bundle_default_opt_3,True,br,54,54,0
own_v1,O1,h00028,bundle_default_opt_3,True,call,9,9,0
own_v1,O1,h00028,bundle_default_opt_3,True,getelementptr,101,45,-56
own_v1,O1,h00028,bundle_default_opt_3,True,icmp,20,20,0
own_v1,O1,h00028,bundle_default_opt_3,True,inttoptr,10,10,0
own_v1,O1,h00028,bundle_default_opt_3,True,load,67,67,0
own_v1,O1,h00028,bundle_default_opt_3,True,mul,10,10,0
own_v1,O1,h00028,bundle_default_opt_3,True,phi,2,2,0
own_v1,O1,h00028,bundle_default_opt_3,True,ptrtoint,1,1,0
own_v1,O1,h00028,bundle_default_opt_3,True,ret,2,2,0
own_v1,O1,h00028,bundle_default_opt_3,True,select,20,20,0
own_v1,O1,h00028,bundle_default_opt_3,True,sext,22,22,0
own_v1,O1,h00028,bundle_default_opt_3,True,shl,14,14,0
own_v1,O1,h00028,bundle_default_opt_3,True,store,111,111,0
own_v1,O1,h00028,bundle_default_opt_3,True,switch,2,2,0
own_v1,O1,h00028,bundle_default_opt_3,True,xor,8,8,0
own_v1,O1,h00028,bundle_default_opt_3,True,zext,11,11,0
own_v1,O1,h00028,bundle_default_opt_4,True,add,30,30,0
own_v1,O1,h00028,bundle_default_opt_4,True,alloca,5,5,0
own_v1,O1,h00028,bundle_default_opt_4,True,and,11,11,0
own_v1,O1,h00028,bundle_default_opt_4,True,br,54,54,0
own_v1,O1,h00028,bundle_default_opt_4,True,call,9,9,0
own_v1,O1,h00028,bundle_default_opt_4,True,getelementptr,45,45,0
own_v1,O1,h00028,bundle_default_opt_4,True,icmp,20,20,0
own_v1,O1,h00028,bundle_default_opt_4,True,inttoptr,10,10,0
own_v1,O1,h00028,bundle_default_opt_4,True,load,67,67,0
own_v1,O1,h00028,bundle_default_opt_4,True,mul,10,10,0
own_v1,O1,h00028,bundle_default_opt_4,True,phi,2,2,0
own_v1,O1,h00028,bundle_default_opt_4,True,ptrtoint,1,1,0
own_v1,O1,h00028,bundle_default_opt_4,True,ret,2,2,0
own_v1,O1,h00028,bundle_default_opt_4,True,select,20,20,0
own_v1,O1,h00028,bundle_default_opt_4,True,sext,22,22,0
own_v1,O1,h00028,bundle_default_opt_4,True,shl,14,14,0
own_v1,O1,h00028,bundle_default_opt_4,True,store,111,111,0
own_v1,O1,h00028,bundle_default_opt_4,True,switch,2,2,0
own_v1,O1,h00028,bundle_default_opt_4,True,xor,8,8,0
own_v1,O1,h00028,bundle_default_opt_4,True,zext,11,11,0
own_v1,O1,h00028,bundle_post_opt_4_custom_cleanup,True,add,30,30,0
own_v1,O1,h00028,bundle_post_opt_4_custom_cleanup,True,alloca,5,5,0
own_v1,O1,h00028,bundle_post_opt_4_custom_cleanup,True,and,11,11,0
own_v1,O1,h00028,bundle_post_opt_4_custom_cleanup,True,br,54,54,0
own_v1,O1,h00028,bundle_post_opt_4_custom_cleanup,True,call,9,9,0
own_v1,O1,h00028,bundle_post_opt_4_custom_cleanup,True,getelementptr,45,45,0
own_v1,O1,h00028,bundle_post_opt_4_custom_cleanup,True,icmp,20,20,0
own_v1,O1,h00028,bundle_post_opt_4_custom_cleanup,True,inttoptr,10,10,0
own_v1,O1,h00028,bundle_post_opt_4_custom_cleanup,True,load,67,67,0
own_v1,O1,h00028,bundle_post_opt_4_custom_cleanup,True,mul,10,10,0
own_v1,O1,h00028,bundle_post_opt_4_custom_cleanup,True,phi,2,2,0
own_v1,O1,h00028,bundle_post_opt_4_custom_cleanup,True,ptrtoint,1,1,0
own_v1,O1,h00028,bundle_post_opt_4_custom_cleanup,True,ret,2,1,-1
own_v1,O1,h00028,bundle_post_opt_4_custom_cleanup,True,select,20,20,0
own_v1,O1,h00028,bundle_post_opt_4_custom_cleanup,True,sext,22,22,0
own_v1,O1,h00028,bundle_post_opt_4_custom_cleanup,True,shl,14,14,0
own_v1,O1,h00028,bundle_post_opt_4_custom_cleanup,True,store,111,110,-1
own_v1,O1,h00028,bundle_post_opt_4_custom_cleanup,True,switch,2,2,0
own_v1,O1,h00028,bundle_post_opt_4_custom_cleanup,True,xor,8,8,0
own_v1,O1,h00028,bundle_post_opt_4_custom_cleanup,True,zext,11,11,0
own_v1,O1,h00029,main_default_opt_1,True,add,97,97,0
own_v1,O1,h00029,main_default_opt_1,True,alloca,9,7,-2
own_v1,O1,h00029,main_default_opt_1,True,and,40,39,-1
own_v1,O1,h00029,main_default_opt_1,True,br,67,69,2
own_v1,O1,h00029,main_default_opt_1,True,call,44,37,-7
own_v1,O1,h00029,main_default_opt_1,True,getelementptr,148,118,-30
own_v1,O1,h00029,main_default_opt_1,True,icmp,67,67,0
own_v1,O1,h00029,main_default_opt_1,True,inttoptr,41,40,-1
own_v1,O1,h00029,main_default_opt_1,True,load,211,183,-28
own_v1,O1,h00029,main_default_opt_1,True,lshr,26,26,0
own_v1,O1,h00029,main_default_opt_1,True,mul,2,2,0
own_v1,O1,h00029,main_default_opt_1,True,phi,30,45,15
own_v1,O1,h00029,main_default_opt_1,True,ptrtoint,4,4,0
own_v1,O1,h00029,main_default_opt_1,True,ret,12,9,-3
own_v1,O1,h00029,main_default_opt_1,True,select,33,33,0
own_v1,O1,h00029,main_default_opt_1,True,sext,5,5,0
own_v1,O1,h00029,main_default_opt_1,True,shl,11,11,0
own_v1,O1,h00029,main_default_opt_1,True,store,1058,1039,-19
own_v1,O1,h00029,main_default_opt_1,True,sub,2,2,0
own_v1,O1,h00029,main_default_opt_1,True,switch,6,6,0
own_v1,O1,h00029,main_default_opt_1,True,trunc,40,35,-5
own_v1,O1,h00029,main_default_opt_1,True,xor,50,50,0
own_v1,O1,h00029,main_default_opt_1,True,zext,68,68,0
own_v1,O1,h00029,main_default_opt_2,True,add,90,102,12
own_v1,O1,h00029,main_default_opt_2,True,alloca,6,6,0
own_v1,O1,h00029,main_default_opt_2,True,and,51,39,-12
own_v1,O1,h00029,main_default_opt_2,True,br,69,69,0
own_v1,O1,h00029,main_default_opt_2,True,call,35,33,-2
own_v1,O1,h00029,main_default_opt_2,True,getelementptr,125,122,-3
own_v1,O1,h00029,main_default_opt_2,True,icmp,91,79,-12
own_v1,O1,h00029,main_default_opt_2,True,inttoptr,34,34,0
own_v1,O1,h00029,main_default_opt_2,True,load,183,185,2
own_v1,O1,h00029,main_default_opt_2,True,lshr,26,26,0
own_v1,O1,h00029,main_default_opt_2,True,mul,2,2,0
own_v1,O1,h00029,main_default_opt_2,True,phi,45,45,0
own_v1,O1,h00029,main_default_opt_2,True,ptrtoint,10,10,0
own_v1,O1,h00029,main_default_opt_2,True,ret,9,9,0
own_v1,O1,h00029,main_default_opt_2,True,select,45,45,0
own_v1,O1,h00029,main_default_opt_2,True,sext,5,5,0
own_v1,O1,h00029,main_default_opt_2,True,shl,11,11,0
own_v1,O1,h00029,main_default_opt_2,True,store,1021,1023,2
own_v1,O1,h00029,main_default_opt_2,True,sub,14,2,-12
own_v1,O1,h00029,main_default_opt_2,True,switch,6,6,0
own_v1,O1,h00029,main_default_opt_2,True,trunc,35,35,0
own_v1,O1,h00029,main_default_opt_2,True,xor,50,50,0
own_v1,O1,h00029,main_default_opt_2,True,zext,68,68,0
own_v1,O1,h00029,bundle_default_opt_3,True,add,86,86,0
own_v1,O1,h00029,bundle_default_opt_3,True,alloca,6,6,0
own_v1,O1,h00029,bundle_default_opt_3,True,and,44,43,-1
own_v1,O1,h00029,bundle_default_opt_3,True,br,69,69,0
own_v1,O1,h00029,bundle_default_opt_3,True,call,41,41,0
own_v1,O1,h00029,bundle_default_opt_3,True,getelementptr,106,106,0
own_v1,O1,h00029,bundle_default_opt_3,True,icmp,63,63,0
own_v1,O1,h00029,bundle_default_opt_3,True,inttoptr,26,26,0
own_v1,O1,h00029,bundle_default_opt_3,True,load,190,144,-46
own_v1,O1,h00029,bundle_default_opt_3,True,lshr,26,26,0
own_v1,O1,h00029,bundle_default_opt_3,True,mul,2,2,0
own_v1,O1,h00029,bundle_default_opt_3,True,or,5,5,0
own_v1,O1,h00029,bundle_default_opt_3,True,phi,45,45,0
own_v1,O1,h00029,bundle_default_opt_3,True,ptrtoint,9,9,0
own_v1,O1,h00029,bundle_default_opt_3,True,ret,10,10,0
own_v1,O1,h00029,bundle_default_opt_3,True,select,29,29,0
own_v1,O1,h00029,bundle_default_opt_3,True,sext,5,5,0
own_v1,O1,h00029,bundle_default_opt_3,True,shl,11,11,0
own_v1,O1,h00029,bundle_default_opt_3,True,store,1022,944,-78
own_v1,O1,h00029,bundle_default_opt_3,True,sub,2,2,0
own_v1,O1,h00029,bundle_default_opt_3,True,switch,6,6,0
own_v1,O1,h00029,bundle_default_opt_3,True,trunc,35,35,0
own_v1,O1,h00029,bundle_default_opt_3,True,xor,50,50,0
own_v1,O1,h00029,bundle_default_opt_3,True,zext,68,68,0
own_v1,O1,h00029,bundle_default_opt_4,True,add,86,86,0
own_v1,O1,h00029,bundle_default_opt_4,True,alloca,6,6,0
own_v1,O1,h00029,bundle_default_opt_4,True,and,43,43,0
own_v1,O1,h00029,bundle_default_opt_4,True,br,69,69,0
own_v1,O1,h00029,bundle_default_opt_4,True,call,41,41,0
own_v1,O1,h00029,bundle_default_opt_4,True,getelementptr,106,106,0
own_v1,O1,h00029,bundle_default_opt_4,True,icmp,63,63,0
own_v1,O1,h00029,bundle_default_opt_4,True,inttoptr,26,26,0
own_v1,O1,h00029,bundle_default_opt_4,True,load,144,138,-6
own_v1,O1,h00029,bundle_default_opt_4,True,lshr,26,26,0
own_v1,O1,h00029,bundle_default_opt_4,True,mul,2,2,0
own_v1,O1,h00029,bundle_default_opt_4,True,or,5,4,-1
own_v1,O1,h00029,bundle_default_opt_4,True,phi,45,45,0
own_v1,O1,h00029,bundle_default_opt_4,True,ptrtoint,9,9,0
own_v1,O1,h00029,bundle_default_opt_4,True,ret,10,10,0
own_v1,O1,h00029,bundle_default_opt_4,True,select,29,29,0
own_v1,O1,h00029,bundle_default_opt_4,True,sext,5,5,0
own_v1,O1,h00029,bundle_default_opt_4,True,shl,11,11,0
own_v1,O1,h00029,bundle_default_opt_4,True,store,944,938,-6
own_v1,O1,h00029,bundle_default_opt_4,True,sub,2,2,0
own_v1,O1,h00029,bundle_default_opt_4,True,switch,6,6,0
own_v1,O1,h00029,bundle_default_opt_4,True,trunc,35,35,0
own_v1,O1,h00029,bundle_default_opt_4,True,xor,50,50,0
own_v1,O1,h00029,bundle_default_opt_4,True,zext,68,68,0
own_v1,O1,h00029,bundle_post_opt_4_custom_cleanup,True,add,86,86,0
own_v1,O1,h00029,bundle_post_opt_4_custom_cleanup,True,alloca,6,6,0
own_v1,O1,h00029,bundle_post_opt_4_custom_cleanup,True,and,43,43,0
own_v1,O1,h00029,bundle_post_opt_4_custom_cleanup,True,br,69,69,0
own_v1,O1,h00029,bundle_post_opt_4_custom_cleanup,True,call,41,41,0
own_v1,O1,h00029,bundle_post_opt_4_custom_cleanup,True,getelementptr,106,106,0
own_v1,O1,h00029,bundle_post_opt_4_custom_cleanup,True,icmp,63,63,0
own_v1,O1,h00029,bundle_post_opt_4_custom_cleanup,True,inttoptr,26,26,0
own_v1,O1,h00029,bundle_post_opt_4_custom_cleanup,True,load,138,138,0
own_v1,O1,h00029,bundle_post_opt_4_custom_cleanup,True,lshr,26,26,0
own_v1,O1,h00029,bundle_post_opt_4_custom_cleanup,True,mul,2,2,0
own_v1,O1,h00029,bundle_post_opt_4_custom_cleanup,True,or,4,4,0
own_v1,O1,h00029,bundle_post_opt_4_custom_cleanup,True,phi,45,45,0
own_v1,O1,h00029,bundle_post_opt_4_custom_cleanup,True,ptrtoint,9,8,-1
own_v1,O1,h00029,bundle_post_opt_4_custom_cleanup,True,ret,10,10,0
own_v1,O1,h00029,bundle_post_opt_4_custom_cleanup,True,select,29,29,0
own_v1,O1,h00029,bundle_post_opt_4_custom_cleanup,True,sext,5,5,0
own_v1,O1,h00029,bundle_post_opt_4_custom_cleanup,True,shl,11,11,0
own_v1,O1,h00029,bundle_post_opt_4_custom_cleanup,True,store,938,813,-125
own_v1,O1,h00029,bundle_post_opt_4_custom_cleanup,True,sub,2,2,0
own_v1,O1,h00029,bundle_post_opt_4_custom_cleanup,True,switch,6,6,0
own_v1,O1,h00029,bundle_post_opt_4_custom_cleanup,True,trunc,35,35,0
own_v1,O1,h00029,bundle_post_opt_4_custom_cleanup,True,xor,50,50,0
own_v1,O1,h00029,bundle_post_opt_4_custom_cleanup,True,zext,68,67,-1
own_v1,O1,h00030,main_default_opt_1,True,add,74,68,-6
own_v1,O1,h00030,main_default_opt_1,True,alloca,9,7,-2
own_v1,O1,h00030,main_default_opt_1,True,and,26,25,-1
own_v1,O1,h00030,main_default_opt_1,True,br,94,92,-2
own_v1,O1,h00030,main_default_opt_1,True,call,34,22,-12
own_v1,O1,h00030,main_default_opt_1,True,getelementptr,155,138,-17
own_v1,O1,h00030,main_default_opt_1,True,icmp,51,50,-1
own_v1,O1,h00030,main_default_opt_1,True,inttoptr,22,20,-2
own_v1,O1,h00030,main_default_opt_1,True,load,164,147,-17
own_v1,O1,h00030,main_default_opt_1,True,lshr,20,19,-1
own_v1,O1,h00030,main_default_opt_1,True,mul,9,9,0
own_v1,O1,h00030,main_default_opt_1,True,phi,26,29,3
own_v1,O1,h00030,main_default_opt_1,True,ptrtoint,4,4,0
own_v1,O1,h00030,main_default_opt_1,True,ret,11,2,-9
own_v1,O1,h00030,main_default_opt_1,True,select,30,30,0
own_v1,O1,h00030,main_default_opt_1,True,sext,18,18,0
own_v1,O1,h00030,main_default_opt_1,True,shl,19,19,0
own_v1,O1,h00030,main_default_opt_1,True,store,1205,1149,-56
own_v1,O1,h00030,main_default_opt_1,True,sub,4,4,0
own_v1,O1,h00030,main_default_opt_1,True,switch,3,3,0
own_v1,O1,h00030,main_default_opt_1,True,trunc,19,17,-2
own_v1,O1,h00030,main_default_opt_1,True,xor,38,37,-1
own_v1,O1,h00030,main_default_opt_1,True,zext,43,41,-2
own_v1,O1,h00030,main_default_opt_2,True,add,55,49,-6
own_v1,O1,h00030,main_default_opt_2,True,alloca,4,4,0
own_v1,O1,h00030,main_default_opt_2,True,and,10,10,0
own_v1,O1,h00030,main_default_opt_2,True,br,92,88,-4
own_v1,O1,h00030,main_default_opt_2,True,call,10,4,-6
own_v1,O1,h00030,main_default_opt_2,True,getelementptr,93,92,-1
own_v1,O1,h00030,main_default_opt_2,True,icmp,38,34,-4
own_v1,O1,h00030,main_default_opt_2,True,inttoptr,23,19,-4
own_v1,O1,h00030,main_default_opt_2,True,load,75,81,6
own_v1,O1,h00030,main_default_opt_2,True,lshr,8,8,0
own_v1,O1,h00030,main_default_opt_2,True,mul,9,9,0
own_v1,O1,h00030,main_default_opt_2,True,phi,2,0,-2
own_v1,O1,h00030,main_default_opt_2,True,ptrtoint,1,1,0
own_v1,O1,h00030,main_default_opt_2,True,ret,2,2,0
own_v1,O1,h00030,main_default_opt_2,True,select,30,30,0
own_v1,O1,h00030,main_default_opt_2,True,sext,17,17,0
own_v1,O1,h00030,main_default_opt_2,True,shl,19,19,0
own_v1,O1,h00030,main_default_opt_2,True,store,122,128,6
own_v1,O1,h00030,main_default_opt_2,True,sub,4,4,0
own_v1,O1,h00030,main_default_opt_2,True,switch,3,2,-1
own_v1,O1,h00030,main_default_opt_2,True,trunc,1,0,-1
own_v1,O1,h00030,main_default_opt_2,True,xor,22,22,0
own_v1,O1,h00030,bundle_default_opt_3,True,add,42,36,-6
own_v1,O1,h00030,bundle_default_opt_3,True,alloca,4,4,0
own_v1,O1,h00030,bundle_default_opt_3,True,and,10,10,0
own_v1,O1,h00030,bundle_default_opt_3,True,br,88,88,0
own_v1,O1,h00030,bundle_default_opt_3,True,call,4,4,0
own_v1,O1,h00030,bundle_default_opt_3,True,getelementptr,99,37,-62
own_v1,O1,h00030,bundle_default_opt_3,True,icmp,34,34,0
own_v1,O1,h00030,bundle_default_opt_3,True,inttoptr,12,12,0
own_v1,O1,h00030,bundle_default_opt_3,True,load,81,81,0
own_v1,O1,h00030,bundle_default_opt_3,True,lshr,8,8,0
own_v1,O1,h00030,bundle_default_opt_3,True,mul,9,9,0
own_v1,O1,h00030,bundle_default_opt_3,True,ptrtoint,1,1,0
own_v1,O1,h00030,bundle_default_opt_3,True,ret,2,2,0
own_v1,O1,h00030,bundle_default_opt_3,True,select,30,30,0
own_v1,O1,h00030,bundle_default_opt_3,True,sext,17,17,0
own_v1,O1,h00030,bundle_default_opt_3,True,shl,19,19,0
own_v1,O1,h00030,bundle_default_opt_3,True,store,128,128,0
own_v1,O1,h00030,bundle_default_opt_3,True,sub,4,4,0
own_v1,O1,h00030,bundle_default_opt_3,True,switch,2,2,0
own_v1,O1,h00030,bundle_default_opt_3,True,xor,22,22,0
own_v1,O1,h00030,bundle_default_opt_4,True,add,36,36,0
own_v1,O1,h00030,bundle_default_opt_4,True,alloca,4,4,0
own_v1,O1,h00030,bundle_default_opt_4,True,and,10,10,0
own_v1,O1,h00030,bundle_default_opt_4,True,br,88,88,0
own_v1,O1,h00030,bundle_default_opt_4,True,call,4,4,0
own_v1,O1,h00030,bundle_default_opt_4,True,getelementptr,37,37,0
own_v1,O1,h00030,bundle_default_opt_4,True,icmp,34,34,0
own_v1,O1,h00030,bundle_default_opt_4,True,inttoptr,12,12,0
own_v1,O1,h00030,bundle_default_opt_4,True,load,81,81,0
own_v1,O1,h00030,bundle_default_opt_4,True,lshr,8,8,0
own_v1,O1,h00030,bundle_default_opt_4,True,mul,9,9,0
own_v1,O1,h00030,bundle_default_opt_4,True,ptrtoint,1,1,0
own_v1,O1,h00030,bundle_default_opt_4,True,ret,2,2,0
own_v1,O1,h00030,bundle_default_opt_4,True,select,30,30,0
own_v1,O1,h00030,bundle_default_opt_4,True,sext,17,17,0
own_v1,O1,h00030,bundle_default_opt_4,True,shl,19,19,0
own_v1,O1,h00030,bundle_default_opt_4,True,store,128,128,0
own_v1,O1,h00030,bundle_default_opt_4,True,sub,4,4,0
own_v1,O1,h00030,bundle_default_opt_4,True,switch,2,2,0
own_v1,O1,h00030,bundle_default_opt_4,True,xor,22,22,0
own_v1,O1,h00030,bundle_post_opt_4_custom_cleanup,True,add,36,36,0
own_v1,O1,h00030,bundle_post_opt_4_custom_cleanup,True,alloca,4,4,0
own_v1,O1,h00030,bundle_post_opt_4_custom_cleanup,True,and,10,10,0
own_v1,O1,h00030,bundle_post_opt_4_custom_cleanup,True,br,88,88,0
own_v1,O1,h00030,bundle_post_opt_4_custom_cleanup,True,call,4,4,0
own_v1,O1,h00030,bundle_post_opt_4_custom_cleanup,True,getelementptr,37,37,0
own_v1,O1,h00030,bundle_post_opt_4_custom_cleanup,True,icmp,34,34,0
own_v1,O1,h00030,bundle_post_opt_4_custom_cleanup,True,inttoptr,12,12,0
own_v1,O1,h00030,bundle_post_opt_4_custom_cleanup,True,load,81,81,0
own_v1,O1,h00030,bundle_post_opt_4_custom_cleanup,True,lshr,8,8,0
own_v1,O1,h00030,bundle_post_opt_4_custom_cleanup,True,mul,9,9,0
own_v1,O1,h00030,bundle_post_opt_4_custom_cleanup,True,ptrtoint,1,1,0
own_v1,O1,h00030,bundle_post_opt_4_custom_cleanup,True,ret,2,1,-1
own_v1,O1,h00030,bundle_post_opt_4_custom_cleanup,True,select,30,30,0
own_v1,O1,h00030,bundle_post_opt_4_custom_cleanup,True,sext,17,17,0
own_v1,O1,h00030,bundle_post_opt_4_custom_cleanup,True,shl,19,19,0
own_v1,O1,h00030,bundle_post_opt_4_custom_cleanup,True,store,128,128,0
own_v1,O1,h00030,bundle_post_opt_4_custom_cleanup,True,sub,4,4,0
own_v1,O1,h00030,bundle_post_opt_4_custom_cleanup,True,switch,2,2,0
own_v1,O1,h00030,bundle_post_opt_4_custom_cleanup,True,xor,22,22,0
own_v1,O1,h00031,main_default_opt_1,True,add,56,56,0
own_v1,O1,h00031,main_default_opt_1,True,alloca,9,7,-2
own_v1,O1,h00031,main_default_opt_1,True,and,31,31,0
own_v1,O1,h00031,main_default_opt_1,True,br,57,58,1
own_v1,O1,h00031,main_default_opt_1,True,call,38,31,-7
own_v1,O1,h00031,main_default_opt_1,True,getelementptr,133,111,-22
own_v1,O1,h00031,main_default_opt_1,True,icmp,43,43,0
own_v1,O1,h00031,main_default_opt_1,True,inttoptr,23,23,0
own_v1,O1,h00031,main_default_opt_1,True,load,151,123,-28
own_v1,O1,h00031,main_default_opt_1,True,lshr,14,14,0
own_v1,O1,h00031,main_default_opt_1,True,mul,4,4,0
own_v1,O1,h00031,main_default_opt_1,True,phi,27,39,12
own_v1,O1,h00031,main_default_opt_1,True,ptrtoint,4,4,0
own_v1,O1,h00031,main_default_opt_1,True,ret,11,8,-3
own_v1,O1,h00031,main_default_opt_1,True,select,22,22,0
own_v1,O1,h00031,main_default_opt_1,True,sext,1,1,0
own_v1,O1,h00031,main_default_opt_1,True,shl,9,9,0
own_v1,O1,h00031,main_default_opt_1,True,store,938,920,-18
own_v1,O1,h00031,main_default_opt_1,True,switch,4,4,0
own_v1,O1,h00031,main_default_opt_1,True,trunc,26,21,-5
own_v1,O1,h00031,main_default_opt_1,True,xor,36,36,0
own_v1,O1,h00031,main_default_opt_1,True,zext,47,47,0
own_v1,O1,h00031,main_default_opt_2,True,add,46,46,0
own_v1,O1,h00031,main_default_opt_2,True,alloca,2,2,0
own_v1,O1,h00031,main_default_opt_2,True,and,31,31,0
own_v1,O1,h00031,main_default_opt_2,True,br,58,58,0
own_v1,O1,h00031,main_default_opt_2,True,call,21,20,-1
own_v1,O1,h00031,main_default_opt_2,True,getelementptr,78,71,-7
own_v1,O1,h00031,main_default_opt_2,True,icmp,43,43,0
own_v1,O1,h00031,main_default_opt_2,True,inttoptr,11,11,0
own_v1,O1,h00031,main_default_opt_2,True,load,123,125,2
own_v1,O1,h00031,main_default_opt_2,True,lshr,14,14,0
own_v1,O1,h00031,main_default_opt_2,True,mul,4,4,0
own_v1,O1,h00031,main_default_opt_2,True,phi,39,39,0
own_v1,O1,h00031,main_default_opt_2,True,ptrtoint,4,4,0
own_v1,O1,h00031,main_default_opt_2,True,ret,8,8,0
own_v1,O1,h00031,main_default_opt_2,True,select,22,22,0
own_v1,O1,h00031,main_default_opt_2,True,sext,1,1,0
own_v1,O1,h00031,main_default_opt_2,True,shl,9,9,0
own_v1,O1,h00031,main_default_opt_2,True,store,866,864,-2
own_v1,O1,h00031,main_default_opt_2,True,switch,4,4,0
own_v1,O1,h00031,main_default_opt_2,True,trunc,21,21,0
own_v1,O1,h00031,main_default_opt_2,True,xor,36,36,0
own_v1,O1,h00031,main_default_opt_2,True,zext,47,47,0
own_v1,O1,h00031,bundle_default_opt_3,True,add,45,45,0
own_v1,O1,h00031,bundle_default_opt_3,True,alloca,2,2,0
own_v1,O1,h00031,bundle_default_opt_3,True,and,31,31,0
own_v1,O1,h00031,bundle_default_opt_3,True,br,58,58,0
own_v1,O1,h00031,bundle_default_opt_3,True,call,19,19,0
own_v1,O1,h00031,bundle_default_opt_3,True,getelementptr,70,70,0
own_v1,O1,h00031,bundle_default_opt_3,True,icmp,43,43,0
own_v1,O1,h00031,bundle_default_opt_3,True,inttoptr,11,11,0
own_v1,O1,h00031,bundle_default_opt_3,True,load,124,88,-36
own_v1,O1,h00031,bundle_default_opt_3,True,lshr,14,14,0
own_v1,O1,h00031,bundle_default_opt_3,True,mul,4,4,0
own_v1,O1,h00031,bundle_default_opt_3,True,phi,33,33,0
own_v1,O1,h00031,bundle_default_opt_3,True,ptrtoint,1,1,0
own_v1,O1,h00031,bundle_default_opt_3,True,ret,8,8,0
own_v1,O1,h00031,bundle_default_opt_3,True,select,22,22,0
own_v1,O1,h00031,bundle_default_opt_3,True,shl,9,9,0
own_v1,O1,h00031,bundle_default_opt_3,True,store,699,657,-42
own_v1,O1,h00031,bundle_default_opt_3,True,switch,4,4,0
own_v1,O1,h00031,bundle_default_opt_3,True,trunc,21,21,0
own_v1,O1,h00031,bundle_default_opt_3,True,xor,36,36,0
own_v1,O1,h00031,bundle_default_opt_3,True,zext,37,37,0
own_v1,O1,h00031,bundle_default_opt_4,True,add,45,45,0
own_v1,O1,h00031,bundle_default_opt_4,True,alloca,2,2,0
own_v1,O1,h00031,bundle_default_opt_4,True,and,31,31,0
own_v1,O1,h00031,bundle_default_opt_4,True,br,58,58,0
own_v1,O1,h00031,bundle_default_opt_4,True,call,19,19,0
own_v1,O1,h00031,bundle_default_opt_4,True,getelementptr,70,70,0
own_v1,O1,h00031,bundle_default_opt_4,True,icmp,43,43,0
own_v1,O1,h00031,bundle_default_opt_4,True,inttoptr,11,11,0
own_v1,O1,h00031,bundle_default_opt_4,True,load,88,88,0
own_v1,O1,h00031,bundle_default_opt_4,True,lshr,14,14,0
own_v1,O1,h00031,bundle_default_opt_4,True,mul,4,4,0
own_v1,O1,h00031,bundle_default_opt_4,True,phi,33,33,0
own_v1,O1,h00031,bundle_default_opt_4,True,ptrtoint,1,1,0
own_v1,O1,h00031,bundle_default_opt_4,True,ret,8,8,0
own_v1,O1,h00031,bundle_default_opt_4,True,select,22,22,0
own_v1,O1,h00031,bundle_default_opt_4,True,shl,9,9,0
own_v1,O1,h00031,bundle_default_opt_4,True,store,657,657,0
own_v1,O1,h00031,bundle_default_opt_4,True,switch,4,4,0
own_v1,O1,h00031,bundle_default_opt_4,True,trunc,21,21,0
own_v1,O1,h00031,bundle_default_opt_4,True,xor,36,36,0
own_v1,O1,h00031,bundle_default_opt_4,True,zext,37,37,0
own_v1,O1,h00031,bundle_post_opt_4_custom_cleanup,True,add,45,45,0
own_v1,O1,h00031,bundle_post_opt_4_custom_cleanup,True,alloca,2,2,0
own_v1,O1,h00031,bundle_post_opt_4_custom_cleanup,True,and,31,31,0
own_v1,O1,h00031,bundle_post_opt_4_custom_cleanup,True,br,58,58,0
own_v1,O1,h00031,bundle_post_opt_4_custom_cleanup,True,call,19,19,0
own_v1,O1,h00031,bundle_post_opt_4_custom_cleanup,True,getelementptr,70,70,0
own_v1,O1,h00031,bundle_post_opt_4_custom_cleanup,True,icmp,43,43,0
own_v1,O1,h00031,bundle_post_opt_4_custom_cleanup,True,inttoptr,11,11,0
own_v1,O1,h00031,bundle_post_opt_4_custom_cleanup,True,load,88,88,0
own_v1,O1,h00031,bundle_post_opt_4_custom_cleanup,True,lshr,14,14,0
own_v1,O1,h00031,bundle_post_opt_4_custom_cleanup,True,mul,4,4,0
own_v1,O1,h00031,bundle_post_opt_4_custom_cleanup,True,phi,33,33,0
own_v1,O1,h00031,bundle_post_opt_4_custom_cleanup,True,ptrtoint,1,1,0
own_v1,O1,h00031,bundle_post_opt_4_custom_cleanup,True,ret,8,8,0
own_v1,O1,h00031,bundle_post_opt_4_custom_cleanup,True,select,22,22,0
own_v1,O1,h00031,bundle_post_opt_4_custom_cleanup,True,shl,9,9,0
own_v1,O1,h00031,bundle_post_opt_4_custom_cleanup,True,store,657,570,-87
own_v1,O1,h00031,bundle_post_opt_4_custom_cleanup,True,switch,4,4,0
own_v1,O1,h00031,bundle_post_opt_4_custom_cleanup,True,trunc,21,21,0
own_v1,O1,h00031,bundle_post_opt_4_custom_cleanup,True,xor,36,36,0
own_v1,O1,h00031,bundle_post_opt_4_custom_cleanup,True,zext,37,37,0
own_v1,O1,h00032,main_default_opt_1,True,add,29,29,0
own_v1,O1,h00032,main_default_opt_1,True,alloca,3,1,-2
own_v1,O1,h00032,main_default_opt_1,True,and,25,25,0
own_v1,O1,h00032,main_default_opt_1,True,br,54,55,1
own_v1,O1,h00032,main_default_opt_1,True,call,18,11,-7
own_v1,O1,h00032,main_default_opt_1,True,getelementptr,81,65,-16
own_v1,O1,h00032,main_default_opt_1,True,icmp,35,35,0
own_v1,O1,h00032,main_default_opt_1,True,inttoptr,12,12,0
own_v1,O1,h00032,main_default_opt_1,True,load,77,75,-2
own_v1,O1,h00032,main_default_opt_1,True,lshr,8,8,0
own_v1,O1,h00032,main_default_opt_1,True,phi,26,37,11
own_v1,O1,h00032,main_default_opt_1,True,ptrtoint,5,5,0
own_v1,O1,h00032,main_default_opt_1,True,ret,11,8,-3
own_v1,O1,h00032,main_default_opt_1,True,select,23,23,0
own_v1,O1,h00032,main_default_opt_1,True,sext,12,12,0
own_v1,O1,h00032,main_default_opt_1,True,shl,4,4,0
own_v1,O1,h00032,main_default_opt_1,True,store,696,678,-18
own_v1,O1,h00032,main_default_opt_1,True,switch,2,2,0
own_v1,O1,h00032,main_default_opt_1,True,trunc,14,10,-4
own_v1,O1,h00032,main_default_opt_1,True,xor,15,15,0
own_v1,O1,h00032,main_default_opt_1,True,zext,21,21,0
own_v1,O1,h00032,main_default_opt_2,True,add,26,26,0
own_v1,O1,h00032,main_default_opt_2,True,alloca,1,1,0
own_v1,O1,h00032,main_default_opt_2,True,and,27,25,-2
own_v1,O1,h00032,main_default_opt_2,True,br,55,55,0
own_v1,O1,h00032,main_default_opt_2,True,call,11,11,0
own_v1,O1,h00032,main_default_opt_2,True,getelementptr,66,63,-3
own_v1,O1,h00032,main_default_opt_2,True,icmp,37,33,-4
own_v1,O1,h00032,main_default_opt_2,True,inttoptr,9,9,0
own_v1,O1,h00032,main_default_opt_2,True,load,75,75,0
own_v1,O1,h00032,main_default_opt_2,True,lshr,8,8,0
own_v1,O1,h00032,main_default_opt_2,True,phi,37,37,0
own_v1,O1,h00032,main_default_opt_2,True,ptrtoint,5,5,0
own_v1,O1,h00032,main_default_opt_2,True,ret,8,8,0
own_v1,O1,h00032,main_default_opt_2,True,select,23,23,0
own_v1,O1,h00032,main_default_opt_2,True,sext,12,12,0
own_v1,O1,h00032,main_default_opt_2,True,shl,4,4,0
own_v1,O1,h00032,main_default_opt_2,True,store,678,678,0
own_v1,O1,h00032,main_default_opt_2,True,sub,2,0,-2
own_v1,O1,h00032,main_default_opt_2,True,switch,2,2,0
own_v1,O1,h00032,main_default_opt_2,True,trunc,10,10,0
own_v1,O1,h00032,main_default_opt_2,True,xor,15,15,0
own_v1,O1,h00032,main_default_opt_2,True,zext,21,21,0
own_v1,O1,h00032,bundle_default_opt_3,True,add,23,23,0
own_v1,O1,h00032,bundle_default_opt_3,True,alloca,1,1,0
own_v1,O1,h00032,bundle_default_opt_3,True,and,13,13,0
own_v1,O1,h00032,bundle_default_opt_3,True,br,55,55,0
own_v1,O1,h00032,bundle_default_opt_3,True,call,12,12,0
own_v1,O1,h00032,bundle_default_opt_3,True,getelementptr,57,57,0
own_v1,O1,h00032,bundle_default_opt_3,True,icmp,31,31,0
own_v1,O1,h00032,bundle_default_opt_3,True,inttoptr,8,8,0
own_v1,O1,h00032,bundle_default_opt_3,True,load,75,65,-10
own_v1,O1,h00032,bundle_default_opt_3,True,lshr,8,8,0
own_v1,O1,h00032,bundle_default_opt_3,True,phi,28,28,0
own_v1,O1,h00032,bundle_default_opt_3,True,ptrtoint,1,1,0
own_v1,O1,h00032,bundle_default_opt_3,True,ret,9,9,0
own_v1,O1,h00032,bundle_default_opt_3,True,select,19,19,0
own_v1,O1,h00032,bundle_default_opt_3,True,shl,4,4,0
own_v1,O1,h00032,bundle_default_opt_3,True,store,499,483,-16
own_v1,O1,h00032,bundle_default_opt_3,True,switch,2,2,0
own_v1,O1,h00032,bundle_default_opt_3,True,trunc,10,10,0
own_v1,O1,h00032,bundle_default_opt_3,True,xor,15,15,0
own_v1,O1,h00032,bundle_default_opt_3,True,zext,13,13,0
own_v1,O1,h00032,bundle_default_opt_4,True,add,23,23,0
own_v1,O1,h00032,bundle_default_opt_4,True,alloca,1,1,0
own_v1,O1,h00032,bundle_default_opt_4,True,and,13,13,0
own_v1,O1,h00032,bundle_default_opt_4,True,br,55,55,0
own_v1,O1,h00032,bundle_default_opt_4,True,call,12,12,0
own_v1,O1,h00032,bundle_default_opt_4,True,getelementptr,57,57,0
own_v1,O1,h00032,bundle_default_opt_4,True,icmp,31,31,0
own_v1,O1,h00032,bundle_default_opt_4,True,inttoptr,8,8,0
own_v1,O1,h00032,bundle_default_opt_4,True,load,65,65,0
own_v1,O1,h00032,bundle_default_opt_4,True,lshr,8,8,0
own_v1,O1,h00032,bundle_default_opt_4,True,phi,28,28,0
own_v1,O1,h00032,bundle_default_opt_4,True,ptrtoint,1,1,0
own_v1,O1,h00032,bundle_default_opt_4,True,ret,9,9,0
own_v1,O1,h00032,bundle_default_opt_4,True,select,19,19,0
own_v1,O1,h00032,bundle_default_opt_4,True,shl,4,4,0
own_v1,O1,h00032,bundle_default_opt_4,True,store,483,483,0
own_v1,O1,h00032,bundle_default_opt_4,True,switch,2,2,0
own_v1,O1,h00032,bundle_default_opt_4,True,trunc,10,10,0
own_v1,O1,h00032,bundle_default_opt_4,True,xor,15,15,0
own_v1,O1,h00032,bundle_default_opt_4,True,zext,13,13,0
own_v1,O1,h00032,bundle_post_opt_4_custom_cleanup,True,add,23,23,0
own_v1,O1,h00032,bundle_post_opt_4_custom_cleanup,True,alloca,1,1,0
own_v1,O1,h00032,bundle_post_opt_4_custom_cleanup,True,and,13,13,0
own_v1,O1,h00032,bundle_post_opt_4_custom_cleanup,True,br,55,55,0
own_v1,O1,h00032,bundle_post_opt_4_custom_cleanup,True,call,12,12,0
own_v1,O1,h00032,bundle_post_opt_4_custom_cleanup,True,getelementptr,57,57,0
own_v1,O1,h00032,bundle_post_opt_4_custom_cleanup,True,icmp,31,31,0
own_v1,O1,h00032,bundle_post_opt_4_custom_cleanup,True,inttoptr,8,8,0
own_v1,O1,h00032,bundle_post_opt_4_custom_cleanup,True,load,65,65,0
own_v1,O1,h00032,bundle_post_opt_4_custom_cleanup,True,lshr,8,8,0
own_v1,O1,h00032,bundle_post_opt_4_custom_cleanup,True,phi,28,28,0
own_v1,O1,h00032,bundle_post_opt_4_custom_cleanup,True,ptrtoint,1,1,0
own_v1,O1,h00032,bundle_post_opt_4_custom_cleanup,True,ret,9,9,0
own_v1,O1,h00032,bundle_post_opt_4_custom_cleanup,True,select,19,19,0
own_v1,O1,h00032,bundle_post_opt_4_custom_cleanup,True,shl,4,4,0
own_v1,O1,h00032,bundle_post_opt_4_custom_cleanup,True,store,483,360,-123
own_v1,O1,h00032,bundle_post_opt_4_custom_cleanup,True,switch,2,2,0
own_v1,O1,h00032,bundle_post_opt_4_custom_cleanup,True,trunc,10,10,0
own_v1,O1,h00032,bundle_post_opt_4_custom_cleanup,True,xor,15,15,0
own_v1,O1,h00032,bundle_post_opt_4_custom_cleanup,True,zext,13,13,0
own_v1,O1,h00033,main_default_opt_1,True,add,123,115,-8
own_v1,O1,h00033,main_default_opt_1,True,alloca,7,5,-2
own_v1,O1,h00033,main_default_opt_1,True,and,20,20,0
own_v1,O1,h00033,main_default_opt_1,True,ashr,1,1,0
own_v1,O1,h00033,main_default_opt_1,True,br,46,47,1
own_v1,O1,h00033,main_default_opt_1,True,call,31,24,-7
own_v1,O1,h00033,main_default_opt_1,True,getelementptr,63,41,-22
own_v1,O1,h00033,main_default_opt_1,True,icmp,35,35,0
own_v1,O1,h00033,main_default_opt_1,True,inttoptr,90,84,-6
own_v1,O1,h00033,main_default_opt_1,True,load,167,138,-29
own_v1,O1,h00033,main_default_opt_1,True,lshr,11,11,0
own_v1,O1,h00033,main_default_opt_1,True,mul,5,5,0
own_v1,O1,h00033,main_default_opt_1,True,or,2,2,0
own_v1,O1,h00033,main_default_opt_1,True,phi,21,33,12
own_v1,O1,h00033,main_default_opt_1,True,ptrtoint,4,4,0
own_v1,O1,h00033,main_default_opt_1,True,ret,11,8,-3
own_v1,O1,h00033,main_default_opt_1,True,sdiv,1,1,0
own_v1,O1,h00033,main_default_opt_1,True,select,20,20,0
own_v1,O1,h00033,main_default_opt_1,True,sext,15,15,0
own_v1,O1,h00033,main_default_opt_1,True,shl,22,22,0
own_v1,O1,h00033,main_default_opt_1,True,store,937,919,-18
own_v1,O1,h00033,main_default_opt_1,True,switch,2,2,0
own_v1,O1,h00033,main_default_opt_1,True,trunc,21,17,-4
own_v1,O1,h00033,main_default_opt_1,True,xor,28,28,0
own_v1,O1,h00033,main_default_opt_1,True,zext,42,42,0
own_v1,O1,h00033,main_default_opt_2,True,add,110,130,20
own_v1,O1,h00033,main_default_opt_2,True,alloca,5,5,0
own_v1,O1,h00033,main_default_opt_2,True,and,40,20,-20
own_v1,O1,h00033,main_default_opt_2,True,ashr,1,1,0
own_v1,O1,h00033,main_default_opt_2,True,br,47,47,0
own_v1,O1,h00033,main_default_opt_2,True,call,24,24,0
own_v1,O1,h00033,main_default_opt_2,True,getelementptr,68,68,0
own_v1,O1,h00033,main_default_opt_2,True,icmp,75,55,-20
own_v1,O1,h00033,main_default_opt_2,True,inttoptr,87,87,0
own_v1,O1,h00033,main_default_opt_2,True,load,138,138,0
own_v1,O1,h00033,main_default_opt_2,True,lshr,11,11,0
own_v1,O1,h00033,main_default_opt_2,True,mul,5,5,0
own_v1,O1,h00033,main_default_opt_2,True,or,2,2,0
own_v1,O1,h00033,main_default_opt_2,True,phi,33,33,0
own_v1,O1,h00033,main_default_opt_2,True,ptrtoint,14,14,0
own_v1,O1,h00033,main_default_opt_2,True,ret,8,8,0
own_v1,O1,h00033,main_default_opt_2,True,sdiv,1,1,0
own_v1,O1,h00033,main_default_opt_2,True,select,40,40,0
own_v1,O1,h00033,main_default_opt_2,True,sext,15,15,0
own_v1,O1,h00033,main_default_opt_2,True,shl,22,22,0
own_v1,O1,h00033,main_default_opt_2,True,store,919,919,0
own_v1,O1,h00033,main_default_opt_2,True,sub,20,0,-20
own_v1,O1,h00033,main_default_opt_2,True,switch,2,2,0
own_v1,O1,h00033,main_default_opt_2,True,trunc,17,17,0
own_v1,O1,h00033,main_default_opt_2,True,xor,28,28,0
own_v1,O1,h00033,main_default_opt_2,True,zext,42,42,0
own_v1,O1,h00033,bundle_default_opt_3,True,add,110,110,0
own_v1,O1,h00033,bundle_default_opt_3,True,alloca,5,5,0
own_v1,O1,h00033,bundle_default_opt_3,True,and,20,20,0
own_v1,O1,h00033,bundle_default_opt_3,True,ashr,1,1,0
own_v1,O1,h00033,bundle_default_opt_3,True,br,47,47,0
own_v1,O1,h00033,bundle_default_opt_3,True,call,34,32,-2
own_v1,O1,h00033,bundle_default_opt_3,True,getelementptr,48,48,0
own_v1,O1,h00033,bundle_default_opt_3,True,icmp,35,35,0
own_v1,O1,h00033,bundle_default_opt_3,True,inttoptr,77,77,0
own_v1,O1,h00033,bundle_default_opt_3,True,load,137,103,-34
own_v1,O1,h00033,bundle_default_opt_3,True,lshr,11,11,0
own_v1,O1,h00033,bundle_default_opt_3,True,mul,5,5,0
own_v1,O1,h00033,bundle_default_opt_3,True,or,2,2,0
own_v1,O1,h00033,bundle_default_opt_3,True,phi,29,27,-2
own_v1,O1,h00033,bundle_default_opt_3,True,ptrtoint,12,10,-2
own_v1,O1,h00033,bundle_default_opt_3,True,ret,9,9,0
own_v1,O1,h00033,bundle_default_opt_3,True,sdiv,1,1,0
own_v1,O1,h00033,bundle_default_opt_3,True,select,20,20,0
own_v1,O1,h00033,bundle_default_opt_3,True,sext,15,15,0
own_v1,O1,h00033,bundle_default_opt_3,True,shl,22,22,0
own_v1,O1,h00033,bundle_default_opt_3,True,store,696,610,-86
own_v1,O1,h00033,bundle_default_opt_3,True,switch,2,2,0
own_v1,O1,h00033,bundle_default_opt_3,True,trunc,17,17,0
own_v1,O1,h00033,bundle_default_opt_3,True,xor,28,28,0
own_v1,O1,h00033,bundle_default_opt_3,True,zext,36,36,0
own_v1,O1,h00033,bundle_default_opt_4,True,add,110,110,0
own_v1,O1,h00033,bundle_default_opt_4,True,alloca,5,5,0
own_v1,O1,h00033,bundle_default_opt_4,True,and,20,20,0
own_v1,O1,h00033,bundle_default_opt_4,True,ashr,1,1,0
own_v1,O1,h00033,bundle_default_opt_4,True,br,47,47,0
own_v1,O1,h00033,bundle_default_opt_4,True,call,32,32,0
own_v1,O1,h00033,bundle_default_opt_4,True,getelementptr,48,48,0
own_v1,O1,h00033,bundle_default_opt_4,True,icmp,35,35,0
own_v1,O1,h00033,bundle_default_opt_4,True,inttoptr,77,77,0
own_v1,O1,h00033,bundle_default_opt_4,True,load,103,103,0
own_v1,O1,h00033,bundle_default_opt_4,True,lshr,11,11,0
own_v1,O1,h00033,bundle_default_opt_4,True,mul,5,5,0
own_v1,O1,h00033,bundle_default_opt_4,True,or,2,2,0
own_v1,O1,h00033,bundle_default_opt_4,True,phi,27,27,0
own_v1,O1,h00033,bundle_default_opt_4,True,ptrtoint,10,10,0
own_v1,O1,h00033,bundle_default_opt_4,True,ret,9,9,0
own_v1,O1,h00033,bundle_default_opt_4,True,sdiv,1,1,0
own_v1,O1,h00033,bundle_default_opt_4,True,select,20,20,0
own_v1,O1,h00033,bundle_default_opt_4,True,sext,15,15,0
own_v1,O1,h00033,bundle_default_opt_4,True,shl,22,22,0
own_v1,O1,h00033,bundle_default_opt_4,True,store,610,610,0
own_v1,O1,h00033,bundle_default_opt_4,True,switch,2,2,0
own_v1,O1,h00033,bundle_default_opt_4,True,trunc,17,17,0
own_v1,O1,h00033,bundle_default_opt_4,True,xor,28,28,0
own_v1,O1,h00033,bundle_default_opt_4,True,zext,36,36,0
own_v1,O1,h00033,bundle_post_opt_4_custom_cleanup,True,add,110,110,0
own_v1,O1,h00033,bundle_post_opt_4_custom_cleanup,True,alloca,5,5,0
own_v1,O1,h00033,bundle_post_opt_4_custom_cleanup,True,and,20,18,-2
own_v1,O1,h00033,bundle_post_opt_4_custom_cleanup,True,ashr,1,1,0
own_v1,O1,h00033,bundle_post_opt_4_custom_cleanup,True,br,47,47,0
own_v1,O1,h00033,bundle_post_opt_4_custom_cleanup,True,call,32,31,-1
own_v1,O1,h00033,bundle_post_opt_4_custom_cleanup,True,getelementptr,48,48,0
own_v1,O1,h00033,bundle_post_opt_4_custom_cleanup,True,icmp,35,35,0
own_v1,O1,h00033,bundle_post_opt_4_custom_cleanup,True,inttoptr,77,77,0
own_v1,O1,h00033,bundle_post_opt_4_custom_cleanup,True,load,103,103,0
own_v1,O1,h00033,bundle_post_opt_4_custom_cleanup,True,lshr,11,10,-1
own_v1,O1,h00033,bundle_post_opt_4_custom_cleanup,True,mul,5,5,0
own_v1,O1,h00033,bundle_post_opt_4_custom_cleanup,True,or,2,2,0
own_v1,O1,h00033,bundle_post_opt_4_custom_cleanup,True,phi,27,27,0
own_v1,O1,h00033,bundle_post_opt_4_custom_cleanup,True,ptrtoint,10,10,0
own_v1,O1,h00033,bundle_post_opt_4_custom_cleanup,True,ret,9,9,0
own_v1,O1,h00033,bundle_post_opt_4_custom_cleanup,True,sdiv,1,1,0
own_v1,O1,h00033,bundle_post_opt_4_custom_cleanup,True,select,20,20,0
own_v1,O1,h00033,bundle_post_opt_4_custom_cleanup,True,sext,15,15,0
own_v1,O1,h00033,bundle_post_opt_4_custom_cleanup,True,shl,22,22,0
own_v1,O1,h00033,bundle_post_opt_4_custom_cleanup,True,store,610,463,-147
own_v1,O1,h00033,bundle_post_opt_4_custom_cleanup,True,switch,2,2,0
own_v1,O1,h00033,bundle_post_opt_4_custom_cleanup,True,trunc,17,15,-2
own_v1,O1,h00033,bundle_post_opt_4_custom_cleanup,True,xor,28,25,-3
own_v1,O1,h00033,bundle_post_opt_4_custom_cleanup,True,zext,36,35,-1
own_v1,O1,h00034,main_default_opt_1,True,add,82,82,0
own_v1,O1,h00034,main_default_opt_1,True,alloca,3,1,-2
own_v1,O1,h00034,main_default_opt_1,True,and,29,29,0
own_v1,O1,h00034,main_default_opt_1,True,br,55,56,1
own_v1,O1,h00034,main_default_opt_1,True,call,27,20,-7
own_v1,O1,h00034,main_default_opt_1,True,getelementptr,134,100,-34
own_v1,O1,h00034,main_default_opt_1,True,icmp,59,59,0
own_v1,O1,h00034,main_default_opt_1,True,inttoptr,39,38,-1
own_v1,O1,h00034,main_default_opt_1,True,load,163,143,-20
own_v1,O1,h00034,main_default_opt_1,True,lshr,19,19,0
own_v1,O1,h00034,main_default_opt_1,True,mul,9,9,0
own_v1,O1,h00034,main_default_opt_1,True,or,1,1,0
own_v1,O1,h00034,main_default_opt_1,True,phi,27,39,12
own_v1,O1,h00034,main_default_opt_1,True,ptrtoint,6,6,0
own_v1,O1,h00034,main_default_opt_1,True,ret,11,8,-3
own_v1,O1,h00034,main_default_opt_1,True,select,42,42,0
own_v1,O1,h00034,main_default_opt_1,True,sext,6,6,0
own_v1,O1,h00034,main_default_opt_1,True,shl,9,9,0
own_v1,O1,h00034,main_default_opt_1,True,store,973,955,-18
own_v1,O1,h00034,main_default_opt_1,True,switch,2,2,0
own_v1,O1,h00034,main_default_opt_1,True,trunc,28,24,-4
own_v1,O1,h00034,main_default_opt_1,True,xor,37,34,-3
own_v1,O1,h00034,main_default_opt_1,True,zext,45,45,0
own_v1,O1,h00034,main_default_opt_2,True,add,74,74,0
own_v1,O1,h00034,main_default_opt_2,True,alloca,1,1,0
own_v1,O1,h00034,main_default_opt_2,True,and,31,29,-2
own_v1,O1,h00034,main_default_opt_2,True,br,56,56,0
own_v1,O1,h00034,main_default_opt_2,True,call,20,20,0
own_v1,O1,h00034,main_default_opt_2,True,getelementptr,112,104,-8
own_v1,O1,h00034,main_default_opt_2,True,icmp,61,57,-4
own_v1,O1,h00034,main_default_opt_2,True,inttoptr,24,24,0
own_v1,O1,h00034,main_default_opt_2,True,load,143,134,-9
own_v1,O1,h00034,main_default_opt_2,True,lshr,19,19,0
own_v1,O1,h00034,main_default_opt_2,True,mul,9,9,0
own_v1,O1,h00034,main_default_opt_2,True,or,1,1,0
own_v1,O1,h00034,main_default_opt_2,True,phi,39,39,0
own_v1,O1,h00034,main_default_opt_2,True,ptrtoint,6,6,0
own_v1,O1,h00034,main_default_opt_2,True,ret,8,8,0
own_v1,O1,h00034,main_default_opt_2,True,select,42,42,0
own_v1,O1,h00034,main_default_opt_2,True,sext,6,6,0
own_v1,O1,h00034,main_default_opt_2,True,shl,9,9,0
own_v1,O1,h00034,main_default_opt_2,True,store,955,955,0
own_v1,O1,h00034,main_default_opt_2,True,sub,2,0,-2
own_v1,O1,h00034,main_default_opt_2,True,switch,2,2,0
own_v1,O1,h00034,main_default_opt_2,True,trunc,24,24,0
own_v1,O1,h00034,main_default_opt_2,True,xor,34,34,0
own_v1,O1,h00034,main_default_opt_2,True,zext,45,45,0
own_v1,O1,h00034,bundle_default_opt_3,True,add,61,61,0
own_v1,O1,h00034,bundle_default_opt_3,True,alloca,1,1,0
own_v1,O1,h00034,bundle_default_opt_3,True,and,29,29,0
own_v1,O1,h00034,bundle_default_opt_3,True,br,56,56,0
own_v1,O1,h00034,bundle_default_opt_3,True,call,25,25,0
own_v1,O1,h00034,bundle_default_opt_3,True,getelementptr,88,88,0
own_v1,O1,h00034,bundle_default_opt_3,True,icmp,45,45,0
own_v1,O1,h00034,bundle_default_opt_3,True,inttoptr,17,17,0
own_v1,O1,h00034,bundle_default_opt_3,True,load,134,125,-9
own_v1,O1,h00034,bundle_default_opt_3,True,lshr,19,19,0
own_v1,O1,h00034,bundle_default_opt_3,True,mul,9,9,0
own_v1,O1,h00034,bundle_default_opt_3,True,or,1,1,0
own_v1,O1,h00034,bundle_default_opt_3,True,phi,39,39,0
own_v1,O1,h00034,bundle_default_opt_3,True,ptrtoint,5,5,0
own_v1,O1,h00034,bundle_default_opt_3,True,ret,9,9,0
own_v1,O1,h00034,bundle_default_opt_3,True,select,28,28,0
own_v1,O1,h00034,bundle_default_opt_3,True,sext,6,6,0
own_v1,O1,h00034,bundle_default_opt_3,True,shl,9,9,0
own_v1,O1,h00034,bundle_default_opt_3,True,store,954,939,-15
own_v1,O1,h00034,bundle_default_opt_3,True,switch,2,2,0
own_v1,O1,h00034,bundle_default_opt_3,True,trunc,24,24,0
own_v1,O1,h00034,bundle_default_opt_3,True,xor,34,34,0
own_v1,O1,h00034,bundle_default_opt_3,True,zext,45,45,0
own_v1,O1,h00034,bundle_default_opt_4,True,add,61,61,0
own_v1,O1,h00034,bundle_default_opt_4,True,alloca,1,1,0
own_v1,O1,h00034,bundle_default_opt_4,True,and,29,29,0
own_v1,O1,h00034,bundle_default_opt_4,True,br,56,56,0
own_v1,O1,h00034,bundle_default_opt_4,True,call,25,25,0
own_v1,O1,h00034,bundle_default_opt_4,True,getelementptr,88,88,0
own_v1,O1,h00034,bundle_default_opt_4,True,icmp,45,45,0
own_v1,O1,h00034,bundle_default_opt_4,True,inttoptr,17,17,0
own_v1,O1,h00034,bundle_default_opt_4,True,load,125,125,0
own_v1,O1,h00034,bundle_default_opt_4,True,lshr,19,19,0
own_v1,O1,h00034,bundle_default_opt_4,True,mul,9,9,0
own_v1,O1,h00034,bundle_default_opt_4,True,or,1,1,0
own_v1,O1,h00034,bundle_default_opt_4,True,phi,39,39,0
own_v1,O1,h00034,bundle_default_opt_4,True,ptrtoint,5,5,0
own_v1,O1,h00034,bundle_default_opt_4,True,ret,9,9,0
own_v1,O1,h00034,bundle_default_opt_4,True,select,28,28,0
own_v1,O1,h00034,bundle_default_opt_4,True,sext,6,6,0
own_v1,O1,h00034,bundle_default_opt_4,True,shl,9,9,0
own_v1,O1,h00034,bundle_default_opt_4,True,store,939,939,0
own_v1,O1,h00034,bundle_default_opt_4,True,switch,2,2,0
own_v1,O1,h00034,bundle_default_opt_4,True,trunc,24,24,0
own_v1,O1,h00034,bundle_default_opt_4,True,xor,34,34,0
own_v1,O1,h00034,bundle_default_opt_4,True,zext,45,45,0
own_v1,O1,h00034,bundle_post_opt_4_custom_cleanup,True,add,61,60,-1
own_v1,O1,h00034,bundle_post_opt_4_custom_cleanup,True,alloca,1,1,0
own_v1,O1,h00034,bundle_post_opt_4_custom_cleanup,True,and,29,28,-1
own_v1,O1,h00034,bundle_post_opt_4_custom_cleanup,True,br,56,56,0
own_v1,O1,h00034,bundle_post_opt_4_custom_cleanup,True,call,25,25,0
own_v1,O1,h00034,bundle_post_opt_4_custom_cleanup,True,getelementptr,88,87,-1
own_v1,O1,h00034,bundle_post_opt_4_custom_cleanup,True,icmp,45,45,0
own_v1,O1,h00034,bundle_post_opt_4_custom_cleanup,True,inttoptr,17,17,0
own_v1,O1,h00034,bundle_post_opt_4_custom_cleanup,True,load,125,123,-2
own_v1,O1,h00034,bundle_post_opt_4_custom_cleanup,True,lshr,19,19,0
own_v1,O1,h00034,bundle_post_opt_4_custom_cleanup,True,mul,9,9,0
own_v1,O1,h00034,bundle_post_opt_4_custom_cleanup,True,or,1,0,-1
own_v1,O1,h00034,bundle_post_opt_4_custom_cleanup,True,phi,39,36,-3
own_v1,O1,h00034,bundle_post_opt_4_custom_cleanup,True,ptrtoint,5,2,-3
own_v1,O1,h00034,bundle_post_opt_4_custom_cleanup,True,ret,9,9,0
own_v1,O1,h00034,bundle_post_opt_4_custom_cleanup,True,select,28,28,0
own_v1,O1,h00034,bundle_post_opt_4_custom_cleanup,True,sext,6,6,0
own_v1,O1,h00034,bundle_post_opt_4_custom_cleanup,True,shl,9,9,0
own_v1,O1,h00034,bundle_post_opt_4_custom_cleanup,True,store,939,647,-292
own_v1,O1,h00034,bundle_post_opt_4_custom_cleanup,True,switch,2,2,0
own_v1,O1,h00034,bundle_post_opt_4_custom_cleanup,True,trunc,24,24,0
own_v1,O1,h00034,bundle_post_opt_4_custom_cleanup,True,xor,34,34,0
own_v1,O1,h00034,bundle_post_opt_4_custom_cleanup,True,zext,45,40,-5
own_v1,O1,h00035,main_default_opt_1,True,add,65,63,-2
own_v1,O1,h00035,main_default_opt_1,True,alloca,7,5,-2
own_v1,O1,h00035,main_default_opt_1,True,and,28,28,0
own_v1,O1,h00035,main_default_opt_1,True,br,34,35,1
own_v1,O1,h00035,main_default_opt_1,True,call,32,24,-8
own_v1,O1,h00035,main_default_opt_1,True,getelementptr,109,89,-20
own_v1,O1,h00035,main_default_opt_1,True,icmp,35,35,0
own_v1,O1,h00035,main_default_opt_1,True,inttoptr,33,31,-2
own_v1,O1,h00035,main_default_opt_1,True,load,137,135,-2
own_v1,O1,h00035,main_default_opt_1,True,lshr,15,15,0
own_v1,O1,h00035,main_default_opt_1,True,mul,1,1,0
own_v1,O1,h00035,main_default_opt_1,True,phi,28,41,13
own_v1,O1,h00035,main_default_opt_1,True,ptrtoint,4,4,0
own_v1,O1,h00035,main_default_opt_1,True,ret,14,10,-4
own_v1,O1,h00035,main_default_opt_1,True,select,18,18,0
own_v1,O1,h00035,main_default_opt_1,True,sext,3,3,0
own_v1,O1,h00035,main_default_opt_1,True,shl,11,11,0
own_v1,O1,h00035,main_default_opt_1,True,store,787,754,-33
own_v1,O1,h00035,main_default_opt_1,True,sub,2,2,0
own_v1,O1,h00035,main_default_opt_1,True,switch,3,3,0
own_v1,O1,h00035,main_default_opt_1,True,trunc,21,19,-2
own_v1,O1,h00035,main_default_opt_1,True,xor,28,27,-1
own_v1,O1,h00035,main_default_opt_1,True,zext,30,30,0
own_v1,O1,h00035,main_default_opt_2,True,add,62,68,6
own_v1,O1,h00035,main_default_opt_2,True,alloca,4,4,0
own_v1,O1,h00035,main_default_opt_2,True,and,34,28,-6
own_v1,O1,h00035,main_default_opt_2,True,br,35,35,0
own_v1,O1,h00035,main_default_opt_2,True,call,22,20,-2
own_v1,O1,h00035,main_default_opt_2,True,getelementptr,82,82,0
own_v1,O1,h00035,main_default_opt_2,True,icmp,47,41,-6
own_v1,O1,h00035,main_default_opt_2,True,inttoptr,32,32,0
own_v1,O1,h00035,main_default_opt_2,True,load,135,137,2
own_v1,O1,h00035,main_default_opt_2,True,lshr,15,15,0
own_v1,O1,h00035,main_default_opt_2,True,mul,1,1,0
own_v1,O1,h00035,main_default_opt_2,True,phi,41,41,0
own_v1,O1,h00035,main_default_opt_2,True,ptrtoint,7,7,0
own_v1,O1,h00035,main_default_opt_2,True,ret,10,10,0
own_v1,O1,h00035,main_default_opt_2,True,select,24,24,0
own_v1,O1,h00035,main_default_opt_2,True,sext,3,3,0
own_v1,O1,h00035,main_default_opt_2,True,shl,11,11,0
own_v1,O1,h00035,main_default_opt_2,True,store,736,738,2
own_v1,O1,h00035,main_default_opt_2,True,sub,8,2,-6
own_v1,O1,h00035,main_default_opt_2,True,switch,3,3,0
own_v1,O1,h00035,main_default_opt_2,True,trunc,19,19,0
own_v1,O1,h00035,main_default_opt_2,True,xor,27,27,0
own_v1,O1,h00035,main_default_opt_2,True,zext,30,30,0
own_v1,O1,h00035,bundle_default_opt_3,True,add,55,55,0
own_v1,O1,h00035,bundle_default_opt_3,True,alloca,4,4,0
own_v1,O1,h00035,bundle_default_opt_3,True,and,28,28,0
own_v1,O1,h00035,bundle_default_opt_3,True,br,35,35,0
own_v1,O1,h00035,bundle_default_opt_3,True,call,25,25,0
own_v1,O1,h00035,bundle_default_opt_3,True,getelementptr,66,66,0
own_v1,O1,h00035,bundle_default_opt_3,True,icmp,31,31,0
own_v1,O1,h00035,bundle_default_opt_3,True,inttoptr,27,27,0
own_v1,O1,h00035,bundle_default_opt_3,True,load,135,108,-27
own_v1,O1,h00035,bundle_default_opt_3,True,lshr,15,15,0
own_v1,O1,h00035,bundle_default_opt_3,True,mul,1,1,0
own_v1,O1,h00035,bundle_default_opt_3,True,phi,35,35,0
own_v1,O1,h00035,bundle_default_opt_3,True,ptrtoint,4,4,0
own_v1,O1,h00035,bundle_default_opt_3,True,ret,11,11,0
own_v1,O1,h00035,bundle_default_opt_3,True,select,14,14,0
own_v1,O1,h00035,bundle_default_opt_3,True,sext,2,2,0
own_v1,O1,h00035,bundle_default_opt_3,True,shl,10,10,0
own_v1,O1,h00035,bundle_default_opt_3,True,store,601,514,-87
own_v1,O1,h00035,bundle_default_opt_3,True,sub,2,2,0
own_v1,O1,h00035,bundle_default_opt_3,True,switch,3,3,0
own_v1,O1,h00035,bundle_default_opt_3,True,trunc,19,19,0
own_v1,O1,h00035,bundle_default_opt_3,True,xor,27,27,0
own_v1,O1,h00035,bundle_default_opt_3,True,zext,26,26,0
own_v1,O1,h00035,bundle_default_opt_4,True,add,55,55,0
own_v1,O1,h00035,bundle_default_opt_4,True,alloca,4,4,0
own_v1,O1,h00035,bundle_default_opt_4,True,and,28,28,0
own_v1,O1,h00035,bundle_default_opt_4,True,br,35,35,0
own_v1,O1,h00035,bundle_default_opt_4,True,call,25,25,0
own_v1,O1,h00035,bundle_default_opt_4,True,getelementptr,66,66,0
own_v1,O1,h00035,bundle_default_opt_4,True,icmp,31,31,0
own_v1,O1,h00035,bundle_default_opt_4,True,inttoptr,27,27,0
own_v1,O1,h00035,bundle_default_opt_4,True,load,108,102,-6
own_v1,O1,h00035,bundle_default_opt_4,True,lshr,15,15,0
own_v1,O1,h00035,bundle_default_opt_4,True,mul,1,1,0
own_v1,O1,h00035,bundle_default_opt_4,True,phi,35,35,0
own_v1,O1,h00035,bundle_default_opt_4,True,ptrtoint,4,4,0
own_v1,O1,h00035,bundle_default_opt_4,True,ret,11,11,0
own_v1,O1,h00035,bundle_default_opt_4,True,select,14,14,0
own_v1,O1,h00035,bundle_default_opt_4,True,sext,2,2,0
own_v1,O1,h00035,bundle_default_opt_4,True,shl,10,10,0
own_v1,O1,h00035,bundle_default_opt_4,True,store,514,508,-6
own_v1,O1,h00035,bundle_default_opt_4,True,sub,2,2,0
own_v1,O1,h00035,bundle_default_opt_4,True,switch,3,3,0
own_v1,O1,h00035,bundle_default_opt_4,True,trunc,19,19,0
own_v1,O1,h00035,bundle_default_opt_4,True,xor,27,27,0
own_v1,O1,h00035,bundle_default_opt_4,True,zext,26,26,0
own_v1,O1,h00035,bundle_post_opt_4_custom_cleanup,True,add,55,55,0
own_v1,O1,h00035,bundle_post_opt_4_custom_cleanup,True,alloca,4,4,0
own_v1,O1,h00035,bundle_post_opt_4_custom_cleanup,True,and,28,28,0
own_v1,O1,h00035,bundle_post_opt_4_custom_cleanup,True,br,35,35,0
own_v1,O1,h00035,bundle_post_opt_4_custom_cleanup,True,call,25,25,0
own_v1,O1,h00035,bundle_post_opt_4_custom_cleanup,True,getelementptr,66,66,0
own_v1,O1,h00035,bundle_post_opt_4_custom_cleanup,True,icmp,31,31,0
own_v1,O1,h00035,bundle_post_opt_4_custom_cleanup,True,inttoptr,27,27,0
own_v1,O1,h00035,bundle_post_opt_4_custom_cleanup,True,load,102,102,0
own_v1,O1,h00035,bundle_post_opt_4_custom_cleanup,True,lshr,15,15,0
own_v1,O1,h00035,bundle_post_opt_4_custom_cleanup,True,mul,1,1,0
own_v1,O1,h00035,bundle_post_opt_4_custom_cleanup,True,phi,35,35,0
own_v1,O1,h00035,bundle_post_opt_4_custom_cleanup,True,ptrtoint,4,4,0
own_v1,O1,h00035,bundle_post_opt_4_custom_cleanup,True,ret,11,11,0
own_v1,O1,h00035,bundle_post_opt_4_custom_cleanup,True,select,14,14,0
own_v1,O1,h00035,bundle_post_opt_4_custom_cleanup,True,sext,2,2,0
own_v1,O1,h00035,bundle_post_opt_4_custom_cleanup,True,shl,10,10,0
own_v1,O1,h00035,bundle_post_opt_4_custom_cleanup,True,store,508,417,-91
own_v1,O1,h00035,bundle_post_opt_4_custom_cleanup,True,sub,2,2,0
own_v1,O1,h00035,bundle_post_opt_4_custom_cleanup,True,switch,3,3,0
own_v1,O1,h00035,bundle_post_opt_4_custom_cleanup,True,trunc,19,19,0
own_v1,O1,h00035,bundle_post_opt_4_custom_cleanup,True,xor,27,27,0
own_v1,O1,h00035,bundle_post_opt_4_custom_cleanup,True,zext,26,26,0
own_v1,O1,h00036,main_default_opt_1,True,add,21,15,-6
own_v1,O1,h00036,main_default_opt_1,True,alloca,3,1,-2
own_v1,O1,h00036,main_default_opt_1,True,and,13,11,-2
own_v1,O1,h00036,main_default_opt_1,True,br,14,12,-2
own_v1,O1,h00036,main_default_opt_1,True,call,18,6,-12
own_v1,O1,h00036,main_default_opt_1,True,getelementptr,37,20,-17
own_v1,O1,h00036,main_default_opt_1,True,icmp,10,9,-1
own_v1,O1,h00036,main_default_opt_1,True,inttoptr,11,9,-2
own_v1,O1,h00036,main_default_opt_1,True,load,59,43,-16
own_v1,O1,h00036,main_default_opt_1,True,lshr,5,4,-1
own_v1,O1,h00036,main_default_opt_1,True,mul,2,1,-1
own_v1,O1,h00036,main_default_opt_1,True,phi,22,27,5
own_v1,O1,h00036,main_default_opt_1,True,ptrtoint,4,4,0
own_v1,O1,h00036,main_default_opt_1,True,ret,11,2,-9
own_v1,O1,h00036,main_default_opt_1,True,select,4,4,0
own_v1,O1,h00036,main_default_opt_1,True,shl,2,2,0
own_v1,O1,h00036,main_default_opt_1,True,store,328,272,-56
own_v1,O1,h00036,main_default_opt_1,True,switch,1,1,0
own_v1,O1,h00036,main_default_opt_1,True,trunc,10,6,-4
own_v1,O1,h00036,main_default_opt_1,True,xor,12,9,-3
own_v1,O1,h00036,main_default_opt_1,True,zext,15,13,-2
own_v1,O1,h00036,main_default_opt_2,True,add,7,7,0
own_v1,O1,h00036,main_default_opt_2,True,alloca,1,1,0
own_v1,O1,h00036,main_default_opt_2,True,and,5,5,0
own_v1,O1,h00036,main_default_opt_2,True,br,12,12,0
own_v1,O1,h00036,main_default_opt_2,True,call,3,3,0
own_v1,O1,h00036,main_default_opt_2,True,getelementptr,24,23,-1
own_v1,O1,h00036,main_default_opt_2,True,icmp,5,5,0
own_v1,O1,h00036,main_default_opt_2,True,inttoptr,6,4,-2
own_v1,O1,h00036,main_default_opt_2,True,load,12,12,0
own_v1,O1,h00036,main_default_opt_2,True,lshr,1,1,0
own_v1,O1,h00036,main_default_opt_2,True,mul,1,1,0
own_v1,O1,h00036,main_default_opt_2,True,phi,7,5,-2
own_v1,O1,h00036,main_default_opt_2,True,ptrtoint,1,1,0
own_v1,O1,h00036,main_default_opt_2,True,ret,2,2,0
own_v1,O1,h00036,main_default_opt_2,True,select,4,4,0
own_v1,O1,h00036,main_default_opt_2,True,shl,2,2,0
own_v1,O1,h00036,main_default_opt_2,True,store,27,27,0
own_v1,O1,h00036,main_default_opt_2,True,switch,1,1,0
own_v1,O1,h00036,main_default_opt_2,True,trunc,1,0,-1
own_v1,O1,h00036,main_default_opt_2,True,xor,5,5,0
own_v1,O1,h00036,main_default_opt_2,True,zext,1,1,0
own_v1,O1,h00036,bundle_default_opt_3,True,add,5,5,0
own_v1,O1,h00036,bundle_default_opt_3,True,alloca,1,1,0
own_v1,O1,h00036,bundle_default_opt_3,True,and,5,5,0
own_v1,O1,h00036,bundle_default_opt_3,True,br,12,12,0
own_v1,O1,h00036,bundle_default_opt_3,True,call,3,3,0
own_v1,O1,h00036,bundle_default_opt_3,True,getelementptr,25,15,-10
own_v1,O1,h00036,bundle_default_opt_3,True,icmp,5,5,0
own_v1,O1,h00036,bundle_default_opt_3,True,inttoptr,2,2,0
own_v1,O1,h00036,bundle_default_opt_3,True,load,12,12,0
own_v1,O1,h00036,bundle_default_opt_3,True,lshr,1,1,0
own_v1,O1,h00036,bundle_default_opt_3,True,mul,1,1,0
own_v1,O1,h00036,bundle_default_opt_3,True,phi,5,5,0
own_v1,O1,h00036,bundle_default_opt_3,True,ptrtoint,1,1,0
own_v1,O1,h00036,bundle_default_opt_3,True,ret,2,2,0
own_v1,O1,h00036,bundle_default_opt_3,True,select,4,4,0
own_v1,O1,h00036,bundle_default_opt_3,True,shl,2,2,0
own_v1,O1,h00036,bundle_default_opt_3,True,store,27,27,0
own_v1,O1,h00036,bundle_default_opt_3,True,switch,1,1,0
own_v1,O1,h00036,bundle_default_opt_3,True,xor,5,5,0
own_v1,O1,h00036,bundle_default_opt_3,True,zext,1,1,0
own_v1,O1,h00036,bundle_default_opt_4,True,add,5,5,0
own_v1,O1,h00036,bundle_default_opt_4,True,alloca,1,1,0
own_v1,O1,h00036,bundle_default_opt_4,True,and,5,5,0
own_v1,O1,h00036,bundle_default_opt_4,True,br,12,12,0
own_v1,O1,h00036,bundle_default_opt_4,True,call,3,3,0
own_v1,O1,h00036,bundle_default_opt_4,True,getelementptr,15,15,0
own_v1,O1,h00036,bundle_default_opt_4,True,icmp,5,5,0
own_v1,O1,h00036,bundle_default_opt_4,True,inttoptr,2,2,0
own_v1,O1,h00036,bundle_default_opt_4,True,load,12,12,0
own_v1,O1,h00036,bundle_default_opt_4,True,lshr,1,1,0
own_v1,O1,h00036,bundle_default_opt_4,True,mul,1,1,0
own_v1,O1,h00036,bundle_default_opt_4,True,phi,5,5,0
own_v1,O1,h00036,bundle_default_opt_4,True,ptrtoint,1,1,0
own_v1,O1,h00036,bundle_default_opt_4,True,ret,2,2,0
own_v1,O1,h00036,bundle_default_opt_4,True,select,4,4,0
own_v1,O1,h00036,bundle_default_opt_4,True,shl,2,2,0
own_v1,O1,h00036,bundle_default_opt_4,True,store,27,27,0
own_v1,O1,h00036,bundle_default_opt_4,True,switch,1,1,0
own_v1,O1,h00036,bundle_default_opt_4,True,xor,5,5,0
own_v1,O1,h00036,bundle_default_opt_4,True,zext,1,1,0
own_v1,O1,h00036,bundle_post_opt_4_custom_cleanup,True,add,5,5,0
own_v1,O1,h00036,bundle_post_opt_4_custom_cleanup,True,alloca,1,1,0
own_v1,O1,h00036,bundle_post_opt_4_custom_cleanup,True,and,5,5,0
own_v1,O1,h00036,bundle_post_opt_4_custom_cleanup,True,br,12,12,0
own_v1,O1,h00036,bundle_post_opt_4_custom_cleanup,True,call,3,3,0
own_v1,O1,h00036,bundle_post_opt_4_custom_cleanup,True,getelementptr,15,15,0
own_v1,O1,h00036,bundle_post_opt_4_custom_cleanup,True,icmp,5,5,0
own_v1,O1,h00036,bundle_post_opt_4_custom_cleanup,True,inttoptr,2,2,0
own_v1,O1,h00036,bundle_post_opt_4_custom_cleanup,True,load,12,12,0
own_v1,O1,h00036,bundle_post_opt_4_custom_cleanup,True,lshr,1,1,0
own_v1,O1,h00036,bundle_post_opt_4_custom_cleanup,True,mul,1,1,0
own_v1,O1,h00036,bundle_post_opt_4_custom_cleanup,True,phi,5,5,0
own_v1,O1,h00036,bundle_post_opt_4_custom_cleanup,True,ptrtoint,1,1,0
own_v1,O1,h00036,bundle_post_opt_4_custom_cleanup,True,ret,2,1,-1
own_v1,O1,h00036,bundle_post_opt_4_custom_cleanup,True,select,4,4,0
own_v1,O1,h00036,bundle_post_opt_4_custom_cleanup,True,shl,2,2,0
own_v1,O1,h00036,bundle_post_opt_4_custom_cleanup,True,store,27,27,0
own_v1,O1,h00036,bundle_post_opt_4_custom_cleanup,True,switch,1,1,0
own_v1,O1,h00036,bundle_post_opt_4_custom_cleanup,True,xor,5,5,0
own_v1,O1,h00036,bundle_post_opt_4_custom_cleanup,True,zext,1,1,0
own_v1,O1,h00037,main_default_opt_1,True,add,38,38,0
own_v1,O1,h00037,main_default_opt_1,True,alloca,3,1,-2
own_v1,O1,h00037,main_default_opt_1,True,and,20,20,0
own_v1,O1,h00037,main_default_opt_1,True,br,21,22,1
own_v1,O1,h00037,main_default_opt_1,True,call,22,15,-7
own_v1,O1,h00037,main_default_opt_1,True,getelementptr,52,36,-16
own_v1,O1,h00037,main_default_opt_1,True,icmp,19,19,0
own_v1,O1,h00037,main_default_opt_1,True,inttoptr,20,20,0
own_v1,O1,h00037,main_default_opt_1,True,load,98,96,-2
own_v1,O1,h00037,main_default_opt_1,True,lshr,7,7,0
own_v1,O1,h00037,main_default_opt_1,True,mul,2,2,0
own_v1,O1,h00037,main_default_opt_1,True,or,1,1,0
own_v1,O1,h00037,main_default_opt_1,True,phi,24,36,12
own_v1,O1,h00037,main_default_opt_1,True,ptrtoint,5,5,0
own_v1,O1,h00037,main_default_opt_1,True,ret,11,8,-3
own_v1,O1,h00037,main_default_opt_1,True,select,10,10,0
own_v1,O1,h00037,main_default_opt_1,True,sext,2,2,0
own_v1,O1,h00037,main_default_opt_1,True,shl,7,7,0
own_v1,O1,h00037,main_default_opt_1,True,store,432,414,-18
own_v1,O1,h00037,main_default_opt_1,True,sub,1,1,0
own_v1,O1,h00037,main_default_opt_1,True,switch,3,3,0
own_v1,O1,h00037,main_default_opt_1,True,trunc,16,15,-1
own_v1,O1,h00037,main_default_opt_1,True,udiv,1,1,0
own_v1,O1,h00037,main_default_opt_1,True,urem,1,1,0
own_v1,O1,h00037,main_default_opt_1,True,xor,12,12,0
own_v1,O1,h00037,main_default_opt_1,True,zext,24,24,0
own_v1,O1,h00037,main_default_opt_2,True,add,35,35,0
own_v1,O1,h00037,main_default_opt_2,True,alloca,1,1,0
own_v1,O1,h00037,main_default_opt_2,True,and,22,20,-2
own_v1,O1,h00037,main_default_opt_2,True,br,22,22,0
own_v1,O1,h00037,main_default_opt_2,True,call,15,15,0
own_v1,O1,h00037,main_default_opt_2,True,getelementptr,38,35,-3
own_v1,O1,h00037,main_default_opt_2,True,icmp,21,17,-4
own_v1,O1,h00037,main_default_opt_2,True,inttoptr,18,18,0
own_v1,O1,h00037,main_default_opt_2,True,load,96,96,0
own_v1,O1,h00037,main_default_opt_2,True,lshr,7,7,0
own_v1,O1,h00037,main_default_opt_2,True,mul,2,2,0
own_v1,O1,h00037,main_default_opt_2,True,or,1,1,0
own_v1,O1,h00037,main_default_opt_2,True,phi,38,38,0
own_v1,O1,h00037,main_default_opt_2,True,ptrtoint,5,5,0
own_v1,O1,h00037,main_default_opt_2,True,ret,8,8,0
own_v1,O1,h00037,main_default_opt_2,True,select,10,10,0
own_v1,O1,h00037,main_default_opt_2,True,sext,2,2,0
own_v1,O1,h00037,main_default_opt_2,True,shl,7,7,0
own_v1,O1,h00037,main_default_opt_2,True,store,414,414,0
own_v1,O1,h00037,main_default_opt_2,True,sub,3,1,-2
own_v1,O1,h00037,main_default_opt_2,True,switch,3,3,0
own_v1,O1,h00037,main_default_opt_2,True,trunc,15,15,0
own_v1,O1,h00037,main_default_opt_2,True,udiv,1,1,0
own_v1,O1,h00037,main_default_opt_2,True,urem,1,1,0
own_v1,O1,h00037,main_default_opt_2,True,xor,12,12,0
own_v1,O1,h00037,main_default_opt_2,True,zext,24,24,0
own_v1,O1,h00037,bundle_default_opt_3,True,add,32,32,0
own_v1,O1,h00037,bundle_default_opt_3,True,alloca,1,1,0
own_v1,O1,h00037,bundle_default_opt_3,True,and,19,19,0
own_v1,O1,h00037,bundle_default_opt_3,True,br,22,22,0
own_v1,O1,h00037,bundle_default_opt_3,True,call,16,16,0
own_v1,O1,h00037,bundle_default_opt_3,True,getelementptr,29,29,0
own_v1,O1,h00037,bundle_default_opt_3,True,icmp,15,15,0
own_v1,O1,h00037,bundle_default_opt_3,True,inttoptr,17,17,0
own_v1,O1,h00037,bundle_default_opt_3,True,load,96,80,-16
own_v1,O1,h00037,bundle_default_opt_3,True,lshr,7,7,0
own_v1,O1,h00037,bundle_default_opt_3,True,mul,2,2,0
own_v1,O1,h00037,bundle_default_opt_3,True,or,1,1,0
own_v1,O1,h00037,bundle_default_opt_3,True,phi,34,32,-2
own_v1,O1,h00037,bundle_default_opt_3,True,ptrtoint,4,4,0
own_v1,O1,h00037,bundle_default_opt_3,True,ret,9,9,0
own_v1,O1,h00037,bundle_default_opt_3,True,select,6,6,0
own_v1,O1,h00037,bundle_default_opt_3,True,sext,2,2,0
own_v1,O1,h00037,bundle_default_opt_3,True,shl,7,7,0
own_v1,O1,h00037,bundle_default_opt_3,True,store,357,312,-45
own_v1,O1,h00037,bundle_default_opt_3,True,sub,1,1,0
own_v1,O1,h00037,bundle_default_opt_3,True,switch,3,3,0
own_v1,O1,h00037,bundle_default_opt_3,True,trunc,14,14,0
own_v1,O1,h00037,bundle_default_opt_3,True,urem,1,1,0
own_v1,O1,h00037,bundle_default_opt_3,True,xor,12,12,0
own_v1,O1,h00037,bundle_default_opt_3,True,zext,21,21,0
own_v1,O1,h00037,bundle_default_opt_4,True,add,32,32,0
own_v1,O1,h00037,bundle_default_opt_4,True,alloca,1,1,0
own_v1,O1,h00037,bundle_default_opt_4,True,and,19,19,0
own_v1,O1,h00037,bundle_default_opt_4,True,br,22,22,0
own_v1,O1,h00037,bundle_default_opt_4,True,call,16,16,0
own_v1,O1,h00037,bundle_default_opt_4,True,getelementptr,29,29,0
own_v1,O1,h00037,bundle_default_opt_4,True,icmp,15,15,0
own_v1,O1,h00037,bundle_default_opt_4,True,inttoptr,17,17,0
own_v1,O1,h00037,bundle_default_opt_4,True,load,80,80,0
own_v1,O1,h00037,bundle_default_opt_4,True,lshr,7,7,0
own_v1,O1,h00037,bundle_default_opt_4,True,mul,2,2,0
own_v1,O1,h00037,bundle_default_opt_4,True,or,1,1,0
own_v1,O1,h00037,bundle_default_opt_4,True,phi,32,32,0
own_v1,O1,h00037,bundle_default_opt_4,True,ptrtoint,4,4,0
own_v1,O1,h00037,bundle_default_opt_4,True,ret,9,9,0
own_v1,O1,h00037,bundle_default_opt_4,True,select,6,6,0
own_v1,O1,h00037,bundle_default_opt_4,True,sext,2,2,0
own_v1,O1,h00037,bundle_default_opt_4,True,shl,7,7,0
own_v1,O1,h00037,bundle_default_opt_4,True,store,312,312,0
own_v1,O1,h00037,bundle_default_opt_4,True,sub,1,1,0
own_v1,O1,h00037,bundle_default_opt_4,True,switch,3,3,0
own_v1,O1,h00037,bundle_default_opt_4,True,trunc,14,14,0
own_v1,O1,h00037,bundle_default_opt_4,True,urem,1,1,0
own_v1,O1,h00037,bundle_default_opt_4,True,xor,12,12,0
own_v1,O1,h00037,bundle_default_opt_4,True,zext,21,21,0
own_v1,O1,h00037,bundle_post_opt_4_custom_cleanup,True,add,32,32,0
own_v1,O1,h00037,bundle_post_opt_4_custom_cleanup,True,alloca,1,1,0
own_v1,O1,h00037,bundle_post_opt_4_custom_cleanup,True,and,19,19,0
own_v1,O1,h00037,bundle_post_opt_4_custom_cleanup,True,br,22,22,0
own_v1,O1,h00037,bundle_post_opt_4_custom_cleanup,True,call,16,16,0
own_v1,O1,h00037,bundle_post_opt_4_custom_cleanup,True,getelementptr,29,29,0
own_v1,O1,h00037,bundle_post_opt_4_custom_cleanup,True,icmp,15,15,0
own_v1,O1,h00037,bundle_post_opt_4_custom_cleanup,True,inttoptr,17,17,0
own_v1,O1,h00037,bundle_post_opt_4_custom_cleanup,True,load,80,80,0
own_v1,O1,h00037,bundle_post_opt_4_custom_cleanup,True,lshr,7,7,0
own_v1,O1,h00037,bundle_post_opt_4_custom_cleanup,True,mul,2,2,0
own_v1,O1,h00037,bundle_post_opt_4_custom_cleanup,True,or,1,1,0
own_v1,O1,h00037,bundle_post_opt_4_custom_cleanup,True,phi,32,32,0
own_v1,O1,h00037,bundle_post_opt_4_custom_cleanup,True,ptrtoint,4,4,0
own_v1,O1,h00037,bundle_post_opt_4_custom_cleanup,True,ret,9,9,0
own_v1,O1,h00037,bundle_post_opt_4_custom_cleanup,True,select,6,6,0
own_v1,O1,h00037,bundle_post_opt_4_custom_cleanup,True,sext,2,2,0
own_v1,O1,h00037,bundle_post_opt_4_custom_cleanup,True,shl,7,7,0
own_v1,O1,h00037,bundle_post_opt_4_custom_cleanup,True,store,312,254,-58
own_v1,O1,h00037,bundle_post_opt_4_custom_cleanup,True,sub,1,1,0
own_v1,O1,h00037,bundle_post_opt_4_custom_cleanup,True,switch,3,3,0
own_v1,O1,h00037,bundle_post_opt_4_custom_cleanup,True,trunc,14,14,0
own_v1,O1,h00037,bundle_post_opt_4_custom_cleanup,True,urem,1,1,0
own_v1,O1,h00037,bundle_post_opt_4_custom_cleanup,True,xor,12,12,0
own_v1,O1,h00037,bundle_post_opt_4_custom_cleanup,True,zext,21,21,0
own_v1,O1,h00038,main_default_opt_1,True,add,74,68,-6
own_v1,O1,h00038,main_default_opt_1,True,alloca,5,3,-2
own_v1,O1,h00038,main_default_opt_1,True,and,39,32,-7
own_v1,O1,h00038,main_default_opt_1,True,ashr,5,5,0
own_v1,O1,h00038,main_default_opt_1,True,br,39,41,2
own_v1,O1,h00038,main_default_opt_1,True,call,28,16,-12
own_v1,O1,h00038,main_default_opt_1,True,getelementptr,65,48,-17
own_v1,O1,h00038,main_default_opt_1,True,icmp,34,32,-2
own_v1,O1,h00038,main_default_opt_1,True,inttoptr,42,38,-4
own_v1,O1,h00038,main_default_opt_1,True,load,155,133,-22
own_v1,O1,h00038,main_default_opt_1,True,lshr,19,18,-1
own_v1,O1,h00038,main_default_opt_1,True,mul,6,3,-3
own_v1,O1,h00038,main_default_opt_1,True,or,7,6,-1
own_v1,O1,h00038,main_default_opt_1,True,phi,53,67,14
own_v1,O1,h00038,main_default_opt_1,True,ptrtoint,4,4,0
own_v1,O1,h00038,main_default_opt_1,True,ret,13,4,-9
own_v1,O1,h00038,main_default_opt_1,True,sdiv,4,4,0
own_v1,O1,h00038,main_default_opt_1,True,select,11,11,0
own_v1,O1,h00038,main_default_opt_1,True,sext,7,7,0
own_v1,O1,h00038,main_default_opt_1,True,shl,15,14,-1
own_v1,O1,h00038,main_default_opt_1,True,srem,3,3,0
own_v1,O1,h00038,main_default_opt_1,True,store,766,706,-60
own_v1,O1,h00038,main_default_opt_1,True,sub,2,2,0
own_v1,O1,h00038,main_default_opt_1,True,switch,4,4,0
own_v1,O1,h00038,main_default_opt_1,True,trunc,29,25,-4
own_v1,O1,h00038,main_default_opt_1,True,unreachable,1,1,0
own_v1,O1,h00038,main_default_opt_1,True,xor,41,32,-9
own_v1,O1,h00038,main_default_opt_1,True,zext,46,41,-5
own_v1,O1,h00038,main_default_opt_2,True,add,65,61,-4
own_v1,O1,h00038,main_default_opt_2,True,alloca,1,1,0
own_v1,O1,h00038,main_default_opt_2,True,and,32,32,0
own_v1,O1,h00038,main_default_opt_2,True,ashr,5,5,0
own_v1,O1,h00038,main_default_opt_2,True,br,41,41,0
own_v1,O1,h00038,main_default_opt_2,True,call,14,14,0
own_v1,O1,h00038,main_default_opt_2,True,getelementptr,39,38,-1
own_v1,O1,h00038,main_default_opt_2,True,icmp,32,32,0
own_v1,O1,h00038,main_default_opt_2,True,inttoptr,33,29,-4
own_v1,O1,h00038,main_default_opt_2,True,load,133,128,-5
own_v1,O1,h00038,main_default_opt_2,True,lshr,18,18,0
own_v1,O1,h00038,main_default_opt_2,True,mul,3,3,0
own_v1,O1,h00038,main_default_opt_2,True,or,6,6,0
own_v1,O1,h00038,main_default_opt_2,True,phi,67,68,1
own_v1,O1,h00038,main_default_opt_2,True,ptrtoint,4,4,0
own_v1,O1,h00038,main_default_opt_2,True,ret,5,5,0
own_v1,O1,h00038,main_default_opt_2,True,sdiv,4,4,0
own_v1,O1,h00038,main_default_opt_2,True,select,11,11,0
own_v1,O1,h00038,main_default_opt_2,True,sext,7,7,0
own_v1,O1,h00038,main_default_opt_2,True,shl,14,14,0
own_v1,O1,h00038,main_default_opt_2,True,srem,3,3,0
own_v1,O1,h00038,main_default_opt_2,True,store,688,689,1
own_v1,O1,h00038,main_default_opt_2,True,sub,6,6,0
own_v1,O1,h00038,main_default_opt_2,True,switch,4,4,0
own_v1,O1,h00038,main_default_opt_2,True,trunc,25,25,0
own_v1,O1,h00038,main_default_opt_2,True,unreachable,1,1,0
own_v1,O1,h00038,main_default_opt_2,True,xor,32,32,0
own_v1,O1,h00038,main_default_opt_2,True,zext,41,41,0
own_v1,O1,h00038,bundle_default_opt_3,True,add,61,61,0
own_v1,O1,h00038,bundle_default_opt_3,True,alloca,1,1,0
own_v1,O1,h00038,bundle_default_opt_3,True,and,52,40,-12
own_v1,O1,h00038,bundle_default_opt_3,True,ashr,5,5,0
own_v1,O1,h00038,bundle_default_opt_3,True,br,41,41,0
own_v1,O1,h00038,bundle_default_opt_3,True,call,13,13,0
own_v1,O1,h00038,bundle_default_opt_3,True,getelementptr,38,38,0
own_v1,O1,h00038,bundle_default_opt_3,True,icmp,32,32,0
own_v1,O1,h00038,bundle_default_opt_3,True,inttoptr,29,29,0
own_v1,O1,h00038,bundle_default_opt_3,True,load,147,109,-38
own_v1,O1,h00038,bundle_default_opt_3,True,lshr,18,18,0
own_v1,O1,h00038,bundle_default_opt_3,True,mul,3,3,0
own_v1,O1,h00038,bundle_default_opt_3,True,or,25,16,-9
own_v1,O1,h00038,bundle_default_opt_3,True,phi,68,67,-1
own_v1,O1,h00038,bundle_default_opt_3,True,ptrtoint,3,3,0
own_v1,O1,h00038,bundle_default_opt_3,True,ret,5,5,0
own_v1,O1,h00038,bundle_default_opt_3,True,sdiv,4,4,0
own_v1,O1,h00038,bundle_default_opt_3,True,select,11,11,0
own_v1,O1,h00038,bundle_default_opt_3,True,sext,7,7,0
own_v1,O1,h00038,bundle_default_opt_3,True,shl,14,14,0
own_v1,O1,h00038,bundle_default_opt_3,True,srem,3,3,0
own_v1,O1,h00038,bundle_default_opt_3,True,store,688,641,-47
own_v1,O1,h00038,bundle_default_opt_3,True,sub,6,6,0
own_v1,O1,h00038,bundle_default_opt_3,True,switch,4,4,0
own_v1,O1,h00038,bundle_default_opt_3,True,trunc,26,25,-1
own_v1,O1,h00038,bundle_default_opt_3,True,unreachable,1,1,0
own_v1,O1,h00038,bundle_default_opt_3,True,xor,32,32,0
own_v1,O1,h00038,bundle_default_opt_3,True,zext,45,41,-4
own_v1,O1,h00038,bundle_default_opt_4,True,add,61,61,0
own_v1,O1,h00038,bundle_default_opt_4,True,alloca,1,1,0
own_v1,O1,h00038,bundle_default_opt_4,True,and,40,40,0
own_v1,O1,h00038,bundle_default_opt_4,True,ashr,5,5,0
own_v1,O1,h00038,bundle_default_opt_4,True,br,41,41,0
own_v1,O1,h00038,bundle_default_opt_4,True,call,13,13,0
own_v1,O1,h00038,bundle_default_opt_4,True,getelementptr,38,38,0
own_v1,O1,h00038,bundle_default_opt_4,True,icmp,32,32,0
own_v1,O1,h00038,bundle_default_opt_4,True,inttoptr,29,29,0
own_v1,O1,h00038,bundle_default_opt_4,True,load,109,109,0
own_v1,O1,h00038,bundle_default_opt_4,True,lshr,18,18,0
own_v1,O1,h00038,bundle_default_opt_4,True,mul,3,3,0
own_v1,O1,h00038,bundle_default_opt_4,True,or,16,14,-2
own_v1,O1,h00038,bundle_default_opt_4,True,phi,67,67,0
own_v1,O1,h00038,bundle_default_opt_4,True,ptrtoint,3,3,0
own_v1,O1,h00038,bundle_default_opt_4,True,ret,5,5,0
own_v1,O1,h00038,bundle_default_opt_4,True,sdiv,4,4,0
own_v1,O1,h00038,bundle_default_opt_4,True,select,11,11,0
own_v1,O1,h00038,bundle_default_opt_4,True,sext,7,7,0
own_v1,O1,h00038,bundle_default_opt_4,True,shl,14,14,0
own_v1,O1,h00038,bundle_default_opt_4,True,srem,3,3,0
own_v1,O1,h00038,bundle_default_opt_4,True,store,641,641,0
own_v1,O1,h00038,bundle_default_opt_4,True,sub,6,6,0
own_v1,O1,h00038,bundle_default_opt_4,True,switch,4,4,0
own_v1,O1,h00038,bundle_default_opt_4,True,trunc,25,25,0
own_v1,O1,h00038,bundle_default_opt_4,True,unreachable,1,1,0
own_v1,O1,h00038,bundle_default_opt_4,True,xor,32,32,0
own_v1,O1,h00038,bundle_default_opt_4,True,zext,41,41,0
own_v1,O1,h00038,bundle_post_opt_4_custom_cleanup,True,add,61,0,-61
own_v1,O1,h00038,bundle_post_opt_4_custom_cleanup,True,alloca,1,0,-1
own_v1,O1,h00038,bundle_post_opt_4_custom_cleanup,True,and,40,0,-40
own_v1,O1,h00038,bundle_post_opt_4_custom_cleanup,True,ashr,5,0,-5
own_v1,O1,h00038,bundle_post_opt_4_custom_cleanup,True,br,41,0,-41
own_v1,O1,h00038,bundle_post_opt_4_custom_cleanup,True,call,13,0,-13
own_v1,O1,h00038,bundle_post_opt_4_custom_cleanup,True,getelementptr,38,0,-38
own_v1,O1,h00038,bundle_post_opt_4_custom_cleanup,True,icmp,32,0,-32
own_v1,O1,h00038,bundle_post_opt_4_custom_cleanup,True,inttoptr,29,0,-29
own_v1,O1,h00038,bundle_post_opt_4_custom_cleanup,True,load,109,0,-109
own_v1,O1,h00038,bundle_post_opt_4_custom_cleanup,True,lshr,18,0,-18
own_v1,O1,h00038,bundle_post_opt_4_custom_cleanup,True,mul,3,0,-3
own_v1,O1,h00038,bundle_post_opt_4_custom_cleanup,True,or,14,0,-14
own_v1,O1,h00038,bundle_post_opt_4_custom_cleanup,True,phi,67,0,-67
own_v1,O1,h00038,bundle_post_opt_4_custom_cleanup,True,ptrtoint,3,0,-3
own_v1,O1,h00038,bundle_post_opt_4_custom_cleanup,True,ret,5,0,-5
own_v1,O1,h00038,bundle_post_opt_4_custom_cleanup,True,sdiv,4,0,-4
own_v1,O1,h00038,bundle_post_opt_4_custom_cleanup,True,select,11,0,-11
own_v1,O1,h00038,bundle_post_opt_4_custom_cleanup,True,sext,7,0,-7
own_v1,O1,h00038,bundle_post_opt_4_custom_cleanup,True,shl,14,0,-14
own_v1,O1,h00038,bundle_post_opt_4_custom_cleanup,True,srem,3,0,-3
own_v1,O1,h00038,bundle_post_opt_4_custom_cleanup,True,store,641,0,-641
own_v1,O1,h00038,bundle_post_opt_4_custom_cleanup,True,sub,6,0,-6
own_v1,O1,h00038,bundle_post_opt_4_custom_cleanup,True,switch,4,0,-4
own_v1,O1,h00038,bundle_post_opt_4_custom_cleanup,True,trunc,25,0,-25
own_v1,O1,h00038,bundle_post_opt_4_custom_cleanup,True,unreachable,1,0,-1
own_v1,O1,h00038,bundle_post_opt_4_custom_cleanup,True,xor,32,0,-32
own_v1,O1,h00038,bundle_post_opt_4_custom_cleanup,True,zext,41,0,-41
own_v1,O1,h00039,main_default_opt_1,True,add,29,23,-6
own_v1,O1,h00039,main_default_opt_1,True,alloca,7,5,-2
own_v1,O1,h00039,main_default_opt_1,True,and,20,18,-2
own_v1,O1,h00039,main_default_opt_1,True,br,20,18,-2
own_v1,O1,h00039,main_default_opt_1,True,call,27,15,-12
own_v1,O1,h00039,main_default_opt_1,True,getelementptr,79,62,-17
own_v1,O1,h00039,main_default_opt_1,True,icmp,16,15,-1
own_v1,O1,h00039,main_default_opt_1,True,inttoptr,10,8,-2
own_v1,O1,h00039,main_default_opt_1,True,load,91,74,-17
own_v1,O1,h00039,main_default_opt_1,True,lshr,10,9,-1
own_v1,O1,h00039,main_default_opt_1,True,mul,4,3,-1
own_v1,O1,h00039,main_default_opt_1,True,phi,20,24,4
own_v1,O1,h00039,main_default_opt_1,True,ptrtoint,4,4,0
own_v1,O1,h00039,main_default_opt_1,True,ret,11,2,-9
own_v1,O1,h00039,main_default_opt_1,True,select,6,6,0
own_v1,O1,h00039,main_default_opt_1,True,shl,7,7,0
own_v1,O1,h00039,main_default_opt_1,True,store,474,418,-56
own_v1,O1,h00039,main_default_opt_1,True,sub,2,2,0
own_v1,O1,h00039,main_default_opt_1,True,switch,1,1,0
own_v1,O1,h00039,main_default_opt_1,True,trunc,15,10,-5
own_v1,O1,h00039,main_default_opt_1,True,xor,23,19,-4
own_v1,O1,h00039,main_default_opt_1,True,zext,24,22,-2
own_v1,O1,h00039,main_default_opt_2,True,add,15,13,-2
own_v1,O1,h00039,main_default_opt_2,True,alloca,2,2,0
own_v1,O1,h00039,main_default_opt_2,True,and,8,8,0
own_v1,O1,h00039,main_default_opt_2,True,br,18,18,0
own_v1,O1,h00039,main_default_opt_2,True,call,5,3,-2
own_v1,O1,h00039,main_default_opt_2,True,getelementptr,33,31,-2
own_v1,O1,h00039,main_default_opt_2,True,icmp,6,6,0
own_v1,O1,h00039,main_default_opt_2,True,inttoptr,11,7,-4
own_v1,O1,h00039,main_default_opt_2,True,load,21,22,1
own_v1,O1,h00039,main_default_opt_2,True,lshr,1,1,0
own_v1,O1,h00039,main_default_opt_2,True,mul,3,3,0
own_v1,O1,h00039,main_default_opt_2,True,phi,4,2,-2
own_v1,O1,h00039,main_default_opt_2,True,ptrtoint,1,1,0
own_v1,O1,h00039,main_default_opt_2,True,ret,2,2,0
own_v1,O1,h00039,main_default_opt_2,True,select,6,6,0
own_v1,O1,h00039,main_default_opt_2,True,shl,7,7,0
own_v1,O1,h00039,main_default_opt_2,True,store,33,35,2
own_v1,O1,h00039,main_default_opt_2,True,sub,1,1,0
own_v1,O1,h00039,main_default_opt_2,True,switch,1,1,0
own_v1,O1,h00039,main_default_opt_2,True,xor,10,10,0
own_v1,O1,h00039,bundle_default_opt_3,True,add,7,7,0
own_v1,O1,h00039,bundle_default_opt_3,True,alloca,2,2,0
own_v1,O1,h00039,bundle_default_opt_3,True,and,8,8,0
own_v1,O1,h00039,bundle_default_opt_3,True,br,18,18,0
own_v1,O1,h00039,bundle_default_opt_3,True,call,3,3,0
own_v1,O1,h00039,bundle_default_opt_3,True,getelementptr,37,21,-16
own_v1,O1,h00039,bundle_default_opt_3,True,icmp,6,6,0
own_v1,O1,h00039,bundle_default_opt_3,True,inttoptr,1,1,0
own_v1,O1,h00039,bundle_default_opt_3,True,load,22,22,0
own_v1,O1,h00039,bundle_default_opt_3,True,lshr,1,1,0
own_v1,O1,h00039,bundle_default_opt_3,True,mul,3,3,0
own_v1,O1,h00039,bundle_default_opt_3,True,phi,2,2,0
own_v1,O1,h00039,bundle_default_opt_3,True,ptrtoint,1,1,0
own_v1,O1,h00039,bundle_default_opt_3,True,ret,2,2,0
own_v1,O1,h00039,bundle_default_opt_3,True,select,6,6,0
own_v1,O1,h00039,bundle_default_opt_3,True,shl,7,7,0
own_v1,O1,h00039,bundle_default_opt_3,True,store,35,35,0
own_v1,O1,h00039,bundle_default_opt_3,True,sub,1,1,0
own_v1,O1,h00039,bundle_default_opt_3,True,switch,1,1,0
own_v1,O1,h00039,bundle_default_opt_3,True,xor,10,10,0
own_v1,O1,h00039,bundle_default_opt_4,True,add,7,7,0
own_v1,O1,h00039,bundle_default_opt_4,True,alloca,2,2,0
own_v1,O1,h00039,bundle_default_opt_4,True,and,8,8,0
own_v1,O1,h00039,bundle_default_opt_4,True,br,18,18,0
own_v1,O1,h00039,bundle_default_opt_4,True,call,3,3,0
own_v1,O1,h00039,bundle_default_opt_4,True,getelementptr,21,21,0
own_v1,O1,h00039,bundle_default_opt_4,True,icmp,6,6,0
own_v1,O1,h00039,bundle_default_opt_4,True,inttoptr,1,1,0
own_v1,O1,h00039,bundle_default_opt_4,True,load,22,22,0
own_v1,O1,h00039,bundle_default_opt_4,True,lshr,1,1,0
own_v1,O1,h00039,bundle_default_opt_4,True,mul,3,3,0
own_v1,O1,h00039,bundle_default_opt_4,True,phi,2,2,0
own_v1,O1,h00039,bundle_default_opt_4,True,ptrtoint,1,1,0
own_v1,O1,h00039,bundle_default_opt_4,True,ret,2,2,0
own_v1,O1,h00039,bundle_default_opt_4,True,select,6,6,0
own_v1,O1,h00039,bundle_default_opt_4,True,shl,7,7,0
own_v1,O1,h00039,bundle_default_opt_4,True,store,35,35,0
own_v1,O1,h00039,bundle_default_opt_4,True,sub,1,1,0
own_v1,O1,h00039,bundle_default_opt_4,True,switch,1,1,0
own_v1,O1,h00039,bundle_default_opt_4,True,xor,10,10,0
own_v1,O1,h00039,bundle_post_opt_4_custom_cleanup,True,add,7,7,0
own_v1,O1,h00039,bundle_post_opt_4_custom_cleanup,True,alloca,2,2,0
own_v1,O1,h00039,bundle_post_opt_4_custom_cleanup,True,and,8,8,0
own_v1,O1,h00039,bundle_post_opt_4_custom_cleanup,True,br,18,18,0
own_v1,O1,h00039,bundle_post_opt_4_custom_cleanup,True,call,3,3,0
own_v1,O1,h00039,bundle_post_opt_4_custom_cleanup,True,getelementptr,21,21,0
own_v1,O1,h00039,bundle_post_opt_4_custom_cleanup,True,icmp,6,6,0
own_v1,O1,h00039,bundle_post_opt_4_custom_cleanup,True,inttoptr,1,1,0
own_v1,O1,h00039,bundle_post_opt_4_custom_cleanup,True,load,22,22,0
own_v1,O1,h00039,bundle_post_opt_4_custom_cleanup,True,lshr,1,1,0
own_v1,O1,h00039,bundle_post_opt_4_custom_cleanup,True,mul,3,3,0
own_v1,O1,h00039,bundle_post_opt_4_custom_cleanup,True,phi,2,2,0
own_v1,O1,h00039,bundle_post_opt_4_custom_cleanup,True,ptrtoint,1,1,0
own_v1,O1,h00039,bundle_post_opt_4_custom_cleanup,True,ret,2,1,-1
own_v1,O1,h00039,bundle_post_opt_4_custom_cleanup,True,select,6,6,0
own_v1,O1,h00039,bundle_post_opt_4_custom_cleanup,True,shl,7,7,0
own_v1,O1,h00039,bundle_post_opt_4_custom_cleanup,True,store,35,35,0
own_v1,O1,h00039,bundle_post_opt_4_custom_cleanup,True,sub,1,1,0
own_v1,O1,h00039,bundle_post_opt_4_custom_cleanup,True,switch,1,1,0
own_v1,O1,h00039,bundle_post_opt_4_custom_cleanup,True,xor,10,10,0
own_v1,O1,h00040,main_default_opt_1,True,add,141,141,0
own_v1,O1,h00040,main_default_opt_1,True,alloca,7,5,-2
own_v1,O1,h00040,main_default_opt_1,True,and,40,40,0
own_v1,O1,h00040,main_default_opt_1,True,br,53,54,1
own_v1,O1,h00040,main_default_opt_1,True,call,35,28,-7
own_v1,O1,h00040,main_default_opt_1,True,getelementptr,258,164,-94
own_v1,O1,h00040,main_default_opt_1,True,icmp,111,111,0
own_v1,O1,h00040,main_default_opt_1,True,inttoptr,37,37,0
own_v1,O1,h00040,main_default_opt_1,True,load,174,157,-17
own_v1,O1,h00040,main_default_opt_1,True,lshr,12,12,0
own_v1,O1,h00040,main_default_opt_1,True,mul,6,6,0
own_v1,O1,h00040,main_default_opt_1,True,phi,21,33,12
own_v1,O1,h00040,main_default_opt_1,True,ptrtoint,6,6,0
own_v1,O1,h00040,main_default_opt_1,True,ret,15,12,-3
own_v1,O1,h00040,main_default_opt_1,True,select,92,92,0
own_v1,O1,h00040,main_default_opt_1,True,sext,7,7,0
own_v1,O1,h00040,main_default_opt_1,True,shl,16,16,0
own_v1,O1,h00040,main_default_opt_1,True,store,920,902,-18
own_v1,O1,h00040,main_default_opt_1,True,sub,3,3,0
own_v1,O1,h00040,main_default_opt_1,True,switch,2,2,0
own_v1,O1,h00040,main_default_opt_1,True,trunc,21,17,-4
own_v1,O1,h00040,main_default_opt_1,True,xor,29,29,0
own_v1,O1,h00040,main_default_opt_1,True,zext,33,33,0
own_v1,O1,h00040,main_default_opt_2,True,add,136,141,5
own_v1,O1,h00040,main_default_opt_2,True,alloca,5,5,0
own_v1,O1,h00040,main_default_opt_2,True,and,52,41,-11
own_v1,O1,h00040,main_default_opt_2,True,br,54,54,0
own_v1,O1,h00040,main_default_opt_2,True,call,28,28,0
own_v1,O1,h00040,main_default_opt_2,True,getelementptr,189,188,-1
own_v1,O1,h00040,main_default_opt_2,True,icmp,135,117,-18
own_v1,O1,h00040,main_default_opt_2,True,inttoptr,27,26,-1
own_v1,O1,h00040,main_default_opt_2,True,load,157,157,0
own_v1,O1,h00040,main_default_opt_2,True,lshr,12,12,0
own_v1,O1,h00040,main_default_opt_2,True,mul,6,6,0
own_v1,O1,h00040,main_default_opt_2,True,phi,35,35,0
own_v1,O1,h00040,main_default_opt_2,True,ptrtoint,7,7,0
own_v1,O1,h00040,main_default_opt_2,True,ret,12,12,0
own_v1,O1,h00040,main_default_opt_2,True,select,104,104,0
own_v1,O1,h00040,main_default_opt_2,True,sext,7,7,0
own_v1,O1,h00040,main_default_opt_2,True,shl,16,16,0
own_v1,O1,h00040,main_default_opt_2,True,store,902,902,0
own_v1,O1,h00040,main_default_opt_2,True,sub,15,3,-12
own_v1,O1,h00040,main_default_opt_2,True,switch,2,2,0
own_v1,O1,h00040,main_default_opt_2,True,trunc,17,17,0
own_v1,O1,h00040,main_default_opt_2,True,xor,29,29,0
own_v1,O1,h00040,main_default_opt_2,True,zext,33,33,0
own_v1,O1,h00040,bundle_default_opt_3,True,add,141,141,0
own_v1,O1,h00040,bundle_default_opt_3,True,alloca,5,5,0
own_v1,O1,h00040,bundle_default_opt_3,True,and,41,41,0
own_v1,O1,h00040,bundle_default_opt_3,True,br,54,54,0
own_v1,O1,h00040,bundle_default_opt_3,True,call,27,29,2
own_v1,O1,h00040,bundle_default_opt_3,True,getelementptr,188,178,-10
own_v1,O1,h00040,bundle_default_opt_3,True,icmp,117,117,0
own_v1,O1,h00040,bundle_default_opt_3,True,inttoptr,26,26,0
own_v1,O1,h00040,bundle_default_opt_3,True,load,157,119,-38
own_v1,O1,h00040,bundle_default_opt_3,True,lshr,12,12,0
own_v1,O1,h00040,bundle_default_opt_3,True,mul,6,6,0
own_v1,O1,h00040,bundle_default_opt_3,True,phi,35,32,-3
own_v1,O1,h00040,bundle_default_opt_3,True,ptrtoint,6,6,0
own_v1,O1,h00040,bundle_default_opt_3,True,ret,12,12,0
own_v1,O1,h00040,bundle_default_opt_3,True,select,104,104,0
own_v1,O1,h00040,bundle_default_opt_3,True,sext,7,7,0
own_v1,O1,h00040,bundle_default_opt_3,True,shl,16,16,0
own_v1,O1,h00040,bundle_default_opt_3,True,store,901,806,-95
own_v1,O1,h00040,bundle_default_opt_3,True,sub,3,3,0
own_v1,O1,h00040,bundle_default_opt_3,True,switch,2,2,0
own_v1,O1,h00040,bundle_default_opt_3,True,trunc,17,17,0
own_v1,O1,h00040,bundle_default_opt_3,True,xor,29,29,0
own_v1,O1,h00040,bundle_default_opt_3,True,zext,33,33,0
own_v1,O1,h00040,bundle_default_opt_4,True,add,141,141,0
own_v1,O1,h00040,bundle_default_opt_4,True,alloca,5,5,0
own_v1,O1,h00040,bundle_default_opt_4,True,and,41,41,0
own_v1,O1,h00040,bundle_default_opt_4,True,br,54,54,0
own_v1,O1,h00040,bundle_default_opt_4,True,call,29,29,0
own_v1,O1,h00040,bundle_default_opt_4,True,getelementptr,178,178,0
own_v1,O1,h00040,bundle_default_opt_4,True,icmp,117,117,0
own_v1,O1,h00040,bundle_default_opt_4,True,inttoptr,26,26,0
own_v1,O1,h00040,bundle_default_opt_4,True,load,119,119,0
own_v1,O1,h00040,bundle_default_opt_4,True,lshr,12,12,0
own_v1,O1,h00040,bundle_default_opt_4,True,mul,6,6,0
own_v1,O1,h00040,bundle_default_opt_4,True,phi,32,32,0
own_v1,O1,h00040,bundle_default_opt_4,True,ptrtoint,6,6,0
own_v1,O1,h00040,bundle_default_opt_4,True,ret,12,12,0
own_v1,O1,h00040,bundle_default_opt_4,True,select,104,104,0
own_v1,O1,h00040,bundle_default_opt_4,True,sext,7,7,0
own_v1,O1,h00040,bundle_default_opt_4,True,shl,16,16,0
own_v1,O1,h00040,bundle_default_opt_4,True,store,806,806,0
own_v1,O1,h00040,bundle_default_opt_4,True,sub,3,3,0
own_v1,O1,h00040,bundle_default_opt_4,True,switch,2,2,0
own_v1,O1,h00040,bundle_default_opt_4,True,trunc,17,17,0
own_v1,O1,h00040,bundle_default_opt_4,True,xor,29,29,0
own_v1,O1,h00040,bundle_default_opt_4,True,zext,33,33,0
own_v1,O1,h00040,bundle_post_opt_4_custom_cleanup,True,add,141,141,0
own_v1,O1,h00040,bundle_post_opt_4_custom_cleanup,True,alloca,5,5,0
own_v1,O1,h00040,bundle_post_opt_4_custom_cleanup,True,and,41,41,0
own_v1,O1,h00040,bundle_post_opt_4_custom_cleanup,True,br,54,54,0
own_v1,O1,h00040,bundle_post_opt_4_custom_cleanup,True,call,29,29,0
own_v1,O1,h00040,bundle_post_opt_4_custom_cleanup,True,getelementptr,178,178,0
own_v1,O1,h00040,bundle_post_opt_4_custom_cleanup,True,icmp,117,117,0
own_v1,O1,h00040,bundle_post_opt_4_custom_cleanup,True,inttoptr,26,26,0
own_v1,O1,h00040,bundle_post_opt_4_custom_cleanup,True,load,119,119,0
own_v1,O1,h00040,bundle_post_opt_4_custom_cleanup,True,lshr,12,12,0
own_v1,O1,h00040,bundle_post_opt_4_custom_cleanup,True,mul,6,6,0
own_v1,O1,h00040,bundle_post_opt_4_custom_cleanup,True,phi,32,32,0
own_v1,O1,h00040,bundle_post_opt_4_custom_cleanup,True,ptrtoint,6,6,0
own_v1,O1,h00040,bundle_post_opt_4_custom_cleanup,True,ret,12,12,0
own_v1,O1,h00040,bundle_post_opt_4_custom_cleanup,True,select,104,104,0
own_v1,O1,h00040,bundle_post_opt_4_custom_cleanup,True,sext,7,7,0
own_v1,O1,h00040,bundle_post_opt_4_custom_cleanup,True,shl,16,16,0
own_v1,O1,h00040,bundle_post_opt_4_custom_cleanup,True,store,806,635,-171
own_v1,O1,h00040,bundle_post_opt_4_custom_cleanup,True,sub,3,3,0
own_v1,O1,h00040,bundle_post_opt_4_custom_cleanup,True,switch,2,2,0
own_v1,O1,h00040,bundle_post_opt_4_custom_cleanup,True,trunc,17,17,0
own_v1,O1,h00040,bundle_post_opt_4_custom_cleanup,True,xor,29,29,0
own_v1,O1,h00040,bundle_post_opt_4_custom_cleanup,True,zext,33,33,0
own_v1,O2,h00001,main_default_opt_1,True,add,28,28,0
own_v1,O2,h00001,main_default_opt_1,True,alloca,3,1,-2
own_v1,O2,h00001,main_default_opt_1,True,and,17,17,0
own_v1,O2,h00001,main_default_opt_1,True,br,29,30,1
own_v1,O2,h00001,main_default_opt_1,True,call,18,11,-7
own_v1,O2,h00001,main_default_opt_1,True,getelementptr,63,47,-16
own_v1,O2,h00001,main_default_opt_1,True,icmp,26,26,0
own_v1,O2,h00001,main_default_opt_1,True,inttoptr,12,12,0
own_v1,O2,h00001,main_default_opt_1,True,load,66,64,-2
own_v1,O2,h00001,main_default_opt_1,True,lshr,10,10,0
own_v1,O2,h00001,main_default_opt_1,True,mul,3,3,0
own_v1,O2,h00001,main_default_opt_1,True,or,1,1,0
own_v1,O2,h00001,main_default_opt_1,True,phi,26,37,11
own_v1,O2,h00001,main_default_opt_1,True,ptrtoint,5,5,0
own_v1,O2,h00001,main_default_opt_1,True,ret,11,8,-3
own_v1,O2,h00001,main_default_opt_1,True,select,14,14,0
own_v1,O2,h00001,main_default_opt_1,True,sext,1,1,0
own_v1,O2,h00001,main_default_opt_1,True,shl,4,4,0
own_v1,O2,h00001,main_default_opt_1,True,store,454,431,-23
own_v1,O2,h00001,main_default_opt_1,True,switch,1,1,0
own_v1,O2,h00001,main_default_opt_1,True,trunc,15,12,-3
own_v1,O2,h00001,main_default_opt_1,True,xor,18,18,0
own_v1,O2,h00001,main_default_opt_1,True,zext,25,23,-2
own_v1,O2,h00001,main_default_opt_2,True,add,25,25,0
own_v1,O2,h00001,main_default_opt_2,True,alloca,1,1,0
own_v1,O2,h00001,main_default_opt_2,True,and,19,17,-2
own_v1,O2,h00001,main_default_opt_2,True,br,30,30,0
own_v1,O2,h00001,main_default_opt_2,True,call,11,11,0
own_v1,O2,h00001,main_default_opt_2,True,getelementptr,48,45,-3
own_v1,O2,h00001,main_default_opt_2,True,icmp,28,24,-4
own_v1,O2,h00001,main_default_opt_2,True,inttoptr,9,9,0
own_v1,O2,h00001,main_default_opt_2,True,load,64,64,0
own_v1,O2,h00001,main_default_opt_2,True,lshr,10,10,0
own_v1,O2,h00001,main_default_opt_2,True,mul,3,3,0
own_v1,O2,h00001,main_default_opt_2,True,or,1,1,0
own_v1,O2,h00001,main_default_opt_2,True,phi,37,37,0
own_v1,O2,h00001,main_default_opt_2,True,ptrtoint,5,5,0
own_v1,O2,h00001,main_default_opt_2,True,ret,8,8,0
own_v1,O2,h00001,main_default_opt_2,True,select,14,14,0
own_v1,O2,h00001,main_default_opt_2,True,sext,1,1,0
own_v1,O2,h00001,main_default_opt_2,True,shl,4,4,0
own_v1,O2,h00001,main_default_opt_2,True,store,431,430,-1
own_v1,O2,h00001,main_default_opt_2,True,sub,2,0,-2
own_v1,O2,h00001,main_default_opt_2,True,switch,1,1,0
own_v1,O2,h00001,main_default_opt_2,True,trunc,12,12,0
own_v1,O2,h00001,main_default_opt_2,True,xor,18,18,0
own_v1,O2,h00001,main_default_opt_2,True,zext,23,23,0
own_v1,O2,h00001,bundle_default_opt_3,True,add,22,22,0
own_v1,O2,h00001,bundle_default_opt_3,True,alloca,1,1,0
own_v1,O2,h00001,bundle_default_opt_3,True,and,16,16,0
own_v1,O2,h00001,bundle_default_opt_3,True,br,30,30,0
own_v1,O2,h00001,bundle_default_opt_3,True,call,12,12,0
own_v1,O2,h00001,bundle_default_opt_3,True,getelementptr,39,39,0
own_v1,O2,h00001,bundle_default_opt_3,True,icmp,22,22,0
own_v1,O2,h00001,bundle_default_opt_3,True,inttoptr,8,8,0
own_v1,O2,h00001,bundle_default_opt_3,True,load,64,54,-10
own_v1,O2,h00001,bundle_default_opt_3,True,lshr,10,10,0
own_v1,O2,h00001,bundle_default_opt_3,True,mul,3,3,0
own_v1,O2,h00001,bundle_default_opt_3,True,or,1,1,0
own_v1,O2,h00001,bundle_default_opt_3,True,phi,28,28,0
own_v1,O2,h00001,bundle_default_opt_3,True,ptrtoint,1,1,0
own_v1,O2,h00001,bundle_default_opt_3,True,ret,9,9,0
own_v1,O2,h00001,bundle_default_opt_3,True,select,10,10,0
own_v1,O2,h00001,bundle_default_opt_3,True,shl,4,4,0
own_v1,O2,h00001,bundle_default_opt_3,True,store,320,259,-61
own_v1,O2,h00001,bundle_default_opt_3,True,switch,1,1,0
own_v1,O2,h00001,bundle_default_opt_3,True,trunc,12,12,0
own_v1,O2,h00001,bundle_default_opt_3,True,xor,18,18,0
own_v1,O2,h00001,bundle_default_opt_3,True,zext,12,11,-1
own_v1,O2,h00001,bundle_default_opt_4,True,add,22,22,0
own_v1,O2,h00001,bundle_default_opt_4,True,alloca,1,1,0
own_v1,O2,h00001,bundle_default_opt_4,True,and,16,16,0
own_v1,O2,h00001,bundle_default_opt_4,True,br,30,30,0
own_v1,O2,h00001,bundle_default_opt_4,True,call,12,12,0
own_v1,O2,h00001,bundle_default_opt_4,True,getelementptr,39,39,0
own_v1,O2,h00001,bundle_default_opt_4,True,icmp,22,22,0
own_v1,O2,h00001,bundle_default_opt_4,True,inttoptr,8,8,0
own_v1,O2,h00001,bundle_default_opt_4,True,load,54,54,0
own_v1,O2,h00001,bundle_default_opt_4,True,lshr,10,10,0
own_v1,O2,h00001,bundle_default_opt_4,True,mul,3,3,0
own_v1,O2,h00001,bundle_default_opt_4,True,or,1,1,0
own_v1,O2,h00001,bundle_default_opt_4,True,phi,28,28,0
own_v1,O2,h00001,bundle_default_opt_4,True,ptrtoint,1,1,0
own_v1,O2,h00001,bundle_default_opt_4,True,ret,9,9,0
own_v1,O2,h00001,bundle_default_opt_4,True,select,10,10,0
own_v1,O2,h00001,bundle_default_opt_4,True,shl,4,4,0
own_v1,O2,h00001,bundle_default_opt_4,True,store,259,258,-1
own_v1,O2,h00001,bundle_default_opt_4,True,switch,1,1,0
own_v1,O2,h00001,bundle_default_opt_4,True,trunc,12,12,0
own_v1,O2,h00001,bundle_default_opt_4,True,xor,18,18,0
own_v1,O2,h00001,bundle_default_opt_4,True,zext,11,11,0
own_v1,O2,h00001,bundle_post_opt_4_custom_cleanup,True,add,22,22,0
own_v1,O2,h00001,bundle_post_opt_4_custom_cleanup,True,alloca,1,1,0
own_v1,O2,h00001,bundle_post_opt_4_custom_cleanup,True,and,16,16,0
own_v1,O2,h00001,bundle_post_opt_4_custom_cleanup,True,br,30,30,0
own_v1,O2,h00001,bundle_post_opt_4_custom_cleanup,True,call,12,12,0
own_v1,O2,h00001,bundle_post_opt_4_custom_cleanup,True,getelementptr,39,39,0
own_v1,O2,h00001,bundle_post_opt_4_custom_cleanup,True,icmp,22,22,0
own_v1,O2,h00001,bundle_post_opt_4_custom_cleanup,True,inttoptr,8,8,0
own_v1,O2,h00001,bundle_post_opt_4_custom_cleanup,True,load,54,54,0
own_v1,O2,h00001,bundle_post_opt_4_custom_cleanup,True,lshr,10,10,0
own_v1,O2,h00001,bundle_post_opt_4_custom_cleanup,True,mul,3,3,0
own_v1,O2,h00001,bundle_post_opt_4_custom_cleanup,True,or,1,1,0
own_v1,O2,h00001,bundle_post_opt_4_custom_cleanup,True,phi,28,28,0
own_v1,O2,h00001,bundle_post_opt_4_custom_cleanup,True,ptrtoint,1,1,0
own_v1,O2,h00001,bundle_post_opt_4_custom_cleanup,True,ret,9,9,0
own_v1,O2,h00001,bundle_post_opt_4_custom_cleanup,True,select,10,10,0
own_v1,O2,h00001,bundle_post_opt_4_custom_cleanup,True,shl,4,4,0
own_v1,O2,h00001,bundle_post_opt_4_custom_cleanup,True,store,258,256,-2
own_v1,O2,h00001,bundle_post_opt_4_custom_cleanup,True,switch,1,1,0
own_v1,O2,h00001,bundle_post_opt_4_custom_cleanup,True,trunc,12,12,0
own_v1,O2,h00001,bundle_post_opt_4_custom_cleanup,True,xor,18,18,0
own_v1,O2,h00001,bundle_post_opt_4_custom_cleanup,True,zext,11,11,0
own_v1,O2,h00002,main_default_opt_1,True,add,58,52,-6
own_v1,O2,h00002,main_default_opt_1,True,alloca,7,5,-2
own_v1,O2,h00002,main_default_opt_1,True,and,20,18,-2
own_v1,O2,h00002,main_default_opt_1,True,br,29,27,-2
own_v1,O2,h00002,main_default_opt_1,True,call,29,17,-12
own_v1,O2,h00002,main_default_opt_1,True,getelementptr,52,35,-17
own_v1,O2,h00002,main_default_opt_1,True,icmp,24,23,-1
own_v1,O2,h00002,main_default_opt_1,True,inttoptr,39,37,-2
own_v1,O2,h00002,main_default_opt_1,True,load,96,79,-17
own_v1,O2,h00002,main_default_opt_1,True,lshr,12,11,-1
own_v1,O2,h00002,main_default_opt_1,True,mul,6,5,-1
own_v1,O2,h00002,main_default_opt_1,True,or,1,1,0
own_v1,O2,h00002,main_default_opt_1,True,phi,27,31,4
own_v1,O2,h00002,main_default_opt_1,True,ptrtoint,4,3,-1
own_v1,O2,h00002,main_default_opt_1,True,ret,11,2,-9
own_v1,O2,h00002,main_default_opt_1,True,sdiv,1,1,0
own_v1,O2,h00002,main_default_opt_1,True,select,8,8,0
own_v1,O2,h00002,main_default_opt_1,True,sext,4,4,0
own_v1,O2,h00002,main_default_opt_1,True,shl,5,5,0
own_v1,O2,h00002,main_default_opt_1,True,store,504,443,-61
own_v1,O2,h00002,main_default_opt_1,True,switch,1,1,0
own_v1,O2,h00002,main_default_opt_1,True,trunc,16,14,-2
own_v1,O2,h00002,main_default_opt_1,True,unreachable,1,1,0
own_v1,O2,h00002,main_default_opt_1,True,xor,24,20,-4
own_v1,O2,h00002,main_default_opt_1,True,zext,23,19,-4
own_v1,O2,h00002,main_default_opt_2,True,add,43,19,-24
own_v1,O2,h00002,main_default_opt_2,True,alloca,4,4,0
own_v1,O2,h00002,main_default_opt_2,True,and,10,6,-4
own_v1,O2,h00002,main_default_opt_2,True,br,27,22,-5
own_v1,O2,h00002,main_default_opt_2,True,call,10,9,-1
own_v1,O2,h00002,main_default_opt_2,True,getelementptr,25,22,-3
own_v1,O2,h00002,main_default_opt_2,True,icmp,20,12,-8
own_v1,O2,h00002,main_default_opt_2,True,inttoptr,39,11,-28
own_v1,O2,h00002,main_default_opt_2,True,load,20,21,1
own_v1,O2,h00002,main_default_opt_2,True,mul,5,5,0
own_v1,O2,h00002,main_default_opt_2,True,or,1,1,0
own_v1,O2,h00002,main_default_opt_2,True,phi,4,4,0
own_v1,O2,h00002,main_default_opt_2,True,ptrtoint,5,3,-2
own_v1,O2,h00002,main_default_opt_2,True,ret,2,2,0
own_v1,O2,h00002,main_default_opt_2,True,sdiv,1,1,0
own_v1,O2,h00002,main_default_opt_2,True,select,12,10,-2
own_v1,O2,h00002,main_default_opt_2,True,sext,4,4,0
own_v1,O2,h00002,main_default_opt_2,True,shl,5,5,0
own_v1,O2,h00002,main_default_opt_2,True,store,59,37,-22
own_v1,O2,h00002,main_default_opt_2,True,sub,4,0,-4
own_v1,O2,h00002,main_default_opt_2,True,switch,1,1,0
own_v1,O2,h00002,main_default_opt_2,True,unreachable,1,1,0
own_v1,O2,h00002,main_default_opt_2,True,xor,6,6,0
own_v1,O2,h00002,main_default_opt_2,True,zext,4,4,0
own_v1,O2,h00002,bundle_default_opt_3,True,add,10,10,0
own_v1,O2,h00002,bundle_default_opt_3,True,alloca,4,4,0
own_v1,O2,h00002,bundle_default_opt_3,True,and,6,6,0
own_v1,O2,h00002,bundle_default_opt_3,True,br,22,22,0
own_v1,O2,h00002,bundle_default_opt_3,True,call,9,9,0
own_v1,O2,h00002,bundle_default_opt_3,True,getelementptr,32,30,-2
own_v1,O2,h00002,bundle_default_opt_3,True,icmp,12,12,0
own_v1,O2,h00002,bundle_default_opt_3,True,inttoptr,1,1,0
own_v1,O2,h00002,bundle_default_opt_3,True,load,21,21,0
own_v1,O2,h00002,bundle_default_opt_3,True,mul,5,5,0
own_v1,O2,h00002,bundle_default_opt_3,True,or,1,1,0
own_v1,O2,h00002,bundle_default_opt_3,True,phi,4,4,0
own_v1,O2,h00002,bundle_default_opt_3,True,ptrtoint,3,3,0
own_v1,O2,h00002,bundle_default_opt_3,True,ret,2,2,0
own_v1,O2,h00002,bundle_default_opt_3,True,sdiv,1,1,0
own_v1,O2,h00002,bundle_default_opt_3,True,select,10,10,0
own_v1,O2,h00002,bundle_default_opt_3,True,sext,4,4,0
own_v1,O2,h00002,bundle_default_opt_3,True,shl,5,5,0
own_v1,O2,h00002,bundle_default_opt_3,True,store,37,37,0
own_v1,O2,h00002,bundle_default_opt_3,True,switch,1,1,0
own_v1,O2,h00002,bundle_default_opt_3,True,unreachable,1,1,0
own_v1,O2,h00002,bundle_default_opt_3,True,xor,6,6,0
own_v1,O2,h00002,bundle_default_opt_3,True,zext,4,4,0
own_v1,O2,h00002,bundle_default_opt_4,True,add,10,10,0
own_v1,O2,h00002,bundle_default_opt_4,True,alloca,4,4,0
own_v1,O2,h00002,bundle_default_opt_4,True,and,6,6,0
own_v1,O2,h00002,bundle_default_opt_4,True,br,22,22,0
own_v1,O2,h00002,bundle_default_opt_4,True,call,9,9,0
own_v1,O2,h00002,bundle_default_opt_4,True,getelementptr,30,30,0
own_v1,O2,h00002,bundle_default_opt_4,True,icmp,12,12,0
own_v1,O2,h00002,bundle_default_opt_4,True,inttoptr,1,1,0
own_v1,O2,h00002,bundle_default_opt_4,True,load,21,21,0
own_v1,O2,h00002,bundle_default_opt_4,True,mul,5,5,0
own_v1,O2,h00002,bundle_default_opt_4,True,or,1,1,0
own_v1,O2,h00002,bundle_default_opt_4,True,phi,4,4,0
own_v1,O2,h00002,bundle_default_opt_4,True,ptrtoint,3,3,0
own_v1,O2,h00002,bundle_default_opt_4,True,ret,2,2,0
own_v1,O2,h00002,bundle_default_opt_4,True,sdiv,1,1,0
own_v1,O2,h00002,bundle_default_opt_4,True,select,10,10,0
own_v1,O2,h00002,bundle_default_opt_4,True,sext,4,4,0
own_v1,O2,h00002,bundle_default_opt_4,True,shl,5,5,0
own_v1,O2,h00002,bundle_default_opt_4,True,store,37,37,0
own_v1,O2,h00002,bundle_default_opt_4,True,switch,1,1,0
own_v1,O2,h00002,bundle_default_opt_4,True,unreachable,1,1,0
own_v1,O2,h00002,bundle_default_opt_4,True,xor,6,6,0
own_v1,O2,h00002,bundle_default_opt_4,True,zext,4,4,0
own_v1,O2,h00002,bundle_post_opt_4_custom_cleanup,True,add,10,10,0
own_v1,O2,h00002,bundle_post_opt_4_custom_cleanup,True,alloca,4,4,0
own_v1,O2,h00002,bundle_post_opt_4_custom_cleanup,True,and,6,6,0
own_v1,O2,h00002,bundle_post_opt_4_custom_cleanup,True,br,22,22,0
own_v1,O2,h00002,bundle_post_opt_4_custom_cleanup,True,call,9,9,0
own_v1,O2,h00002,bundle_post_opt_4_custom_cleanup,True,getelementptr,30,30,0
own_v1,O2,h00002,bundle_post_opt_4_custom_cleanup,True,icmp,12,12,0
own_v1,O2,h00002,bundle_post_opt_4_custom_cleanup,True,inttoptr,1,1,0
own_v1,O2,h00002,bundle_post_opt_4_custom_cleanup,True,load,21,21,0
own_v1,O2,h00002,bundle_post_opt_4_custom_cleanup,True,mul,5,5,0
own_v1,O2,h00002,bundle_post_opt_4_custom_cleanup,True,or,1,1,0
own_v1,O2,h00002,bundle_post_opt_4_custom_cleanup,True,phi,4,4,0
own_v1,O2,h00002,bundle_post_opt_4_custom_cleanup,True,ptrtoint,3,3,0
own_v1,O2,h00002,bundle_post_opt_4_custom_cleanup,True,ret,2,1,-1
own_v1,O2,h00002,bundle_post_opt_4_custom_cleanup,True,sdiv,1,1,0
own_v1,O2,h00002,bundle_post_opt_4_custom_cleanup,True,select,10,10,0
own_v1,O2,h00002,bundle_post_opt_4_custom_cleanup,True,sext,4,4,0
own_v1,O2,h00002,bundle_post_opt_4_custom_cleanup,True,shl,5,5,0
own_v1,O2,h00002,bundle_post_opt_4_custom_cleanup,True,store,37,37,0
own_v1,O2,h00002,bundle_post_opt_4_custom_cleanup,True,switch,1,1,0
own_v1,O2,h00002,bundle_post_opt_4_custom_cleanup,True,unreachable,1,1,0
own_v1,O2,h00002,bundle_post_opt_4_custom_cleanup,True,xor,6,6,0
own_v1,O2,h00002,bundle_post_opt_4_custom_cleanup,True,zext,4,4,0
own_v1,O2,h00003,main_default_opt_1,True,add,27,21,-6
own_v1,O2,h00003,main_default_opt_1,True,alloca,9,7,-2
own_v1,O2,h00003,main_default_opt_1,True,and,18,15,-3
own_v1,O2,h00003,main_default_opt_1,True,ashr,1,1,0
own_v1,O2,h00003,main_default_opt_1,True,br,32,30,-2
own_v1,O2,h00003,main_default_opt_1,True,call,32,21,-11
own_v1,O2,h00003,main_default_opt_1,True,getelementptr,113,95,-18
own_v1,O2,h00003,main_default_opt_1,True,icmp,23,22,-1
own_v1,O2,h00003,main_default_opt_1,True,inttoptr,11,9,-2
own_v1,O2,h00003,main_default_opt_1,True,load,118,100,-18
own_v1,O2,h00003,main_default_opt_1,True,lshr,9,8,-1
own_v1,O2,h00003,main_default_opt_1,True,mul,3,1,-2
own_v1,O2,h00003,main_default_opt_1,True,phi,19,22,3
own_v1,O2,h00003,main_default_opt_1,True,ptrtoint,4,3,-1
own_v1,O2,h00003,main_default_opt_1,True,ret,11,2,-9
own_v1,O2,h00003,main_default_opt_1,True,select,11,11,0
own_v1,O2,h00003,main_default_opt_1,True,sext,1,1,0
own_v1,O2,h00003,main_default_opt_1,True,shl,4,4,0
own_v1,O2,h00003,main_default_opt_1,True,store,658,595,-63
own_v1,O2,h00003,main_default_opt_1,True,sub,4,4,0
own_v1,O2,h00003,main_default_opt_1,True,switch,1,1,0
own_v1,O2,h00003,main_default_opt_1,True,trunc,15,12,-3
own_v1,O2,h00003,main_default_opt_1,True,xor,19,13,-6
own_v1,O2,h00003,main_default_opt_1,True,zext,22,17,-5
own_v1,O2,h00003,main_default_opt_2,True,add,13,10,-3
own_v1,O2,h00003,main_default_opt_2,True,alloca,2,2,0
own_v1,O2,h00003,main_default_opt_2,True,and,5,5,0
own_v1,O2,h00003,main_default_opt_2,True,ashr,1,1,0
own_v1,O2,h00003,main_default_opt_2,True,br,30,30,0
own_v1,O2,h00003,main_default_opt_2,True,call,7,5,-2
own_v1,O2,h00003,main_default_opt_2,True,getelementptr,50,20,-30
own_v1,O2,h00003,main_default_opt_2,True,icmp,13,13,0
own_v1,O2,h00003,main_default_opt_2,True,inttoptr,10,5,-5
own_v1,O2,h00003,main_default_opt_2,True,load,28,30,2
own_v1,O2,h00003,main_default_opt_2,True,mul,1,1,0
own_v1,O2,h00003,main_default_opt_2,True,phi,4,2,-2
own_v1,O2,h00003,main_default_opt_2,True,ptrtoint,1,1,0
own_v1,O2,h00003,main_default_opt_2,True,ret,2,2,0
own_v1,O2,h00003,main_default_opt_2,True,select,11,11,0
own_v1,O2,h00003,main_default_opt_2,True,sext,1,1,0
own_v1,O2,h00003,main_default_opt_2,True,shl,4,4,0
own_v1,O2,h00003,main_default_opt_2,True,store,52,54,2
own_v1,O2,h00003,main_default_opt_2,True,sub,3,3,0
own_v1,O2,h00003,main_default_opt_2,True,switch,1,1,0
own_v1,O2,h00003,main_default_opt_2,True,trunc,1,1,0
own_v1,O2,h00003,main_default_opt_2,True,xor,4,4,0
own_v1,O2,h00003,main_default_opt_2,True,zext,1,1,0
own_v1,O2,h00003,bundle_default_opt_3,True,add,6,6,0
own_v1,O2,h00003,bundle_default_opt_3,True,alloca,2,2,0
own_v1,O2,h00003,bundle_default_opt_3,True,and,5,5,0
own_v1,O2,h00003,bundle_default_opt_3,True,ashr,1,1,0
own_v1,O2,h00003,bundle_default_opt_3,True,br,30,30,0
own_v1,O2,h00003,bundle_default_opt_3,True,call,5,5,0
own_v1,O2,h00003,bundle_default_opt_3,True,getelementptr,24,23,-1
own_v1,O2,h00003,bundle_default_opt_3,True,icmp,13,13,0
own_v1,O2,h00003,bundle_default_opt_3,True,inttoptr,1,1,0
own_v1,O2,h00003,bundle_default_opt_3,True,load,30,30,0
own_v1,O2,h00003,bundle_default_opt_3,True,mul,1,1,0
own_v1,O2,h00003,bundle_default_opt_3,True,phi,2,2,0
own_v1,O2,h00003,bundle_default_opt_3,True,ptrtoint,1,1,0
own_v1,O2,h00003,bundle_default_opt_3,True,ret,2,2,0
own_v1,O2,h00003,bundle_default_opt_3,True,select,11,11,0
own_v1,O2,h00003,bundle_default_opt_3,True,sext,1,1,0
own_v1,O2,h00003,bundle_default_opt_3,True,shl,4,4,0
own_v1,O2,h00003,bundle_default_opt_3,True,store,54,54,0
own_v1,O2,h00003,bundle_default_opt_3,True,sub,3,3,0
own_v1,O2,h00003,bundle_default_opt_3,True,switch,1,1,0
own_v1,O2,h00003,bundle_default_opt_3,True,trunc,1,1,0
own_v1,O2,h00003,bundle_default_opt_3,True,xor,4,4,0
own_v1,O2,h00003,bundle_default_opt_3,True,zext,1,1,0
own_v1,O2,h00003,bundle_default_opt_4,True,add,6,6,0
own_v1,O2,h00003,bundle_default_opt_4,True,alloca,2,2,0
own_v1,O2,h00003,bundle_default_opt_4,True,and,5,5,0
own_v1,O2,h00003,bundle_default_opt_4,True,ashr,1,1,0
own_v1,O2,h00003,bundle_default_opt_4,True,br,30,30,0
own_v1,O2,h00003,bundle_default_opt_4,True,call,5,5,0
own_v1,O2,h00003,bundle_default_opt_4,True,getelementptr,23,23,0
own_v1,O2,h00003,bundle_default_opt_4,True,icmp,13,13,0
own_v1,O2,h00003,bundle_default_opt_4,True,inttoptr,1,1,0
own_v1,O2,h00003,bundle_default_opt_4,True,load,30,30,0
own_v1,O2,h00003,bundle_default_opt_4,True,mul,1,1,0
own_v1,O2,h00003,bundle_default_opt_4,True,phi,2,2,0
own_v1,O2,h00003,bundle_default_opt_4,True,ptrtoint,1,1,0
own_v1,O2,h00003,bundle_default_opt_4,True,ret,2,2,0
own_v1,O2,h00003,bundle_default_opt_4,True,select,11,11,0
own_v1,O2,h00003,bundle_default_opt_4,True,sext,1,1,0
own_v1,O2,h00003,bundle_default_opt_4,True,shl,4,4,0
own_v1,O2,h00003,bundle_default_opt_4,True,store,54,54,0
own_v1,O2,h00003,bundle_default_opt_4,True,sub,3,3,0
own_v1,O2,h00003,bundle_default_opt_4,True,switch,1,1,0
own_v1,O2,h00003,bundle_default_opt_4,True,trunc,1,1,0
own_v1,O2,h00003,bundle_default_opt_4,True,xor,4,4,0
own_v1,O2,h00003,bundle_default_opt_4,True,zext,1,1,0
own_v1,O2,h00003,bundle_post_opt_4_custom_cleanup,True,add,6,6,0
own_v1,O2,h00003,bundle_post_opt_4_custom_cleanup,True,alloca,2,2,0
own_v1,O2,h00003,bundle_post_opt_4_custom_cleanup,True,and,5,5,0
own_v1,O2,h00003,bundle_post_opt_4_custom_cleanup,True,ashr,1,1,0
own_v1,O2,h00003,bundle_post_opt_4_custom_cleanup,True,br,30,30,0
own_v1,O2,h00003,bundle_post_opt_4_custom_cleanup,True,call,5,5,0
own_v1,O2,h00003,bundle_post_opt_4_custom_cleanup,True,getelementptr,23,23,0
own_v1,O2,h00003,bundle_post_opt_4_custom_cleanup,True,icmp,13,13,0
own_v1,O2,h00003,bundle_post_opt_4_custom_cleanup,True,inttoptr,1,1,0
own_v1,O2,h00003,bundle_post_opt_4_custom_cleanup,True,load,30,30,0
own_v1,O2,h00003,bundle_post_opt_4_custom_cleanup,True,mul,1,1,0
own_v1,O2,h00003,bundle_post_opt_4_custom_cleanup,True,phi,2,2,0
own_v1,O2,h00003,bundle_post_opt_4_custom_cleanup,True,ptrtoint,1,1,0
own_v1,O2,h00003,bundle_post_opt_4_custom_cleanup,True,ret,2,1,-1
own_v1,O2,h00003,bundle_post_opt_4_custom_cleanup,True,select,11,11,0
own_v1,O2,h00003,bundle_post_opt_4_custom_cleanup,True,sext,1,1,0
own_v1,O2,h00003,bundle_post_opt_4_custom_cleanup,True,shl,4,4,0
own_v1,O2,h00003,bundle_post_opt_4_custom_cleanup,True,store,54,54,0
own_v1,O2,h00003,bundle_post_opt_4_custom_cleanup,True,sub,3,3,0
own_v1,O2,h00003,bundle_post_opt_4_custom_cleanup,True,switch,1,1,0
own_v1,O2,h00003,bundle_post_opt_4_custom_cleanup,True,trunc,1,1,0
own_v1,O2,h00003,bundle_post_opt_4_custom_cleanup,True,xor,4,4,0
own_v1,O2,h00003,bundle_post_opt_4_custom_cleanup,True,zext,1,1,0
own_v1,O2,h00004,main_default_opt_1,True,add,63,63,0
own_v1,O2,h00004,main_default_opt_1,True,alloca,7,5,-2
own_v1,O2,h00004,main_default_opt_1,True,and,28,27,-1
own_v1,O2,h00004,main_default_opt_1,True,br,28,24,-4
own_v1,O2,h00004,main_default_opt_1,True,call,35,28,-7
own_v1,O2,h00004,main_default_opt_1,True,getelementptr,86,62,-24
own_v1,O2,h00004,main_default_opt_1,True,icmp,25,25,0
own_v1,O2,h00004,main_default_opt_1,True,inttoptr,30,30,0
own_v1,O2,h00004,main_default_opt_1,True,load,160,129,-31
own_v1,O2,h00004,main_default_opt_1,True,lshr,11,11,0
own_v1,O2,h00004,main_default_opt_1,True,mul,7,7,0
own_v1,O2,h00004,main_default_opt_1,True,or,1,1,0
own_v1,O2,h00004,main_default_opt_1,True,phi,25,33,8
own_v1,O2,h00004,main_default_opt_1,True,ptrtoint,4,4,0
own_v1,O2,h00004,main_default_opt_1,True,ret,12,9,-3
own_v1,O2,h00004,main_default_opt_1,True,select,14,14,0
own_v1,O2,h00004,main_default_opt_1,True,shl,6,5,-1
own_v1,O2,h00004,main_default_opt_1,True,store,539,512,-27
own_v1,O2,h00004,main_default_opt_1,True,sub,1,1,0
own_v1,O2,h00004,main_default_opt_1,True,switch,3,1,-2
own_v1,O2,h00004,main_default_opt_1,True,trunc,28,23,-5
own_v1,O2,h00004,main_default_opt_1,True,xor,29,29,0
own_v1,O2,h00004,main_default_opt_1,True,zext,40,36,-4
own_v1,O2,h00004,main_default_opt_2,True,add,54,70,16
own_v1,O2,h00004,main_default_opt_2,True,alloca,5,5,0
own_v1,O2,h00004,main_default_opt_2,True,and,43,27,-16
own_v1,O2,h00004,main_default_opt_2,True,br,24,24,0
own_v1,O2,h00004,main_default_opt_2,True,call,28,28,0
own_v1,O2,h00004,main_default_opt_2,True,getelementptr,91,87,-4
own_v1,O2,h00004,main_default_opt_2,True,icmp,57,41,-16
own_v1,O2,h00004,main_default_opt_2,True,inttoptr,25,25,0
own_v1,O2,h00004,main_default_opt_2,True,load,129,129,0
own_v1,O2,h00004,main_default_opt_2,True,lshr,11,11,0
own_v1,O2,h00004,main_default_opt_2,True,mul,7,7,0
own_v1,O2,h00004,main_default_opt_2,True,or,1,1,0
own_v1,O2,h00004,main_default_opt_2,True,phi,33,33,0
own_v1,O2,h00004,main_default_opt_2,True,ptrtoint,12,12,0
own_v1,O2,h00004,main_default_opt_2,True,ret,9,9,0
own_v1,O2,h00004,main_default_opt_2,True,select,30,30,0
own_v1,O2,h00004,main_default_opt_2,True,shl,5,5,0
own_v1,O2,h00004,main_default_opt_2,True,store,512,512,0
own_v1,O2,h00004,main_default_opt_2,True,sub,17,1,-16
own_v1,O2,h00004,main_default_opt_2,True,switch,1,1,0
own_v1,O2,h00004,main_default_opt_2,True,trunc,23,23,0
own_v1,O2,h00004,main_default_opt_2,True,xor,29,29,0
own_v1,O2,h00004,main_default_opt_2,True,zext,36,36,0
own_v1,O2,h00004,bundle_default_opt_3,True,add,60,60,0
own_v1,O2,h00004,bundle_default_opt_3,True,alloca,5,5,0
own_v1,O2,h00004,bundle_default_opt_3,True,and,31,29,-2
own_v1,O2,h00004,bundle_default_opt_3,True,br,24,24,0
own_v1,O2,h00004,bundle_default_opt_3,True,call,33,30,-3
own_v1,O2,h00004,bundle_default_opt_3,True,getelementptr,77,77,0
own_v1,O2,h00004,bundle_default_opt_3,True,icmp,31,31,0
own_v1,O2,h00004,bundle_default_opt_3,True,inttoptr,20,20,0
own_v1,O2,h00004,bundle_default_opt_3,True,load,133,97,-36
own_v1,O2,h00004,bundle_default_opt_3,True,lshr,11,10,-1
own_v1,O2,h00004,bundle_default_opt_3,True,mul,7,7,0
own_v1,O2,h00004,bundle_default_opt_3,True,or,5,5,0
own_v1,O2,h00004,bundle_default_opt_3,True,phi,33,33,0
own_v1,O2,h00004,bundle_default_opt_3,True,ptrtoint,11,9,-2
own_v1,O2,h00004,bundle_default_opt_3,True,ret,10,10,0
own_v1,O2,h00004,bundle_default_opt_3,True,select,20,20,0
own_v1,O2,h00004,bundle_default_opt_3,True,shl,5,5,0
own_v1,O2,h00004,bundle_default_opt_3,True,store,511,408,-103
own_v1,O2,h00004,bundle_default_opt_3,True,sub,1,1,0
own_v1,O2,h00004,bundle_default_opt_3,True,switch,1,1,0
own_v1,O2,h00004,bundle_default_opt_3,True,trunc,23,21,-2
own_v1,O2,h00004,bundle_default_opt_3,True,xor,29,26,-3
own_v1,O2,h00004,bundle_default_opt_3,True,zext,36,35,-1
own_v1,O2,h00004,bundle_default_opt_4,True,add,60,59,-1
own_v1,O2,h00004,bundle_default_opt_4,True,alloca,5,5,0
own_v1,O2,h00004,bundle_default_opt_4,True,and,29,28,-1
own_v1,O2,h00004,bundle_default_opt_4,True,br,24,24,0
own_v1,O2,h00004,bundle_default_opt_4,True,call,30,30,0
own_v1,O2,h00004,bundle_default_opt_4,True,getelementptr,77,77,0
own_v1,O2,h00004,bundle_default_opt_4,True,icmp,31,29,-2
own_v1,O2,h00004,bundle_default_opt_4,True,inttoptr,20,20,0
own_v1,O2,h00004,bundle_default_opt_4,True,load,97,97,0
own_v1,O2,h00004,bundle_default_opt_4,True,lshr,10,9,-1
own_v1,O2,h00004,bundle_default_opt_4,True,mul,7,7,0
own_v1,O2,h00004,bundle_default_opt_4,True,or,5,5,0
own_v1,O2,h00004,bundle_default_opt_4,True,phi,33,33,0
own_v1,O2,h00004,bundle_default_opt_4,True,ptrtoint,9,9,0
own_v1,O2,h00004,bundle_default_opt_4,True,ret,10,10,0
own_v1,O2,h00004,bundle_default_opt_4,True,select,20,20,0
own_v1,O2,h00004,bundle_default_opt_4,True,shl,5,5,0
own_v1,O2,h00004,bundle_default_opt_4,True,store,408,407,-1
own_v1,O2,h00004,bundle_default_opt_4,True,sub,1,1,0
own_v1,O2,h00004,bundle_default_opt_4,True,switch,1,1,0
own_v1,O2,h00004,bundle_default_opt_4,True,trunc,21,21,0
own_v1,O2,h00004,bundle_default_opt_4,True,xor,26,25,-1
own_v1,O2,h00004,bundle_default_opt_4,True,zext,35,33,-2
own_v1,O2,h00004,bundle_post_opt_4_custom_cleanup,True,add,59,59,0
own_v1,O2,h00004,bundle_post_opt_4_custom_cleanup,True,alloca,5,5,0
own_v1,O2,h00004,bundle_post_opt_4_custom_cleanup,True,and,28,28,0
own_v1,O2,h00004,bundle_post_opt_4_custom_cleanup,True,br,24,24,0
own_v1,O2,h00004,bundle_post_opt_4_custom_cleanup,True,call,30,30,0
own_v1,O2,h00004,bundle_post_opt_4_custom_cleanup,True,getelementptr,77,77,0
own_v1,O2,h00004,bundle_post_opt_4_custom_cleanup,True,icmp,29,29,0
own_v1,O2,h00004,bundle_post_opt_4_custom_cleanup,True,inttoptr,20,20,0
own_v1,O2,h00004,bundle_post_opt_4_custom_cleanup,True,load,97,97,0
own_v1,O2,h00004,bundle_post_opt_4_custom_cleanup,True,lshr,9,9,0
own_v1,O2,h00004,bundle_post_opt_4_custom_cleanup,True,mul,7,7,0
own_v1,O2,h00004,bundle_post_opt_4_custom_cleanup,True,or,5,5,0
own_v1,O2,h00004,bundle_post_opt_4_custom_cleanup,True,phi,33,33,0
own_v1,O2,h00004,bundle_post_opt_4_custom_cleanup,True,ptrtoint,9,9,0
own_v1,O2,h00004,bundle_post_opt_4_custom_cleanup,True,ret,10,10,0
own_v1,O2,h00004,bundle_post_opt_4_custom_cleanup,True,select,20,20,0
own_v1,O2,h00004,bundle_post_opt_4_custom_cleanup,True,shl,5,5,0
own_v1,O2,h00004,bundle_post_opt_4_custom_cleanup,True,store,407,407,0
own_v1,O2,h00004,bundle_post_opt_4_custom_cleanup,True,sub,1,1,0
own_v1,O2,h00004,bundle_post_opt_4_custom_cleanup,True,switch,1,1,0
own_v1,O2,h00004,bundle_post_opt_4_custom_cleanup,True,trunc,21,21,0
own_v1,O2,h00004,bundle_post_opt_4_custom_cleanup,True,xor,25,25,0
own_v1,O2,h00004,bundle_post_opt_4_custom_cleanup,True,zext,33,33,0
own_v1,O2,h00005,main_default_opt_1,True,add,33,33,0
own_v1,O2,h00005,main_default_opt_1,True,alloca,3,1,-2
own_v1,O2,h00005,main_default_opt_1,True,and,17,17,0
own_v1,O2,h00005,main_default_opt_1,True,br,20,21,1
own_v1,O2,h00005,main_default_opt_1,True,call,20,13,-7
own_v1,O2,h00005,main_default_opt_1,True,getelementptr,59,43,-16
own_v1,O2,h00005,main_default_opt_1,True,icmp,22,22,0
own_v1,O2,h00005,main_default_opt_1,True,inttoptr,16,16,0
own_v1,O2,h00005,main_default_opt_1,True,load,83,81,-2
own_v1,O2,h00005,main_default_opt_1,True,lshr,8,8,0
own_v1,O2,h00005,main_default_opt_1,True,mul,2,2,0
own_v1,O2,h00005,main_default_opt_1,True,phi,26,37,11
own_v1,O2,h00005,main_default_opt_1,True,ptrtoint,5,5,0
own_v1,O2,h00005,main_default_opt_1,True,ret,11,8,-3
own_v1,O2,h00005,main_default_opt_1,True,select,11,11,0
own_v1,O2,h00005,main_default_opt_1,True,sext,3,4,1
own_v1,O2,h00005,main_default_opt_1,True,shl,3,3,0
own_v1,O2,h00005,main_default_opt_1,True,store,438,415,-23
own_v1,O2,h00005,main_default_opt_1,True,switch,1,1,0
own_v1,O2,h00005,main_default_opt_1,True,trunc,16,12,-4
own_v1,O2,h00005,main_default_opt_1,True,xor,18,18,0
own_v1,O2,h00005,main_default_opt_1,True,zext,21,19,-2
own_v1,O2,h00005,main_default_opt_2,True,add,30,30,0
own_v1,O2,h00005,main_default_opt_2,True,alloca,1,1,0
own_v1,O2,h00005,main_default_opt_2,True,and,19,17,-2
own_v1,O2,h00005,main_default_opt_2,True,br,21,21,0
own_v1,O2,h00005,main_default_opt_2,True,call,13,13,0
own_v1,O2,h00005,main_default_opt_2,True,getelementptr,44,41,-3
own_v1,O2,h00005,main_default_opt_2,True,icmp,24,20,-4
own_v1,O2,h00005,main_default_opt_2,True,inttoptr,13,13,0
own_v1,O2,h00005,main_default_opt_2,True,load,81,81,0
own_v1,O2,h00005,main_default_opt_2,True,lshr,8,8,0
own_v1,O2,h00005,main_default_opt_2,True,mul,2,2,0
own_v1,O2,h00005,main_default_opt_2,True,phi,37,37,0
own_v1,O2,h00005,main_default_opt_2,True,ptrtoint,5,5,0
own_v1,O2,h00005,main_default_opt_2,True,ret,8,8,0
own_v1,O2,h00005,main_default_opt_2,True,select,11,11,0
own_v1,O2,h00005,main_default_opt_2,True,sext,4,4,0
own_v1,O2,h00005,main_default_opt_2,True,shl,3,3,0
own_v1,O2,h00005,main_default_opt_2,True,store,415,414,-1
own_v1,O2,h00005,main_default_opt_2,True,sub,2,0,-2
own_v1,O2,h00005,main_default_opt_2,True,switch,1,1,0
own_v1,O2,h00005,main_default_opt_2,True,trunc,12,12,0
own_v1,O2,h00005,main_default_opt_2,True,xor,18,18,0
own_v1,O2,h00005,main_default_opt_2,True,zext,19,19,0
own_v1,O2,h00005,bundle_default_opt_3,True,add,27,27,0
own_v1,O2,h00005,bundle_default_opt_3,True,alloca,1,1,0
own_v1,O2,h00005,bundle_default_opt_3,True,and,17,17,0
own_v1,O2,h00005,bundle_default_opt_3,True,br,21,21,0
own_v1,O2,h00005,bundle_default_opt_3,True,call,14,14,0
own_v1,O2,h00005,bundle_default_opt_3,True,getelementptr,35,35,0
own_v1,O2,h00005,bundle_default_opt_3,True,icmp,18,18,0
own_v1,O2,h00005,bundle_default_opt_3,True,inttoptr,12,12,0
own_v1,O2,h00005,bundle_default_opt_3,True,load,81,71,-10
own_v1,O2,h00005,bundle_default_opt_3,True,lshr,8,8,0
own_v1,O2,h00005,bundle_default_opt_3,True,mul,2,2,0
own_v1,O2,h00005,bundle_default_opt_3,True,phi,32,32,0
own_v1,O2,h00005,bundle_default_opt_3,True,ptrtoint,4,2,-2
own_v1,O2,h00005,bundle_default_opt_3,True,ret,9,9,0
own_v1,O2,h00005,bundle_default_opt_3,True,select,7,7,0
own_v1,O2,h00005,bundle_default_opt_3,True,sext,4,4,0
own_v1,O2,h00005,bundle_default_opt_3,True,shl,3,3,0
own_v1,O2,h00005,bundle_default_opt_3,True,store,360,287,-73
own_v1,O2,h00005,bundle_default_opt_3,True,switch,1,1,0
own_v1,O2,h00005,bundle_default_opt_3,True,trunc,12,12,0
own_v1,O2,h00005,bundle_default_opt_3,True,xor,18,18,0
own_v1,O2,h00005,bundle_default_opt_3,True,zext,15,14,-1
own_v1,O2,h00005,bundle_default_opt_4,True,add,27,27,0
own_v1,O2,h00005,bundle_default_opt_4,True,alloca,1,1,0
own_v1,O2,h00005,bundle_default_opt_4,True,and,17,17,0
own_v1,O2,h00005,bundle_default_opt_4,True,br,21,21,0
own_v1,O2,h00005,bundle_default_opt_4,True,call,14,14,0
own_v1,O2,h00005,bundle_default_opt_4,True,getelementptr,35,35,0
own_v1,O2,h00005,bundle_default_opt_4,True,icmp,18,18,0
own_v1,O2,h00005,bundle_default_opt_4,True,inttoptr,12,12,0
own_v1,O2,h00005,bundle_default_opt_4,True,load,71,71,0
own_v1,O2,h00005,bundle_default_opt_4,True,lshr,8,8,0
own_v1,O2,h00005,bundle_default_opt_4,True,mul,2,2,0
own_v1,O2,h00005,bundle_default_opt_4,True,phi,32,32,0
own_v1,O2,h00005,bundle_default_opt_4,True,ptrtoint,2,2,0
own_v1,O2,h00005,bundle_default_opt_4,True,ret,9,9,0
own_v1,O2,h00005,bundle_default_opt_4,True,select,7,7,0
own_v1,O2,h00005,bundle_default_opt_4,True,sext,4,4,0
own_v1,O2,h00005,bundle_default_opt_4,True,shl,3,3,0
own_v1,O2,h00005,bundle_default_opt_4,True,store,287,283,-4
own_v1,O2,h00005,bundle_default_opt_4,True,switch,1,1,0
own_v1,O2,h00005,bundle_default_opt_4,True,trunc,12,12,0
own_v1,O2,h00005,bundle_default_opt_4,True,xor,18,18,0
own_v1,O2,h00005,bundle_default_opt_4,True,zext,14,14,0
own_v1,O2,h00005,bundle_post_opt_4_custom_cleanup,True,add,27,27,0
own_v1,O2,h00005,bundle_post_opt_4_custom_cleanup,True,alloca,1,1,0
own_v1,O2,h00005,bundle_post_opt_4_custom_cleanup,True,and,17,17,0
own_v1,O2,h00005,bundle_post_opt_4_custom_cleanup,True,br,21,21,0
own_v1,O2,h00005,bundle_post_opt_4_custom_cleanup,True,call,14,14,0
own_v1,O2,h00005,bundle_post_opt_4_custom_cleanup,True,getelementptr,35,35,0
own_v1,O2,h00005,bundle_post_opt_4_custom_cleanup,True,icmp,18,18,0
own_v1,O2,h00005,bundle_post_opt_4_custom_cleanup,True,inttoptr,12,12,0
own_v1,O2,h00005,bundle_post_opt_4_custom_cleanup,True,load,71,71,0
own_v1,O2,h00005,bundle_post_opt_4_custom_cleanup,True,lshr,8,8,0
own_v1,O2,h00005,bundle_post_opt_4_custom_cleanup,True,mul,2,2,0
own_v1,O2,h00005,bundle_post_opt_4_custom_cleanup,True,phi,32,32,0
own_v1,O2,h00005,bundle_post_opt_4_custom_cleanup,True,ptrtoint,2,2,0
own_v1,O2,h00005,bundle_post_opt_4_custom_cleanup,True,ret,9,9,0
own_v1,O2,h00005,bundle_post_opt_4_custom_cleanup,True,select,7,7,0
own_v1,O2,h00005,bundle_post_opt_4_custom_cleanup,True,sext,4,4,0
own_v1,O2,h00005,bundle_post_opt_4_custom_cleanup,True,shl,3,3,0
own_v1,O2,h00005,bundle_post_opt_4_custom_cleanup,True,store,283,283,0
own_v1,O2,h00005,bundle_post_opt_4_custom_cleanup,True,switch,1,1,0
own_v1,O2,h00005,bundle_post_opt_4_custom_cleanup,True,trunc,12,12,0
own_v1,O2,h00005,bundle_post_opt_4_custom_cleanup,True,xor,18,18,0
own_v1,O2,h00005,bundle_post_opt_4_custom_cleanup,True,zext,14,14,0
own_v1,O2,h00006,main_default_opt_1,True,add,37,37,0
own_v1,O2,h00006,main_default_opt_1,True,alloca,3,1,-2
own_v1,O2,h00006,main_default_opt_1,True,and,25,25,0
own_v1,O2,h00006,main_default_opt_1,True,br,34,35,1
own_v1,O2,h00006,main_default_opt_1,True,call,18,12,-6
own_v1,O2,h00006,main_default_opt_1,True,getelementptr,74,54,-20
own_v1,O2,h00006,main_default_opt_1,True,icmp,27,27,0
own_v1,O2,h00006,main_default_opt_1,True,inttoptr,12,12,0
own_v1,O2,h00006,main_default_opt_1,True,load,76,74,-2
own_v1,O2,h00006,main_default_opt_1,True,lshr,9,9,0
own_v1,O2,h00006,main_default_opt_1,True,phi,19,30,11
own_v1,O2,h00006,main_default_opt_1,True,ptrtoint,5,5,0
own_v1,O2,h00006,main_default_opt_1,True,ret,11,8,-3
own_v1,O2,h00006,main_default_opt_1,True,select,16,16,0
own_v1,O2,h00006,main_default_opt_1,True,sext,5,5,0
own_v1,O2,h00006,main_default_opt_1,True,shl,13,13,0
own_v1,O2,h00006,main_default_opt_1,True,store,600,572,-28
own_v1,O2,h00006,main_default_opt_1,True,switch,1,1,0
own_v1,O2,h00006,main_default_opt_1,True,trunc,14,10,-4
own_v1,O2,h00006,main_default_opt_1,True,xor,23,22,-1
own_v1,O2,h00006,main_default_opt_1,True,zext,20,18,-2
own_v1,O2,h00006,main_default_opt_2,True,add,34,34,0
own_v1,O2,h00006,main_default_opt_2,True,alloca,1,1,0
own_v1,O2,h00006,main_default_opt_2,True,and,27,25,-2
own_v1,O2,h00006,main_default_opt_2,True,br,35,35,0
own_v1,O2,h00006,main_default_opt_2,True,call,12,12,0
own_v1,O2,h00006,main_default_opt_2,True,getelementptr,56,53,-3
own_v1,O2,h00006,main_default_opt_2,True,icmp,29,25,-4
own_v1,O2,h00006,main_default_opt_2,True,inttoptr,10,10,0
own_v1,O2,h00006,main_default_opt_2,True,load,74,74,0
own_v1,O2,h00006,main_default_opt_2,True,lshr,9,9,0
own_v1,O2,h00006,main_default_opt_2,True,phi,32,32,0
own_v1,O2,h00006,main_default_opt_2,True,ptrtoint,5,5,0
own_v1,O2,h00006,main_default_opt_2,True,ret,8,8,0
own_v1,O2,h00006,main_default_opt_2,True,select,16,16,0
own_v1,O2,h00006,main_default_opt_2,True,sext,5,5,0
own_v1,O2,h00006,main_default_opt_2,True,shl,13,13,0
own_v1,O2,h00006,main_default_opt_2,True,store,572,566,-6
own_v1,O2,h00006,main_default_opt_2,True,sub,2,0,-2
own_v1,O2,h00006,main_default_opt_2,True,switch,1,1,0
own_v1,O2,h00006,main_default_opt_2,True,trunc,10,10,0
own_v1,O2,h00006,main_default_opt_2,True,xor,22,22,0
own_v1,O2,h00006,main_default_opt_2,True,zext,18,18,0
own_v1,O2,h00006,bundle_default_opt_3,True,add,31,31,0
own_v1,O2,h00006,bundle_default_opt_3,True,alloca,1,1,0
own_v1,O2,h00006,bundle_default_opt_3,True,and,19,19,0
own_v1,O2,h00006,bundle_default_opt_3,True,br,35,35,0
own_v1,O2,h00006,bundle_default_opt_3,True,call,13,13,0
own_v1,O2,h00006,bundle_default_opt_3,True,getelementptr,47,47,0
own_v1,O2,h00006,bundle_default_opt_3,True,icmp,23,23,0
own_v1,O2,h00006,bundle_default_opt_3,True,inttoptr,9,9,0
own_v1,O2,h00006,bundle_default_opt_3,True,load,74,64,-10
own_v1,O2,h00006,bundle_default_opt_3,True,lshr,9,9,0
own_v1,O2,h00006,bundle_default_opt_3,True,phi,24,24,0
own_v1,O2,h00006,bundle_default_opt_3,True,ptrtoint,1,1,0
own_v1,O2,h00006,bundle_default_opt_3,True,ret,9,9,0
own_v1,O2,h00006,bundle_default_opt_3,True,select,12,12,0
own_v1,O2,h00006,bundle_default_opt_3,True,shl,13,13,0
own_v1,O2,h00006,bundle_default_opt_3,True,store,419,310,-109
own_v1,O2,h00006,bundle_default_opt_3,True,switch,1,1,0
own_v1,O2,h00006,bundle_default_opt_3,True,trunc,10,10,0
own_v1,O2,h00006,bundle_default_opt_3,True,xor,22,22,0
own_v1,O2,h00006,bundle_default_opt_3,True,zext,12,12,0
own_v1,O2,h00006,bundle_default_opt_4,True,add,31,31,0
own_v1,O2,h00006,bundle_default_opt_4,True,alloca,1,1,0
own_v1,O2,h00006,bundle_default_opt_4,True,and,19,19,0
own_v1,O2,h00006,bundle_default_opt_4,True,br,35,35,0
own_v1,O2,h00006,bundle_default_opt_4,True,call,13,13,0
own_v1,O2,h00006,bundle_default_opt_4,True,getelementptr,47,47,0
own_v1,O2,h00006,bundle_default_opt_4,True,icmp,23,23,0
own_v1,O2,h00006,bundle_default_opt_4,True,inttoptr,9,9,0
own_v1,O2,h00006,bundle_default_opt_4,True,load,64,64,0
own_v1,O2,h00006,bundle_default_opt_4,True,lshr,9,9,0
own_v1,O2,h00006,bundle_default_opt_4,True,phi,24,24,0
own_v1,O2,h00006,bundle_default_opt_4,True,ptrtoint,1,1,0
own_v1,O2,h00006,bundle_default_opt_4,True,ret,9,9,0
own_v1,O2,h00006,bundle_default_opt_4,True,select,12,12,0
own_v1,O2,h00006,bundle_default_opt_4,True,shl,13,13,0
own_v1,O2,h00006,bundle_default_opt_4,True,store,310,284,-26
own_v1,O2,h00006,bundle_default_opt_4,True,switch,1,1,0
own_v1,O2,h00006,bundle_default_opt_4,True,trunc,10,10,0
own_v1,O2,h00006,bundle_default_opt_4,True,xor,22,22,0
own_v1,O2,h00006,bundle_default_opt_4,True,zext,12,12,0
own_v1,O2,h00006,bundle_post_opt_4_custom_cleanup,True,add,31,31,0
own_v1,O2,h00006,bundle_post_opt_4_custom_cleanup,True,alloca,1,1,0
own_v1,O2,h00006,bundle_post_opt_4_custom_cleanup,True,and,19,19,0
own_v1,O2,h00006,bundle_post_opt_4_custom_cleanup,True,br,35,35,0
own_v1,O2,h00006,bundle_post_opt_4_custom_cleanup,True,call,13,13,0
own_v1,O2,h00006,bundle_post_opt_4_custom_cleanup,True,getelementptr,47,47,0
own_v1,O2,h00006,bundle_post_opt_4_custom_cleanup,True,icmp,23,23,0
own_v1,O2,h00006,bundle_post_opt_4_custom_cleanup,True,inttoptr,9,9,0
own_v1,O2,h00006,bundle_post_opt_4_custom_cleanup,True,load,64,64,0
own_v1,O2,h00006,bundle_post_opt_4_custom_cleanup,True,lshr,9,9,0
own_v1,O2,h00006,bundle_post_opt_4_custom_cleanup,True,phi,24,24,0
own_v1,O2,h00006,bundle_post_opt_4_custom_cleanup,True,ptrtoint,1,1,0
own_v1,O2,h00006,bundle_post_opt_4_custom_cleanup,True,ret,9,9,0
own_v1,O2,h00006,bundle_post_opt_4_custom_cleanup,True,select,12,12,0
own_v1,O2,h00006,bundle_post_opt_4_custom_cleanup,True,shl,13,13,0
own_v1,O2,h00006,bundle_post_opt_4_custom_cleanup,True,store,284,277,-7
own_v1,O2,h00006,bundle_post_opt_4_custom_cleanup,True,switch,1,1,0
own_v1,O2,h00006,bundle_post_opt_4_custom_cleanup,True,trunc,10,10,0
own_v1,O2,h00006,bundle_post_opt_4_custom_cleanup,True,xor,22,22,0
own_v1,O2,h00006,bundle_post_opt_4_custom_cleanup,True,zext,12,12,0
own_v1,O2,h00007,main_default_opt_1,True,add,48,44,-4
own_v1,O2,h00007,main_default_opt_1,True,alloca,3,1,-2
own_v1,O2,h00007,main_default_opt_1,True,and,20,19,-1
own_v1,O2,h00007,main_default_opt_1,True,br,32,28,-4
own_v1,O2,h00007,main_default_opt_1,True,call,19,12,-7
own_v1,O2,h00007,main_default_opt_1,True,getelementptr,57,41,-16
own_v1,O2,h00007,main_default_opt_1,True,icmp,26,26,0
own_v1,O2,h00007,main_default_opt_1,True,inttoptr,25,20,-5
own_v1,O2,h00007,main_default_opt_1,True,load,104,99,-5
own_v1,O2,h00007,main_default_opt_1,True,lshr,8,8,0
own_v1,O2,h00007,main_default_opt_1,True,mul,4,4,0
own_v1,O2,h00007,main_default_opt_1,True,phi,51,50,-1
own_v1,O2,h00007,main_default_opt_1,True,ptrtoint,5,5,0
own_v1,O2,h00007,main_default_opt_1,True,ret,12,9,-3
own_v1,O2,h00007,main_default_opt_1,True,select,16,16,0
own_v1,O2,h00007,main_default_opt_1,True,sext,1,1,0
own_v1,O2,h00007,main_default_opt_1,True,shl,6,6,0
own_v1,O2,h00007,main_default_opt_1,True,store,627,529,-98
own_v1,O2,h00007,main_default_opt_1,True,switch,2,2,0
own_v1,O2,h00007,main_default_opt_1,True,trunc,18,14,-4
own_v1,O2,h00007,main_default_opt_1,True,xor,20,20,0
own_v1,O2,h00007,main_default_opt_1,True,zext,40,35,-5
own_v1,O2,h00007,main_default_opt_2,True,add,41,41,0
own_v1,O2,h00007,main_default_opt_2,True,alloca,1,1,0
own_v1,O2,h00007,main_default_opt_2,True,and,21,19,-2
own_v1,O2,h00007,main_default_opt_2,True,br,28,28,0
own_v1,O2,h00007,main_default_opt_2,True,call,12,12,0
own_v1,O2,h00007,main_default_opt_2,True,getelementptr,43,40,-3
own_v1,O2,h00007,main_default_opt_2,True,icmp,28,24,-4
own_v1,O2,h00007,main_default_opt_2,True,inttoptr,18,18,0
own_v1,O2,h00007,main_default_opt_2,True,load,99,99,0
own_v1,O2,h00007,main_default_opt_2,True,lshr,8,8,0
own_v1,O2,h00007,main_default_opt_2,True,mul,4,4,0
own_v1,O2,h00007,main_default_opt_2,True,phi,52,52,0
own_v1,O2,h00007,main_default_opt_2,True,ptrtoint,5,5,0
own_v1,O2,h00007,main_default_opt_2,True,ret,9,9,0
own_v1,O2,h00007,main_default_opt_2,True,select,16,16,0
own_v1,O2,h00007,main_default_opt_2,True,sext,1,1,0
own_v1,O2,h00007,main_default_opt_2,True,shl,6,6,0
own_v1,O2,h00007,main_default_opt_2,True,store,529,516,-13
own_v1,O2,h00007,main_default_opt_2,True,sub,2,0,-2
own_v1,O2,h00007,main_default_opt_2,True,switch,2,2,0
own_v1,O2,h00007,main_default_opt_2,True,trunc,14,14,0
own_v1,O2,h00007,main_default_opt_2,True,xor,20,20,0
own_v1,O2,h00007,main_default_opt_2,True,zext,35,35,0
own_v1,O2,h00007,bundle_default_opt_3,True,add,39,39,0
own_v1,O2,h00007,bundle_default_opt_3,True,alloca,1,1,0
own_v1,O2,h00007,bundle_default_opt_3,True,and,30,29,-1
own_v1,O2,h00007,bundle_default_opt_3,True,br,28,28,0
own_v1,O2,h00007,bundle_default_opt_3,True,call,13,13,0
own_v1,O2,h00007,bundle_default_opt_3,True,getelementptr,34,34,0
own_v1,O2,h00007,bundle_default_opt_3,True,icmp,22,22,0
own_v1,O2,h00007,bundle_default_opt_3,True,inttoptr,17,17,0
own_v1,O2,h00007,bundle_default_opt_3,True,load,110,98,-12
own_v1,O2,h00007,bundle_default_opt_3,True,lshr,8,8,0
own_v1,O2,h00007,bundle_default_opt_3,True,mul,4,4,0
own_v1,O2,h00007,bundle_default_opt_3,True,or,11,10,-1
own_v1,O2,h00007,bundle_default_opt_3,True,phi,52,50,-2
own_v1,O2,h00007,bundle_default_opt_3,True,ptrtoint,4,2,-2
own_v1,O2,h00007,bundle_default_opt_3,True,ret,10,10,0
own_v1,O2,h00007,bundle_default_opt_3,True,select,12,12,0
own_v1,O2,h00007,bundle_default_opt_3,True,sext,1,1,0
own_v1,O2,h00007,bundle_default_opt_3,True,shl,6,6,0
own_v1,O2,h00007,bundle_default_opt_3,True,store,515,417,-98
own_v1,O2,h00007,bundle_default_opt_3,True,switch,2,2,0
own_v1,O2,h00007,bundle_default_opt_3,True,trunc,14,14,0
own_v1,O2,h00007,bundle_default_opt_3,True,xor,20,20,0
own_v1,O2,h00007,bundle_default_opt_3,True,zext,35,33,-2
own_v1,O2,h00007,bundle_default_opt_4,True,add,39,39,0
own_v1,O2,h00007,bundle_default_opt_4,True,alloca,1,1,0
own_v1,O2,h00007,bundle_default_opt_4,True,and,29,29,0
own_v1,O2,h00007,bundle_default_opt_4,True,br,28,28,0
own_v1,O2,h00007,bundle_default_opt_4,True,call,13,13,0
own_v1,O2,h00007,bundle_default_opt_4,True,getelementptr,34,34,0
own_v1,O2,h00007,bundle_default_opt_4,True,icmp,22,22,0
own_v1,O2,h00007,bundle_default_opt_4,True,inttoptr,17,17,0
own_v1,O2,h00007,bundle_default_opt_4,True,load,98,98,0
own_v1,O2,h00007,bundle_default_opt_4,True,lshr,8,8,0
own_v1,O2,h00007,bundle_default_opt_4,True,mul,4,4,0
own_v1,O2,h00007,bundle_default_opt_4,True,or,10,10,0
own_v1,O2,h00007,bundle_default_opt_4,True,phi,50,50,0
own_v1,O2,h00007,bundle_default_opt_4,True,ptrtoint,2,2,0
own_v1,O2,h00007,bundle_default_opt_4,True,ret,10,10,0
own_v1,O2,h00007,bundle_default_opt_4,True,select,12,12,0
own_v1,O2,h00007,bundle_default_opt_4,True,sext,1,1,0
own_v1,O2,h00007,bundle_default_opt_4,True,shl,6,6,0
own_v1,O2,h00007,bundle_default_opt_4,True,store,417,413,-4
own_v1,O2,h00007,bundle_default_opt_4,True,switch,2,2,0
own_v1,O2,h00007,bundle_default_opt_4,True,trunc,14,14,0
own_v1,O2,h00007,bundle_default_opt_4,True,xor,20,20,0
own_v1,O2,h00007,bundle_default_opt_4,True,zext,33,33,0
own_v1,O2,h00007,bundle_post_opt_4_custom_cleanup,True,add,39,39,0
own_v1,O2,h00007,bundle_post_opt_4_custom_cleanup,True,alloca,1,1,0
own_v1,O2,h00007,bundle_post_opt_4_custom_cleanup,True,and,29,29,0
own_v1,O2,h00007,bundle_post_opt_4_custom_cleanup,True,br,28,28,0
own_v1,O2,h00007,bundle_post_opt_4_custom_cleanup,True,call,13,13,0
own_v1,O2,h00007,bundle_post_opt_4_custom_cleanup,True,getelementptr,34,34,0
own_v1,O2,h00007,bundle_post_opt_4_custom_cleanup,True,icmp,22,22,0
own_v1,O2,h00007,bundle_post_opt_4_custom_cleanup,True,inttoptr,17,17,0
own_v1,O2,h00007,bundle_post_opt_4_custom_cleanup,True,load,98,98,0
own_v1,O2,h00007,bundle_post_opt_4_custom_cleanup,True,lshr,8,8,0
own_v1,O2,h00007,bundle_post_opt_4_custom_cleanup,True,mul,4,4,0
own_v1,O2,h00007,bundle_post_opt_4_custom_cleanup,True,or,10,10,0
own_v1,O2,h00007,bundle_post_opt_4_custom_cleanup,True,phi,50,50,0
own_v1,O2,h00007,bundle_post_opt_4_custom_cleanup,True,ptrtoint,2,2,0
own_v1,O2,h00007,bundle_post_opt_4_custom_cleanup,True,ret,10,10,0
own_v1,O2,h00007,bundle_post_opt_4_custom_cleanup,True,select,12,12,0
own_v1,O2,h00007,bundle_post_opt_4_custom_cleanup,True,sext,1,1,0
own_v1,O2,h00007,bundle_post_opt_4_custom_cleanup,True,shl,6,6,0
own_v1,O2,h00007,bundle_post_opt_4_custom_cleanup,True,store,413,411,-2
own_v1,O2,h00007,bundle_post_opt_4_custom_cleanup,True,switch,2,2,0
own_v1,O2,h00007,bundle_post_opt_4_custom_cleanup,True,trunc,14,14,0
own_v1,O2,h00007,bundle_post_opt_4_custom_cleanup,True,xor,20,20,0
own_v1,O2,h00007,bundle_post_opt_4_custom_cleanup,True,zext,33,33,0
own_v1,O2,h00008,main_default_opt_1,True,add,47,47,0
own_v1,O2,h00008,main_default_opt_1,True,alloca,3,1,-2
own_v1,O2,h00008,main_default_opt_1,True,and,24,24,0
own_v1,O2,h00008,main_default_opt_1,True,br,28,29,1
own_v1,O2,h00008,main_default_opt_1,True,call,21,15,-6
own_v1,O2,h00008,main_default_opt_1,True,getelementptr,87,57,-30
own_v1,O2,h00008,main_default_opt_1,True,icmp,36,36,0
own_v1,O2,h00008,main_default_opt_1,True,inttoptr,20,20,0
own_v1,O2,h00008,main_default_opt_1,True,load,97,95,-2
own_v1,O2,h00008,main_default_opt_1,True,lshr,10,10,0
own_v1,O2,h00008,main_default_opt_1,True,mul,1,1,0
own_v1,O2,h00008,main_default_opt_1,True,or,1,1,0
own_v1,O2,h00008,main_default_opt_1,True,phi,28,41,13
own_v1,O2,h00008,main_default_opt_1,True,ptrtoint,5,5,0
own_v1,O2,h00008,main_default_opt_1,True,ret,11,8,-3
own_v1,O2,h00008,main_default_opt_1,True,select,21,21,0
own_v1,O2,h00008,main_default_opt_1,True,sext,1,1,0
own_v1,O2,h00008,main_default_opt_1,True,shl,8,8,0
own_v1,O2,h00008,main_default_opt_1,True,store,595,565,-30
own_v1,O2,h00008,main_default_opt_1,True,switch,2,2,0
own_v1,O2,h00008,main_default_opt_1,True,trunc,20,14,-6
own_v1,O2,h00008,main_default_opt_1,True,xor,22,22,0
own_v1,O2,h00008,main_default_opt_1,True,zext,32,30,-2
own_v1,O2,h00008,main_default_opt_2,True,add,44,44,0
own_v1,O2,h00008,main_default_opt_2,True,alloca,1,1,0
own_v1,O2,h00008,main_default_opt_2,True,and,26,24,-2
own_v1,O2,h00008,main_default_opt_2,True,br,29,29,0
own_v1,O2,h00008,main_default_opt_2,True,call,15,15,0
own_v1,O2,h00008,main_default_opt_2,True,getelementptr,58,55,-3
own_v1,O2,h00008,main_default_opt_2,True,icmp,38,34,-4
own_v1,O2,h00008,main_default_opt_2,True,inttoptr,17,17,0
own_v1,O2,h00008,main_default_opt_2,True,load,95,95,0
own_v1,O2,h00008,main_default_opt_2,True,lshr,10,10,0
own_v1,O2,h00008,main_default_opt_2,True,mul,1,1,0
own_v1,O2,h00008,main_default_opt_2,True,or,1,1,0
own_v1,O2,h00008,main_default_opt_2,True,phi,41,41,0
own_v1,O2,h00008,main_default_opt_2,True,ptrtoint,5,5,0
own_v1,O2,h00008,main_default_opt_2,True,ret,8,8,0
own_v1,O2,h00008,main_default_opt_2,True,select,21,21,0
own_v1,O2,h00008,main_default_opt_2,True,sext,1,1,0
own_v1,O2,h00008,main_default_opt_2,True,shl,8,8,0
own_v1,O2,h00008,main_default_opt_2,True,store,565,562,-3
own_v1,O2,h00008,main_default_opt_2,True,sub,2,0,-2
own_v1,O2,h00008,main_default_opt_2,True,switch,2,2,0
own_v1,O2,h00008,main_default_opt_2,True,trunc,14,14,0
own_v1,O2,h00008,main_default_opt_2,True,xor,22,22,0
own_v1,O2,h00008,main_default_opt_2,True,zext,30,30,0
own_v1,O2,h00008,bundle_default_opt_3,True,add,34,34,0
own_v1,O2,h00008,bundle_default_opt_3,True,alloca,1,1,0
own_v1,O2,h00008,bundle_default_opt_3,True,and,22,22,0
own_v1,O2,h00008,bundle_default_opt_3,True,br,29,29,0
own_v1,O2,h00008,bundle_default_opt_3,True,call,20,20,0
own_v1,O2,h00008,bundle_default_opt_3,True,getelementptr,40,40,0
own_v1,O2,h00008,bundle_default_opt_3,True,icmp,24,24,0
own_v1,O2,h00008,bundle_default_opt_3,True,inttoptr,12,12,0
own_v1,O2,h00008,bundle_default_opt_3,True,load,94,86,-8
own_v1,O2,h00008,bundle_default_opt_3,True,lshr,10,10,0
own_v1,O2,h00008,bundle_default_opt_3,True,mul,1,1,0
own_v1,O2,h00008,bundle_default_opt_3,True,phi,36,36,0
own_v1,O2,h00008,bundle_default_opt_3,True,ptrtoint,2,1,-1
own_v1,O2,h00008,bundle_default_opt_3,True,ret,9,9,0
own_v1,O2,h00008,bundle_default_opt_3,True,select,9,9,0
own_v1,O2,h00008,bundle_default_opt_3,True,shl,8,8,0
own_v1,O2,h00008,bundle_default_opt_3,True,store,491,399,-92
own_v1,O2,h00008,bundle_default_opt_3,True,switch,2,2,0
own_v1,O2,h00008,bundle_default_opt_3,True,trunc,14,14,0
own_v1,O2,h00008,bundle_default_opt_3,True,xor,22,22,0
own_v1,O2,h00008,bundle_default_opt_3,True,zext,21,20,-1
own_v1,O2,h00008,bundle_default_opt_4,True,add,34,34,0
own_v1,O2,h00008,bundle_default_opt_4,True,alloca,1,1,0
own_v1,O2,h00008,bundle_default_opt_4,True,and,22,22,0
own_v1,O2,h00008,bundle_default_opt_4,True,br,29,29,0
own_v1,O2,h00008,bundle_default_opt_4,True,call,20,20,0
own_v1,O2,h00008,bundle_default_opt_4,True,getelementptr,40,40,0
own_v1,O2,h00008,bundle_default_opt_4,True,icmp,24,24,0
own_v1,O2,h00008,bundle_default_opt_4,True,inttoptr,12,12,0
own_v1,O2,h00008,bundle_default_opt_4,True,load,86,86,0
own_v1,O2,h00008,bundle_default_opt_4,True,lshr,10,10,0
own_v1,O2,h00008,bundle_default_opt_4,True,mul,1,1,0
own_v1,O2,h00008,bundle_default_opt_4,True,phi,36,36,0
own_v1,O2,h00008,bundle_default_opt_4,True,ptrtoint,1,1,0
own_v1,O2,h00008,bundle_default_opt_4,True,ret,9,9,0
own_v1,O2,h00008,bundle_default_opt_4,True,select,9,9,0
own_v1,O2,h00008,bundle_default_opt_4,True,shl,8,8,0
own_v1,O2,h00008,bundle_default_opt_4,True,store,399,388,-11
own_v1,O2,h00008,bundle_default_opt_4,True,switch,2,2,0
own_v1,O2,h00008,bundle_default_opt_4,True,trunc,14,14,0
own_v1,O2,h00008,bundle_default_opt_4,True,xor,22,22,0
own_v1,O2,h00008,bundle_default_opt_4,True,zext,20,20,0
own_v1,O2,h00008,bundle_post_opt_4_custom_cleanup,True,add,34,34,0
own_v1,O2,h00008,bundle_post_opt_4_custom_cleanup,True,alloca,1,1,0
own_v1,O2,h00008,bundle_post_opt_4_custom_cleanup,True,and,22,22,0
own_v1,O2,h00008,bundle_post_opt_4_custom_cleanup,True,br,29,29,0
own_v1,O2,h00008,bundle_post_opt_4_custom_cleanup,True,call,20,20,0
own_v1,O2,h00008,bundle_post_opt_4_custom_cleanup,True,getelementptr,40,40,0
own_v1,O2,h00008,bundle_post_opt_4_custom_cleanup,True,icmp,24,24,0
own_v1,O2,h00008,bundle_post_opt_4_custom_cleanup,True,inttoptr,12,12,0
own_v1,O2,h00008,bundle_post_opt_4_custom_cleanup,True,load,86,86,0
own_v1,O2,h00008,bundle_post_opt_4_custom_cleanup,True,lshr,10,10,0
own_v1,O2,h00008,bundle_post_opt_4_custom_cleanup,True,mul,1,1,0
own_v1,O2,h00008,bundle_post_opt_4_custom_cleanup,True,phi,36,36,0
own_v1,O2,h00008,bundle_post_opt_4_custom_cleanup,True,ptrtoint,1,1,0
own_v1,O2,h00008,bundle_post_opt_4_custom_cleanup,True,ret,9,9,0
own_v1,O2,h00008,bundle_post_opt_4_custom_cleanup,True,select,9,9,0
own_v1,O2,h00008,bundle_post_opt_4_custom_cleanup,True,shl,8,8,0
own_v1,O2,h00008,bundle_post_opt_4_custom_cleanup,True,store,388,386,-2
own_v1,O2,h00008,bundle_post_opt_4_custom_cleanup,True,switch,2,2,0
own_v1,O2,h00008,bundle_post_opt_4_custom_cleanup,True,trunc,14,14,0
own_v1,O2,h00008,bundle_post_opt_4_custom_cleanup,True,xor,22,22,0
own_v1,O2,h00008,bundle_post_opt_4_custom_cleanup,True,zext,20,20,0
own_v1,O2,h00009,main_default_opt_1,True,add,33,27,-6
own_v1,O2,h00009,main_default_opt_1,True,alloca,7,5,-2
own_v1,O2,h00009,main_default_opt_1,True,and,20,19,-1
own_v1,O2,h00009,main_default_opt_1,True,br,47,45,-2
own_v1,O2,h00009,main_default_opt_1,True,call,28,17,-11
own_v1,O2,h00009,main_default_opt_1,True,getelementptr,100,81,-19
own_v1,O2,h00009,main_default_opt_1,True,icmp,29,28,-1
own_v1,O2,h00009,main_default_opt_1,True,inttoptr,10,8,-2
own_v1,O2,h00009,main_default_opt_1,True,load,107,91,-16
own_v1,O2,h00009,main_default_opt_1,True,lshr,10,9,-1
own_v1,O2,h00009,main_default_opt_1,True,phi,26,29,3
own_v1,O2,h00009,main_default_opt_1,True,ptrtoint,4,2,-2
own_v1,O2,h00009,main_default_opt_1,True,ret,11,2,-9
own_v1,O2,h00009,main_default_opt_1,True,select,15,15,0
own_v1,O2,h00009,main_default_opt_1,True,shl,6,6,0
own_v1,O2,h00009,main_default_opt_1,True,store,669,605,-64
own_v1,O2,h00009,main_default_opt_1,True,sub,1,1,0
own_v1,O2,h00009,main_default_opt_1,True,switch,2,2,0
own_v1,O2,h00009,main_default_opt_1,True,trunc,14,13,-1
own_v1,O2,h00009,main_default_opt_1,True,xor,21,20,-1
own_v1,O2,h00009,main_default_opt_1,True,zext,31,28,-3
own_v1,O2,h00009,main_default_opt_2,True,add,17,13,-4
own_v1,O2,h00009,main_default_opt_2,True,alloca,3,3,0
own_v1,O2,h00009,main_default_opt_2,True,and,7,7,0
own_v1,O2,h00009,main_default_opt_2,True,br,45,42,-3
own_v1,O2,h00009,main_default_opt_2,True,call,8,4,-4
own_v1,O2,h00009,main_default_opt_2,True,getelementptr,52,19,-33
own_v1,O2,h00009,main_default_opt_2,True,icmp,18,15,-3
own_v1,O2,h00009,main_default_opt_2,True,inttoptr,7,4,-3
own_v1,O2,h00009,main_default_opt_2,True,load,36,40,4
own_v1,O2,h00009,main_default_opt_2,True,phi,2,0,-2
own_v1,O2,h00009,main_default_opt_2,True,ptrtoint,1,1,0
own_v1,O2,h00009,main_default_opt_2,True,ret,2,2,0
own_v1,O2,h00009,main_default_opt_2,True,select,15,15,0
own_v1,O2,h00009,main_default_opt_2,True,shl,6,6,0
own_v1,O2,h00009,main_default_opt_2,True,store,60,63,3
own_v1,O2,h00009,main_default_opt_2,True,sub,1,1,0
own_v1,O2,h00009,main_default_opt_2,True,switch,2,1,-1
own_v1,O2,h00009,main_default_opt_2,True,xor,7,7,0
own_v1,O2,h00009,bundle_default_opt_3,True,add,10,10,0
own_v1,O2,h00009,bundle_default_opt_3,True,alloca,3,3,0
own_v1,O2,h00009,bundle_default_opt_3,True,and,7,7,0
own_v1,O2,h00009,bundle_default_opt_3,True,br,42,42,0
own_v1,O2,h00009,bundle_default_opt_3,True,call,4,4,0
own_v1,O2,h00009,bundle_default_opt_3,True,getelementptr,22,21,-1
own_v1,O2,h00009,bundle_default_opt_3,True,icmp,15,15,0
own_v1,O2,h00009,bundle_default_opt_3,True,inttoptr,1,1,0
own_v1,O2,h00009,bundle_default_opt_3,True,load,40,40,0
own_v1,O2,h00009,bundle_default_opt_3,True,ptrtoint,1,1,0
own_v1,O2,h00009,bundle_default_opt_3,True,ret,2,2,0
own_v1,O2,h00009,bundle_default_opt_3,True,select,15,15,0
own_v1,O2,h00009,bundle_default_opt_3,True,shl,6,6,0
own_v1,O2,h00009,bundle_default_opt_3,True,store,63,63,0
own_v1,O2,h00009,bundle_default_opt_3,True,sub,1,1,0
own_v1,O2,h00009,bundle_default_opt_3,True,switch,1,1,0
own_v1,O2,h00009,bundle_default_opt_3,True,xor,7,7,0
own_v1,O2,h00009,bundle_default_opt_4,True,add,10,10,0
own_v1,O2,h00009,bundle_default_opt_4,True,alloca,3,3,0
own_v1,O2,h00009,bundle_default_opt_4,True,and,7,7,0
own_v1,O2,h00009,bundle_default_opt_4,True,br,42,42,0
own_v1,O2,h00009,bundle_default_opt_4,True,call,4,4,0
own_v1,O2,h00009,bundle_default_opt_4,True,getelementptr,21,21,0
own_v1,O2,h00009,bundle_default_opt_4,True,icmp,15,15,0
own_v1,O2,h00009,bundle_default_opt_4,True,inttoptr,1,1,0
own_v1,O2,h00009,bundle_default_opt_4,True,load,40,40,0
own_v1,O2,h00009,bundle_default_opt_4,True,ptrtoint,1,1,0
own_v1,O2,h00009,bundle_default_opt_4,True,ret,2,2,0
own_v1,O2,h00009,bundle_default_opt_4,True,select,15,15,0
own_v1,O2,h00009,bundle_default_opt_4,True,shl,6,6,0
own_v1,O2,h00009,bundle_default_opt_4,True,store,63,63,0
own_v1,O2,h00009,bundle_default_opt_4,True,sub,1,1,0
own_v1,O2,h00009,bundle_default_opt_4,True,switch,1,1,0
own_v1,O2,h00009,bundle_default_opt_4,True,xor,7,7,0
own_v1,O2,h00009,bundle_post_opt_4_custom_cleanup,True,add,10,10,0
own_v1,O2,h00009,bundle_post_opt_4_custom_cleanup,True,alloca,3,3,0
own_v1,O2,h00009,bundle_post_opt_4_custom_cleanup,True,and,7,7,0
own_v1,O2,h00009,bundle_post_opt_4_custom_cleanup,True,br,42,42,0
own_v1,O2,h00009,bundle_post_opt_4_custom_cleanup,True,call,4,4,0
own_v1,O2,h00009,bundle_post_opt_4_custom_cleanup,True,getelementptr,21,21,0
own_v1,O2,h00009,bundle_post_opt_4_custom_cleanup,True,icmp,15,15,0
own_v1,O2,h00009,bundle_post_opt_4_custom_cleanup,True,inttoptr,1,1,0
own_v1,O2,h00009,bundle_post_opt_4_custom_cleanup,True,load,40,40,0
own_v1,O2,h00009,bundle_post_opt_4_custom_cleanup,True,ptrtoint,1,1,0
own_v1,O2,h00009,bundle_post_opt_4_custom_cleanup,True,ret,2,1,-1
own_v1,O2,h00009,bundle_post_opt_4_custom_cleanup,True,select,15,15,0
own_v1,O2,h00009,bundle_post_opt_4_custom_cleanup,True,shl,6,6,0
own_v1,O2,h00009,bundle_post_opt_4_custom_cleanup,True,store,63,63,0
own_v1,O2,h00009,bundle_post_opt_4_custom_cleanup,True,sub,1,1,0
own_v1,O2,h00009,bundle_post_opt_4_custom_cleanup,True,switch,1,1,0
own_v1,O2,h00009,bundle_post_opt_4_custom_cleanup,True,xor,7,7,0
own_v1,O2,h00010,main_default_opt_1,True,add,57,57,0
own_v1,O2,h00010,main_default_opt_1,True,alloca,7,5,-2
own_v1,O2,h00010,main_default_opt_1,True,and,30,30,0
own_v1,O2,h00010,main_default_opt_1,True,br,31,32,1
own_v1,O2,h00010,main_default_opt_1,True,call,34,26,-8
own_v1,O2,h00010,main_default_opt_1,True,getelementptr,107,91,-16
own_v1,O2,h00010,main_default_opt_1,True,icmp,32,32,0
own_v1,O2,h00010,main_default_opt_1,True,inttoptr,26,26,0
own_v1,O2,h00010,main_default_opt_1,True,load,139,137,-2
own_v1,O2,h00010,main_default_opt_1,True,lshr,17,17,0
own_v1,O2,h00010,main_default_opt_1,True,phi,26,37,11
own_v1,O2,h00010,main_default_opt_1,True,ptrtoint,4,3,-1
own_v1,O2,h00010,main_default_opt_1,True,ret,14,10,-4
own_v1,O2,h00010,main_default_opt_1,True,select,13,13,0
own_v1,O2,h00010,main_default_opt_1,True,sext,5,5,0
own_v1,O2,h00010,main_default_opt_1,True,shl,12,12,0
own_v1,O2,h00010,main_default_opt_1,True,store,747,722,-25
own_v1,O2,h00010,main_default_opt_1,True,sub,2,2,0
own_v1,O2,h00010,main_default_opt_1,True,switch,2,2,0
own_v1,O2,h00010,main_default_opt_1,True,trunc,23,21,-2
own_v1,O2,h00010,main_default_opt_1,True,xor,31,30,-1
own_v1,O2,h00010,main_default_opt_1,True,zext,32,30,-2
own_v1,O2,h00010,main_default_opt_2,True,add,56,62,6
own_v1,O2,h00010,main_default_opt_2,True,alloca,4,4,0
own_v1,O2,h00010,main_default_opt_2,True,and,36,30,-6
own_v1,O2,h00010,main_default_opt_2,True,br,32,32,0
own_v1,O2,h00010,main_default_opt_2,True,call,24,22,-2
own_v1,O2,h00010,main_default_opt_2,True,getelementptr,84,84,0
own_v1,O2,h00010,main_default_opt_2,True,icmp,44,38,-6
own_v1,O2,h00010,main_default_opt_2,True,inttoptr,27,27,0
own_v1,O2,h00010,main_default_opt_2,True,load,137,139,2
own_v1,O2,h00010,main_default_opt_2,True,lshr,17,17,0
own_v1,O2,h00010,main_default_opt_2,True,phi,37,37,0
own_v1,O2,h00010,main_default_opt_2,True,ptrtoint,6,6,0
own_v1,O2,h00010,main_default_opt_2,True,ret,10,10,0
own_v1,O2,h00010,main_default_opt_2,True,select,19,19,0
own_v1,O2,h00010,main_default_opt_2,True,sext,5,5,0
own_v1,O2,h00010,main_default_opt_2,True,shl,12,12,0
own_v1,O2,h00010,main_default_opt_2,True,store,704,705,1
own_v1,O2,h00010,main_default_opt_2,True,sub,8,2,-6
own_v1,O2,h00010,main_default_opt_2,True,switch,2,2,0
own_v1,O2,h00010,main_default_opt_2,True,trunc,21,21,0
own_v1,O2,h00010,main_default_opt_2,True,xor,30,30,0
own_v1,O2,h00010,main_default_opt_2,True,zext,30,30,0
own_v1,O2,h00010,bundle_default_opt_3,True,add,53,53,0
own_v1,O2,h00010,bundle_default_opt_3,True,alloca,4,4,0
own_v1,O2,h00010,bundle_default_opt_3,True,and,30,30,0
own_v1,O2,h00010,bundle_default_opt_3,True,br,32,32,0
own_v1,O2,h00010,bundle_default_opt_3,True,call,25,24,-1
own_v1,O2,h00010,bundle_default_opt_3,True,getelementptr,71,71,0
own_v1,O2,h00010,bundle_default_opt_3,True,icmp,32,32,0
own_v1,O2,h00010,bundle_default_opt_3,True,inttoptr,24,24,0
own_v1,O2,h00010,bundle_default_opt_3,True,load,136,100,-36
own_v1,O2,h00010,bundle_default_opt_3,True,lshr,17,17,0
own_v1,O2,h00010,bundle_default_opt_3,True,phi,31,31,0
own_v1,O2,h00010,bundle_default_opt_3,True,ptrtoint,4,3,-1
own_v1,O2,h00010,bundle_default_opt_3,True,ret,11,11,0
own_v1,O2,h00010,bundle_default_opt_3,True,select,13,13,0
own_v1,O2,h00010,bundle_default_opt_3,True,sext,3,3,0
own_v1,O2,h00010,bundle_default_opt_3,True,shl,10,10,0
own_v1,O2,h00010,bundle_default_opt_3,True,store,571,401,-170
own_v1,O2,h00010,bundle_default_opt_3,True,sub,2,2,0
own_v1,O2,h00010,bundle_default_opt_3,True,switch,2,2,0
own_v1,O2,h00010,bundle_default_opt_3,True,trunc,21,21,0
own_v1,O2,h00010,bundle_default_opt_3,True,xor,30,30,0
own_v1,O2,h00010,bundle_default_opt_3,True,zext,27,27,0
own_v1,O2,h00010,bundle_default_opt_4,True,add,53,53,0
own_v1,O2,h00010,bundle_default_opt_4,True,alloca,4,4,0
own_v1,O2,h00010,bundle_default_opt_4,True,and,30,30,0
own_v1,O2,h00010,bundle_default_opt_4,True,br,32,32,0
own_v1,O2,h00010,bundle_default_opt_4,True,call,24,24,0
own_v1,O2,h00010,bundle_default_opt_4,True,getelementptr,71,71,0
own_v1,O2,h00010,bundle_default_opt_4,True,icmp,32,32,0
own_v1,O2,h00010,bundle_default_opt_4,True,inttoptr,24,24,0
own_v1,O2,h00010,bundle_default_opt_4,True,load,100,100,0
own_v1,O2,h00010,bundle_default_opt_4,True,lshr,17,17,0
own_v1,O2,h00010,bundle_default_opt_4,True,phi,31,31,0
own_v1,O2,h00010,bundle_default_opt_4,True,ptrtoint,3,3,0
own_v1,O2,h00010,bundle_default_opt_4,True,ret,11,11,0
own_v1,O2,h00010,bundle_default_opt_4,True,select,13,13,0
own_v1,O2,h00010,bundle_default_opt_4,True,sext,3,3,0
own_v1,O2,h00010,bundle_default_opt_4,True,shl,10,10,0
own_v1,O2,h00010,bundle_default_opt_4,True,store,401,391,-10
own_v1,O2,h00010,bundle_default_opt_4,True,sub,2,2,0
own_v1,O2,h00010,bundle_default_opt_4,True,switch,2,2,0
own_v1,O2,h00010,bundle_default_opt_4,True,trunc,21,21,0
own_v1,O2,h00010,bundle_default_opt_4,True,xor,30,30,0
own_v1,O2,h00010,bundle_default_opt_4,True,zext,27,27,0
own_v1,O2,h00010,bundle_post_opt_4_custom_cleanup,True,add,53,53,0
own_v1,O2,h00010,bundle_post_opt_4_custom_cleanup,True,alloca,4,4,0
own_v1,O2,h00010,bundle_post_opt_4_custom_cleanup,True,and,30,30,0
own_v1,O2,h00010,bundle_post_opt_4_custom_cleanup,True,br,32,32,0
own_v1,O2,h00010,bundle_post_opt_4_custom_cleanup,True,call,24,24,0
own_v1,O2,h00010,bundle_post_opt_4_custom_cleanup,True,getelementptr,71,71,0
own_v1,O2,h00010,bundle_post_opt_4_custom_cleanup,True,icmp,32,32,0
own_v1,O2,h00010,bundle_post_opt_4_custom_cleanup,True,inttoptr,24,24,0
own_v1,O2,h00010,bundle_post_opt_4_custom_cleanup,True,load,100,100,0
own_v1,O2,h00010,bundle_post_opt_4_custom_cleanup,True,lshr,17,17,0
own_v1,O2,h00010,bundle_post_opt_4_custom_cleanup,True,phi,31,31,0
own_v1,O2,h00010,bundle_post_opt_4_custom_cleanup,True,ptrtoint,3,3,0
own_v1,O2,h00010,bundle_post_opt_4_custom_cleanup,True,ret,11,11,0
own_v1,O2,h00010,bundle_post_opt_4_custom_cleanup,True,select,13,13,0
own_v1,O2,h00010,bundle_post_opt_4_custom_cleanup,True,sext,3,3,0
own_v1,O2,h00010,bundle_post_opt_4_custom_cleanup,True,shl,10,10,0
own_v1,O2,h00010,bundle_post_opt_4_custom_cleanup,True,store,391,390,-1
own_v1,O2,h00010,bundle_post_opt_4_custom_cleanup,True,sub,2,2,0
own_v1,O2,h00010,bundle_post_opt_4_custom_cleanup,True,switch,2,2,0
own_v1,O2,h00010,bundle_post_opt_4_custom_cleanup,True,trunc,21,21,0
own_v1,O2,h00010,bundle_post_opt_4_custom_cleanup,True,xor,30,30,0
own_v1,O2,h00010,bundle_post_opt_4_custom_cleanup,True,zext,27,27,0
own_v1,O2,h00011,main_default_opt_1,True,add,22,16,-6
own_v1,O2,h00011,main_default_opt_1,True,alloca,5,3,-2
own_v1,O2,h00011,main_default_opt_1,True,and,20,18,-2
own_v1,O2,h00011,main_default_opt_1,True,br,23,21,-2
own_v1,O2,h00011,main_default_opt_1,True,call,22,11,-11
own_v1,O2,h00011,main_default_opt_1,True,getelementptr,72,52,-20
own_v1,O2,h00011,main_default_opt_1,True,icmp,14,13,-1
own_v1,O2,h00011,main_default_opt_1,True,inttoptr,9,7,-2
own_v1,O2,h00011,main_default_opt_1,True,load,75,59,-16
own_v1,O2,h00011,main_default_opt_1,True,lshr,9,8,-1
own_v1,O2,h00011,main_default_opt_1,True,phi,22,26,4
own_v1,O2,h00011,main_default_opt_1,True,ptrtoint,4,3,-1
own_v1,O2,h00011,main_default_opt_1,True,ret,11,2,-9
own_v1,O2,h00011,main_default_opt_1,True,select,6,6,0
own_v1,O2,h00011,main_default_opt_1,True,shl,4,4,0
own_v1,O2,h00011,main_default_opt_1,True,store,498,433,-65
own_v1,O2,h00011,main_default_opt_1,True,switch,2,2,0
own_v1,O2,h00011,main_default_opt_1,True,trunc,16,11,-5
own_v1,O2,h00011,main_default_opt_1,True,xor,12,11,-1
own_v1,O2,h00011,main_default_opt_1,True,zext,22,19,-3
own_v1,O2,h00011,main_default_opt_2,True,add,9,8,-1
own_v1,O2,h00011,main_default_opt_2,True,alloca,2,2,0
own_v1,O2,h00011,main_default_opt_2,True,and,8,7,-1
own_v1,O2,h00011,main_default_opt_2,True,br,21,21,0
own_v1,O2,h00011,main_default_opt_2,True,call,5,3,-2
own_v1,O2,h00011,main_default_opt_2,True,getelementptr,39,17,-22
own_v1,O2,h00011,main_default_opt_2,True,icmp,6,6,0
own_v1,O2,h00011,main_default_opt_2,True,inttoptr,6,3,-3
own_v1,O2,h00011,main_default_opt_2,True,load,22,23,1
own_v1,O2,h00011,main_default_opt_2,True,lshr,3,3,0
own_v1,O2,h00011,main_default_opt_2,True,phi,6,4,-2
own_v1,O2,h00011,main_default_opt_2,True,ptrtoint,1,1,0
own_v1,O2,h00011,main_default_opt_2,True,ret,2,2,0
own_v1,O2,h00011,main_default_opt_2,True,select,6,6,0
own_v1,O2,h00011,main_default_opt_2,True,shl,4,4,0
own_v1,O2,h00011,main_default_opt_2,True,store,37,39,2
own_v1,O2,h00011,main_default_opt_2,True,switch,2,2,0
own_v1,O2,h00011,main_default_opt_2,True,trunc,2,1,-1
own_v1,O2,h00011,main_default_opt_2,True,xor,5,5,0
own_v1,O2,h00011,main_default_opt_2,True,zext,2,2,0
own_v1,O2,h00011,bundle_default_opt_3,True,add,6,6,0
own_v1,O2,h00011,bundle_default_opt_3,True,alloca,2,2,0
own_v1,O2,h00011,bundle_default_opt_3,True,and,7,7,0
own_v1,O2,h00011,bundle_default_opt_3,True,br,21,21,0
own_v1,O2,h00011,bundle_default_opt_3,True,call,3,3,0
own_v1,O2,h00011,bundle_default_opt_3,True,getelementptr,19,18,-1
own_v1,O2,h00011,bundle_default_opt_3,True,icmp,6,6,0
own_v1,O2,h00011,bundle_default_opt_3,True,inttoptr,1,1,0
own_v1,O2,h00011,bundle_default_opt_3,True,load,23,23,0
own_v1,O2,h00011,bundle_default_opt_3,True,lshr,3,3,0
own_v1,O2,h00011,bundle_default_opt_3,True,phi,4,4,0
own_v1,O2,h00011,bundle_default_opt_3,True,ptrtoint,1,1,0
own_v1,O2,h00011,bundle_default_opt_3,True,ret,2,2,0
own_v1,O2,h00011,bundle_default_opt_3,True,select,6,6,0
own_v1,O2,h00011,bundle_default_opt_3,True,shl,4,4,0
own_v1,O2,h00011,bundle_default_opt_3,True,store,39,39,0
own_v1,O2,h00011,bundle_default_opt_3,True,switch,2,2,0
own_v1,O2,h00011,bundle_default_opt_3,True,trunc,1,1,0
own_v1,O2,h00011,bundle_default_opt_3,True,xor,5,5,0
own_v1,O2,h00011,bundle_default_opt_3,True,zext,2,2,0
own_v1,O2,h00011,bundle_default_opt_4,True,add,6,6,0
own_v1,O2,h00011,bundle_default_opt_4,True,alloca,2,2,0
own_v1,O2,h00011,bundle_default_opt_4,True,and,7,7,0
own_v1,O2,h00011,bundle_default_opt_4,True,br,21,21,0
own_v1,O2,h00011,bundle_default_opt_4,True,call,3,3,0
own_v1,O2,h00011,bundle_default_opt_4,True,getelementptr,18,18,0
own_v1,O2,h00011,bundle_default_opt_4,True,icmp,6,6,0
own_v1,O2,h00011,bundle_default_opt_4,True,inttoptr,1,1,0
own_v1,O2,h00011,bundle_default_opt_4,True,load,23,23,0
own_v1,O2,h00011,bundle_default_opt_4,True,lshr,3,3,0
own_v1,O2,h00011,bundle_default_opt_4,True,phi,4,4,0
own_v1,O2,h00011,bundle_default_opt_4,True,ptrtoint,1,1,0
own_v1,O2,h00011,bundle_default_opt_4,True,ret,2,2,0
own_v1,O2,h00011,bundle_default_opt_4,True,select,6,6,0
own_v1,O2,h00011,bundle_default_opt_4,True,shl,4,4,0
own_v1,O2,h00011,bundle_default_opt_4,True,store,39,39,0
own_v1,O2,h00011,bundle_default_opt_4,True,switch,2,2,0
own_v1,O2,h00011,bundle_default_opt_4,True,trunc,1,1,0
own_v1,O2,h00011,bundle_default_opt_4,True,xor,5,5,0
own_v1,O2,h00011,bundle_default_opt_4,True,zext,2,2,0
own_v1,O2,h00011,bundle_post_opt_4_custom_cleanup,True,add,6,6,0
own_v1,O2,h00011,bundle_post_opt_4_custom_cleanup,True,alloca,2,2,0
own_v1,O2,h00011,bundle_post_opt_4_custom_cleanup,True,and,7,7,0
own_v1,O2,h00011,bundle_post_opt_4_custom_cleanup,True,br,21,21,0
own_v1,O2,h00011,bundle_post_opt_4_custom_cleanup,True,call,3,3,0
own_v1,O2,h00011,bundle_post_opt_4_custom_cleanup,True,getelementptr,18,18,0
own_v1,O2,h00011,bundle_post_opt_4_custom_cleanup,True,icmp,6,6,0
own_v1,O2,h00011,bundle_post_opt_4_custom_cleanup,True,inttoptr,1,1,0
own_v1,O2,h00011,bundle_post_opt_4_custom_cleanup,True,load,23,23,0
own_v1,O2,h00011,bundle_post_opt_4_custom_cleanup,True,lshr,3,3,0
own_v1,O2,h00011,bundle_post_opt_4_custom_cleanup,True,phi,4,4,0
own_v1,O2,h00011,bundle_post_opt_4_custom_cleanup,True,ptrtoint,1,1,0
own_v1,O2,h00011,bundle_post_opt_4_custom_cleanup,True,ret,2,1,-1
own_v1,O2,h00011,bundle_post_opt_4_custom_cleanup,True,select,6,6,0
own_v1,O2,h00011,bundle_post_opt_4_custom_cleanup,True,shl,4,4,0
own_v1,O2,h00011,bundle_post_opt_4_custom_cleanup,True,store,39,39,0
own_v1,O2,h00011,bundle_post_opt_4_custom_cleanup,True,switch,2,2,0
own_v1,O2,h00011,bundle_post_opt_4_custom_cleanup,True,trunc,1,1,0
own_v1,O2,h00011,bundle_post_opt_4_custom_cleanup,True,xor,5,5,0
own_v1,O2,h00011,bundle_post_opt_4_custom_cleanup,True,zext,2,2,0
own_v1,O2,h00012,main_default_opt_1,True,add,22,16,-6
own_v1,O2,h00012,main_default_opt_1,True,alloca,5,3,-2
own_v1,O2,h00012,main_default_opt_1,True,and,13,11,-2
own_v1,O2,h00012,main_default_opt_1,True,br,13,11,-2
own_v1,O2,h00012,main_default_opt_1,True,call,21,9,-12
own_v1,O2,h00012,main_default_opt_1,True,getelementptr,53,36,-17
own_v1,O2,h00012,main_default_opt_1,True,icmp,10,9,-1
own_v1,O2,h00012,main_default_opt_1,True,inttoptr,9,7,-2
own_v1,O2,h00012,main_default_opt_1,True,load,68,51,-17
own_v1,O2,h00012,main_default_opt_1,True,lshr,7,6,-1
own_v1,O2,h00012,main_default_opt_1,True,mul,2,1,-1
own_v1,O2,h00012,main_default_opt_1,True,phi,20,24,4
own_v1,O2,h00012,main_default_opt_1,True,ptrtoint,4,3,-1
own_v1,O2,h00012,main_default_opt_1,True,ret,11,2,-9
own_v1,O2,h00012,main_default_opt_1,True,select,3,3,0
own_v1,O2,h00012,main_default_opt_1,True,shl,6,6,0
own_v1,O2,h00012,main_default_opt_1,True,store,332,269,-63
own_v1,O2,h00012,main_default_opt_1,True,switch,1,1,0
own_v1,O2,h00012,main_default_opt_1,True,trunc,11,7,-4
own_v1,O2,h00012,main_default_opt_1,True,xor,15,12,-3
own_v1,O2,h00012,main_default_opt_1,True,zext,17,13,-4
own_v1,O2,h00012,main_default_opt_2,True,add,9,8,-1
own_v1,O2,h00012,main_default_opt_2,True,alloca,2,2,0
own_v1,O2,h00012,main_default_opt_2,True,and,5,5,0
own_v1,O2,h00012,main_default_opt_2,True,br,11,11,0
own_v1,O2,h00012,main_default_opt_2,True,call,4,2,-2
own_v1,O2,h00012,main_default_opt_2,True,getelementptr,23,12,-11
own_v1,O2,h00012,main_default_opt_2,True,icmp,3,3,0
own_v1,O2,h00012,main_default_opt_2,True,inttoptr,6,3,-3
own_v1,O2,h00012,main_default_opt_2,True,load,13,13,0
own_v1,O2,h00012,main_default_opt_2,True,lshr,2,2,0
own_v1,O2,h00012,main_default_opt_2,True,mul,1,1,0
own_v1,O2,h00012,main_default_opt_2,True,phi,4,2,-2
own_v1,O2,h00012,main_default_opt_2,True,ptrtoint,1,1,0
own_v1,O2,h00012,main_default_opt_2,True,ret,2,2,0
own_v1,O2,h00012,main_default_opt_2,True,select,3,3,0
own_v1,O2,h00012,main_default_opt_2,True,shl,6,6,0
own_v1,O2,h00012,main_default_opt_2,True,store,24,26,2
own_v1,O2,h00012,main_default_opt_2,True,switch,1,1,0
own_v1,O2,h00012,main_default_opt_2,True,xor,8,8,0
own_v1,O2,h00012,bundle_default_opt_3,True,add,6,6,0
own_v1,O2,h00012,bundle_default_opt_3,True,alloca,2,2,0
own_v1,O2,h00012,bundle_default_opt_3,True,and,5,5,0
own_v1,O2,h00012,bundle_default_opt_3,True,br,11,11,0
own_v1,O2,h00012,bundle_default_opt_3,True,call,2,2,0
own_v1,O2,h00012,bundle_default_opt_3,True,getelementptr,14,13,-1
own_v1,O2,h00012,bundle_default_opt_3,True,icmp,3,3,0
own_v1,O2,h00012,bundle_default_opt_3,True,inttoptr,1,1,0
own_v1,O2,h00012,bundle_default_opt_3,True,load,13,13,0
own_v1,O2,h00012,bundle_default_opt_3,True,lshr,2,2,0
own_v1,O2,h00012,bundle_default_opt_3,True,mul,1,1,0
own_v1,O2,h00012,bundle_default_opt_3,True,phi,2,2,0
own_v1,O2,h00012,bundle_default_opt_3,True,ptrtoint,1,1,0
own_v1,O2,h00012,bundle_default_opt_3,True,ret,2,2,0
own_v1,O2,h00012,bundle_default_opt_3,True,select,3,3,0
own_v1,O2,h00012,bundle_default_opt_3,True,shl,6,6,0
own_v1,O2,h00012,bundle_default_opt_3,True,store,26,26,0
own_v1,O2,h00012,bundle_default_opt_3,True,switch,1,1,0
own_v1,O2,h00012,bundle_default_opt_3,True,xor,8,8,0
own_v1,O2,h00012,bundle_default_opt_4,True,add,6,6,0
own_v1,O2,h00012,bundle_default_opt_4,True,alloca,2,2,0
own_v1,O2,h00012,bundle_default_opt_4,True,and,5,5,0
own_v1,O2,h00012,bundle_default_opt_4,True,br,11,11,0
own_v1,O2,h00012,bundle_default_opt_4,True,call,2,2,0
own_v1,O2,h00012,bundle_default_opt_4,True,getelementptr,13,13,0
own_v1,O2,h00012,bundle_default_opt_4,True,icmp,3,3,0
own_v1,O2,h00012,bundle_default_opt_4,True,inttoptr,1,1,0
own_v1,O2,h00012,bundle_default_opt_4,True,load,13,13,0
own_v1,O2,h00012,bundle_default_opt_4,True,lshr,2,2,0
own_v1,O2,h00012,bundle_default_opt_4,True,mul,1,1,0
own_v1,O2,h00012,bundle_default_opt_4,True,phi,2,2,0
own_v1,O2,h00012,bundle_default_opt_4,True,ptrtoint,1,1,0
own_v1,O2,h00012,bundle_default_opt_4,True,ret,2,2,0
own_v1,O2,h00012,bundle_default_opt_4,True,select,3,3,0
own_v1,O2,h00012,bundle_default_opt_4,True,shl,6,6,0
own_v1,O2,h00012,bundle_default_opt_4,True,store,26,26,0
own_v1,O2,h00012,bundle_default_opt_4,True,switch,1,1,0
own_v1,O2,h00012,bundle_default_opt_4,True,xor,8,8,0
own_v1,O2,h00012,bundle_post_opt_4_custom_cleanup,True,add,6,6,0
own_v1,O2,h00012,bundle_post_opt_4_custom_cleanup,True,alloca,2,2,0
own_v1,O2,h00012,bundle_post_opt_4_custom_cleanup,True,and,5,5,0
own_v1,O2,h00012,bundle_post_opt_4_custom_cleanup,True,br,11,11,0
own_v1,O2,h00012,bundle_post_opt_4_custom_cleanup,True,call,2,2,0
own_v1,O2,h00012,bundle_post_opt_4_custom_cleanup,True,getelementptr,13,13,0
own_v1,O2,h00012,bundle_post_opt_4_custom_cleanup,True,icmp,3,3,0
own_v1,O2,h00012,bundle_post_opt_4_custom_cleanup,True,inttoptr,1,1,0
own_v1,O2,h00012,bundle_post_opt_4_custom_cleanup,True,load,13,13,0
own_v1,O2,h00012,bundle_post_opt_4_custom_cleanup,True,lshr,2,2,0
own_v1,O2,h00012,bundle_post_opt_4_custom_cleanup,True,mul,1,1,0
own_v1,O2,h00012,bundle_post_opt_4_custom_cleanup,True,phi,2,2,0
own_v1,O2,h00012,bundle_post_opt_4_custom_cleanup,True,ptrtoint,1,1,0
own_v1,O2,h00012,bundle_post_opt_4_custom_cleanup,True,ret,2,1,-1
own_v1,O2,h00012,bundle_post_opt_4_custom_cleanup,True,select,3,3,0
own_v1,O2,h00012,bundle_post_opt_4_custom_cleanup,True,shl,6,6,0
own_v1,O2,h00012,bundle_post_opt_4_custom_cleanup,True,store,26,26,0
own_v1,O2,h00012,bundle_post_opt_4_custom_cleanup,True,switch,1,1,0
own_v1,O2,h00012,bundle_post_opt_4_custom_cleanup,True,xor,8,8,0
own_v1,O2,h00013,main_default_opt_1,True,add,26,20,-6
own_v1,O2,h00013,main_default_opt_1,True,alloca,5,3,-2
own_v1,O2,h00013,main_default_opt_1,True,and,15,14,-1
own_v1,O2,h00013,main_default_opt_1,True,br,18,16,-2
own_v1,O2,h00013,main_default_opt_1,True,call,22,11,-11
own_v1,O2,h00013,main_default_opt_1,True,freeze,3,3,0
own_v1,O2,h00013,main_default_opt_1,True,getelementptr,59,41,-18
own_v1,O2,h00013,main_default_opt_1,True,icmp,15,14,-1
own_v1,O2,h00013,main_default_opt_1,True,inttoptr,9,7,-2
own_v1,O2,h00013,main_default_opt_1,True,load,76,59,-17
own_v1,O2,h00013,main_default_opt_1,True,lshr,8,7,-1
own_v1,O2,h00013,main_default_opt_1,True,mul,3,3,0
own_v1,O2,h00013,main_default_opt_1,True,or,1,1,0
own_v1,O2,h00013,main_default_opt_1,True,phi,27,31,4
own_v1,O2,h00013,main_default_opt_1,True,ptrtoint,4,2,-2
own_v1,O2,h00013,main_default_opt_1,True,ret,11,2,-9
own_v1,O2,h00013,main_default_opt_1,True,select,4,4,0
own_v1,O2,h00013,main_default_opt_1,True,shl,5,5,0
own_v1,O2,h00013,main_default_opt_1,True,store,381,318,-63
own_v1,O2,h00013,main_default_opt_1,True,switch,1,1,0
own_v1,O2,h00013,main_default_opt_1,True,trunc,11,10,-1
own_v1,O2,h00013,main_default_opt_1,True,urem,3,3,0
own_v1,O2,h00013,main_default_opt_1,True,xor,16,15,-1
own_v1,O2,h00013,main_default_opt_1,True,zext,16,13,-3
own_v1,O2,h00013,main_default_opt_2,True,add,10,8,-2
own_v1,O2,h00013,main_default_opt_2,True,alloca,4,4,0
own_v1,O2,h00013,main_default_opt_2,True,and,5,5,0
own_v1,O2,h00013,main_default_opt_2,True,br,16,14,-2
own_v1,O2,h00013,main_default_opt_2,True,call,9,3,-6
own_v1,O2,h00013,main_default_opt_2,True,freeze,3,3,0
own_v1,O2,h00013,main_default_opt_2,True,getelementptr,29,16,-13
own_v1,O2,h00013,main_default_opt_2,True,icmp,6,4,-2
own_v1,O2,h00013,main_default_opt_2,True,inttoptr,5,3,-2
own_v1,O2,h00013,main_default_opt_2,True,load,18,22,4
own_v1,O2,h00013,main_default_opt_2,True,mul,3,3,0
own_v1,O2,h00013,main_default_opt_2,True,or,1,1,0
own_v1,O2,h00013,main_default_opt_2,True,phi,2,0,-2
own_v1,O2,h00013,main_default_opt_2,True,ptrtoint,1,1,0
own_v1,O2,h00013,main_default_opt_2,True,ret,2,2,0
own_v1,O2,h00013,main_default_opt_2,True,select,4,4,0
own_v1,O2,h00013,main_default_opt_2,True,shl,5,5,0
own_v1,O2,h00013,main_default_opt_2,True,store,26,31,5
own_v1,O2,h00013,main_default_opt_2,True,switch,1,1,0
own_v1,O2,h00013,main_default_opt_2,True,urem,3,3,0
own_v1,O2,h00013,main_default_opt_2,True,xor,5,5,0
own_v1,O2,h00013,bundle_default_opt_3,True,add,6,6,0
own_v1,O2,h00013,bundle_default_opt_3,True,alloca,4,4,0
own_v1,O2,h00013,bundle_default_opt_3,True,and,5,5,0
own_v1,O2,h00013,bundle_default_opt_3,True,br,14,14,0
own_v1,O2,h00013,bundle_default_opt_3,True,call,3,3,0
own_v1,O2,h00013,bundle_default_opt_3,True,freeze,3,3,0
own_v1,O2,h00013,bundle_default_opt_3,True,getelementptr,18,17,-1
own_v1,O2,h00013,bundle_default_opt_3,True,icmp,4,4,0
own_v1,O2,h00013,bundle_default_opt_3,True,inttoptr,1,1,0
own_v1,O2,h00013,bundle_default_opt_3,True,load,22,22,0
own_v1,O2,h00013,bundle_default_opt_3,True,mul,3,3,0
own_v1,O2,h00013,bundle_default_opt_3,True,or,1,1,0
own_v1,O2,h00013,bundle_default_opt_3,True,ptrtoint,1,1,0
own_v1,O2,h00013,bundle_default_opt_3,True,ret,2,2,0
own_v1,O2,h00013,bundle_default_opt_3,True,select,4,4,0
own_v1,O2,h00013,bundle_default_opt_3,True,shl,5,5,0
own_v1,O2,h00013,bundle_default_opt_3,True,store,31,31,0
own_v1,O2,h00013,bundle_default_opt_3,True,switch,1,1,0
own_v1,O2,h00013,bundle_default_opt_3,True,urem,3,3,0
own_v1,O2,h00013,bundle_default_opt_3,True,xor,5,5,0
own_v1,O2,h00013,bundle_default_opt_4,True,add,6,6,0
own_v1,O2,h00013,bundle_default_opt_4,True,alloca,4,4,0
own_v1,O2,h00013,bundle_default_opt_4,True,and,5,5,0
own_v1,O2,h00013,bundle_default_opt_4,True,br,14,14,0
own_v1,O2,h00013,bundle_default_opt_4,True,call,3,3,0
own_v1,O2,h00013,bundle_default_opt_4,True,freeze,3,3,0
own_v1,O2,h00013,bundle_default_opt_4,True,getelementptr,17,17,0
own_v1,O2,h00013,bundle_default_opt_4,True,icmp,4,4,0
own_v1,O2,h00013,bundle_default_opt_4,True,inttoptr,1,1,0
own_v1,O2,h00013,bundle_default_opt_4,True,load,22,22,0
own_v1,O2,h00013,bundle_default_opt_4,True,mul,3,3,0
own_v1,O2,h00013,bundle_default_opt_4,True,or,1,1,0
own_v1,O2,h00013,bundle_default_opt_4,True,ptrtoint,1,1,0
own_v1,O2,h00013,bundle_default_opt_4,True,ret,2,2,0
own_v1,O2,h00013,bundle_default_opt_4,True,select,4,4,0
own_v1,O2,h00013,bundle_default_opt_4,True,shl,5,5,0
own_v1,O2,h00013,bundle_default_opt_4,True,store,31,31,0
own_v1,O2,h00013,bundle_default_opt_4,True,switch,1,1,0
own_v1,O2,h00013,bundle_default_opt_4,True,urem,3,3,0
own_v1,O2,h00013,bundle_default_opt_4,True,xor,5,5,0
own_v1,O2,h00013,bundle_post_opt_4_custom_cleanup,True,add,6,6,0
own_v1,O2,h00013,bundle_post_opt_4_custom_cleanup,True,alloca,4,4,0
own_v1,O2,h00013,bundle_post_opt_4_custom_cleanup,True,and,5,5,0
own_v1,O2,h00013,bundle_post_opt_4_custom_cleanup,True,br,14,14,0
own_v1,O2,h00013,bundle_post_opt_4_custom_cleanup,True,call,3,3,0
own_v1,O2,h00013,bundle_post_opt_4_custom_cleanup,True,freeze,3,3,0
own_v1,O2,h00013,bundle_post_opt_4_custom_cleanup,True,getelementptr,17,17,0
own_v1,O2,h00013,bundle_post_opt_4_custom_cleanup,True,icmp,4,4,0
own_v1,O2,h00013,bundle_post_opt_4_custom_cleanup,True,inttoptr,1,1,0
own_v1,O2,h00013,bundle_post_opt_4_custom_cleanup,True,load,22,22,0
own_v1,O2,h00013,bundle_post_opt_4_custom_cleanup,True,mul,3,3,0
own_v1,O2,h00013,bundle_post_opt_4_custom_cleanup,True,or,1,1,0
own_v1,O2,h00013,bundle_post_opt_4_custom_cleanup,True,ptrtoint,1,1,0
own_v1,O2,h00013,bundle_post_opt_4_custom_cleanup,True,ret,2,1,-1
own_v1,O2,h00013,bundle_post_opt_4_custom_cleanup,True,select,4,4,0
own_v1,O2,h00013,bundle_post_opt_4_custom_cleanup,True,shl,5,5,0
own_v1,O2,h00013,bundle_post_opt_4_custom_cleanup,True,store,31,31,0
own_v1,O2,h00013,bundle_post_opt_4_custom_cleanup,True,switch,1,1,0
own_v1,O2,h00013,bundle_post_opt_4_custom_cleanup,True,urem,3,3,0
own_v1,O2,h00013,bundle_post_opt_4_custom_cleanup,True,xor,5,5,0
own_v1,O2,h00014,main_default_opt_1,True,add,93,83,-10
own_v1,O2,h00014,main_default_opt_1,True,alloca,5,3,-2
own_v1,O2,h00014,main_default_opt_1,True,and,35,27,-8
own_v1,O2,h00014,main_default_opt_1,True,ashr,3,3,0
own_v1,O2,h00014,main_default_opt_1,True,br,38,39,1
own_v1,O2,h00014,main_default_opt_1,True,call,27,14,-13
own_v1,O2,h00014,main_default_opt_1,True,getelementptr,39,22,-17
own_v1,O2,h00014,main_default_opt_1,True,icmp,29,26,-3
own_v1,O2,h00014,main_default_opt_1,True,inttoptr,70,63,-7
own_v1,O2,h00014,main_default_opt_1,True,load,139,117,-22
own_v1,O2,h00014,main_default_opt_1,True,lshr,13,11,-2
own_v1,O2,h00014,main_default_opt_1,True,mul,5,3,-2
own_v1,O2,h00014,main_default_opt_1,True,or,4,4,0
own_v1,O2,h00014,main_default_opt_1,True,phi,39,51,12
own_v1,O2,h00014,main_default_opt_1,True,ptrtoint,4,2,-2
own_v1,O2,h00014,main_default_opt_1,True,ret,12,3,-9
own_v1,O2,h00014,main_default_opt_1,True,select,13,13,0
own_v1,O2,h00014,main_default_opt_1,True,sext,2,2,0
own_v1,O2,h00014,main_default_opt_1,True,shl,12,12,0
own_v1,O2,h00014,main_default_opt_1,True,srem,4,4,0
own_v1,O2,h00014,main_default_opt_1,True,store,773,699,-74
own_v1,O2,h00014,main_default_opt_1,True,switch,4,4,0
own_v1,O2,h00014,main_default_opt_1,True,trunc,24,19,-5
own_v1,O2,h00014,main_default_opt_1,True,xor,29,24,-5
own_v1,O2,h00014,main_default_opt_1,True,zext,44,37,-7
own_v1,O2,h00014,main_default_opt_2,True,add,82,82,0
own_v1,O2,h00014,main_default_opt_2,True,alloca,4,4,0
own_v1,O2,h00014,main_default_opt_2,True,and,27,27,0
own_v1,O2,h00014,main_default_opt_2,True,ashr,3,3,0
own_v1,O2,h00014,main_default_opt_2,True,br,39,39,0
own_v1,O2,h00014,main_default_opt_2,True,call,16,10,-6
own_v1,O2,h00014,main_default_opt_2,True,getelementptr,11,10,-1
own_v1,O2,h00014,main_default_opt_2,True,icmp,26,26,0
own_v1,O2,h00014,main_default_opt_2,True,inttoptr,61,61,0
own_v1,O2,h00014,main_default_opt_2,True,load,117,123,6
own_v1,O2,h00014,main_default_opt_2,True,lshr,11,11,0
own_v1,O2,h00014,main_default_opt_2,True,mul,3,3,0
own_v1,O2,h00014,main_default_opt_2,True,or,4,4,0
own_v1,O2,h00014,main_default_opt_2,True,phi,51,51,0
own_v1,O2,h00014,main_default_opt_2,True,ptrtoint,2,2,0
own_v1,O2,h00014,main_default_opt_2,True,ret,3,3,0
own_v1,O2,h00014,main_default_opt_2,True,select,13,13,0
own_v1,O2,h00014,main_default_opt_2,True,sext,2,2,0
own_v1,O2,h00014,main_default_opt_2,True,shl,12,12,0
own_v1,O2,h00014,main_default_opt_2,True,srem,4,4,0
own_v1,O2,h00014,main_default_opt_2,True,store,681,685,4
own_v1,O2,h00014,main_default_opt_2,True,switch,4,4,0
own_v1,O2,h00014,main_default_opt_2,True,trunc,19,19,0
own_v1,O2,h00014,main_default_opt_2,True,xor,24,24,0
own_v1,O2,h00014,main_default_opt_2,True,zext,37,37,0
own_v1,O2,h00014,bundle_default_opt_3,True,add,82,81,-1
own_v1,O2,h00014,bundle_default_opt_3,True,alloca,4,4,0
own_v1,O2,h00014,bundle_default_opt_3,True,and,35,27,-8
own_v1,O2,h00014,bundle_default_opt_3,True,ashr,3,3,0
own_v1,O2,h00014,bundle_default_opt_3,True,br,39,39,0
own_v1,O2,h00014,bundle_default_opt_3,True,call,9,9,0
own_v1,O2,h00014,bundle_default_opt_3,True,getelementptr,10,10,0
own_v1,O2,h00014,bundle_default_opt_3,True,icmp,26,26,0
own_v1,O2,h00014,bundle_default_opt_3,True,inttoptr,61,61,0
own_v1,O2,h00014,bundle_default_opt_3,True,load,131,101,-30
own_v1,O2,h00014,bundle_default_opt_3,True,lshr,11,11,0
own_v1,O2,h00014,bundle_default_opt_3,True,mul,3,3,0
own_v1,O2,h00014,bundle_default_opt_3,True,or,12,4,-8
own_v1,O2,h00014,bundle_default_opt_3,True,phi,51,49,-2
own_v1,O2,h00014,bundle_default_opt_3,True,ptrtoint,1,1,0
own_v1,O2,h00014,bundle_default_opt_3,True,ret,3,3,0
own_v1,O2,h00014,bundle_default_opt_3,True,select,13,13,0
own_v1,O2,h00014,bundle_default_opt_3,True,sext,2,2,0
own_v1,O2,h00014,bundle_default_opt_3,True,shl,12,12,0
own_v1,O2,h00014,bundle_default_opt_3,True,srem,4,4,0
own_v1,O2,h00014,bundle_default_opt_3,True,store,684,547,-137
own_v1,O2,h00014,bundle_default_opt_3,True,switch,4,4,0
own_v1,O2,h00014,bundle_default_opt_3,True,trunc,19,19,0
own_v1,O2,h00014,bundle_default_opt_3,True,xor,24,24,0
own_v1,O2,h00014,bundle_default_opt_3,True,zext,37,36,-1
own_v1,O2,h00014,bundle_default_opt_4,True,add,81,81,0
own_v1,O2,h00014,bundle_default_opt_4,True,alloca,4,4,0
own_v1,O2,h00014,bundle_default_opt_4,True,and,27,27,0
own_v1,O2,h00014,bundle_default_opt_4,True,ashr,3,3,0
own_v1,O2,h00014,bundle_default_opt_4,True,br,39,39,0
own_v1,O2,h00014,bundle_default_opt_4,True,call,9,9,0
own_v1,O2,h00014,bundle_default_opt_4,True,getelementptr,10,10,0
own_v1,O2,h00014,bundle_default_opt_4,True,icmp,26,26,0
own_v1,O2,h00014,bundle_default_opt_4,True,inttoptr,61,61,0
own_v1,O2,h00014,bundle_default_opt_4,True,load,101,101,0
own_v1,O2,h00014,bundle_default_opt_4,True,lshr,11,11,0
own_v1,O2,h00014,bundle_default_opt_4,True,mul,3,3,0
own_v1,O2,h00014,bundle_default_opt_4,True,or,4,4,0
own_v1,O2,h00014,bundle_default_opt_4,True,phi,49,49,0
own_v1,O2,h00014,bundle_default_opt_4,True,ptrtoint,1,1,0
own_v1,O2,h00014,bundle_default_opt_4,True,ret,3,3,0
own_v1,O2,h00014,bundle_default_opt_4,True,select,13,13,0
own_v1,O2,h00014,bundle_default_opt_4,True,sext,2,2,0
own_v1,O2,h00014,bundle_default_opt_4,True,shl,12,12,0
own_v1,O2,h00014,bundle_default_opt_4,True,srem,4,4,0
own_v1,O2,h00014,bundle_default_opt_4,True,store,547,539,-8
own_v1,O2,h00014,bundle_default_opt_4,True,switch,4,4,0
own_v1,O2,h00014,bundle_default_opt_4,True,trunc,19,19,0
own_v1,O2,h00014,bundle_default_opt_4,True,xor,24,24,0
own_v1,O2,h00014,bundle_default_opt_4,True,zext,36,36,0
own_v1,O2,h00014,bundle_post_opt_4_custom_cleanup,True,add,81,81,0
own_v1,O2,h00014,bundle_post_opt_4_custom_cleanup,True,alloca,4,4,0
own_v1,O2,h00014,bundle_post_opt_4_custom_cleanup,True,and,27,27,0
own_v1,O2,h00014,bundle_post_opt_4_custom_cleanup,True,ashr,3,3,0
own_v1,O2,h00014,bundle_post_opt_4_custom_cleanup,True,br,39,39,0
own_v1,O2,h00014,bundle_post_opt_4_custom_cleanup,True,call,9,9,0
own_v1,O2,h00014,bundle_post_opt_4_custom_cleanup,True,getelementptr,10,10,0
own_v1,O2,h00014,bundle_post_opt_4_custom_cleanup,True,icmp,26,26,0
own_v1,O2,h00014,bundle_post_opt_4_custom_cleanup,True,inttoptr,61,61,0
own_v1,O2,h00014,bundle_post_opt_4_custom_cleanup,True,load,101,101,0
own_v1,O2,h00014,bundle_post_opt_4_custom_cleanup,True,lshr,11,11,0
own_v1,O2,h00014,bundle_post_opt_4_custom_cleanup,True,mul,3,3,0
own_v1,O2,h00014,bundle_post_opt_4_custom_cleanup,True,or,4,4,0
own_v1,O2,h00014,bundle_post_opt_4_custom_cleanup,True,phi,49,49,0
own_v1,O2,h00014,bundle_post_opt_4_custom_cleanup,True,ptrtoint,1,1,0
own_v1,O2,h00014,bundle_post_opt_4_custom_cleanup,True,ret,3,2,-1
own_v1,O2,h00014,bundle_post_opt_4_custom_cleanup,True,select,13,13,0
own_v1,O2,h00014,bundle_post_opt_4_custom_cleanup,True,sext,2,2,0
own_v1,O2,h00014,bundle_post_opt_4_custom_cleanup,True,shl,12,12,0
own_v1,O2,h00014,bundle_post_opt_4_custom_cleanup,True,srem,4,4,0
own_v1,O2,h00014,bundle_post_opt_4_custom_cleanup,True,store,539,539,0
own_v1,O2,h00014,bundle_post_opt_4_custom_cleanup,True,switch,4,4,0
own_v1,O2,h00014,bundle_post_opt_4_custom_cleanup,True,trunc,19,19,0
own_v1,O2,h00014,bundle_post_opt_4_custom_cleanup,True,xor,24,24,0
own_v1,O2,h00014,bundle_post_opt_4_custom_cleanup,True,zext,36,36,0
own_v1,O2,h00015,main_default_opt_1,True,add,64,58,-6
own_v1,O2,h00015,main_default_opt_1,True,alloca,7,5,-2
own_v1,O2,h00015,main_default_opt_1,True,and,27,26,-1
own_v1,O2,h00015,main_default_opt_1,True,ashr,1,1,0
own_v1,O2,h00015,main_default_opt_1,True,br,31,29,-2
own_v1,O2,h00015,main_default_opt_1,True,call,32,20,-12
own_v1,O2,h00015,main_default_opt_1,True,getelementptr,52,35,-17
own_v1,O2,h00015,main_default_opt_1,True,icmp,32,31,-1
own_v1,O2,h00015,main_default_opt_1,True,inttoptr,38,36,-2
own_v1,O2,h00015,main_default_opt_1,True,load,99,82,-17
own_v1,O2,h00015,main_default_opt_1,True,lshr,20,19,-1
own_v1,O2,h00015,main_default_opt_1,True,mul,3,3,0
own_v1,O2,h00015,main_default_opt_1,True,or,2,2,0
own_v1,O2,h00015,main_default_opt_1,True,phi,27,31,4
own_v1,O2,h00015,main_default_opt_1,True,ptrtoint,4,3,-1
own_v1,O2,h00015,main_default_opt_1,True,ret,11,2,-9
own_v1,O2,h00015,main_default_opt_1,True,sdiv,2,2,0
own_v1,O2,h00015,main_default_opt_1,True,select,8,8,0
own_v1,O2,h00015,main_default_opt_1,True,sext,7,7,0
own_v1,O2,h00015,main_default_opt_1,True,shl,12,12,0
own_v1,O2,h00015,main_default_opt_1,True,store,539,476,-63
own_v1,O2,h00015,main_default_opt_1,True,switch,1,1,0
own_v1,O2,h00015,main_default_opt_1,True,trunc,23,22,-1
own_v1,O2,h00015,main_default_opt_1,True,unreachable,2,2,0
own_v1,O2,h00015,main_default_opt_1,True,xor,32,28,-4
own_v1,O2,h00015,main_default_opt_1,True,zext,30,26,-4
own_v1,O2,h00015,main_default_opt_2,True,add,47,24,-23
own_v1,O2,h00015,main_default_opt_2,True,alloca,4,4,0
own_v1,O2,h00015,main_default_opt_2,True,and,11,7,-4
own_v1,O2,h00015,main_default_opt_2,True,br,29,24,-5
own_v1,O2,h00015,main_default_opt_2,True,call,11,10,-1
own_v1,O2,h00015,main_default_opt_2,True,getelementptr,25,21,-4
own_v1,O2,h00015,main_default_opt_2,True,icmp,22,14,-8
own_v1,O2,h00015,main_default_opt_2,True,inttoptr,38,11,-27
own_v1,O2,h00015,main_default_opt_2,True,load,23,24,1
own_v1,O2,h00015,main_default_opt_2,True,mul,3,3,0
own_v1,O2,h00015,main_default_opt_2,True,or,2,2,0
own_v1,O2,h00015,main_default_opt_2,True,phi,4,4,0
own_v1,O2,h00015,main_default_opt_2,True,ptrtoint,5,3,-2
own_v1,O2,h00015,main_default_opt_2,True,ret,2,2,0
own_v1,O2,h00015,main_default_opt_2,True,sdiv,2,2,0
own_v1,O2,h00015,main_default_opt_2,True,select,12,10,-2
own_v1,O2,h00015,main_default_opt_2,True,sext,7,7,0
own_v1,O2,h00015,main_default_opt_2,True,shl,12,12,0
own_v1,O2,h00015,main_default_opt_2,True,store,60,37,-23
own_v1,O2,h00015,main_default_opt_2,True,sub,4,0,-4
own_v1,O2,h00015,main_default_opt_2,True,switch,1,1,0
own_v1,O2,h00015,main_default_opt_2,True,unreachable,2,2,0
own_v1,O2,h00015,main_default_opt_2,True,xor,6,6,0
own_v1,O2,h00015,main_default_opt_2,True,zext,5,5,0
own_v1,O2,h00015,bundle_default_opt_3,True,add,14,14,0
own_v1,O2,h00015,bundle_default_opt_3,True,alloca,4,4,0
own_v1,O2,h00015,bundle_default_opt_3,True,and,7,7,0
own_v1,O2,h00015,bundle_default_opt_3,True,br,24,24,0
own_v1,O2,h00015,bundle_default_opt_3,True,call,10,11,1
own_v1,O2,h00015,bundle_default_opt_3,True,getelementptr,33,28,-5
own_v1,O2,h00015,bundle_default_opt_3,True,icmp,14,14,0
own_v1,O2,h00015,bundle_default_opt_3,True,inttoptr,1,1,0
own_v1,O2,h00015,bundle_default_opt_3,True,load,24,23,-1
own_v1,O2,h00015,bundle_default_opt_3,True,mul,3,3,0
own_v1,O2,h00015,bundle_default_opt_3,True,or,2,2,0
own_v1,O2,h00015,bundle_default_opt_3,True,phi,4,4,0
own_v1,O2,h00015,bundle_default_opt_3,True,ptrtoint,3,3,0
own_v1,O2,h00015,bundle_default_opt_3,True,ret,2,2,0
own_v1,O2,h00015,bundle_default_opt_3,True,sdiv,2,2,0
own_v1,O2,h00015,bundle_default_opt_3,True,select,10,10,0
own_v1,O2,h00015,bundle_default_opt_3,True,sext,7,6,-1
own_v1,O2,h00015,bundle_default_opt_3,True,shl,12,11,-1
own_v1,O2,h00015,bundle_default_opt_3,True,store,37,35,-2
own_v1,O2,h00015,bundle_default_opt_3,True,switch,1,1,0
own_v1,O2,h00015,bundle_default_opt_3,True,unreachable,2,2,0
own_v1,O2,h00015,bundle_default_opt_3,True,xor,6,6,0
own_v1,O2,h00015,bundle_default_opt_3,True,zext,5,5,0
own_v1,O2,h00015,bundle_default_opt_4,True,add,14,14,0
own_v1,O2,h00015,bundle_default_opt_4,True,alloca,4,4,0
own_v1,O2,h00015,bundle_default_opt_4,True,and,7,7,0
own_v1,O2,h00015,bundle_default_opt_4,True,br,24,24,0
own_v1,O2,h00015,bundle_default_opt_4,True,call,11,11,0
own_v1,O2,h00015,bundle_default_opt_4,True,getelementptr,28,28,0
own_v1,O2,h00015,bundle_default_opt_4,True,icmp,14,14,0
own_v1,O2,h00015,bundle_default_opt_4,True,inttoptr,1,1,0
own_v1,O2,h00015,bundle_default_opt_4,True,load,23,23,0
own_v1,O2,h00015,bundle_default_opt_4,True,mul,3,3,0
own_v1,O2,h00015,bundle_default_opt_4,True,or,2,2,0
own_v1,O2,h00015,bundle_default_opt_4,True,phi,4,4,0
own_v1,O2,h00015,bundle_default_opt_4,True,ptrtoint,3,3,0
own_v1,O2,h00015,bundle_default_opt_4,True,ret,2,2,0
own_v1,O2,h00015,bundle_default_opt_4,True,sdiv,2,2,0
own_v1,O2,h00015,bundle_default_opt_4,True,select,10,10,0
own_v1,O2,h00015,bundle_default_opt_4,True,sext,6,6,0
own_v1,O2,h00015,bundle_default_opt_4,True,shl,11,11,0
own_v1,O2,h00015,bundle_default_opt_4,True,store,35,35,0
own_v1,O2,h00015,bundle_default_opt_4,True,switch,1,1,0
own_v1,O2,h00015,bundle_default_opt_4,True,unreachable,2,2,0
own_v1,O2,h00015,bundle_default_opt_4,True,xor,6,6,0
own_v1,O2,h00015,bundle_default_opt_4,True,zext,5,5,0
own_v1,O2,h00015,bundle_post_opt_4_custom_cleanup,True,add,14,14,0
own_v1,O2,h00015,bundle_post_opt_4_custom_cleanup,True,alloca,4,4,0
own_v1,O2,h00015,bundle_post_opt_4_custom_cleanup,True,and,7,7,0
own_v1,O2,h00015,bundle_post_opt_4_custom_cleanup,True,br,24,24,0
own_v1,O2,h00015,bundle_post_opt_4_custom_cleanup,True,call,11,11,0
own_v1,O2,h00015,bundle_post_opt_4_custom_cleanup,True,getelementptr,28,28,0
own_v1,O2,h00015,bundle_post_opt_4_custom_cleanup,True,icmp,14,14,0
own_v1,O2,h00015,bundle_post_opt_4_custom_cleanup,True,inttoptr,1,1,0
own_v1,O2,h00015,bundle_post_opt_4_custom_cleanup,True,load,23,23,0
own_v1,O2,h00015,bundle_post_opt_4_custom_cleanup,True,mul,3,3,0
own_v1,O2,h00015,bundle_post_opt_4_custom_cleanup,True,or,2,2,0
own_v1,O2,h00015,bundle_post_opt_4_custom_cleanup,True,phi,4,4,0
own_v1,O2,h00015,bundle_post_opt_4_custom_cleanup,True,ptrtoint,3,3,0
own_v1,O2,h00015,bundle_post_opt_4_custom_cleanup,True,ret,2,1,-1
own_v1,O2,h00015,bundle_post_opt_4_custom_cleanup,True,sdiv,2,2,0
own_v1,O2,h00015,bundle_post_opt_4_custom_cleanup,True,select,10,10,0
own_v1,O2,h00015,bundle_post_opt_4_custom_cleanup,True,sext,6,6,0
own_v1,O2,h00015,bundle_post_opt_4_custom_cleanup,True,shl,11,11,0
own_v1,O2,h00015,bundle_post_opt_4_custom_cleanup,True,store,35,35,0
own_v1,O2,h00015,bundle_post_opt_4_custom_cleanup,True,switch,1,1,0
own_v1,O2,h00015,bundle_post_opt_4_custom_cleanup,True,unreachable,2,2,0
own_v1,O2,h00015,bundle_post_opt_4_custom_cleanup,True,xor,6,6,0
own_v1,O2,h00015,bundle_post_opt_4_custom_cleanup,True,zext,5,5,0
own_v1,O2,h00016,main_default_opt_1,True,add,30,24,-6
own_v1,O2,h00016,main_default_opt_1,True,alloca,7,5,-2
own_v1,O2,h00016,main_default_opt_1,True,and,21,20,-1
own_v1,O2,h00016,main_default_opt_1,True,br,32,30,-2
own_v1,O2,h00016,main_default_opt_1,True,call,28,16,-12
own_v1,O2,h00016,main_default_opt_1,True,getelementptr,87,70,-17
own_v1,O2,h00016,main_default_opt_1,True,icmp,24,23,-1
own_v1,O2,h00016,main_default_opt_1,True,inttoptr,10,8,-2
own_v1,O2,h00016,main_default_opt_1,True,load,98,81,-17
own_v1,O2,h00016,main_default_opt_1,True,lshr,13,12,-1
own_v1,O2,h00016,main_default_opt_1,True,mul,3,3,0
own_v1,O2,h00016,main_default_opt_1,True,phi,26,29,3
own_v1,O2,h00016,main_default_opt_1,True,ptrtoint,4,3,-1
own_v1,O2,h00016,main_default_opt_1,True,ret,11,2,-9
own_v1,O2,h00016,main_default_opt_1,True,select,9,9,0
own_v1,O2,h00016,main_default_opt_1,True,sext,3,3,0
own_v1,O2,h00016,main_default_opt_1,True,shl,8,8,0
own_v1,O2,h00016,main_default_opt_1,True,store,567,506,-61
own_v1,O2,h00016,main_default_opt_1,True,switch,1,1,0
own_v1,O2,h00016,main_default_opt_1,True,trunc,17,14,-3
own_v1,O2,h00016,main_default_opt_1,True,xor,23,21,-2
own_v1,O2,h00016,main_default_opt_1,True,zext,27,23,-4
own_v1,O2,h00016,main_default_opt_2,True,add,15,13,-2
own_v1,O2,h00016,main_default_opt_2,True,alloca,4,4,0
own_v1,O2,h00016,main_default_opt_2,True,and,10,7,-3
own_v1,O2,h00016,main_default_opt_2,True,br,30,28,-2
own_v1,O2,h00016,main_default_opt_2,True,call,9,8,-1
own_v1,O2,h00016,main_default_opt_2,True,getelementptr,59,31,-28
own_v1,O2,h00016,main_default_opt_2,True,icmp,18,11,-7
own_v1,O2,h00016,main_default_opt_2,True,inttoptr,9,3,-6
own_v1,O2,h00016,main_default_opt_2,True,load,26,28,2
own_v1,O2,h00016,main_default_opt_2,True,lshr,1,1,0
own_v1,O2,h00016,main_default_opt_2,True,mul,3,3,0
own_v1,O2,h00016,main_default_opt_2,True,phi,4,2,-2
own_v1,O2,h00016,main_default_opt_2,True,ptrtoint,4,2,-2
own_v1,O2,h00016,main_default_opt_2,True,ret,2,2,0
own_v1,O2,h00016,main_default_opt_2,True,select,12,10,-2
own_v1,O2,h00016,main_default_opt_2,True,sext,3,3,0
own_v1,O2,h00016,main_default_opt_2,True,shl,8,8,0
own_v1,O2,h00016,main_default_opt_2,True,store,65,64,-1
own_v1,O2,h00016,main_default_opt_2,True,sub,3,0,-3
own_v1,O2,h00016,main_default_opt_2,True,switch,1,1,0
own_v1,O2,h00016,main_default_opt_2,True,xor,9,9,0
own_v1,O2,h00016,main_default_opt_2,True,zext,5,5,0
own_v1,O2,h00016,bundle_default_opt_3,True,add,11,11,0
own_v1,O2,h00016,bundle_default_opt_3,True,alloca,4,4,0
own_v1,O2,h00016,bundle_default_opt_3,True,and,7,7,0
own_v1,O2,h00016,bundle_default_opt_3,True,br,28,28,0
own_v1,O2,h00016,bundle_default_opt_3,True,call,8,8,0
own_v1,O2,h00016,bundle_default_opt_3,True,getelementptr,33,32,-1
own_v1,O2,h00016,bundle_default_opt_3,True,icmp,11,11,0
own_v1,O2,h00016,bundle_default_opt_3,True,inttoptr,1,1,0
own_v1,O2,h00016,bundle_default_opt_3,True,load,28,28,0
own_v1,O2,h00016,bundle_default_opt_3,True,lshr,1,1,0
own_v1,O2,h00016,bundle_default_opt_3,True,mul,3,3,0
own_v1,O2,h00016,bundle_default_opt_3,True,phi,2,2,0
own_v1,O2,h00016,bundle_default_opt_3,True,ptrtoint,2,2,0
own_v1,O2,h00016,bundle_default_opt_3,True,ret,2,2,0
own_v1,O2,h00016,bundle_default_opt_3,True,select,10,10,0
own_v1,O2,h00016,bundle_default_opt_3,True,sext,3,3,0
own_v1,O2,h00016,bundle_default_opt_3,True,shl,8,8,0
own_v1,O2,h00016,bundle_default_opt_3,True,store,64,64,0
own_v1,O2,h00016,bundle_default_opt_3,True,switch,1,1,0
own_v1,O2,h00016,bundle_default_opt_3,True,xor,9,9,0
own_v1,O2,h00016,bundle_default_opt_3,True,zext,5,5,0
own_v1,O2,h00016,bundle_default_opt_4,True,add,11,11,0
own_v1,O2,h00016,bundle_default_opt_4,True,alloca,4,4,0
own_v1,O2,h00016,bundle_default_opt_4,True,and,7,7,0
own_v1,O2,h00016,bundle_default_opt_4,True,br,28,28,0
own_v1,O2,h00016,bundle_default_opt_4,True,call,8,8,0
own_v1,O2,h00016,bundle_default_opt_4,True,getelementptr,32,32,0
own_v1,O2,h00016,bundle_default_opt_4,True,icmp,11,11,0
own_v1,O2,h00016,bundle_default_opt_4,True,inttoptr,1,1,0
own_v1,O2,h00016,bundle_default_opt_4,True,load,28,28,0
own_v1,O2,h00016,bundle_default_opt_4,True,lshr,1,1,0
own_v1,O2,h00016,bundle_default_opt_4,True,mul,3,3,0
own_v1,O2,h00016,bundle_default_opt_4,True,phi,2,2,0
own_v1,O2,h00016,bundle_default_opt_4,True,ptrtoint,2,2,0
own_v1,O2,h00016,bundle_default_opt_4,True,ret,2,2,0
own_v1,O2,h00016,bundle_default_opt_4,True,select,10,10,0
own_v1,O2,h00016,bundle_default_opt_4,True,sext,3,3,0
own_v1,O2,h00016,bundle_default_opt_4,True,shl,8,8,0
own_v1,O2,h00016,bundle_default_opt_4,True,store,64,64,0
own_v1,O2,h00016,bundle_default_opt_4,True,switch,1,1,0
own_v1,O2,h00016,bundle_default_opt_4,True,xor,9,9,0
own_v1,O2,h00016,bundle_default_opt_4,True,zext,5,5,0
own_v1,O2,h00016,bundle_post_opt_4_custom_cleanup,True,add,11,11,0
own_v1,O2,h00016,bundle_post_opt_4_custom_cleanup,True,alloca,4,4,0
own_v1,O2,h00016,bundle_post_opt_4_custom_cleanup,True,and,7,7,0
own_v1,O2,h00016,bundle_post_opt_4_custom_cleanup,True,br,28,28,0
own_v1,O2,h00016,bundle_post_opt_4_custom_cleanup,True,call,8,8,0
own_v1,O2,h00016,bundle_post_opt_4_custom_cleanup,True,getelementptr,32,32,0
own_v1,O2,h00016,bundle_post_opt_4_custom_cleanup,True,icmp,11,11,0
own_v1,O2,h00016,bundle_post_opt_4_custom_cleanup,True,inttoptr,1,1,0
own_v1,O2,h00016,bundle_post_opt_4_custom_cleanup,True,load,28,28,0
own_v1,O2,h00016,bundle_post_opt_4_custom_cleanup,True,lshr,1,1,0
own_v1,O2,h00016,bundle_post_opt_4_custom_cleanup,True,mul,3,3,0
own_v1,O2,h00016,bundle_post_opt_4_custom_cleanup,True,phi,2,2,0
own_v1,O2,h00016,bundle_post_opt_4_custom_cleanup,True,ptrtoint,2,2,0
own_v1,O2,h00016,bundle_post_opt_4_custom_cleanup,True,ret,2,1,-1
own_v1,O2,h00016,bundle_post_opt_4_custom_cleanup,True,select,10,10,0
own_v1,O2,h00016,bundle_post_opt_4_custom_cleanup,True,sext,3,3,0
own_v1,O2,h00016,bundle_post_opt_4_custom_cleanup,True,shl,8,8,0
own_v1,O2,h00016,bundle_post_opt_4_custom_cleanup,True,store,64,64,0
own_v1,O2,h00016,bundle_post_opt_4_custom_cleanup,True,switch,1,1,0
own_v1,O2,h00016,bundle_post_opt_4_custom_cleanup,True,xor,9,9,0
own_v1,O2,h00016,bundle_post_opt_4_custom_cleanup,True,zext,5,5,0
own_v1,O2,h00017,main_default_opt_1,True,add,86,78,-8
own_v1,O2,h00017,main_default_opt_1,True,alloca,7,5,-2
own_v1,O2,h00017,main_default_opt_1,True,and,33,33,0
own_v1,O2,h00017,main_default_opt_1,True,br,27,28,1
own_v1,O2,h00017,main_default_opt_1,True,call,32,25,-7
own_v1,O2,h00017,main_default_opt_1,True,getelementptr,63,41,-22
own_v1,O2,h00017,main_default_opt_1,True,icmp,32,32,0
own_v1,O2,h00017,main_default_opt_1,True,inttoptr,52,46,-6
own_v1,O2,h00017,main_default_opt_1,True,load,138,109,-29
own_v1,O2,h00017,main_default_opt_1,True,lshr,17,17,0
own_v1,O2,h00017,main_default_opt_1,True,mul,7,10,3
own_v1,O2,h00017,main_default_opt_1,True,or,3,0,-3
own_v1,O2,h00017,main_default_opt_1,True,phi,21,33,12
own_v1,O2,h00017,main_default_opt_1,True,ptrtoint,4,4,0
own_v1,O2,h00017,main_default_opt_1,True,ret,11,8,-3
own_v1,O2,h00017,main_default_opt_1,True,select,14,14,0
own_v1,O2,h00017,main_default_opt_1,True,sext,2,2,0
own_v1,O2,h00017,main_default_opt_1,True,shl,16,13,-3
own_v1,O2,h00017,main_default_opt_1,True,srem,3,3,0
own_v1,O2,h00017,main_default_opt_1,True,store,590,563,-27
own_v1,O2,h00017,main_default_opt_1,True,switch,1,1,0
own_v1,O2,h00017,main_default_opt_1,True,trunc,25,23,-2
own_v1,O2,h00017,main_default_opt_1,True,xor,38,37,-1
own_v1,O2,h00017,main_default_opt_1,True,zext,36,35,-1
own_v1,O2,h00017,main_default_opt_2,True,add,72,92,20
own_v1,O2,h00017,main_default_opt_2,True,alloca,5,5,0
own_v1,O2,h00017,main_default_opt_2,True,and,53,33,-20
own_v1,O2,h00017,main_default_opt_2,True,br,28,28,0
own_v1,O2,h00017,main_default_opt_2,True,call,25,26,1
own_v1,O2,h00017,main_default_opt_2,True,getelementptr,69,66,-3
own_v1,O2,h00017,main_default_opt_2,True,icmp,72,52,-20
own_v1,O2,h00017,main_default_opt_2,True,inttoptr,48,48,0
own_v1,O2,h00017,main_default_opt_2,True,load,109,109,0
own_v1,O2,h00017,main_default_opt_2,True,lshr,17,17,0
own_v1,O2,h00017,main_default_opt_2,True,mul,10,10,0
own_v1,O2,h00017,main_default_opt_2,True,phi,33,33,0
own_v1,O2,h00017,main_default_opt_2,True,ptrtoint,14,14,0
own_v1,O2,h00017,main_default_opt_2,True,ret,8,8,0
own_v1,O2,h00017,main_default_opt_2,True,select,34,34,0
own_v1,O2,h00017,main_default_opt_2,True,sext,2,2,0
own_v1,O2,h00017,main_default_opt_2,True,shl,13,13,0
own_v1,O2,h00017,main_default_opt_2,True,srem,3,3,0
own_v1,O2,h00017,main_default_opt_2,True,store,563,558,-5
own_v1,O2,h00017,main_default_opt_2,True,sub,20,0,-20
own_v1,O2,h00017,main_default_opt_2,True,switch,1,1,0
own_v1,O2,h00017,main_default_opt_2,True,trunc,23,23,0
own_v1,O2,h00017,main_default_opt_2,True,xor,37,37,0
own_v1,O2,h00017,main_default_opt_2,True,zext,35,35,0
own_v1,O2,h00017,bundle_default_opt_3,True,add,72,72,0
own_v1,O2,h00017,bundle_default_opt_3,True,alloca,5,5,0
own_v1,O2,h00017,bundle_default_opt_3,True,and,33,31,-2
own_v1,O2,h00017,bundle_default_opt_3,True,br,28,28,0
own_v1,O2,h00017,bundle_default_opt_3,True,call,36,33,-3
own_v1,O2,h00017,bundle_default_opt_3,True,getelementptr,46,46,0
own_v1,O2,h00017,bundle_default_opt_3,True,icmp,32,32,0
own_v1,O2,h00017,bundle_default_opt_3,True,inttoptr,38,38,0
own_v1,O2,h00017,bundle_default_opt_3,True,load,108,72,-36
own_v1,O2,h00017,bundle_default_opt_3,True,lshr,17,16,-1
own_v1,O2,h00017,bundle_default_opt_3,True,mul,10,10,0
own_v1,O2,h00017,bundle_default_opt_3,True,phi,29,27,-2
own_v1,O2,h00017,bundle_default_opt_3,True,ptrtoint,12,10,-2
own_v1,O2,h00017,bundle_default_opt_3,True,ret,9,9,0
own_v1,O2,h00017,bundle_default_opt_3,True,select,14,14,0
own_v1,O2,h00017,bundle_default_opt_3,True,sext,2,2,0
own_v1,O2,h00017,bundle_default_opt_3,True,shl,13,13,0
own_v1,O2,h00017,bundle_default_opt_3,True,srem,3,3,0
own_v1,O2,h00017,bundle_default_opt_3,True,store,431,307,-124
own_v1,O2,h00017,bundle_default_opt_3,True,switch,1,1,0
own_v1,O2,h00017,bundle_default_opt_3,True,trunc,23,21,-2
own_v1,O2,h00017,bundle_default_opt_3,True,xor,37,34,-3
own_v1,O2,h00017,bundle_default_opt_3,True,zext,30,29,-1
own_v1,O2,h00017,bundle_default_opt_4,True,add,72,71,-1
own_v1,O2,h00017,bundle_default_opt_4,True,alloca,5,5,0
own_v1,O2,h00017,bundle_default_opt_4,True,and,31,30,-1
own_v1,O2,h00017,bundle_default_opt_4,True,br,28,28,0
own_v1,O2,h00017,bundle_default_opt_4,True,call,33,33,0
own_v1,O2,h00017,bundle_default_opt_4,True,getelementptr,46,46,0
own_v1,O2,h00017,bundle_default_opt_4,True,icmp,32,30,-2
own_v1,O2,h00017,bundle_default_opt_4,True,inttoptr,38,38,0
own_v1,O2,h00017,bundle_default_opt_4,True,load,72,72,0
own_v1,O2,h00017,bundle_default_opt_4,True,lshr,16,15,-1
own_v1,O2,h00017,bundle_default_opt_4,True,mul,10,10,0
own_v1,O2,h00017,bundle_default_opt_4,True,phi,27,27,0
own_v1,O2,h00017,bundle_default_opt_4,True,ptrtoint,10,10,0
own_v1,O2,h00017,bundle_default_opt_4,True,ret,9,9,0
own_v1,O2,h00017,bundle_default_opt_4,True,select,14,14,0
own_v1,O2,h00017,bundle_default_opt_4,True,sext,2,2,0
own_v1,O2,h00017,bundle_default_opt_4,True,shl,13,13,0
own_v1,O2,h00017,bundle_default_opt_4,True,srem,3,3,0
own_v1,O2,h00017,bundle_default_opt_4,True,store,307,306,-1
own_v1,O2,h00017,bundle_default_opt_4,True,switch,1,1,0
own_v1,O2,h00017,bundle_default_opt_4,True,trunc,21,21,0
own_v1,O2,h00017,bundle_default_opt_4,True,xor,34,33,-1
own_v1,O2,h00017,bundle_default_opt_4,True,zext,29,27,-2
own_v1,O2,h00017,bundle_post_opt_4_custom_cleanup,True,add,71,71,0
own_v1,O2,h00017,bundle_post_opt_4_custom_cleanup,True,alloca,5,5,0
own_v1,O2,h00017,bundle_post_opt_4_custom_cleanup,True,and,30,30,0
own_v1,O2,h00017,bundle_post_opt_4_custom_cleanup,True,br,28,28,0
own_v1,O2,h00017,bundle_post_opt_4_custom_cleanup,True,call,33,33,0
own_v1,O2,h00017,bundle_post_opt_4_custom_cleanup,True,getelementptr,46,46,0
own_v1,O2,h00017,bundle_post_opt_4_custom_cleanup,True,icmp,30,30,0
own_v1,O2,h00017,bundle_post_opt_4_custom_cleanup,True,inttoptr,38,38,0
own_v1,O2,h00017,bundle_post_opt_4_custom_cleanup,True,load,72,72,0
own_v1,O2,h00017,bundle_post_opt_4_custom_cleanup,True,lshr,15,15,0
own_v1,O2,h00017,bundle_post_opt_4_custom_cleanup,True,mul,10,10,0
own_v1,O2,h00017,bundle_post_opt_4_custom_cleanup,True,phi,27,27,0
own_v1,O2,h00017,bundle_post_opt_4_custom_cleanup,True,ptrtoint,10,10,0
own_v1,O2,h00017,bundle_post_opt_4_custom_cleanup,True,ret,9,9,0
own_v1,O2,h00017,bundle_post_opt_4_custom_cleanup,True,select,14,14,0
own_v1,O2,h00017,bundle_post_opt_4_custom_cleanup,True,sext,2,2,0
own_v1,O2,h00017,bundle_post_opt_4_custom_cleanup,True,shl,13,13,0
own_v1,O2,h00017,bundle_post_opt_4_custom_cleanup,True,srem,3,3,0
own_v1,O2,h00017,bundle_post_opt_4_custom_cleanup,True,store,306,306,0
own_v1,O2,h00017,bundle_post_opt_4_custom_cleanup,True,switch,1,1,0
own_v1,O2,h00017,bundle_post_opt_4_custom_cleanup,True,trunc,21,21,0
own_v1,O2,h00017,bundle_post_opt_4_custom_cleanup,True,xor,33,33,0
own_v1,O2,h00017,bundle_post_opt_4_custom_cleanup,True,zext,27,27,0
own_v1,O2,h00018,main_default_opt_1,True,add,52,52,0
own_v1,O2,h00018,main_default_opt_1,True,alloca,3,1,-2
own_v1,O2,h00018,main_default_opt_1,True,and,24,24,0
own_v1,O2,h00018,main_default_opt_1,True,br,48,49,1
own_v1,O2,h00018,main_default_opt_1,True,call,19,13,-6
own_v1,O2,h00018,main_default_opt_1,True,getelementptr,94,73,-21
own_v1,O2,h00018,main_default_opt_1,True,icmp,39,39,0
own_v1,O2,h00018,main_default_opt_1,True,inttoptr,18,18,0
own_v1,O2,h00018,main_default_opt_1,True,load,95,93,-2
own_v1,O2,h00018,main_default_opt_1,True,lshr,10,10,0
own_v1,O2,h00018,main_default_opt_1,True,mul,2,2,0
own_v1,O2,h00018,main_default_opt_1,True,phi,27,39,12
own_v1,O2,h00018,main_default_opt_1,True,ptrtoint,6,6,0
own_v1,O2,h00018,main_default_opt_1,True,ret,11,8,-3
own_v1,O2,h00018,main_default_opt_1,True,select,23,23,0
own_v1,O2,h00018,main_default_opt_1,True,sext,9,9,0
own_v1,O2,h00018,main_default_opt_1,True,shl,11,11,0
own_v1,O2,h00018,main_default_opt_1,True,store,828,796,-32
own_v1,O2,h00018,main_default_opt_1,True,sub,2,2,0
own_v1,O2,h00018,main_default_opt_1,True,switch,1,1,0
own_v1,O2,h00018,main_default_opt_1,True,trunc,15,10,-5
own_v1,O2,h00018,main_default_opt_1,True,xor,26,26,0
own_v1,O2,h00018,main_default_opt_1,True,zext,25,23,-2
own_v1,O2,h00018,main_default_opt_2,True,add,49,49,0
own_v1,O2,h00018,main_default_opt_2,True,alloca,1,1,0
own_v1,O2,h00018,main_default_opt_2,True,and,26,24,-2
own_v1,O2,h00018,main_default_opt_2,True,br,49,49,0
own_v1,O2,h00018,main_default_opt_2,True,call,13,13,0
own_v1,O2,h00018,main_default_opt_2,True,getelementptr,75,72,-3
own_v1,O2,h00018,main_default_opt_2,True,icmp,41,37,-4
own_v1,O2,h00018,main_default_opt_2,True,inttoptr,14,14,0
own_v1,O2,h00018,main_default_opt_2,True,load,93,93,0
own_v1,O2,h00018,main_default_opt_2,True,lshr,10,10,0
own_v1,O2,h00018,main_default_opt_2,True,mul,2,2,0
own_v1,O2,h00018,main_default_opt_2,True,phi,39,39,0
own_v1,O2,h00018,main_default_opt_2,True,ptrtoint,6,6,0
own_v1,O2,h00018,main_default_opt_2,True,ret,8,8,0
own_v1,O2,h00018,main_default_opt_2,True,select,23,23,0
own_v1,O2,h00018,main_default_opt_2,True,sext,9,9,0
own_v1,O2,h00018,main_default_opt_2,True,shl,11,11,0
own_v1,O2,h00018,main_default_opt_2,True,store,796,794,-2
own_v1,O2,h00018,main_default_opt_2,True,sub,4,2,-2
own_v1,O2,h00018,main_default_opt_2,True,switch,1,1,0
own_v1,O2,h00018,main_default_opt_2,True,trunc,10,10,0
own_v1,O2,h00018,main_default_opt_2,True,xor,26,26,0
own_v1,O2,h00018,main_default_opt_2,True,zext,23,23,0
own_v1,O2,h00018,bundle_default_opt_3,True,add,46,46,0
own_v1,O2,h00018,bundle_default_opt_3,True,alloca,1,1,0
own_v1,O2,h00018,bundle_default_opt_3,True,and,19,19,0
own_v1,O2,h00018,bundle_default_opt_3,True,br,49,49,0
own_v1,O2,h00018,bundle_default_opt_3,True,call,14,14,0
own_v1,O2,h00018,bundle_default_opt_3,True,getelementptr,66,66,0
own_v1,O2,h00018,bundle_default_opt_3,True,icmp,35,35,0
own_v1,O2,h00018,bundle_default_opt_3,True,inttoptr,13,13,0
own_v1,O2,h00018,bundle_default_opt_3,True,load,93,84,-9
own_v1,O2,h00018,bundle_default_opt_3,True,lshr,10,10,0
own_v1,O2,h00018,bundle_default_opt_3,True,mul,2,2,0
own_v1,O2,h00018,bundle_default_opt_3,True,phi,30,30,0
own_v1,O2,h00018,bundle_default_opt_3,True,ptrtoint,1,1,0
own_v1,O2,h00018,bundle_default_opt_3,True,ret,9,9,0
own_v1,O2,h00018,bundle_default_opt_3,True,select,19,19,0
own_v1,O2,h00018,bundle_default_opt_3,True,sext,4,4,0
own_v1,O2,h00018,bundle_default_opt_3,True,shl,11,11,0
own_v1,O2,h00018,bundle_default_opt_3,True,store,598,446,-152
own_v1,O2,h00018,bundle_default_opt_3,True,sub,2,2,0
own_v1,O2,h00018,bundle_default_opt_3,True,switch,1,1,0
own_v1,O2,h00018,bundle_default_opt_3,True,trunc,10,10,0
own_v1,O2,h00018,bundle_default_opt_3,True,xor,26,26,0
own_v1,O2,h00018,bundle_default_opt_3,True,zext,16,15,-1
own_v1,O2,h00018,bundle_default_opt_4,True,add,46,46,0
own_v1,O2,h00018,bundle_default_opt_4,True,alloca,1,1,0
own_v1,O2,h00018,bundle_default_opt_4,True,and,19,19,0
own_v1,O2,h00018,bundle_default_opt_4,True,br,49,49,0
own_v1,O2,h00018,bundle_default_opt_4,True,call,14,14,0
own_v1,O2,h00018,bundle_default_opt_4,True,getelementptr,66,66,0
own_v1,O2,h00018,bundle_default_opt_4,True,icmp,35,35,0
own_v1,O2,h00018,bundle_default_opt_4,True,inttoptr,13,13,0
own_v1,O2,h00018,bundle_default_opt_4,True,load,84,84,0
own_v1,O2,h00018,bundle_default_opt_4,True,lshr,10,10,0
own_v1,O2,h00018,bundle_default_opt_4,True,mul,2,2,0
own_v1,O2,h00018,bundle_default_opt_4,True,phi,30,30,0
own_v1,O2,h00018,bundle_default_opt_4,True,ptrtoint,1,1,0
own_v1,O2,h00018,bundle_default_opt_4,True,ret,9,9,0
own_v1,O2,h00018,bundle_default_opt_4,True,select,19,19,0
own_v1,O2,h00018,bundle_default_opt_4,True,sext,4,4,0
own_v1,O2,h00018,bundle_default_opt_4,True,shl,11,11,0
own_v1,O2,h00018,bundle_default_opt_4,True,store,446,402,-44
own_v1,O2,h00018,bundle_default_opt_4,True,sub,2,2,0
own_v1,O2,h00018,bundle_default_opt_4,True,switch,1,1,0
own_v1,O2,h00018,bundle_default_opt_4,True,trunc,10,10,0
own_v1,O2,h00018,bundle_default_opt_4,True,xor,26,26,0
own_v1,O2,h00018,bundle_default_opt_4,True,zext,15,15,0
own_v1,O2,h00018,bundle_post_opt_4_custom_cleanup,True,add,46,46,0
own_v1,O2,h00018,bundle_post_opt_4_custom_cleanup,True,alloca,1,1,0
own_v1,O2,h00018,bundle_post_opt_4_custom_cleanup,True,and,19,19,0
own_v1,O2,h00018,bundle_post_opt_4_custom_cleanup,True,br,49,49,0
own_v1,O2,h00018,bundle_post_opt_4_custom_cleanup,True,call,14,14,0
own_v1,O2,h00018,bundle_post_opt_4_custom_cleanup,True,getelementptr,66,66,0
own_v1,O2,h00018,bundle_post_opt_4_custom_cleanup,True,icmp,35,35,0
own_v1,O2,h00018,bundle_post_opt_4_custom_cleanup,True,inttoptr,13,13,0
own_v1,O2,h00018,bundle_post_opt_4_custom_cleanup,True,load,84,84,0
own_v1,O2,h00018,bundle_post_opt_4_custom_cleanup,True,lshr,10,10,0
own_v1,O2,h00018,bundle_post_opt_4_custom_cleanup,True,mul,2,2,0
own_v1,O2,h00018,bundle_post_opt_4_custom_cleanup,True,phi,30,30,0
own_v1,O2,h00018,bundle_post_opt_4_custom_cleanup,True,ptrtoint,1,1,0
own_v1,O2,h00018,bundle_post_opt_4_custom_cleanup,True,ret,9,9,0
own_v1,O2,h00018,bundle_post_opt_4_custom_cleanup,True,select,19,19,0
own_v1,O2,h00018,bundle_post_opt_4_custom_cleanup,True,sext,4,4,0
own_v1,O2,h00018,bundle_post_opt_4_custom_cleanup,True,shl,11,11,0
own_v1,O2,h00018,bundle_post_opt_4_custom_cleanup,True,store,402,392,-10
own_v1,O2,h00018,bundle_post_opt_4_custom_cleanup,True,sub,2,2,0
own_v1,O2,h00018,bundle_post_opt_4_custom_cleanup,True,switch,1,1,0
own_v1,O2,h00018,bundle_post_opt_4_custom_cleanup,True,trunc,10,10,0
own_v1,O2,h00018,bundle_post_opt_4_custom_cleanup,True,xor,26,26,0
own_v1,O2,h00018,bundle_post_opt_4_custom_cleanup,True,zext,15,15,0
own_v1,O2,h00019,main_default_opt_1,True,add,31,25,-6
own_v1,O2,h00019,main_default_opt_1,True,alloca,7,5,-2
own_v1,O2,h00019,main_default_opt_1,True,and,19,18,-1
own_v1,O2,h00019,main_default_opt_1,True,br,39,37,-2
own_v1,O2,h00019,main_default_opt_1,True,call,28,16,-12
own_v1,O2,h00019,main_default_opt_1,True,getelementptr,97,80,-17
own_v1,O2,h00019,main_default_opt_1,True,icmp,28,27,-1
own_v1,O2,h00019,main_default_opt_1,True,inttoptr,10,8,-2
own_v1,O2,h00019,main_default_opt_1,True,load,104,88,-16
own_v1,O2,h00019,main_default_opt_1,True,lshr,16,15,-1
own_v1,O2,h00019,main_default_opt_1,True,phi,26,29,3
own_v1,O2,h00019,main_default_opt_1,True,ptrtoint,4,2,-2
own_v1,O2,h00019,main_default_opt_1,True,ret,11,2,-9
own_v1,O2,h00019,main_default_opt_1,True,select,12,12,0
own_v1,O2,h00019,main_default_opt_1,True,sext,1,1,0
own_v1,O2,h00019,main_default_opt_1,True,shl,6,6,0
own_v1,O2,h00019,main_default_opt_1,True,store,605,544,-61
own_v1,O2,h00019,main_default_opt_1,True,sub,4,4,0
own_v1,O2,h00019,main_default_opt_1,True,switch,1,1,0
own_v1,O2,h00019,main_default_opt_1,True,trunc,16,14,-2
own_v1,O2,h00019,main_default_opt_1,True,xor,25,23,-2
own_v1,O2,h00019,main_default_opt_1,True,zext,26,23,-3
own_v1,O2,h00019,main_default_opt_2,True,add,15,13,-2
own_v1,O2,h00019,main_default_opt_2,True,alloca,5,5,0
own_v1,O2,h00019,main_default_opt_2,True,and,8,5,-3
own_v1,O2,h00019,main_default_opt_2,True,br,37,35,-2
own_v1,O2,h00019,main_default_opt_2,True,call,11,8,-3
own_v1,O2,h00019,main_default_opt_2,True,getelementptr,70,33,-37
own_v1,O2,h00019,main_default_opt_2,True,icmp,22,15,-7
own_v1,O2,h00019,main_default_opt_2,True,inttoptr,9,3,-6
own_v1,O2,h00019,main_default_opt_2,True,load,33,37,4
own_v1,O2,h00019,main_default_opt_2,True,lshr,4,4,0
own_v1,O2,h00019,main_default_opt_2,True,phi,4,2,-2
own_v1,O2,h00019,main_default_opt_2,True,ptrtoint,4,2,-2
own_v1,O2,h00019,main_default_opt_2,True,ret,2,2,0
own_v1,O2,h00019,main_default_opt_2,True,select,15,13,-2
own_v1,O2,h00019,main_default_opt_2,True,sext,1,1,0
own_v1,O2,h00019,main_default_opt_2,True,shl,6,6,0
own_v1,O2,h00019,main_default_opt_2,True,store,73,74,1
own_v1,O2,h00019,main_default_opt_2,True,sub,7,4,-3
own_v1,O2,h00019,main_default_opt_2,True,switch,1,1,0
own_v1,O2,h00019,main_default_opt_2,True,xor,11,11,0
own_v1,O2,h00019,main_default_opt_2,True,zext,8,8,0
own_v1,O2,h00019,bundle_default_opt_3,True,add,11,11,0
own_v1,O2,h00019,bundle_default_opt_3,True,alloca,5,5,0
own_v1,O2,h00019,bundle_default_opt_3,True,and,5,5,0
own_v1,O2,h00019,bundle_default_opt_3,True,br,35,35,0
own_v1,O2,h00019,bundle_default_opt_3,True,call,8,8,0
own_v1,O2,h00019,bundle_default_opt_3,True,getelementptr,35,34,-1
own_v1,O2,h00019,bundle_default_opt_3,True,icmp,15,15,0
own_v1,O2,h00019,bundle_default_opt_3,True,inttoptr,1,1,0
own_v1,O2,h00019,bundle_default_opt_3,True,load,37,37,0
own_v1,O2,h00019,bundle_default_opt_3,True,lshr,4,4,0
own_v1,O2,h00019,bundle_default_opt_3,True,phi,2,2,0
own_v1,O2,h00019,bundle_default_opt_3,True,ptrtoint,2,2,0
own_v1,O2,h00019,bundle_default_opt_3,True,ret,2,2,0
own_v1,O2,h00019,bundle_default_opt_3,True,select,13,13,0
own_v1,O2,h00019,bundle_default_opt_3,True,sext,1,1,0
own_v1,O2,h00019,bundle_default_opt_3,True,shl,6,6,0
own_v1,O2,h00019,bundle_default_opt_3,True,store,74,74,0
own_v1,O2,h00019,bundle_default_opt_3,True,sub,4,4,0
own_v1,O2,h00019,bundle_default_opt_3,True,switch,1,1,0
own_v1,O2,h00019,bundle_default_opt_3,True,xor,11,11,0
own_v1,O2,h00019,bundle_default_opt_3,True,zext,8,8,0
own_v1,O2,h00019,bundle_default_opt_4,True,add,11,11,0
own_v1,O2,h00019,bundle_default_opt_4,True,alloca,5,5,0
own_v1,O2,h00019,bundle_default_opt_4,True,and,5,5,0
own_v1,O2,h00019,bundle_default_opt_4,True,br,35,35,0
own_v1,O2,h00019,bundle_default_opt_4,True,call,8,8,0
own_v1,O2,h00019,bundle_default_opt_4,True,getelementptr,34,34,0
own_v1,O2,h00019,bundle_default_opt_4,True,icmp,15,15,0
own_v1,O2,h00019,bundle_default_opt_4,True,inttoptr,1,1,0
own_v1,O2,h00019,bundle_default_opt_4,True,load,37,37,0
own_v1,O2,h00019,bundle_default_opt_4,True,lshr,4,4,0
own_v1,O2,h00019,bundle_default_opt_4,True,phi,2,2,0
own_v1,O2,h00019,bundle_default_opt_4,True,ptrtoint,2,2,0
own_v1,O2,h00019,bundle_default_opt_4,True,ret,2,2,0
own_v1,O2,h00019,bundle_default_opt_4,True,select,13,13,0
own_v1,O2,h00019,bundle_default_opt_4,True,sext,1,1,0
own_v1,O2,h00019,bundle_default_opt_4,True,shl,6,6,0
own_v1,O2,h00019,bundle_default_opt_4,True,store,74,74,0
own_v1,O2,h00019,bundle_default_opt_4,True,sub,4,4,0
own_v1,O2,h00019,bundle_default_opt_4,True,switch,1,1,0
own_v1,O2,h00019,bundle_default_opt_4,True,xor,11,11,0
own_v1,O2,h00019,bundle_default_opt_4,True,zext,8,8,0
own_v1,O2,h00019,bundle_post_opt_4_custom_cleanup,True,add,11,11,0
own_v1,O2,h00019,bundle_post_opt_4_custom_cleanup,True,alloca,5,5,0
own_v1,O2,h00019,bundle_post_opt_4_custom_cleanup,True,and,5,5,0
own_v1,O2,h00019,bundle_post_opt_4_custom_cleanup,True,br,35,35,0
own_v1,O2,h00019,bundle_post_opt_4_custom_cleanup,True,call,8,8,0
own_v1,O2,h00019,bundle_post_opt_4_custom_cleanup,True,getelementptr,34,34,0
own_v1,O2,h00019,bundle_post_opt_4_custom_cleanup,True,icmp,15,15,0
own_v1,O2,h00019,bundle_post_opt_4_custom_cleanup,True,inttoptr,1,1,0
own_v1,O2,h00019,bundle_post_opt_4_custom_cleanup,True,load,37,37,0
own_v1,O2,h00019,bundle_post_opt_4_custom_cleanup,True,lshr,4,4,0
own_v1,O2,h00019,bundle_post_opt_4_custom_cleanup,True,phi,2,2,0
own_v1,O2,h00019,bundle_post_opt_4_custom_cleanup,True,ptrtoint,2,2,0
own_v1,O2,h00019,bundle_post_opt_4_custom_cleanup,True,ret,2,1,-1
own_v1,O2,h00019,bundle_post_opt_4_custom_cleanup,True,select,13,13,0
own_v1,O2,h00019,bundle_post_opt_4_custom_cleanup,True,sext,1,1,0
own_v1,O2,h00019,bundle_post_opt_4_custom_cleanup,True,shl,6,6,0
own_v1,O2,h00019,bundle_post_opt_4_custom_cleanup,True,store,74,74,0
own_v1,O2,h00019,bundle_post_opt_4_custom_cleanup,True,sub,4,4,0
own_v1,O2,h00019,bundle_post_opt_4_custom_cleanup,True,switch,1,1,0
own_v1,O2,h00019,bundle_post_opt_4_custom_cleanup,True,xor,11,11,0
own_v1,O2,h00019,bundle_post_opt_4_custom_cleanup,True,zext,8,8,0
own_v1,O2,h00020,main_default_opt_1,True,add,43,43,0
own_v1,O2,h00020,main_default_opt_1,True,alloca,9,5,-4
own_v1,O2,h00020,main_default_opt_1,True,and,32,32,0
own_v1,O2,h00020,main_default_opt_1,True,ashr,1,1,0
own_v1,O2,h00020,main_default_opt_1,True,br,34,35,1
own_v1,O2,h00020,main_default_opt_1,True,call,37,26,-11
own_v1,O2,h00020,main_default_opt_1,True,getelementptr,102,68,-34
own_v1,O2,h00020,main_default_opt_1,True,icmp,32,32,0
own_v1,O2,h00020,main_default_opt_1,True,inttoptr,16,16,0
own_v1,O2,h00020,main_default_opt_1,True,load,140,138,-2
own_v1,O2,h00020,main_default_opt_1,True,lshr,14,14,0
own_v1,O2,h00020,main_default_opt_1,True,mul,6,6,0
own_v1,O2,h00020,main_default_opt_1,True,or,1,1,0
own_v1,O2,h00020,main_default_opt_1,True,phi,27,39,12
own_v1,O2,h00020,main_default_opt_1,True,ptrtoint,5,4,-1
own_v1,O2,h00020,main_default_opt_1,True,ret,11,8,-3
own_v1,O2,h00020,main_default_opt_1,True,select,10,10,0
own_v1,O2,h00020,main_default_opt_1,True,sext,1,0,-1
own_v1,O2,h00020,main_default_opt_1,True,shl,9,9,0
own_v1,O2,h00020,main_default_opt_1,True,srem,2,2,0
own_v1,O2,h00020,main_default_opt_1,True,store,660,612,-48
own_v1,O2,h00020,main_default_opt_1,True,switch,1,1,0
own_v1,O2,h00020,main_default_opt_1,True,trunc,26,21,-5
own_v1,O2,h00020,main_default_opt_1,True,xor,34,34,0
own_v1,O2,h00020,main_default_opt_1,True,zext,41,39,-2
own_v1,O2,h00020,main_default_opt_2,True,add,42,42,0
own_v1,O2,h00020,main_default_opt_2,True,alloca,2,2,0
own_v1,O2,h00020,main_default_opt_2,True,and,32,32,0
own_v1,O2,h00020,main_default_opt_2,True,ashr,1,1,0
own_v1,O2,h00020,main_default_opt_2,True,br,35,35,0
own_v1,O2,h00020,main_default_opt_2,True,call,20,18,-2
own_v1,O2,h00020,main_default_opt_2,True,getelementptr,40,39,-1
own_v1,O2,h00020,main_default_opt_2,True,icmp,32,32,0
own_v1,O2,h00020,main_default_opt_2,True,inttoptr,14,14,0
own_v1,O2,h00020,main_default_opt_2,True,load,138,140,2
own_v1,O2,h00020,main_default_opt_2,True,lshr,14,14,0
own_v1,O2,h00020,main_default_opt_2,True,mul,6,6,0
own_v1,O2,h00020,main_default_opt_2,True,or,1,1,0
own_v1,O2,h00020,main_default_opt_2,True,phi,39,39,0
own_v1,O2,h00020,main_default_opt_2,True,ptrtoint,4,4,0
own_v1,O2,h00020,main_default_opt_2,True,ret,8,8,0
own_v1,O2,h00020,main_default_opt_2,True,select,10,10,0
own_v1,O2,h00020,main_default_opt_2,True,shl,9,9,0
own_v1,O2,h00020,main_default_opt_2,True,srem,2,2,0
own_v1,O2,h00020,main_default_opt_2,True,store,576,577,1
own_v1,O2,h00020,main_default_opt_2,True,switch,1,1,0
own_v1,O2,h00020,main_default_opt_2,True,trunc,21,21,0
own_v1,O2,h00020,main_default_opt_2,True,xor,34,34,0
own_v1,O2,h00020,main_default_opt_2,True,zext,39,39,0
own_v1,O2,h00020,bundle_default_opt_3,True,add,42,42,0
own_v1,O2,h00020,bundle_default_opt_3,True,alloca,2,2,0
own_v1,O2,h00020,bundle_default_opt_3,True,and,32,31,-1
own_v1,O2,h00020,bundle_default_opt_3,True,ashr,1,1,0
own_v1,O2,h00020,bundle_default_opt_3,True,br,35,35,0
own_v1,O2,h00020,bundle_default_opt_3,True,call,17,17,0
own_v1,O2,h00020,bundle_default_opt_3,True,getelementptr,39,39,0
own_v1,O2,h00020,bundle_default_opt_3,True,icmp,32,32,0
own_v1,O2,h00020,bundle_default_opt_3,True,inttoptr,14,14,0
own_v1,O2,h00020,bundle_default_opt_3,True,load,140,92,-48
own_v1,O2,h00020,bundle_default_opt_3,True,lshr,14,14,0
own_v1,O2,h00020,bundle_default_opt_3,True,mul,6,5,-1
own_v1,O2,h00020,bundle_default_opt_3,True,or,1,1,0
own_v1,O2,h00020,bundle_default_opt_3,True,phi,37,35,-2
own_v1,O2,h00020,bundle_default_opt_3,True,ptrtoint,3,3,0
own_v1,O2,h00020,bundle_default_opt_3,True,ret,8,8,0
own_v1,O2,h00020,bundle_default_opt_3,True,select,10,10,0
own_v1,O2,h00020,bundle_default_opt_3,True,shl,9,9,0
own_v1,O2,h00020,bundle_default_opt_3,True,srem,2,2,0
own_v1,O2,h00020,bundle_default_opt_3,True,store,543,395,-148
own_v1,O2,h00020,bundle_default_opt_3,True,switch,1,1,0
own_v1,O2,h00020,bundle_default_opt_3,True,trunc,21,20,-1
own_v1,O2,h00020,bundle_default_opt_3,True,xor,34,32,-2
own_v1,O2,h00020,bundle_default_opt_3,True,zext,39,38,-1
own_v1,O2,h00020,bundle_default_opt_4,True,add,42,42,0
own_v1,O2,h00020,bundle_default_opt_4,True,alloca,2,2,0
own_v1,O2,h00020,bundle_default_opt_4,True,and,31,31,0
own_v1,O2,h00020,bundle_default_opt_4,True,ashr,1,1,0
own_v1,O2,h00020,bundle_default_opt_4,True,br,35,35,0
own_v1,O2,h00020,bundle_default_opt_4,True,call,17,17,0
own_v1,O2,h00020,bundle_default_opt_4,True,getelementptr,39,39,0
own_v1,O2,h00020,bundle_default_opt_4,True,icmp,32,32,0
own_v1,O2,h00020,bundle_default_opt_4,True,inttoptr,14,14,0
own_v1,O2,h00020,bundle_default_opt_4,True,load,92,92,0
own_v1,O2,h00020,bundle_default_opt_4,True,lshr,14,14,0
own_v1,O2,h00020,bundle_default_opt_4,True,mul,5,5,0
own_v1,O2,h00020,bundle_default_opt_4,True,or,1,1,0
own_v1,O2,h00020,bundle_default_opt_4,True,phi,35,35,0
own_v1,O2,h00020,bundle_default_opt_4,True,ptrtoint,3,3,0
own_v1,O2,h00020,bundle_default_opt_4,True,ret,8,8,0
own_v1,O2,h00020,bundle_default_opt_4,True,select,10,10,0
own_v1,O2,h00020,bundle_default_opt_4,True,shl,9,9,0
own_v1,O2,h00020,bundle_default_opt_4,True,srem,2,2,0
own_v1,O2,h00020,bundle_default_opt_4,True,store,395,382,-13
own_v1,O2,h00020,bundle_default_opt_4,True,switch,1,1,0
own_v1,O2,h00020,bundle_default_opt_4,True,trunc,20,20,0
own_v1,O2,h00020,bundle_default_opt_4,True,xor,32,32,0
own_v1,O2,h00020,bundle_default_opt_4,True,zext,38,38,0
own_v1,O2,h00020,bundle_post_opt_4_custom_cleanup,True,add,42,42,0
own_v1,O2,h00020,bundle_post_opt_4_custom_cleanup,True,alloca,2,2,0
own_v1,O2,h00020,bundle_post_opt_4_custom_cleanup,True,and,31,31,0
own_v1,O2,h00020,bundle_post_opt_4_custom_cleanup,True,ashr,1,1,0
own_v1,O2,h00020,bundle_post_opt_4_custom_cleanup,True,br,35,35,0
own_v1,O2,h00020,bundle_post_opt_4_custom_cleanup,True,call,17,17,0
own_v1,O2,h00020,bundle_post_opt_4_custom_cleanup,True,getelementptr,39,39,0
own_v1,O2,h00020,bundle_post_opt_4_custom_cleanup,True,icmp,32,32,0
own_v1,O2,h00020,bundle_post_opt_4_custom_cleanup,True,inttoptr,14,14,0
own_v1,O2,h00020,bundle_post_opt_4_custom_cleanup,True,load,92,92,0
own_v1,O2,h00020,bundle_post_opt_4_custom_cleanup,True,lshr,14,14,0
own_v1,O2,h00020,bundle_post_opt_4_custom_cleanup,True,mul,5,5,0
own_v1,O2,h00020,bundle_post_opt_4_custom_cleanup,True,or,1,1,0
own_v1,O2,h00020,bundle_post_opt_4_custom_cleanup,True,phi,35,35,0
own_v1,O2,h00020,bundle_post_opt_4_custom_cleanup,True,ptrtoint,3,3,0
own_v1,O2,h00020,bundle_post_opt_4_custom_cleanup,True,ret,8,8,0
own_v1,O2,h00020,bundle_post_opt_4_custom_cleanup,True,select,10,10,0
own_v1,O2,h00020,bundle_post_opt_4_custom_cleanup,True,shl,9,9,0
own_v1,O2,h00020,bundle_post_opt_4_custom_cleanup,True,srem,2,2,0
own_v1,O2,h00020,bundle_post_opt_4_custom_cleanup,True,store,382,382,0
own_v1,O2,h00020,bundle_post_opt_4_custom_cleanup,True,switch,1,1,0
own_v1,O2,h00020,bundle_post_opt_4_custom_cleanup,True,trunc,20,20,0
own_v1,O2,h00020,bundle_post_opt_4_custom_cleanup,True,xor,32,32,0
own_v1,O2,h00020,bundle_post_opt_4_custom_cleanup,True,zext,38,38,0
own_v1,O2,h00021,main_default_opt_1,True,add,65,56,-9
own_v1,O2,h00021,main_default_opt_1,True,alloca,9,5,-4
own_v1,O2,h00021,main_default_opt_1,True,and,23,23,0
own_v1,O2,h00021,main_default_opt_1,True,br,30,31,1
own_v1,O2,h00021,main_default_opt_1,True,call,39,28,-11
own_v1,O2,h00021,main_default_opt_1,True,getelementptr,110,66,-44
own_v1,O2,h00021,main_default_opt_1,True,icmp,35,35,0
own_v1,O2,h00021,main_default_opt_1,True,inttoptr,27,27,0
own_v1,O2,h00021,main_default_opt_1,True,load,157,112,-45
own_v1,O2,h00021,main_default_opt_1,True,lshr,12,12,0
own_v1,O2,h00021,main_default_opt_1,True,mul,9,9,0
own_v1,O2,h00021,main_default_opt_1,True,or,1,1,0
own_v1,O2,h00021,main_default_opt_1,True,phi,20,31,11
own_v1,O2,h00021,main_default_opt_1,True,ptrtoint,4,4,0
own_v1,O2,h00021,main_default_opt_1,True,ret,11,8,-3
own_v1,O2,h00021,main_default_opt_1,True,select,20,20,0
own_v1,O2,h00021,main_default_opt_1,True,shl,4,4,0
own_v1,O2,h00021,main_default_opt_1,True,store,567,516,-51
own_v1,O2,h00021,main_default_opt_1,True,switch,2,2,0
own_v1,O2,h00021,main_default_opt_1,True,trunc,24,20,-4
own_v1,O2,h00021,main_default_opt_1,True,xor,38,38,0
own_v1,O2,h00021,main_default_opt_1,True,zext,41,40,-1
own_v1,O2,h00021,main_default_opt_2,True,add,46,46,0
own_v1,O2,h00021,main_default_opt_2,True,alloca,1,1,0
own_v1,O2,h00021,main_default_opt_2,True,and,23,23,0
own_v1,O2,h00021,main_default_opt_2,True,br,31,31,0
own_v1,O2,h00021,main_default_opt_2,True,call,20,20,0
own_v1,O2,h00021,main_default_opt_2,True,getelementptr,51,44,-7
own_v1,O2,h00021,main_default_opt_2,True,icmp,35,35,0
own_v1,O2,h00021,main_default_opt_2,True,inttoptr,12,12,0
own_v1,O2,h00021,main_default_opt_2,True,load,112,112,0
own_v1,O2,h00021,main_default_opt_2,True,lshr,12,12,0
own_v1,O2,h00021,main_default_opt_2,True,mul,9,9,0
own_v1,O2,h00021,main_default_opt_2,True,or,1,1,0
own_v1,O2,h00021,main_default_opt_2,True,phi,31,31,0
own_v1,O2,h00021,main_default_opt_2,True,ptrtoint,4,4,0
own_v1,O2,h00021,main_default_opt_2,True,ret,8,8,0
own_v1,O2,h00021,main_default_opt_2,True,select,20,20,0
own_v1,O2,h00021,main_default_opt_2,True,shl,4,4,0
own_v1,O2,h00021,main_default_opt_2,True,store,480,478,-2
own_v1,O2,h00021,main_default_opt_2,True,switch,2,2,0
own_v1,O2,h00021,main_default_opt_2,True,trunc,20,20,0
own_v1,O2,h00021,main_default_opt_2,True,xor,38,38,0
own_v1,O2,h00021,main_default_opt_2,True,zext,40,40,0
own_v1,O2,h00021,bundle_default_opt_3,True,add,46,46,0
own_v1,O2,h00021,bundle_default_opt_3,True,alloca,1,1,0
own_v1,O2,h00021,bundle_default_opt_3,True,and,23,21,-2
own_v1,O2,h00021,bundle_default_opt_3,True,br,31,31,0
own_v1,O2,h00021,bundle_default_opt_3,True,call,19,18,-1
own_v1,O2,h00021,bundle_default_opt_3,True,getelementptr,44,44,0
own_v1,O2,h00021,bundle_default_opt_3,True,icmp,35,35,0
own_v1,O2,h00021,bundle_default_opt_3,True,inttoptr,12,12,0
own_v1,O2,h00021,bundle_default_opt_3,True,load,111,71,-40
own_v1,O2,h00021,bundle_default_opt_3,True,lshr,12,11,-1
own_v1,O2,h00021,bundle_default_opt_3,True,mul,9,9,0
own_v1,O2,h00021,bundle_default_opt_3,True,or,1,1,0
own_v1,O2,h00021,bundle_default_opt_3,True,phi,25,25,0
own_v1,O2,h00021,bundle_default_opt_3,True,ptrtoint,1,1,0
own_v1,O2,h00021,bundle_default_opt_3,True,ret,8,8,0
own_v1,O2,h00021,bundle_default_opt_3,True,select,20,20,0
own_v1,O2,h00021,bundle_default_opt_3,True,shl,4,4,0
own_v1,O2,h00021,bundle_default_opt_3,True,store,352,275,-77
own_v1,O2,h00021,bundle_default_opt_3,True,switch,2,2,0
own_v1,O2,h00021,bundle_default_opt_3,True,trunc,20,18,-2
own_v1,O2,h00021,bundle_default_opt_3,True,xor,38,35,-3
own_v1,O2,h00021,bundle_default_opt_3,True,zext,26,25,-1
own_v1,O2,h00021,bundle_default_opt_4,True,add,46,46,0
own_v1,O2,h00021,bundle_default_opt_4,True,alloca,1,1,0
own_v1,O2,h00021,bundle_default_opt_4,True,and,21,20,-1
own_v1,O2,h00021,bundle_default_opt_4,True,br,31,31,0
own_v1,O2,h00021,bundle_default_opt_4,True,call,18,18,0
own_v1,O2,h00021,bundle_default_opt_4,True,getelementptr,44,44,0
own_v1,O2,h00021,bundle_default_opt_4,True,icmp,35,34,-1
own_v1,O2,h00021,bundle_default_opt_4,True,inttoptr,12,12,0
own_v1,O2,h00021,bundle_default_opt_4,True,load,71,71,0
own_v1,O2,h00021,bundle_default_opt_4,True,lshr,11,11,0
own_v1,O2,h00021,bundle_default_opt_4,True,mul,9,9,0
own_v1,O2,h00021,bundle_default_opt_4,True,or,1,1,0
own_v1,O2,h00021,bundle_default_opt_4,True,phi,25,25,0
own_v1,O2,h00021,bundle_default_opt_4,True,ptrtoint,1,1,0
own_v1,O2,h00021,bundle_default_opt_4,True,ret,8,8,0
own_v1,O2,h00021,bundle_default_opt_4,True,select,20,20,0
own_v1,O2,h00021,bundle_default_opt_4,True,shl,4,4,0
own_v1,O2,h00021,bundle_default_opt_4,True,store,275,274,-1
own_v1,O2,h00021,bundle_default_opt_4,True,switch,2,2,0
own_v1,O2,h00021,bundle_default_opt_4,True,trunc,18,18,0
own_v1,O2,h00021,bundle_default_opt_4,True,xor,35,35,0
own_v1,O2,h00021,bundle_default_opt_4,True,zext,25,24,-1
own_v1,O2,h00021,bundle_post_opt_4_custom_cleanup,True,add,46,46,0
own_v1,O2,h00021,bundle_post_opt_4_custom_cleanup,True,alloca,1,1,0
own_v1,O2,h00021,bundle_post_opt_4_custom_cleanup,True,and,20,20,0
own_v1,O2,h00021,bundle_post_opt_4_custom_cleanup,True,br,31,31,0
own_v1,O2,h00021,bundle_post_opt_4_custom_cleanup,True,call,18,18,0
own_v1,O2,h00021,bundle_post_opt_4_custom_cleanup,True,getelementptr,44,44,0
own_v1,O2,h00021,bundle_post_opt_4_custom_cleanup,True,icmp,34,34,0
own_v1,O2,h00021,bundle_post_opt_4_custom_cleanup,True,inttoptr,12,12,0
own_v1,O2,h00021,bundle_post_opt_4_custom_cleanup,True,load,71,71,0
own_v1,O2,h00021,bundle_post_opt_4_custom_cleanup,True,lshr,11,11,0
own_v1,O2,h00021,bundle_post_opt_4_custom_cleanup,True,mul,9,9,0
own_v1,O2,h00021,bundle_post_opt_4_custom_cleanup,True,or,1,1,0
own_v1,O2,h00021,bundle_post_opt_4_custom_cleanup,True,phi,25,25,0
own_v1,O2,h00021,bundle_post_opt_4_custom_cleanup,True,ptrtoint,1,1,0
own_v1,O2,h00021,bundle_post_opt_4_custom_cleanup,True,ret,8,8,0
own_v1,O2,h00021,bundle_post_opt_4_custom_cleanup,True,select,20,20,0
own_v1,O2,h00021,bundle_post_opt_4_custom_cleanup,True,shl,4,4,0
own_v1,O2,h00021,bundle_post_opt_4_custom_cleanup,True,store,274,274,0
own_v1,O2,h00021,bundle_post_opt_4_custom_cleanup,True,switch,2,2,0
own_v1,O2,h00021,bundle_post_opt_4_custom_cleanup,True,trunc,18,18,0
own_v1,O2,h00021,bundle_post_opt_4_custom_cleanup,True,xor,35,35,0
own_v1,O2,h00021,bundle_post_opt_4_custom_cleanup,True,zext,24,24,0
own_v1,O2,h00022,main_default_opt_1,True,add,28,22,-6
own_v1,O2,h00022,main_default_opt_1,True,alloca,5,3,-2
own_v1,O2,h00022,main_default_opt_1,True,and,18,17,-1
own_v1,O2,h00022,main_default_opt_1,True,br,6,4,-2
own_v1,O2,h00022,main_default_opt_1,True,call,26,14,-12
own_v1,O2,h00022,main_default_opt_1,True,getelementptr,41,23,-18
own_v1,O2,h00022,main_default_opt_1,True,icmp,11,10,-1
own_v1,O2,h00022,main_default_opt_1,True,inttoptr,17,14,-3
own_v1,O2,h00022,main_default_opt_1,True,load,90,73,-17
own_v1,O2,h00022,main_default_opt_1,True,lshr,13,12,-1
own_v1,O2,h00022,main_default_opt_1,True,mul,4,4,0
own_v1,O2,h00022,main_default_opt_1,True,or,1,1,0
own_v1,O2,h00022,main_default_opt_1,True,phi,22,14,-8
own_v1,O2,h00022,main_default_opt_1,True,ptrtoint,4,3,-1
own_v1,O2,h00022,main_default_opt_1,True,ret,12,3,-9
own_v1,O2,h00022,main_default_opt_1,True,select,1,1,0
own_v1,O2,h00022,main_default_opt_1,True,shl,2,2,0
own_v1,O2,h00022,main_default_opt_1,True,store,291,230,-61
own_v1,O2,h00022,main_default_opt_1,True,switch,1,1,0
own_v1,O2,h00022,main_default_opt_1,True,trunc,19,18,-1
own_v1,O2,h00022,main_default_opt_1,True,udiv,1,1,0
own_v1,O2,h00022,main_default_opt_1,True,xor,18,17,-1
own_v1,O2,h00022,main_default_opt_1,True,zext,16,12,-4
own_v1,O2,h00022,main_default_opt_2,True,add,21,21,0
own_v1,O2,h00022,main_default_opt_2,True,alloca,2,2,0
own_v1,O2,h00022,main_default_opt_2,True,and,17,17,0
own_v1,O2,h00022,main_default_opt_2,True,br,4,4,0
own_v1,O2,h00022,main_default_opt_2,True,call,12,10,-2
own_v1,O2,h00022,main_default_opt_2,True,getelementptr,10,9,-1
own_v1,O2,h00022,main_default_opt_2,True,icmp,10,10,0
own_v1,O2,h00022,main_default_opt_2,True,inttoptr,12,12,0
own_v1,O2,h00022,main_default_opt_2,True,load,73,75,2
own_v1,O2,h00022,main_default_opt_2,True,lshr,12,12,0
own_v1,O2,h00022,main_default_opt_2,True,mul,4,4,0
own_v1,O2,h00022,main_default_opt_2,True,or,1,1,0
own_v1,O2,h00022,main_default_opt_2,True,phi,14,14,0
own_v1,O2,h00022,main_default_opt_2,True,ptrtoint,3,3,0
own_v1,O2,h00022,main_default_opt_2,True,ret,3,3,0
own_v1,O2,h00022,main_default_opt_2,True,select,1,1,0
own_v1,O2,h00022,main_default_opt_2,True,shl,2,2,0
own_v1,O2,h00022,main_default_opt_2,True,store,212,214,2
own_v1,O2,h00022,main_default_opt_2,True,switch,1,1,0
own_v1,O2,h00022,main_default_opt_2,True,trunc,18,18,0
own_v1,O2,h00022,main_default_opt_2,True,udiv,1,1,0
own_v1,O2,h00022,main_default_opt_2,True,xor,17,17,0
own_v1,O2,h00022,main_default_opt_2,True,zext,12,12,0
own_v1,O2,h00022,bundle_default_opt_3,True,add,21,16,-5
own_v1,O2,h00022,bundle_default_opt_3,True,alloca,2,2,0
own_v1,O2,h00022,bundle_default_opt_3,True,and,17,4,-13
own_v1,O2,h00022,bundle_default_opt_3,True,br,4,4,0
own_v1,O2,h00022,bundle_default_opt_3,True,call,9,5,-4
own_v1,O2,h00022,bundle_default_opt_3,True,getelementptr,9,9,0
own_v1,O2,h00022,bundle_default_opt_3,True,icmp,10,1,-9
own_v1,O2,h00022,bundle_default_opt_3,True,inttoptr,12,11,-1
own_v1,O2,h00022,bundle_default_opt_3,True,load,75,25,-50
own_v1,O2,h00022,bundle_default_opt_3,True,lshr,12,2,-10
own_v1,O2,h00022,bundle_default_opt_3,True,mul,4,4,0
own_v1,O2,h00022,bundle_default_opt_3,True,or,1,0,-1
own_v1,O2,h00022,bundle_default_opt_3,True,phi,14,7,-7
own_v1,O2,h00022,bundle_default_opt_3,True,ptrtoint,2,2,0
own_v1,O2,h00022,bundle_default_opt_3,True,ret,3,3,0
own_v1,O2,h00022,bundle_default_opt_3,True,select,1,1,0
own_v1,O2,h00022,bundle_default_opt_3,True,shl,2,1,-1
own_v1,O2,h00022,bundle_default_opt_3,True,store,213,99,-114
own_v1,O2,h00022,bundle_default_opt_3,True,switch,1,1,0
own_v1,O2,h00022,bundle_default_opt_3,True,trunc,18,1,-17
own_v1,O2,h00022,bundle_default_opt_3,True,udiv,1,1,0
own_v1,O2,h00022,bundle_default_opt_3,True,xor,17,6,-11
own_v1,O2,h00022,bundle_default_opt_3,True,zext,12,3,-9
own_v1,O2,h00022,bundle_default_opt_4,True,add,16,16,0
own_v1,O2,h00022,bundle_default_opt_4,True,alloca,2,2,0
own_v1,O2,h00022,bundle_default_opt_4,True,and,4,4,0
own_v1,O2,h00022,bundle_default_opt_4,True,br,4,4,0
own_v1,O2,h00022,bundle_default_opt_4,True,call,5,5,0
own_v1,O2,h00022,bundle_default_opt_4,True,getelementptr,9,9,0
own_v1,O2,h00022,bundle_default_opt_4,True,icmp,1,1,0
own_v1,O2,h00022,bundle_default_opt_4,True,inttoptr,11,11,0
own_v1,O2,h00022,bundle_default_opt_4,True,load,25,25,0
own_v1,O2,h00022,bundle_default_opt_4,True,lshr,2,2,0
own_v1,O2,h00022,bundle_default_opt_4,True,mul,4,4,0
own_v1,O2,h00022,bundle_default_opt_4,True,phi,7,7,0
own_v1,O2,h00022,bundle_default_opt_4,True,ptrtoint,2,2,0
own_v1,O2,h00022,bundle_default_opt_4,True,ret,3,3,0
own_v1,O2,h00022,bundle_default_opt_4,True,select,1,1,0
own_v1,O2,h00022,bundle_default_opt_4,True,shl,1,1,0
own_v1,O2,h00022,bundle_default_opt_4,True,store,99,98,-1
own_v1,O2,h00022,bundle_default_opt_4,True,switch,1,1,0
own_v1,O2,h00022,bundle_default_opt_4,True,trunc,1,1,0
own_v1,O2,h00022,bundle_default_opt_4,True,udiv,1,1,0
own_v1,O2,h00022,bundle_default_opt_4,True,xor,6,6,0
own_v1,O2,h00022,bundle_default_opt_4,True,zext,3,3,0
own_v1,O2,h00022,bundle_post_opt_4_custom_cleanup,True,add,16,16,0
own_v1,O2,h00022,bundle_post_opt_4_custom_cleanup,True,alloca,2,2,0
own_v1,O2,h00022,bundle_post_opt_4_custom_cleanup,True,and,4,4,0
own_v1,O2,h00022,bundle_post_opt_4_custom_cleanup,True,br,4,4,0
own_v1,O2,h00022,bundle_post_opt_4_custom_cleanup,True,call,5,5,0
own_v1,O2,h00022,bundle_post_opt_4_custom_cleanup,True,getelementptr,9,9,0
own_v1,O2,h00022,bundle_post_opt_4_custom_cleanup,True,icmp,1,1,0
own_v1,O2,h00022,bundle_post_opt_4_custom_cleanup,True,inttoptr,11,11,0
own_v1,O2,h00022,bundle_post_opt_4_custom_cleanup,True,load,25,25,0
own_v1,O2,h00022,bundle_post_opt_4_custom_cleanup,True,lshr,2,2,0
own_v1,O2,h00022,bundle_post_opt_4_custom_cleanup,True,mul,4,4,0
own_v1,O2,h00022,bundle_post_opt_4_custom_cleanup,True,phi,7,7,0
own_v1,O2,h00022,bundle_post_opt_4_custom_cleanup,True,ptrtoint,2,2,0
own_v1,O2,h00022,bundle_post_opt_4_custom_cleanup,True,ret,3,2,-1
own_v1,O2,h00022,bundle_post_opt_4_custom_cleanup,True,select,1,1,0
own_v1,O2,h00022,bundle_post_opt_4_custom_cleanup,True,shl,1,1,0
own_v1,O2,h00022,bundle_post_opt_4_custom_cleanup,True,store,98,97,-1
own_v1,O2,h00022,bundle_post_opt_4_custom_cleanup,True,switch,1,1,0
own_v1,O2,h00022,bundle_post_opt_4_custom_cleanup,True,trunc,1,1,0
own_v1,O2,h00022,bundle_post_opt_4_custom_cleanup,True,udiv,1,1,0
own_v1,O2,h00022,bundle_post_opt_4_custom_cleanup,True,xor,6,6,0
own_v1,O2,h00022,bundle_post_opt_4_custom_cleanup,True,zext,3,3,0
own_v1,O2,h00023,main_default_opt_1,True,add,90,84,-6
own_v1,O2,h00023,main_default_opt_1,True,alloca,7,5,-2
own_v1,O2,h00023,main_default_opt_1,True,and,27,26,-1
own_v1,O2,h00023,main_default_opt_1,True,br,37,35,-2
own_v1,O2,h00023,main_default_opt_1,True,call,30,18,-12
own_v1,O2,h00023,main_default_opt_1,True,getelementptr,52,35,-17
own_v1,O2,h00023,main_default_opt_1,True,icmp,29,28,-1
own_v1,O2,h00023,main_default_opt_1,True,inttoptr,59,57,-2
own_v1,O2,h00023,main_default_opt_1,True,load,112,95,-17
own_v1,O2,h00023,main_default_opt_1,True,lshr,16,15,-1
own_v1,O2,h00023,main_default_opt_1,True,mul,2,2,0
own_v1,O2,h00023,main_default_opt_1,True,or,1,1,0
own_v1,O2,h00023,main_default_opt_1,True,phi,27,31,4
own_v1,O2,h00023,main_default_opt_1,True,ptrtoint,4,3,-1
own_v1,O2,h00023,main_default_opt_1,True,ret,11,2,-9
own_v1,O2,h00023,main_default_opt_1,True,sdiv,1,1,0
own_v1,O2,h00023,main_default_opt_1,True,select,10,10,0
own_v1,O2,h00023,main_default_opt_1,True,sext,10,10,0
own_v1,O2,h00023,main_default_opt_1,True,shl,17,17,0
own_v1,O2,h00023,main_default_opt_1,True,store,660,599,-61
own_v1,O2,h00023,main_default_opt_1,True,sub,2,2,0
own_v1,O2,h00023,main_default_opt_1,True,switch,1,1,0
own_v1,O2,h00023,main_default_opt_1,True,trunc,20,18,-2
own_v1,O2,h00023,main_default_opt_1,True,unreachable,1,1,0
own_v1,O2,h00023,main_default_opt_1,True,xor,29,26,-3
own_v1,O2,h00023,main_default_opt_1,True,zext,30,26,-4
own_v1,O2,h00023,main_default_opt_2,True,add,74,38,-36
own_v1,O2,h00023,main_default_opt_2,True,alloca,4,4,0
own_v1,O2,h00023,main_default_opt_2,True,and,14,10,-4
own_v1,O2,h00023,main_default_opt_2,True,br,35,30,-5
own_v1,O2,h00023,main_default_opt_2,True,call,10,9,-1
own_v1,O2,h00023,main_default_opt_2,True,getelementptr,25,21,-4
own_v1,O2,h00023,main_default_opt_2,True,icmp,22,14,-8
own_v1,O2,h00023,main_default_opt_2,True,inttoptr,59,22,-37
own_v1,O2,h00023,main_default_opt_2,True,load,36,37,1
own_v1,O2,h00023,main_default_opt_2,True,mul,2,2,0
own_v1,O2,h00023,main_default_opt_2,True,or,1,1,0
own_v1,O2,h00023,main_default_opt_2,True,phi,4,4,0
own_v1,O2,h00023,main_default_opt_2,True,ptrtoint,5,3,-2
own_v1,O2,h00023,main_default_opt_2,True,ret,2,2,0
own_v1,O2,h00023,main_default_opt_2,True,sdiv,1,1,0
own_v1,O2,h00023,main_default_opt_2,True,select,14,12,-2
own_v1,O2,h00023,main_default_opt_2,True,sext,10,10,0
own_v1,O2,h00023,main_default_opt_2,True,shl,17,17,0
own_v1,O2,h00023,main_default_opt_2,True,store,73,43,-30
own_v1,O2,h00023,main_default_opt_2,True,sub,5,1,-4
own_v1,O2,h00023,main_default_opt_2,True,switch,1,1,0
own_v1,O2,h00023,main_default_opt_2,True,unreachable,1,1,0
own_v1,O2,h00023,main_default_opt_2,True,xor,9,9,0
own_v1,O2,h00023,main_default_opt_2,True,zext,7,7,0
own_v1,O2,h00023,bundle_default_opt_3,True,add,18,18,0
own_v1,O2,h00023,bundle_default_opt_3,True,alloca,4,4,0
own_v1,O2,h00023,bundle_default_opt_3,True,and,10,10,0
own_v1,O2,h00023,bundle_default_opt_3,True,br,30,30,0
own_v1,O2,h00023,bundle_default_opt_3,True,call,9,9,0
own_v1,O2,h00023,bundle_default_opt_3,True,getelementptr,49,40,-9
own_v1,O2,h00023,bundle_default_opt_3,True,icmp,14,14,0
own_v1,O2,h00023,bundle_default_opt_3,True,inttoptr,1,1,0
own_v1,O2,h00023,bundle_default_opt_3,True,load,37,37,0
own_v1,O2,h00023,bundle_default_opt_3,True,mul,2,2,0
own_v1,O2,h00023,bundle_default_opt_3,True,or,1,1,0
own_v1,O2,h00023,bundle_default_opt_3,True,phi,4,4,0
own_v1,O2,h00023,bundle_default_opt_3,True,ptrtoint,3,3,0
own_v1,O2,h00023,bundle_default_opt_3,True,ret,2,2,0
own_v1,O2,h00023,bundle_default_opt_3,True,sdiv,1,1,0
own_v1,O2,h00023,bundle_default_opt_3,True,select,12,12,0
own_v1,O2,h00023,bundle_default_opt_3,True,sext,10,10,0
own_v1,O2,h00023,bundle_default_opt_3,True,shl,17,17,0
own_v1,O2,h00023,bundle_default_opt_3,True,store,43,43,0
own_v1,O2,h00023,bundle_default_opt_3,True,sub,1,1,0
own_v1,O2,h00023,bundle_default_opt_3,True,switch,1,1,0
own_v1,O2,h00023,bundle_default_opt_3,True,unreachable,1,1,0
own_v1,O2,h00023,bundle_default_opt_3,True,xor,9,9,0
own_v1,O2,h00023,bundle_default_opt_3,True,zext,7,7,0
own_v1,O2,h00023,bundle_default_opt_4,True,add,18,18,0
own_v1,O2,h00023,bundle_default_opt_4,True,alloca,4,4,0
own_v1,O2,h00023,bundle_default_opt_4,True,and,10,10,0
own_v1,O2,h00023,bundle_default_opt_4,True,br,30,30,0
own_v1,O2,h00023,bundle_default_opt_4,True,call,9,9,0
own_v1,O2,h00023,bundle_default_opt_4,True,getelementptr,40,40,0
own_v1,O2,h00023,bundle_default_opt_4,True,icmp,14,14,0
own_v1,O2,h00023,bundle_default_opt_4,True,inttoptr,1,1,0
own_v1,O2,h00023,bundle_default_opt_4,True,load,37,37,0
own_v1,O2,h00023,bundle_default_opt_4,True,mul,2,2,0
own_v1,O2,h00023,bundle_default_opt_4,True,or,1,1,0
own_v1,O2,h00023,bundle_default_opt_4,True,phi,4,4,0
own_v1,O2,h00023,bundle_default_opt_4,True,ptrtoint,3,3,0
own_v1,O2,h00023,bundle_default_opt_4,True,ret,2,2,0
own_v1,O2,h00023,bundle_default_opt_4,True,sdiv,1,1,0
own_v1,O2,h00023,bundle_default_opt_4,True,select,12,12,0
own_v1,O2,h00023,bundle_default_opt_4,True,sext,10,10,0
own_v1,O2,h00023,bundle_default_opt_4,True,shl,17,17,0
own_v1,O2,h00023,bundle_default_opt_4,True,store,43,43,0
own_v1,O2,h00023,bundle_default_opt_4,True,sub,1,1,0
own_v1,O2,h00023,bundle_default_opt_4,True,switch,1,1,0
own_v1,O2,h00023,bundle_default_opt_4,True,unreachable,1,1,0
own_v1,O2,h00023,bundle_default_opt_4,True,xor,9,9,0
own_v1,O2,h00023,bundle_default_opt_4,True,zext,7,7,0
own_v1,O2,h00023,bundle_post_opt_4_custom_cleanup,True,add,18,18,0
own_v1,O2,h00023,bundle_post_opt_4_custom_cleanup,True,alloca,4,4,0
own_v1,O2,h00023,bundle_post_opt_4_custom_cleanup,True,and,10,10,0
own_v1,O2,h00023,bundle_post_opt_4_custom_cleanup,True,br,30,30,0
own_v1,O2,h00023,bundle_post_opt_4_custom_cleanup,True,call,9,9,0
own_v1,O2,h00023,bundle_post_opt_4_custom_cleanup,True,getelementptr,40,40,0
own_v1,O2,h00023,bundle_post_opt_4_custom_cleanup,True,icmp,14,14,0
own_v1,O2,h00023,bundle_post_opt_4_custom_cleanup,True,inttoptr,1,1,0
own_v1,O2,h00023,bundle_post_opt_4_custom_cleanup,True,load,37,37,0
own_v1,O2,h00023,bundle_post_opt_4_custom_cleanup,True,mul,2,2,0
own_v1,O2,h00023,bundle_post_opt_4_custom_cleanup,True,or,1,1,0
own_v1,O2,h00023,bundle_post_opt_4_custom_cleanup,True,phi,4,4,0
own_v1,O2,h00023,bundle_post_opt_4_custom_cleanup,True,ptrtoint,3,3,0
own_v1,O2,h00023,bundle_post_opt_4_custom_cleanup,True,ret,2,1,-1
own_v1,O2,h00023,bundle_post_opt_4_custom_cleanup,True,sdiv,1,1,0
own_v1,O2,h00023,bundle_post_opt_4_custom_cleanup,True,select,12,12,0
own_v1,O2,h00023,bundle_post_opt_4_custom_cleanup,True,sext,10,10,0
own_v1,O2,h00023,bundle_post_opt_4_custom_cleanup,True,shl,17,17,0
own_v1,O2,h00023,bundle_post_opt_4_custom_cleanup,True,store,43,43,0
own_v1,O2,h00023,bundle_post_opt_4_custom_cleanup,True,sub,1,1,0
own_v1,O2,h00023,bundle_post_opt_4_custom_cleanup,True,switch,1,1,0
own_v1,O2,h00023,bundle_post_opt_4_custom_cleanup,True,unreachable,1,1,0
own_v1,O2,h00023,bundle_post_opt_4_custom_cleanup,True,xor,9,9,0
own_v1,O2,h00023,bundle_post_opt_4_custom_cleanup,True,zext,7,7,0
own_v1,O2,h00024,main_default_opt_1,True,add,38,38,0
own_v1,O2,h00024,main_default_opt_1,True,alloca,5,1,-4
own_v1,O2,h00024,main_default_opt_1,True,and,21,21,0
own_v1,O2,h00024,main_default_opt_1,True,br,15,16,1
own_v1,O2,h00024,main_default_opt_1,True,call,24,13,-11
own_v1,O2,h00024,main_default_opt_1,True,getelementptr,68,36,-32
own_v1,O2,h00024,main_default_opt_1,True,icmp,21,21,0
own_v1,O2,h00024,main_default_opt_1,True,inttoptr,21,21,0
own_v1,O2,h00024,main_default_opt_1,True,load,93,91,-2
own_v1,O2,h00024,main_default_opt_1,True,lshr,9,9,0
own_v1,O2,h00024,main_default_opt_1,True,mul,4,4,0
own_v1,O2,h00024,main_default_opt_1,True,phi,19,30,11
own_v1,O2,h00024,main_default_opt_1,True,ptrtoint,5,5,0
own_v1,O2,h00024,main_default_opt_1,True,ret,11,8,-3
own_v1,O2,h00024,main_default_opt_1,True,select,10,10,0
own_v1,O2,h00024,main_default_opt_1,True,sext,3,3,0
own_v1,O2,h00024,main_default_opt_1,True,shl,3,3,0
own_v1,O2,h00024,main_default_opt_1,True,store,436,393,-43
own_v1,O2,h00024,main_default_opt_1,True,sub,4,4,0
own_v1,O2,h00024,main_default_opt_1,True,switch,1,1,0
own_v1,O2,h00024,main_default_opt_1,True,trunc,18,14,-4
own_v1,O2,h00024,main_default_opt_1,True,xor,18,17,-1
own_v1,O2,h00024,main_default_opt_1,True,zext,22,21,-1
own_v1,O2,h00024,main_default_opt_2,True,add,35,35,0
own_v1,O2,h00024,main_default_opt_2,True,alloca,1,1,0
own_v1,O2,h00024,main_default_opt_2,True,and,23,21,-2
own_v1,O2,h00024,main_default_opt_2,True,br,16,16,0
own_v1,O2,h00024,main_default_opt_2,True,call,13,13,0
own_v1,O2,h00024,main_default_opt_2,True,getelementptr,38,35,-3
own_v1,O2,h00024,main_default_opt_2,True,icmp,23,19,-4
own_v1,O2,h00024,main_default_opt_2,True,inttoptr,19,19,0
own_v1,O2,h00024,main_default_opt_2,True,load,91,91,0
own_v1,O2,h00024,main_default_opt_2,True,lshr,9,9,0
own_v1,O2,h00024,main_default_opt_2,True,mul,4,4,0
own_v1,O2,h00024,main_default_opt_2,True,phi,32,32,0
own_v1,O2,h00024,main_default_opt_2,True,ptrtoint,5,5,0
own_v1,O2,h00024,main_default_opt_2,True,ret,8,8,0
own_v1,O2,h00024,main_default_opt_2,True,select,10,10,0
own_v1,O2,h00024,main_default_opt_2,True,sext,3,3,0
own_v1,O2,h00024,main_default_opt_2,True,shl,3,3,0
own_v1,O2,h00024,main_default_opt_2,True,store,393,379,-14
own_v1,O2,h00024,main_default_opt_2,True,sub,6,4,-2
own_v1,O2,h00024,main_default_opt_2,True,switch,1,1,0
own_v1,O2,h00024,main_default_opt_2,True,trunc,14,14,0
own_v1,O2,h00024,main_default_opt_2,True,xor,17,17,0
own_v1,O2,h00024,main_default_opt_2,True,zext,21,21,0
own_v1,O2,h00024,bundle_default_opt_3,True,add,32,32,0
own_v1,O2,h00024,bundle_default_opt_3,True,alloca,1,1,0
own_v1,O2,h00024,bundle_default_opt_3,True,and,18,18,0
own_v1,O2,h00024,bundle_default_opt_3,True,br,16,16,0
own_v1,O2,h00024,bundle_default_opt_3,True,call,14,14,0
own_v1,O2,h00024,bundle_default_opt_3,True,getelementptr,29,29,0
own_v1,O2,h00024,bundle_default_opt_3,True,icmp,17,17,0
own_v1,O2,h00024,bundle_default_opt_3,True,inttoptr,18,18,0
own_v1,O2,h00024,bundle_default_opt_3,True,load,91,71,-20
own_v1,O2,h00024,bundle_default_opt_3,True,lshr,9,9,0
own_v1,O2,h00024,bundle_default_opt_3,True,mul,4,4,0
own_v1,O2,h00024,bundle_default_opt_3,True,phi,26,26,0
own_v1,O2,h00024,bundle_default_opt_3,True,ptrtoint,3,2,-1
own_v1,O2,h00024,bundle_default_opt_3,True,ret,9,9,0
own_v1,O2,h00024,bundle_default_opt_3,True,select,6,6,0
own_v1,O2,h00024,bundle_default_opt_3,True,sext,2,2,0
own_v1,O2,h00024,bundle_default_opt_3,True,shl,3,3,0
own_v1,O2,h00024,bundle_default_opt_3,True,store,304,242,-62
own_v1,O2,h00024,bundle_default_opt_3,True,sub,4,4,0
own_v1,O2,h00024,bundle_default_opt_3,True,switch,1,1,0
own_v1,O2,h00024,bundle_default_opt_3,True,trunc,14,14,0
own_v1,O2,h00024,bundle_default_opt_3,True,xor,17,17,0
own_v1,O2,h00024,bundle_default_opt_3,True,zext,16,16,0
own_v1,O2,h00024,bundle_default_opt_4,True,add,32,32,0
own_v1,O2,h00024,bundle_default_opt_4,True,alloca,1,1,0
own_v1,O2,h00024,bundle_default_opt_4,True,and,18,18,0
own_v1,O2,h00024,bundle_default_opt_4,True,br,16,16,0
own_v1,O2,h00024,bundle_default_opt_4,True,call,14,14,0
own_v1,O2,h00024,bundle_default_opt_4,True,getelementptr,29,29,0
own_v1,O2,h00024,bundle_default_opt_4,True,icmp,17,17,0
own_v1,O2,h00024,bundle_default_opt_4,True,inttoptr,18,18,0
own_v1,O2,h00024,bundle_default_opt_4,True,load,71,71,0
own_v1,O2,h00024,bundle_default_opt_4,True,lshr,9,9,0
own_v1,O2,h00024,bundle_default_opt_4,True,mul,4,4,0
own_v1,O2,h00024,bundle_default_opt_4,True,phi,26,26,0
own_v1,O2,h00024,bundle_default_opt_4,True,ptrtoint,2,2,0
own_v1,O2,h00024,bundle_default_opt_4,True,ret,9,9,0
own_v1,O2,h00024,bundle_default_opt_4,True,select,6,6,0
own_v1,O2,h00024,bundle_default_opt_4,True,sext,2,2,0
own_v1,O2,h00024,bundle_default_opt_4,True,shl,3,3,0
own_v1,O2,h00024,bundle_default_opt_4,True,store,242,242,0
own_v1,O2,h00024,bundle_default_opt_4,True,sub,4,4,0
own_v1,O2,h00024,bundle_default_opt_4,True,switch,1,1,0
own_v1,O2,h00024,bundle_default_opt_4,True,trunc,14,14,0
own_v1,O2,h00024,bundle_default_opt_4,True,xor,17,17,0
own_v1,O2,h00024,bundle_default_opt_4,True,zext,16,16,0
own_v1,O2,h00024,bundle_post_opt_4_custom_cleanup,True,add,32,32,0
own_v1,O2,h00024,bundle_post_opt_4_custom_cleanup,True,alloca,1,1,0
own_v1,O2,h00024,bundle_post_opt_4_custom_cleanup,True,and,18,18,0
own_v1,O2,h00024,bundle_post_opt_4_custom_cleanup,True,br,16,16,0
own_v1,O2,h00024,bundle_post_opt_4_custom_cleanup,True,call,14,14,0
own_v1,O2,h00024,bundle_post_opt_4_custom_cleanup,True,getelementptr,29,29,0
own_v1,O2,h00024,bundle_post_opt_4_custom_cleanup,True,icmp,17,17,0
own_v1,O2,h00024,bundle_post_opt_4_custom_cleanup,True,inttoptr,18,18,0
own_v1,O2,h00024,bundle_post_opt_4_custom_cleanup,True,load,71,71,0
own_v1,O2,h00024,bundle_post_opt_4_custom_cleanup,True,lshr,9,9,0
own_v1,O2,h00024,bundle_post_opt_4_custom_cleanup,True,mul,4,4,0
own_v1,O2,h00024,bundle_post_opt_4_custom_cleanup,True,phi,26,26,0
own_v1,O2,h00024,bundle_post_opt_4_custom_cleanup,True,ptrtoint,2,2,0
own_v1,O2,h00024,bundle_post_opt_4_custom_cleanup,True,ret,9,9,0
own_v1,O2,h00024,bundle_post_opt_4_custom_cleanup,True,select,6,6,0
own_v1,O2,h00024,bundle_post_opt_4_custom_cleanup,True,sext,2,2,0
own_v1,O2,h00024,bundle_post_opt_4_custom_cleanup,True,shl,3,3,0
own_v1,O2,h00024,bundle_post_opt_4_custom_cleanup,True,store,242,242,0
own_v1,O2,h00024,bundle_post_opt_4_custom_cleanup,True,sub,4,4,0
own_v1,O2,h00024,bundle_post_opt_4_custom_cleanup,True,switch,1,1,0
own_v1,O2,h00024,bundle_post_opt_4_custom_cleanup,True,trunc,14,14,0
own_v1,O2,h00024,bundle_post_opt_4_custom_cleanup,True,xor,17,17,0
own_v1,O2,h00024,bundle_post_opt_4_custom_cleanup,True,zext,16,16,0
own_v1,O2,h00025,main_default_opt_1,True,add,33,33,0
own_v1,O2,h00025,main_default_opt_1,True,alloca,7,5,-2
own_v1,O2,h00025,main_default_opt_1,True,and,19,19,0
own_v1,O2,h00025,main_default_opt_1,True,br,30,31,1
own_v1,O2,h00025,main_default_opt_1,True,call,28,21,-7
own_v1,O2,h00025,main_default_opt_1,True,getelementptr,94,76,-18
own_v1,O2,h00025,main_default_opt_1,True,icmp,22,22,0
own_v1,O2,h00025,main_default_opt_1,True,inttoptr,13,13,0
own_v1,O2,h00025,main_default_opt_1,True,load,111,109,-2
own_v1,O2,h00025,main_default_opt_1,True,lshr,9,9,0
own_v1,O2,h00025,main_default_opt_1,True,mul,3,3,0
own_v1,O2,h00025,main_default_opt_1,True,phi,30,43,13
own_v1,O2,h00025,main_default_opt_1,True,ptrtoint,5,4,-1
own_v1,O2,h00025,main_default_opt_1,True,ret,11,8,-3
own_v1,O2,h00025,main_default_opt_1,True,select,10,10,0
own_v1,O2,h00025,main_default_opt_1,True,shl,8,8,0
own_v1,O2,h00025,main_default_opt_1,True,store,695,667,-28
own_v1,O2,h00025,main_default_opt_1,True,switch,2,2,0
own_v1,O2,h00025,main_default_opt_1,True,trunc,15,11,-4
own_v1,O2,h00025,main_default_opt_1,True,urem,1,1,0
own_v1,O2,h00025,main_default_opt_1,True,xor,20,20,0
own_v1,O2,h00025,main_default_opt_1,True,zext,28,26,-2
own_v1,O2,h00025,main_default_opt_2,True,add,32,32,0
own_v1,O2,h00025,main_default_opt_2,True,alloca,2,2,0
own_v1,O2,h00025,main_default_opt_2,True,and,19,19,0
own_v1,O2,h00025,main_default_opt_2,True,br,31,31,0
own_v1,O2,h00025,main_default_opt_2,True,call,15,13,-2
own_v1,O2,h00025,main_default_opt_2,True,getelementptr,48,47,-1
own_v1,O2,h00025,main_default_opt_2,True,icmp,22,22,0
own_v1,O2,h00025,main_default_opt_2,True,inttoptr,11,11,0
own_v1,O2,h00025,main_default_opt_2,True,load,109,111,2
own_v1,O2,h00025,main_default_opt_2,True,lshr,9,9,0
own_v1,O2,h00025,main_default_opt_2,True,mul,3,3,0
own_v1,O2,h00025,main_default_opt_2,True,phi,43,43,0
own_v1,O2,h00025,main_default_opt_2,True,ptrtoint,4,4,0
own_v1,O2,h00025,main_default_opt_2,True,ret,8,8,0
own_v1,O2,h00025,main_default_opt_2,True,select,10,10,0
own_v1,O2,h00025,main_default_opt_2,True,shl,8,8,0
own_v1,O2,h00025,main_default_opt_2,True,store,631,633,2
own_v1,O2,h00025,main_default_opt_2,True,switch,2,2,0
own_v1,O2,h00025,main_default_opt_2,True,trunc,11,11,0
own_v1,O2,h00025,main_default_opt_2,True,urem,1,1,0
own_v1,O2,h00025,main_default_opt_2,True,xor,20,20,0
own_v1,O2,h00025,main_default_opt_2,True,zext,26,26,0
own_v1,O2,h00025,bundle_default_opt_3,True,add,31,31,0
own_v1,O2,h00025,bundle_default_opt_3,True,alloca,2,2,0
own_v1,O2,h00025,bundle_default_opt_3,True,and,19,19,0
own_v1,O2,h00025,bundle_default_opt_3,True,br,31,31,0
own_v1,O2,h00025,bundle_default_opt_3,True,call,12,12,0
own_v1,O2,h00025,bundle_default_opt_3,True,getelementptr,47,47,0
own_v1,O2,h00025,bundle_default_opt_3,True,icmp,22,22,0
own_v1,O2,h00025,bundle_default_opt_3,True,inttoptr,11,11,0
own_v1,O2,h00025,bundle_default_opt_3,True,load,111,78,-33
own_v1,O2,h00025,bundle_default_opt_3,True,lshr,9,9,0
own_v1,O2,h00025,bundle_default_opt_3,True,mul,3,3,0
own_v1,O2,h00025,bundle_default_opt_3,True,phi,37,35,-2
own_v1,O2,h00025,bundle_default_opt_3,True,ptrtoint,2,2,0
own_v1,O2,h00025,bundle_default_opt_3,True,ret,8,8,0
own_v1,O2,h00025,bundle_default_opt_3,True,select,10,10,0
own_v1,O2,h00025,bundle_default_opt_3,True,shl,8,8,0
own_v1,O2,h00025,bundle_default_opt_3,True,store,528,371,-157
own_v1,O2,h00025,bundle_default_opt_3,True,switch,2,2,0
own_v1,O2,h00025,bundle_default_opt_3,True,trunc,11,11,0
own_v1,O2,h00025,bundle_default_opt_3,True,urem,1,1,0
own_v1,O2,h00025,bundle_default_opt_3,True,xor,20,20,0
own_v1,O2,h00025,bundle_default_opt_3,True,zext,24,23,-1
own_v1,O2,h00025,bundle_default_opt_4,True,add,31,31,0
own_v1,O2,h00025,bundle_default_opt_4,True,alloca,2,2,0
own_v1,O2,h00025,bundle_default_opt_4,True,and,19,19,0
own_v1,O2,h00025,bundle_default_opt_4,True,br,31,31,0
own_v1,O2,h00025,bundle_default_opt_4,True,call,12,12,0
own_v1,O2,h00025,bundle_default_opt_4,True,getelementptr,47,47,0
own_v1,O2,h00025,bundle_default_opt_4,True,icmp,22,22,0
own_v1,O2,h00025,bundle_default_opt_4,True,inttoptr,11,11,0
own_v1,O2,h00025,bundle_default_opt_4,True,load,78,78,0
own_v1,O2,h00025,bundle_default_opt_4,True,lshr,9,9,0
own_v1,O2,h00025,bundle_default_opt_4,True,mul,3,3,0
own_v1,O2,h00025,bundle_default_opt_4,True,phi,35,35,0
own_v1,O2,h00025,bundle_default_opt_4,True,ptrtoint,2,2,0
own_v1,O2,h00025,bundle_default_opt_4,True,ret,8,8,0
own_v1,O2,h00025,bundle_default_opt_4,True,select,10,10,0
own_v1,O2,h00025,bundle_default_opt_4,True,shl,8,8,0
own_v1,O2,h00025,bundle_default_opt_4,True,store,371,349,-22
own_v1,O2,h00025,bundle_default_opt_4,True,switch,2,2,0
own_v1,O2,h00025,bundle_default_opt_4,True,trunc,11,11,0
own_v1,O2,h00025,bundle_default_opt_4,True,urem,1,1,0
own_v1,O2,h00025,bundle_default_opt_4,True,xor,20,20,0
own_v1,O2,h00025,bundle_default_opt_4,True,zext,23,23,0
own_v1,O2,h00025,bundle_post_opt_4_custom_cleanup,True,add,31,31,0
own_v1,O2,h00025,bundle_post_opt_4_custom_cleanup,True,alloca,2,2,0
own_v1,O2,h00025,bundle_post_opt_4_custom_cleanup,True,and,19,19,0
own_v1,O2,h00025,bundle_post_opt_4_custom_cleanup,True,br,31,31,0
own_v1,O2,h00025,bundle_post_opt_4_custom_cleanup,True,call,12,12,0
own_v1,O2,h00025,bundle_post_opt_4_custom_cleanup,True,getelementptr,47,47,0
own_v1,O2,h00025,bundle_post_opt_4_custom_cleanup,True,icmp,22,22,0
own_v1,O2,h00025,bundle_post_opt_4_custom_cleanup,True,inttoptr,11,11,0
own_v1,O2,h00025,bundle_post_opt_4_custom_cleanup,True,load,78,78,0
own_v1,O2,h00025,bundle_post_opt_4_custom_cleanup,True,lshr,9,9,0
own_v1,O2,h00025,bundle_post_opt_4_custom_cleanup,True,mul,3,3,0
own_v1,O2,h00025,bundle_post_opt_4_custom_cleanup,True,phi,35,35,0
own_v1,O2,h00025,bundle_post_opt_4_custom_cleanup,True,ptrtoint,2,2,0
own_v1,O2,h00025,bundle_post_opt_4_custom_cleanup,True,ret,8,8,0
own_v1,O2,h00025,bundle_post_opt_4_custom_cleanup,True,select,10,10,0
own_v1,O2,h00025,bundle_post_opt_4_custom_cleanup,True,shl,8,8,0
own_v1,O2,h00025,bundle_post_opt_4_custom_cleanup,True,store,349,344,-5
own_v1,O2,h00025,bundle_post_opt_4_custom_cleanup,True,switch,2,2,0
own_v1,O2,h00025,bundle_post_opt_4_custom_cleanup,True,trunc,11,11,0
own_v1,O2,h00025,bundle_post_opt_4_custom_cleanup,True,urem,1,1,0
own_v1,O2,h00025,bundle_post_opt_4_custom_cleanup,True,xor,20,20,0
own_v1,O2,h00025,bundle_post_opt_4_custom_cleanup,True,zext,23,23,0
own_v1,O2,h00026,main_default_opt_1,True,add,50,50,0
own_v1,O2,h00026,main_default_opt_1,True,alloca,7,5,-2
own_v1,O2,h00026,main_default_opt_1,True,and,21,21,0
own_v1,O2,h00026,main_default_opt_1,True,br,65,66,1
own_v1,O2,h00026,main_default_opt_1,True,call,28,21,-7
own_v1,O2,h00026,main_default_opt_1,True,getelementptr,120,104,-16
own_v1,O2,h00026,main_default_opt_1,True,icmp,38,38,0
own_v1,O2,h00026,main_default_opt_1,True,inttoptr,15,15,0
own_v1,O2,h00026,main_default_opt_1,True,load,128,123,-5
own_v1,O2,h00026,main_default_opt_1,True,lshr,17,17,0
own_v1,O2,h00026,main_default_opt_1,True,mul,1,1,0
own_v1,O2,h00026,main_default_opt_1,True,phi,26,37,11
own_v1,O2,h00026,main_default_opt_1,True,ptrtoint,5,3,-2
own_v1,O2,h00026,main_default_opt_1,True,ret,11,8,-3
own_v1,O2,h00026,main_default_opt_1,True,select,23,23,0
own_v1,O2,h00026,main_default_opt_1,True,sext,8,8,0
own_v1,O2,h00026,main_default_opt_1,True,shl,15,15,0
own_v1,O2,h00026,main_default_opt_1,True,store,982,950,-32
own_v1,O2,h00026,main_default_opt_1,True,sub,4,4,0
own_v1,O2,h00026,main_default_opt_1,True,switch,2,2,0
own_v1,O2,h00026,main_default_opt_1,True,trunc,13,10,-3
own_v1,O2,h00026,main_default_opt_1,True,xor,33,33,0
own_v1,O2,h00026,main_default_opt_1,True,zext,32,30,-2
own_v1,O2,h00026,main_default_opt_2,True,add,46,56,10
own_v1,O2,h00026,main_default_opt_2,True,alloca,3,3,0
own_v1,O2,h00026,main_default_opt_2,True,and,31,21,-10
own_v1,O2,h00026,main_default_opt_2,True,br,66,66,0
own_v1,O2,h00026,main_default_opt_2,True,call,17,17,0
own_v1,O2,h00026,main_default_opt_2,True,getelementptr,98,102,4
own_v1,O2,h00026,main_default_opt_2,True,icmp,56,46,-10
own_v1,O2,h00026,main_default_opt_2,True,inttoptr,18,18,0
own_v1,O2,h00026,main_default_opt_2,True,load,123,116,-7
own_v1,O2,h00026,main_default_opt_2,True,lshr,17,17,0
own_v1,O2,h00026,main_default_opt_2,True,mul,1,1,0
own_v1,O2,h00026,main_default_opt_2,True,phi,37,37,0
own_v1,O2,h00026,main_default_opt_2,True,ptrtoint,8,8,0
own_v1,O2,h00026,main_default_opt_2,True,ret,8,8,0
own_v1,O2,h00026,main_default_opt_2,True,select,31,31,0
own_v1,O2,h00026,main_default_opt_2,True,sext,8,8,0
own_v1,O2,h00026,main_default_opt_2,True,shl,15,15,0
own_v1,O2,h00026,main_default_opt_2,True,store,932,923,-9
own_v1,O2,h00026,main_default_opt_2,True,sub,14,4,-10
own_v1,O2,h00026,main_default_opt_2,True,switch,2,2,0
own_v1,O2,h00026,main_default_opt_2,True,trunc,10,10,0
own_v1,O2,h00026,main_default_opt_2,True,xor,33,33,0
own_v1,O2,h00026,main_default_opt_2,True,zext,30,30,0
own_v1,O2,h00026,bundle_default_opt_3,True,add,44,36,-8
own_v1,O2,h00026,bundle_default_opt_3,True,alloca,3,3,0
own_v1,O2,h00026,bundle_default_opt_3,True,and,19,18,-1
own_v1,O2,h00026,bundle_default_opt_3,True,br,66,63,-3
own_v1,O2,h00026,bundle_default_opt_3,True,call,17,12,-5
own_v1,O2,h00026,bundle_default_opt_3,True,getelementptr,92,88,-4
own_v1,O2,h00026,bundle_default_opt_3,True,icmp,38,35,-3
own_v1,O2,h00026,bundle_default_opt_3,True,inttoptr,14,11,-3
own_v1,O2,h00026,bundle_default_opt_3,True,load,113,73,-40
own_v1,O2,h00026,bundle_default_opt_3,True,lshr,17,16,-1
own_v1,O2,h00026,bundle_default_opt_3,True,mul,1,1,0
own_v1,O2,h00026,bundle_default_opt_3,True,phi,28,20,-8
own_v1,O2,h00026,bundle_default_opt_3,True,ptrtoint,6,5,-1
own_v1,O2,h00026,bundle_default_opt_3,True,ret,9,2,-7
own_v1,O2,h00026,bundle_default_opt_3,True,select,23,21,-2
own_v1,O2,h00026,bundle_default_opt_3,True,sext,6,6,0
own_v1,O2,h00026,bundle_default_opt_3,True,shl,15,15,0
own_v1,O2,h00026,bundle_default_opt_3,True,store,590,424,-166
own_v1,O2,h00026,bundle_default_opt_3,True,sub,4,4,0
own_v1,O2,h00026,bundle_default_opt_3,True,switch,2,2,0
own_v1,O2,h00026,bundle_default_opt_3,True,trunc,10,10,0
own_v1,O2,h00026,bundle_default_opt_3,True,xor,33,32,-1
own_v1,O2,h00026,bundle_default_opt_3,True,zext,9,8,-1
own_v1,O2,h00026,bundle_default_opt_4,True,add,36,34,-2
own_v1,O2,h00026,bundle_default_opt_4,True,alloca,3,3,0
own_v1,O2,h00026,bundle_default_opt_4,True,and,18,18,0
own_v1,O2,h00026,bundle_default_opt_4,True,br,63,63,0
own_v1,O2,h00026,bundle_default_opt_4,True,call,12,12,0
own_v1,O2,h00026,bundle_default_opt_4,True,getelementptr,88,88,0
own_v1,O2,h00026,bundle_default_opt_4,True,icmp,35,35,0
own_v1,O2,h00026,bundle_default_opt_4,True,inttoptr,11,11,0
own_v1,O2,h00026,bundle_default_opt_4,True,load,73,73,0
own_v1,O2,h00026,bundle_default_opt_4,True,lshr,16,16,0
own_v1,O2,h00026,bundle_default_opt_4,True,mul,1,1,0
own_v1,O2,h00026,bundle_default_opt_4,True,phi,20,20,0
own_v1,O2,h00026,bundle_default_opt_4,True,ptrtoint,5,5,0
own_v1,O2,h00026,bundle_default_opt_4,True,ret,2,2,0
own_v1,O2,h00026,bundle_default_opt_4,True,select,21,21,0
own_v1,O2,h00026,bundle_default_opt_4,True,sext,6,6,0
own_v1,O2,h00026,bundle_default_opt_4,True,shl,15,15,0
own_v1,O2,h00026,bundle_default_opt_4,True,store,424,361,-63
own_v1,O2,h00026,bundle_default_opt_4,True,sub,4,4,0
own_v1,O2,h00026,bundle_default_opt_4,True,switch,2,2,0
own_v1,O2,h00026,bundle_default_opt_4,True,trunc,10,10,0
own_v1,O2,h00026,bundle_default_opt_4,True,xor,32,32,0
own_v1,O2,h00026,bundle_default_opt_4,True,zext,8,8,0
own_v1,O2,h00026,bundle_post_opt_4_custom_cleanup,True,add,34,34,0
own_v1,O2,h00026,bundle_post_opt_4_custom_cleanup,True,alloca,3,3,0
own_v1,O2,h00026,bundle_post_opt_4_custom_cleanup,True,and,18,18,0
own_v1,O2,h00026,bundle_post_opt_4_custom_cleanup,True,br,63,63,0
own_v1,O2,h00026,bundle_post_opt_4_custom_cleanup,True,call,12,12,0
own_v1,O2,h00026,bundle_post_opt_4_custom_cleanup,True,getelementptr,88,88,0
own_v1,O2,h00026,bundle_post_opt_4_custom_cleanup,True,icmp,35,35,0
own_v1,O2,h00026,bundle_post_opt_4_custom_cleanup,True,inttoptr,11,11,0
own_v1,O2,h00026,bundle_post_opt_4_custom_cleanup,True,load,73,73,0
own_v1,O2,h00026,bundle_post_opt_4_custom_cleanup,True,lshr,16,16,0
own_v1,O2,h00026,bundle_post_opt_4_custom_cleanup,True,mul,1,1,0
own_v1,O2,h00026,bundle_post_opt_4_custom_cleanup,True,phi,20,20,0
own_v1,O2,h00026,bundle_post_opt_4_custom_cleanup,True,ptrtoint,5,5,0
own_v1,O2,h00026,bundle_post_opt_4_custom_cleanup,True,ret,2,1,-1
own_v1,O2,h00026,bundle_post_opt_4_custom_cleanup,True,select,21,21,0
own_v1,O2,h00026,bundle_post_opt_4_custom_cleanup,True,sext,6,6,0
own_v1,O2,h00026,bundle_post_opt_4_custom_cleanup,True,shl,15,15,0
own_v1,O2,h00026,bundle_post_opt_4_custom_cleanup,True,store,361,361,0
own_v1,O2,h00026,bundle_post_opt_4_custom_cleanup,True,sub,4,4,0
own_v1,O2,h00026,bundle_post_opt_4_custom_cleanup,True,switch,2,2,0
own_v1,O2,h00026,bundle_post_opt_4_custom_cleanup,True,trunc,10,10,0
own_v1,O2,h00026,bundle_post_opt_4_custom_cleanup,True,xor,32,32,0
own_v1,O2,h00026,bundle_post_opt_4_custom_cleanup,True,zext,8,8,0
own_v1,O2,h00027,main_default_opt_1,True,add,51,51,0
own_v1,O2,h00027,main_default_opt_1,True,alloca,9,5,-4
own_v1,O2,h00027,main_default_opt_1,True,and,23,23,0
own_v1,O2,h00027,main_default_opt_1,True,br,65,66,1
own_v1,O2,h00027,main_default_opt_1,True,call,35,24,-11
own_v1,O2,h00027,main_default_opt_1,True,getelementptr,137,105,-32
own_v1,O2,h00027,main_default_opt_1,True,icmp,39,39,0
own_v1,O2,h00027,main_default_opt_1,True,inttoptr,16,16,0
own_v1,O2,h00027,main_default_opt_1,True,load,148,145,-3
own_v1,O2,h00027,main_default_opt_1,True,lshr,16,16,0
own_v1,O2,h00027,main_default_opt_1,True,mul,4,4,0
own_v1,O2,h00027,main_default_opt_1,True,phi,26,37,11
own_v1,O2,h00027,main_default_opt_1,True,ptrtoint,6,3,-3
own_v1,O2,h00027,main_default_opt_1,True,ret,11,8,-3
own_v1,O2,h00027,main_default_opt_1,True,select,24,24,0
own_v1,O2,h00027,main_default_opt_1,True,sext,7,7,0
own_v1,O2,h00027,main_default_opt_1,True,shl,12,12,0
own_v1,O2,h00027,main_default_opt_1,True,store,933,874,-59
own_v1,O2,h00027,main_default_opt_1,True,sub,4,4,0
own_v1,O2,h00027,main_default_opt_1,True,switch,3,3,0
own_v1,O2,h00027,main_default_opt_1,True,trunc,17,13,-4
own_v1,O2,h00027,main_default_opt_1,True,xor,31,30,-1
own_v1,O2,h00027,main_default_opt_1,True,zext,39,37,-2
own_v1,O2,h00027,main_default_opt_2,True,add,47,57,10
own_v1,O2,h00027,main_default_opt_2,True,alloca,3,3,0
own_v1,O2,h00027,main_default_opt_2,True,and,33,23,-10
own_v1,O2,h00027,main_default_opt_2,True,br,66,66,0
own_v1,O2,h00027,main_default_opt_2,True,call,20,20,0
own_v1,O2,h00027,main_default_opt_2,True,getelementptr,99,107,8
own_v1,O2,h00027,main_default_opt_2,True,icmp,57,47,-10
own_v1,O2,h00027,main_default_opt_2,True,inttoptr,19,19,0
own_v1,O2,h00027,main_default_opt_2,True,load,145,137,-8
own_v1,O2,h00027,main_default_opt_2,True,lshr,16,16,0
own_v1,O2,h00027,main_default_opt_2,True,mul,4,4,0
own_v1,O2,h00027,main_default_opt_2,True,phi,37,37,0
own_v1,O2,h00027,main_default_opt_2,True,ptrtoint,8,8,0
own_v1,O2,h00027,main_default_opt_2,True,ret,8,8,0
own_v1,O2,h00027,main_default_opt_2,True,select,32,32,0
own_v1,O2,h00027,main_default_opt_2,True,sext,7,7,0
own_v1,O2,h00027,main_default_opt_2,True,shl,12,12,0
own_v1,O2,h00027,main_default_opt_2,True,store,856,843,-13
own_v1,O2,h00027,main_default_opt_2,True,sub,14,4,-10
own_v1,O2,h00027,main_default_opt_2,True,switch,3,3,0
own_v1,O2,h00027,main_default_opt_2,True,trunc,13,13,0
own_v1,O2,h00027,main_default_opt_2,True,xor,30,30,0
own_v1,O2,h00027,main_default_opt_2,True,zext,37,37,0
own_v1,O2,h00027,bundle_default_opt_3,True,add,46,46,0
own_v1,O2,h00027,bundle_default_opt_3,True,alloca,3,3,0
own_v1,O2,h00027,bundle_default_opt_3,True,and,20,20,0
own_v1,O2,h00027,bundle_default_opt_3,True,br,66,66,0
own_v1,O2,h00027,bundle_default_opt_3,True,call,24,23,-1
own_v1,O2,h00027,bundle_default_opt_3,True,getelementptr,87,87,0
own_v1,O2,h00027,bundle_default_opt_3,True,icmp,37,37,0
own_v1,O2,h00027,bundle_default_opt_3,True,inttoptr,14,14,0
own_v1,O2,h00027,bundle_default_opt_3,True,load,135,94,-41
own_v1,O2,h00027,bundle_default_opt_3,True,lshr,16,16,0
own_v1,O2,h00027,bundle_default_opt_3,True,mul,4,4,0
own_v1,O2,h00027,bundle_default_opt_3,True,phi,28,28,0
own_v1,O2,h00027,bundle_default_opt_3,True,ptrtoint,6,5,-1
own_v1,O2,h00027,bundle_default_opt_3,True,ret,9,9,0
own_v1,O2,h00027,bundle_default_opt_3,True,select,22,22,0
own_v1,O2,h00027,bundle_default_opt_3,True,sext,6,6,0
own_v1,O2,h00027,bundle_default_opt_3,True,shl,12,12,0
own_v1,O2,h00027,bundle_default_opt_3,True,store,622,511,-111
own_v1,O2,h00027,bundle_default_opt_3,True,sub,4,4,0
own_v1,O2,h00027,bundle_default_opt_3,True,switch,3,3,0
own_v1,O2,h00027,bundle_default_opt_3,True,trunc,12,12,0
own_v1,O2,h00027,bundle_default_opt_3,True,xor,30,30,0
own_v1,O2,h00027,bundle_default_opt_3,True,zext,13,13,0
own_v1,O2,h00027,bundle_default_opt_4,True,add,46,46,0
own_v1,O2,h00027,bundle_default_opt_4,True,alloca,3,3,0
own_v1,O2,h00027,bundle_default_opt_4,True,and,20,20,0
own_v1,O2,h00027,bundle_default_opt_4,True,br,66,66,0
own_v1,O2,h00027,bundle_default_opt_4,True,call,23,23,0
own_v1,O2,h00027,bundle_default_opt_4,True,getelementptr,87,87,0
own_v1,O2,h00027,bundle_default_opt_4,True,icmp,37,37,0
own_v1,O2,h00027,bundle_default_opt_4,True,inttoptr,14,14,0
own_v1,O2,h00027,bundle_default_opt_4,True,load,94,94,0
own_v1,O2,h00027,bundle_default_opt_4,True,lshr,16,16,0
own_v1,O2,h00027,bundle_default_opt_4,True,mul,4,4,0
own_v1,O2,h00027,bundle_default_opt_4,True,phi,28,28,0
own_v1,O2,h00027,bundle_default_opt_4,True,ptrtoint,5,5,0
own_v1,O2,h00027,bundle_default_opt_4,True,ret,9,9,0
own_v1,O2,h00027,bundle_default_opt_4,True,select,22,22,0
own_v1,O2,h00027,bundle_default_opt_4,True,sext,6,6,0
own_v1,O2,h00027,bundle_default_opt_4,True,shl,12,12,0
own_v1,O2,h00027,bundle_default_opt_4,True,store,511,504,-7
own_v1,O2,h00027,bundle_default_opt_4,True,sub,4,4,0
own_v1,O2,h00027,bundle_default_opt_4,True,switch,3,3,0
own_v1,O2,h00027,bundle_default_opt_4,True,trunc,12,12,0
own_v1,O2,h00027,bundle_default_opt_4,True,xor,30,30,0
own_v1,O2,h00027,bundle_default_opt_4,True,zext,13,13,0
own_v1,O2,h00027,bundle_post_opt_4_custom_cleanup,True,add,46,44,-2
own_v1,O2,h00027,bundle_post_opt_4_custom_cleanup,True,alloca,3,3,0
own_v1,O2,h00027,bundle_post_opt_4_custom_cleanup,True,and,20,20,0
own_v1,O2,h00027,bundle_post_opt_4_custom_cleanup,True,br,66,66,0
own_v1,O2,h00027,bundle_post_opt_4_custom_cleanup,True,call,23,21,-2
own_v1,O2,h00027,bundle_post_opt_4_custom_cleanup,True,getelementptr,87,89,2
own_v1,O2,h00027,bundle_post_opt_4_custom_cleanup,True,icmp,37,37,0
own_v1,O2,h00027,bundle_post_opt_4_custom_cleanup,True,inttoptr,14,14,0
own_v1,O2,h00027,bundle_post_opt_4_custom_cleanup,True,load,94,94,0
own_v1,O2,h00027,bundle_post_opt_4_custom_cleanup,True,lshr,16,16,0
own_v1,O2,h00027,bundle_post_opt_4_custom_cleanup,True,mul,4,4,0
own_v1,O2,h00027,bundle_post_opt_4_custom_cleanup,True,phi,28,28,0
own_v1,O2,h00027,bundle_post_opt_4_custom_cleanup,True,ptrtoint,5,5,0
own_v1,O2,h00027,bundle_post_opt_4_custom_cleanup,True,ret,9,9,0
own_v1,O2,h00027,bundle_post_opt_4_custom_cleanup,True,select,22,22,0
own_v1,O2,h00027,bundle_post_opt_4_custom_cleanup,True,sext,6,6,0
own_v1,O2,h00027,bundle_post_opt_4_custom_cleanup,True,shl,12,12,0
own_v1,O2,h00027,bundle_post_opt_4_custom_cleanup,True,store,504,504,0
own_v1,O2,h00027,bundle_post_opt_4_custom_cleanup,True,sub,4,4,0
own_v1,O2,h00027,bundle_post_opt_4_custom_cleanup,True,switch,3,3,0
own_v1,O2,h00027,bundle_post_opt_4_custom_cleanup,True,trunc,12,12,0
own_v1,O2,h00027,bundle_post_opt_4_custom_cleanup,True,xor,30,30,0
own_v1,O2,h00027,bundle_post_opt_4_custom_cleanup,True,zext,13,13,0
own_v1,O2,h00028,main_default_opt_1,True,add,58,52,-6
own_v1,O2,h00028,main_default_opt_1,True,alloca,7,5,-2
own_v1,O2,h00028,main_default_opt_1,True,and,27,26,-1
own_v1,O2,h00028,main_default_opt_1,True,br,56,54,-2
own_v1,O2,h00028,main_default_opt_1,True,call,28,17,-11
own_v1,O2,h00028,main_default_opt_1,True,getelementptr,134,114,-20
own_v1,O2,h00028,main_default_opt_1,True,icmp,33,32,-1
own_v1,O2,h00028,main_default_opt_1,True,inttoptr,19,17,-2
own_v1,O2,h00028,main_default_opt_1,True,load,138,122,-16
own_v1,O2,h00028,main_default_opt_1,True,lshr,13,12,-1
own_v1,O2,h00028,main_default_opt_1,True,mul,10,10,0
own_v1,O2,h00028,main_default_opt_1,True,phi,19,22,3
own_v1,O2,h00028,main_default_opt_1,True,ptrtoint,4,2,-2
own_v1,O2,h00028,main_default_opt_1,True,ret,11,2,-9
own_v1,O2,h00028,main_default_opt_1,True,select,20,20,0
own_v1,O2,h00028,main_default_opt_1,True,sext,22,22,0
own_v1,O2,h00028,main_default_opt_1,True,shl,15,15,0
own_v1,O2,h00028,main_default_opt_1,True,store,949,882,-67
own_v1,O2,h00028,main_default_opt_1,True,switch,2,2,0
own_v1,O2,h00028,main_default_opt_1,True,trunc,18,15,-3
own_v1,O2,h00028,main_default_opt_1,True,xor,25,22,-3
own_v1,O2,h00028,main_default_opt_1,True,zext,32,29,-3
own_v1,O2,h00028,main_default_opt_2,True,add,42,32,-10
own_v1,O2,h00028,main_default_opt_2,True,alloca,5,5,0
own_v1,O2,h00028,main_default_opt_2,True,and,14,11,-3
own_v1,O2,h00028,main_default_opt_2,True,br,54,54,0
own_v1,O2,h00028,main_default_opt_2,True,call,12,9,-3
own_v1,O2,h00028,main_default_opt_2,True,getelementptr,103,44,-59
own_v1,O2,h00028,main_default_opt_2,True,icmp,24,20,-4
own_v1,O2,h00028,main_default_opt_2,True,inttoptr,17,12,-5
own_v1,O2,h00028,main_default_opt_2,True,load,67,67,0
own_v1,O2,h00028,main_default_opt_2,True,mul,10,10,0
own_v1,O2,h00028,main_default_opt_2,True,phi,4,2,-2
own_v1,O2,h00028,main_default_opt_2,True,ptrtoint,3,1,-2
own_v1,O2,h00028,main_default_opt_2,True,ret,2,2,0
own_v1,O2,h00028,main_default_opt_2,True,select,22,20,-2
own_v1,O2,h00028,main_default_opt_2,True,sext,22,22,0
own_v1,O2,h00028,main_default_opt_2,True,shl,15,14,-1
own_v1,O2,h00028,main_default_opt_2,True,store,110,110,0
own_v1,O2,h00028,main_default_opt_2,True,sub,2,0,-2
own_v1,O2,h00028,main_default_opt_2,True,switch,2,2,0
own_v1,O2,h00028,main_default_opt_2,True,xor,9,8,-1
own_v1,O2,h00028,main_default_opt_2,True,zext,12,11,-1
own_v1,O2,h00028,bundle_default_opt_3,True,add,30,30,0
own_v1,O2,h00028,bundle_default_opt_3,True,alloca,5,5,0
own_v1,O2,h00028,bundle_default_opt_3,True,and,11,11,0
own_v1,O2,h00028,bundle_default_opt_3,True,br,54,54,0
own_v1,O2,h00028,bundle_default_opt_3,True,call,9,9,0
own_v1,O2,h00028,bundle_default_opt_3,True,getelementptr,46,45,-1
own_v1,O2,h00028,bundle_default_opt_3,True,icmp,20,20,0
own_v1,O2,h00028,bundle_default_opt_3,True,inttoptr,10,10,0
own_v1,O2,h00028,bundle_default_opt_3,True,load,67,67,0
own_v1,O2,h00028,bundle_default_opt_3,True,mul,10,10,0
own_v1,O2,h00028,bundle_default_opt_3,True,phi,2,2,0
own_v1,O2,h00028,bundle_default_opt_3,True,ptrtoint,1,1,0
own_v1,O2,h00028,bundle_default_opt_3,True,ret,2,2,0
own_v1,O2,h00028,bundle_default_opt_3,True,select,20,20,0
own_v1,O2,h00028,bundle_default_opt_3,True,sext,22,22,0
own_v1,O2,h00028,bundle_default_opt_3,True,shl,14,14,0
own_v1,O2,h00028,bundle_default_opt_3,True,store,110,110,0
own_v1,O2,h00028,bundle_default_opt_3,True,switch,2,2,0
own_v1,O2,h00028,bundle_default_opt_3,True,xor,8,8,0
own_v1,O2,h00028,bundle_default_opt_3,True,zext,11,11,0
own_v1,O2,h00028,bundle_default_opt_4,True,add,30,30,0
own_v1,O2,h00028,bundle_default_opt_4,True,alloca,5,5,0
own_v1,O2,h00028,bundle_default_opt_4,True,and,11,11,0
own_v1,O2,h00028,bundle_default_opt_4,True,br,54,54,0
own_v1,O2,h00028,bundle_default_opt_4,True,call,9,9,0
own_v1,O2,h00028,bundle_default_opt_4,True,getelementptr,45,45,0
own_v1,O2,h00028,bundle_default_opt_4,True,icmp,20,20,0
own_v1,O2,h00028,bundle_default_opt_4,True,inttoptr,10,10,0
own_v1,O2,h00028,bundle_default_opt_4,True,load,67,67,0
own_v1,O2,h00028,bundle_default_opt_4,True,mul,10,10,0
own_v1,O2,h00028,bundle_default_opt_4,True,phi,2,2,0
own_v1,O2,h00028,bundle_default_opt_4,True,ptrtoint,1,1,0
own_v1,O2,h00028,bundle_default_opt_4,True,ret,2,2,0
own_v1,O2,h00028,bundle_default_opt_4,True,select,20,20,0
own_v1,O2,h00028,bundle_default_opt_4,True,sext,22,22,0
own_v1,O2,h00028,bundle_default_opt_4,True,shl,14,14,0
own_v1,O2,h00028,bundle_default_opt_4,True,store,110,110,0
own_v1,O2,h00028,bundle_default_opt_4,True,switch,2,2,0
own_v1,O2,h00028,bundle_default_opt_4,True,xor,8,8,0
own_v1,O2,h00028,bundle_default_opt_4,True,zext,11,11,0
own_v1,O2,h00028,bundle_post_opt_4_custom_cleanup,True,add,30,30,0
own_v1,O2,h00028,bundle_post_opt_4_custom_cleanup,True,alloca,5,5,0
own_v1,O2,h00028,bundle_post_opt_4_custom_cleanup,True,and,11,11,0
own_v1,O2,h00028,bundle_post_opt_4_custom_cleanup,True,br,54,54,0
own_v1,O2,h00028,bundle_post_opt_4_custom_cleanup,True,call,9,9,0
own_v1,O2,h00028,bundle_post_opt_4_custom_cleanup,True,getelementptr,45,45,0
own_v1,O2,h00028,bundle_post_opt_4_custom_cleanup,True,icmp,20,20,0
own_v1,O2,h00028,bundle_post_opt_4_custom_cleanup,True,inttoptr,10,10,0
own_v1,O2,h00028,bundle_post_opt_4_custom_cleanup,True,load,67,67,0
own_v1,O2,h00028,bundle_post_opt_4_custom_cleanup,True,mul,10,10,0
own_v1,O2,h00028,bundle_post_opt_4_custom_cleanup,True,phi,2,2,0
own_v1,O2,h00028,bundle_post_opt_4_custom_cleanup,True,ptrtoint,1,1,0
own_v1,O2,h00028,bundle_post_opt_4_custom_cleanup,True,ret,2,1,-1
own_v1,O2,h00028,bundle_post_opt_4_custom_cleanup,True,select,20,20,0
own_v1,O2,h00028,bundle_post_opt_4_custom_cleanup,True,sext,22,22,0
own_v1,O2,h00028,bundle_post_opt_4_custom_cleanup,True,shl,14,14,0
own_v1,O2,h00028,bundle_post_opt_4_custom_cleanup,True,store,110,110,0
own_v1,O2,h00028,bundle_post_opt_4_custom_cleanup,True,switch,2,2,0
own_v1,O2,h00028,bundle_post_opt_4_custom_cleanup,True,xor,8,8,0
own_v1,O2,h00028,bundle_post_opt_4_custom_cleanup,True,zext,11,11,0
own_v1,O2,h00029,main_default_opt_1,True,add,97,97,0
own_v1,O2,h00029,main_default_opt_1,True,alloca,9,7,-2
own_v1,O2,h00029,main_default_opt_1,True,and,40,39,-1
own_v1,O2,h00029,main_default_opt_1,True,br,67,69,2
own_v1,O2,h00029,main_default_opt_1,True,call,44,37,-7
own_v1,O2,h00029,main_default_opt_1,True,getelementptr,148,118,-30
own_v1,O2,h00029,main_default_opt_1,True,icmp,67,67,0
own_v1,O2,h00029,main_default_opt_1,True,inttoptr,41,40,-1
own_v1,O2,h00029,main_default_opt_1,True,load,211,183,-28
own_v1,O2,h00029,main_default_opt_1,True,lshr,26,26,0
own_v1,O2,h00029,main_default_opt_1,True,mul,2,2,0
own_v1,O2,h00029,main_default_opt_1,True,phi,30,45,15
own_v1,O2,h00029,main_default_opt_1,True,ptrtoint,4,3,-1
own_v1,O2,h00029,main_default_opt_1,True,ret,12,9,-3
own_v1,O2,h00029,main_default_opt_1,True,select,33,33,0
own_v1,O2,h00029,main_default_opt_1,True,sext,5,5,0
own_v1,O2,h00029,main_default_opt_1,True,shl,11,11,0
own_v1,O2,h00029,main_default_opt_1,True,store,1058,1032,-26
own_v1,O2,h00029,main_default_opt_1,True,sub,2,2,0
own_v1,O2,h00029,main_default_opt_1,True,switch,6,6,0
own_v1,O2,h00029,main_default_opt_1,True,trunc,40,35,-5
own_v1,O2,h00029,main_default_opt_1,True,xor,50,50,0
own_v1,O2,h00029,main_default_opt_1,True,zext,68,66,-2
own_v1,O2,h00029,main_default_opt_2,True,add,90,102,12
own_v1,O2,h00029,main_default_opt_2,True,alloca,6,6,0
own_v1,O2,h00029,main_default_opt_2,True,and,51,39,-12
own_v1,O2,h00029,main_default_opt_2,True,br,69,69,0
own_v1,O2,h00029,main_default_opt_2,True,call,35,33,-2
own_v1,O2,h00029,main_default_opt_2,True,getelementptr,125,122,-3
own_v1,O2,h00029,main_default_opt_2,True,icmp,91,79,-12
own_v1,O2,h00029,main_default_opt_2,True,inttoptr,34,34,0
own_v1,O2,h00029,main_default_opt_2,True,load,183,185,2
own_v1,O2,h00029,main_default_opt_2,True,lshr,26,26,0
own_v1,O2,h00029,main_default_opt_2,True,mul,2,2,0
own_v1,O2,h00029,main_default_opt_2,True,phi,45,45,0
own_v1,O2,h00029,main_default_opt_2,True,ptrtoint,9,9,0
own_v1,O2,h00029,main_default_opt_2,True,ret,9,9,0
own_v1,O2,h00029,main_default_opt_2,True,select,45,45,0
own_v1,O2,h00029,main_default_opt_2,True,sext,5,5,0
own_v1,O2,h00029,main_default_opt_2,True,shl,11,11,0
own_v1,O2,h00029,main_default_opt_2,True,store,1014,1016,2
own_v1,O2,h00029,main_default_opt_2,True,sub,14,2,-12
own_v1,O2,h00029,main_default_opt_2,True,switch,6,6,0
own_v1,O2,h00029,main_default_opt_2,True,trunc,35,35,0
own_v1,O2,h00029,main_default_opt_2,True,xor,50,50,0
own_v1,O2,h00029,main_default_opt_2,True,zext,66,66,0
own_v1,O2,h00029,bundle_default_opt_3,True,add,86,86,0
own_v1,O2,h00029,bundle_default_opt_3,True,alloca,6,6,0
own_v1,O2,h00029,bundle_default_opt_3,True,and,44,43,-1
own_v1,O2,h00029,bundle_default_opt_3,True,br,69,69,0
own_v1,O2,h00029,bundle_default_opt_3,True,call,41,41,0
own_v1,O2,h00029,bundle_default_opt_3,True,getelementptr,106,106,0
own_v1,O2,h00029,bundle_default_opt_3,True,icmp,63,63,0
own_v1,O2,h00029,bundle_default_opt_3,True,inttoptr,26,26,0
own_v1,O2,h00029,bundle_default_opt_3,True,load,190,137,-53
own_v1,O2,h00029,bundle_default_opt_3,True,lshr,26,26,0
own_v1,O2,h00029,bundle_default_opt_3,True,mul,2,2,0
own_v1,O2,h00029,bundle_default_opt_3,True,or,5,4,-1
own_v1,O2,h00029,bundle_default_opt_3,True,phi,45,45,0
own_v1,O2,h00029,bundle_default_opt_3,True,ptrtoint,8,8,0
own_v1,O2,h00029,bundle_default_opt_3,True,ret,10,10,0
own_v1,O2,h00029,bundle_default_opt_3,True,select,29,29,0
own_v1,O2,h00029,bundle_default_opt_3,True,sext,5,5,0
own_v1,O2,h00029,bundle_default_opt_3,True,shl,11,11,0
own_v1,O2,h00029,bundle_default_opt_3,True,store,1015,813,-202
own_v1,O2,h00029,bundle_default_opt_3,True,sub,2,2,0
own_v1,O2,h00029,bundle_default_opt_3,True,switch,6,6,0
own_v1,O2,h00029,bundle_default_opt_3,True,trunc,35,35,0
own_v1,O2,h00029,bundle_default_opt_3,True,xor,50,50,0
own_v1,O2,h00029,bundle_default_opt_3,True,zext,66,65,-1
own_v1,O2,h00029,bundle_default_opt_4,True,add,86,86,0
own_v1,O2,h00029,bundle_default_opt_4,True,alloca,6,6,0
own_v1,O2,h00029,bundle_default_opt_4,True,and,43,43,0
own_v1,O2,h00029,bundle_default_opt_4,True,br,69,69,0
own_v1,O2,h00029,bundle_default_opt_4,True,call,41,41,0
own_v1,O2,h00029,bundle_default_opt_4,True,getelementptr,106,106,0
own_v1,O2,h00029,bundle_default_opt_4,True,icmp,63,63,0
own_v1,O2,h00029,bundle_default_opt_4,True,inttoptr,26,26,0
own_v1,O2,h00029,bundle_default_opt_4,True,load,137,137,0
own_v1,O2,h00029,bundle_default_opt_4,True,lshr,26,26,0
own_v1,O2,h00029,bundle_default_opt_4,True,mul,2,2,0
own_v1,O2,h00029,bundle_default_opt_4,True,or,4,4,0
own_v1,O2,h00029,bundle_default_opt_4,True,phi,45,45,0
own_v1,O2,h00029,bundle_default_opt_4,True,ptrtoint,8,8,0
own_v1,O2,h00029,bundle_default_opt_4,True,ret,10,10,0
own_v1,O2,h00029,bundle_default_opt_4,True,select,29,29,0
own_v1,O2,h00029,bundle_default_opt_4,True,sext,5,5,0
own_v1,O2,h00029,bundle_default_opt_4,True,shl,11,11,0
own_v1,O2,h00029,bundle_default_opt_4,True,store,813,801,-12
own_v1,O2,h00029,bundle_default_opt_4,True,sub,2,2,0
own_v1,O2,h00029,bundle_default_opt_4,True,switch,6,6,0
own_v1,O2,h00029,bundle_default_opt_4,True,trunc,35,35,0
own_v1,O2,h00029,bundle_default_opt_4,True,xor,50,50,0
own_v1,O2,h00029,bundle_default_opt_4,True,zext,65,65,0
own_v1,O2,h00029,bundle_post_opt_4_custom_cleanup,True,add,86,86,0
own_v1,O2,h00029,bundle_post_opt_4_custom_cleanup,True,alloca,6,6,0
own_v1,O2,h00029,bundle_post_opt_4_custom_cleanup,True,and,43,43,0
own_v1,O2,h00029,bundle_post_opt_4_custom_cleanup,True,br,69,69,0
own_v1,O2,h00029,bundle_post_opt_4_custom_cleanup,True,call,41,41,0
own_v1,O2,h00029,bundle_post_opt_4_custom_cleanup,True,getelementptr,106,106,0
own_v1,O2,h00029,bundle_post_opt_4_custom_cleanup,True,icmp,63,63,0
own_v1,O2,h00029,bundle_post_opt_4_custom_cleanup,True,inttoptr,26,26,0
own_v1,O2,h00029,bundle_post_opt_4_custom_cleanup,True,load,137,137,0
own_v1,O2,h00029,bundle_post_opt_4_custom_cleanup,True,lshr,26,26,0
own_v1,O2,h00029,bundle_post_opt_4_custom_cleanup,True,mul,2,2,0
own_v1,O2,h00029,bundle_post_opt_4_custom_cleanup,True,or,4,4,0
own_v1,O2,h00029,bundle_post_opt_4_custom_cleanup,True,phi,45,45,0
own_v1,O2,h00029,bundle_post_opt_4_custom_cleanup,True,ptrtoint,8,8,0
own_v1,O2,h00029,bundle_post_opt_4_custom_cleanup,True,ret,10,10,0
own_v1,O2,h00029,bundle_post_opt_4_custom_cleanup,True,select,29,29,0
own_v1,O2,h00029,bundle_post_opt_4_custom_cleanup,True,sext,5,5,0
own_v1,O2,h00029,bundle_post_opt_4_custom_cleanup,True,shl,11,11,0
own_v1,O2,h00029,bundle_post_opt_4_custom_cleanup,True,store,801,800,-1
own_v1,O2,h00029,bundle_post_opt_4_custom_cleanup,True,sub,2,2,0
own_v1,O2,h00029,bundle_post_opt_4_custom_cleanup,True,switch,6,6,0
own_v1,O2,h00029,bundle_post_opt_4_custom_cleanup,True,trunc,35,35,0
own_v1,O2,h00029,bundle_post_opt_4_custom_cleanup,True,xor,50,50,0
own_v1,O2,h00029,bundle_post_opt_4_custom_cleanup,True,zext,65,65,0
own_v1,O2,h00030,main_default_opt_1,True,add,74,68,-6
own_v1,O2,h00030,main_default_opt_1,True,alloca,9,7,-2
own_v1,O2,h00030,main_default_opt_1,True,and,26,25,-1
own_v1,O2,h00030,main_default_opt_1,True,br,94,92,-2
own_v1,O2,h00030,main_default_opt_1,True,call,34,22,-12
own_v1,O2,h00030,main_default_opt_1,True,getelementptr,155,138,-17
own_v1,O2,h00030,main_default_opt_1,True,icmp,51,50,-1
own_v1,O2,h00030,main_default_opt_1,True,inttoptr,22,20,-2
own_v1,O2,h00030,main_default_opt_1,True,load,164,147,-17
own_v1,O2,h00030,main_default_opt_1,True,lshr,20,19,-1
own_v1,O2,h00030,main_default_opt_1,True,mul,9,9,0
own_v1,O2,h00030,main_default_opt_1,True,phi,26,29,3
own_v1,O2,h00030,main_default_opt_1,True,ptrtoint,4,2,-2
own_v1,O2,h00030,main_default_opt_1,True,ret,11,2,-9
own_v1,O2,h00030,main_default_opt_1,True,select,30,30,0
own_v1,O2,h00030,main_default_opt_1,True,sext,18,18,0
own_v1,O2,h00030,main_default_opt_1,True,shl,19,19,0
own_v1,O2,h00030,main_default_opt_1,True,store,1205,1144,-61
own_v1,O2,h00030,main_default_opt_1,True,sub,4,4,0
own_v1,O2,h00030,main_default_opt_1,True,switch,3,3,0
own_v1,O2,h00030,main_default_opt_1,True,trunc,19,17,-2
own_v1,O2,h00030,main_default_opt_1,True,xor,38,37,-1
own_v1,O2,h00030,main_default_opt_1,True,zext,43,40,-3
own_v1,O2,h00030,main_default_opt_2,True,add,55,43,-12
own_v1,O2,h00030,main_default_opt_2,True,alloca,4,4,0
own_v1,O2,h00030,main_default_opt_2,True,and,10,10,0
own_v1,O2,h00030,main_default_opt_2,True,br,92,88,-4
own_v1,O2,h00030,main_default_opt_2,True,call,10,4,-6
own_v1,O2,h00030,main_default_opt_2,True,getelementptr,93,31,-62
own_v1,O2,h00030,main_default_opt_2,True,icmp,38,34,-4
own_v1,O2,h00030,main_default_opt_2,True,inttoptr,23,19,-4
own_v1,O2,h00030,main_default_opt_2,True,load,75,81,6
own_v1,O2,h00030,main_default_opt_2,True,lshr,8,8,0
own_v1,O2,h00030,main_default_opt_2,True,mul,9,9,0
own_v1,O2,h00030,main_default_opt_2,True,phi,2,0,-2
own_v1,O2,h00030,main_default_opt_2,True,ptrtoint,1,1,0
own_v1,O2,h00030,main_default_opt_2,True,ret,2,2,0
own_v1,O2,h00030,main_default_opt_2,True,select,30,30,0
own_v1,O2,h00030,main_default_opt_2,True,sext,17,17,0
own_v1,O2,h00030,main_default_opt_2,True,shl,19,19,0
own_v1,O2,h00030,main_default_opt_2,True,store,122,128,6
own_v1,O2,h00030,main_default_opt_2,True,sub,4,4,0
own_v1,O2,h00030,main_default_opt_2,True,switch,3,2,-1
own_v1,O2,h00030,main_default_opt_2,True,trunc,1,0,-1
own_v1,O2,h00030,main_default_opt_2,True,xor,22,22,0
own_v1,O2,h00030,bundle_default_opt_3,True,add,36,36,0
own_v1,O2,h00030,bundle_default_opt_3,True,alloca,4,4,0
own_v1,O2,h00030,bundle_default_opt_3,True,and,10,10,0
own_v1,O2,h00030,bundle_default_opt_3,True,br,88,88,0
own_v1,O2,h00030,bundle_default_opt_3,True,call,4,4,0
own_v1,O2,h00030,bundle_default_opt_3,True,getelementptr,38,37,-1
own_v1,O2,h00030,bundle_default_opt_3,True,icmp,34,34,0
own_v1,O2,h00030,bundle_default_opt_3,True,inttoptr,12,12,0
own_v1,O2,h00030,bundle_default_opt_3,True,load,81,81,0
own_v1,O2,h00030,bundle_default_opt_3,True,lshr,8,8,0
own_v1,O2,h00030,bundle_default_opt_3,True,mul,9,9,0
own_v1,O2,h00030,bundle_default_opt_3,True,ptrtoint,1,1,0
own_v1,O2,h00030,bundle_default_opt_3,True,ret,2,2,0
own_v1,O2,h00030,bundle_default_opt_3,True,select,30,30,0
own_v1,O2,h00030,bundle_default_opt_3,True,sext,17,17,0
own_v1,O2,h00030,bundle_default_opt_3,True,shl,19,19,0
own_v1,O2,h00030,bundle_default_opt_3,True,store,128,128,0
own_v1,O2,h00030,bundle_default_opt_3,True,sub,4,4,0
own_v1,O2,h00030,bundle_default_opt_3,True,switch,2,2,0
own_v1,O2,h00030,bundle_default_opt_3,True,xor,22,22,0
own_v1,O2,h00030,bundle_default_opt_4,True,add,36,36,0
own_v1,O2,h00030,bundle_default_opt_4,True,alloca,4,4,0
own_v1,O2,h00030,bundle_default_opt_4,True,and,10,10,0
own_v1,O2,h00030,bundle_default_opt_4,True,br,88,88,0
own_v1,O2,h00030,bundle_default_opt_4,True,call,4,4,0
own_v1,O2,h00030,bundle_default_opt_4,True,getelementptr,37,37,0
own_v1,O2,h00030,bundle_default_opt_4,True,icmp,34,34,0
own_v1,O2,h00030,bundle_default_opt_4,True,inttoptr,12,12,0
own_v1,O2,h00030,bundle_default_opt_4,True,load,81,81,0
own_v1,O2,h00030,bundle_default_opt_4,True,lshr,8,8,0
own_v1,O2,h00030,bundle_default_opt_4,True,mul,9,9,0
own_v1,O2,h00030,bundle_default_opt_4,True,ptrtoint,1,1,0
own_v1,O2,h00030,bundle_default_opt_4,True,ret,2,2,0
own_v1,O2,h00030,bundle_default_opt_4,True,select,30,30,0
own_v1,O2,h00030,bundle_default_opt_4,True,sext,17,17,0
own_v1,O2,h00030,bundle_default_opt_4,True,shl,19,19,0
own_v1,O2,h00030,bundle_default_opt_4,True,store,128,128,0
own_v1,O2,h00030,bundle_default_opt_4,True,sub,4,4,0
own_v1,O2,h00030,bundle_default_opt_4,True,switch,2,2,0
own_v1,O2,h00030,bundle_default_opt_4,True,xor,22,22,0
own_v1,O2,h00030,bundle_post_opt_4_custom_cleanup,True,add,36,36,0
own_v1,O2,h00030,bundle_post_opt_4_custom_cleanup,True,alloca,4,4,0
own_v1,O2,h00030,bundle_post_opt_4_custom_cleanup,True,and,10,10,0
own_v1,O2,h00030,bundle_post_opt_4_custom_cleanup,True,br,88,88,0
own_v1,O2,h00030,bundle_post_opt_4_custom_cleanup,True,call,4,4,0
own_v1,O2,h00030,bundle_post_opt_4_custom_cleanup,True,getelementptr,37,37,0
own_v1,O2,h00030,bundle_post_opt_4_custom_cleanup,True,icmp,34,34,0
own_v1,O2,h00030,bundle_post_opt_4_custom_cleanup,True,inttoptr,12,12,0
own_v1,O2,h00030,bundle_post_opt_4_custom_cleanup,True,load,81,81,0
own_v1,O2,h00030,bundle_post_opt_4_custom_cleanup,True,lshr,8,8,0
own_v1,O2,h00030,bundle_post_opt_4_custom_cleanup,True,mul,9,9,0
own_v1,O2,h00030,bundle_post_opt_4_custom_cleanup,True,ptrtoint,1,1,0
own_v1,O2,h00030,bundle_post_opt_4_custom_cleanup,True,ret,2,1,-1
own_v1,O2,h00030,bundle_post_opt_4_custom_cleanup,True,select,30,30,0
own_v1,O2,h00030,bundle_post_opt_4_custom_cleanup,True,sext,17,17,0
own_v1,O2,h00030,bundle_post_opt_4_custom_cleanup,True,shl,19,19,0
own_v1,O2,h00030,bundle_post_opt_4_custom_cleanup,True,store,128,128,0
own_v1,O2,h00030,bundle_post_opt_4_custom_cleanup,True,sub,4,4,0
own_v1,O2,h00030,bundle_post_opt_4_custom_cleanup,True,switch,2,2,0
own_v1,O2,h00030,bundle_post_opt_4_custom_cleanup,True,xor,22,22,0
own_v1,O2,h00031,main_default_opt_1,True,add,56,56,0
own_v1,O2,h00031,main_default_opt_1,True,alloca,9,7,-2
own_v1,O2,h00031,main_default_opt_1,True,and,31,31,0
own_v1,O2,h00031,main_default_opt_1,True,br,57,58,1
own_v1,O2,h00031,main_default_opt_1,True,call,38,31,-7
own_v1,O2,h00031,main_default_opt_1,True,getelementptr,133,111,-22
own_v1,O2,h00031,main_default_opt_1,True,icmp,43,43,0
own_v1,O2,h00031,main_default_opt_1,True,inttoptr,23,23,0
own_v1,O2,h00031,main_default_opt_1,True,load,151,123,-28
own_v1,O2,h00031,main_default_opt_1,True,lshr,14,14,0
own_v1,O2,h00031,main_default_opt_1,True,mul,4,4,0
own_v1,O2,h00031,main_default_opt_1,True,phi,27,39,12
own_v1,O2,h00031,main_default_opt_1,True,ptrtoint,4,3,-1
own_v1,O2,h00031,main_default_opt_1,True,ret,11,8,-3
own_v1,O2,h00031,main_default_opt_1,True,select,22,22,0
own_v1,O2,h00031,main_default_opt_1,True,sext,1,1,0
own_v1,O2,h00031,main_default_opt_1,True,shl,9,9,0
own_v1,O2,h00031,main_default_opt_1,True,store,938,913,-25
own_v1,O2,h00031,main_default_opt_1,True,switch,4,4,0
own_v1,O2,h00031,main_default_opt_1,True,trunc,26,21,-5
own_v1,O2,h00031,main_default_opt_1,True,xor,36,36,0
own_v1,O2,h00031,main_default_opt_1,True,zext,47,45,-2
own_v1,O2,h00031,main_default_opt_2,True,add,46,46,0
own_v1,O2,h00031,main_default_opt_2,True,alloca,2,2,0
own_v1,O2,h00031,main_default_opt_2,True,and,31,31,0
own_v1,O2,h00031,main_default_opt_2,True,br,58,58,0
own_v1,O2,h00031,main_default_opt_2,True,call,21,20,-1
own_v1,O2,h00031,main_default_opt_2,True,getelementptr,78,71,-7
own_v1,O2,h00031,main_default_opt_2,True,icmp,43,43,0
own_v1,O2,h00031,main_default_opt_2,True,inttoptr,11,11,0
own_v1,O2,h00031,main_default_opt_2,True,load,123,125,2
own_v1,O2,h00031,main_default_opt_2,True,lshr,14,14,0
own_v1,O2,h00031,main_default_opt_2,True,mul,4,4,0
own_v1,O2,h00031,main_default_opt_2,True,phi,39,39,0
own_v1,O2,h00031,main_default_opt_2,True,ptrtoint,3,3,0
own_v1,O2,h00031,main_default_opt_2,True,ret,8,8,0
own_v1,O2,h00031,main_default_opt_2,True,select,22,22,0
own_v1,O2,h00031,main_default_opt_2,True,sext,1,1,0
own_v1,O2,h00031,main_default_opt_2,True,shl,9,9,0
own_v1,O2,h00031,main_default_opt_2,True,store,859,857,-2
own_v1,O2,h00031,main_default_opt_2,True,switch,4,4,0
own_v1,O2,h00031,main_default_opt_2,True,trunc,21,21,0
own_v1,O2,h00031,main_default_opt_2,True,xor,36,36,0
own_v1,O2,h00031,main_default_opt_2,True,zext,45,45,0
own_v1,O2,h00031,bundle_default_opt_3,True,add,45,45,0
own_v1,O2,h00031,bundle_default_opt_3,True,alloca,2,2,0
own_v1,O2,h00031,bundle_default_opt_3,True,and,31,31,0
own_v1,O2,h00031,bundle_default_opt_3,True,br,58,58,0
own_v1,O2,h00031,bundle_default_opt_3,True,call,19,19,0
own_v1,O2,h00031,bundle_default_opt_3,True,getelementptr,70,70,0
own_v1,O2,h00031,bundle_default_opt_3,True,icmp,43,43,0
own_v1,O2,h00031,bundle_default_opt_3,True,inttoptr,11,11,0
own_v1,O2,h00031,bundle_default_opt_3,True,load,124,88,-36
own_v1,O2,h00031,bundle_default_opt_3,True,lshr,14,14,0
own_v1,O2,h00031,bundle_default_opt_3,True,mul,4,4,0
own_v1,O2,h00031,bundle_default_opt_3,True,phi,33,33,0
own_v1,O2,h00031,bundle_default_opt_3,True,ptrtoint,1,1,0
own_v1,O2,h00031,bundle_default_opt_3,True,ret,8,8,0
own_v1,O2,h00031,bundle_default_opt_3,True,select,22,22,0
own_v1,O2,h00031,bundle_default_opt_3,True,shl,9,9,0
own_v1,O2,h00031,bundle_default_opt_3,True,store,697,581,-116
own_v1,O2,h00031,bundle_default_opt_3,True,switch,4,4,0
own_v1,O2,h00031,bundle_default_opt_3,True,trunc,21,21,0
own_v1,O2,h00031,bundle_default_opt_3,True,xor,36,36,0
own_v1,O2,h00031,bundle_default_opt_3,True,zext,36,35,-1
own_v1,O2,h00031,bundle_default_opt_4,True,add,45,45,0
own_v1,O2,h00031,bundle_default_opt_4,True,alloca,2,2,0
own_v1,O2,h00031,bundle_default_opt_4,True,and,31,31,0
own_v1,O2,h00031,bundle_default_opt_4,True,br,58,58,0
own_v1,O2,h00031,bundle_default_opt_4,True,call,19,19,0
own_v1,O2,h00031,bundle_default_opt_4,True,getelementptr,70,70,0
own_v1,O2,h00031,bundle_default_opt_4,True,icmp,43,43,0
own_v1,O2,h00031,bundle_default_opt_4,True,inttoptr,11,11,0
own_v1,O2,h00031,bundle_default_opt_4,True,load,88,88,0
own_v1,O2,h00031,bundle_default_opt_4,True,lshr,14,14,0
own_v1,O2,h00031,bundle_default_opt_4,True,mul,4,4,0
own_v1,O2,h00031,bundle_default_opt_4,True,phi,33,33,0
own_v1,O2,h00031,bundle_default_opt_4,True,ptrtoint,1,1,0
own_v1,O2,h00031,bundle_default_opt_4,True,ret,8,8,0
own_v1,O2,h00031,bundle_default_opt_4,True,select,22,22,0
own_v1,O2,h00031,bundle_default_opt_4,True,shl,9,9,0
own_v1,O2,h00031,bundle_default_opt_4,True,store,581,570,-11
own_v1,O2,h00031,bundle_default_opt_4,True,switch,4,4,0
own_v1,O2,h00031,bundle_default_opt_4,True,trunc,21,21,0
own_v1,O2,h00031,bundle_default_opt_4,True,xor,36,36,0
own_v1,O2,h00031,bundle_default_opt_4,True,zext,35,35,0
own_v1,O2,h00031,bundle_post_opt_4_custom_cleanup,True,add,45,45,0
own_v1,O2,h00031,bundle_post_opt_4_custom_cleanup,True,alloca,2,2,0
own_v1,O2,h00031,bundle_post_opt_4_custom_cleanup,True,and,31,31,0
own_v1,O2,h00031,bundle_post_opt_4_custom_cleanup,True,br,58,58,0
own_v1,O2,h00031,bundle_post_opt_4_custom_cleanup,True,call,19,19,0
own_v1,O2,h00031,bundle_post_opt_4_custom_cleanup,True,getelementptr,70,70,0
own_v1,O2,h00031,bundle_post_opt_4_custom_cleanup,True,icmp,43,43,0
own_v1,O2,h00031,bundle_post_opt_4_custom_cleanup,True,inttoptr,11,11,0
own_v1,O2,h00031,bundle_post_opt_4_custom_cleanup,True,load,88,88,0
own_v1,O2,h00031,bundle_post_opt_4_custom_cleanup,True,lshr,14,14,0
own_v1,O2,h00031,bundle_post_opt_4_custom_cleanup,True,mul,4,4,0
own_v1,O2,h00031,bundle_post_opt_4_custom_cleanup,True,phi,33,33,0
own_v1,O2,h00031,bundle_post_opt_4_custom_cleanup,True,ptrtoint,1,1,0
own_v1,O2,h00031,bundle_post_opt_4_custom_cleanup,True,ret,8,8,0
own_v1,O2,h00031,bundle_post_opt_4_custom_cleanup,True,select,22,22,0
own_v1,O2,h00031,bundle_post_opt_4_custom_cleanup,True,shl,9,9,0
own_v1,O2,h00031,bundle_post_opt_4_custom_cleanup,True,store,570,568,-2
own_v1,O2,h00031,bundle_post_opt_4_custom_cleanup,True,switch,4,4,0
own_v1,O2,h00031,bundle_post_opt_4_custom_cleanup,True,trunc,21,21,0
own_v1,O2,h00031,bundle_post_opt_4_custom_cleanup,True,xor,36,36,0
own_v1,O2,h00031,bundle_post_opt_4_custom_cleanup,True,zext,35,35,0
own_v1,O2,h00032,main_default_opt_1,True,add,29,29,0
own_v1,O2,h00032,main_default_opt_1,True,alloca,3,1,-2
own_v1,O2,h00032,main_default_opt_1,True,and,25,25,0
own_v1,O2,h00032,main_default_opt_1,True,br,54,55,1
own_v1,O2,h00032,main_default_opt_1,True,call,18,11,-7
own_v1,O2,h00032,main_default_opt_1,True,getelementptr,81,65,-16
own_v1,O2,h00032,main_default_opt_1,True,icmp,35,35,0
own_v1,O2,h00032,main_default_opt_1,True,inttoptr,12,12,0
own_v1,O2,h00032,main_default_opt_1,True,load,77,75,-2
own_v1,O2,h00032,main_default_opt_1,True,lshr,8,8,0
own_v1,O2,h00032,main_default_opt_1,True,phi,26,37,11
own_v1,O2,h00032,main_default_opt_1,True,ptrtoint,5,5,0
own_v1,O2,h00032,main_default_opt_1,True,ret,11,8,-3
own_v1,O2,h00032,main_default_opt_1,True,select,23,23,0
own_v1,O2,h00032,main_default_opt_1,True,sext,12,12,0
own_v1,O2,h00032,main_default_opt_1,True,shl,4,4,0
own_v1,O2,h00032,main_default_opt_1,True,store,696,673,-23
own_v1,O2,h00032,main_default_opt_1,True,switch,2,2,0
own_v1,O2,h00032,main_default_opt_1,True,trunc,14,10,-4
own_v1,O2,h00032,main_default_opt_1,True,xor,15,15,0
own_v1,O2,h00032,main_default_opt_1,True,zext,21,19,-2
own_v1,O2,h00032,main_default_opt_2,True,add,26,26,0
own_v1,O2,h00032,main_default_opt_2,True,alloca,1,1,0
own_v1,O2,h00032,main_default_opt_2,True,and,27,25,-2
own_v1,O2,h00032,main_default_opt_2,True,br,55,55,0
own_v1,O2,h00032,main_default_opt_2,True,call,11,11,0
own_v1,O2,h00032,main_default_opt_2,True,getelementptr,66,63,-3
own_v1,O2,h00032,main_default_opt_2,True,icmp,37,33,-4
own_v1,O2,h00032,main_default_opt_2,True,inttoptr,9,9,0
own_v1,O2,h00032,main_default_opt_2,True,load,75,75,0
own_v1,O2,h00032,main_default_opt_2,True,lshr,8,8,0
own_v1,O2,h00032,main_default_opt_2,True,phi,37,37,0
own_v1,O2,h00032,main_default_opt_2,True,ptrtoint,5,5,0
own_v1,O2,h00032,main_default_opt_2,True,ret,8,8,0
own_v1,O2,h00032,main_default_opt_2,True,select,23,23,0
own_v1,O2,h00032,main_default_opt_2,True,sext,12,12,0
own_v1,O2,h00032,main_default_opt_2,True,shl,4,4,0
own_v1,O2,h00032,main_default_opt_2,True,store,673,672,-1
own_v1,O2,h00032,main_default_opt_2,True,sub,2,0,-2
own_v1,O2,h00032,main_default_opt_2,True,switch,2,2,0
own_v1,O2,h00032,main_default_opt_2,True,trunc,10,10,0
own_v1,O2,h00032,main_default_opt_2,True,xor,15,15,0
own_v1,O2,h00032,main_default_opt_2,True,zext,19,19,0
own_v1,O2,h00032,bundle_default_opt_3,True,add,23,23,0
own_v1,O2,h00032,bundle_default_opt_3,True,alloca,1,1,0
own_v1,O2,h00032,bundle_default_opt_3,True,and,13,13,0
own_v1,O2,h00032,bundle_default_opt_3,True,br,55,55,0
own_v1,O2,h00032,bundle_default_opt_3,True,call,12,12,0
own_v1,O2,h00032,bundle_default_opt_3,True,getelementptr,57,57,0
own_v1,O2,h00032,bundle_default_opt_3,True,icmp,31,31,0
own_v1,O2,h00032,bundle_default_opt_3,True,inttoptr,8,8,0
own_v1,O2,h00032,bundle_default_opt_3,True,load,75,65,-10
own_v1,O2,h00032,bundle_default_opt_3,True,lshr,8,8,0
own_v1,O2,h00032,bundle_default_opt_3,True,phi,28,28,0
own_v1,O2,h00032,bundle_default_opt_3,True,ptrtoint,1,1,0
own_v1,O2,h00032,bundle_default_opt_3,True,ret,9,9,0
own_v1,O2,h00032,bundle_default_opt_3,True,select,19,19,0
own_v1,O2,h00032,bundle_default_opt_3,True,shl,4,4,0
own_v1,O2,h00032,bundle_default_opt_3,True,store,497,387,-110
own_v1,O2,h00032,bundle_default_opt_3,True,switch,2,2,0
own_v1,O2,h00032,bundle_default_opt_3,True,trunc,10,10,0
own_v1,O2,h00032,bundle_default_opt_3,True,xor,15,15,0
own_v1,O2,h00032,bundle_default_opt_3,True,zext,12,11,-1
own_v1,O2,h00032,bundle_default_opt_4,True,add,23,23,0
own_v1,O2,h00032,bundle_default_opt_4,True,alloca,1,1,0
own_v1,O2,h00032,bundle_default_opt_4,True,and,13,13,0
own_v1,O2,h00032,bundle_default_opt_4,True,br,55,55,0
own_v1,O2,h00032,bundle_default_opt_4,True,call,12,12,0
own_v1,O2,h00032,bundle_default_opt_4,True,getelementptr,57,57,0
own_v1,O2,h00032,bundle_default_opt_4,True,icmp,31,31,0
own_v1,O2,h00032,bundle_default_opt_4,True,inttoptr,8,8,0
own_v1,O2,h00032,bundle_default_opt_4,True,load,65,65,0
own_v1,O2,h00032,bundle_default_opt_4,True,lshr,8,8,0
own_v1,O2,h00032,bundle_default_opt_4,True,phi,28,28,0
own_v1,O2,h00032,bundle_default_opt_4,True,ptrtoint,1,1,0
own_v1,O2,h00032,bundle_default_opt_4,True,ret,9,9,0
own_v1,O2,h00032,bundle_default_opt_4,True,select,19,19,0
own_v1,O2,h00032,bundle_default_opt_4,True,shl,4,4,0
own_v1,O2,h00032,bundle_default_opt_4,True,store,387,358,-29
own_v1,O2,h00032,bundle_default_opt_4,True,switch,2,2,0
own_v1,O2,h00032,bundle_default_opt_4,True,trunc,10,10,0
own_v1,O2,h00032,bundle_default_opt_4,True,xor,15,15,0
own_v1,O2,h00032,bundle_default_opt_4,True,zext,11,11,0
own_v1,O2,h00032,bundle_post_opt_4_custom_cleanup,True,add,23,23,0
own_v1,O2,h00032,bundle_post_opt_4_custom_cleanup,True,alloca,1,1,0
own_v1,O2,h00032,bundle_post_opt_4_custom_cleanup,True,and,13,13,0
own_v1,O2,h00032,bundle_post_opt_4_custom_cleanup,True,br,55,55,0
own_v1,O2,h00032,bundle_post_opt_4_custom_cleanup,True,call,12,12,0
own_v1,O2,h00032,bundle_post_opt_4_custom_cleanup,True,getelementptr,57,57,0
own_v1,O2,h00032,bundle_post_opt_4_custom_cleanup,True,icmp,31,31,0
own_v1,O2,h00032,bundle_post_opt_4_custom_cleanup,True,inttoptr,8,8,0
own_v1,O2,h00032,bundle_post_opt_4_custom_cleanup,True,load,65,65,0
own_v1,O2,h00032,bundle_post_opt_4_custom_cleanup,True,lshr,8,8,0
own_v1,O2,h00032,bundle_post_opt_4_custom_cleanup,True,phi,28,28,0
own_v1,O2,h00032,bundle_post_opt_4_custom_cleanup,True,ptrtoint,1,1,0
own_v1,O2,h00032,bundle_post_opt_4_custom_cleanup,True,ret,9,9,0
own_v1,O2,h00032,bundle_post_opt_4_custom_cleanup,True,select,19,19,0
own_v1,O2,h00032,bundle_post_opt_4_custom_cleanup,True,shl,4,4,0
own_v1,O2,h00032,bundle_post_opt_4_custom_cleanup,True,store,358,355,-3
own_v1,O2,h00032,bundle_post_opt_4_custom_cleanup,True,switch,2,2,0
own_v1,O2,h00032,bundle_post_opt_4_custom_cleanup,True,trunc,10,10,0
own_v1,O2,h00032,bundle_post_opt_4_custom_cleanup,True,xor,15,15,0
own_v1,O2,h00032,bundle_post_opt_4_custom_cleanup,True,zext,11,11,0
own_v1,O2,h00033,main_default_opt_1,True,add,123,115,-8
own_v1,O2,h00033,main_default_opt_1,True,alloca,7,5,-2
own_v1,O2,h00033,main_default_opt_1,True,and,20,20,0
own_v1,O2,h00033,main_default_opt_1,True,ashr,1,1,0
own_v1,O2,h00033,main_default_opt_1,True,br,46,47,1
own_v1,O2,h00033,main_default_opt_1,True,call,31,24,-7
own_v1,O2,h00033,main_default_opt_1,True,getelementptr,63,41,-22
own_v1,O2,h00033,main_default_opt_1,True,icmp,35,35,0
own_v1,O2,h00033,main_default_opt_1,True,inttoptr,90,84,-6
own_v1,O2,h00033,main_default_opt_1,True,load,167,138,-29
own_v1,O2,h00033,main_default_opt_1,True,lshr,11,11,0
own_v1,O2,h00033,main_default_opt_1,True,mul,5,5,0
own_v1,O2,h00033,main_default_opt_1,True,or,2,2,0
own_v1,O2,h00033,main_default_opt_1,True,phi,21,33,12
own_v1,O2,h00033,main_default_opt_1,True,ptrtoint,4,4,0
own_v1,O2,h00033,main_default_opt_1,True,ret,11,8,-3
own_v1,O2,h00033,main_default_opt_1,True,sdiv,1,1,0
own_v1,O2,h00033,main_default_opt_1,True,select,20,20,0
own_v1,O2,h00033,main_default_opt_1,True,sext,15,15,0
own_v1,O2,h00033,main_default_opt_1,True,shl,22,22,0
own_v1,O2,h00033,main_default_opt_1,True,store,937,912,-25
own_v1,O2,h00033,main_default_opt_1,True,switch,2,2,0
own_v1,O2,h00033,main_default_opt_1,True,trunc,21,17,-4
own_v1,O2,h00033,main_default_opt_1,True,xor,28,28,0
own_v1,O2,h00033,main_default_opt_1,True,zext,42,41,-1
own_v1,O2,h00033,main_default_opt_2,True,add,110,130,20
own_v1,O2,h00033,main_default_opt_2,True,alloca,5,5,0
own_v1,O2,h00033,main_default_opt_2,True,and,40,20,-20
own_v1,O2,h00033,main_default_opt_2,True,ashr,1,1,0
own_v1,O2,h00033,main_default_opt_2,True,br,47,47,0
own_v1,O2,h00033,main_default_opt_2,True,call,24,24,0
own_v1,O2,h00033,main_default_opt_2,True,getelementptr,68,68,0
own_v1,O2,h00033,main_default_opt_2,True,icmp,75,55,-20
own_v1,O2,h00033,main_default_opt_2,True,inttoptr,87,87,0
own_v1,O2,h00033,main_default_opt_2,True,load,138,138,0
own_v1,O2,h00033,main_default_opt_2,True,lshr,11,11,0
own_v1,O2,h00033,main_default_opt_2,True,mul,5,5,0
own_v1,O2,h00033,main_default_opt_2,True,or,2,2,0
own_v1,O2,h00033,main_default_opt_2,True,phi,33,33,0
own_v1,O2,h00033,main_default_opt_2,True,ptrtoint,14,14,0
own_v1,O2,h00033,main_default_opt_2,True,ret,8,8,0
own_v1,O2,h00033,main_default_opt_2,True,sdiv,1,1,0
own_v1,O2,h00033,main_default_opt_2,True,select,40,40,0
own_v1,O2,h00033,main_default_opt_2,True,sext,15,15,0
own_v1,O2,h00033,main_default_opt_2,True,shl,22,22,0
own_v1,O2,h00033,main_default_opt_2,True,store,912,912,0
own_v1,O2,h00033,main_default_opt_2,True,sub,20,0,-20
own_v1,O2,h00033,main_default_opt_2,True,switch,2,2,0
own_v1,O2,h00033,main_default_opt_2,True,trunc,17,17,0
own_v1,O2,h00033,main_default_opt_2,True,xor,28,28,0
own_v1,O2,h00033,main_default_opt_2,True,zext,41,41,0
own_v1,O2,h00033,bundle_default_opt_3,True,add,110,110,0
own_v1,O2,h00033,bundle_default_opt_3,True,alloca,5,5,0
own_v1,O2,h00033,bundle_default_opt_3,True,and,20,18,-2
own_v1,O2,h00033,bundle_default_opt_3,True,ashr,1,1,0
own_v1,O2,h00033,bundle_default_opt_3,True,br,47,47,0
own_v1,O2,h00033,bundle_default_opt_3,True,call,34,31,-3
own_v1,O2,h00033,bundle_default_opt_3,True,getelementptr,48,48,0
own_v1,O2,h00033,bundle_default_opt_3,True,icmp,35,35,0
own_v1,O2,h00033,bundle_default_opt_3,True,inttoptr,77,77,0
own_v1,O2,h00033,bundle_default_opt_3,True,load,137,103,-34
own_v1,O2,h00033,bundle_default_opt_3,True,lshr,11,10,-1
own_v1,O2,h00033,bundle_default_opt_3,True,mul,5,5,0
own_v1,O2,h00033,bundle_default_opt_3,True,or,2,2,0
own_v1,O2,h00033,bundle_default_opt_3,True,phi,29,27,-2
own_v1,O2,h00033,bundle_default_opt_3,True,ptrtoint,12,10,-2
own_v1,O2,h00033,bundle_default_opt_3,True,ret,9,9,0
own_v1,O2,h00033,bundle_default_opt_3,True,sdiv,1,1,0
own_v1,O2,h00033,bundle_default_opt_3,True,select,20,20,0
own_v1,O2,h00033,bundle_default_opt_3,True,sext,15,15,0
own_v1,O2,h00033,bundle_default_opt_3,True,shl,22,22,0
own_v1,O2,h00033,bundle_default_opt_3,True,store,694,463,-231
own_v1,O2,h00033,bundle_default_opt_3,True,switch,2,2,0
own_v1,O2,h00033,bundle_default_opt_3,True,trunc,17,15,-2
own_v1,O2,h00033,bundle_default_opt_3,True,xor,28,25,-3
own_v1,O2,h00033,bundle_default_opt_3,True,zext,35,34,-1
own_v1,O2,h00033,bundle_default_opt_4,True,add,110,110,0
own_v1,O2,h00033,bundle_default_opt_4,True,alloca,5,5,0
own_v1,O2,h00033,bundle_default_opt_4,True,and,18,18,0
own_v1,O2,h00033,bundle_default_opt_4,True,ashr,1,1,0
own_v1,O2,h00033,bundle_default_opt_4,True,br,47,47,0
own_v1,O2,h00033,bundle_default_opt_4,True,call,31,31,0
own_v1,O2,h00033,bundle_default_opt_4,True,getelementptr,48,48,0
own_v1,O2,h00033,bundle_default_opt_4,True,icmp,35,34,-1
own_v1,O2,h00033,bundle_default_opt_4,True,inttoptr,77,77,0
own_v1,O2,h00033,bundle_default_opt_4,True,load,103,103,0
own_v1,O2,h00033,bundle_default_opt_4,True,lshr,10,10,0
own_v1,O2,h00033,bundle_default_opt_4,True,mul,5,5,0
own_v1,O2,h00033,bundle_default_opt_4,True,or,2,2,0
own_v1,O2,h00033,bundle_default_opt_4,True,phi,27,27,0
own_v1,O2,h00033,bundle_default_opt_4,True,ptrtoint,10,10,0
own_v1,O2,h00033,bundle_default_opt_4,True,ret,9,9,0
own_v1,O2,h00033,bundle_default_opt_4,True,sdiv,1,1,0
own_v1,O2,h00033,bundle_default_opt_4,True,select,20,20,0
own_v1,O2,h00033,bundle_default_opt_4,True,sext,15,15,0
own_v1,O2,h00033,bundle_default_opt_4,True,shl,22,22,0
own_v1,O2,h00033,bundle_default_opt_4,True,store,463,450,-13
own_v1,O2,h00033,bundle_default_opt_4,True,switch,2,2,0
own_v1,O2,h00033,bundle_default_opt_4,True,trunc,15,15,0
own_v1,O2,h00033,bundle_default_opt_4,True,xor,25,25,0
own_v1,O2,h00033,bundle_default_opt_4,True,zext,34,33,-1
own_v1,O2,h00033,bundle_post_opt_4_custom_cleanup,True,add,110,110,0
own_v1,O2,h00033,bundle_post_opt_4_custom_cleanup,True,alloca,5,5,0
own_v1,O2,h00033,bundle_post_opt_4_custom_cleanup,True,and,18,18,0
own_v1,O2,h00033,bundle_post_opt_4_custom_cleanup,True,ashr,1,1,0
own_v1,O2,h00033,bundle_post_opt_4_custom_cleanup,True,br,47,47,0
own_v1,O2,h00033,bundle_post_opt_4_custom_cleanup,True,call,31,31,0
own_v1,O2,h00033,bundle_post_opt_4_custom_cleanup,True,getelementptr,48,48,0
own_v1,O2,h00033,bundle_post_opt_4_custom_cleanup,True,icmp,34,34,0
own_v1,O2,h00033,bundle_post_opt_4_custom_cleanup,True,inttoptr,77,77,0
own_v1,O2,h00033,bundle_post_opt_4_custom_cleanup,True,load,103,103,0
own_v1,O2,h00033,bundle_post_opt_4_custom_cleanup,True,lshr,10,10,0
own_v1,O2,h00033,bundle_post_opt_4_custom_cleanup,True,mul,5,5,0
own_v1,O2,h00033,bundle_post_opt_4_custom_cleanup,True,or,2,2,0
own_v1,O2,h00033,bundle_post_opt_4_custom_cleanup,True,phi,27,27,0
own_v1,O2,h00033,bundle_post_opt_4_custom_cleanup,True,ptrtoint,10,10,0
own_v1,O2,h00033,bundle_post_opt_4_custom_cleanup,True,ret,9,9,0
own_v1,O2,h00033,bundle_post_opt_4_custom_cleanup,True,sdiv,1,1,0
own_v1,O2,h00033,bundle_post_opt_4_custom_cleanup,True,select,20,20,0
own_v1,O2,h00033,bundle_post_opt_4_custom_cleanup,True,sext,15,15,0
own_v1,O2,h00033,bundle_post_opt_4_custom_cleanup,True,shl,22,22,0
own_v1,O2,h00033,bundle_post_opt_4_custom_cleanup,True,store,450,448,-2
own_v1,O2,h00033,bundle_post_opt_4_custom_cleanup,True,switch,2,2,0
own_v1,O2,h00033,bundle_post_opt_4_custom_cleanup,True,trunc,15,15,0
own_v1,O2,h00033,bundle_post_opt_4_custom_cleanup,True,xor,25,25,0
own_v1,O2,h00033,bundle_post_opt_4_custom_cleanup,True,zext,33,33,0
own_v1,O2,h00034,main_default_opt_1,True,add,82,82,0
own_v1,O2,h00034,main_default_opt_1,True,alloca,3,1,-2
own_v1,O2,h00034,main_default_opt_1,True,and,29,29,0
own_v1,O2,h00034,main_default_opt_1,True,br,55,56,1
own_v1,O2,h00034,main_default_opt_1,True,call,27,20,-7
own_v1,O2,h00034,main_default_opt_1,True,getelementptr,134,100,-34
own_v1,O2,h00034,main_default_opt_1,True,icmp,59,59,0
own_v1,O2,h00034,main_default_opt_1,True,inttoptr,39,38,-1
own_v1,O2,h00034,main_default_opt_1,True,load,163,142,-21
own_v1,O2,h00034,main_default_opt_1,True,lshr,19,19,0
own_v1,O2,h00034,main_default_opt_1,True,mul,9,9,0
own_v1,O2,h00034,main_default_opt_1,True,or,1,1,0
own_v1,O2,h00034,main_default_opt_1,True,phi,27,39,12
own_v1,O2,h00034,main_default_opt_1,True,ptrtoint,6,4,-2
own_v1,O2,h00034,main_default_opt_1,True,ret,11,8,-3
own_v1,O2,h00034,main_default_opt_1,True,select,42,42,0
own_v1,O2,h00034,main_default_opt_1,True,sext,6,6,0
own_v1,O2,h00034,main_default_opt_1,True,shl,9,9,0
own_v1,O2,h00034,main_default_opt_1,True,store,973,942,-31
own_v1,O2,h00034,main_default_opt_1,True,switch,2,2,0
own_v1,O2,h00034,main_default_opt_1,True,trunc,28,24,-4
own_v1,O2,h00034,main_default_opt_1,True,xor,37,34,-3
own_v1,O2,h00034,main_default_opt_1,True,zext,45,43,-2
own_v1,O2,h00034,main_default_opt_2,True,add,73,73,0
own_v1,O2,h00034,main_default_opt_2,True,alloca,1,1,0
own_v1,O2,h00034,main_default_opt_2,True,and,31,29,-2
own_v1,O2,h00034,main_default_opt_2,True,br,56,56,0
own_v1,O2,h00034,main_default_opt_2,True,call,20,20,0
own_v1,O2,h00034,main_default_opt_2,True,getelementptr,112,104,-8
own_v1,O2,h00034,main_default_opt_2,True,icmp,61,57,-4
own_v1,O2,h00034,main_default_opt_2,True,inttoptr,24,24,0
own_v1,O2,h00034,main_default_opt_2,True,load,142,133,-9
own_v1,O2,h00034,main_default_opt_2,True,lshr,19,19,0
own_v1,O2,h00034,main_default_opt_2,True,mul,9,9,0
own_v1,O2,h00034,main_default_opt_2,True,or,1,1,0
own_v1,O2,h00034,main_default_opt_2,True,phi,39,39,0
own_v1,O2,h00034,main_default_opt_2,True,ptrtoint,4,4,0
own_v1,O2,h00034,main_default_opt_2,True,ret,8,8,0
own_v1,O2,h00034,main_default_opt_2,True,select,42,42,0
own_v1,O2,h00034,main_default_opt_2,True,sext,6,6,0
own_v1,O2,h00034,main_default_opt_2,True,shl,9,9,0
own_v1,O2,h00034,main_default_opt_2,True,store,942,930,-12
own_v1,O2,h00034,main_default_opt_2,True,sub,2,0,-2
own_v1,O2,h00034,main_default_opt_2,True,switch,2,2,0
own_v1,O2,h00034,main_default_opt_2,True,trunc,24,24,0
own_v1,O2,h00034,main_default_opt_2,True,xor,34,34,0
own_v1,O2,h00034,main_default_opt_2,True,zext,43,43,0
own_v1,O2,h00034,bundle_default_opt_3,True,add,60,60,0
own_v1,O2,h00034,bundle_default_opt_3,True,alloca,1,1,0
own_v1,O2,h00034,bundle_default_opt_3,True,and,28,28,0
own_v1,O2,h00034,bundle_default_opt_3,True,br,56,56,0
own_v1,O2,h00034,bundle_default_opt_3,True,call,25,25,0
own_v1,O2,h00034,bundle_default_opt_3,True,getelementptr,87,87,0
own_v1,O2,h00034,bundle_default_opt_3,True,icmp,45,45,0
own_v1,O2,h00034,bundle_default_opt_3,True,inttoptr,17,17,0
own_v1,O2,h00034,bundle_default_opt_3,True,load,132,123,-9
own_v1,O2,h00034,bundle_default_opt_3,True,lshr,19,19,0
own_v1,O2,h00034,bundle_default_opt_3,True,mul,9,9,0
own_v1,O2,h00034,bundle_default_opt_3,True,phi,36,36,0
own_v1,O2,h00034,bundle_default_opt_3,True,ptrtoint,2,2,0
own_v1,O2,h00034,bundle_default_opt_3,True,ret,9,9,0
own_v1,O2,h00034,bundle_default_opt_3,True,select,28,28,0
own_v1,O2,h00034,bundle_default_opt_3,True,sext,6,6,0
own_v1,O2,h00034,bundle_default_opt_3,True,shl,9,9,0
own_v1,O2,h00034,bundle_default_opt_3,True,store,866,671,-195
own_v1,O2,h00034,bundle_default_opt_3,True,switch,2,2,0
own_v1,O2,h00034,bundle_default_opt_3,True,trunc,24,24,0
own_v1,O2,h00034,bundle_default_opt_3,True,xor,34,34,0
own_v1,O2,h00034,bundle_default_opt_3,True,zext,39,38,-1
own_v1,O2,h00034,bundle_default_opt_4,True,add,60,60,0
own_v1,O2,h00034,bundle_default_opt_4,True,alloca,1,1,0
own_v1,O2,h00034,bundle_default_opt_4,True,and,28,28,0
own_v1,O2,h00034,bundle_default_opt_4,True,br,56,56,0
own_v1,O2,h00034,bundle_default_opt_4,True,call,25,25,0
own_v1,O2,h00034,bundle_default_opt_4,True,getelementptr,87,87,0
own_v1,O2,h00034,bundle_default_opt_4,True,icmp,45,45,0
own_v1,O2,h00034,bundle_default_opt_4,True,inttoptr,17,17,0
own_v1,O2,h00034,bundle_default_opt_4,True,load,123,123,0
own_v1,O2,h00034,bundle_default_opt_4,True,lshr,19,19,0
own_v1,O2,h00034,bundle_default_opt_4,True,mul,9,9,0
own_v1,O2,h00034,bundle_default_opt_4,True,phi,36,36,0
own_v1,O2,h00034,bundle_default_opt_4,True,ptrtoint,2,2,0
own_v1,O2,h00034,bundle_default_opt_4,True,ret,9,9,0
own_v1,O2,h00034,bundle_default_opt_4,True,select,28,28,0
own_v1,O2,h00034,bundle_default_opt_4,True,sext,6,6,0
own_v1,O2,h00034,bundle_default_opt_4,True,shl,9,9,0
own_v1,O2,h00034,bundle_default_opt_4,True,store,671,632,-39
own_v1,O2,h00034,bundle_default_opt_4,True,switch,2,2,0
own_v1,O2,h00034,bundle_default_opt_4,True,trunc,24,24,0
own_v1,O2,h00034,bundle_default_opt_4,True,xor,34,34,0
own_v1,O2,h00034,bundle_default_opt_4,True,zext,38,38,0
own_v1,O2,h00034,bundle_post_opt_4_custom_cleanup,True,add,60,60,0
own_v1,O2,h00034,bundle_post_opt_4_custom_cleanup,True,alloca,1,1,0
own_v1,O2,h00034,bundle_post_opt_4_custom_cleanup,True,and,28,28,0
own_v1,O2,h00034,bundle_post_opt_4_custom_cleanup,True,br,56,56,0
own_v1,O2,h00034,bundle_post_opt_4_custom_cleanup,True,call,25,25,0
own_v1,O2,h00034,bundle_post_opt_4_custom_cleanup,True,getelementptr,87,87,0
own_v1,O2,h00034,bundle_post_opt_4_custom_cleanup,True,icmp,45,45,0
own_v1,O2,h00034,bundle_post_opt_4_custom_cleanup,True,inttoptr,17,17,0
own_v1,O2,h00034,bundle_post_opt_4_custom_cleanup,True,load,123,123,0
own_v1,O2,h00034,bundle_post_opt_4_custom_cleanup,True,lshr,19,19,0
own_v1,O2,h00034,bundle_post_opt_4_custom_cleanup,True,mul,9,9,0
own_v1,O2,h00034,bundle_post_opt_4_custom_cleanup,True,phi,36,36,0
own_v1,O2,h00034,bundle_post_opt_4_custom_cleanup,True,ptrtoint,2,2,0
own_v1,O2,h00034,bundle_post_opt_4_custom_cleanup,True,ret,9,9,0
own_v1,O2,h00034,bundle_post_opt_4_custom_cleanup,True,select,28,28,0
own_v1,O2,h00034,bundle_post_opt_4_custom_cleanup,True,sext,6,6,0
own_v1,O2,h00034,bundle_post_opt_4_custom_cleanup,True,shl,9,9,0
own_v1,O2,h00034,bundle_post_opt_4_custom_cleanup,True,store,632,628,-4
own_v1,O2,h00034,bundle_post_opt_4_custom_cleanup,True,switch,2,2,0
own_v1,O2,h00034,bundle_post_opt_4_custom_cleanup,True,trunc,24,24,0
own_v1,O2,h00034,bundle_post_opt_4_custom_cleanup,True,xor,34,34,0
own_v1,O2,h00034,bundle_post_opt_4_custom_cleanup,True,zext,38,38,0
own_v1,O2,h00035,main_default_opt_1,True,add,65,63,-2
own_v1,O2,h00035,main_default_opt_1,True,alloca,7,5,-2
own_v1,O2,h00035,main_default_opt_1,True,and,28,28,0
own_v1,O2,h00035,main_default_opt_1,True,br,34,35,1
own_v1,O2,h00035,main_default_opt_1,True,call,32,24,-8
own_v1,O2,h00035,main_default_opt_1,True,getelementptr,109,89,-20
own_v1,O2,h00035,main_default_opt_1,True,icmp,35,35,0
own_v1,O2,h00035,main_default_opt_1,True,inttoptr,33,31,-2
own_v1,O2,h00035,main_default_opt_1,True,load,137,135,-2
own_v1,O2,h00035,main_default_opt_1,True,lshr,15,15,0
own_v1,O2,h00035,main_default_opt_1,True,mul,1,1,0
own_v1,O2,h00035,main_default_opt_1,True,phi,28,41,13
own_v1,O2,h00035,main_default_opt_1,True,ptrtoint,4,3,-1
own_v1,O2,h00035,main_default_opt_1,True,ret,14,10,-4
own_v1,O2,h00035,main_default_opt_1,True,select,18,18,0
own_v1,O2,h00035,main_default_opt_1,True,sext,3,3,0
own_v1,O2,h00035,main_default_opt_1,True,shl,11,11,0
own_v1,O2,h00035,main_default_opt_1,True,store,787,749,-38
own_v1,O2,h00035,main_default_opt_1,True,sub,2,2,0
own_v1,O2,h00035,main_default_opt_1,True,switch,3,3,0
own_v1,O2,h00035,main_default_opt_1,True,trunc,21,19,-2
own_v1,O2,h00035,main_default_opt_1,True,xor,28,27,-1
own_v1,O2,h00035,main_default_opt_1,True,zext,30,28,-2
own_v1,O2,h00035,main_default_opt_2,True,add,62,68,6
own_v1,O2,h00035,main_default_opt_2,True,alloca,4,4,0
own_v1,O2,h00035,main_default_opt_2,True,and,34,28,-6
own_v1,O2,h00035,main_default_opt_2,True,br,35,35,0
own_v1,O2,h00035,main_default_opt_2,True,call,22,20,-2
own_v1,O2,h00035,main_default_opt_2,True,getelementptr,82,82,0
own_v1,O2,h00035,main_default_opt_2,True,icmp,47,41,-6
own_v1,O2,h00035,main_default_opt_2,True,inttoptr,32,32,0
own_v1,O2,h00035,main_default_opt_2,True,load,135,137,2
own_v1,O2,h00035,main_default_opt_2,True,lshr,15,15,0
own_v1,O2,h00035,main_default_opt_2,True,mul,1,1,0
own_v1,O2,h00035,main_default_opt_2,True,phi,41,41,0
own_v1,O2,h00035,main_default_opt_2,True,ptrtoint,6,6,0
own_v1,O2,h00035,main_default_opt_2,True,ret,10,10,0
own_v1,O2,h00035,main_default_opt_2,True,select,24,24,0
own_v1,O2,h00035,main_default_opt_2,True,sext,3,3,0
own_v1,O2,h00035,main_default_opt_2,True,shl,11,11,0
own_v1,O2,h00035,main_default_opt_2,True,store,731,733,2
own_v1,O2,h00035,main_default_opt_2,True,sub,8,2,-6
own_v1,O2,h00035,main_default_opt_2,True,switch,3,3,0
own_v1,O2,h00035,main_default_opt_2,True,trunc,19,19,0
own_v1,O2,h00035,main_default_opt_2,True,xor,27,27,0
own_v1,O2,h00035,main_default_opt_2,True,zext,28,28,0
own_v1,O2,h00035,bundle_default_opt_3,True,add,55,55,0
own_v1,O2,h00035,bundle_default_opt_3,True,alloca,4,4,0
own_v1,O2,h00035,bundle_default_opt_3,True,and,28,28,0
own_v1,O2,h00035,bundle_default_opt_3,True,br,35,35,0
own_v1,O2,h00035,bundle_default_opt_3,True,call,25,25,0
own_v1,O2,h00035,bundle_default_opt_3,True,getelementptr,66,66,0
own_v1,O2,h00035,bundle_default_opt_3,True,icmp,31,31,0
own_v1,O2,h00035,bundle_default_opt_3,True,inttoptr,27,27,0
own_v1,O2,h00035,bundle_default_opt_3,True,load,135,102,-33
own_v1,O2,h00035,bundle_default_opt_3,True,lshr,15,15,0
own_v1,O2,h00035,bundle_default_opt_3,True,mul,1,1,0
own_v1,O2,h00035,bundle_default_opt_3,True,phi,35,35,0
own_v1,O2,h00035,bundle_default_opt_3,True,ptrtoint,4,4,0
own_v1,O2,h00035,bundle_default_opt_3,True,ret,11,11,0
own_v1,O2,h00035,bundle_default_opt_3,True,select,14,14,0
own_v1,O2,h00035,bundle_default_opt_3,True,sext,2,2,0
own_v1,O2,h00035,bundle_default_opt_3,True,shl,10,10,0
own_v1,O2,h00035,bundle_default_opt_3,True,store,599,425,-174
own_v1,O2,h00035,bundle_default_opt_3,True,sub,2,2,0
own_v1,O2,h00035,bundle_default_opt_3,True,switch,3,3,0
own_v1,O2,h00035,bundle_default_opt_3,True,trunc,19,19,0
own_v1,O2,h00035,bundle_default_opt_3,True,xor,27,27,0
own_v1,O2,h00035,bundle_default_opt_3,True,zext,25,25,0
own_v1,O2,h00035,bundle_default_opt_4,True,add,55,55,0
own_v1,O2,h00035,bundle_default_opt_4,True,alloca,4,4,0
own_v1,O2,h00035,bundle_default_opt_4,True,and,28,28,0
own_v1,O2,h00035,bundle_default_opt_4,True,br,35,35,0
own_v1,O2,h00035,bundle_default_opt_4,True,call,25,25,0
own_v1,O2,h00035,bundle_default_opt_4,True,getelementptr,66,66,0
own_v1,O2,h00035,bundle_default_opt_4,True,icmp,31,31,0
own_v1,O2,h00035,bundle_default_opt_4,True,inttoptr,27,27,0
own_v1,O2,h00035,bundle_default_opt_4,True,load,102,102,0
own_v1,O2,h00035,bundle_default_opt_4,True,lshr,15,15,0
own_v1,O2,h00035,bundle_default_opt_4,True,mul,1,1,0
own_v1,O2,h00035,bundle_default_opt_4,True,phi,35,35,0
own_v1,O2,h00035,bundle_default_opt_4,True,ptrtoint,4,4,0
own_v1,O2,h00035,bundle_default_opt_4,True,ret,11,11,0
own_v1,O2,h00035,bundle_default_opt_4,True,select,14,14,0
own_v1,O2,h00035,bundle_default_opt_4,True,sext,2,2,0
own_v1,O2,h00035,bundle_default_opt_4,True,shl,10,10,0
own_v1,O2,h00035,bundle_default_opt_4,True,store,425,417,-8
own_v1,O2,h00035,bundle_default_opt_4,True,sub,2,2,0
own_v1,O2,h00035,bundle_default_opt_4,True,switch,3,3,0
own_v1,O2,h00035,bundle_default_opt_4,True,trunc,19,19,0
own_v1,O2,h00035,bundle_default_opt_4,True,xor,27,27,0
own_v1,O2,h00035,bundle_default_opt_4,True,zext,25,25,0
own_v1,O2,h00035,bundle_post_opt_4_custom_cleanup,True,add,55,55,0
own_v1,O2,h00035,bundle_post_opt_4_custom_cleanup,True,alloca,4,4,0
own_v1,O2,h00035,bundle_post_opt_4_custom_cleanup,True,and,28,28,0
own_v1,O2,h00035,bundle_post_opt_4_custom_cleanup,True,br,35,35,0
own_v1,O2,h00035,bundle_post_opt_4_custom_cleanup,True,call,25,25,0
own_v1,O2,h00035,bundle_post_opt_4_custom_cleanup,True,getelementptr,66,66,0
own_v1,O2,h00035,bundle_post_opt_4_custom_cleanup,True,icmp,31,31,0
own_v1,O2,h00035,bundle_post_opt_4_custom_cleanup,True,inttoptr,27,27,0
own_v1,O2,h00035,bundle_post_opt_4_custom_cleanup,True,load,102,102,0
own_v1,O2,h00035,bundle_post_opt_4_custom_cleanup,True,lshr,15,15,0
own_v1,O2,h00035,bundle_post_opt_4_custom_cleanup,True,mul,1,1,0
own_v1,O2,h00035,bundle_post_opt_4_custom_cleanup,True,phi,35,35,0
own_v1,O2,h00035,bundle_post_opt_4_custom_cleanup,True,ptrtoint,4,4,0
own_v1,O2,h00035,bundle_post_opt_4_custom_cleanup,True,ret,11,11,0
own_v1,O2,h00035,bundle_post_opt_4_custom_cleanup,True,select,14,14,0
own_v1,O2,h00035,bundle_post_opt_4_custom_cleanup,True,sext,2,2,0
own_v1,O2,h00035,bundle_post_opt_4_custom_cleanup,True,shl,10,10,0
own_v1,O2,h00035,bundle_post_opt_4_custom_cleanup,True,store,417,417,0
own_v1,O2,h00035,bundle_post_opt_4_custom_cleanup,True,sub,2,2,0
own_v1,O2,h00035,bundle_post_opt_4_custom_cleanup,True,switch,3,3,0
own_v1,O2,h00035,bundle_post_opt_4_custom_cleanup,True,trunc,19,19,0
own_v1,O2,h00035,bundle_post_opt_4_custom_cleanup,True,xor,27,27,0
own_v1,O2,h00035,bundle_post_opt_4_custom_cleanup,True,zext,25,25,0
own_v1,O2,h00036,main_default_opt_1,True,add,21,15,-6
own_v1,O2,h00036,main_default_opt_1,True,alloca,3,1,-2
own_v1,O2,h00036,main_default_opt_1,True,and,13,11,-2
own_v1,O2,h00036,main_default_opt_1,True,br,14,12,-2
own_v1,O2,h00036,main_default_opt_1,True,call,18,6,-12
own_v1,O2,h00036,main_default_opt_1,True,getelementptr,37,20,-17
own_v1,O2,h00036,main_default_opt_1,True,icmp,10,9,-1
own_v1,O2,h00036,main_default_opt_1,True,inttoptr,11,9,-2
own_v1,O2,h00036,main_default_opt_1,True,load,59,43,-16
own_v1,O2,h00036,main_default_opt_1,True,lshr,5,4,-1
own_v1,O2,h00036,main_default_opt_1,True,mul,2,1,-1
own_v1,O2,h00036,main_default_opt_1,True,phi,22,27,5
own_v1,O2,h00036,main_default_opt_1,True,ptrtoint,4,4,0
own_v1,O2,h00036,main_default_opt_1,True,ret,11,2,-9
own_v1,O2,h00036,main_default_opt_1,True,select,4,4,0
own_v1,O2,h00036,main_default_opt_1,True,shl,2,2,0
own_v1,O2,h00036,main_default_opt_1,True,store,328,267,-61
own_v1,O2,h00036,main_default_opt_1,True,switch,1,1,0
own_v1,O2,h00036,main_default_opt_1,True,trunc,10,6,-4
own_v1,O2,h00036,main_default_opt_1,True,xor,12,9,-3
own_v1,O2,h00036,main_default_opt_1,True,zext,15,13,-2
own_v1,O2,h00036,main_default_opt_2,True,add,7,7,0
own_v1,O2,h00036,main_default_opt_2,True,alloca,1,1,0
own_v1,O2,h00036,main_default_opt_2,True,and,5,5,0
own_v1,O2,h00036,main_default_opt_2,True,br,12,12,0
own_v1,O2,h00036,main_default_opt_2,True,call,3,3,0
own_v1,O2,h00036,main_default_opt_2,True,getelementptr,24,14,-10
own_v1,O2,h00036,main_default_opt_2,True,icmp,5,5,0
own_v1,O2,h00036,main_default_opt_2,True,inttoptr,6,4,-2
own_v1,O2,h00036,main_default_opt_2,True,load,12,12,0
own_v1,O2,h00036,main_default_opt_2,True,lshr,1,1,0
own_v1,O2,h00036,main_default_opt_2,True,mul,1,1,0
own_v1,O2,h00036,main_default_opt_2,True,phi,7,5,-2
own_v1,O2,h00036,main_default_opt_2,True,ptrtoint,1,1,0
own_v1,O2,h00036,main_default_opt_2,True,ret,2,2,0
own_v1,O2,h00036,main_default_opt_2,True,select,4,4,0
own_v1,O2,h00036,main_default_opt_2,True,shl,2,2,0
own_v1,O2,h00036,main_default_opt_2,True,store,27,27,0
own_v1,O2,h00036,main_default_opt_2,True,switch,1,1,0
own_v1,O2,h00036,main_default_opt_2,True,trunc,1,0,-1
own_v1,O2,h00036,main_default_opt_2,True,xor,5,5,0
own_v1,O2,h00036,main_default_opt_2,True,zext,1,1,0
own_v1,O2,h00036,bundle_default_opt_3,True,add,5,5,0
own_v1,O2,h00036,bundle_default_opt_3,True,alloca,1,1,0
own_v1,O2,h00036,bundle_default_opt_3,True,and,5,5,0
own_v1,O2,h00036,bundle_default_opt_3,True,br,12,12,0
own_v1,O2,h00036,bundle_default_opt_3,True,call,3,3,0
own_v1,O2,h00036,bundle_default_opt_3,True,getelementptr,16,15,-1
own_v1,O2,h00036,bundle_default_opt_3,True,icmp,5,5,0
own_v1,O2,h00036,bundle_default_opt_3,True,inttoptr,2,2,0
own_v1,O2,h00036,bundle_default_opt_3,True,load,12,12,0
own_v1,O2,h00036,bundle_default_opt_3,True,lshr,1,1,0
own_v1,O2,h00036,bundle_default_opt_3,True,mul,1,1,0
own_v1,O2,h00036,bundle_default_opt_3,True,phi,5,5,0
own_v1,O2,h00036,bundle_default_opt_3,True,ptrtoint,1,1,0
own_v1,O2,h00036,bundle_default_opt_3,True,ret,2,2,0
own_v1,O2,h00036,bundle_default_opt_3,True,select,4,4,0
own_v1,O2,h00036,bundle_default_opt_3,True,shl,2,2,0
own_v1,O2,h00036,bundle_default_opt_3,True,store,27,27,0
own_v1,O2,h00036,bundle_default_opt_3,True,switch,1,1,0
own_v1,O2,h00036,bundle_default_opt_3,True,xor,5,5,0
own_v1,O2,h00036,bundle_default_opt_3,True,zext,1,1,0
own_v1,O2,h00036,bundle_default_opt_4,True,add,5,5,0
own_v1,O2,h00036,bundle_default_opt_4,True,alloca,1,1,0
own_v1,O2,h00036,bundle_default_opt_4,True,and,5,5,0
own_v1,O2,h00036,bundle_default_opt_4,True,br,12,12,0
own_v1,O2,h00036,bundle_default_opt_4,True,call,3,3,0
own_v1,O2,h00036,bundle_default_opt_4,True,getelementptr,15,15,0
own_v1,O2,h00036,bundle_default_opt_4,True,icmp,5,5,0
own_v1,O2,h00036,bundle_default_opt_4,True,inttoptr,2,2,0
own_v1,O2,h00036,bundle_default_opt_4,True,load,12,12,0
own_v1,O2,h00036,bundle_default_opt_4,True,lshr,1,1,0
own_v1,O2,h00036,bundle_default_opt_4,True,mul,1,1,0
own_v1,O2,h00036,bundle_default_opt_4,True,phi,5,5,0
own_v1,O2,h00036,bundle_default_opt_4,True,ptrtoint,1,1,0
own_v1,O2,h00036,bundle_default_opt_4,True,ret,2,2,0
own_v1,O2,h00036,bundle_default_opt_4,True,select,4,4,0
own_v1,O2,h00036,bundle_default_opt_4,True,shl,2,2,0
own_v1,O2,h00036,bundle_default_opt_4,True,store,27,27,0
own_v1,O2,h00036,bundle_default_opt_4,True,switch,1,1,0
own_v1,O2,h00036,bundle_default_opt_4,True,xor,5,5,0
own_v1,O2,h00036,bundle_default_opt_4,True,zext,1,1,0
own_v1,O2,h00036,bundle_post_opt_4_custom_cleanup,True,add,5,5,0
own_v1,O2,h00036,bundle_post_opt_4_custom_cleanup,True,alloca,1,1,0
own_v1,O2,h00036,bundle_post_opt_4_custom_cleanup,True,and,5,5,0
own_v1,O2,h00036,bundle_post_opt_4_custom_cleanup,True,br,12,12,0
own_v1,O2,h00036,bundle_post_opt_4_custom_cleanup,True,call,3,3,0
own_v1,O2,h00036,bundle_post_opt_4_custom_cleanup,True,getelementptr,15,15,0
own_v1,O2,h00036,bundle_post_opt_4_custom_cleanup,True,icmp,5,5,0
own_v1,O2,h00036,bundle_post_opt_4_custom_cleanup,True,inttoptr,2,2,0
own_v1,O2,h00036,bundle_post_opt_4_custom_cleanup,True,load,12,12,0
own_v1,O2,h00036,bundle_post_opt_4_custom_cleanup,True,lshr,1,1,0
own_v1,O2,h00036,bundle_post_opt_4_custom_cleanup,True,mul,1,1,0
own_v1,O2,h00036,bundle_post_opt_4_custom_cleanup,True,phi,5,5,0
own_v1,O2,h00036,bundle_post_opt_4_custom_cleanup,True,ptrtoint,1,1,0
own_v1,O2,h00036,bundle_post_opt_4_custom_cleanup,True,ret,2,1,-1
own_v1,O2,h00036,bundle_post_opt_4_custom_cleanup,True,select,4,4,0
own_v1,O2,h00036,bundle_post_opt_4_custom_cleanup,True,shl,2,2,0
own_v1,O2,h00036,bundle_post_opt_4_custom_cleanup,True,store,27,27,0
own_v1,O2,h00036,bundle_post_opt_4_custom_cleanup,True,switch,1,1,0
own_v1,O2,h00036,bundle_post_opt_4_custom_cleanup,True,xor,5,5,0
own_v1,O2,h00036,bundle_post_opt_4_custom_cleanup,True,zext,1,1,0
own_v1,O2,h00037,main_default_opt_1,True,add,38,38,0
own_v1,O2,h00037,main_default_opt_1,True,alloca,3,1,-2
own_v1,O2,h00037,main_default_opt_1,True,and,20,20,0
own_v1,O2,h00037,main_default_opt_1,True,br,21,22,1
own_v1,O2,h00037,main_default_opt_1,True,call,22,15,-7
own_v1,O2,h00037,main_default_opt_1,True,getelementptr,52,36,-16
own_v1,O2,h00037,main_default_opt_1,True,icmp,19,19,0
own_v1,O2,h00037,main_default_opt_1,True,inttoptr,20,20,0
own_v1,O2,h00037,main_default_opt_1,True,load,98,96,-2
own_v1,O2,h00037,main_default_opt_1,True,lshr,7,7,0
own_v1,O2,h00037,main_default_opt_1,True,mul,2,2,0
own_v1,O2,h00037,main_default_opt_1,True,or,1,1,0
own_v1,O2,h00037,main_default_opt_1,True,phi,24,36,12
own_v1,O2,h00037,main_default_opt_1,True,ptrtoint,5,5,0
own_v1,O2,h00037,main_default_opt_1,True,ret,11,8,-3
own_v1,O2,h00037,main_default_opt_1,True,select,10,10,0
own_v1,O2,h00037,main_default_opt_1,True,sext,2,2,0
own_v1,O2,h00037,main_default_opt_1,True,shl,7,7,0
own_v1,O2,h00037,main_default_opt_1,True,store,432,409,-23
own_v1,O2,h00037,main_default_opt_1,True,sub,1,1,0
own_v1,O2,h00037,main_default_opt_1,True,switch,3,3,0
own_v1,O2,h00037,main_default_opt_1,True,trunc,16,14,-2
own_v1,O2,h00037,main_default_opt_1,True,udiv,1,1,0
own_v1,O2,h00037,main_default_opt_1,True,urem,1,1,0
own_v1,O2,h00037,main_default_opt_1,True,xor,12,12,0
own_v1,O2,h00037,main_default_opt_1,True,zext,24,23,-1
own_v1,O2,h00037,main_default_opt_2,True,add,35,35,0
own_v1,O2,h00037,main_default_opt_2,True,alloca,1,1,0
own_v1,O2,h00037,main_default_opt_2,True,and,22,20,-2
own_v1,O2,h00037,main_default_opt_2,True,br,22,22,0
own_v1,O2,h00037,main_default_opt_2,True,call,15,15,0
own_v1,O2,h00037,main_default_opt_2,True,getelementptr,38,35,-3
own_v1,O2,h00037,main_default_opt_2,True,icmp,21,17,-4
own_v1,O2,h00037,main_default_opt_2,True,inttoptr,18,18,0
own_v1,O2,h00037,main_default_opt_2,True,load,96,96,0
own_v1,O2,h00037,main_default_opt_2,True,lshr,7,7,0
own_v1,O2,h00037,main_default_opt_2,True,mul,2,2,0
own_v1,O2,h00037,main_default_opt_2,True,or,1,1,0
own_v1,O2,h00037,main_default_opt_2,True,phi,38,38,0
own_v1,O2,h00037,main_default_opt_2,True,ptrtoint,5,5,0
own_v1,O2,h00037,main_default_opt_2,True,ret,8,8,0
own_v1,O2,h00037,main_default_opt_2,True,select,10,10,0
own_v1,O2,h00037,main_default_opt_2,True,sext,2,2,0
own_v1,O2,h00037,main_default_opt_2,True,shl,7,7,0
own_v1,O2,h00037,main_default_opt_2,True,store,409,395,-14
own_v1,O2,h00037,main_default_opt_2,True,sub,3,1,-2
own_v1,O2,h00037,main_default_opt_2,True,switch,3,3,0
own_v1,O2,h00037,main_default_opt_2,True,trunc,14,14,0
own_v1,O2,h00037,main_default_opt_2,True,udiv,1,1,0
own_v1,O2,h00037,main_default_opt_2,True,urem,1,1,0
own_v1,O2,h00037,main_default_opt_2,True,xor,12,12,0
own_v1,O2,h00037,main_default_opt_2,True,zext,23,23,0
own_v1,O2,h00037,bundle_default_opt_3,True,add,32,32,0
own_v1,O2,h00037,bundle_default_opt_3,True,alloca,1,1,0
own_v1,O2,h00037,bundle_default_opt_3,True,and,19,19,0
own_v1,O2,h00037,bundle_default_opt_3,True,br,22,22,0
own_v1,O2,h00037,bundle_default_opt_3,True,call,16,16,0
own_v1,O2,h00037,bundle_default_opt_3,True,getelementptr,29,29,0
own_v1,O2,h00037,bundle_default_opt_3,True,icmp,15,15,0
own_v1,O2,h00037,bundle_default_opt_3,True,inttoptr,17,17,0
own_v1,O2,h00037,bundle_default_opt_3,True,load,96,80,-16
own_v1,O2,h00037,bundle_default_opt_3,True,lshr,7,7,0
own_v1,O2,h00037,bundle_default_opt_3,True,mul,2,2,0
own_v1,O2,h00037,bundle_default_opt_3,True,or,1,1,0
own_v1,O2,h00037,bundle_default_opt_3,True,phi,34,32,-2
own_v1,O2,h00037,bundle_default_opt_3,True,ptrtoint,4,2,-2
own_v1,O2,h00037,bundle_default_opt_3,True,ret,9,9,0
own_v1,O2,h00037,bundle_default_opt_3,True,select,6,6,0
own_v1,O2,h00037,bundle_default_opt_3,True,sext,2,2,0
own_v1,O2,h00037,bundle_default_opt_3,True,shl,7,7,0
own_v1,O2,h00037,bundle_default_opt_3,True,store,342,253,-89
own_v1,O2,h00037,bundle_default_opt_3,True,sub,1,1,0
own_v1,O2,h00037,bundle_default_opt_3,True,switch,3,3,0
own_v1,O2,h00037,bundle_default_opt_3,True,trunc,14,14,0
own_v1,O2,h00037,bundle_default_opt_3,True,urem,1,1,0
own_v1,O2,h00037,bundle_default_opt_3,True,xor,12,12,0
own_v1,O2,h00037,bundle_default_opt_3,True,zext,20,20,0
own_v1,O2,h00037,bundle_default_opt_4,True,add,32,32,0
own_v1,O2,h00037,bundle_default_opt_4,True,alloca,1,1,0
own_v1,O2,h00037,bundle_default_opt_4,True,and,19,19,0
own_v1,O2,h00037,bundle_default_opt_4,True,br,22,22,0
own_v1,O2,h00037,bundle_default_opt_4,True,call,16,16,0
own_v1,O2,h00037,bundle_default_opt_4,True,getelementptr,29,29,0
own_v1,O2,h00037,bundle_default_opt_4,True,icmp,15,15,0
own_v1,O2,h00037,bundle_default_opt_4,True,inttoptr,17,17,0
own_v1,O2,h00037,bundle_default_opt_4,True,load,80,80,0
own_v1,O2,h00037,bundle_default_opt_4,True,lshr,7,7,0
own_v1,O2,h00037,bundle_default_opt_4,True,mul,2,2,0
own_v1,O2,h00037,bundle_default_opt_4,True,or,1,1,0
own_v1,O2,h00037,bundle_default_opt_4,True,phi,32,32,0
own_v1,O2,h00037,bundle_default_opt_4,True,ptrtoint,2,2,0
own_v1,O2,h00037,bundle_default_opt_4,True,ret,9,9,0
own_v1,O2,h00037,bundle_default_opt_4,True,select,6,6,0
own_v1,O2,h00037,bundle_default_opt_4,True,sext,2,2,0
own_v1,O2,h00037,bundle_default_opt_4,True,shl,7,7,0
own_v1,O2,h00037,bundle_default_opt_4,True,store,253,250,-3
own_v1,O2,h00037,bundle_default_opt_4,True,sub,1,1,0
own_v1,O2,h00037,bundle_default_opt_4,True,switch,3,3,0
own_v1,O2,h00037,bundle_default_opt_4,True,trunc,14,14,0
own_v1,O2,h00037,bundle_default_opt_4,True,urem,1,1,0
own_v1,O2,h00037,bundle_default_opt_4,True,xor,12,12,0
own_v1,O2,h00037,bundle_default_opt_4,True,zext,20,20,0
own_v1,O2,h00037,bundle_post_opt_4_custom_cleanup,True,add,32,32,0
own_v1,O2,h00037,bundle_post_opt_4_custom_cleanup,True,alloca,1,1,0
own_v1,O2,h00037,bundle_post_opt_4_custom_cleanup,True,and,19,19,0
own_v1,O2,h00037,bundle_post_opt_4_custom_cleanup,True,br,22,22,0
own_v1,O2,h00037,bundle_post_opt_4_custom_cleanup,True,call,16,16,0
own_v1,O2,h00037,bundle_post_opt_4_custom_cleanup,True,getelementptr,29,29,0
own_v1,O2,h00037,bundle_post_opt_4_custom_cleanup,True,icmp,15,15,0
own_v1,O2,h00037,bundle_post_opt_4_custom_cleanup,True,inttoptr,17,17,0
own_v1,O2,h00037,bundle_post_opt_4_custom_cleanup,True,load,80,80,0
own_v1,O2,h00037,bundle_post_opt_4_custom_cleanup,True,lshr,7,7,0
own_v1,O2,h00037,bundle_post_opt_4_custom_cleanup,True,mul,2,2,0
own_v1,O2,h00037,bundle_post_opt_4_custom_cleanup,True,or,1,1,0
own_v1,O2,h00037,bundle_post_opt_4_custom_cleanup,True,phi,32,32,0
own_v1,O2,h00037,bundle_post_opt_4_custom_cleanup,True,ptrtoint,2,2,0
own_v1,O2,h00037,bundle_post_opt_4_custom_cleanup,True,ret,9,9,0
own_v1,O2,h00037,bundle_post_opt_4_custom_cleanup,True,select,6,6,0
own_v1,O2,h00037,bundle_post_opt_4_custom_cleanup,True,sext,2,2,0
own_v1,O2,h00037,bundle_post_opt_4_custom_cleanup,True,shl,7,7,0
own_v1,O2,h00037,bundle_post_opt_4_custom_cleanup,True,store,250,250,0
own_v1,O2,h00037,bundle_post_opt_4_custom_cleanup,True,sub,1,1,0
own_v1,O2,h00037,bundle_post_opt_4_custom_cleanup,True,switch,3,3,0
own_v1,O2,h00037,bundle_post_opt_4_custom_cleanup,True,trunc,14,14,0
own_v1,O2,h00037,bundle_post_opt_4_custom_cleanup,True,urem,1,1,0
own_v1,O2,h00037,bundle_post_opt_4_custom_cleanup,True,xor,12,12,0
own_v1,O2,h00037,bundle_post_opt_4_custom_cleanup,True,zext,20,20,0
own_v1,O2,h00038,main_default_opt_1,True,add,74,64,-10
own_v1,O2,h00038,main_default_opt_1,True,alloca,5,3,-2
own_v1,O2,h00038,main_default_opt_1,True,and,39,32,-7
own_v1,O2,h00038,main_default_opt_1,True,ashr,5,5,0
own_v1,O2,h00038,main_default_opt_1,True,br,39,41,2
own_v1,O2,h00038,main_default_opt_1,True,call,28,16,-12
own_v1,O2,h00038,main_default_opt_1,True,getelementptr,65,47,-18
own_v1,O2,h00038,main_default_opt_1,True,icmp,34,32,-2
own_v1,O2,h00038,main_default_opt_1,True,inttoptr,42,34,-8
own_v1,O2,h00038,main_default_opt_1,True,load,155,131,-24
own_v1,O2,h00038,main_default_opt_1,True,lshr,19,18,-1
own_v1,O2,h00038,main_default_opt_1,True,mul,6,3,-3
own_v1,O2,h00038,main_default_opt_1,True,or,7,6,-1
own_v1,O2,h00038,main_default_opt_1,True,phi,53,67,14
own_v1,O2,h00038,main_default_opt_1,True,ptrtoint,4,4,0
own_v1,O2,h00038,main_default_opt_1,True,ret,13,4,-9
own_v1,O2,h00038,main_default_opt_1,True,sdiv,4,4,0
own_v1,O2,h00038,main_default_opt_1,True,select,11,11,0
own_v1,O2,h00038,main_default_opt_1,True,sext,7,7,0
own_v1,O2,h00038,main_default_opt_1,True,shl,15,14,-1
own_v1,O2,h00038,main_default_opt_1,True,srem,3,3,0
own_v1,O2,h00038,main_default_opt_1,True,store,766,692,-74
own_v1,O2,h00038,main_default_opt_1,True,sub,2,2,0
own_v1,O2,h00038,main_default_opt_1,True,switch,4,4,0
own_v1,O2,h00038,main_default_opt_1,True,trunc,29,25,-4
own_v1,O2,h00038,main_default_opt_1,True,unreachable,1,1,0
own_v1,O2,h00038,main_default_opt_1,True,xor,41,32,-9
own_v1,O2,h00038,main_default_opt_1,True,zext,46,41,-5
own_v1,O2,h00038,main_default_opt_2,True,add,61,61,0
own_v1,O2,h00038,main_default_opt_2,True,alloca,1,1,0
own_v1,O2,h00038,main_default_opt_2,True,and,32,32,0
own_v1,O2,h00038,main_default_opt_2,True,ashr,5,5,0
own_v1,O2,h00038,main_default_opt_2,True,br,41,41,0
own_v1,O2,h00038,main_default_opt_2,True,call,14,14,0
own_v1,O2,h00038,main_default_opt_2,True,getelementptr,38,38,0
own_v1,O2,h00038,main_default_opt_2,True,icmp,32,32,0
own_v1,O2,h00038,main_default_opt_2,True,inttoptr,29,29,0
own_v1,O2,h00038,main_default_opt_2,True,load,131,126,-5
own_v1,O2,h00038,main_default_opt_2,True,lshr,18,18,0
own_v1,O2,h00038,main_default_opt_2,True,mul,3,3,0
own_v1,O2,h00038,main_default_opt_2,True,or,6,6,0
own_v1,O2,h00038,main_default_opt_2,True,phi,67,60,-7
own_v1,O2,h00038,main_default_opt_2,True,ptrtoint,4,4,0
own_v1,O2,h00038,main_default_opt_2,True,ret,5,5,0
own_v1,O2,h00038,main_default_opt_2,True,sdiv,4,4,0
own_v1,O2,h00038,main_default_opt_2,True,select,11,11,0
own_v1,O2,h00038,main_default_opt_2,True,sext,7,7,0
own_v1,O2,h00038,main_default_opt_2,True,shl,14,14,0
own_v1,O2,h00038,main_default_opt_2,True,srem,3,3,0
own_v1,O2,h00038,main_default_opt_2,True,store,674,510,-164
own_v1,O2,h00038,main_default_opt_2,True,sub,6,6,0
own_v1,O2,h00038,main_default_opt_2,True,switch,4,4,0
own_v1,O2,h00038,main_default_opt_2,True,trunc,25,25,0
own_v1,O2,h00038,main_default_opt_2,True,unreachable,1,1,0
own_v1,O2,h00038,main_default_opt_2,True,xor,32,32,0
own_v1,O2,h00038,main_default_opt_2,True,zext,41,41,0
own_v1,O2,h00038,bundle_default_opt_3,True,add,61,59,-2
own_v1,O2,h00038,bundle_default_opt_3,True,alloca,1,1,0
own_v1,O2,h00038,bundle_default_opt_3,True,and,49,34,-15
own_v1,O2,h00038,bundle_default_opt_3,True,ashr,5,5,0
own_v1,O2,h00038,bundle_default_opt_3,True,br,41,41,0
own_v1,O2,h00038,bundle_default_opt_3,True,call,13,11,-2
own_v1,O2,h00038,bundle_default_opt_3,True,getelementptr,38,38,0
own_v1,O2,h00038,bundle_default_opt_3,True,icmp,32,26,-6
own_v1,O2,h00038,bundle_default_opt_3,True,inttoptr,29,29,0
own_v1,O2,h00038,bundle_default_opt_3,True,load,142,107,-35
own_v1,O2,h00038,bundle_default_opt_3,True,lshr,18,12,-6
own_v1,O2,h00038,bundle_default_opt_3,True,mul,3,3,0
own_v1,O2,h00038,bundle_default_opt_3,True,or,22,14,-8
own_v1,O2,h00038,bundle_default_opt_3,True,phi,60,59,-1
own_v1,O2,h00038,bundle_default_opt_3,True,ptrtoint,3,3,0
own_v1,O2,h00038,bundle_default_opt_3,True,ret,5,5,0
own_v1,O2,h00038,bundle_default_opt_3,True,sdiv,4,4,0
own_v1,O2,h00038,bundle_default_opt_3,True,select,11,11,0
own_v1,O2,h00038,bundle_default_opt_3,True,sext,7,7,0
own_v1,O2,h00038,bundle_default_opt_3,True,shl,14,14,0
own_v1,O2,h00038,bundle_default_opt_3,True,srem,3,3,0
own_v1,O2,h00038,bundle_default_opt_3,True,store,509,433,-76
own_v1,O2,h00038,bundle_default_opt_3,True,sub,6,6,0
own_v1,O2,h00038,bundle_default_opt_3,True,switch,4,4,0
own_v1,O2,h00038,bundle_default_opt_3,True,trunc,26,19,-7
own_v1,O2,h00038,bundle_default_opt_3,True,unreachable,1,1,0
own_v1,O2,h00038,bundle_default_opt_3,True,xor,32,24,-8
own_v1,O2,h00038,bundle_default_opt_3,True,zext,43,35,-8
own_v1,O2,h00038,bundle_default_opt_4,True,add,59,59,0
own_v1,O2,h00038,bundle_default_opt_4,True,alloca,1,1,0
own_v1,O2,h00038,bundle_default_opt_4,True,and,34,34,0
own_v1,O2,h00038,bundle_default_opt_4,True,ashr,5,5,0
own_v1,O2,h00038,bundle_default_opt_4,True,br,41,41,0
own_v1,O2,h00038,bundle_default_opt_4,True,call,11,11,0
own_v1,O2,h00038,bundle_default_opt_4,True,getelementptr,38,38,0
own_v1,O2,h00038,bundle_default_opt_4,True,icmp,26,26,0
own_v1,O2,h00038,bundle_default_opt_4,True,inttoptr,29,29,0
own_v1,O2,h00038,bundle_default_opt_4,True,load,107,107,0
own_v1,O2,h00038,bundle_default_opt_4,True,lshr,12,12,0
own_v1,O2,h00038,bundle_default_opt_4,True,mul,3,3,0
own_v1,O2,h00038,bundle_default_opt_4,True,or,14,14,0
own_v1,O2,h00038,bundle_default_opt_4,True,phi,59,59,0
own_v1,O2,h00038,bundle_default_opt_4,True,ptrtoint,3,3,0
own_v1,O2,h00038,bundle_default_opt_4,True,ret,5,5,0
own_v1,O2,h00038,bundle_default_opt_4,True,sdiv,4,4,0
own_v1,O2,h00038,bundle_default_opt_4,True,select,11,11,0
own_v1,O2,h00038,bundle_default_opt_4,True,sext,7,7,0
own_v1,O2,h00038,bundle_default_opt_4,True,shl,14,14,0
own_v1,O2,h00038,bundle_default_opt_4,True,srem,3,3,0
own_v1,O2,h00038,bundle_default_opt_4,True,store,433,425,-8
own_v1,O2,h00038,bundle_default_opt_4,True,sub,6,6,0
own_v1,O2,h00038,bundle_default_opt_4,True,switch,4,4,0
own_v1,O2,h00038,bundle_default_opt_4,True,trunc,19,19,0
own_v1,O2,h00038,bundle_default_opt_4,True,unreachable,1,1,0
own_v1,O2,h00038,bundle_default_opt_4,True,xor,24,24,0
own_v1,O2,h00038,bundle_default_opt_4,True,zext,35,35,0
own_v1,O2,h00038,bundle_post_opt_4_custom_cleanup,True,add,59,0,-59
own_v1,O2,h00038,bundle_post_opt_4_custom_cleanup,True,alloca,1,0,-1
own_v1,O2,h00038,bundle_post_opt_4_custom_cleanup,True,and,34,0,-34
own_v1,O2,h00038,bundle_post_opt_4_custom_cleanup,True,ashr,5,0,-5
own_v1,O2,h00038,bundle_post_opt_4_custom_cleanup,True,br,41,0,-41
own_v1,O2,h00038,bundle_post_opt_4_custom_cleanup,True,call,11,0,-11
own_v1,O2,h00038,bundle_post_opt_4_custom_cleanup,True,getelementptr,38,0,-38
own_v1,O2,h00038,bundle_post_opt_4_custom_cleanup,True,icmp,26,0,-26
own_v1,O2,h00038,bundle_post_opt_4_custom_cleanup,True,inttoptr,29,0,-29
own_v1,O2,h00038,bundle_post_opt_4_custom_cleanup,True,load,107,0,-107
own_v1,O2,h00038,bundle_post_opt_4_custom_cleanup,True,lshr,12,0,-12
own_v1,O2,h00038,bundle_post_opt_4_custom_cleanup,True,mul,3,0,-3
own_v1,O2,h00038,bundle_post_opt_4_custom_cleanup,True,or,14,0,-14
own_v1,O2,h00038,bundle_post_opt_4_custom_cleanup,True,phi,59,0,-59
own_v1,O2,h00038,bundle_post_opt_4_custom_cleanup,True,ptrtoint,3,0,-3
own_v1,O2,h00038,bundle_post_opt_4_custom_cleanup,True,ret,5,0,-5
own_v1,O2,h00038,bundle_post_opt_4_custom_cleanup,True,sdiv,4,0,-4
own_v1,O2,h00038,bundle_post_opt_4_custom_cleanup,True,select,11,0,-11
own_v1,O2,h00038,bundle_post_opt_4_custom_cleanup,True,sext,7,0,-7
own_v1,O2,h00038,bundle_post_opt_4_custom_cleanup,True,shl,14,0,-14
own_v1,O2,h00038,bundle_post_opt_4_custom_cleanup,True,srem,3,0,-3
own_v1,O2,h00038,bundle_post_opt_4_custom_cleanup,True,store,425,0,-425
own_v1,O2,h00038,bundle_post_opt_4_custom_cleanup,True,sub,6,0,-6
own_v1,O2,h00038,bundle_post_opt_4_custom_cleanup,True,switch,4,0,-4
own_v1,O2,h00038,bundle_post_opt_4_custom_cleanup,True,trunc,19,0,-19
own_v1,O2,h00038,bundle_post_opt_4_custom_cleanup,True,unreachable,1,0,-1
own_v1,O2,h00038,bundle_post_opt_4_custom_cleanup,True,xor,24,0,-24
own_v1,O2,h00038,bundle_post_opt_4_custom_cleanup,True,zext,35,0,-35
own_v1,O2,h00039,main_default_opt_1,True,add,29,23,-6
own_v1,O2,h00039,main_default_opt_1,True,alloca,7,5,-2
own_v1,O2,h00039,main_default_opt_1,True,and,20,18,-2
own_v1,O2,h00039,main_default_opt_1,True,br,20,18,-2
own_v1,O2,h00039,main_default_opt_1,True,call,27,15,-12
own_v1,O2,h00039,main_default_opt_1,True,getelementptr,79,62,-17
own_v1,O2,h00039,main_default_opt_1,True,icmp,16,15,-1
own_v1,O2,h00039,main_default_opt_1,True,inttoptr,10,8,-2
own_v1,O2,h00039,main_default_opt_1,True,load,91,74,-17
own_v1,O2,h00039,main_default_opt_1,True,lshr,10,9,-1
own_v1,O2,h00039,main_default_opt_1,True,mul,4,3,-1
own_v1,O2,h00039,main_default_opt_1,True,phi,20,24,4
own_v1,O2,h00039,main_default_opt_1,True,ptrtoint,4,3,-1
own_v1,O2,h00039,main_default_opt_1,True,ret,11,2,-9
own_v1,O2,h00039,main_default_opt_1,True,select,6,6,0
own_v1,O2,h00039,main_default_opt_1,True,shl,7,7,0
own_v1,O2,h00039,main_default_opt_1,True,store,474,411,-63
own_v1,O2,h00039,main_default_opt_1,True,sub,2,2,0
own_v1,O2,h00039,main_default_opt_1,True,switch,1,1,0
own_v1,O2,h00039,main_default_opt_1,True,trunc,15,10,-5
own_v1,O2,h00039,main_default_opt_1,True,xor,23,19,-4
own_v1,O2,h00039,main_default_opt_1,True,zext,24,21,-3
own_v1,O2,h00039,main_default_opt_2,True,add,15,13,-2
own_v1,O2,h00039,main_default_opt_2,True,alloca,2,2,0
own_v1,O2,h00039,main_default_opt_2,True,and,8,8,0
own_v1,O2,h00039,main_default_opt_2,True,br,18,18,0
own_v1,O2,h00039,main_default_opt_2,True,call,5,3,-2
own_v1,O2,h00039,main_default_opt_2,True,getelementptr,33,16,-17
own_v1,O2,h00039,main_default_opt_2,True,icmp,6,6,0
own_v1,O2,h00039,main_default_opt_2,True,inttoptr,11,7,-4
own_v1,O2,h00039,main_default_opt_2,True,load,21,22,1
own_v1,O2,h00039,main_default_opt_2,True,lshr,1,1,0
own_v1,O2,h00039,main_default_opt_2,True,mul,3,3,0
own_v1,O2,h00039,main_default_opt_2,True,phi,4,2,-2
own_v1,O2,h00039,main_default_opt_2,True,ptrtoint,1,1,0
own_v1,O2,h00039,main_default_opt_2,True,ret,2,2,0
own_v1,O2,h00039,main_default_opt_2,True,select,6,6,0
own_v1,O2,h00039,main_default_opt_2,True,shl,7,7,0
own_v1,O2,h00039,main_default_opt_2,True,store,33,35,2
own_v1,O2,h00039,main_default_opt_2,True,sub,1,1,0
own_v1,O2,h00039,main_default_opt_2,True,switch,1,1,0
own_v1,O2,h00039,main_default_opt_2,True,xor,10,10,0
own_v1,O2,h00039,bundle_default_opt_3,True,add,7,7,0
own_v1,O2,h00039,bundle_default_opt_3,True,alloca,2,2,0
own_v1,O2,h00039,bundle_default_opt_3,True,and,8,8,0
own_v1,O2,h00039,bundle_default_opt_3,True,br,18,18,0
own_v1,O2,h00039,bundle_default_opt_3,True,call,3,3,0
own_v1,O2,h00039,bundle_default_opt_3,True,getelementptr,22,21,-1
own_v1,O2,h00039,bundle_default_opt_3,True,icmp,6,6,0
own_v1,O2,h00039,bundle_default_opt_3,True,inttoptr,1,1,0
own_v1,O2,h00039,bundle_default_opt_3,True,load,22,22,0
own_v1,O2,h00039,bundle_default_opt_3,True,lshr,1,1,0
own_v1,O2,h00039,bundle_default_opt_3,True,mul,3,3,0
own_v1,O2,h00039,bundle_default_opt_3,True,phi,2,2,0
own_v1,O2,h00039,bundle_default_opt_3,True,ptrtoint,1,1,0
own_v1,O2,h00039,bundle_default_opt_3,True,ret,2,2,0
own_v1,O2,h00039,bundle_default_opt_3,True,select,6,6,0
own_v1,O2,h00039,bundle_default_opt_3,True,shl,7,7,0
own_v1,O2,h00039,bundle_default_opt_3,True,store,35,35,0
own_v1,O2,h00039,bundle_default_opt_3,True,sub,1,1,0
own_v1,O2,h00039,bundle_default_opt_3,True,switch,1,1,0
own_v1,O2,h00039,bundle_default_opt_3,True,xor,10,10,0
own_v1,O2,h00039,bundle_default_opt_4,True,add,7,7,0
own_v1,O2,h00039,bundle_default_opt_4,True,alloca,2,2,0
own_v1,O2,h00039,bundle_default_opt_4,True,and,8,8,0
own_v1,O2,h00039,bundle_default_opt_4,True,br,18,18,0
own_v1,O2,h00039,bundle_default_opt_4,True,call,3,3,0
own_v1,O2,h00039,bundle_default_opt_4,True,getelementptr,21,21,0
own_v1,O2,h00039,bundle_default_opt_4,True,icmp,6,6,0
own_v1,O2,h00039,bundle_default_opt_4,True,inttoptr,1,1,0
own_v1,O2,h00039,bundle_default_opt_4,True,load,22,22,0
own_v1,O2,h00039,bundle_default_opt_4,True,lshr,1,1,0
own_v1,O2,h00039,bundle_default_opt_4,True,mul,3,3,0
own_v1,O2,h00039,bundle_default_opt_4,True,phi,2,2,0
own_v1,O2,h00039,bundle_default_opt_4,True,ptrtoint,1,1,0
own_v1,O2,h00039,bundle_default_opt_4,True,ret,2,2,0
own_v1,O2,h00039,bundle_default_opt_4,True,select,6,6,0
own_v1,O2,h00039,bundle_default_opt_4,True,shl,7,7,0
own_v1,O2,h00039,bundle_default_opt_4,True,store,35,35,0
own_v1,O2,h00039,bundle_default_opt_4,True,sub,1,1,0
own_v1,O2,h00039,bundle_default_opt_4,True,switch,1,1,0
own_v1,O2,h00039,bundle_default_opt_4,True,xor,10,10,0
own_v1,O2,h00039,bundle_post_opt_4_custom_cleanup,True,add,7,7,0
own_v1,O2,h00039,bundle_post_opt_4_custom_cleanup,True,alloca,2,2,0
own_v1,O2,h00039,bundle_post_opt_4_custom_cleanup,True,and,8,8,0
own_v1,O2,h00039,bundle_post_opt_4_custom_cleanup,True,br,18,18,0
own_v1,O2,h00039,bundle_post_opt_4_custom_cleanup,True,call,3,3,0
own_v1,O2,h00039,bundle_post_opt_4_custom_cleanup,True,getelementptr,21,21,0
own_v1,O2,h00039,bundle_post_opt_4_custom_cleanup,True,icmp,6,6,0
own_v1,O2,h00039,bundle_post_opt_4_custom_cleanup,True,inttoptr,1,1,0
own_v1,O2,h00039,bundle_post_opt_4_custom_cleanup,True,load,22,22,0
own_v1,O2,h00039,bundle_post_opt_4_custom_cleanup,True,lshr,1,1,0
own_v1,O2,h00039,bundle_post_opt_4_custom_cleanup,True,mul,3,3,0
own_v1,O2,h00039,bundle_post_opt_4_custom_cleanup,True,phi,2,2,0
own_v1,O2,h00039,bundle_post_opt_4_custom_cleanup,True,ptrtoint,1,1,0
own_v1,O2,h00039,bundle_post_opt_4_custom_cleanup,True,ret,2,1,-1
own_v1,O2,h00039,bundle_post_opt_4_custom_cleanup,True,select,6,6,0
own_v1,O2,h00039,bundle_post_opt_4_custom_cleanup,True,shl,7,7,0
own_v1,O2,h00039,bundle_post_opt_4_custom_cleanup,True,store,35,35,0
own_v1,O2,h00039,bundle_post_opt_4_custom_cleanup,True,sub,1,1,0
own_v1,O2,h00039,bundle_post_opt_4_custom_cleanup,True,switch,1,1,0
own_v1,O2,h00039,bundle_post_opt_4_custom_cleanup,True,xor,10,10,0
own_v1,O2,h00040,main_default_opt_1,True,add,141,141,0
own_v1,O2,h00040,main_default_opt_1,True,alloca,7,5,-2
own_v1,O2,h00040,main_default_opt_1,True,and,40,40,0
own_v1,O2,h00040,main_default_opt_1,True,br,53,54,1
own_v1,O2,h00040,main_default_opt_1,True,call,35,28,-7
own_v1,O2,h00040,main_default_opt_1,True,getelementptr,258,164,-94
own_v1,O2,h00040,main_default_opt_1,True,icmp,111,111,0
own_v1,O2,h00040,main_default_opt_1,True,inttoptr,37,37,0
own_v1,O2,h00040,main_default_opt_1,True,load,174,157,-17
own_v1,O2,h00040,main_default_opt_1,True,lshr,12,12,0
own_v1,O2,h00040,main_default_opt_1,True,mul,6,6,0
own_v1,O2,h00040,main_default_opt_1,True,phi,21,33,12
own_v1,O2,h00040,main_default_opt_1,True,ptrtoint,6,6,0
own_v1,O2,h00040,main_default_opt_1,True,ret,15,12,-3
own_v1,O2,h00040,main_default_opt_1,True,select,92,92,0
own_v1,O2,h00040,main_default_opt_1,True,sext,7,7,0
own_v1,O2,h00040,main_default_opt_1,True,shl,16,16,0
own_v1,O2,h00040,main_default_opt_1,True,store,920,889,-31
own_v1,O2,h00040,main_default_opt_1,True,sub,3,3,0
own_v1,O2,h00040,main_default_opt_1,True,switch,2,2,0
own_v1,O2,h00040,main_default_opt_1,True,trunc,21,17,-4
own_v1,O2,h00040,main_default_opt_1,True,xor,29,29,0
own_v1,O2,h00040,main_default_opt_1,True,zext,33,32,-1
own_v1,O2,h00040,main_default_opt_2,True,add,136,141,5
own_v1,O2,h00040,main_default_opt_2,True,alloca,5,5,0
own_v1,O2,h00040,main_default_opt_2,True,and,52,41,-11
own_v1,O2,h00040,main_default_opt_2,True,br,54,54,0
own_v1,O2,h00040,main_default_opt_2,True,call,28,28,0
own_v1,O2,h00040,main_default_opt_2,True,getelementptr,189,182,-7
own_v1,O2,h00040,main_default_opt_2,True,icmp,135,117,-18
own_v1,O2,h00040,main_default_opt_2,True,inttoptr,27,26,-1
own_v1,O2,h00040,main_default_opt_2,True,load,157,157,0
own_v1,O2,h00040,main_default_opt_2,True,lshr,12,12,0
own_v1,O2,h00040,main_default_opt_2,True,mul,6,6,0
own_v1,O2,h00040,main_default_opt_2,True,phi,35,35,0
own_v1,O2,h00040,main_default_opt_2,True,ptrtoint,7,7,0
own_v1,O2,h00040,main_default_opt_2,True,ret,12,12,0
own_v1,O2,h00040,main_default_opt_2,True,select,104,104,0
own_v1,O2,h00040,main_default_opt_2,True,sext,7,7,0
own_v1,O2,h00040,main_default_opt_2,True,shl,16,16,0
own_v1,O2,h00040,main_default_opt_2,True,store,889,882,-7
own_v1,O2,h00040,main_default_opt_2,True,sub,15,3,-12
own_v1,O2,h00040,main_default_opt_2,True,switch,2,2,0
own_v1,O2,h00040,main_default_opt_2,True,trunc,17,17,0
own_v1,O2,h00040,main_default_opt_2,True,xor,29,29,0
own_v1,O2,h00040,main_default_opt_2,True,zext,32,32,0
own_v1,O2,h00040,bundle_default_opt_3,True,add,141,141,0
own_v1,O2,h00040,bundle_default_opt_3,True,alloca,5,5,0
own_v1,O2,h00040,bundle_default_opt_3,True,and,41,41,0
own_v1,O2,h00040,bundle_default_opt_3,True,br,54,54,0
own_v1,O2,h00040,bundle_default_opt_3,True,call,27,29,2
own_v1,O2,h00040,bundle_default_opt_3,True,getelementptr,182,178,-4
own_v1,O2,h00040,bundle_default_opt_3,True,icmp,117,117,0
own_v1,O2,h00040,bundle_default_opt_3,True,inttoptr,26,26,0
own_v1,O2,h00040,bundle_default_opt_3,True,load,157,119,-38
own_v1,O2,h00040,bundle_default_opt_3,True,lshr,12,12,0
own_v1,O2,h00040,bundle_default_opt_3,True,mul,6,6,0
own_v1,O2,h00040,bundle_default_opt_3,True,phi,35,32,-3
own_v1,O2,h00040,bundle_default_opt_3,True,ptrtoint,6,6,0
own_v1,O2,h00040,bundle_default_opt_3,True,ret,12,12,0
own_v1,O2,h00040,bundle_default_opt_3,True,select,104,104,0
own_v1,O2,h00040,bundle_default_opt_3,True,sext,7,7,0
own_v1,O2,h00040,bundle_default_opt_3,True,shl,16,16,0
own_v1,O2,h00040,bundle_default_opt_3,True,store,881,662,-219
own_v1,O2,h00040,bundle_default_opt_3,True,sub,3,3,0
own_v1,O2,h00040,bundle_default_opt_3,True,switch,2,2,0
own_v1,O2,h00040,bundle_default_opt_3,True,trunc,17,17,0
own_v1,O2,h00040,bundle_default_opt_3,True,xor,29,29,0
own_v1,O2,h00040,bundle_default_opt_3,True,zext,32,32,0
own_v1,O2,h00040,bundle_default_opt_4,True,add,141,141,0
own_v1,O2,h00040,bundle_default_opt_4,True,alloca,5,5,0
own_v1,O2,h00040,bundle_default_opt_4,True,and,41,41,0
own_v1,O2,h00040,bundle_default_opt_4,True,br,54,54,0
own_v1,O2,h00040,bundle_default_opt_4,True,call,29,29,0
own_v1,O2,h00040,bundle_default_opt_4,True,getelementptr,178,178,0
own_v1,O2,h00040,bundle_default_opt_4,True,icmp,117,117,0
own_v1,O2,h00040,bundle_default_opt_4,True,inttoptr,26,26,0
own_v1,O2,h00040,bundle_default_opt_4,True,load,119,119,0
own_v1,O2,h00040,bundle_default_opt_4,True,lshr,12,12,0
own_v1,O2,h00040,bundle_default_opt_4,True,mul,6,6,0
own_v1,O2,h00040,bundle_default_opt_4,True,phi,32,32,0
own_v1,O2,h00040,bundle_default_opt_4,True,ptrtoint,6,6,0
own_v1,O2,h00040,bundle_default_opt_4,True,ret,12,12,0
own_v1,O2,h00040,bundle_default_opt_4,True,select,104,104,0
own_v1,O2,h00040,bundle_default_opt_4,True,sext,7,7,0
own_v1,O2,h00040,bundle_default_opt_4,True,shl,16,16,0
own_v1,O2,h00040,bundle_default_opt_4,True,store,662,629,-33
own_v1,O2,h00040,bundle_default_opt_4,True,sub,3,3,0
own_v1,O2,h00040,bundle_default_opt_4,True,switch,2,2,0
own_v1,O2,h00040,bundle_default_opt_4,True,trunc,17,17,0
own_v1,O2,h00040,bundle_default_opt_4,True,xor,29,29,0
own_v1,O2,h00040,bundle_default_opt_4,True,zext,32,32,0
own_v1,O2,h00040,bundle_post_opt_4_custom_cleanup,True,add,141,141,0
own_v1,O2,h00040,bundle_post_opt_4_custom_cleanup,True,alloca,5,5,0
own_v1,O2,h00040,bundle_post_opt_4_custom_cleanup,True,and,41,41,0
own_v1,O2,h00040,bundle_post_opt_4_custom_cleanup,True,br,54,54,0
own_v1,O2,h00040,bundle_post_opt_4_custom_cleanup,True,call,29,29,0
own_v1,O2,h00040,bundle_post_opt_4_custom_cleanup,True,getelementptr,178,178,0
own_v1,O2,h00040,bundle_post_opt_4_custom_cleanup,True,icmp,117,117,0
own_v1,O2,h00040,bundle_post_opt_4_custom_cleanup,True,inttoptr,26,26,0
own_v1,O2,h00040,bundle_post_opt_4_custom_cleanup,True,load,119,119,0
own_v1,O2,h00040,bundle_post_opt_4_custom_cleanup,True,lshr,12,12,0
own_v1,O2,h00040,bundle_post_opt_4_custom_cleanup,True,mul,6,6,0
own_v1,O2,h00040,bundle_post_opt_4_custom_cleanup,True,phi,32,32,0
own_v1,O2,h00040,bundle_post_opt_4_custom_cleanup,True,ptrtoint,6,6,0
own_v1,O2,h00040,bundle_post_opt_4_custom_cleanup,True,ret,12,12,0
own_v1,O2,h00040,bundle_post_opt_4_custom_cleanup,True,select,104,104,0
own_v1,O2,h00040,bundle_post_opt_4_custom_cleanup,True,sext,7,7,0
own_v1,O2,h00040,bundle_post_opt_4_custom_cleanup,True,shl,16,16,0
own_v1,O2,h00040,bundle_post_opt_4_custom_cleanup,True,store,629,627,-2
own_v1,O2,h00040,bundle_post_opt_4_custom_cleanup,True,sub,3,3,0
own_v1,O2,h00040,bundle_post_opt_4_custom_cleanup,True,switch,2,2,0
own_v1,O2,h00040,bundle_post_opt_4_custom_cleanup,True,trunc,17,17,0
own_v1,O2,h00040,bundle_post_opt_4_custom_cleanup,True,xor,29,29,0
own_v1,O2,h00040,bundle_post_opt_4_custom_cleanup,True,zext,32,32,0
own_v1,O3,h00001,main_default_opt_1,True,add,28,28,0
own_v1,O3,h00001,main_default_opt_1,True,alloca,3,1,-2
own_v1,O3,h00001,main_default_opt_1,True,and,17,17,0
own_v1,O3,h00001,main_default_opt_1,True,br,29,30,1
own_v1,O3,h00001,main_default_opt_1,True,call,18,11,-7
own_v1,O3,h00001,main_default_opt_1,True,getelementptr,63,47,-16
own_v1,O3,h00001,main_default_opt_1,True,icmp,26,26,0
own_v1,O3,h00001,main_default_opt_1,True,inttoptr,12,12,0
own_v1,O3,h00001,main_default_opt_1,True,load,66,64,-2
own_v1,O3,h00001,main_default_opt_1,True,lshr,10,10,0
own_v1,O3,h00001,main_default_opt_1,True,mul,3,3,0
own_v1,O3,h00001,main_default_opt_1,True,or,1,1,0
own_v1,O3,h00001,main_default_opt_1,True,phi,26,37,11
own_v1,O3,h00001,main_default_opt_1,True,ptrtoint,5,5,0
own_v1,O3,h00001,main_default_opt_1,True,ret,11,8,-3
own_v1,O3,h00001,main_default_opt_1,True,select,14,14,0
own_v1,O3,h00001,main_default_opt_1,True,sext,1,1,0
own_v1,O3,h00001,main_default_opt_1,True,shl,4,4,0
own_v1,O3,h00001,main_default_opt_1,True,store,454,431,-23
own_v1,O3,h00001,main_default_opt_1,True,switch,1,1,0
own_v1,O3,h00001,main_default_opt_1,True,trunc,15,12,-3
own_v1,O3,h00001,main_default_opt_1,True,xor,18,18,0
own_v1,O3,h00001,main_default_opt_1,True,zext,25,23,-2
own_v1,O3,h00001,main_default_opt_2,True,add,25,25,0
own_v1,O3,h00001,main_default_opt_2,True,alloca,1,1,0
own_v1,O3,h00001,main_default_opt_2,True,and,19,17,-2
own_v1,O3,h00001,main_default_opt_2,True,br,30,30,0
own_v1,O3,h00001,main_default_opt_2,True,call,11,11,0
own_v1,O3,h00001,main_default_opt_2,True,getelementptr,48,45,-3
own_v1,O3,h00001,main_default_opt_2,True,icmp,28,24,-4
own_v1,O3,h00001,main_default_opt_2,True,inttoptr,9,9,0
own_v1,O3,h00001,main_default_opt_2,True,load,64,64,0
own_v1,O3,h00001,main_default_opt_2,True,lshr,10,10,0
own_v1,O3,h00001,main_default_opt_2,True,mul,3,3,0
own_v1,O3,h00001,main_default_opt_2,True,or,1,1,0
own_v1,O3,h00001,main_default_opt_2,True,phi,37,37,0
own_v1,O3,h00001,main_default_opt_2,True,ptrtoint,5,5,0
own_v1,O3,h00001,main_default_opt_2,True,ret,8,8,0
own_v1,O3,h00001,main_default_opt_2,True,select,14,14,0
own_v1,O3,h00001,main_default_opt_2,True,sext,1,1,0
own_v1,O3,h00001,main_default_opt_2,True,shl,4,4,0
own_v1,O3,h00001,main_default_opt_2,True,store,431,430,-1
own_v1,O3,h00001,main_default_opt_2,True,sub,2,0,-2
own_v1,O3,h00001,main_default_opt_2,True,switch,1,1,0
own_v1,O3,h00001,main_default_opt_2,True,trunc,12,12,0
own_v1,O3,h00001,main_default_opt_2,True,xor,18,18,0
own_v1,O3,h00001,main_default_opt_2,True,zext,23,23,0
own_v1,O3,h00001,bundle_default_opt_3,True,add,22,22,0
own_v1,O3,h00001,bundle_default_opt_3,True,alloca,1,1,0
own_v1,O3,h00001,bundle_default_opt_3,True,and,16,16,0
own_v1,O3,h00001,bundle_default_opt_3,True,br,30,30,0
own_v1,O3,h00001,bundle_default_opt_3,True,call,12,12,0
own_v1,O3,h00001,bundle_default_opt_3,True,getelementptr,39,39,0
own_v1,O3,h00001,bundle_default_opt_3,True,icmp,22,22,0
own_v1,O3,h00001,bundle_default_opt_3,True,inttoptr,8,8,0
own_v1,O3,h00001,bundle_default_opt_3,True,load,64,54,-10
own_v1,O3,h00001,bundle_default_opt_3,True,lshr,10,10,0
own_v1,O3,h00001,bundle_default_opt_3,True,mul,3,3,0
own_v1,O3,h00001,bundle_default_opt_3,True,or,1,1,0
own_v1,O3,h00001,bundle_default_opt_3,True,phi,28,28,0
own_v1,O3,h00001,bundle_default_opt_3,True,ptrtoint,1,1,0
own_v1,O3,h00001,bundle_default_opt_3,True,ret,9,9,0
own_v1,O3,h00001,bundle_default_opt_3,True,select,10,10,0
own_v1,O3,h00001,bundle_default_opt_3,True,shl,4,4,0
own_v1,O3,h00001,bundle_default_opt_3,True,store,320,259,-61
own_v1,O3,h00001,bundle_default_opt_3,True,switch,1,1,0
own_v1,O3,h00001,bundle_default_opt_3,True,trunc,12,12,0
own_v1,O3,h00001,bundle_default_opt_3,True,xor,18,18,0
own_v1,O3,h00001,bundle_default_opt_3,True,zext,12,11,-1
own_v1,O3,h00001,bundle_default_opt_4,True,add,22,22,0
own_v1,O3,h00001,bundle_default_opt_4,True,alloca,1,1,0
own_v1,O3,h00001,bundle_default_opt_4,True,and,16,16,0
own_v1,O3,h00001,bundle_default_opt_4,True,br,30,30,0
own_v1,O3,h00001,bundle_default_opt_4,True,call,12,12,0
own_v1,O3,h00001,bundle_default_opt_4,True,getelementptr,39,39,0
own_v1,O3,h00001,bundle_default_opt_4,True,icmp,22,22,0
own_v1,O3,h00001,bundle_default_opt_4,True,inttoptr,8,8,0
own_v1,O3,h00001,bundle_default_opt_4,True,load,54,54,0
own_v1,O3,h00001,bundle_default_opt_4,True,lshr,10,10,0
own_v1,O3,h00001,bundle_default_opt_4,True,mul,3,3,0
own_v1,O3,h00001,bundle_default_opt_4,True,or,1,1,0
own_v1,O3,h00001,bundle_default_opt_4,True,phi,28,28,0
own_v1,O3,h00001,bundle_default_opt_4,True,ptrtoint,1,1,0
own_v1,O3,h00001,bundle_default_opt_4,True,ret,9,9,0
own_v1,O3,h00001,bundle_default_opt_4,True,select,10,10,0
own_v1,O3,h00001,bundle_default_opt_4,True,shl,4,4,0
own_v1,O3,h00001,bundle_default_opt_4,True,store,259,258,-1
own_v1,O3,h00001,bundle_default_opt_4,True,switch,1,1,0
own_v1,O3,h00001,bundle_default_opt_4,True,trunc,12,12,0
own_v1,O3,h00001,bundle_default_opt_4,True,xor,18,18,0
own_v1,O3,h00001,bundle_default_opt_4,True,zext,11,11,0
own_v1,O3,h00001,bundle_post_opt_4_custom_cleanup,True,add,22,22,0
own_v1,O3,h00001,bundle_post_opt_4_custom_cleanup,True,alloca,1,1,0
own_v1,O3,h00001,bundle_post_opt_4_custom_cleanup,True,and,16,16,0
own_v1,O3,h00001,bundle_post_opt_4_custom_cleanup,True,br,30,30,0
own_v1,O3,h00001,bundle_post_opt_4_custom_cleanup,True,call,12,12,0
own_v1,O3,h00001,bundle_post_opt_4_custom_cleanup,True,getelementptr,39,39,0
own_v1,O3,h00001,bundle_post_opt_4_custom_cleanup,True,icmp,22,22,0
own_v1,O3,h00001,bundle_post_opt_4_custom_cleanup,True,inttoptr,8,8,0
own_v1,O3,h00001,bundle_post_opt_4_custom_cleanup,True,load,54,54,0
own_v1,O3,h00001,bundle_post_opt_4_custom_cleanup,True,lshr,10,10,0
own_v1,O3,h00001,bundle_post_opt_4_custom_cleanup,True,mul,3,3,0
own_v1,O3,h00001,bundle_post_opt_4_custom_cleanup,True,or,1,1,0
own_v1,O3,h00001,bundle_post_opt_4_custom_cleanup,True,phi,28,28,0
own_v1,O3,h00001,bundle_post_opt_4_custom_cleanup,True,ptrtoint,1,1,0
own_v1,O3,h00001,bundle_post_opt_4_custom_cleanup,True,ret,9,9,0
own_v1,O3,h00001,bundle_post_opt_4_custom_cleanup,True,select,10,10,0
own_v1,O3,h00001,bundle_post_opt_4_custom_cleanup,True,shl,4,4,0
own_v1,O3,h00001,bundle_post_opt_4_custom_cleanup,True,store,258,256,-2
own_v1,O3,h00001,bundle_post_opt_4_custom_cleanup,True,switch,1,1,0
own_v1,O3,h00001,bundle_post_opt_4_custom_cleanup,True,trunc,12,12,0
own_v1,O3,h00001,bundle_post_opt_4_custom_cleanup,True,xor,18,18,0
own_v1,O3,h00001,bundle_post_opt_4_custom_cleanup,True,zext,11,11,0
own_v1,O3,h00002,main_default_opt_1,True,add,58,52,-6
own_v1,O3,h00002,main_default_opt_1,True,alloca,7,5,-2
own_v1,O3,h00002,main_default_opt_1,True,and,20,18,-2
own_v1,O3,h00002,main_default_opt_1,True,br,29,27,-2
own_v1,O3,h00002,main_default_opt_1,True,call,29,17,-12
own_v1,O3,h00002,main_default_opt_1,True,getelementptr,52,35,-17
own_v1,O3,h00002,main_default_opt_1,True,icmp,24,23,-1
own_v1,O3,h00002,main_default_opt_1,True,inttoptr,39,37,-2
own_v1,O3,h00002,main_default_opt_1,True,load,96,79,-17
own_v1,O3,h00002,main_default_opt_1,True,lshr,12,11,-1
own_v1,O3,h00002,main_default_opt_1,True,mul,6,5,-1
own_v1,O3,h00002,main_default_opt_1,True,or,1,1,0
own_v1,O3,h00002,main_default_opt_1,True,phi,27,31,4
own_v1,O3,h00002,main_default_opt_1,True,ptrtoint,4,3,-1
own_v1,O3,h00002,main_default_opt_1,True,ret,11,2,-9
own_v1,O3,h00002,main_default_opt_1,True,sdiv,1,1,0
own_v1,O3,h00002,main_default_opt_1,True,select,8,8,0
own_v1,O3,h00002,main_default_opt_1,True,sext,4,4,0
own_v1,O3,h00002,main_default_opt_1,True,shl,5,5,0
own_v1,O3,h00002,main_default_opt_1,True,store,504,443,-61
own_v1,O3,h00002,main_default_opt_1,True,switch,1,1,0
own_v1,O3,h00002,main_default_opt_1,True,trunc,16,14,-2
own_v1,O3,h00002,main_default_opt_1,True,unreachable,1,1,0
own_v1,O3,h00002,main_default_opt_1,True,xor,24,20,-4
own_v1,O3,h00002,main_default_opt_1,True,zext,23,19,-4
own_v1,O3,h00002,main_default_opt_2,True,add,43,19,-24
own_v1,O3,h00002,main_default_opt_2,True,alloca,4,4,0
own_v1,O3,h00002,main_default_opt_2,True,and,10,6,-4
own_v1,O3,h00002,main_default_opt_2,True,br,27,22,-5
own_v1,O3,h00002,main_default_opt_2,True,call,10,9,-1
own_v1,O3,h00002,main_default_opt_2,True,getelementptr,25,22,-3
own_v1,O3,h00002,main_default_opt_2,True,icmp,20,12,-8
own_v1,O3,h00002,main_default_opt_2,True,inttoptr,39,11,-28
own_v1,O3,h00002,main_default_opt_2,True,load,20,21,1
own_v1,O3,h00002,main_default_opt_2,True,mul,5,5,0
own_v1,O3,h00002,main_default_opt_2,True,or,1,1,0
own_v1,O3,h00002,main_default_opt_2,True,phi,4,4,0
own_v1,O3,h00002,main_default_opt_2,True,ptrtoint,5,3,-2
own_v1,O3,h00002,main_default_opt_2,True,ret,2,2,0
own_v1,O3,h00002,main_default_opt_2,True,sdiv,1,1,0
own_v1,O3,h00002,main_default_opt_2,True,select,12,10,-2
own_v1,O3,h00002,main_default_opt_2,True,sext,4,4,0
own_v1,O3,h00002,main_default_opt_2,True,shl,5,5,0
own_v1,O3,h00002,main_default_opt_2,True,store,59,37,-22
own_v1,O3,h00002,main_default_opt_2,True,sub,4,0,-4
own_v1,O3,h00002,main_default_opt_2,True,switch,1,1,0
own_v1,O3,h00002,main_default_opt_2,True,unreachable,1,1,0
own_v1,O3,h00002,main_default_opt_2,True,xor,6,6,0
own_v1,O3,h00002,main_default_opt_2,True,zext,4,4,0
own_v1,O3,h00002,bundle_default_opt_3,True,add,10,10,0
own_v1,O3,h00002,bundle_default_opt_3,True,alloca,4,4,0
own_v1,O3,h00002,bundle_default_opt_3,True,and,6,6,0
own_v1,O3,h00002,bundle_default_opt_3,True,br,22,22,0
own_v1,O3,h00002,bundle_default_opt_3,True,call,9,9,0
own_v1,O3,h00002,bundle_default_opt_3,True,getelementptr,32,30,-2
own_v1,O3,h00002,bundle_default_opt_3,True,icmp,12,12,0
own_v1,O3,h00002,bundle_default_opt_3,True,inttoptr,1,1,0
own_v1,O3,h00002,bundle_default_opt_3,True,load,21,21,0
own_v1,O3,h00002,bundle_default_opt_3,True,mul,5,5,0
own_v1,O3,h00002,bundle_default_opt_3,True,or,1,1,0
own_v1,O3,h00002,bundle_default_opt_3,True,phi,4,4,0
own_v1,O3,h00002,bundle_default_opt_3,True,ptrtoint,3,3,0
own_v1,O3,h00002,bundle_default_opt_3,True,ret,2,2,0
own_v1,O3,h00002,bundle_default_opt_3,True,sdiv,1,1,0
own_v1,O3,h00002,bundle_default_opt_3,True,select,10,10,0
own_v1,O3,h00002,bundle_default_opt_3,True,sext,4,4,0
own_v1,O3,h00002,bundle_default_opt_3,True,shl,5,5,0
own_v1,O3,h00002,bundle_default_opt_3,True,store,37,37,0
own_v1,O3,h00002,bundle_default_opt_3,True,switch,1,1,0
own_v1,O3,h00002,bundle_default_opt_3,True,unreachable,1,1,0
own_v1,O3,h00002,bundle_default_opt_3,True,xor,6,6,0
own_v1,O3,h00002,bundle_default_opt_3,True,zext,4,4,0
own_v1,O3,h00002,bundle_default_opt_4,True,add,10,10,0
own_v1,O3,h00002,bundle_default_opt_4,True,alloca,4,4,0
own_v1,O3,h00002,bundle_default_opt_4,True,and,6,6,0
own_v1,O3,h00002,bundle_default_opt_4,True,br,22,22,0
own_v1,O3,h00002,bundle_default_opt_4,True,call,9,9,0
own_v1,O3,h00002,bundle_default_opt_4,True,getelementptr,30,30,0
own_v1,O3,h00002,bundle_default_opt_4,True,icmp,12,12,0
own_v1,O3,h00002,bundle_default_opt_4,True,inttoptr,1,1,0
own_v1,O3,h00002,bundle_default_opt_4,True,load,21,21,0
own_v1,O3,h00002,bundle_default_opt_4,True,mul,5,5,0
own_v1,O3,h00002,bundle_default_opt_4,True,or,1,1,0
own_v1,O3,h00002,bundle_default_opt_4,True,phi,4,4,0
own_v1,O3,h00002,bundle_default_opt_4,True,ptrtoint,3,3,0
own_v1,O3,h00002,bundle_default_opt_4,True,ret,2,2,0
own_v1,O3,h00002,bundle_default_opt_4,True,sdiv,1,1,0
own_v1,O3,h00002,bundle_default_opt_4,True,select,10,10,0
own_v1,O3,h00002,bundle_default_opt_4,True,sext,4,4,0
own_v1,O3,h00002,bundle_default_opt_4,True,shl,5,5,0
own_v1,O3,h00002,bundle_default_opt_4,True,store,37,37,0
own_v1,O3,h00002,bundle_default_opt_4,True,switch,1,1,0
own_v1,O3,h00002,bundle_default_opt_4,True,unreachable,1,1,0
own_v1,O3,h00002,bundle_default_opt_4,True,xor,6,6,0
own_v1,O3,h00002,bundle_default_opt_4,True,zext,4,4,0
own_v1,O3,h00002,bundle_post_opt_4_custom_cleanup,True,add,10,10,0
own_v1,O3,h00002,bundle_post_opt_4_custom_cleanup,True,alloca,4,4,0
own_v1,O3,h00002,bundle_post_opt_4_custom_cleanup,True,and,6,6,0
own_v1,O3,h00002,bundle_post_opt_4_custom_cleanup,True,br,22,22,0
own_v1,O3,h00002,bundle_post_opt_4_custom_cleanup,True,call,9,9,0
own_v1,O3,h00002,bundle_post_opt_4_custom_cleanup,True,getelementptr,30,30,0
own_v1,O3,h00002,bundle_post_opt_4_custom_cleanup,True,icmp,12,12,0
own_v1,O3,h00002,bundle_post_opt_4_custom_cleanup,True,inttoptr,1,1,0
own_v1,O3,h00002,bundle_post_opt_4_custom_cleanup,True,load,21,21,0
own_v1,O3,h00002,bundle_post_opt_4_custom_cleanup,True,mul,5,5,0
own_v1,O3,h00002,bundle_post_opt_4_custom_cleanup,True,or,1,1,0
own_v1,O3,h00002,bundle_post_opt_4_custom_cleanup,True,phi,4,4,0
own_v1,O3,h00002,bundle_post_opt_4_custom_cleanup,True,ptrtoint,3,3,0
own_v1,O3,h00002,bundle_post_opt_4_custom_cleanup,True,ret,2,1,-1
own_v1,O3,h00002,bundle_post_opt_4_custom_cleanup,True,sdiv,1,1,0
own_v1,O3,h00002,bundle_post_opt_4_custom_cleanup,True,select,10,10,0
own_v1,O3,h00002,bundle_post_opt_4_custom_cleanup,True,sext,4,4,0
own_v1,O3,h00002,bundle_post_opt_4_custom_cleanup,True,shl,5,5,0
own_v1,O3,h00002,bundle_post_opt_4_custom_cleanup,True,store,37,37,0
own_v1,O3,h00002,bundle_post_opt_4_custom_cleanup,True,switch,1,1,0
own_v1,O3,h00002,bundle_post_opt_4_custom_cleanup,True,unreachable,1,1,0
own_v1,O3,h00002,bundle_post_opt_4_custom_cleanup,True,xor,6,6,0
own_v1,O3,h00002,bundle_post_opt_4_custom_cleanup,True,zext,4,4,0
own_v1,O3,h00003,main_default_opt_1,True,add,27,21,-6
own_v1,O3,h00003,main_default_opt_1,True,alloca,9,7,-2
own_v1,O3,h00003,main_default_opt_1,True,and,18,15,-3
own_v1,O3,h00003,main_default_opt_1,True,ashr,1,1,0
own_v1,O3,h00003,main_default_opt_1,True,br,32,30,-2
own_v1,O3,h00003,main_default_opt_1,True,call,32,21,-11
own_v1,O3,h00003,main_default_opt_1,True,getelementptr,113,95,-18
own_v1,O3,h00003,main_default_opt_1,True,icmp,23,22,-1
own_v1,O3,h00003,main_default_opt_1,True,inttoptr,11,9,-2
own_v1,O3,h00003,main_default_opt_1,True,load,118,100,-18
own_v1,O3,h00003,main_default_opt_1,True,lshr,9,8,-1
own_v1,O3,h00003,main_default_opt_1,True,mul,3,1,-2
own_v1,O3,h00003,main_default_opt_1,True,phi,19,22,3
own_v1,O3,h00003,main_default_opt_1,True,ptrtoint,4,3,-1
own_v1,O3,h00003,main_default_opt_1,True,ret,11,2,-9
own_v1,O3,h00003,main_default_opt_1,True,select,11,11,0
own_v1,O3,h00003,main_default_opt_1,True,sext,1,1,0
own_v1,O3,h00003,main_default_opt_1,True,shl,4,4,0
own_v1,O3,h00003,main_default_opt_1,True,store,658,595,-63
own_v1,O3,h00003,main_default_opt_1,True,sub,4,4,0
own_v1,O3,h00003,main_default_opt_1,True,switch,1,1,0
own_v1,O3,h00003,main_default_opt_1,True,trunc,15,12,-3
own_v1,O3,h00003,main_default_opt_1,True,xor,19,13,-6
own_v1,O3,h00003,main_default_opt_1,True,zext,22,17,-5
own_v1,O3,h00003,main_default_opt_2,True,add,13,10,-3
own_v1,O3,h00003,main_default_opt_2,True,alloca,2,2,0
own_v1,O3,h00003,main_default_opt_2,True,and,5,5,0
own_v1,O3,h00003,main_default_opt_2,True,ashr,1,1,0
own_v1,O3,h00003,main_default_opt_2,True,br,30,30,0
own_v1,O3,h00003,main_default_opt_2,True,call,7,5,-2
own_v1,O3,h00003,main_default_opt_2,True,getelementptr,50,20,-30
own_v1,O3,h00003,main_default_opt_2,True,icmp,13,13,0
own_v1,O3,h00003,main_default_opt_2,True,inttoptr,10,5,-5
own_v1,O3,h00003,main_default_opt_2,True,load,28,30,2
own_v1,O3,h00003,main_default_opt_2,True,mul,1,1,0
own_v1,O3,h00003,main_default_opt_2,True,phi,4,2,-2
own_v1,O3,h00003,main_default_opt_2,True,ptrtoint,1,1,0
own_v1,O3,h00003,main_default_opt_2,True,ret,2,2,0
own_v1,O3,h00003,main_default_opt_2,True,select,11,11,0
own_v1,O3,h00003,main_default_opt_2,True,sext,1,1,0
own_v1,O3,h00003,main_default_opt_2,True,shl,4,4,0
own_v1,O3,h00003,main_default_opt_2,True,store,52,54,2
own_v1,O3,h00003,main_default_opt_2,True,sub,3,3,0
own_v1,O3,h00003,main_default_opt_2,True,switch,1,1,0
own_v1,O3,h00003,main_default_opt_2,True,trunc,1,1,0
own_v1,O3,h00003,main_default_opt_2,True,xor,4,4,0
own_v1,O3,h00003,main_default_opt_2,True,zext,1,1,0
own_v1,O3,h00003,bundle_default_opt_3,True,add,6,6,0
own_v1,O3,h00003,bundle_default_opt_3,True,alloca,2,2,0
own_v1,O3,h00003,bundle_default_opt_3,True,and,5,5,0
own_v1,O3,h00003,bundle_default_opt_3,True,ashr,1,1,0
own_v1,O3,h00003,bundle_default_opt_3,True,br,30,30,0
own_v1,O3,h00003,bundle_default_opt_3,True,call,5,5,0
own_v1,O3,h00003,bundle_default_opt_3,True,getelementptr,24,23,-1
own_v1,O3,h00003,bundle_default_opt_3,True,icmp,13,13,0
own_v1,O3,h00003,bundle_default_opt_3,True,inttoptr,1,1,0
own_v1,O3,h00003,bundle_default_opt_3,True,load,30,30,0
own_v1,O3,h00003,bundle_default_opt_3,True,mul,1,1,0
own_v1,O3,h00003,bundle_default_opt_3,True,phi,2,2,0
own_v1,O3,h00003,bundle_default_opt_3,True,ptrtoint,1,1,0
own_v1,O3,h00003,bundle_default_opt_3,True,ret,2,2,0
own_v1,O3,h00003,bundle_default_opt_3,True,select,11,11,0
own_v1,O3,h00003,bundle_default_opt_3,True,sext,1,1,0
own_v1,O3,h00003,bundle_default_opt_3,True,shl,4,4,0
own_v1,O3,h00003,bundle_default_opt_3,True,store,54,54,0
own_v1,O3,h00003,bundle_default_opt_3,True,sub,3,3,0
own_v1,O3,h00003,bundle_default_opt_3,True,switch,1,1,0
own_v1,O3,h00003,bundle_default_opt_3,True,trunc,1,1,0
own_v1,O3,h00003,bundle_default_opt_3,True,xor,4,4,0
own_v1,O3,h00003,bundle_default_opt_3,True,zext,1,1,0
own_v1,O3,h00003,bundle_default_opt_4,True,add,6,6,0
own_v1,O3,h00003,bundle_default_opt_4,True,alloca,2,2,0
own_v1,O3,h00003,bundle_default_opt_4,True,and,5,5,0
own_v1,O3,h00003,bundle_default_opt_4,True,ashr,1,1,0
own_v1,O3,h00003,bundle_default_opt_4,True,br,30,30,0
own_v1,O3,h00003,bundle_default_opt_4,True,call,5,5,0
own_v1,O3,h00003,bundle_default_opt_4,True,getelementptr,23,23,0
own_v1,O3,h00003,bundle_default_opt_4,True,icmp,13,13,0
own_v1,O3,h00003,bundle_default_opt_4,True,inttoptr,1,1,0
own_v1,O3,h00003,bundle_default_opt_4,True,load,30,30,0
own_v1,O3,h00003,bundle_default_opt_4,True,mul,1,1,0
own_v1,O3,h00003,bundle_default_opt_4,True,phi,2,2,0
own_v1,O3,h00003,bundle_default_opt_4,True,ptrtoint,1,1,0
own_v1,O3,h00003,bundle_default_opt_4,True,ret,2,2,0
own_v1,O3,h00003,bundle_default_opt_4,True,select,11,11,0
own_v1,O3,h00003,bundle_default_opt_4,True,sext,1,1,0
own_v1,O3,h00003,bundle_default_opt_4,True,shl,4,4,0
own_v1,O3,h00003,bundle_default_opt_4,True,store,54,54,0
own_v1,O3,h00003,bundle_default_opt_4,True,sub,3,3,0
own_v1,O3,h00003,bundle_default_opt_4,True,switch,1,1,0
own_v1,O3,h00003,bundle_default_opt_4,True,trunc,1,1,0
own_v1,O3,h00003,bundle_default_opt_4,True,xor,4,4,0
own_v1,O3,h00003,bundle_default_opt_4,True,zext,1,1,0
own_v1,O3,h00003,bundle_post_opt_4_custom_cleanup,True,add,6,6,0
own_v1,O3,h00003,bundle_post_opt_4_custom_cleanup,True,alloca,2,2,0
own_v1,O3,h00003,bundle_post_opt_4_custom_cleanup,True,and,5,5,0
own_v1,O3,h00003,bundle_post_opt_4_custom_cleanup,True,ashr,1,1,0
own_v1,O3,h00003,bundle_post_opt_4_custom_cleanup,True,br,30,30,0
own_v1,O3,h00003,bundle_post_opt_4_custom_cleanup,True,call,5,5,0
own_v1,O3,h00003,bundle_post_opt_4_custom_cleanup,True,getelementptr,23,23,0
own_v1,O3,h00003,bundle_post_opt_4_custom_cleanup,True,icmp,13,13,0
own_v1,O3,h00003,bundle_post_opt_4_custom_cleanup,True,inttoptr,1,1,0
own_v1,O3,h00003,bundle_post_opt_4_custom_cleanup,True,load,30,30,0
own_v1,O3,h00003,bundle_post_opt_4_custom_cleanup,True,mul,1,1,0
own_v1,O3,h00003,bundle_post_opt_4_custom_cleanup,True,phi,2,2,0
own_v1,O3,h00003,bundle_post_opt_4_custom_cleanup,True,ptrtoint,1,1,0
own_v1,O3,h00003,bundle_post_opt_4_custom_cleanup,True,ret,2,1,-1
own_v1,O3,h00003,bundle_post_opt_4_custom_cleanup,True,select,11,11,0
own_v1,O3,h00003,bundle_post_opt_4_custom_cleanup,True,sext,1,1,0
own_v1,O3,h00003,bundle_post_opt_4_custom_cleanup,True,shl,4,4,0
own_v1,O3,h00003,bundle_post_opt_4_custom_cleanup,True,store,54,54,0
own_v1,O3,h00003,bundle_post_opt_4_custom_cleanup,True,sub,3,3,0
own_v1,O3,h00003,bundle_post_opt_4_custom_cleanup,True,switch,1,1,0
own_v1,O3,h00003,bundle_post_opt_4_custom_cleanup,True,trunc,1,1,0
own_v1,O3,h00003,bundle_post_opt_4_custom_cleanup,True,xor,4,4,0
own_v1,O3,h00003,bundle_post_opt_4_custom_cleanup,True,zext,1,1,0
own_v1,O3,h00004,main_default_opt_1,True,add,63,63,0
own_v1,O3,h00004,main_default_opt_1,True,alloca,7,5,-2
own_v1,O3,h00004,main_default_opt_1,True,and,28,27,-1
own_v1,O3,h00004,main_default_opt_1,True,br,28,24,-4
own_v1,O3,h00004,main_default_opt_1,True,call,35,28,-7
own_v1,O3,h00004,main_default_opt_1,True,getelementptr,86,62,-24
own_v1,O3,h00004,main_default_opt_1,True,icmp,25,25,0
own_v1,O3,h00004,main_default_opt_1,True,inttoptr,30,30,0
own_v1,O3,h00004,main_default_opt_1,True,load,160,129,-31
own_v1,O3,h00004,main_default_opt_1,True,lshr,11,11,0
own_v1,O3,h00004,main_default_opt_1,True,mul,7,7,0
own_v1,O3,h00004,main_default_opt_1,True,or,1,1,0
own_v1,O3,h00004,main_default_opt_1,True,phi,25,33,8
own_v1,O3,h00004,main_default_opt_1,True,ptrtoint,4,4,0
own_v1,O3,h00004,main_default_opt_1,True,ret,12,9,-3
own_v1,O3,h00004,main_default_opt_1,True,select,14,14,0
own_v1,O3,h00004,main_default_opt_1,True,shl,6,5,-1
own_v1,O3,h00004,main_default_opt_1,True,store,539,512,-27
own_v1,O3,h00004,main_default_opt_1,True,sub,1,1,0
own_v1,O3,h00004,main_default_opt_1,True,switch,3,1,-2
own_v1,O3,h00004,main_default_opt_1,True,trunc,28,23,-5
own_v1,O3,h00004,main_default_opt_1,True,xor,29,29,0
own_v1,O3,h00004,main_default_opt_1,True,zext,40,36,-4
own_v1,O3,h00004,main_default_opt_2,True,add,54,70,16
own_v1,O3,h00004,main_default_opt_2,True,alloca,5,5,0
own_v1,O3,h00004,main_default_opt_2,True,and,43,27,-16
own_v1,O3,h00004,main_default_opt_2,True,br,24,24,0
own_v1,O3,h00004,main_default_opt_2,True,call,28,28,0
own_v1,O3,h00004,main_default_opt_2,True,getelementptr,91,87,-4
own_v1,O3,h00004,main_default_opt_2,True,icmp,57,41,-16
own_v1,O3,h00004,main_default_opt_2,True,inttoptr,25,25,0
own_v1,O3,h00004,main_default_opt_2,True,load,129,129,0
own_v1,O3,h00004,main_default_opt_2,True,lshr,11,11,0
own_v1,O3,h00004,main_default_opt_2,True,mul,7,7,0
own_v1,O3,h00004,main_default_opt_2,True,or,1,1,0
own_v1,O3,h00004,main_default_opt_2,True,phi,33,33,0
own_v1,O3,h00004,main_default_opt_2,True,ptrtoint,12,12,0
own_v1,O3,h00004,main_default_opt_2,True,ret,9,9,0
own_v1,O3,h00004,main_default_opt_2,True,select,30,30,0
own_v1,O3,h00004,main_default_opt_2,True,shl,5,5,0
own_v1,O3,h00004,main_default_opt_2,True,store,512,512,0
own_v1,O3,h00004,main_default_opt_2,True,sub,17,1,-16
own_v1,O3,h00004,main_default_opt_2,True,switch,1,1,0
own_v1,O3,h00004,main_default_opt_2,True,trunc,23,23,0
own_v1,O3,h00004,main_default_opt_2,True,xor,29,29,0
own_v1,O3,h00004,main_default_opt_2,True,zext,36,36,0
own_v1,O3,h00004,bundle_default_opt_3,True,add,60,60,0
own_v1,O3,h00004,bundle_default_opt_3,True,alloca,5,5,0
own_v1,O3,h00004,bundle_default_opt_3,True,and,31,29,-2
own_v1,O3,h00004,bundle_default_opt_3,True,br,24,24,0
own_v1,O3,h00004,bundle_default_opt_3,True,call,33,30,-3
own_v1,O3,h00004,bundle_default_opt_3,True,getelementptr,77,77,0
own_v1,O3,h00004,bundle_default_opt_3,True,icmp,31,31,0
own_v1,O3,h00004,bundle_default_opt_3,True,inttoptr,20,20,0
own_v1,O3,h00004,bundle_default_opt_3,True,load,133,97,-36
own_v1,O3,h00004,bundle_default_opt_3,True,lshr,11,10,-1
own_v1,O3,h00004,bundle_default_opt_3,True,mul,7,7,0
own_v1,O3,h00004,bundle_default_opt_3,True,or,5,5,0
own_v1,O3,h00004,bundle_default_opt_3,True,phi,33,33,0
own_v1,O3,h00004,bundle_default_opt_3,True,ptrtoint,11,9,-2
own_v1,O3,h00004,bundle_default_opt_3,True,ret,10,10,0
own_v1,O3,h00004,bundle_default_opt_3,True,select,20,20,0
own_v1,O3,h00004,bundle_default_opt_3,True,shl,5,5,0
own_v1,O3,h00004,bundle_default_opt_3,True,store,511,408,-103
own_v1,O3,h00004,bundle_default_opt_3,True,sub,1,1,0
own_v1,O3,h00004,bundle_default_opt_3,True,switch,1,1,0
own_v1,O3,h00004,bundle_default_opt_3,True,trunc,23,21,-2
own_v1,O3,h00004,bundle_default_opt_3,True,xor,29,26,-3
own_v1,O3,h00004,bundle_default_opt_3,True,zext,36,35,-1
own_v1,O3,h00004,bundle_default_opt_4,True,add,60,59,-1
own_v1,O3,h00004,bundle_default_opt_4,True,alloca,5,5,0
own_v1,O3,h00004,bundle_default_opt_4,True,and,29,28,-1
own_v1,O3,h00004,bundle_default_opt_4,True,br,24,24,0
own_v1,O3,h00004,bundle_default_opt_4,True,call,30,30,0
own_v1,O3,h00004,bundle_default_opt_4,True,getelementptr,77,77,0
own_v1,O3,h00004,bundle_default_opt_4,True,icmp,31,29,-2
own_v1,O3,h00004,bundle_default_opt_4,True,inttoptr,20,20,0
own_v1,O3,h00004,bundle_default_opt_4,True,load,97,97,0
own_v1,O3,h00004,bundle_default_opt_4,True,lshr,10,9,-1
own_v1,O3,h00004,bundle_default_opt_4,True,mul,7,7,0
own_v1,O3,h00004,bundle_default_opt_4,True,or,5,5,0
own_v1,O3,h00004,bundle_default_opt_4,True,phi,33,33,0
own_v1,O3,h00004,bundle_default_opt_4,True,ptrtoint,9,9,0
own_v1,O3,h00004,bundle_default_opt_4,True,ret,10,10,0
own_v1,O3,h00004,bundle_default_opt_4,True,select,20,20,0
own_v1,O3,h00004,bundle_default_opt_4,True,shl,5,5,0
own_v1,O3,h00004,bundle_default_opt_4,True,store,408,407,-1
own_v1,O3,h00004,bundle_default_opt_4,True,sub,1,1,0
own_v1,O3,h00004,bundle_default_opt_4,True,switch,1,1,0
own_v1,O3,h00004,bundle_default_opt_4,True,trunc,21,21,0
own_v1,O3,h00004,bundle_default_opt_4,True,xor,26,25,-1
own_v1,O3,h00004,bundle_default_opt_4,True,zext,35,33,-2
own_v1,O3,h00004,bundle_post_opt_4_custom_cleanup,True,add,59,59,0
own_v1,O3,h00004,bundle_post_opt_4_custom_cleanup,True,alloca,5,5,0
own_v1,O3,h00004,bundle_post_opt_4_custom_cleanup,True,and,28,28,0
own_v1,O3,h00004,bundle_post_opt_4_custom_cleanup,True,br,24,24,0
own_v1,O3,h00004,bundle_post_opt_4_custom_cleanup,True,call,30,30,0
own_v1,O3,h00004,bundle_post_opt_4_custom_cleanup,True,getelementptr,77,77,0
own_v1,O3,h00004,bundle_post_opt_4_custom_cleanup,True,icmp,29,29,0
own_v1,O3,h00004,bundle_post_opt_4_custom_cleanup,True,inttoptr,20,20,0
own_v1,O3,h00004,bundle_post_opt_4_custom_cleanup,True,load,97,97,0
own_v1,O3,h00004,bundle_post_opt_4_custom_cleanup,True,lshr,9,9,0
own_v1,O3,h00004,bundle_post_opt_4_custom_cleanup,True,mul,7,7,0
own_v1,O3,h00004,bundle_post_opt_4_custom_cleanup,True,or,5,5,0
own_v1,O3,h00004,bundle_post_opt_4_custom_cleanup,True,phi,33,33,0
own_v1,O3,h00004,bundle_post_opt_4_custom_cleanup,True,ptrtoint,9,9,0
own_v1,O3,h00004,bundle_post_opt_4_custom_cleanup,True,ret,10,10,0
own_v1,O3,h00004,bundle_post_opt_4_custom_cleanup,True,select,20,20,0
own_v1,O3,h00004,bundle_post_opt_4_custom_cleanup,True,shl,5,5,0
own_v1,O3,h00004,bundle_post_opt_4_custom_cleanup,True,store,407,407,0
own_v1,O3,h00004,bundle_post_opt_4_custom_cleanup,True,sub,1,1,0
own_v1,O3,h00004,bundle_post_opt_4_custom_cleanup,True,switch,1,1,0
own_v1,O3,h00004,bundle_post_opt_4_custom_cleanup,True,trunc,21,21,0
own_v1,O3,h00004,bundle_post_opt_4_custom_cleanup,True,xor,25,25,0
own_v1,O3,h00004,bundle_post_opt_4_custom_cleanup,True,zext,33,33,0
own_v1,O3,h00005,main_default_opt_1,True,add,33,33,0
own_v1,O3,h00005,main_default_opt_1,True,alloca,3,1,-2
own_v1,O3,h00005,main_default_opt_1,True,and,17,17,0
own_v1,O3,h00005,main_default_opt_1,True,br,20,21,1
own_v1,O3,h00005,main_default_opt_1,True,call,20,13,-7
own_v1,O3,h00005,main_default_opt_1,True,getelementptr,59,43,-16
own_v1,O3,h00005,main_default_opt_1,True,icmp,22,22,0
own_v1,O3,h00005,main_default_opt_1,True,inttoptr,16,16,0
own_v1,O3,h00005,main_default_opt_1,True,load,83,81,-2
own_v1,O3,h00005,main_default_opt_1,True,lshr,8,8,0
own_v1,O3,h00005,main_default_opt_1,True,mul,2,2,0
own_v1,O3,h00005,main_default_opt_1,True,phi,26,37,11
own_v1,O3,h00005,main_default_opt_1,True,ptrtoint,5,5,0
own_v1,O3,h00005,main_default_opt_1,True,ret,11,8,-3
own_v1,O3,h00005,main_default_opt_1,True,select,11,11,0
own_v1,O3,h00005,main_default_opt_1,True,sext,3,4,1
own_v1,O3,h00005,main_default_opt_1,True,shl,3,3,0
own_v1,O3,h00005,main_default_opt_1,True,store,438,415,-23
own_v1,O3,h00005,main_default_opt_1,True,switch,1,1,0
own_v1,O3,h00005,main_default_opt_1,True,trunc,16,12,-4
own_v1,O3,h00005,main_default_opt_1,True,xor,18,18,0
own_v1,O3,h00005,main_default_opt_1,True,zext,21,19,-2
own_v1,O3,h00005,main_default_opt_2,True,add,30,30,0
own_v1,O3,h00005,main_default_opt_2,True,alloca,1,1,0
own_v1,O3,h00005,main_default_opt_2,True,and,19,17,-2
own_v1,O3,h00005,main_default_opt_2,True,br,21,21,0
own_v1,O3,h00005,main_default_opt_2,True,call,13,13,0
own_v1,O3,h00005,main_default_opt_2,True,getelementptr,44,41,-3
own_v1,O3,h00005,main_default_opt_2,True,icmp,24,20,-4
own_v1,O3,h00005,main_default_opt_2,True,inttoptr,13,13,0
own_v1,O3,h00005,main_default_opt_2,True,load,81,81,0
own_v1,O3,h00005,main_default_opt_2,True,lshr,8,8,0
own_v1,O3,h00005,main_default_opt_2,True,mul,2,2,0
own_v1,O3,h00005,main_default_opt_2,True,phi,37,37,0
own_v1,O3,h00005,main_default_opt_2,True,ptrtoint,5,5,0
own_v1,O3,h00005,main_default_opt_2,True,ret,8,8,0
own_v1,O3,h00005,main_default_opt_2,True,select,11,11,0
own_v1,O3,h00005,main_default_opt_2,True,sext,4,4,0
own_v1,O3,h00005,main_default_opt_2,True,shl,3,3,0
own_v1,O3,h00005,main_default_opt_2,True,store,415,414,-1
own_v1,O3,h00005,main_default_opt_2,True,sub,2,0,-2
own_v1,O3,h00005,main_default_opt_2,True,switch,1,1,0
own_v1,O3,h00005,main_default_opt_2,True,trunc,12,12,0
own_v1,O3,h00005,main_default_opt_2,True,xor,18,18,0
own_v1,O3,h00005,main_default_opt_2,True,zext,19,19,0
own_v1,O3,h00005,bundle_default_opt_3,True,add,27,27,0
own_v1,O3,h00005,bundle_default_opt_3,True,alloca,1,1,0
own_v1,O3,h00005,bundle_default_opt_3,True,and,17,17,0
own_v1,O3,h00005,bundle_default_opt_3,True,br,21,21,0
own_v1,O3,h00005,bundle_default_opt_3,True,call,14,14,0
own_v1,O3,h00005,bundle_default_opt_3,True,getelementptr,35,35,0
own_v1,O3,h00005,bundle_default_opt_3,True,icmp,18,18,0
own_v1,O3,h00005,bundle_default_opt_3,True,inttoptr,12,12,0
own_v1,O3,h00005,bundle_default_opt_3,True,load,81,71,-10
own_v1,O3,h00005,bundle_default_opt_3,True,lshr,8,8,0
own_v1,O3,h00005,bundle_default_opt_3,True,mul,2,2,0
own_v1,O3,h00005,bundle_default_opt_3,True,phi,32,32,0
own_v1,O3,h00005,bundle_default_opt_3,True,ptrtoint,4,2,-2
own_v1,O3,h00005,bundle_default_opt_3,True,ret,9,9,0
own_v1,O3,h00005,bundle_default_opt_3,True,select,7,7,0
own_v1,O3,h00005,bundle_default_opt_3,True,sext,4,4,0
own_v1,O3,h00005,bundle_default_opt_3,True,shl,3,3,0
own_v1,O3,h00005,bundle_default_opt_3,True,store,360,287,-73
own_v1,O3,h00005,bundle_default_opt_3,True,switch,1,1,0
own_v1,O3,h00005,bundle_default_opt_3,True,trunc,12,12,0
own_v1,O3,h00005,bundle_default_opt_3,True,xor,18,18,0
own_v1,O3,h00005,bundle_default_opt_3,True,zext,15,14,-1
own_v1,O3,h00005,bundle_default_opt_4,True,add,27,27,0
own_v1,O3,h00005,bundle_default_opt_4,True,alloca,1,1,0
own_v1,O3,h00005,bundle_default_opt_4,True,and,17,17,0
own_v1,O3,h00005,bundle_default_opt_4,True,br,21,21,0
own_v1,O3,h00005,bundle_default_opt_4,True,call,14,14,0
own_v1,O3,h00005,bundle_default_opt_4,True,getelementptr,35,35,0
own_v1,O3,h00005,bundle_default_opt_4,True,icmp,18,18,0
own_v1,O3,h00005,bundle_default_opt_4,True,inttoptr,12,12,0
own_v1,O3,h00005,bundle_default_opt_4,True,load,71,71,0
own_v1,O3,h00005,bundle_default_opt_4,True,lshr,8,8,0
own_v1,O3,h00005,bundle_default_opt_4,True,mul,2,2,0
own_v1,O3,h00005,bundle_default_opt_4,True,phi,32,32,0
own_v1,O3,h00005,bundle_default_opt_4,True,ptrtoint,2,2,0
own_v1,O3,h00005,bundle_default_opt_4,True,ret,9,9,0
own_v1,O3,h00005,bundle_default_opt_4,True,select,7,7,0
own_v1,O3,h00005,bundle_default_opt_4,True,sext,4,4,0
own_v1,O3,h00005,bundle_default_opt_4,True,shl,3,3,0
own_v1,O3,h00005,bundle_default_opt_4,True,store,287,283,-4
own_v1,O3,h00005,bundle_default_opt_4,True,switch,1,1,0
own_v1,O3,h00005,bundle_default_opt_4,True,trunc,12,12,0
own_v1,O3,h00005,bundle_default_opt_4,True,xor,18,18,0
own_v1,O3,h00005,bundle_default_opt_4,True,zext,14,14,0
own_v1,O3,h00005,bundle_post_opt_4_custom_cleanup,True,add,27,27,0
own_v1,O3,h00005,bundle_post_opt_4_custom_cleanup,True,alloca,1,1,0
own_v1,O3,h00005,bundle_post_opt_4_custom_cleanup,True,and,17,17,0
own_v1,O3,h00005,bundle_post_opt_4_custom_cleanup,True,br,21,21,0
own_v1,O3,h00005,bundle_post_opt_4_custom_cleanup,True,call,14,14,0
own_v1,O3,h00005,bundle_post_opt_4_custom_cleanup,True,getelementptr,35,35,0
own_v1,O3,h00005,bundle_post_opt_4_custom_cleanup,True,icmp,18,18,0
own_v1,O3,h00005,bundle_post_opt_4_custom_cleanup,True,inttoptr,12,12,0
own_v1,O3,h00005,bundle_post_opt_4_custom_cleanup,True,load,71,71,0
own_v1,O3,h00005,bundle_post_opt_4_custom_cleanup,True,lshr,8,8,0
own_v1,O3,h00005,bundle_post_opt_4_custom_cleanup,True,mul,2,2,0
own_v1,O3,h00005,bundle_post_opt_4_custom_cleanup,True,phi,32,32,0
own_v1,O3,h00005,bundle_post_opt_4_custom_cleanup,True,ptrtoint,2,2,0
own_v1,O3,h00005,bundle_post_opt_4_custom_cleanup,True,ret,9,9,0
own_v1,O3,h00005,bundle_post_opt_4_custom_cleanup,True,select,7,7,0
own_v1,O3,h00005,bundle_post_opt_4_custom_cleanup,True,sext,4,4,0
own_v1,O3,h00005,bundle_post_opt_4_custom_cleanup,True,shl,3,3,0
own_v1,O3,h00005,bundle_post_opt_4_custom_cleanup,True,store,283,283,0
own_v1,O3,h00005,bundle_post_opt_4_custom_cleanup,True,switch,1,1,0
own_v1,O3,h00005,bundle_post_opt_4_custom_cleanup,True,trunc,12,12,0
own_v1,O3,h00005,bundle_post_opt_4_custom_cleanup,True,xor,18,18,0
own_v1,O3,h00005,bundle_post_opt_4_custom_cleanup,True,zext,14,14,0
own_v1,O3,h00006,main_default_opt_1,True,add,37,37,0
own_v1,O3,h00006,main_default_opt_1,True,alloca,3,1,-2
own_v1,O3,h00006,main_default_opt_1,True,and,25,25,0
own_v1,O3,h00006,main_default_opt_1,True,br,34,35,1
own_v1,O3,h00006,main_default_opt_1,True,call,18,12,-6
own_v1,O3,h00006,main_default_opt_1,True,getelementptr,74,54,-20
own_v1,O3,h00006,main_default_opt_1,True,icmp,27,27,0
own_v1,O3,h00006,main_default_opt_1,True,inttoptr,12,12,0
own_v1,O3,h00006,main_default_opt_1,True,load,76,74,-2
own_v1,O3,h00006,main_default_opt_1,True,lshr,9,9,0
own_v1,O3,h00006,main_default_opt_1,True,phi,19,30,11
own_v1,O3,h00006,main_default_opt_1,True,ptrtoint,5,5,0
own_v1,O3,h00006,main_default_opt_1,True,ret,11,8,-3
own_v1,O3,h00006,main_default_opt_1,True,select,16,16,0
own_v1,O3,h00006,main_default_opt_1,True,sext,5,5,0
own_v1,O3,h00006,main_default_opt_1,True,shl,13,13,0
own_v1,O3,h00006,main_default_opt_1,True,store,600,572,-28
own_v1,O3,h00006,main_default_opt_1,True,switch,1,1,0
own_v1,O3,h00006,main_default_opt_1,True,trunc,14,10,-4
own_v1,O3,h00006,main_default_opt_1,True,xor,23,22,-1
own_v1,O3,h00006,main_default_opt_1,True,zext,20,18,-2
own_v1,O3,h00006,main_default_opt_2,True,add,34,34,0
own_v1,O3,h00006,main_default_opt_2,True,alloca,1,1,0
own_v1,O3,h00006,main_default_opt_2,True,and,27,25,-2
own_v1,O3,h00006,main_default_opt_2,True,br,35,35,0
own_v1,O3,h00006,main_default_opt_2,True,call,12,12,0
own_v1,O3,h00006,main_default_opt_2,True,getelementptr,56,53,-3
own_v1,O3,h00006,main_default_opt_2,True,icmp,29,25,-4
own_v1,O3,h00006,main_default_opt_2,True,inttoptr,10,10,0
own_v1,O3,h00006,main_default_opt_2,True,load,74,74,0
own_v1,O3,h00006,main_default_opt_2,True,lshr,9,9,0
own_v1,O3,h00006,main_default_opt_2,True,phi,32,32,0
own_v1,O3,h00006,main_default_opt_2,True,ptrtoint,5,5,0
own_v1,O3,h00006,main_default_opt_2,True,ret,8,8,0
own_v1,O3,h00006,main_default_opt_2,True,select,16,16,0
own_v1,O3,h00006,main_default_opt_2,True,sext,5,5,0
own_v1,O3,h00006,main_default_opt_2,True,shl,13,13,0
own_v1,O3,h00006,main_default_opt_2,True,store,572,566,-6
own_v1,O3,h00006,main_default_opt_2,True,sub,2,0,-2
own_v1,O3,h00006,main_default_opt_2,True,switch,1,1,0
own_v1,O3,h00006,main_default_opt_2,True,trunc,10,10,0
own_v1,O3,h00006,main_default_opt_2,True,xor,22,22,0
own_v1,O3,h00006,main_default_opt_2,True,zext,18,18,0
own_v1,O3,h00006,bundle_default_opt_3,True,add,31,31,0
own_v1,O3,h00006,bundle_default_opt_3,True,alloca,1,1,0
own_v1,O3,h00006,bundle_default_opt_3,True,and,19,19,0
own_v1,O3,h00006,bundle_default_opt_3,True,br,35,35,0
own_v1,O3,h00006,bundle_default_opt_3,True,call,13,13,0
own_v1,O3,h00006,bundle_default_opt_3,True,getelementptr,47,47,0
own_v1,O3,h00006,bundle_default_opt_3,True,icmp,23,23,0
own_v1,O3,h00006,bundle_default_opt_3,True,inttoptr,9,9,0
own_v1,O3,h00006,bundle_default_opt_3,True,load,74,64,-10
own_v1,O3,h00006,bundle_default_opt_3,True,lshr,9,9,0
own_v1,O3,h00006,bundle_default_opt_3,True,phi,24,24,0
own_v1,O3,h00006,bundle_default_opt_3,True,ptrtoint,1,1,0
own_v1,O3,h00006,bundle_default_opt_3,True,ret,9,9,0
own_v1,O3,h00006,bundle_default_opt_3,True,select,12,12,0
own_v1,O3,h00006,bundle_default_opt_3,True,shl,13,13,0
own_v1,O3,h00006,bundle_default_opt_3,True,store,419,310,-109
own_v1,O3,h00006,bundle_default_opt_3,True,switch,1,1,0
own_v1,O3,h00006,bundle_default_opt_3,True,trunc,10,10,0
own_v1,O3,h00006,bundle_default_opt_3,True,xor,22,22,0
own_v1,O3,h00006,bundle_default_opt_3,True,zext,12,12,0
own_v1,O3,h00006,bundle_default_opt_4,True,add,31,31,0
own_v1,O3,h00006,bundle_default_opt_4,True,alloca,1,1,0
own_v1,O3,h00006,bundle_default_opt_4,True,and,19,19,0
own_v1,O3,h00006,bundle_default_opt_4,True,br,35,35,0
own_v1,O3,h00006,bundle_default_opt_4,True,call,13,13,0
own_v1,O3,h00006,bundle_default_opt_4,True,getelementptr,47,47,0
own_v1,O3,h00006,bundle_default_opt_4,True,icmp,23,23,0
own_v1,O3,h00006,bundle_default_opt_4,True,inttoptr,9,9,0
own_v1,O3,h00006,bundle_default_opt_4,True,load,64,64,0
own_v1,O3,h00006,bundle_default_opt_4,True,lshr,9,9,0
own_v1,O3,h00006,bundle_default_opt_4,True,phi,24,24,0
own_v1,O3,h00006,bundle_default_opt_4,True,ptrtoint,1,1,0
own_v1,O3,h00006,bundle_default_opt_4,True,ret,9,9,0
own_v1,O3,h00006,bundle_default_opt_4,True,select,12,12,0
own_v1,O3,h00006,bundle_default_opt_4,True,shl,13,13,0
own_v1,O3,h00006,bundle_default_opt_4,True,store,310,284,-26
own_v1,O3,h00006,bundle_default_opt_4,True,switch,1,1,0
own_v1,O3,h00006,bundle_default_opt_4,True,trunc,10,10,0
own_v1,O3,h00006,bundle_default_opt_4,True,xor,22,22,0
own_v1,O3,h00006,bundle_default_opt_4,True,zext,12,12,0
own_v1,O3,h00006,bundle_post_opt_4_custom_cleanup,True,add,31,31,0
own_v1,O3,h00006,bundle_post_opt_4_custom_cleanup,True,alloca,1,1,0
own_v1,O3,h00006,bundle_post_opt_4_custom_cleanup,True,and,19,19,0
own_v1,O3,h00006,bundle_post_opt_4_custom_cleanup,True,br,35,35,0
own_v1,O3,h00006,bundle_post_opt_4_custom_cleanup,True,call,13,13,0
own_v1,O3,h00006,bundle_post_opt_4_custom_cleanup,True,getelementptr,47,47,0
own_v1,O3,h00006,bundle_post_opt_4_custom_cleanup,True,icmp,23,23,0
own_v1,O3,h00006,bundle_post_opt_4_custom_cleanup,True,inttoptr,9,9,0
own_v1,O3,h00006,bundle_post_opt_4_custom_cleanup,True,load,64,64,0
own_v1,O3,h00006,bundle_post_opt_4_custom_cleanup,True,lshr,9,9,0
own_v1,O3,h00006,bundle_post_opt_4_custom_cleanup,True,phi,24,24,0
own_v1,O3,h00006,bundle_post_opt_4_custom_cleanup,True,ptrtoint,1,1,0
own_v1,O3,h00006,bundle_post_opt_4_custom_cleanup,True,ret,9,9,0
own_v1,O3,h00006,bundle_post_opt_4_custom_cleanup,True,select,12,12,0
own_v1,O3,h00006,bundle_post_opt_4_custom_cleanup,True,shl,13,13,0
own_v1,O3,h00006,bundle_post_opt_4_custom_cleanup,True,store,284,277,-7
own_v1,O3,h00006,bundle_post_opt_4_custom_cleanup,True,switch,1,1,0
own_v1,O3,h00006,bundle_post_opt_4_custom_cleanup,True,trunc,10,10,0
own_v1,O3,h00006,bundle_post_opt_4_custom_cleanup,True,xor,22,22,0
own_v1,O3,h00006,bundle_post_opt_4_custom_cleanup,True,zext,12,12,0
own_v1,O3,h00007,main_default_opt_1,True,add,48,44,-4
own_v1,O3,h00007,main_default_opt_1,True,alloca,3,1,-2
own_v1,O3,h00007,main_default_opt_1,True,and,20,19,-1
own_v1,O3,h00007,main_default_opt_1,True,br,32,28,-4
own_v1,O3,h00007,main_default_opt_1,True,call,19,12,-7
own_v1,O3,h00007,main_default_opt_1,True,getelementptr,57,41,-16
own_v1,O3,h00007,main_default_opt_1,True,icmp,26,26,0
own_v1,O3,h00007,main_default_opt_1,True,inttoptr,25,20,-5
own_v1,O3,h00007,main_default_opt_1,True,load,104,99,-5
own_v1,O3,h00007,main_default_opt_1,True,lshr,8,8,0
own_v1,O3,h00007,main_default_opt_1,True,mul,4,4,0
own_v1,O3,h00007,main_default_opt_1,True,phi,51,50,-1
own_v1,O3,h00007,main_default_opt_1,True,ptrtoint,5,5,0
own_v1,O3,h00007,main_default_opt_1,True,ret,12,9,-3
own_v1,O3,h00007,main_default_opt_1,True,select,16,16,0
own_v1,O3,h00007,main_default_opt_1,True,sext,1,1,0
own_v1,O3,h00007,main_default_opt_1,True,shl,6,6,0
own_v1,O3,h00007,main_default_opt_1,True,store,627,529,-98
own_v1,O3,h00007,main_default_opt_1,True,switch,2,2,0
own_v1,O3,h00007,main_default_opt_1,True,trunc,18,14,-4
own_v1,O3,h00007,main_default_opt_1,True,xor,20,20,0
own_v1,O3,h00007,main_default_opt_1,True,zext,40,35,-5
own_v1,O3,h00007,main_default_opt_2,True,add,41,41,0
own_v1,O3,h00007,main_default_opt_2,True,alloca,1,1,0
own_v1,O3,h00007,main_default_opt_2,True,and,21,19,-2
own_v1,O3,h00007,main_default_opt_2,True,br,28,28,0
own_v1,O3,h00007,main_default_opt_2,True,call,12,12,0
own_v1,O3,h00007,main_default_opt_2,True,getelementptr,43,40,-3
own_v1,O3,h00007,main_default_opt_2,True,icmp,28,24,-4
own_v1,O3,h00007,main_default_opt_2,True,inttoptr,18,18,0
own_v1,O3,h00007,main_default_opt_2,True,load,99,99,0
own_v1,O3,h00007,main_default_opt_2,True,lshr,8,8,0
own_v1,O3,h00007,main_default_opt_2,True,mul,4,4,0
own_v1,O3,h00007,main_default_opt_2,True,phi,52,52,0
own_v1,O3,h00007,main_default_opt_2,True,ptrtoint,5,5,0
own_v1,O3,h00007,main_default_opt_2,True,ret,9,9,0
own_v1,O3,h00007,main_default_opt_2,True,select,16,16,0
own_v1,O3,h00007,main_default_opt_2,True,sext,1,1,0
own_v1,O3,h00007,main_default_opt_2,True,shl,6,6,0
own_v1,O3,h00007,main_default_opt_2,True,store,529,516,-13
own_v1,O3,h00007,main_default_opt_2,True,sub,2,0,-2
own_v1,O3,h00007,main_default_opt_2,True,switch,2,2,0
own_v1,O3,h00007,main_default_opt_2,True,trunc,14,14,0
own_v1,O3,h00007,main_default_opt_2,True,xor,20,20,0
own_v1,O3,h00007,main_default_opt_2,True,zext,35,35,0
own_v1,O3,h00007,bundle_default_opt_3,True,add,39,39,0
own_v1,O3,h00007,bundle_default_opt_3,True,alloca,1,1,0
own_v1,O3,h00007,bundle_default_opt_3,True,and,30,29,-1
own_v1,O3,h00007,bundle_default_opt_3,True,br,28,28,0
own_v1,O3,h00007,bundle_default_opt_3,True,call,13,13,0
own_v1,O3,h00007,bundle_default_opt_3,True,getelementptr,34,34,0
own_v1,O3,h00007,bundle_default_opt_3,True,icmp,22,22,0
own_v1,O3,h00007,bundle_default_opt_3,True,inttoptr,17,17,0
own_v1,O3,h00007,bundle_default_opt_3,True,load,110,98,-12
own_v1,O3,h00007,bundle_default_opt_3,True,lshr,8,8,0
own_v1,O3,h00007,bundle_default_opt_3,True,mul,4,4,0
own_v1,O3,h00007,bundle_default_opt_3,True,or,11,10,-1
own_v1,O3,h00007,bundle_default_opt_3,True,phi,52,50,-2
own_v1,O3,h00007,bundle_default_opt_3,True,ptrtoint,4,2,-2
own_v1,O3,h00007,bundle_default_opt_3,True,ret,10,10,0
own_v1,O3,h00007,bundle_default_opt_3,True,select,12,12,0
own_v1,O3,h00007,bundle_default_opt_3,True,sext,1,1,0
own_v1,O3,h00007,bundle_default_opt_3,True,shl,6,6,0
own_v1,O3,h00007,bundle_default_opt_3,True,store,515,417,-98
own_v1,O3,h00007,bundle_default_opt_3,True,switch,2,2,0
own_v1,O3,h00007,bundle_default_opt_3,True,trunc,14,14,0
own_v1,O3,h00007,bundle_default_opt_3,True,xor,20,20,0
own_v1,O3,h00007,bundle_default_opt_3,True,zext,35,33,-2
own_v1,O3,h00007,bundle_default_opt_4,True,add,39,39,0
own_v1,O3,h00007,bundle_default_opt_4,True,alloca,1,1,0
own_v1,O3,h00007,bundle_default_opt_4,True,and,29,29,0
own_v1,O3,h00007,bundle_default_opt_4,True,br,28,28,0
own_v1,O3,h00007,bundle_default_opt_4,True,call,13,13,0
own_v1,O3,h00007,bundle_default_opt_4,True,getelementptr,34,34,0
own_v1,O3,h00007,bundle_default_opt_4,True,icmp,22,22,0
own_v1,O3,h00007,bundle_default_opt_4,True,inttoptr,17,17,0
own_v1,O3,h00007,bundle_default_opt_4,True,load,98,98,0
own_v1,O3,h00007,bundle_default_opt_4,True,lshr,8,8,0
own_v1,O3,h00007,bundle_default_opt_4,True,mul,4,4,0
own_v1,O3,h00007,bundle_default_opt_4,True,or,10,10,0
own_v1,O3,h00007,bundle_default_opt_4,True,phi,50,50,0
own_v1,O3,h00007,bundle_default_opt_4,True,ptrtoint,2,2,0
own_v1,O3,h00007,bundle_default_opt_4,True,ret,10,10,0
own_v1,O3,h00007,bundle_default_opt_4,True,select,12,12,0
own_v1,O3,h00007,bundle_default_opt_4,True,sext,1,1,0
own_v1,O3,h00007,bundle_default_opt_4,True,shl,6,6,0
own_v1,O3,h00007,bundle_default_opt_4,True,store,417,413,-4
own_v1,O3,h00007,bundle_default_opt_4,True,switch,2,2,0
own_v1,O3,h00007,bundle_default_opt_4,True,trunc,14,14,0
own_v1,O3,h00007,bundle_default_opt_4,True,xor,20,20,0
own_v1,O3,h00007,bundle_default_opt_4,True,zext,33,33,0
own_v1,O3,h00007,bundle_post_opt_4_custom_cleanup,True,add,39,39,0
own_v1,O3,h00007,bundle_post_opt_4_custom_cleanup,True,alloca,1,1,0
own_v1,O3,h00007,bundle_post_opt_4_custom_cleanup,True,and,29,29,0
own_v1,O3,h00007,bundle_post_opt_4_custom_cleanup,True,br,28,28,0
own_v1,O3,h00007,bundle_post_opt_4_custom_cleanup,True,call,13,13,0
own_v1,O3,h00007,bundle_post_opt_4_custom_cleanup,True,getelementptr,34,34,0
own_v1,O3,h00007,bundle_post_opt_4_custom_cleanup,True,icmp,22,22,0
own_v1,O3,h00007,bundle_post_opt_4_custom_cleanup,True,inttoptr,17,17,0
own_v1,O3,h00007,bundle_post_opt_4_custom_cleanup,True,load,98,98,0
own_v1,O3,h00007,bundle_post_opt_4_custom_cleanup,True,lshr,8,8,0
own_v1,O3,h00007,bundle_post_opt_4_custom_cleanup,True,mul,4,4,0
own_v1,O3,h00007,bundle_post_opt_4_custom_cleanup,True,or,10,10,0
own_v1,O3,h00007,bundle_post_opt_4_custom_cleanup,True,phi,50,50,0
own_v1,O3,h00007,bundle_post_opt_4_custom_cleanup,True,ptrtoint,2,2,0
own_v1,O3,h00007,bundle_post_opt_4_custom_cleanup,True,ret,10,10,0
own_v1,O3,h00007,bundle_post_opt_4_custom_cleanup,True,select,12,12,0
own_v1,O3,h00007,bundle_post_opt_4_custom_cleanup,True,sext,1,1,0
own_v1,O3,h00007,bundle_post_opt_4_custom_cleanup,True,shl,6,6,0
own_v1,O3,h00007,bundle_post_opt_4_custom_cleanup,True,store,413,411,-2
own_v1,O3,h00007,bundle_post_opt_4_custom_cleanup,True,switch,2,2,0
own_v1,O3,h00007,bundle_post_opt_4_custom_cleanup,True,trunc,14,14,0
own_v1,O3,h00007,bundle_post_opt_4_custom_cleanup,True,xor,20,20,0
own_v1,O3,h00007,bundle_post_opt_4_custom_cleanup,True,zext,33,33,0
own_v1,O3,h00008,main_default_opt_1,True,add,47,47,0
own_v1,O3,h00008,main_default_opt_1,True,alloca,3,1,-2
own_v1,O3,h00008,main_default_opt_1,True,and,24,24,0
own_v1,O3,h00008,main_default_opt_1,True,br,28,29,1
own_v1,O3,h00008,main_default_opt_1,True,call,21,15,-6
own_v1,O3,h00008,main_default_opt_1,True,getelementptr,87,57,-30
own_v1,O3,h00008,main_default_opt_1,True,icmp,36,36,0
own_v1,O3,h00008,main_default_opt_1,True,inttoptr,20,20,0
own_v1,O3,h00008,main_default_opt_1,True,load,97,95,-2
own_v1,O3,h00008,main_default_opt_1,True,lshr,10,10,0
own_v1,O3,h00008,main_default_opt_1,True,mul,1,1,0
own_v1,O3,h00008,main_default_opt_1,True,or,1,1,0
own_v1,O3,h00008,main_default_opt_1,True,phi,28,41,13
own_v1,O3,h00008,main_default_opt_1,True,ptrtoint,5,5,0
own_v1,O3,h00008,main_default_opt_1,True,ret,11,8,-3
own_v1,O3,h00008,main_default_opt_1,True,select,21,21,0
own_v1,O3,h00008,main_default_opt_1,True,sext,1,1,0
own_v1,O3,h00008,main_default_opt_1,True,shl,8,8,0
own_v1,O3,h00008,main_default_opt_1,True,store,595,565,-30
own_v1,O3,h00008,main_default_opt_1,True,switch,2,2,0
own_v1,O3,h00008,main_default_opt_1,True,trunc,20,14,-6
own_v1,O3,h00008,main_default_opt_1,True,xor,22,22,0
own_v1,O3,h00008,main_default_opt_1,True,zext,32,30,-2
own_v1,O3,h00008,main_default_opt_2,True,add,44,44,0
own_v1,O3,h00008,main_default_opt_2,True,alloca,1,1,0
own_v1,O3,h00008,main_default_opt_2,True,and,26,24,-2
own_v1,O3,h00008,main_default_opt_2,True,br,29,29,0
own_v1,O3,h00008,main_default_opt_2,True,call,15,15,0
own_v1,O3,h00008,main_default_opt_2,True,getelementptr,58,55,-3
own_v1,O3,h00008,main_default_opt_2,True,icmp,38,34,-4
own_v1,O3,h00008,main_default_opt_2,True,inttoptr,17,17,0
own_v1,O3,h00008,main_default_opt_2,True,load,95,95,0
own_v1,O3,h00008,main_default_opt_2,True,lshr,10,10,0
own_v1,O3,h00008,main_default_opt_2,True,mul,1,1,0
own_v1,O3,h00008,main_default_opt_2,True,or,1,1,0
own_v1,O3,h00008,main_default_opt_2,True,phi,41,41,0
own_v1,O3,h00008,main_default_opt_2,True,ptrtoint,5,5,0
own_v1,O3,h00008,main_default_opt_2,True,ret,8,8,0
own_v1,O3,h00008,main_default_opt_2,True,select,21,21,0
own_v1,O3,h00008,main_default_opt_2,True,sext,1,1,0
own_v1,O3,h00008,main_default_opt_2,True,shl,8,8,0
own_v1,O3,h00008,main_default_opt_2,True,store,565,562,-3
own_v1,O3,h00008,main_default_opt_2,True,sub,2,0,-2
own_v1,O3,h00008,main_default_opt_2,True,switch,2,2,0
own_v1,O3,h00008,main_default_opt_2,True,trunc,14,14,0
own_v1,O3,h00008,main_default_opt_2,True,xor,22,22,0
own_v1,O3,h00008,main_default_opt_2,True,zext,30,30,0
own_v1,O3,h00008,bundle_default_opt_3,True,add,34,34,0
own_v1,O3,h00008,bundle_default_opt_3,True,alloca,1,1,0
own_v1,O3,h00008,bundle_default_opt_3,True,and,22,22,0
own_v1,O3,h00008,bundle_default_opt_3,True,br,29,29,0
own_v1,O3,h00008,bundle_default_opt_3,True,call,20,20,0
own_v1,O3,h00008,bundle_default_opt_3,True,getelementptr,40,40,0
own_v1,O3,h00008,bundle_default_opt_3,True,icmp,24,24,0
own_v1,O3,h00008,bundle_default_opt_3,True,inttoptr,12,12,0
own_v1,O3,h00008,bundle_default_opt_3,True,load,94,86,-8
own_v1,O3,h00008,bundle_default_opt_3,True,lshr,10,10,0
own_v1,O3,h00008,bundle_default_opt_3,True,mul,1,1,0
own_v1,O3,h00008,bundle_default_opt_3,True,phi,36,36,0
own_v1,O3,h00008,bundle_default_opt_3,True,ptrtoint,2,1,-1
own_v1,O3,h00008,bundle_default_opt_3,True,ret,9,9,0
own_v1,O3,h00008,bundle_default_opt_3,True,select,9,9,0
own_v1,O3,h00008,bundle_default_opt_3,True,shl,8,8,0
own_v1,O3,h00008,bundle_default_opt_3,True,store,491,399,-92
own_v1,O3,h00008,bundle_default_opt_3,True,switch,2,2,0
own_v1,O3,h00008,bundle_default_opt_3,True,trunc,14,14,0
own_v1,O3,h00008,bundle_default_opt_3,True,xor,22,22,0
own_v1,O3,h00008,bundle_default_opt_3,True,zext,21,20,-1
own_v1,O3,h00008,bundle_default_opt_4,True,add,34,34,0
own_v1,O3,h00008,bundle_default_opt_4,True,alloca,1,1,0
own_v1,O3,h00008,bundle_default_opt_4,True,and,22,22,0
own_v1,O3,h00008,bundle_default_opt_4,True,br,29,29,0
own_v1,O3,h00008,bundle_default_opt_4,True,call,20,20,0
own_v1,O3,h00008,bundle_default_opt_4,True,getelementptr,40,40,0
own_v1,O3,h00008,bundle_default_opt_4,True,icmp,24,24,0
own_v1,O3,h00008,bundle_default_opt_4,True,inttoptr,12,12,0
own_v1,O3,h00008,bundle_default_opt_4,True,load,86,86,0
own_v1,O3,h00008,bundle_default_opt_4,True,lshr,10,10,0
own_v1,O3,h00008,bundle_default_opt_4,True,mul,1,1,0
own_v1,O3,h00008,bundle_default_opt_4,True,phi,36,36,0
own_v1,O3,h00008,bundle_default_opt_4,True,ptrtoint,1,1,0
own_v1,O3,h00008,bundle_default_opt_4,True,ret,9,9,0
own_v1,O3,h00008,bundle_default_opt_4,True,select,9,9,0
own_v1,O3,h00008,bundle_default_opt_4,True,shl,8,8,0
own_v1,O3,h00008,bundle_default_opt_4,True,store,399,388,-11
own_v1,O3,h00008,bundle_default_opt_4,True,switch,2,2,0
own_v1,O3,h00008,bundle_default_opt_4,True,trunc,14,14,0
own_v1,O3,h00008,bundle_default_opt_4,True,xor,22,22,0
own_v1,O3,h00008,bundle_default_opt_4,True,zext,20,20,0
own_v1,O3,h00008,bundle_post_opt_4_custom_cleanup,True,add,34,34,0
own_v1,O3,h00008,bundle_post_opt_4_custom_cleanup,True,alloca,1,1,0
own_v1,O3,h00008,bundle_post_opt_4_custom_cleanup,True,and,22,22,0
own_v1,O3,h00008,bundle_post_opt_4_custom_cleanup,True,br,29,29,0
own_v1,O3,h00008,bundle_post_opt_4_custom_cleanup,True,call,20,20,0
own_v1,O3,h00008,bundle_post_opt_4_custom_cleanup,True,getelementptr,40,40,0
own_v1,O3,h00008,bundle_post_opt_4_custom_cleanup,True,icmp,24,24,0
own_v1,O3,h00008,bundle_post_opt_4_custom_cleanup,True,inttoptr,12,12,0
own_v1,O3,h00008,bundle_post_opt_4_custom_cleanup,True,load,86,86,0
own_v1,O3,h00008,bundle_post_opt_4_custom_cleanup,True,lshr,10,10,0
own_v1,O3,h00008,bundle_post_opt_4_custom_cleanup,True,mul,1,1,0
own_v1,O3,h00008,bundle_post_opt_4_custom_cleanup,True,phi,36,36,0
own_v1,O3,h00008,bundle_post_opt_4_custom_cleanup,True,ptrtoint,1,1,0
own_v1,O3,h00008,bundle_post_opt_4_custom_cleanup,True,ret,9,9,0
own_v1,O3,h00008,bundle_post_opt_4_custom_cleanup,True,select,9,9,0
own_v1,O3,h00008,bundle_post_opt_4_custom_cleanup,True,shl,8,8,0
own_v1,O3,h00008,bundle_post_opt_4_custom_cleanup,True,store,388,386,-2
own_v1,O3,h00008,bundle_post_opt_4_custom_cleanup,True,switch,2,2,0
own_v1,O3,h00008,bundle_post_opt_4_custom_cleanup,True,trunc,14,14,0
own_v1,O3,h00008,bundle_post_opt_4_custom_cleanup,True,xor,22,22,0
own_v1,O3,h00008,bundle_post_opt_4_custom_cleanup,True,zext,20,20,0
own_v1,O3,h00009,main_default_opt_1,True,add,33,27,-6
own_v1,O3,h00009,main_default_opt_1,True,alloca,7,5,-2
own_v1,O3,h00009,main_default_opt_1,True,and,20,19,-1
own_v1,O3,h00009,main_default_opt_1,True,br,47,45,-2
own_v1,O3,h00009,main_default_opt_1,True,call,28,17,-11
own_v1,O3,h00009,main_default_opt_1,True,getelementptr,100,81,-19
own_v1,O3,h00009,main_default_opt_1,True,icmp,29,28,-1
own_v1,O3,h00009,main_default_opt_1,True,inttoptr,10,8,-2
own_v1,O3,h00009,main_default_opt_1,True,load,107,91,-16
own_v1,O3,h00009,main_default_opt_1,True,lshr,10,9,-1
own_v1,O3,h00009,main_default_opt_1,True,phi,26,29,3
own_v1,O3,h00009,main_default_opt_1,True,ptrtoint,4,2,-2
own_v1,O3,h00009,main_default_opt_1,True,ret,11,2,-9
own_v1,O3,h00009,main_default_opt_1,True,select,15,15,0
own_v1,O3,h00009,main_default_opt_1,True,shl,6,6,0
own_v1,O3,h00009,main_default_opt_1,True,store,669,605,-64
own_v1,O3,h00009,main_default_opt_1,True,sub,1,1,0
own_v1,O3,h00009,main_default_opt_1,True,switch,2,2,0
own_v1,O3,h00009,main_default_opt_1,True,trunc,14,13,-1
own_v1,O3,h00009,main_default_opt_1,True,xor,21,20,-1
own_v1,O3,h00009,main_default_opt_1,True,zext,31,28,-3
own_v1,O3,h00009,main_default_opt_2,True,add,17,13,-4
own_v1,O3,h00009,main_default_opt_2,True,alloca,3,3,0
own_v1,O3,h00009,main_default_opt_2,True,and,7,7,0
own_v1,O3,h00009,main_default_opt_2,True,br,45,42,-3
own_v1,O3,h00009,main_default_opt_2,True,call,8,4,-4
own_v1,O3,h00009,main_default_opt_2,True,getelementptr,52,19,-33
own_v1,O3,h00009,main_default_opt_2,True,icmp,18,15,-3
own_v1,O3,h00009,main_default_opt_2,True,inttoptr,7,4,-3
own_v1,O3,h00009,main_default_opt_2,True,load,36,40,4
own_v1,O3,h00009,main_default_opt_2,True,phi,2,0,-2
own_v1,O3,h00009,main_default_opt_2,True,ptrtoint,1,1,0
own_v1,O3,h00009,main_default_opt_2,True,ret,2,2,0
own_v1,O3,h00009,main_default_opt_2,True,select,15,15,0
own_v1,O3,h00009,main_default_opt_2,True,shl,6,6,0
own_v1,O3,h00009,main_default_opt_2,True,store,60,63,3
own_v1,O3,h00009,main_default_opt_2,True,sub,1,1,0
own_v1,O3,h00009,main_default_opt_2,True,switch,2,1,-1
own_v1,O3,h00009,main_default_opt_2,True,xor,7,7,0
own_v1,O3,h00009,bundle_default_opt_3,True,add,10,10,0
own_v1,O3,h00009,bundle_default_opt_3,True,alloca,3,3,0
own_v1,O3,h00009,bundle_default_opt_3,True,and,7,7,0
own_v1,O3,h00009,bundle_default_opt_3,True,br,42,42,0
own_v1,O3,h00009,bundle_default_opt_3,True,call,4,4,0
own_v1,O3,h00009,bundle_default_opt_3,True,getelementptr,22,21,-1
own_v1,O3,h00009,bundle_default_opt_3,True,icmp,15,15,0
own_v1,O3,h00009,bundle_default_opt_3,True,inttoptr,1,1,0
own_v1,O3,h00009,bundle_default_opt_3,True,load,40,40,0
own_v1,O3,h00009,bundle_default_opt_3,True,ptrtoint,1,1,0
own_v1,O3,h00009,bundle_default_opt_3,True,ret,2,2,0
own_v1,O3,h00009,bundle_default_opt_3,True,select,15,15,0
own_v1,O3,h00009,bundle_default_opt_3,True,shl,6,6,0
own_v1,O3,h00009,bundle_default_opt_3,True,store,63,63,0
own_v1,O3,h00009,bundle_default_opt_3,True,sub,1,1,0
own_v1,O3,h00009,bundle_default_opt_3,True,switch,1,1,0
own_v1,O3,h00009,bundle_default_opt_3,True,xor,7,7,0
own_v1,O3,h00009,bundle_default_opt_4,True,add,10,10,0
own_v1,O3,h00009,bundle_default_opt_4,True,alloca,3,3,0
own_v1,O3,h00009,bundle_default_opt_4,True,and,7,7,0
own_v1,O3,h00009,bundle_default_opt_4,True,br,42,42,0
own_v1,O3,h00009,bundle_default_opt_4,True,call,4,4,0
own_v1,O3,h00009,bundle_default_opt_4,True,getelementptr,21,21,0
own_v1,O3,h00009,bundle_default_opt_4,True,icmp,15,15,0
own_v1,O3,h00009,bundle_default_opt_4,True,inttoptr,1,1,0
own_v1,O3,h00009,bundle_default_opt_4,True,load,40,40,0
own_v1,O3,h00009,bundle_default_opt_4,True,ptrtoint,1,1,0
own_v1,O3,h00009,bundle_default_opt_4,True,ret,2,2,0
own_v1,O3,h00009,bundle_default_opt_4,True,select,15,15,0
own_v1,O3,h00009,bundle_default_opt_4,True,shl,6,6,0
own_v1,O3,h00009,bundle_default_opt_4,True,store,63,63,0
own_v1,O3,h00009,bundle_default_opt_4,True,sub,1,1,0
own_v1,O3,h00009,bundle_default_opt_4,True,switch,1,1,0
own_v1,O3,h00009,bundle_default_opt_4,True,xor,7,7,0
own_v1,O3,h00009,bundle_post_opt_4_custom_cleanup,True,add,10,10,0
own_v1,O3,h00009,bundle_post_opt_4_custom_cleanup,True,alloca,3,3,0
own_v1,O3,h00009,bundle_post_opt_4_custom_cleanup,True,and,7,7,0
own_v1,O3,h00009,bundle_post_opt_4_custom_cleanup,True,br,42,42,0
own_v1,O3,h00009,bundle_post_opt_4_custom_cleanup,True,call,4,4,0
own_v1,O3,h00009,bundle_post_opt_4_custom_cleanup,True,getelementptr,21,21,0
own_v1,O3,h00009,bundle_post_opt_4_custom_cleanup,True,icmp,15,15,0
own_v1,O3,h00009,bundle_post_opt_4_custom_cleanup,True,inttoptr,1,1,0
own_v1,O3,h00009,bundle_post_opt_4_custom_cleanup,True,load,40,40,0
own_v1,O3,h00009,bundle_post_opt_4_custom_cleanup,True,ptrtoint,1,1,0
own_v1,O3,h00009,bundle_post_opt_4_custom_cleanup,True,ret,2,1,-1
own_v1,O3,h00009,bundle_post_opt_4_custom_cleanup,True,select,15,15,0
own_v1,O3,h00009,bundle_post_opt_4_custom_cleanup,True,shl,6,6,0
own_v1,O3,h00009,bundle_post_opt_4_custom_cleanup,True,store,63,63,0
own_v1,O3,h00009,bundle_post_opt_4_custom_cleanup,True,sub,1,1,0
own_v1,O3,h00009,bundle_post_opt_4_custom_cleanup,True,switch,1,1,0
own_v1,O3,h00009,bundle_post_opt_4_custom_cleanup,True,xor,7,7,0
own_v1,O3,h00010,main_default_opt_1,True,add,57,57,0
own_v1,O3,h00010,main_default_opt_1,True,alloca,7,5,-2
own_v1,O3,h00010,main_default_opt_1,True,and,30,30,0
own_v1,O3,h00010,main_default_opt_1,True,br,31,32,1
own_v1,O3,h00010,main_default_opt_1,True,call,34,26,-8
own_v1,O3,h00010,main_default_opt_1,True,getelementptr,107,91,-16
own_v1,O3,h00010,main_default_opt_1,True,icmp,32,32,0
own_v1,O3,h00010,main_default_opt_1,True,inttoptr,26,26,0
own_v1,O3,h00010,main_default_opt_1,True,load,139,137,-2
own_v1,O3,h00010,main_default_opt_1,True,lshr,17,17,0
own_v1,O3,h00010,main_default_opt_1,True,phi,26,37,11
own_v1,O3,h00010,main_default_opt_1,True,ptrtoint,4,3,-1
own_v1,O3,h00010,main_default_opt_1,True,ret,14,10,-4
own_v1,O3,h00010,main_default_opt_1,True,select,13,13,0
own_v1,O3,h00010,main_default_opt_1,True,sext,5,5,0
own_v1,O3,h00010,main_default_opt_1,True,shl,12,12,0
own_v1,O3,h00010,main_default_opt_1,True,store,747,722,-25
own_v1,O3,h00010,main_default_opt_1,True,sub,2,2,0
own_v1,O3,h00010,main_default_opt_1,True,switch,2,2,0
own_v1,O3,h00010,main_default_opt_1,True,trunc,23,21,-2
own_v1,O3,h00010,main_default_opt_1,True,xor,31,30,-1
own_v1,O3,h00010,main_default_opt_1,True,zext,32,30,-2
own_v1,O3,h00010,main_default_opt_2,True,add,56,62,6
own_v1,O3,h00010,main_default_opt_2,True,alloca,4,4,0
own_v1,O3,h00010,main_default_opt_2,True,and,36,30,-6
own_v1,O3,h00010,main_default_opt_2,True,br,32,32,0
own_v1,O3,h00010,main_default_opt_2,True,call,24,22,-2
own_v1,O3,h00010,main_default_opt_2,True,getelementptr,84,84,0
own_v1,O3,h00010,main_default_opt_2,True,icmp,44,38,-6
own_v1,O3,h00010,main_default_opt_2,True,inttoptr,27,27,0
own_v1,O3,h00010,main_default_opt_2,True,load,137,139,2
own_v1,O3,h00010,main_default_opt_2,True,lshr,17,17,0
own_v1,O3,h00010,main_default_opt_2,True,phi,37,37,0
own_v1,O3,h00010,main_default_opt_2,True,ptrtoint,6,6,0
own_v1,O3,h00010,main_default_opt_2,True,ret,10,10,0
own_v1,O3,h00010,main_default_opt_2,True,select,19,19,0
own_v1,O3,h00010,main_default_opt_2,True,sext,5,5,0
own_v1,O3,h00010,main_default_opt_2,True,shl,12,12,0
own_v1,O3,h00010,main_default_opt_2,True,store,704,705,1
own_v1,O3,h00010,main_default_opt_2,True,sub,8,2,-6
own_v1,O3,h00010,main_default_opt_2,True,switch,2,2,0
own_v1,O3,h00010,main_default_opt_2,True,trunc,21,21,0
own_v1,O3,h00010,main_default_opt_2,True,xor,30,30,0
own_v1,O3,h00010,main_default_opt_2,True,zext,30,30,0
own_v1,O3,h00010,bundle_default_opt_3,True,add,53,53,0
own_v1,O3,h00010,bundle_default_opt_3,True,alloca,4,4,0
own_v1,O3,h00010,bundle_default_opt_3,True,and,30,30,0
own_v1,O3,h00010,bundle_default_opt_3,True,br,32,32,0
own_v1,O3,h00010,bundle_default_opt_3,True,call,25,24,-1
own_v1,O3,h00010,bundle_default_opt_3,True,getelementptr,71,71,0
own_v1,O3,h00010,bundle_default_opt_3,True,icmp,32,32,0
own_v1,O3,h00010,bundle_default_opt_3,True,inttoptr,24,24,0
own_v1,O3,h00010,bundle_default_opt_3,True,load,136,100,-36
own_v1,O3,h00010,bundle_default_opt_3,True,lshr,17,17,0
own_v1,O3,h00010,bundle_default_opt_3,True,phi,31,31,0
own_v1,O3,h00010,bundle_default_opt_3,True,ptrtoint,4,3,-1
own_v1,O3,h00010,bundle_default_opt_3,True,ret,11,11,0
own_v1,O3,h00010,bundle_default_opt_3,True,select,13,13,0
own_v1,O3,h00010,bundle_default_opt_3,True,sext,3,3,0
own_v1,O3,h00010,bundle_default_opt_3,True,shl,10,10,0
own_v1,O3,h00010,bundle_default_opt_3,True,store,571,401,-170
own_v1,O3,h00010,bundle_default_opt_3,True,sub,2,2,0
own_v1,O3,h00010,bundle_default_opt_3,True,switch,2,2,0
own_v1,O3,h00010,bundle_default_opt_3,True,trunc,21,21,0
own_v1,O3,h00010,bundle_default_opt_3,True,xor,30,30,0
own_v1,O3,h00010,bundle_default_opt_3,True,zext,27,27,0
own_v1,O3,h00010,bundle_default_opt_4,True,add,53,53,0
own_v1,O3,h00010,bundle_default_opt_4,True,alloca,4,4,0
own_v1,O3,h00010,bundle_default_opt_4,True,and,30,30,0
own_v1,O3,h00010,bundle_default_opt_4,True,br,32,32,0
own_v1,O3,h00010,bundle_default_opt_4,True,call,24,24,0
own_v1,O3,h00010,bundle_default_opt_4,True,getelementptr,71,71,0
own_v1,O3,h00010,bundle_default_opt_4,True,icmp,32,32,0
own_v1,O3,h00010,bundle_default_opt_4,True,inttoptr,24,24,0
own_v1,O3,h00010,bundle_default_opt_4,True,load,100,100,0
own_v1,O3,h00010,bundle_default_opt_4,True,lshr,17,17,0
own_v1,O3,h00010,bundle_default_opt_4,True,phi,31,31,0
own_v1,O3,h00010,bundle_default_opt_4,True,ptrtoint,3,3,0
own_v1,O3,h00010,bundle_default_opt_4,True,ret,11,11,0
own_v1,O3,h00010,bundle_default_opt_4,True,select,13,13,0
own_v1,O3,h00010,bundle_default_opt_4,True,sext,3,3,0
own_v1,O3,h00010,bundle_default_opt_4,True,shl,10,10,0
own_v1,O3,h00010,bundle_default_opt_4,True,store,401,391,-10
own_v1,O3,h00010,bundle_default_opt_4,True,sub,2,2,0
own_v1,O3,h00010,bundle_default_opt_4,True,switch,2,2,0
own_v1,O3,h00010,bundle_default_opt_4,True,trunc,21,21,0
own_v1,O3,h00010,bundle_default_opt_4,True,xor,30,30,0
own_v1,O3,h00010,bundle_default_opt_4,True,zext,27,27,0
own_v1,O3,h00010,bundle_post_opt_4_custom_cleanup,True,add,53,53,0
own_v1,O3,h00010,bundle_post_opt_4_custom_cleanup,True,alloca,4,4,0
own_v1,O3,h00010,bundle_post_opt_4_custom_cleanup,True,and,30,30,0
own_v1,O3,h00010,bundle_post_opt_4_custom_cleanup,True,br,32,32,0
own_v1,O3,h00010,bundle_post_opt_4_custom_cleanup,True,call,24,24,0
own_v1,O3,h00010,bundle_post_opt_4_custom_cleanup,True,getelementptr,71,71,0
own_v1,O3,h00010,bundle_post_opt_4_custom_cleanup,True,icmp,32,32,0
own_v1,O3,h00010,bundle_post_opt_4_custom_cleanup,True,inttoptr,24,24,0
own_v1,O3,h00010,bundle_post_opt_4_custom_cleanup,True,load,100,100,0
own_v1,O3,h00010,bundle_post_opt_4_custom_cleanup,True,lshr,17,17,0
own_v1,O3,h00010,bundle_post_opt_4_custom_cleanup,True,phi,31,31,0
own_v1,O3,h00010,bundle_post_opt_4_custom_cleanup,True,ptrtoint,3,3,0
own_v1,O3,h00010,bundle_post_opt_4_custom_cleanup,True,ret,11,11,0
own_v1,O3,h00010,bundle_post_opt_4_custom_cleanup,True,select,13,13,0
own_v1,O3,h00010,bundle_post_opt_4_custom_cleanup,True,sext,3,3,0
own_v1,O3,h00010,bundle_post_opt_4_custom_cleanup,True,shl,10,10,0
own_v1,O3,h00010,bundle_post_opt_4_custom_cleanup,True,store,391,390,-1
own_v1,O3,h00010,bundle_post_opt_4_custom_cleanup,True,sub,2,2,0
own_v1,O3,h00010,bundle_post_opt_4_custom_cleanup,True,switch,2,2,0
own_v1,O3,h00010,bundle_post_opt_4_custom_cleanup,True,trunc,21,21,0
own_v1,O3,h00010,bundle_post_opt_4_custom_cleanup,True,xor,30,30,0
own_v1,O3,h00010,bundle_post_opt_4_custom_cleanup,True,zext,27,27,0
own_v1,O3,h00011,main_default_opt_1,True,add,22,16,-6
own_v1,O3,h00011,main_default_opt_1,True,alloca,5,3,-2
own_v1,O3,h00011,main_default_opt_1,True,and,20,18,-2
own_v1,O3,h00011,main_default_opt_1,True,br,23,21,-2
own_v1,O3,h00011,main_default_opt_1,True,call,22,11,-11
own_v1,O3,h00011,main_default_opt_1,True,getelementptr,72,52,-20
own_v1,O3,h00011,main_default_opt_1,True,icmp,14,13,-1
own_v1,O3,h00011,main_default_opt_1,True,inttoptr,9,7,-2
own_v1,O3,h00011,main_default_opt_1,True,load,75,59,-16
own_v1,O3,h00011,main_default_opt_1,True,lshr,9,8,-1
own_v1,O3,h00011,main_default_opt_1,True,phi,22,26,4
own_v1,O3,h00011,main_default_opt_1,True,ptrtoint,4,3,-1
own_v1,O3,h00011,main_default_opt_1,True,ret,11,2,-9
own_v1,O3,h00011,main_default_opt_1,True,select,6,6,0
own_v1,O3,h00011,main_default_opt_1,True,shl,4,4,0
own_v1,O3,h00011,main_default_opt_1,True,store,498,433,-65
own_v1,O3,h00011,main_default_opt_1,True,switch,2,2,0
own_v1,O3,h00011,main_default_opt_1,True,trunc,16,11,-5
own_v1,O3,h00011,main_default_opt_1,True,xor,12,11,-1
own_v1,O3,h00011,main_default_opt_1,True,zext,22,19,-3
own_v1,O3,h00011,main_default_opt_2,True,add,9,8,-1
own_v1,O3,h00011,main_default_opt_2,True,alloca,2,2,0
own_v1,O3,h00011,main_default_opt_2,True,and,8,7,-1
own_v1,O3,h00011,main_default_opt_2,True,br,21,21,0
own_v1,O3,h00011,main_default_opt_2,True,call,5,3,-2
own_v1,O3,h00011,main_default_opt_2,True,getelementptr,39,17,-22
own_v1,O3,h00011,main_default_opt_2,True,icmp,6,6,0
own_v1,O3,h00011,main_default_opt_2,True,inttoptr,6,3,-3
own_v1,O3,h00011,main_default_opt_2,True,load,22,23,1
own_v1,O3,h00011,main_default_opt_2,True,lshr,3,3,0
own_v1,O3,h00011,main_default_opt_2,True,phi,6,4,-2
own_v1,O3,h00011,main_default_opt_2,True,ptrtoint,1,1,0
own_v1,O3,h00011,main_default_opt_2,True,ret,2,2,0
own_v1,O3,h00011,main_default_opt_2,True,select,6,6,0
own_v1,O3,h00011,main_default_opt_2,True,shl,4,4,0
own_v1,O3,h00011,main_default_opt_2,True,store,37,39,2
own_v1,O3,h00011,main_default_opt_2,True,switch,2,2,0
own_v1,O3,h00011,main_default_opt_2,True,trunc,2,1,-1
own_v1,O3,h00011,main_default_opt_2,True,xor,5,5,0
own_v1,O3,h00011,main_default_opt_2,True,zext,2,2,0
own_v1,O3,h00011,bundle_default_opt_3,True,add,6,6,0
own_v1,O3,h00011,bundle_default_opt_3,True,alloca,2,2,0
own_v1,O3,h00011,bundle_default_opt_3,True,and,7,7,0
own_v1,O3,h00011,bundle_default_opt_3,True,br,21,21,0
own_v1,O3,h00011,bundle_default_opt_3,True,call,3,3,0
own_v1,O3,h00011,bundle_default_opt_3,True,getelementptr,19,18,-1
own_v1,O3,h00011,bundle_default_opt_3,True,icmp,6,6,0
own_v1,O3,h00011,bundle_default_opt_3,True,inttoptr,1,1,0
own_v1,O3,h00011,bundle_default_opt_3,True,load,23,23,0
own_v1,O3,h00011,bundle_default_opt_3,True,lshr,3,3,0
own_v1,O3,h00011,bundle_default_opt_3,True,phi,4,4,0
own_v1,O3,h00011,bundle_default_opt_3,True,ptrtoint,1,1,0
own_v1,O3,h00011,bundle_default_opt_3,True,ret,2,2,0
own_v1,O3,h00011,bundle_default_opt_3,True,select,6,6,0
own_v1,O3,h00011,bundle_default_opt_3,True,shl,4,4,0
own_v1,O3,h00011,bundle_default_opt_3,True,store,39,39,0
own_v1,O3,h00011,bundle_default_opt_3,True,switch,2,2,0
own_v1,O3,h00011,bundle_default_opt_3,True,trunc,1,1,0
own_v1,O3,h00011,bundle_default_opt_3,True,xor,5,5,0
own_v1,O3,h00011,bundle_default_opt_3,True,zext,2,2,0
own_v1,O3,h00011,bundle_default_opt_4,True,add,6,6,0
own_v1,O3,h00011,bundle_default_opt_4,True,alloca,2,2,0
own_v1,O3,h00011,bundle_default_opt_4,True,and,7,7,0
own_v1,O3,h00011,bundle_default_opt_4,True,br,21,21,0
own_v1,O3,h00011,bundle_default_opt_4,True,call,3,3,0
own_v1,O3,h00011,bundle_default_opt_4,True,getelementptr,18,18,0
own_v1,O3,h00011,bundle_default_opt_4,True,icmp,6,6,0
own_v1,O3,h00011,bundle_default_opt_4,True,inttoptr,1,1,0
own_v1,O3,h00011,bundle_default_opt_4,True,load,23,23,0
own_v1,O3,h00011,bundle_default_opt_4,True,lshr,3,3,0
own_v1,O3,h00011,bundle_default_opt_4,True,phi,4,4,0
own_v1,O3,h00011,bundle_default_opt_4,True,ptrtoint,1,1,0
own_v1,O3,h00011,bundle_default_opt_4,True,ret,2,2,0
own_v1,O3,h00011,bundle_default_opt_4,True,select,6,6,0
own_v1,O3,h00011,bundle_default_opt_4,True,shl,4,4,0
own_v1,O3,h00011,bundle_default_opt_4,True,store,39,39,0
own_v1,O3,h00011,bundle_default_opt_4,True,switch,2,2,0
own_v1,O3,h00011,bundle_default_opt_4,True,trunc,1,1,0
own_v1,O3,h00011,bundle_default_opt_4,True,xor,5,5,0
own_v1,O3,h00011,bundle_default_opt_4,True,zext,2,2,0
own_v1,O3,h00011,bundle_post_opt_4_custom_cleanup,True,add,6,6,0
own_v1,O3,h00011,bundle_post_opt_4_custom_cleanup,True,alloca,2,2,0
own_v1,O3,h00011,bundle_post_opt_4_custom_cleanup,True,and,7,7,0
own_v1,O3,h00011,bundle_post_opt_4_custom_cleanup,True,br,21,21,0
own_v1,O3,h00011,bundle_post_opt_4_custom_cleanup,True,call,3,3,0
own_v1,O3,h00011,bundle_post_opt_4_custom_cleanup,True,getelementptr,18,18,0
own_v1,O3,h00011,bundle_post_opt_4_custom_cleanup,True,icmp,6,6,0
own_v1,O3,h00011,bundle_post_opt_4_custom_cleanup,True,inttoptr,1,1,0
own_v1,O3,h00011,bundle_post_opt_4_custom_cleanup,True,load,23,23,0
own_v1,O3,h00011,bundle_post_opt_4_custom_cleanup,True,lshr,3,3,0
own_v1,O3,h00011,bundle_post_opt_4_custom_cleanup,True,phi,4,4,0
own_v1,O3,h00011,bundle_post_opt_4_custom_cleanup,True,ptrtoint,1,1,0
own_v1,O3,h00011,bundle_post_opt_4_custom_cleanup,True,ret,2,1,-1
own_v1,O3,h00011,bundle_post_opt_4_custom_cleanup,True,select,6,6,0
own_v1,O3,h00011,bundle_post_opt_4_custom_cleanup,True,shl,4,4,0
own_v1,O3,h00011,bundle_post_opt_4_custom_cleanup,True,store,39,39,0
own_v1,O3,h00011,bundle_post_opt_4_custom_cleanup,True,switch,2,2,0
own_v1,O3,h00011,bundle_post_opt_4_custom_cleanup,True,trunc,1,1,0
own_v1,O3,h00011,bundle_post_opt_4_custom_cleanup,True,xor,5,5,0
own_v1,O3,h00011,bundle_post_opt_4_custom_cleanup,True,zext,2,2,0
own_v1,O3,h00012,main_default_opt_1,True,add,22,16,-6
own_v1,O3,h00012,main_default_opt_1,True,alloca,5,3,-2
own_v1,O3,h00012,main_default_opt_1,True,and,13,11,-2
own_v1,O3,h00012,main_default_opt_1,True,br,13,11,-2
own_v1,O3,h00012,main_default_opt_1,True,call,21,9,-12
own_v1,O3,h00012,main_default_opt_1,True,getelementptr,53,36,-17
own_v1,O3,h00012,main_default_opt_1,True,icmp,10,9,-1
own_v1,O3,h00012,main_default_opt_1,True,inttoptr,9,7,-2
own_v1,O3,h00012,main_default_opt_1,True,load,68,51,-17
own_v1,O3,h00012,main_default_opt_1,True,lshr,7,6,-1
own_v1,O3,h00012,main_default_opt_1,True,mul,2,1,-1
own_v1,O3,h00012,main_default_opt_1,True,phi,20,24,4
own_v1,O3,h00012,main_default_opt_1,True,ptrtoint,4,3,-1
own_v1,O3,h00012,main_default_opt_1,True,ret,11,2,-9
own_v1,O3,h00012,main_default_opt_1,True,select,3,3,0
own_v1,O3,h00012,main_default_opt_1,True,shl,6,6,0
own_v1,O3,h00012,main_default_opt_1,True,store,332,269,-63
own_v1,O3,h00012,main_default_opt_1,True,switch,1,1,0
own_v1,O3,h00012,main_default_opt_1,True,trunc,11,7,-4
own_v1,O3,h00012,main_default_opt_1,True,xor,15,12,-3
own_v1,O3,h00012,main_default_opt_1,True,zext,17,13,-4
own_v1,O3,h00012,main_default_opt_2,True,add,9,8,-1
own_v1,O3,h00012,main_default_opt_2,True,alloca,2,2,0
own_v1,O3,h00012,main_default_opt_2,True,and,5,5,0
own_v1,O3,h00012,main_default_opt_2,True,br,11,11,0
own_v1,O3,h00012,main_default_opt_2,True,call,4,2,-2
own_v1,O3,h00012,main_default_opt_2,True,getelementptr,23,12,-11
own_v1,O3,h00012,main_default_opt_2,True,icmp,3,3,0
own_v1,O3,h00012,main_default_opt_2,True,inttoptr,6,3,-3
own_v1,O3,h00012,main_default_opt_2,True,load,13,13,0
own_v1,O3,h00012,main_default_opt_2,True,lshr,2,2,0
own_v1,O3,h00012,main_default_opt_2,True,mul,1,1,0
own_v1,O3,h00012,main_default_opt_2,True,phi,4,2,-2
own_v1,O3,h00012,main_default_opt_2,True,ptrtoint,1,1,0
own_v1,O3,h00012,main_default_opt_2,True,ret,2,2,0
own_v1,O3,h00012,main_default_opt_2,True,select,3,3,0
own_v1,O3,h00012,main_default_opt_2,True,shl,6,6,0
own_v1,O3,h00012,main_default_opt_2,True,store,24,26,2
own_v1,O3,h00012,main_default_opt_2,True,switch,1,1,0
own_v1,O3,h00012,main_default_opt_2,True,xor,8,8,0
own_v1,O3,h00012,bundle_default_opt_3,True,add,6,6,0
own_v1,O3,h00012,bundle_default_opt_3,True,alloca,2,2,0
own_v1,O3,h00012,bundle_default_opt_3,True,and,5,5,0
own_v1,O3,h00012,bundle_default_opt_3,True,br,11,11,0
own_v1,O3,h00012,bundle_default_opt_3,True,call,2,2,0
own_v1,O3,h00012,bundle_default_opt_3,True,getelementptr,14,13,-1
own_v1,O3,h00012,bundle_default_opt_3,True,icmp,3,3,0
own_v1,O3,h00012,bundle_default_opt_3,True,inttoptr,1,1,0
own_v1,O3,h00012,bundle_default_opt_3,True,load,13,13,0
own_v1,O3,h00012,bundle_default_opt_3,True,lshr,2,2,0
own_v1,O3,h00012,bundle_default_opt_3,True,mul,1,1,0
own_v1,O3,h00012,bundle_default_opt_3,True,phi,2,2,0
own_v1,O3,h00012,bundle_default_opt_3,True,ptrtoint,1,1,0
own_v1,O3,h00012,bundle_default_opt_3,True,ret,2,2,0
own_v1,O3,h00012,bundle_default_opt_3,True,select,3,3,0
own_v1,O3,h00012,bundle_default_opt_3,True,shl,6,6,0
own_v1,O3,h00012,bundle_default_opt_3,True,store,26,26,0
own_v1,O3,h00012,bundle_default_opt_3,True,switch,1,1,0
own_v1,O3,h00012,bundle_default_opt_3,True,xor,8,8,0
own_v1,O3,h00012,bundle_default_opt_4,True,add,6,6,0
own_v1,O3,h00012,bundle_default_opt_4,True,alloca,2,2,0
own_v1,O3,h00012,bundle_default_opt_4,True,and,5,5,0
own_v1,O3,h00012,bundle_default_opt_4,True,br,11,11,0
own_v1,O3,h00012,bundle_default_opt_4,True,call,2,2,0
own_v1,O3,h00012,bundle_default_opt_4,True,getelementptr,13,13,0
own_v1,O3,h00012,bundle_default_opt_4,True,icmp,3,3,0
own_v1,O3,h00012,bundle_default_opt_4,True,inttoptr,1,1,0
own_v1,O3,h00012,bundle_default_opt_4,True,load,13,13,0
own_v1,O3,h00012,bundle_default_opt_4,True,lshr,2,2,0
own_v1,O3,h00012,bundle_default_opt_4,True,mul,1,1,0
own_v1,O3,h00012,bundle_default_opt_4,True,phi,2,2,0
own_v1,O3,h00012,bundle_default_opt_4,True,ptrtoint,1,1,0
own_v1,O3,h00012,bundle_default_opt_4,True,ret,2,2,0
own_v1,O3,h00012,bundle_default_opt_4,True,select,3,3,0
own_v1,O3,h00012,bundle_default_opt_4,True,shl,6,6,0
own_v1,O3,h00012,bundle_default_opt_4,True,store,26,26,0
own_v1,O3,h00012,bundle_default_opt_4,True,switch,1,1,0
own_v1,O3,h00012,bundle_default_opt_4,True,xor,8,8,0
own_v1,O3,h00012,bundle_post_opt_4_custom_cleanup,True,add,6,6,0
own_v1,O3,h00012,bundle_post_opt_4_custom_cleanup,True,alloca,2,2,0
own_v1,O3,h00012,bundle_post_opt_4_custom_cleanup,True,and,5,5,0
own_v1,O3,h00012,bundle_post_opt_4_custom_cleanup,True,br,11,11,0
own_v1,O3,h00012,bundle_post_opt_4_custom_cleanup,True,call,2,2,0
own_v1,O3,h00012,bundle_post_opt_4_custom_cleanup,True,getelementptr,13,13,0
own_v1,O3,h00012,bundle_post_opt_4_custom_cleanup,True,icmp,3,3,0
own_v1,O3,h00012,bundle_post_opt_4_custom_cleanup,True,inttoptr,1,1,0
own_v1,O3,h00012,bundle_post_opt_4_custom_cleanup,True,load,13,13,0
own_v1,O3,h00012,bundle_post_opt_4_custom_cleanup,True,lshr,2,2,0
own_v1,O3,h00012,bundle_post_opt_4_custom_cleanup,True,mul,1,1,0
own_v1,O3,h00012,bundle_post_opt_4_custom_cleanup,True,phi,2,2,0
own_v1,O3,h00012,bundle_post_opt_4_custom_cleanup,True,ptrtoint,1,1,0
own_v1,O3,h00012,bundle_post_opt_4_custom_cleanup,True,ret,2,1,-1
own_v1,O3,h00012,bundle_post_opt_4_custom_cleanup,True,select,3,3,0
own_v1,O3,h00012,bundle_post_opt_4_custom_cleanup,True,shl,6,6,0
own_v1,O3,h00012,bundle_post_opt_4_custom_cleanup,True,store,26,26,0
own_v1,O3,h00012,bundle_post_opt_4_custom_cleanup,True,switch,1,1,0
own_v1,O3,h00012,bundle_post_opt_4_custom_cleanup,True,xor,8,8,0
own_v1,O3,h00013,main_default_opt_1,True,add,26,20,-6
own_v1,O3,h00013,main_default_opt_1,True,alloca,5,3,-2
own_v1,O3,h00013,main_default_opt_1,True,and,15,14,-1
own_v1,O3,h00013,main_default_opt_1,True,br,18,16,-2
own_v1,O3,h00013,main_default_opt_1,True,call,22,11,-11
own_v1,O3,h00013,main_default_opt_1,True,freeze,3,3,0
own_v1,O3,h00013,main_default_opt_1,True,getelementptr,59,41,-18
own_v1,O3,h00013,main_default_opt_1,True,icmp,15,14,-1
own_v1,O3,h00013,main_default_opt_1,True,inttoptr,9,7,-2
own_v1,O3,h00013,main_default_opt_1,True,load,76,59,-17
own_v1,O3,h00013,main_default_opt_1,True,lshr,8,7,-1
own_v1,O3,h00013,main_default_opt_1,True,mul,3,3,0
own_v1,O3,h00013,main_default_opt_1,True,or,1,1,0
own_v1,O3,h00013,main_default_opt_1,True,phi,27,31,4
own_v1,O3,h00013,main_default_opt_1,True,ptrtoint,4,2,-2
own_v1,O3,h00013,main_default_opt_1,True,ret,11,2,-9
own_v1,O3,h00013,main_default_opt_1,True,select,4,4,0
own_v1,O3,h00013,main_default_opt_1,True,shl,5,5,0
own_v1,O3,h00013,main_default_opt_1,True,store,381,318,-63
own_v1,O3,h00013,main_default_opt_1,True,switch,1,1,0
own_v1,O3,h00013,main_default_opt_1,True,trunc,11,10,-1
own_v1,O3,h00013,main_default_opt_1,True,urem,3,3,0
own_v1,O3,h00013,main_default_opt_1,True,xor,16,15,-1
own_v1,O3,h00013,main_default_opt_1,True,zext,16,13,-3
own_v1,O3,h00013,main_default_opt_2,True,add,10,8,-2
own_v1,O3,h00013,main_default_opt_2,True,alloca,4,4,0
own_v1,O3,h00013,main_default_opt_2,True,and,5,5,0
own_v1,O3,h00013,main_default_opt_2,True,br,16,14,-2
own_v1,O3,h00013,main_default_opt_2,True,call,9,3,-6
own_v1,O3,h00013,main_default_opt_2,True,freeze,3,3,0
own_v1,O3,h00013,main_default_opt_2,True,getelementptr,29,16,-13
own_v1,O3,h00013,main_default_opt_2,True,icmp,6,4,-2
own_v1,O3,h00013,main_default_opt_2,True,inttoptr,5,3,-2
own_v1,O3,h00013,main_default_opt_2,True,load,18,22,4
own_v1,O3,h00013,main_default_opt_2,True,mul,3,3,0
own_v1,O3,h00013,main_default_opt_2,True,or,1,1,0
own_v1,O3,h00013,main_default_opt_2,True,phi,2,0,-2
own_v1,O3,h00013,main_default_opt_2,True,ptrtoint,1,1,0
own_v1,O3,h00013,main_default_opt_2,True,ret,2,2,0
own_v1,O3,h00013,main_default_opt_2,True,select,4,4,0
own_v1,O3,h00013,main_default_opt_2,True,shl,5,5,0
own_v1,O3,h00013,main_default_opt_2,True,store,26,31,5
own_v1,O3,h00013,main_default_opt_2,True,switch,1,1,0
own_v1,O3,h00013,main_default_opt_2,True,urem,3,3,0
own_v1,O3,h00013,main_default_opt_2,True,xor,5,5,0
own_v1,O3,h00013,bundle_default_opt_3,True,add,6,6,0
own_v1,O3,h00013,bundle_default_opt_3,True,alloca,4,4,0
own_v1,O3,h00013,bundle_default_opt_3,True,and,5,5,0
own_v1,O3,h00013,bundle_default_opt_3,True,br,14,14,0
own_v1,O3,h00013,bundle_default_opt_3,True,call,3,3,0
own_v1,O3,h00013,bundle_default_opt_3,True,freeze,3,3,0
own_v1,O3,h00013,bundle_default_opt_3,True,getelementptr,18,17,-1
own_v1,O3,h00013,bundle_default_opt_3,True,icmp,4,4,0
own_v1,O3,h00013,bundle_default_opt_3,True,inttoptr,1,1,0
own_v1,O3,h00013,bundle_default_opt_3,True,load,22,22,0
own_v1,O3,h00013,bundle_default_opt_3,True,mul,3,3,0
own_v1,O3,h00013,bundle_default_opt_3,True,or,1,1,0
own_v1,O3,h00013,bundle_default_opt_3,True,ptrtoint,1,1,0
own_v1,O3,h00013,bundle_default_opt_3,True,ret,2,2,0
own_v1,O3,h00013,bundle_default_opt_3,True,select,4,4,0
own_v1,O3,h00013,bundle_default_opt_3,True,shl,5,5,0
own_v1,O3,h00013,bundle_default_opt_3,True,store,31,31,0
own_v1,O3,h00013,bundle_default_opt_3,True,switch,1,1,0
own_v1,O3,h00013,bundle_default_opt_3,True,urem,3,3,0
own_v1,O3,h00013,bundle_default_opt_3,True,xor,5,5,0
own_v1,O3,h00013,bundle_default_opt_4,True,add,6,6,0
own_v1,O3,h00013,bundle_default_opt_4,True,alloca,4,4,0
own_v1,O3,h00013,bundle_default_opt_4,True,and,5,5,0
own_v1,O3,h00013,bundle_default_opt_4,True,br,14,14,0
own_v1,O3,h00013,bundle_default_opt_4,True,call,3,3,0
own_v1,O3,h00013,bundle_default_opt_4,True,freeze,3,3,0
own_v1,O3,h00013,bundle_default_opt_4,True,getelementptr,17,17,0
own_v1,O3,h00013,bundle_default_opt_4,True,icmp,4,4,0
own_v1,O3,h00013,bundle_default_opt_4,True,inttoptr,1,1,0
own_v1,O3,h00013,bundle_default_opt_4,True,load,22,22,0
own_v1,O3,h00013,bundle_default_opt_4,True,mul,3,3,0
own_v1,O3,h00013,bundle_default_opt_4,True,or,1,1,0
own_v1,O3,h00013,bundle_default_opt_4,True,ptrtoint,1,1,0
own_v1,O3,h00013,bundle_default_opt_4,True,ret,2,2,0
own_v1,O3,h00013,bundle_default_opt_4,True,select,4,4,0
own_v1,O3,h00013,bundle_default_opt_4,True,shl,5,5,0
own_v1,O3,h00013,bundle_default_opt_4,True,store,31,31,0
own_v1,O3,h00013,bundle_default_opt_4,True,switch,1,1,0
own_v1,O3,h00013,bundle_default_opt_4,True,urem,3,3,0
own_v1,O3,h00013,bundle_default_opt_4,True,xor,5,5,0
own_v1,O3,h00013,bundle_post_opt_4_custom_cleanup,True,add,6,6,0
own_v1,O3,h00013,bundle_post_opt_4_custom_cleanup,True,alloca,4,4,0
own_v1,O3,h00013,bundle_post_opt_4_custom_cleanup,True,and,5,5,0
own_v1,O3,h00013,bundle_post_opt_4_custom_cleanup,True,br,14,14,0
own_v1,O3,h00013,bundle_post_opt_4_custom_cleanup,True,call,3,3,0
own_v1,O3,h00013,bundle_post_opt_4_custom_cleanup,True,freeze,3,3,0
own_v1,O3,h00013,bundle_post_opt_4_custom_cleanup,True,getelementptr,17,17,0
own_v1,O3,h00013,bundle_post_opt_4_custom_cleanup,True,icmp,4,4,0
own_v1,O3,h00013,bundle_post_opt_4_custom_cleanup,True,inttoptr,1,1,0
own_v1,O3,h00013,bundle_post_opt_4_custom_cleanup,True,load,22,22,0
own_v1,O3,h00013,bundle_post_opt_4_custom_cleanup,True,mul,3,3,0
own_v1,O3,h00013,bundle_post_opt_4_custom_cleanup,True,or,1,1,0
own_v1,O3,h00013,bundle_post_opt_4_custom_cleanup,True,ptrtoint,1,1,0
own_v1,O3,h00013,bundle_post_opt_4_custom_cleanup,True,ret,2,1,-1
own_v1,O3,h00013,bundle_post_opt_4_custom_cleanup,True,select,4,4,0
own_v1,O3,h00013,bundle_post_opt_4_custom_cleanup,True,shl,5,5,0
own_v1,O3,h00013,bundle_post_opt_4_custom_cleanup,True,store,31,31,0
own_v1,O3,h00013,bundle_post_opt_4_custom_cleanup,True,switch,1,1,0
own_v1,O3,h00013,bundle_post_opt_4_custom_cleanup,True,urem,3,3,0
own_v1,O3,h00013,bundle_post_opt_4_custom_cleanup,True,xor,5,5,0
own_v1,O3,h00014,main_default_opt_1,True,add,93,83,-10
own_v1,O3,h00014,main_default_opt_1,True,alloca,5,3,-2
own_v1,O3,h00014,main_default_opt_1,True,and,35,27,-8
own_v1,O3,h00014,main_default_opt_1,True,ashr,3,3,0
own_v1,O3,h00014,main_default_opt_1,True,br,38,39,1
own_v1,O3,h00014,main_default_opt_1,True,call,27,14,-13
own_v1,O3,h00014,main_default_opt_1,True,getelementptr,39,22,-17
own_v1,O3,h00014,main_default_opt_1,True,icmp,29,26,-3
own_v1,O3,h00014,main_default_opt_1,True,inttoptr,70,63,-7
own_v1,O3,h00014,main_default_opt_1,True,load,139,117,-22
own_v1,O3,h00014,main_default_opt_1,True,lshr,13,11,-2
own_v1,O3,h00014,main_default_opt_1,True,mul,5,3,-2
own_v1,O3,h00014,main_default_opt_1,True,or,4,4,0
own_v1,O3,h00014,main_default_opt_1,True,phi,39,51,12
own_v1,O3,h00014,main_default_opt_1,True,ptrtoint,4,2,-2
own_v1,O3,h00014,main_default_opt_1,True,ret,12,3,-9
own_v1,O3,h00014,main_default_opt_1,True,select,13,13,0
own_v1,O3,h00014,main_default_opt_1,True,sext,2,2,0
own_v1,O3,h00014,main_default_opt_1,True,shl,12,12,0
own_v1,O3,h00014,main_default_opt_1,True,srem,4,4,0
own_v1,O3,h00014,main_default_opt_1,True,store,773,699,-74
own_v1,O3,h00014,main_default_opt_1,True,switch,4,4,0
own_v1,O3,h00014,main_default_opt_1,True,trunc,24,19,-5
own_v1,O3,h00014,main_default_opt_1,True,xor,29,24,-5
own_v1,O3,h00014,main_default_opt_1,True,zext,44,37,-7
own_v1,O3,h00014,main_default_opt_2,True,add,82,82,0
own_v1,O3,h00014,main_default_opt_2,True,alloca,4,4,0
own_v1,O3,h00014,main_default_opt_2,True,and,27,27,0
own_v1,O3,h00014,main_default_opt_2,True,ashr,3,3,0
own_v1,O3,h00014,main_default_opt_2,True,br,39,39,0
own_v1,O3,h00014,main_default_opt_2,True,call,16,10,-6
own_v1,O3,h00014,main_default_opt_2,True,getelementptr,11,10,-1
own_v1,O3,h00014,main_default_opt_2,True,icmp,26,26,0
own_v1,O3,h00014,main_default_opt_2,True,inttoptr,61,61,0
own_v1,O3,h00014,main_default_opt_2,True,load,117,123,6
own_v1,O3,h00014,main_default_opt_2,True,lshr,11,11,0
own_v1,O3,h00014,main_default_opt_2,True,mul,3,3,0
own_v1,O3,h00014,main_default_opt_2,True,or,4,4,0
own_v1,O3,h00014,main_default_opt_2,True,phi,51,51,0
own_v1,O3,h00014,main_default_opt_2,True,ptrtoint,2,2,0
own_v1,O3,h00014,main_default_opt_2,True,ret,3,3,0
own_v1,O3,h00014,main_default_opt_2,True,select,13,13,0
own_v1,O3,h00014,main_default_opt_2,True,sext,2,2,0
own_v1,O3,h00014,main_default_opt_2,True,shl,12,12,0
own_v1,O3,h00014,main_default_opt_2,True,srem,4,4,0
own_v1,O3,h00014,main_default_opt_2,True,store,681,685,4
own_v1,O3,h00014,main_default_opt_2,True,switch,4,4,0
own_v1,O3,h00014,main_default_opt_2,True,trunc,19,19,0
own_v1,O3,h00014,main_default_opt_2,True,xor,24,24,0
own_v1,O3,h00014,main_default_opt_2,True,zext,37,37,0
own_v1,O3,h00014,bundle_default_opt_3,True,add,82,81,-1
own_v1,O3,h00014,bundle_default_opt_3,True,alloca,4,4,0
own_v1,O3,h00014,bundle_default_opt_3,True,and,35,27,-8
own_v1,O3,h00014,bundle_default_opt_3,True,ashr,3,3,0
own_v1,O3,h00014,bundle_default_opt_3,True,br,39,39,0
own_v1,O3,h00014,bundle_default_opt_3,True,call,9,9,0
own_v1,O3,h00014,bundle_default_opt_3,True,getelementptr,10,10,0
own_v1,O3,h00014,bundle_default_opt_3,True,icmp,26,26,0
own_v1,O3,h00014,bundle_default_opt_3,True,inttoptr,61,61,0
own_v1,O3,h00014,bundle_default_opt_3,True,load,131,101,-30
own_v1,O3,h00014,bundle_default_opt_3,True,lshr,11,11,0
own_v1,O3,h00014,bundle_default_opt_3,True,mul,3,3,0
own_v1,O3,h00014,bundle_default_opt_3,True,or,12,4,-8
own_v1,O3,h00014,bundle_default_opt_3,True,phi,51,49,-2
own_v1,O3,h00014,bundle_default_opt_3,True,ptrtoint,1,1,0
own_v1,O3,h00014,bundle_default_opt_3,True,ret,3,3,0
own_v1,O3,h00014,bundle_default_opt_3,True,select,13,13,0
own_v1,O3,h00014,bundle_default_opt_3,True,sext,2,2,0
own_v1,O3,h00014,bundle_default_opt_3,True,shl,12,12,0
own_v1,O3,h00014,bundle_default_opt_3,True,srem,4,4,0
own_v1,O3,h00014,bundle_default_opt_3,True,store,684,547,-137
own_v1,O3,h00014,bundle_default_opt_3,True,switch,4,4,0
own_v1,O3,h00014,bundle_default_opt_3,True,trunc,19,19,0
own_v1,O3,h00014,bundle_default_opt_3,True,xor,24,24,0
own_v1,O3,h00014,bundle_default_opt_3,True,zext,37,36,-1
own_v1,O3,h00014,bundle_default_opt_4,True,add,81,81,0
own_v1,O3,h00014,bundle_default_opt_4,True,alloca,4,4,0
own_v1,O3,h00014,bundle_default_opt_4,True,and,27,27,0
own_v1,O3,h00014,bundle_default_opt_4,True,ashr,3,3,0
own_v1,O3,h00014,bundle_default_opt_4,True,br,39,39,0
own_v1,O3,h00014,bundle_default_opt_4,True,call,9,9,0
own_v1,O3,h00014,bundle_default_opt_4,True,getelementptr,10,10,0
own_v1,O3,h00014,bundle_default_opt_4,True,icmp,26,26,0
own_v1,O3,h00014,bundle_default_opt_4,True,inttoptr,61,61,0
own_v1,O3,h00014,bundle_default_opt_4,True,load,101,101,0
own_v1,O3,h00014,bundle_default_opt_4,True,lshr,11,11,0
own_v1,O3,h00014,bundle_default_opt_4,True,mul,3,3,0
own_v1,O3,h00014,bundle_default_opt_4,True,or,4,4,0
own_v1,O3,h00014,bundle_default_opt_4,True,phi,49,49,0
own_v1,O3,h00014,bundle_default_opt_4,True,ptrtoint,1,1,0
own_v1,O3,h00014,bundle_default_opt_4,True,ret,3,3,0
own_v1,O3,h00014,bundle_default_opt_4,True,select,13,13,0
own_v1,O3,h00014,bundle_default_opt_4,True,sext,2,2,0
own_v1,O3,h00014,bundle_default_opt_4,True,shl,12,12,0
own_v1,O3,h00014,bundle_default_opt_4,True,srem,4,4,0
own_v1,O3,h00014,bundle_default_opt_4,True,store,547,539,-8
own_v1,O3,h00014,bundle_default_opt_4,True,switch,4,4,0
own_v1,O3,h00014,bundle_default_opt_4,True,trunc,19,19,0
own_v1,O3,h00014,bundle_default_opt_4,True,xor,24,24,0
own_v1,O3,h00014,bundle_default_opt_4,True,zext,36,36,0
own_v1,O3,h00014,bundle_post_opt_4_custom_cleanup,True,add,81,81,0
own_v1,O3,h00014,bundle_post_opt_4_custom_cleanup,True,alloca,4,4,0
own_v1,O3,h00014,bundle_post_opt_4_custom_cleanup,True,and,27,27,0
own_v1,O3,h00014,bundle_post_opt_4_custom_cleanup,True,ashr,3,3,0
own_v1,O3,h00014,bundle_post_opt_4_custom_cleanup,True,br,39,39,0
own_v1,O3,h00014,bundle_post_opt_4_custom_cleanup,True,call,9,9,0
own_v1,O3,h00014,bundle_post_opt_4_custom_cleanup,True,getelementptr,10,10,0
own_v1,O3,h00014,bundle_post_opt_4_custom_cleanup,True,icmp,26,26,0
own_v1,O3,h00014,bundle_post_opt_4_custom_cleanup,True,inttoptr,61,61,0
own_v1,O3,h00014,bundle_post_opt_4_custom_cleanup,True,load,101,101,0
own_v1,O3,h00014,bundle_post_opt_4_custom_cleanup,True,lshr,11,11,0
own_v1,O3,h00014,bundle_post_opt_4_custom_cleanup,True,mul,3,3,0
own_v1,O3,h00014,bundle_post_opt_4_custom_cleanup,True,or,4,4,0
own_v1,O3,h00014,bundle_post_opt_4_custom_cleanup,True,phi,49,49,0
own_v1,O3,h00014,bundle_post_opt_4_custom_cleanup,True,ptrtoint,1,1,0
own_v1,O3,h00014,bundle_post_opt_4_custom_cleanup,True,ret,3,2,-1
own_v1,O3,h00014,bundle_post_opt_4_custom_cleanup,True,select,13,13,0
own_v1,O3,h00014,bundle_post_opt_4_custom_cleanup,True,sext,2,2,0
own_v1,O3,h00014,bundle_post_opt_4_custom_cleanup,True,shl,12,12,0
own_v1,O3,h00014,bundle_post_opt_4_custom_cleanup,True,srem,4,4,0
own_v1,O3,h00014,bundle_post_opt_4_custom_cleanup,True,store,539,539,0
own_v1,O3,h00014,bundle_post_opt_4_custom_cleanup,True,switch,4,4,0
own_v1,O3,h00014,bundle_post_opt_4_custom_cleanup,True,trunc,19,19,0
own_v1,O3,h00014,bundle_post_opt_4_custom_cleanup,True,xor,24,24,0
own_v1,O3,h00014,bundle_post_opt_4_custom_cleanup,True,zext,36,36,0
own_v1,O3,h00015,main_default_opt_1,True,add,64,58,-6
own_v1,O3,h00015,main_default_opt_1,True,alloca,7,5,-2
own_v1,O3,h00015,main_default_opt_1,True,and,27,26,-1
own_v1,O3,h00015,main_default_opt_1,True,ashr,1,1,0
own_v1,O3,h00015,main_default_opt_1,True,br,31,29,-2
own_v1,O3,h00015,main_default_opt_1,True,call,32,20,-12
own_v1,O3,h00015,main_default_opt_1,True,getelementptr,52,35,-17
own_v1,O3,h00015,main_default_opt_1,True,icmp,32,31,-1
own_v1,O3,h00015,main_default_opt_1,True,inttoptr,38,36,-2
own_v1,O3,h00015,main_default_opt_1,True,load,99,82,-17
own_v1,O3,h00015,main_default_opt_1,True,lshr,20,19,-1
own_v1,O3,h00015,main_default_opt_1,True,mul,3,3,0
own_v1,O3,h00015,main_default_opt_1,True,or,2,2,0
own_v1,O3,h00015,main_default_opt_1,True,phi,27,31,4
own_v1,O3,h00015,main_default_opt_1,True,ptrtoint,4,3,-1
own_v1,O3,h00015,main_default_opt_1,True,ret,11,2,-9
own_v1,O3,h00015,main_default_opt_1,True,sdiv,2,2,0
own_v1,O3,h00015,main_default_opt_1,True,select,8,8,0
own_v1,O3,h00015,main_default_opt_1,True,sext,7,7,0
own_v1,O3,h00015,main_default_opt_1,True,shl,12,12,0
own_v1,O3,h00015,main_default_opt_1,True,store,539,476,-63
own_v1,O3,h00015,main_default_opt_1,True,switch,1,1,0
own_v1,O3,h00015,main_default_opt_1,True,trunc,23,22,-1
own_v1,O3,h00015,main_default_opt_1,True,unreachable,2,2,0
own_v1,O3,h00015,main_default_opt_1,True,xor,32,28,-4
own_v1,O3,h00015,main_default_opt_1,True,zext,30,26,-4
own_v1,O3,h00015,main_default_opt_2,True,add,47,24,-23
own_v1,O3,h00015,main_default_opt_2,True,alloca,4,4,0
own_v1,O3,h00015,main_default_opt_2,True,and,11,7,-4
own_v1,O3,h00015,main_default_opt_2,True,br,29,24,-5
own_v1,O3,h00015,main_default_opt_2,True,call,11,10,-1
own_v1,O3,h00015,main_default_opt_2,True,getelementptr,25,21,-4
own_v1,O3,h00015,main_default_opt_2,True,icmp,22,14,-8
own_v1,O3,h00015,main_default_opt_2,True,inttoptr,38,11,-27
own_v1,O3,h00015,main_default_opt_2,True,load,23,24,1
own_v1,O3,h00015,main_default_opt_2,True,mul,3,3,0
own_v1,O3,h00015,main_default_opt_2,True,or,2,2,0
own_v1,O3,h00015,main_default_opt_2,True,phi,4,4,0
own_v1,O3,h00015,main_default_opt_2,True,ptrtoint,5,3,-2
own_v1,O3,h00015,main_default_opt_2,True,ret,2,2,0
own_v1,O3,h00015,main_default_opt_2,True,sdiv,2,2,0
own_v1,O3,h00015,main_default_opt_2,True,select,12,10,-2
own_v1,O3,h00015,main_default_opt_2,True,sext,7,7,0
own_v1,O3,h00015,main_default_opt_2,True,shl,12,12,0
own_v1,O3,h00015,main_default_opt_2,True,store,60,37,-23
own_v1,O3,h00015,main_default_opt_2,True,sub,4,0,-4
own_v1,O3,h00015,main_default_opt_2,True,switch,1,1,0
own_v1,O3,h00015,main_default_opt_2,True,unreachable,2,2,0
own_v1,O3,h00015,main_default_opt_2,True,xor,6,6,0
own_v1,O3,h00015,main_default_opt_2,True,zext,5,5,0
own_v1,O3,h00015,bundle_default_opt_3,True,add,14,14,0
own_v1,O3,h00015,bundle_default_opt_3,True,alloca,4,4,0
own_v1,O3,h00015,bundle_default_opt_3,True,and,7,7,0
own_v1,O3,h00015,bundle_default_opt_3,True,br,24,24,0
own_v1,O3,h00015,bundle_default_opt_3,True,call,10,11,1
own_v1,O3,h00015,bundle_default_opt_3,True,getelementptr,33,28,-5
own_v1,O3,h00015,bundle_default_opt_3,True,icmp,14,14,0
own_v1,O3,h00015,bundle_default_opt_3,True,inttoptr,1,1,0
own_v1,O3,h00015,bundle_default_opt_3,True,load,24,23,-1
own_v1,O3,h00015,bundle_default_opt_3,True,mul,3,3,0
own_v1,O3,h00015,bundle_default_opt_3,True,or,2,2,0
own_v1,O3,h00015,bundle_default_opt_3,True,phi,4,4,0
own_v1,O3,h00015,bundle_default_opt_3,True,ptrtoint,3,3,0
own_v1,O3,h00015,bundle_default_opt_3,True,ret,2,2,0
own_v1,O3,h00015,bundle_default_opt_3,True,sdiv,2,2,0
own_v1,O3,h00015,bundle_default_opt_3,True,select,10,10,0
own_v1,O3,h00015,bundle_default_opt_3,True,sext,7,6,-1
own_v1,O3,h00015,bundle_default_opt_3,True,shl,12,11,-1
own_v1,O3,h00015,bundle_default_opt_3,True,store,37,35,-2
own_v1,O3,h00015,bundle_default_opt_3,True,switch,1,1,0
own_v1,O3,h00015,bundle_default_opt_3,True,unreachable,2,2,0
own_v1,O3,h00015,bundle_default_opt_3,True,xor,6,6,0
own_v1,O3,h00015,bundle_default_opt_3,True,zext,5,5,0
own_v1,O3,h00015,bundle_default_opt_4,True,add,14,14,0
own_v1,O3,h00015,bundle_default_opt_4,True,alloca,4,4,0
own_v1,O3,h00015,bundle_default_opt_4,True,and,7,7,0
own_v1,O3,h00015,bundle_default_opt_4,True,br,24,24,0
own_v1,O3,h00015,bundle_default_opt_4,True,call,11,11,0
own_v1,O3,h00015,bundle_default_opt_4,True,getelementptr,28,28,0
own_v1,O3,h00015,bundle_default_opt_4,True,icmp,14,14,0
own_v1,O3,h00015,bundle_default_opt_4,True,inttoptr,1,1,0
own_v1,O3,h00015,bundle_default_opt_4,True,load,23,23,0
own_v1,O3,h00015,bundle_default_opt_4,True,mul,3,3,0
own_v1,O3,h00015,bundle_default_opt_4,True,or,2,2,0
own_v1,O3,h00015,bundle_default_opt_4,True,phi,4,4,0
own_v1,O3,h00015,bundle_default_opt_4,True,ptrtoint,3,3,0
own_v1,O3,h00015,bundle_default_opt_4,True,ret,2,2,0
own_v1,O3,h00015,bundle_default_opt_4,True,sdiv,2,2,0
own_v1,O3,h00015,bundle_default_opt_4,True,select,10,10,0
own_v1,O3,h00015,bundle_default_opt_4,True,sext,6,6,0
own_v1,O3,h00015,bundle_default_opt_4,True,shl,11,11,0
own_v1,O3,h00015,bundle_default_opt_4,True,store,35,35,0
own_v1,O3,h00015,bundle_default_opt_4,True,switch,1,1,0
own_v1,O3,h00015,bundle_default_opt_4,True,unreachable,2,2,0
own_v1,O3,h00015,bundle_default_opt_4,True,xor,6,6,0
own_v1,O3,h00015,bundle_default_opt_4,True,zext,5,5,0
own_v1,O3,h00015,bundle_post_opt_4_custom_cleanup,True,add,14,14,0
own_v1,O3,h00015,bundle_post_opt_4_custom_cleanup,True,alloca,4,4,0
own_v1,O3,h00015,bundle_post_opt_4_custom_cleanup,True,and,7,7,0
own_v1,O3,h00015,bundle_post_opt_4_custom_cleanup,True,br,24,24,0
own_v1,O3,h00015,bundle_post_opt_4_custom_cleanup,True,call,11,11,0
own_v1,O3,h00015,bundle_post_opt_4_custom_cleanup,True,getelementptr,28,28,0
own_v1,O3,h00015,bundle_post_opt_4_custom_cleanup,True,icmp,14,14,0
own_v1,O3,h00015,bundle_post_opt_4_custom_cleanup,True,inttoptr,1,1,0
own_v1,O3,h00015,bundle_post_opt_4_custom_cleanup,True,load,23,23,0
own_v1,O3,h00015,bundle_post_opt_4_custom_cleanup,True,mul,3,3,0
own_v1,O3,h00015,bundle_post_opt_4_custom_cleanup,True,or,2,2,0
own_v1,O3,h00015,bundle_post_opt_4_custom_cleanup,True,phi,4,4,0
own_v1,O3,h00015,bundle_post_opt_4_custom_cleanup,True,ptrtoint,3,3,0
own_v1,O3,h00015,bundle_post_opt_4_custom_cleanup,True,ret,2,1,-1
own_v1,O3,h00015,bundle_post_opt_4_custom_cleanup,True,sdiv,2,2,0
own_v1,O3,h00015,bundle_post_opt_4_custom_cleanup,True,select,10,10,0
own_v1,O3,h00015,bundle_post_opt_4_custom_cleanup,True,sext,6,6,0
own_v1,O3,h00015,bundle_post_opt_4_custom_cleanup,True,shl,11,11,0
own_v1,O3,h00015,bundle_post_opt_4_custom_cleanup,True,store,35,35,0
own_v1,O3,h00015,bundle_post_opt_4_custom_cleanup,True,switch,1,1,0
own_v1,O3,h00015,bundle_post_opt_4_custom_cleanup,True,unreachable,2,2,0
own_v1,O3,h00015,bundle_post_opt_4_custom_cleanup,True,xor,6,6,0
own_v1,O3,h00015,bundle_post_opt_4_custom_cleanup,True,zext,5,5,0
own_v1,O3,h00016,main_default_opt_1,True,add,30,24,-6
own_v1,O3,h00016,main_default_opt_1,True,alloca,7,5,-2
own_v1,O3,h00016,main_default_opt_1,True,and,21,20,-1
own_v1,O3,h00016,main_default_opt_1,True,br,32,30,-2
own_v1,O3,h00016,main_default_opt_1,True,call,28,16,-12
own_v1,O3,h00016,main_default_opt_1,True,getelementptr,87,70,-17
own_v1,O3,h00016,main_default_opt_1,True,icmp,24,23,-1
own_v1,O3,h00016,main_default_opt_1,True,inttoptr,10,8,-2
own_v1,O3,h00016,main_default_opt_1,True,load,98,81,-17
own_v1,O3,h00016,main_default_opt_1,True,lshr,13,12,-1
own_v1,O3,h00016,main_default_opt_1,True,mul,3,3,0
own_v1,O3,h00016,main_default_opt_1,True,phi,26,29,3
own_v1,O3,h00016,main_default_opt_1,True,ptrtoint,4,3,-1
own_v1,O3,h00016,main_default_opt_1,True,ret,11,2,-9
own_v1,O3,h00016,main_default_opt_1,True,select,9,9,0
own_v1,O3,h00016,main_default_opt_1,True,sext,3,3,0
own_v1,O3,h00016,main_default_opt_1,True,shl,8,8,0
own_v1,O3,h00016,main_default_opt_1,True,store,567,506,-61
own_v1,O3,h00016,main_default_opt_1,True,switch,1,1,0
own_v1,O3,h00016,main_default_opt_1,True,trunc,17,14,-3
own_v1,O3,h00016,main_default_opt_1,True,xor,23,21,-2
own_v1,O3,h00016,main_default_opt_1,True,zext,27,23,-4
own_v1,O3,h00016,main_default_opt_2,True,add,15,13,-2
own_v1,O3,h00016,main_default_opt_2,True,alloca,4,4,0
own_v1,O3,h00016,main_default_opt_2,True,and,10,7,-3
own_v1,O3,h00016,main_default_opt_2,True,br,30,28,-2
own_v1,O3,h00016,main_default_opt_2,True,call,9,8,-1
own_v1,O3,h00016,main_default_opt_2,True,getelementptr,59,31,-28
own_v1,O3,h00016,main_default_opt_2,True,icmp,18,11,-7
own_v1,O3,h00016,main_default_opt_2,True,inttoptr,9,3,-6
own_v1,O3,h00016,main_default_opt_2,True,load,26,28,2
own_v1,O3,h00016,main_default_opt_2,True,lshr,1,1,0
own_v1,O3,h00016,main_default_opt_2,True,mul,3,3,0
own_v1,O3,h00016,main_default_opt_2,True,phi,4,2,-2
own_v1,O3,h00016,main_default_opt_2,True,ptrtoint,4,2,-2
own_v1,O3,h00016,main_default_opt_2,True,ret,2,2,0
own_v1,O3,h00016,main_default_opt_2,True,select,12,10,-2
own_v1,O3,h00016,main_default_opt_2,True,sext,3,3,0
own_v1,O3,h00016,main_default_opt_2,True,shl,8,8,0
own_v1,O3,h00016,main_default_opt_2,True,store,65,64,-1
own_v1,O3,h00016,main_default_opt_2,True,sub,3,0,-3
own_v1,O3,h00016,main_default_opt_2,True,switch,1,1,0
own_v1,O3,h00016,main_default_opt_2,True,xor,9,9,0
own_v1,O3,h00016,main_default_opt_2,True,zext,5,5,0
own_v1,O3,h00016,bundle_default_opt_3,True,add,11,11,0
own_v1,O3,h00016,bundle_default_opt_3,True,alloca,4,4,0
own_v1,O3,h00016,bundle_default_opt_3,True,and,7,7,0
own_v1,O3,h00016,bundle_default_opt_3,True,br,28,28,0
own_v1,O3,h00016,bundle_default_opt_3,True,call,8,8,0
own_v1,O3,h00016,bundle_default_opt_3,True,getelementptr,33,32,-1
own_v1,O3,h00016,bundle_default_opt_3,True,icmp,11,11,0
own_v1,O3,h00016,bundle_default_opt_3,True,inttoptr,1,1,0
own_v1,O3,h00016,bundle_default_opt_3,True,load,28,28,0
own_v1,O3,h00016,bundle_default_opt_3,True,lshr,1,1,0
own_v1,O3,h00016,bundle_default_opt_3,True,mul,3,3,0
own_v1,O3,h00016,bundle_default_opt_3,True,phi,2,2,0
own_v1,O3,h00016,bundle_default_opt_3,True,ptrtoint,2,2,0
own_v1,O3,h00016,bundle_default_opt_3,True,ret,2,2,0
own_v1,O3,h00016,bundle_default_opt_3,True,select,10,10,0
own_v1,O3,h00016,bundle_default_opt_3,True,sext,3,3,0
own_v1,O3,h00016,bundle_default_opt_3,True,shl,8,8,0
own_v1,O3,h00016,bundle_default_opt_3,True,store,64,64,0
own_v1,O3,h00016,bundle_default_opt_3,True,switch,1,1,0
own_v1,O3,h00016,bundle_default_opt_3,True,xor,9,9,0
own_v1,O3,h00016,bundle_default_opt_3,True,zext,5,5,0
own_v1,O3,h00016,bundle_default_opt_4,True,add,11,11,0
own_v1,O3,h00016,bundle_default_opt_4,True,alloca,4,4,0
own_v1,O3,h00016,bundle_default_opt_4,True,and,7,7,0
own_v1,O3,h00016,bundle_default_opt_4,True,br,28,28,0
own_v1,O3,h00016,bundle_default_opt_4,True,call,8,8,0
own_v1,O3,h00016,bundle_default_opt_4,True,getelementptr,32,32,0
own_v1,O3,h00016,bundle_default_opt_4,True,icmp,11,11,0
own_v1,O3,h00016,bundle_default_opt_4,True,inttoptr,1,1,0
own_v1,O3,h00016,bundle_default_opt_4,True,load,28,28,0
own_v1,O3,h00016,bundle_default_opt_4,True,lshr,1,1,0
own_v1,O3,h00016,bundle_default_opt_4,True,mul,3,3,0
own_v1,O3,h00016,bundle_default_opt_4,True,phi,2,2,0
own_v1,O3,h00016,bundle_default_opt_4,True,ptrtoint,2,2,0
own_v1,O3,h00016,bundle_default_opt_4,True,ret,2,2,0
own_v1,O3,h00016,bundle_default_opt_4,True,select,10,10,0
own_v1,O3,h00016,bundle_default_opt_4,True,sext,3,3,0
own_v1,O3,h00016,bundle_default_opt_4,True,shl,8,8,0
own_v1,O3,h00016,bundle_default_opt_4,True,store,64,64,0
own_v1,O3,h00016,bundle_default_opt_4,True,switch,1,1,0
own_v1,O3,h00016,bundle_default_opt_4,True,xor,9,9,0
own_v1,O3,h00016,bundle_default_opt_4,True,zext,5,5,0
own_v1,O3,h00016,bundle_post_opt_4_custom_cleanup,True,add,11,11,0
own_v1,O3,h00016,bundle_post_opt_4_custom_cleanup,True,alloca,4,4,0
own_v1,O3,h00016,bundle_post_opt_4_custom_cleanup,True,and,7,7,0
own_v1,O3,h00016,bundle_post_opt_4_custom_cleanup,True,br,28,28,0
own_v1,O3,h00016,bundle_post_opt_4_custom_cleanup,True,call,8,8,0
own_v1,O3,h00016,bundle_post_opt_4_custom_cleanup,True,getelementptr,32,32,0
own_v1,O3,h00016,bundle_post_opt_4_custom_cleanup,True,icmp,11,11,0
own_v1,O3,h00016,bundle_post_opt_4_custom_cleanup,True,inttoptr,1,1,0
own_v1,O3,h00016,bundle_post_opt_4_custom_cleanup,True,load,28,28,0
own_v1,O3,h00016,bundle_post_opt_4_custom_cleanup,True,lshr,1,1,0
own_v1,O3,h00016,bundle_post_opt_4_custom_cleanup,True,mul,3,3,0
own_v1,O3,h00016,bundle_post_opt_4_custom_cleanup,True,phi,2,2,0
own_v1,O3,h00016,bundle_post_opt_4_custom_cleanup,True,ptrtoint,2,2,0
own_v1,O3,h00016,bundle_post_opt_4_custom_cleanup,True,ret,2,1,-1
own_v1,O3,h00016,bundle_post_opt_4_custom_cleanup,True,select,10,10,0
own_v1,O3,h00016,bundle_post_opt_4_custom_cleanup,True,sext,3,3,0
own_v1,O3,h00016,bundle_post_opt_4_custom_cleanup,True,shl,8,8,0
own_v1,O3,h00016,bundle_post_opt_4_custom_cleanup,True,store,64,64,0
own_v1,O3,h00016,bundle_post_opt_4_custom_cleanup,True,switch,1,1,0
own_v1,O3,h00016,bundle_post_opt_4_custom_cleanup,True,xor,9,9,0
own_v1,O3,h00016,bundle_post_opt_4_custom_cleanup,True,zext,5,5,0
own_v1,O3,h00017,main_default_opt_1,True,add,86,78,-8
own_v1,O3,h00017,main_default_opt_1,True,alloca,7,5,-2
own_v1,O3,h00017,main_default_opt_1,True,and,33,33,0
own_v1,O3,h00017,main_default_opt_1,True,br,27,28,1
own_v1,O3,h00017,main_default_opt_1,True,call,32,25,-7
own_v1,O3,h00017,main_default_opt_1,True,getelementptr,63,41,-22
own_v1,O3,h00017,main_default_opt_1,True,icmp,32,32,0
own_v1,O3,h00017,main_default_opt_1,True,inttoptr,52,46,-6
own_v1,O3,h00017,main_default_opt_1,True,load,138,109,-29
own_v1,O3,h00017,main_default_opt_1,True,lshr,17,17,0
own_v1,O3,h00017,main_default_opt_1,True,mul,7,10,3
own_v1,O3,h00017,main_default_opt_1,True,or,3,0,-3
own_v1,O3,h00017,main_default_opt_1,True,phi,21,33,12
own_v1,O3,h00017,main_default_opt_1,True,ptrtoint,4,4,0
own_v1,O3,h00017,main_default_opt_1,True,ret,11,8,-3
own_v1,O3,h00017,main_default_opt_1,True,select,14,14,0
own_v1,O3,h00017,main_default_opt_1,True,sext,2,2,0
own_v1,O3,h00017,main_default_opt_1,True,shl,16,13,-3
own_v1,O3,h00017,main_default_opt_1,True,srem,3,3,0
own_v1,O3,h00017,main_default_opt_1,True,store,590,563,-27
own_v1,O3,h00017,main_default_opt_1,True,switch,1,1,0
own_v1,O3,h00017,main_default_opt_1,True,trunc,25,23,-2
own_v1,O3,h00017,main_default_opt_1,True,xor,38,37,-1
own_v1,O3,h00017,main_default_opt_1,True,zext,36,35,-1
own_v1,O3,h00017,main_default_opt_2,True,add,72,92,20
own_v1,O3,h00017,main_default_opt_2,True,alloca,5,5,0
own_v1,O3,h00017,main_default_opt_2,True,and,53,33,-20
own_v1,O3,h00017,main_default_opt_2,True,br,28,28,0
own_v1,O3,h00017,main_default_opt_2,True,call,25,26,1
own_v1,O3,h00017,main_default_opt_2,True,getelementptr,69,66,-3
own_v1,O3,h00017,main_default_opt_2,True,icmp,72,52,-20
own_v1,O3,h00017,main_default_opt_2,True,inttoptr,48,48,0
own_v1,O3,h00017,main_default_opt_2,True,load,109,109,0
own_v1,O3,h00017,main_default_opt_2,True,lshr,17,17,0
own_v1,O3,h00017,main_default_opt_2,True,mul,10,10,0
own_v1,O3,h00017,main_default_opt_2,True,phi,33,33,0
own_v1,O3,h00017,main_default_opt_2,True,ptrtoint,14,14,0
own_v1,O3,h00017,main_default_opt_2,True,ret,8,8,0
own_v1,O3,h00017,main_default_opt_2,True,select,34,34,0
own_v1,O3,h00017,main_default_opt_2,True,sext,2,2,0
own_v1,O3,h00017,main_default_opt_2,True,shl,13,13,0
own_v1,O3,h00017,main_default_opt_2,True,srem,3,3,0
own_v1,O3,h00017,main_default_opt_2,True,store,563,558,-5
own_v1,O3,h00017,main_default_opt_2,True,sub,20,0,-20
own_v1,O3,h00017,main_default_opt_2,True,switch,1,1,0
own_v1,O3,h00017,main_default_opt_2,True,trunc,23,23,0
own_v1,O3,h00017,main_default_opt_2,True,xor,37,37,0
own_v1,O3,h00017,main_default_opt_2,True,zext,35,35,0
own_v1,O3,h00017,bundle_default_opt_3,True,add,72,72,0
own_v1,O3,h00017,bundle_default_opt_3,True,alloca,5,5,0
own_v1,O3,h00017,bundle_default_opt_3,True,and,33,31,-2
own_v1,O3,h00017,bundle_default_opt_3,True,br,28,28,0
own_v1,O3,h00017,bundle_default_opt_3,True,call,36,33,-3
own_v1,O3,h00017,bundle_default_opt_3,True,getelementptr,46,46,0
own_v1,O3,h00017,bundle_default_opt_3,True,icmp,32,32,0
own_v1,O3,h00017,bundle_default_opt_3,True,inttoptr,38,38,0
own_v1,O3,h00017,bundle_default_opt_3,True,load,108,72,-36
own_v1,O3,h00017,bundle_default_opt_3,True,lshr,17,16,-1
own_v1,O3,h00017,bundle_default_opt_3,True,mul,10,10,0
own_v1,O3,h00017,bundle_default_opt_3,True,phi,29,27,-2
own_v1,O3,h00017,bundle_default_opt_3,True,ptrtoint,12,10,-2
own_v1,O3,h00017,bundle_default_opt_3,True,ret,9,9,0
own_v1,O3,h00017,bundle_default_opt_3,True,select,14,14,0
own_v1,O3,h00017,bundle_default_opt_3,True,sext,2,2,0
own_v1,O3,h00017,bundle_default_opt_3,True,shl,13,13,0
own_v1,O3,h00017,bundle_default_opt_3,True,srem,3,3,0
own_v1,O3,h00017,bundle_default_opt_3,True,store,431,307,-124
own_v1,O3,h00017,bundle_default_opt_3,True,switch,1,1,0
own_v1,O3,h00017,bundle_default_opt_3,True,trunc,23,21,-2
own_v1,O3,h00017,bundle_default_opt_3,True,xor,37,34,-3
own_v1,O3,h00017,bundle_default_opt_3,True,zext,30,29,-1
own_v1,O3,h00017,bundle_default_opt_4,True,add,72,71,-1
own_v1,O3,h00017,bundle_default_opt_4,True,alloca,5,5,0
own_v1,O3,h00017,bundle_default_opt_4,True,and,31,30,-1
own_v1,O3,h00017,bundle_default_opt_4,True,br,28,28,0
own_v1,O3,h00017,bundle_default_opt_4,True,call,33,33,0
own_v1,O3,h00017,bundle_default_opt_4,True,getelementptr,46,46,0
own_v1,O3,h00017,bundle_default_opt_4,True,icmp,32,30,-2
own_v1,O3,h00017,bundle_default_opt_4,True,inttoptr,38,38,0
own_v1,O3,h00017,bundle_default_opt_4,True,load,72,72,0
own_v1,O3,h00017,bundle_default_opt_4,True,lshr,16,15,-1
own_v1,O3,h00017,bundle_default_opt_4,True,mul,10,10,0
own_v1,O3,h00017,bundle_default_opt_4,True,phi,27,27,0
own_v1,O3,h00017,bundle_default_opt_4,True,ptrtoint,10,10,0
own_v1,O3,h00017,bundle_default_opt_4,True,ret,9,9,0
own_v1,O3,h00017,bundle_default_opt_4,True,select,14,14,0
own_v1,O3,h00017,bundle_default_opt_4,True,sext,2,2,0
own_v1,O3,h00017,bundle_default_opt_4,True,shl,13,13,0
own_v1,O3,h00017,bundle_default_opt_4,True,srem,3,3,0
own_v1,O3,h00017,bundle_default_opt_4,True,store,307,306,-1
own_v1,O3,h00017,bundle_default_opt_4,True,switch,1,1,0
own_v1,O3,h00017,bundle_default_opt_4,True,trunc,21,21,0
own_v1,O3,h00017,bundle_default_opt_4,True,xor,34,33,-1
own_v1,O3,h00017,bundle_default_opt_4,True,zext,29,27,-2
own_v1,O3,h00017,bundle_post_opt_4_custom_cleanup,True,add,71,71,0
own_v1,O3,h00017,bundle_post_opt_4_custom_cleanup,True,alloca,5,5,0
own_v1,O3,h00017,bundle_post_opt_4_custom_cleanup,True,and,30,30,0
own_v1,O3,h00017,bundle_post_opt_4_custom_cleanup,True,br,28,28,0
own_v1,O3,h00017,bundle_post_opt_4_custom_cleanup,True,call,33,33,0
own_v1,O3,h00017,bundle_post_opt_4_custom_cleanup,True,getelementptr,46,46,0
own_v1,O3,h00017,bundle_post_opt_4_custom_cleanup,True,icmp,30,30,0
own_v1,O3,h00017,bundle_post_opt_4_custom_cleanup,True,inttoptr,38,38,0
own_v1,O3,h00017,bundle_post_opt_4_custom_cleanup,True,load,72,72,0
own_v1,O3,h00017,bundle_post_opt_4_custom_cleanup,True,lshr,15,15,0
own_v1,O3,h00017,bundle_post_opt_4_custom_cleanup,True,mul,10,10,0
own_v1,O3,h00017,bundle_post_opt_4_custom_cleanup,True,phi,27,27,0
own_v1,O3,h00017,bundle_post_opt_4_custom_cleanup,True,ptrtoint,10,10,0
own_v1,O3,h00017,bundle_post_opt_4_custom_cleanup,True,ret,9,9,0
own_v1,O3,h00017,bundle_post_opt_4_custom_cleanup,True,select,14,14,0
own_v1,O3,h00017,bundle_post_opt_4_custom_cleanup,True,sext,2,2,0
own_v1,O3,h00017,bundle_post_opt_4_custom_cleanup,True,shl,13,13,0
own_v1,O3,h00017,bundle_post_opt_4_custom_cleanup,True,srem,3,3,0
own_v1,O3,h00017,bundle_post_opt_4_custom_cleanup,True,store,306,306,0
own_v1,O3,h00017,bundle_post_opt_4_custom_cleanup,True,switch,1,1,0
own_v1,O3,h00017,bundle_post_opt_4_custom_cleanup,True,trunc,21,21,0
own_v1,O3,h00017,bundle_post_opt_4_custom_cleanup,True,xor,33,33,0
own_v1,O3,h00017,bundle_post_opt_4_custom_cleanup,True,zext,27,27,0
own_v1,O3,h00018,main_default_opt_1,True,add,52,52,0
own_v1,O3,h00018,main_default_opt_1,True,alloca,3,1,-2
own_v1,O3,h00018,main_default_opt_1,True,and,24,24,0
own_v1,O3,h00018,main_default_opt_1,True,br,48,49,1
own_v1,O3,h00018,main_default_opt_1,True,call,19,13,-6
own_v1,O3,h00018,main_default_opt_1,True,getelementptr,94,73,-21
own_v1,O3,h00018,main_default_opt_1,True,icmp,39,39,0
own_v1,O3,h00018,main_default_opt_1,True,inttoptr,18,18,0
own_v1,O3,h00018,main_default_opt_1,True,load,95,93,-2
own_v1,O3,h00018,main_default_opt_1,True,lshr,10,10,0
own_v1,O3,h00018,main_default_opt_1,True,mul,2,2,0
own_v1,O3,h00018,main_default_opt_1,True,phi,27,39,12
own_v1,O3,h00018,main_default_opt_1,True,ptrtoint,6,6,0
own_v1,O3,h00018,main_default_opt_1,True,ret,11,8,-3
own_v1,O3,h00018,main_default_opt_1,True,select,23,23,0
own_v1,O3,h00018,main_default_opt_1,True,sext,9,9,0
own_v1,O3,h00018,main_default_opt_1,True,shl,11,11,0
own_v1,O3,h00018,main_default_opt_1,True,store,828,796,-32
own_v1,O3,h00018,main_default_opt_1,True,sub,2,2,0
own_v1,O3,h00018,main_default_opt_1,True,switch,1,1,0
own_v1,O3,h00018,main_default_opt_1,True,trunc,15,10,-5
own_v1,O3,h00018,main_default_opt_1,True,xor,26,26,0
own_v1,O3,h00018,main_default_opt_1,True,zext,25,23,-2
own_v1,O3,h00018,main_default_opt_2,True,add,49,49,0
own_v1,O3,h00018,main_default_opt_2,True,alloca,1,1,0
own_v1,O3,h00018,main_default_opt_2,True,and,26,24,-2
own_v1,O3,h00018,main_default_opt_2,True,br,49,49,0
own_v1,O3,h00018,main_default_opt_2,True,call,13,13,0
own_v1,O3,h00018,main_default_opt_2,True,getelementptr,75,72,-3
own_v1,O3,h00018,main_default_opt_2,True,icmp,41,37,-4
own_v1,O3,h00018,main_default_opt_2,True,inttoptr,14,14,0
own_v1,O3,h00018,main_default_opt_2,True,load,93,93,0
own_v1,O3,h00018,main_default_opt_2,True,lshr,10,10,0
own_v1,O3,h00018,main_default_opt_2,True,mul,2,2,0
own_v1,O3,h00018,main_default_opt_2,True,phi,39,39,0
own_v1,O3,h00018,main_default_opt_2,True,ptrtoint,6,6,0
own_v1,O3,h00018,main_default_opt_2,True,ret,8,8,0
own_v1,O3,h00018,main_default_opt_2,True,select,23,23,0
own_v1,O3,h00018,main_default_opt_2,True,sext,9,9,0
own_v1,O3,h00018,main_default_opt_2,True,shl,11,11,0
own_v1,O3,h00018,main_default_opt_2,True,store,796,794,-2
own_v1,O3,h00018,main_default_opt_2,True,sub,4,2,-2
own_v1,O3,h00018,main_default_opt_2,True,switch,1,1,0
own_v1,O3,h00018,main_default_opt_2,True,trunc,10,10,0
own_v1,O3,h00018,main_default_opt_2,True,xor,26,26,0
own_v1,O3,h00018,main_default_opt_2,True,zext,23,23,0
own_v1,O3,h00018,bundle_default_opt_3,True,add,46,46,0
own_v1,O3,h00018,bundle_default_opt_3,True,alloca,1,1,0
own_v1,O3,h00018,bundle_default_opt_3,True,and,19,19,0
own_v1,O3,h00018,bundle_default_opt_3,True,br,49,49,0
own_v1,O3,h00018,bundle_default_opt_3,True,call,14,14,0
own_v1,O3,h00018,bundle_default_opt_3,True,getelementptr,66,66,0
own_v1,O3,h00018,bundle_default_opt_3,True,icmp,35,35,0
own_v1,O3,h00018,bundle_default_opt_3,True,inttoptr,13,13,0
own_v1,O3,h00018,bundle_default_opt_3,True,load,93,84,-9
own_v1,O3,h00018,bundle_default_opt_3,True,lshr,10,10,0
own_v1,O3,h00018,bundle_default_opt_3,True,mul,2,2,0
own_v1,O3,h00018,bundle_default_opt_3,True,phi,30,30,0
own_v1,O3,h00018,bundle_default_opt_3,True,ptrtoint,1,1,0
own_v1,O3,h00018,bundle_default_opt_3,True,ret,9,9,0
own_v1,O3,h00018,bundle_default_opt_3,True,select,19,19,0
own_v1,O3,h00018,bundle_default_opt_3,True,sext,4,4,0
own_v1,O3,h00018,bundle_default_opt_3,True,shl,11,11,0
own_v1,O3,h00018,bundle_default_opt_3,True,store,598,446,-152
own_v1,O3,h00018,bundle_default_opt_3,True,sub,2,2,0
own_v1,O3,h00018,bundle_default_opt_3,True,switch,1,1,0
own_v1,O3,h00018,bundle_default_opt_3,True,trunc,10,10,0
own_v1,O3,h00018,bundle_default_opt_3,True,xor,26,26,0
own_v1,O3,h00018,bundle_default_opt_3,True,zext,16,15,-1
own_v1,O3,h00018,bundle_default_opt_4,True,add,46,46,0
own_v1,O3,h00018,bundle_default_opt_4,True,alloca,1,1,0
own_v1,O3,h00018,bundle_default_opt_4,True,and,19,19,0
own_v1,O3,h00018,bundle_default_opt_4,True,br,49,49,0
own_v1,O3,h00018,bundle_default_opt_4,True,call,14,14,0
own_v1,O3,h00018,bundle_default_opt_4,True,getelementptr,66,66,0
own_v1,O3,h00018,bundle_default_opt_4,True,icmp,35,35,0
own_v1,O3,h00018,bundle_default_opt_4,True,inttoptr,13,13,0
own_v1,O3,h00018,bundle_default_opt_4,True,load,84,84,0
own_v1,O3,h00018,bundle_default_opt_4,True,lshr,10,10,0
own_v1,O3,h00018,bundle_default_opt_4,True,mul,2,2,0
own_v1,O3,h00018,bundle_default_opt_4,True,phi,30,30,0
own_v1,O3,h00018,bundle_default_opt_4,True,ptrtoint,1,1,0
own_v1,O3,h00018,bundle_default_opt_4,True,ret,9,9,0
own_v1,O3,h00018,bundle_default_opt_4,True,select,19,19,0
own_v1,O3,h00018,bundle_default_opt_4,True,sext,4,4,0
own_v1,O3,h00018,bundle_default_opt_4,True,shl,11,11,0
own_v1,O3,h00018,bundle_default_opt_4,True,store,446,402,-44
own_v1,O3,h00018,bundle_default_opt_4,True,sub,2,2,0
own_v1,O3,h00018,bundle_default_opt_4,True,switch,1,1,0
own_v1,O3,h00018,bundle_default_opt_4,True,trunc,10,10,0
own_v1,O3,h00018,bundle_default_opt_4,True,xor,26,26,0
own_v1,O3,h00018,bundle_default_opt_4,True,zext,15,15,0
own_v1,O3,h00018,bundle_post_opt_4_custom_cleanup,True,add,46,46,0
own_v1,O3,h00018,bundle_post_opt_4_custom_cleanup,True,alloca,1,1,0
own_v1,O3,h00018,bundle_post_opt_4_custom_cleanup,True,and,19,19,0
own_v1,O3,h00018,bundle_post_opt_4_custom_cleanup,True,br,49,49,0
own_v1,O3,h00018,bundle_post_opt_4_custom_cleanup,True,call,14,14,0
own_v1,O3,h00018,bundle_post_opt_4_custom_cleanup,True,getelementptr,66,66,0
own_v1,O3,h00018,bundle_post_opt_4_custom_cleanup,True,icmp,35,35,0
own_v1,O3,h00018,bundle_post_opt_4_custom_cleanup,True,inttoptr,13,13,0
own_v1,O3,h00018,bundle_post_opt_4_custom_cleanup,True,load,84,84,0
own_v1,O3,h00018,bundle_post_opt_4_custom_cleanup,True,lshr,10,10,0
own_v1,O3,h00018,bundle_post_opt_4_custom_cleanup,True,mul,2,2,0
own_v1,O3,h00018,bundle_post_opt_4_custom_cleanup,True,phi,30,30,0
own_v1,O3,h00018,bundle_post_opt_4_custom_cleanup,True,ptrtoint,1,1,0
own_v1,O3,h00018,bundle_post_opt_4_custom_cleanup,True,ret,9,9,0
own_v1,O3,h00018,bundle_post_opt_4_custom_cleanup,True,select,19,19,0
own_v1,O3,h00018,bundle_post_opt_4_custom_cleanup,True,sext,4,4,0
own_v1,O3,h00018,bundle_post_opt_4_custom_cleanup,True,shl,11,11,0
own_v1,O3,h00018,bundle_post_opt_4_custom_cleanup,True,store,402,392,-10
own_v1,O3,h00018,bundle_post_opt_4_custom_cleanup,True,sub,2,2,0
own_v1,O3,h00018,bundle_post_opt_4_custom_cleanup,True,switch,1,1,0
own_v1,O3,h00018,bundle_post_opt_4_custom_cleanup,True,trunc,10,10,0
own_v1,O3,h00018,bundle_post_opt_4_custom_cleanup,True,xor,26,26,0
own_v1,O3,h00018,bundle_post_opt_4_custom_cleanup,True,zext,15,15,0
own_v1,O3,h00019,main_default_opt_1,True,add,31,25,-6
own_v1,O3,h00019,main_default_opt_1,True,alloca,7,5,-2
own_v1,O3,h00019,main_default_opt_1,True,and,19,18,-1
own_v1,O3,h00019,main_default_opt_1,True,br,39,37,-2
own_v1,O3,h00019,main_default_opt_1,True,call,28,16,-12
own_v1,O3,h00019,main_default_opt_1,True,getelementptr,97,80,-17
own_v1,O3,h00019,main_default_opt_1,True,icmp,28,27,-1
own_v1,O3,h00019,main_default_opt_1,True,inttoptr,10,8,-2
own_v1,O3,h00019,main_default_opt_1,True,load,104,88,-16
own_v1,O3,h00019,main_default_opt_1,True,lshr,16,15,-1
own_v1,O3,h00019,main_default_opt_1,True,phi,26,29,3
own_v1,O3,h00019,main_default_opt_1,True,ptrtoint,4,2,-2
own_v1,O3,h00019,main_default_opt_1,True,ret,11,2,-9
own_v1,O3,h00019,main_default_opt_1,True,select,12,12,0
own_v1,O3,h00019,main_default_opt_1,True,sext,1,1,0
own_v1,O3,h00019,main_default_opt_1,True,shl,6,6,0
own_v1,O3,h00019,main_default_opt_1,True,store,605,544,-61
own_v1,O3,h00019,main_default_opt_1,True,sub,4,4,0
own_v1,O3,h00019,main_default_opt_1,True,switch,1,1,0
own_v1,O3,h00019,main_default_opt_1,True,trunc,16,14,-2
own_v1,O3,h00019,main_default_opt_1,True,xor,25,23,-2
own_v1,O3,h00019,main_default_opt_1,True,zext,26,23,-3
own_v1,O3,h00019,main_default_opt_2,True,add,15,13,-2
own_v1,O3,h00019,main_default_opt_2,True,alloca,5,5,0
own_v1,O3,h00019,main_default_opt_2,True,and,8,5,-3
own_v1,O3,h00019,main_default_opt_2,True,br,37,35,-2
own_v1,O3,h00019,main_default_opt_2,True,call,11,8,-3
own_v1,O3,h00019,main_default_opt_2,True,getelementptr,70,33,-37
own_v1,O3,h00019,main_default_opt_2,True,icmp,22,15,-7
own_v1,O3,h00019,main_default_opt_2,True,inttoptr,9,3,-6
own_v1,O3,h00019,main_default_opt_2,True,load,33,37,4
own_v1,O3,h00019,main_default_opt_2,True,lshr,4,4,0
own_v1,O3,h00019,main_default_opt_2,True,phi,4,2,-2
own_v1,O3,h00019,main_default_opt_2,True,ptrtoint,4,2,-2
own_v1,O3,h00019,main_default_opt_2,True,ret,2,2,0
own_v1,O3,h00019,main_default_opt_2,True,select,15,13,-2
own_v1,O3,h00019,main_default_opt_2,True,sext,1,1,0
own_v1,O3,h00019,main_default_opt_2,True,shl,6,6,0
own_v1,O3,h00019,main_default_opt_2,True,store,73,74,1
own_v1,O3,h00019,main_default_opt_2,True,sub,7,4,-3
own_v1,O3,h00019,main_default_opt_2,True,switch,1,1,0
own_v1,O3,h00019,main_default_opt_2,True,xor,11,11,0
own_v1,O3,h00019,main_default_opt_2,True,zext,8,8,0
own_v1,O3,h00019,bundle_default_opt_3,True,add,11,11,0
own_v1,O3,h00019,bundle_default_opt_3,True,alloca,5,5,0
own_v1,O3,h00019,bundle_default_opt_3,True,and,5,5,0
own_v1,O3,h00019,bundle_default_opt_3,True,br,35,35,0
own_v1,O3,h00019,bundle_default_opt_3,True,call,8,8,0
own_v1,O3,h00019,bundle_default_opt_3,True,getelementptr,35,34,-1
own_v1,O3,h00019,bundle_default_opt_3,True,icmp,15,15,0
own_v1,O3,h00019,bundle_default_opt_3,True,inttoptr,1,1,0
own_v1,O3,h00019,bundle_default_opt_3,True,load,37,37,0
own_v1,O3,h00019,bundle_default_opt_3,True,lshr,4,4,0
own_v1,O3,h00019,bundle_default_opt_3,True,phi,2,2,0
own_v1,O3,h00019,bundle_default_opt_3,True,ptrtoint,2,2,0
own_v1,O3,h00019,bundle_default_opt_3,True,ret,2,2,0
own_v1,O3,h00019,bundle_default_opt_3,True,select,13,13,0
own_v1,O3,h00019,bundle_default_opt_3,True,sext,1,1,0
own_v1,O3,h00019,bundle_default_opt_3,True,shl,6,6,0
own_v1,O3,h00019,bundle_default_opt_3,True,store,74,74,0
own_v1,O3,h00019,bundle_default_opt_3,True,sub,4,4,0
own_v1,O3,h00019,bundle_default_opt_3,True,switch,1,1,0
own_v1,O3,h00019,bundle_default_opt_3,True,xor,11,11,0
own_v1,O3,h00019,bundle_default_opt_3,True,zext,8,8,0
own_v1,O3,h00019,bundle_default_opt_4,True,add,11,11,0
own_v1,O3,h00019,bundle_default_opt_4,True,alloca,5,5,0
own_v1,O3,h00019,bundle_default_opt_4,True,and,5,5,0
own_v1,O3,h00019,bundle_default_opt_4,True,br,35,35,0
own_v1,O3,h00019,bundle_default_opt_4,True,call,8,8,0
own_v1,O3,h00019,bundle_default_opt_4,True,getelementptr,34,34,0
own_v1,O3,h00019,bundle_default_opt_4,True,icmp,15,15,0
own_v1,O3,h00019,bundle_default_opt_4,True,inttoptr,1,1,0
own_v1,O3,h00019,bundle_default_opt_4,True,load,37,37,0
own_v1,O3,h00019,bundle_default_opt_4,True,lshr,4,4,0
own_v1,O3,h00019,bundle_default_opt_4,True,phi,2,2,0
own_v1,O3,h00019,bundle_default_opt_4,True,ptrtoint,2,2,0
own_v1,O3,h00019,bundle_default_opt_4,True,ret,2,2,0
own_v1,O3,h00019,bundle_default_opt_4,True,select,13,13,0
own_v1,O3,h00019,bundle_default_opt_4,True,sext,1,1,0
own_v1,O3,h00019,bundle_default_opt_4,True,shl,6,6,0
own_v1,O3,h00019,bundle_default_opt_4,True,store,74,74,0
own_v1,O3,h00019,bundle_default_opt_4,True,sub,4,4,0
own_v1,O3,h00019,bundle_default_opt_4,True,switch,1,1,0
own_v1,O3,h00019,bundle_default_opt_4,True,xor,11,11,0
own_v1,O3,h00019,bundle_default_opt_4,True,zext,8,8,0
own_v1,O3,h00019,bundle_post_opt_4_custom_cleanup,True,add,11,11,0
own_v1,O3,h00019,bundle_post_opt_4_custom_cleanup,True,alloca,5,5,0
own_v1,O3,h00019,bundle_post_opt_4_custom_cleanup,True,and,5,5,0
own_v1,O3,h00019,bundle_post_opt_4_custom_cleanup,True,br,35,35,0
own_v1,O3,h00019,bundle_post_opt_4_custom_cleanup,True,call,8,8,0
own_v1,O3,h00019,bundle_post_opt_4_custom_cleanup,True,getelementptr,34,34,0
own_v1,O3,h00019,bundle_post_opt_4_custom_cleanup,True,icmp,15,15,0
own_v1,O3,h00019,bundle_post_opt_4_custom_cleanup,True,inttoptr,1,1,0
own_v1,O3,h00019,bundle_post_opt_4_custom_cleanup,True,load,37,37,0
own_v1,O3,h00019,bundle_post_opt_4_custom_cleanup,True,lshr,4,4,0
own_v1,O3,h00019,bundle_post_opt_4_custom_cleanup,True,phi,2,2,0
own_v1,O3,h00019,bundle_post_opt_4_custom_cleanup,True,ptrtoint,2,2,0
own_v1,O3,h00019,bundle_post_opt_4_custom_cleanup,True,ret,2,1,-1
own_v1,O3,h00019,bundle_post_opt_4_custom_cleanup,True,select,13,13,0
own_v1,O3,h00019,bundle_post_opt_4_custom_cleanup,True,sext,1,1,0
own_v1,O3,h00019,bundle_post_opt_4_custom_cleanup,True,shl,6,6,0
own_v1,O3,h00019,bundle_post_opt_4_custom_cleanup,True,store,74,74,0
own_v1,O3,h00019,bundle_post_opt_4_custom_cleanup,True,sub,4,4,0
own_v1,O3,h00019,bundle_post_opt_4_custom_cleanup,True,switch,1,1,0
own_v1,O3,h00019,bundle_post_opt_4_custom_cleanup,True,xor,11,11,0
own_v1,O3,h00019,bundle_post_opt_4_custom_cleanup,True,zext,8,8,0
own_v1,O3,h00020,main_default_opt_1,True,add,43,43,0
own_v1,O3,h00020,main_default_opt_1,True,alloca,9,5,-4
own_v1,O3,h00020,main_default_opt_1,True,and,32,32,0
own_v1,O3,h00020,main_default_opt_1,True,ashr,1,1,0
own_v1,O3,h00020,main_default_opt_1,True,br,34,35,1
own_v1,O3,h00020,main_default_opt_1,True,call,37,26,-11
own_v1,O3,h00020,main_default_opt_1,True,getelementptr,102,68,-34
own_v1,O3,h00020,main_default_opt_1,True,icmp,32,32,0
own_v1,O3,h00020,main_default_opt_1,True,inttoptr,16,16,0
own_v1,O3,h00020,main_default_opt_1,True,load,140,138,-2
own_v1,O3,h00020,main_default_opt_1,True,lshr,14,14,0
own_v1,O3,h00020,main_default_opt_1,True,mul,6,6,0
own_v1,O3,h00020,main_default_opt_1,True,or,1,1,0
own_v1,O3,h00020,main_default_opt_1,True,phi,27,39,12
own_v1,O3,h00020,main_default_opt_1,True,ptrtoint,5,4,-1
own_v1,O3,h00020,main_default_opt_1,True,ret,11,8,-3
own_v1,O3,h00020,main_default_opt_1,True,select,10,10,0
own_v1,O3,h00020,main_default_opt_1,True,sext,1,0,-1
own_v1,O3,h00020,main_default_opt_1,True,shl,9,9,0
own_v1,O3,h00020,main_default_opt_1,True,srem,2,2,0
own_v1,O3,h00020,main_default_opt_1,True,store,660,612,-48
own_v1,O3,h00020,main_default_opt_1,True,switch,1,1,0
own_v1,O3,h00020,main_default_opt_1,True,trunc,26,21,-5
own_v1,O3,h00020,main_default_opt_1,True,xor,34,34,0
own_v1,O3,h00020,main_default_opt_1,True,zext,41,39,-2
own_v1,O3,h00020,main_default_opt_2,True,add,42,42,0
own_v1,O3,h00020,main_default_opt_2,True,alloca,2,2,0
own_v1,O3,h00020,main_default_opt_2,True,and,32,32,0
own_v1,O3,h00020,main_default_opt_2,True,ashr,1,1,0
own_v1,O3,h00020,main_default_opt_2,True,br,35,35,0
own_v1,O3,h00020,main_default_opt_2,True,call,20,18,-2
own_v1,O3,h00020,main_default_opt_2,True,getelementptr,40,39,-1
own_v1,O3,h00020,main_default_opt_2,True,icmp,32,32,0
own_v1,O3,h00020,main_default_opt_2,True,inttoptr,14,14,0
own_v1,O3,h00020,main_default_opt_2,True,load,138,140,2
own_v1,O3,h00020,main_default_opt_2,True,lshr,14,14,0
own_v1,O3,h00020,main_default_opt_2,True,mul,6,6,0
own_v1,O3,h00020,main_default_opt_2,True,or,1,1,0
own_v1,O3,h00020,main_default_opt_2,True,phi,39,39,0
own_v1,O3,h00020,main_default_opt_2,True,ptrtoint,4,4,0
own_v1,O3,h00020,main_default_opt_2,True,ret,8,8,0
own_v1,O3,h00020,main_default_opt_2,True,select,10,10,0
own_v1,O3,h00020,main_default_opt_2,True,shl,9,9,0
own_v1,O3,h00020,main_default_opt_2,True,srem,2,2,0
own_v1,O3,h00020,main_default_opt_2,True,store,576,577,1
own_v1,O3,h00020,main_default_opt_2,True,switch,1,1,0
own_v1,O3,h00020,main_default_opt_2,True,trunc,21,21,0
own_v1,O3,h00020,main_default_opt_2,True,xor,34,34,0
own_v1,O3,h00020,main_default_opt_2,True,zext,39,39,0
own_v1,O3,h00020,bundle_default_opt_3,True,add,42,42,0
own_v1,O3,h00020,bundle_default_opt_3,True,alloca,2,2,0
own_v1,O3,h00020,bundle_default_opt_3,True,and,32,31,-1
own_v1,O3,h00020,bundle_default_opt_3,True,ashr,1,1,0
own_v1,O3,h00020,bundle_default_opt_3,True,br,35,35,0
own_v1,O3,h00020,bundle_default_opt_3,True,call,17,17,0
own_v1,O3,h00020,bundle_default_opt_3,True,getelementptr,39,39,0
own_v1,O3,h00020,bundle_default_opt_3,True,icmp,32,32,0
own_v1,O3,h00020,bundle_default_opt_3,True,inttoptr,14,14,0
own_v1,O3,h00020,bundle_default_opt_3,True,load,140,92,-48
own_v1,O3,h00020,bundle_default_opt_3,True,lshr,14,14,0
own_v1,O3,h00020,bundle_default_opt_3,True,mul,6,5,-1
own_v1,O3,h00020,bundle_default_opt_3,True,or,1,1,0
own_v1,O3,h00020,bundle_default_opt_3,True,phi,37,35,-2
own_v1,O3,h00020,bundle_default_opt_3,True,ptrtoint,3,3,0
own_v1,O3,h00020,bundle_default_opt_3,True,ret,8,8,0
own_v1,O3,h00020,bundle_default_opt_3,True,select,10,10,0
own_v1,O3,h00020,bundle_default_opt_3,True,shl,9,9,0
own_v1,O3,h00020,bundle_default_opt_3,True,srem,2,2,0
own_v1,O3,h00020,bundle_default_opt_3,True,store,543,395,-148
own_v1,O3,h00020,bundle_default_opt_3,True,switch,1,1,0
own_v1,O3,h00020,bundle_default_opt_3,True,trunc,21,20,-1
own_v1,O3,h00020,bundle_default_opt_3,True,xor,34,32,-2
own_v1,O3,h00020,bundle_default_opt_3,True,zext,39,38,-1
own_v1,O3,h00020,bundle_default_opt_4,True,add,42,42,0
own_v1,O3,h00020,bundle_default_opt_4,True,alloca,2,2,0
own_v1,O3,h00020,bundle_default_opt_4,True,and,31,31,0
own_v1,O3,h00020,bundle_default_opt_4,True,ashr,1,1,0
own_v1,O3,h00020,bundle_default_opt_4,True,br,35,35,0
own_v1,O3,h00020,bundle_default_opt_4,True,call,17,17,0
own_v1,O3,h00020,bundle_default_opt_4,True,getelementptr,39,39,0
own_v1,O3,h00020,bundle_default_opt_4,True,icmp,32,32,0
own_v1,O3,h00020,bundle_default_opt_4,True,inttoptr,14,14,0
own_v1,O3,h00020,bundle_default_opt_4,True,load,92,92,0
own_v1,O3,h00020,bundle_default_opt_4,True,lshr,14,14,0
own_v1,O3,h00020,bundle_default_opt_4,True,mul,5,5,0
own_v1,O3,h00020,bundle_default_opt_4,True,or,1,1,0
own_v1,O3,h00020,bundle_default_opt_4,True,phi,35,35,0
own_v1,O3,h00020,bundle_default_opt_4,True,ptrtoint,3,3,0
own_v1,O3,h00020,bundle_default_opt_4,True,ret,8,8,0
own_v1,O3,h00020,bundle_default_opt_4,True,select,10,10,0
own_v1,O3,h00020,bundle_default_opt_4,True,shl,9,9,0
own_v1,O3,h00020,bundle_default_opt_4,True,srem,2,2,0
own_v1,O3,h00020,bundle_default_opt_4,True,store,395,382,-13
own_v1,O3,h00020,bundle_default_opt_4,True,switch,1,1,0
own_v1,O3,h00020,bundle_default_opt_4,True,trunc,20,20,0
own_v1,O3,h00020,bundle_default_opt_4,True,xor,32,32,0
own_v1,O3,h00020,bundle_default_opt_4,True,zext,38,38,0
own_v1,O3,h00020,bundle_post_opt_4_custom_cleanup,True,add,42,42,0
own_v1,O3,h00020,bundle_post_opt_4_custom_cleanup,True,alloca,2,2,0
own_v1,O3,h00020,bundle_post_opt_4_custom_cleanup,True,and,31,31,0
own_v1,O3,h00020,bundle_post_opt_4_custom_cleanup,True,ashr,1,1,0
own_v1,O3,h00020,bundle_post_opt_4_custom_cleanup,True,br,35,35,0
own_v1,O3,h00020,bundle_post_opt_4_custom_cleanup,True,call,17,17,0
own_v1,O3,h00020,bundle_post_opt_4_custom_cleanup,True,getelementptr,39,39,0
own_v1,O3,h00020,bundle_post_opt_4_custom_cleanup,True,icmp,32,32,0
own_v1,O3,h00020,bundle_post_opt_4_custom_cleanup,True,inttoptr,14,14,0
own_v1,O3,h00020,bundle_post_opt_4_custom_cleanup,True,load,92,92,0
own_v1,O3,h00020,bundle_post_opt_4_custom_cleanup,True,lshr,14,14,0
own_v1,O3,h00020,bundle_post_opt_4_custom_cleanup,True,mul,5,5,0
own_v1,O3,h00020,bundle_post_opt_4_custom_cleanup,True,or,1,1,0
own_v1,O3,h00020,bundle_post_opt_4_custom_cleanup,True,phi,35,35,0
own_v1,O3,h00020,bundle_post_opt_4_custom_cleanup,True,ptrtoint,3,3,0
own_v1,O3,h00020,bundle_post_opt_4_custom_cleanup,True,ret,8,8,0
own_v1,O3,h00020,bundle_post_opt_4_custom_cleanup,True,select,10,10,0
own_v1,O3,h00020,bundle_post_opt_4_custom_cleanup,True,shl,9,9,0
own_v1,O3,h00020,bundle_post_opt_4_custom_cleanup,True,srem,2,2,0
own_v1,O3,h00020,bundle_post_opt_4_custom_cleanup,True,store,382,382,0
own_v1,O3,h00020,bundle_post_opt_4_custom_cleanup,True,switch,1,1,0
own_v1,O3,h00020,bundle_post_opt_4_custom_cleanup,True,trunc,20,20,0
own_v1,O3,h00020,bundle_post_opt_4_custom_cleanup,True,xor,32,32,0
own_v1,O3,h00020,bundle_post_opt_4_custom_cleanup,True,zext,38,38,0
own_v1,O3,h00021,main_default_opt_1,True,add,65,56,-9
own_v1,O3,h00021,main_default_opt_1,True,alloca,9,5,-4
own_v1,O3,h00021,main_default_opt_1,True,and,23,23,0
own_v1,O3,h00021,main_default_opt_1,True,br,30,31,1
own_v1,O3,h00021,main_default_opt_1,True,call,39,28,-11
own_v1,O3,h00021,main_default_opt_1,True,getelementptr,110,66,-44
own_v1,O3,h00021,main_default_opt_1,True,icmp,35,35,0
own_v1,O3,h00021,main_default_opt_1,True,inttoptr,27,27,0
own_v1,O3,h00021,main_default_opt_1,True,load,157,112,-45
own_v1,O3,h00021,main_default_opt_1,True,lshr,12,12,0
own_v1,O3,h00021,main_default_opt_1,True,mul,9,9,0
own_v1,O3,h00021,main_default_opt_1,True,or,1,1,0
own_v1,O3,h00021,main_default_opt_1,True,phi,20,31,11
own_v1,O3,h00021,main_default_opt_1,True,ptrtoint,4,4,0
own_v1,O3,h00021,main_default_opt_1,True,ret,11,8,-3
own_v1,O3,h00021,main_default_opt_1,True,select,20,20,0
own_v1,O3,h00021,main_default_opt_1,True,shl,4,4,0
own_v1,O3,h00021,main_default_opt_1,True,store,567,516,-51
own_v1,O3,h00021,main_default_opt_1,True,switch,2,2,0
own_v1,O3,h00021,main_default_opt_1,True,trunc,24,20,-4
own_v1,O3,h00021,main_default_opt_1,True,xor,38,38,0
own_v1,O3,h00021,main_default_opt_1,True,zext,41,40,-1
own_v1,O3,h00021,main_default_opt_2,True,add,46,46,0
own_v1,O3,h00021,main_default_opt_2,True,alloca,1,1,0
own_v1,O3,h00021,main_default_opt_2,True,and,23,23,0
own_v1,O3,h00021,main_default_opt_2,True,br,31,31,0
own_v1,O3,h00021,main_default_opt_2,True,call,20,20,0
own_v1,O3,h00021,main_default_opt_2,True,getelementptr,51,44,-7
own_v1,O3,h00021,main_default_opt_2,True,icmp,35,35,0
own_v1,O3,h00021,main_default_opt_2,True,inttoptr,12,12,0
own_v1,O3,h00021,main_default_opt_2,True,load,112,112,0
own_v1,O3,h00021,main_default_opt_2,True,lshr,12,12,0
own_v1,O3,h00021,main_default_opt_2,True,mul,9,9,0
own_v1,O3,h00021,main_default_opt_2,True,or,1,1,0
own_v1,O3,h00021,main_default_opt_2,True,phi,31,31,0
own_v1,O3,h00021,main_default_opt_2,True,ptrtoint,4,4,0
own_v1,O3,h00021,main_default_opt_2,True,ret,8,8,0
own_v1,O3,h00021,main_default_opt_2,True,select,20,20,0
own_v1,O3,h00021,main_default_opt_2,True,shl,4,4,0
own_v1,O3,h00021,main_default_opt_2,True,store,480,478,-2
own_v1,O3,h00021,main_default_opt_2,True,switch,2,2,0
own_v1,O3,h00021,main_default_opt_2,True,trunc,20,20,0
own_v1,O3,h00021,main_default_opt_2,True,xor,38,38,0
own_v1,O3,h00021,main_default_opt_2,True,zext,40,40,0
own_v1,O3,h00021,bundle_default_opt_3,True,add,46,46,0
own_v1,O3,h00021,bundle_default_opt_3,True,alloca,1,1,0
own_v1,O3,h00021,bundle_default_opt_3,True,and,23,21,-2
own_v1,O3,h00021,bundle_default_opt_3,True,br,31,31,0
own_v1,O3,h00021,bundle_default_opt_3,True,call,19,18,-1
own_v1,O3,h00021,bundle_default_opt_3,True,getelementptr,44,44,0
own_v1,O3,h00021,bundle_default_opt_3,True,icmp,35,35,0
own_v1,O3,h00021,bundle_default_opt_3,True,inttoptr,12,12,0
own_v1,O3,h00021,bundle_default_opt_3,True,load,111,71,-40
own_v1,O3,h00021,bundle_default_opt_3,True,lshr,12,11,-1
own_v1,O3,h00021,bundle_default_opt_3,True,mul,9,9,0
own_v1,O3,h00021,bundle_default_opt_3,True,or,1,1,0
own_v1,O3,h00021,bundle_default_opt_3,True,phi,25,25,0
own_v1,O3,h00021,bundle_default_opt_3,True,ptrtoint,1,1,0
own_v1,O3,h00021,bundle_default_opt_3,True,ret,8,8,0
own_v1,O3,h00021,bundle_default_opt_3,True,select,20,20,0
own_v1,O3,h00021,bundle_default_opt_3,True,shl,4,4,0
own_v1,O3,h00021,bundle_default_opt_3,True,store,352,275,-77
own_v1,O3,h00021,bundle_default_opt_3,True,switch,2,2,0
own_v1,O3,h00021,bundle_default_opt_3,True,trunc,20,18,-2
own_v1,O3,h00021,bundle_default_opt_3,True,xor,38,35,-3
own_v1,O3,h00021,bundle_default_opt_3,True,zext,26,25,-1
own_v1,O3,h00021,bundle_default_opt_4,True,add,46,46,0
own_v1,O3,h00021,bundle_default_opt_4,True,alloca,1,1,0
own_v1,O3,h00021,bundle_default_opt_4,True,and,21,20,-1
own_v1,O3,h00021,bundle_default_opt_4,True,br,31,31,0
own_v1,O3,h00021,bundle_default_opt_4,True,call,18,18,0
own_v1,O3,h00021,bundle_default_opt_4,True,getelementptr,44,44,0
own_v1,O3,h00021,bundle_default_opt_4,True,icmp,35,34,-1
own_v1,O3,h00021,bundle_default_opt_4,True,inttoptr,12,12,0
own_v1,O3,h00021,bundle_default_opt_4,True,load,71,71,0
own_v1,O3,h00021,bundle_default_opt_4,True,lshr,11,11,0
own_v1,O3,h00021,bundle_default_opt_4,True,mul,9,9,0
own_v1,O3,h00021,bundle_default_opt_4,True,or,1,1,0
own_v1,O3,h00021,bundle_default_opt_4,True,phi,25,25,0
own_v1,O3,h00021,bundle_default_opt_4,True,ptrtoint,1,1,0
own_v1,O3,h00021,bundle_default_opt_4,True,ret,8,8,0
own_v1,O3,h00021,bundle_default_opt_4,True,select,20,20,0
own_v1,O3,h00021,bundle_default_opt_4,True,shl,4,4,0
own_v1,O3,h00021,bundle_default_opt_4,True,store,275,274,-1
own_v1,O3,h00021,bundle_default_opt_4,True,switch,2,2,0
own_v1,O3,h00021,bundle_default_opt_4,True,trunc,18,18,0
own_v1,O3,h00021,bundle_default_opt_4,True,xor,35,35,0
own_v1,O3,h00021,bundle_default_opt_4,True,zext,25,24,-1
own_v1,O3,h00021,bundle_post_opt_4_custom_cleanup,True,add,46,46,0
own_v1,O3,h00021,bundle_post_opt_4_custom_cleanup,True,alloca,1,1,0
own_v1,O3,h00021,bundle_post_opt_4_custom_cleanup,True,and,20,20,0
own_v1,O3,h00021,bundle_post_opt_4_custom_cleanup,True,br,31,31,0
own_v1,O3,h00021,bundle_post_opt_4_custom_cleanup,True,call,18,18,0
own_v1,O3,h00021,bundle_post_opt_4_custom_cleanup,True,getelementptr,44,44,0
own_v1,O3,h00021,bundle_post_opt_4_custom_cleanup,True,icmp,34,34,0
own_v1,O3,h00021,bundle_post_opt_4_custom_cleanup,True,inttoptr,12,12,0
own_v1,O3,h00021,bundle_post_opt_4_custom_cleanup,True,load,71,71,0
own_v1,O3,h00021,bundle_post_opt_4_custom_cleanup,True,lshr,11,11,0
own_v1,O3,h00021,bundle_post_opt_4_custom_cleanup,True,mul,9,9,0
own_v1,O3,h00021,bundle_post_opt_4_custom_cleanup,True,or,1,1,0
own_v1,O3,h00021,bundle_post_opt_4_custom_cleanup,True,phi,25,25,0
own_v1,O3,h00021,bundle_post_opt_4_custom_cleanup,True,ptrtoint,1,1,0
own_v1,O3,h00021,bundle_post_opt_4_custom_cleanup,True,ret,8,8,0
own_v1,O3,h00021,bundle_post_opt_4_custom_cleanup,True,select,20,20,0
own_v1,O3,h00021,bundle_post_opt_4_custom_cleanup,True,shl,4,4,0
own_v1,O3,h00021,bundle_post_opt_4_custom_cleanup,True,store,274,274,0
own_v1,O3,h00021,bundle_post_opt_4_custom_cleanup,True,switch,2,2,0
own_v1,O3,h00021,bundle_post_opt_4_custom_cleanup,True,trunc,18,18,0
own_v1,O3,h00021,bundle_post_opt_4_custom_cleanup,True,xor,35,35,0
own_v1,O3,h00021,bundle_post_opt_4_custom_cleanup,True,zext,24,24,0
own_v1,O3,h00022,main_default_opt_1,True,add,28,22,-6
own_v1,O3,h00022,main_default_opt_1,True,alloca,5,3,-2
own_v1,O3,h00022,main_default_opt_1,True,and,18,17,-1
own_v1,O3,h00022,main_default_opt_1,True,br,6,4,-2
own_v1,O3,h00022,main_default_opt_1,True,call,26,14,-12
own_v1,O3,h00022,main_default_opt_1,True,getelementptr,41,23,-18
own_v1,O3,h00022,main_default_opt_1,True,icmp,11,10,-1
own_v1,O3,h00022,main_default_opt_1,True,inttoptr,17,14,-3
own_v1,O3,h00022,main_default_opt_1,True,load,90,73,-17
own_v1,O3,h00022,main_default_opt_1,True,lshr,13,12,-1
own_v1,O3,h00022,main_default_opt_1,True,mul,4,4,0
own_v1,O3,h00022,main_default_opt_1,True,or,1,1,0
own_v1,O3,h00022,main_default_opt_1,True,phi,22,14,-8
own_v1,O3,h00022,main_default_opt_1,True,ptrtoint,4,3,-1
own_v1,O3,h00022,main_default_opt_1,True,ret,12,3,-9
own_v1,O3,h00022,main_default_opt_1,True,select,1,1,0
own_v1,O3,h00022,main_default_opt_1,True,shl,2,2,0
own_v1,O3,h00022,main_default_opt_1,True,store,291,230,-61
own_v1,O3,h00022,main_default_opt_1,True,switch,1,1,0
own_v1,O3,h00022,main_default_opt_1,True,trunc,19,18,-1
own_v1,O3,h00022,main_default_opt_1,True,udiv,1,1,0
own_v1,O3,h00022,main_default_opt_1,True,xor,18,17,-1
own_v1,O3,h00022,main_default_opt_1,True,zext,16,12,-4
own_v1,O3,h00022,main_default_opt_2,True,add,21,21,0
own_v1,O3,h00022,main_default_opt_2,True,alloca,2,2,0
own_v1,O3,h00022,main_default_opt_2,True,and,17,17,0
own_v1,O3,h00022,main_default_opt_2,True,br,4,4,0
own_v1,O3,h00022,main_default_opt_2,True,call,12,10,-2
own_v1,O3,h00022,main_default_opt_2,True,getelementptr,10,9,-1
own_v1,O3,h00022,main_default_opt_2,True,icmp,10,10,0
own_v1,O3,h00022,main_default_opt_2,True,inttoptr,12,12,0
own_v1,O3,h00022,main_default_opt_2,True,load,73,75,2
own_v1,O3,h00022,main_default_opt_2,True,lshr,12,12,0
own_v1,O3,h00022,main_default_opt_2,True,mul,4,4,0
own_v1,O3,h00022,main_default_opt_2,True,or,1,1,0
own_v1,O3,h00022,main_default_opt_2,True,phi,14,14,0
own_v1,O3,h00022,main_default_opt_2,True,ptrtoint,3,3,0
own_v1,O3,h00022,main_default_opt_2,True,ret,3,3,0
own_v1,O3,h00022,main_default_opt_2,True,select,1,1,0
own_v1,O3,h00022,main_default_opt_2,True,shl,2,2,0
own_v1,O3,h00022,main_default_opt_2,True,store,212,214,2
own_v1,O3,h00022,main_default_opt_2,True,switch,1,1,0
own_v1,O3,h00022,main_default_opt_2,True,trunc,18,18,0
own_v1,O3,h00022,main_default_opt_2,True,udiv,1,1,0
own_v1,O3,h00022,main_default_opt_2,True,xor,17,17,0
own_v1,O3,h00022,main_default_opt_2,True,zext,12,12,0
own_v1,O3,h00022,bundle_default_opt_3,True,add,21,16,-5
own_v1,O3,h00022,bundle_default_opt_3,True,alloca,2,2,0
own_v1,O3,h00022,bundle_default_opt_3,True,and,17,4,-13
own_v1,O3,h00022,bundle_default_opt_3,True,br,4,4,0
own_v1,O3,h00022,bundle_default_opt_3,True,call,9,5,-4
own_v1,O3,h00022,bundle_default_opt_3,True,getelementptr,9,9,0
own_v1,O3,h00022,bundle_default_opt_3,True,icmp,10,1,-9
own_v1,O3,h00022,bundle_default_opt_3,True,inttoptr,12,11,-1
own_v1,O3,h00022,bundle_default_opt_3,True,load,75,25,-50
own_v1,O3,h00022,bundle_default_opt_3,True,lshr,12,2,-10
own_v1,O3,h00022,bundle_default_opt_3,True,mul,4,4,0
own_v1,O3,h00022,bundle_default_opt_3,True,or,1,0,-1
own_v1,O3,h00022,bundle_default_opt_3,True,phi,14,7,-7
own_v1,O3,h00022,bundle_default_opt_3,True,ptrtoint,2,2,0
own_v1,O3,h00022,bundle_default_opt_3,True,ret,3,3,0
own_v1,O3,h00022,bundle_default_opt_3,True,select,1,1,0
own_v1,O3,h00022,bundle_default_opt_3,True,shl,2,1,-1
own_v1,O3,h00022,bundle_default_opt_3,True,store,213,99,-114
own_v1,O3,h00022,bundle_default_opt_3,True,switch,1,1,0
own_v1,O3,h00022,bundle_default_opt_3,True,trunc,18,1,-17
own_v1,O3,h00022,bundle_default_opt_3,True,udiv,1,1,0
own_v1,O3,h00022,bundle_default_opt_3,True,xor,17,6,-11
own_v1,O3,h00022,bundle_default_opt_3,True,zext,12,3,-9
own_v1,O3,h00022,bundle_default_opt_4,True,add,16,16,0
own_v1,O3,h00022,bundle_default_opt_4,True,alloca,2,2,0
own_v1,O3,h00022,bundle_default_opt_4,True,and,4,4,0
own_v1,O3,h00022,bundle_default_opt_4,True,br,4,4,0
own_v1,O3,h00022,bundle_default_opt_4,True,call,5,5,0
own_v1,O3,h00022,bundle_default_opt_4,True,getelementptr,9,9,0
own_v1,O3,h00022,bundle_default_opt_4,True,icmp,1,1,0
own_v1,O3,h00022,bundle_default_opt_4,True,inttoptr,11,11,0
own_v1,O3,h00022,bundle_default_opt_4,True,load,25,25,0
own_v1,O3,h00022,bundle_default_opt_4,True,lshr,2,2,0
own_v1,O3,h00022,bundle_default_opt_4,True,mul,4,4,0
own_v1,O3,h00022,bundle_default_opt_4,True,phi,7,7,0
own_v1,O3,h00022,bundle_default_opt_4,True,ptrtoint,2,2,0
own_v1,O3,h00022,bundle_default_opt_4,True,ret,3,3,0
own_v1,O3,h00022,bundle_default_opt_4,True,select,1,1,0
own_v1,O3,h00022,bundle_default_opt_4,True,shl,1,1,0
own_v1,O3,h00022,bundle_default_opt_4,True,store,99,98,-1
own_v1,O3,h00022,bundle_default_opt_4,True,switch,1,1,0
own_v1,O3,h00022,bundle_default_opt_4,True,trunc,1,1,0
own_v1,O3,h00022,bundle_default_opt_4,True,udiv,1,1,0
own_v1,O3,h00022,bundle_default_opt_4,True,xor,6,6,0
own_v1,O3,h00022,bundle_default_opt_4,True,zext,3,3,0
own_v1,O3,h00022,bundle_post_opt_4_custom_cleanup,True,add,16,16,0
own_v1,O3,h00022,bundle_post_opt_4_custom_cleanup,True,alloca,2,2,0
own_v1,O3,h00022,bundle_post_opt_4_custom_cleanup,True,and,4,4,0
own_v1,O3,h00022,bundle_post_opt_4_custom_cleanup,True,br,4,4,0
own_v1,O3,h00022,bundle_post_opt_4_custom_cleanup,True,call,5,5,0
own_v1,O3,h00022,bundle_post_opt_4_custom_cleanup,True,getelementptr,9,9,0
own_v1,O3,h00022,bundle_post_opt_4_custom_cleanup,True,icmp,1,1,0
own_v1,O3,h00022,bundle_post_opt_4_custom_cleanup,True,inttoptr,11,11,0
own_v1,O3,h00022,bundle_post_opt_4_custom_cleanup,True,load,25,25,0
own_v1,O3,h00022,bundle_post_opt_4_custom_cleanup,True,lshr,2,2,0
own_v1,O3,h00022,bundle_post_opt_4_custom_cleanup,True,mul,4,4,0
own_v1,O3,h00022,bundle_post_opt_4_custom_cleanup,True,phi,7,7,0
own_v1,O3,h00022,bundle_post_opt_4_custom_cleanup,True,ptrtoint,2,2,0
own_v1,O3,h00022,bundle_post_opt_4_custom_cleanup,True,ret,3,2,-1
own_v1,O3,h00022,bundle_post_opt_4_custom_cleanup,True,select,1,1,0
own_v1,O3,h00022,bundle_post_opt_4_custom_cleanup,True,shl,1,1,0
own_v1,O3,h00022,bundle_post_opt_4_custom_cleanup,True,store,98,97,-1
own_v1,O3,h00022,bundle_post_opt_4_custom_cleanup,True,switch,1,1,0
own_v1,O3,h00022,bundle_post_opt_4_custom_cleanup,True,trunc,1,1,0
own_v1,O3,h00022,bundle_post_opt_4_custom_cleanup,True,udiv,1,1,0
own_v1,O3,h00022,bundle_post_opt_4_custom_cleanup,True,xor,6,6,0
own_v1,O3,h00022,bundle_post_opt_4_custom_cleanup,True,zext,3,3,0
own_v1,O3,h00023,main_default_opt_1,True,add,90,84,-6
own_v1,O3,h00023,main_default_opt_1,True,alloca,7,5,-2
own_v1,O3,h00023,main_default_opt_1,True,and,27,26,-1
own_v1,O3,h00023,main_default_opt_1,True,br,37,35,-2
own_v1,O3,h00023,main_default_opt_1,True,call,30,18,-12
own_v1,O3,h00023,main_default_opt_1,True,getelementptr,52,35,-17
own_v1,O3,h00023,main_default_opt_1,True,icmp,29,28,-1
own_v1,O3,h00023,main_default_opt_1,True,inttoptr,59,57,-2
own_v1,O3,h00023,main_default_opt_1,True,load,112,95,-17
own_v1,O3,h00023,main_default_opt_1,True,lshr,16,15,-1
own_v1,O3,h00023,main_default_opt_1,True,mul,2,2,0
own_v1,O3,h00023,main_default_opt_1,True,or,1,1,0
own_v1,O3,h00023,main_default_opt_1,True,phi,27,31,4
own_v1,O3,h00023,main_default_opt_1,True,ptrtoint,4,3,-1
own_v1,O3,h00023,main_default_opt_1,True,ret,11,2,-9
own_v1,O3,h00023,main_default_opt_1,True,sdiv,1,1,0
own_v1,O3,h00023,main_default_opt_1,True,select,10,10,0
own_v1,O3,h00023,main_default_opt_1,True,sext,10,10,0
own_v1,O3,h00023,main_default_opt_1,True,shl,17,17,0
own_v1,O3,h00023,main_default_opt_1,True,store,660,599,-61
own_v1,O3,h00023,main_default_opt_1,True,sub,2,2,0
own_v1,O3,h00023,main_default_opt_1,True,switch,1,1,0
own_v1,O3,h00023,main_default_opt_1,True,trunc,20,18,-2
own_v1,O3,h00023,main_default_opt_1,True,unreachable,1,1,0
own_v1,O3,h00023,main_default_opt_1,True,xor,29,26,-3
own_v1,O3,h00023,main_default_opt_1,True,zext,30,26,-4
own_v1,O3,h00023,main_default_opt_2,True,add,74,38,-36
own_v1,O3,h00023,main_default_opt_2,True,alloca,4,4,0
own_v1,O3,h00023,main_default_opt_2,True,and,14,10,-4
own_v1,O3,h00023,main_default_opt_2,True,br,35,30,-5
own_v1,O3,h00023,main_default_opt_2,True,call,10,9,-1
own_v1,O3,h00023,main_default_opt_2,True,getelementptr,25,21,-4
own_v1,O3,h00023,main_default_opt_2,True,icmp,22,14,-8
own_v1,O3,h00023,main_default_opt_2,True,inttoptr,59,22,-37
own_v1,O3,h00023,main_default_opt_2,True,load,36,37,1
own_v1,O3,h00023,main_default_opt_2,True,mul,2,2,0
own_v1,O3,h00023,main_default_opt_2,True,or,1,1,0
own_v1,O3,h00023,main_default_opt_2,True,phi,4,4,0
own_v1,O3,h00023,main_default_opt_2,True,ptrtoint,5,3,-2
own_v1,O3,h00023,main_default_opt_2,True,ret,2,2,0
own_v1,O3,h00023,main_default_opt_2,True,sdiv,1,1,0
own_v1,O3,h00023,main_default_opt_2,True,select,14,12,-2
own_v1,O3,h00023,main_default_opt_2,True,sext,10,10,0
own_v1,O3,h00023,main_default_opt_2,True,shl,17,17,0
own_v1,O3,h00023,main_default_opt_2,True,store,73,43,-30
own_v1,O3,h00023,main_default_opt_2,True,sub,5,1,-4
own_v1,O3,h00023,main_default_opt_2,True,switch,1,1,0
own_v1,O3,h00023,main_default_opt_2,True,unreachable,1,1,0
own_v1,O3,h00023,main_default_opt_2,True,xor,9,9,0
own_v1,O3,h00023,main_default_opt_2,True,zext,7,7,0
own_v1,O3,h00023,bundle_default_opt_3,True,add,18,18,0
own_v1,O3,h00023,bundle_default_opt_3,True,alloca,4,4,0
own_v1,O3,h00023,bundle_default_opt_3,True,and,10,10,0
own_v1,O3,h00023,bundle_default_opt_3,True,br,30,30,0
own_v1,O3,h00023,bundle_default_opt_3,True,call,9,9,0
own_v1,O3,h00023,bundle_default_opt_3,True,getelementptr,49,40,-9
own_v1,O3,h00023,bundle_default_opt_3,True,icmp,14,14,0
own_v1,O3,h00023,bundle_default_opt_3,True,inttoptr,1,1,0
own_v1,O3,h00023,bundle_default_opt_3,True,load,37,37,0
own_v1,O3,h00023,bundle_default_opt_3,True,mul,2,2,0
own_v1,O3,h00023,bundle_default_opt_3,True,or,1,1,0
own_v1,O3,h00023,bundle_default_opt_3,True,phi,4,4,0
own_v1,O3,h00023,bundle_default_opt_3,True,ptrtoint,3,3,0
own_v1,O3,h00023,bundle_default_opt_3,True,ret,2,2,0
own_v1,O3,h00023,bundle_default_opt_3,True,sdiv,1,1,0
own_v1,O3,h00023,bundle_default_opt_3,True,select,12,12,0
own_v1,O3,h00023,bundle_default_opt_3,True,sext,10,10,0
own_v1,O3,h00023,bundle_default_opt_3,True,shl,17,17,0
own_v1,O3,h00023,bundle_default_opt_3,True,store,43,43,0
own_v1,O3,h00023,bundle_default_opt_3,True,sub,1,1,0
own_v1,O3,h00023,bundle_default_opt_3,True,switch,1,1,0
own_v1,O3,h00023,bundle_default_opt_3,True,unreachable,1,1,0
own_v1,O3,h00023,bundle_default_opt_3,True,xor,9,9,0
own_v1,O3,h00023,bundle_default_opt_3,True,zext,7,7,0
own_v1,O3,h00023,bundle_default_opt_4,True,add,18,18,0
own_v1,O3,h00023,bundle_default_opt_4,True,alloca,4,4,0
own_v1,O3,h00023,bundle_default_opt_4,True,and,10,10,0
own_v1,O3,h00023,bundle_default_opt_4,True,br,30,30,0
own_v1,O3,h00023,bundle_default_opt_4,True,call,9,9,0
own_v1,O3,h00023,bundle_default_opt_4,True,getelementptr,40,40,0
own_v1,O3,h00023,bundle_default_opt_4,True,icmp,14,14,0
own_v1,O3,h00023,bundle_default_opt_4,True,inttoptr,1,1,0
own_v1,O3,h00023,bundle_default_opt_4,True,load,37,37,0
own_v1,O3,h00023,bundle_default_opt_4,True,mul,2,2,0
own_v1,O3,h00023,bundle_default_opt_4,True,or,1,1,0
own_v1,O3,h00023,bundle_default_opt_4,True,phi,4,4,0
own_v1,O3,h00023,bundle_default_opt_4,True,ptrtoint,3,3,0
own_v1,O3,h00023,bundle_default_opt_4,True,ret,2,2,0
own_v1,O3,h00023,bundle_default_opt_4,True,sdiv,1,1,0
own_v1,O3,h00023,bundle_default_opt_4,True,select,12,12,0
own_v1,O3,h00023,bundle_default_opt_4,True,sext,10,10,0
own_v1,O3,h00023,bundle_default_opt_4,True,shl,17,17,0
own_v1,O3,h00023,bundle_default_opt_4,True,store,43,43,0
own_v1,O3,h00023,bundle_default_opt_4,True,sub,1,1,0
own_v1,O3,h00023,bundle_default_opt_4,True,switch,1,1,0
own_v1,O3,h00023,bundle_default_opt_4,True,unreachable,1,1,0
own_v1,O3,h00023,bundle_default_opt_4,True,xor,9,9,0
own_v1,O3,h00023,bundle_default_opt_4,True,zext,7,7,0
own_v1,O3,h00023,bundle_post_opt_4_custom_cleanup,True,add,18,18,0
own_v1,O3,h00023,bundle_post_opt_4_custom_cleanup,True,alloca,4,4,0
own_v1,O3,h00023,bundle_post_opt_4_custom_cleanup,True,and,10,10,0
own_v1,O3,h00023,bundle_post_opt_4_custom_cleanup,True,br,30,30,0
own_v1,O3,h00023,bundle_post_opt_4_custom_cleanup,True,call,9,9,0
own_v1,O3,h00023,bundle_post_opt_4_custom_cleanup,True,getelementptr,40,40,0
own_v1,O3,h00023,bundle_post_opt_4_custom_cleanup,True,icmp,14,14,0
own_v1,O3,h00023,bundle_post_opt_4_custom_cleanup,True,inttoptr,1,1,0
own_v1,O3,h00023,bundle_post_opt_4_custom_cleanup,True,load,37,37,0
own_v1,O3,h00023,bundle_post_opt_4_custom_cleanup,True,mul,2,2,0
own_v1,O3,h00023,bundle_post_opt_4_custom_cleanup,True,or,1,1,0
own_v1,O3,h00023,bundle_post_opt_4_custom_cleanup,True,phi,4,4,0
own_v1,O3,h00023,bundle_post_opt_4_custom_cleanup,True,ptrtoint,3,3,0
own_v1,O3,h00023,bundle_post_opt_4_custom_cleanup,True,ret,2,1,-1
own_v1,O3,h00023,bundle_post_opt_4_custom_cleanup,True,sdiv,1,1,0
own_v1,O3,h00023,bundle_post_opt_4_custom_cleanup,True,select,12,12,0
own_v1,O3,h00023,bundle_post_opt_4_custom_cleanup,True,sext,10,10,0
own_v1,O3,h00023,bundle_post_opt_4_custom_cleanup,True,shl,17,17,0
own_v1,O3,h00023,bundle_post_opt_4_custom_cleanup,True,store,43,43,0
own_v1,O3,h00023,bundle_post_opt_4_custom_cleanup,True,sub,1,1,0
own_v1,O3,h00023,bundle_post_opt_4_custom_cleanup,True,switch,1,1,0
own_v1,O3,h00023,bundle_post_opt_4_custom_cleanup,True,unreachable,1,1,0
own_v1,O3,h00023,bundle_post_opt_4_custom_cleanup,True,xor,9,9,0
own_v1,O3,h00023,bundle_post_opt_4_custom_cleanup,True,zext,7,7,0
own_v1,O3,h00024,main_default_opt_1,True,add,38,38,0
own_v1,O3,h00024,main_default_opt_1,True,alloca,5,1,-4
own_v1,O3,h00024,main_default_opt_1,True,and,21,21,0
own_v1,O3,h00024,main_default_opt_1,True,br,15,16,1
own_v1,O3,h00024,main_default_opt_1,True,call,24,13,-11
own_v1,O3,h00024,main_default_opt_1,True,getelementptr,68,36,-32
own_v1,O3,h00024,main_default_opt_1,True,icmp,21,21,0
own_v1,O3,h00024,main_default_opt_1,True,inttoptr,21,21,0
own_v1,O3,h00024,main_default_opt_1,True,load,93,91,-2
own_v1,O3,h00024,main_default_opt_1,True,lshr,9,9,0
own_v1,O3,h00024,main_default_opt_1,True,mul,4,4,0
own_v1,O3,h00024,main_default_opt_1,True,phi,19,30,11
own_v1,O3,h00024,main_default_opt_1,True,ptrtoint,5,5,0
own_v1,O3,h00024,main_default_opt_1,True,ret,11,8,-3
own_v1,O3,h00024,main_default_opt_1,True,select,10,10,0
own_v1,O3,h00024,main_default_opt_1,True,sext,3,3,0
own_v1,O3,h00024,main_default_opt_1,True,shl,3,3,0
own_v1,O3,h00024,main_default_opt_1,True,store,436,393,-43
own_v1,O3,h00024,main_default_opt_1,True,sub,4,4,0
own_v1,O3,h00024,main_default_opt_1,True,switch,1,1,0
own_v1,O3,h00024,main_default_opt_1,True,trunc,18,14,-4
own_v1,O3,h00024,main_default_opt_1,True,xor,18,17,-1
own_v1,O3,h00024,main_default_opt_1,True,zext,22,21,-1
own_v1,O3,h00024,main_default_opt_2,True,add,35,35,0
own_v1,O3,h00024,main_default_opt_2,True,alloca,1,1,0
own_v1,O3,h00024,main_default_opt_2,True,and,23,21,-2
own_v1,O3,h00024,main_default_opt_2,True,br,16,16,0
own_v1,O3,h00024,main_default_opt_2,True,call,13,13,0
own_v1,O3,h00024,main_default_opt_2,True,getelementptr,38,35,-3
own_v1,O3,h00024,main_default_opt_2,True,icmp,23,19,-4
own_v1,O3,h00024,main_default_opt_2,True,inttoptr,19,19,0
own_v1,O3,h00024,main_default_opt_2,True,load,91,91,0
own_v1,O3,h00024,main_default_opt_2,True,lshr,9,9,0
own_v1,O3,h00024,main_default_opt_2,True,mul,4,4,0
own_v1,O3,h00024,main_default_opt_2,True,phi,32,32,0
own_v1,O3,h00024,main_default_opt_2,True,ptrtoint,5,5,0
own_v1,O3,h00024,main_default_opt_2,True,ret,8,8,0
own_v1,O3,h00024,main_default_opt_2,True,select,10,10,0
own_v1,O3,h00024,main_default_opt_2,True,sext,3,3,0
own_v1,O3,h00024,main_default_opt_2,True,shl,3,3,0
own_v1,O3,h00024,main_default_opt_2,True,store,393,379,-14
own_v1,O3,h00024,main_default_opt_2,True,sub,6,4,-2
own_v1,O3,h00024,main_default_opt_2,True,switch,1,1,0
own_v1,O3,h00024,main_default_opt_2,True,trunc,14,14,0
own_v1,O3,h00024,main_default_opt_2,True,xor,17,17,0
own_v1,O3,h00024,main_default_opt_2,True,zext,21,21,0
own_v1,O3,h00024,bundle_default_opt_3,True,add,32,32,0
own_v1,O3,h00024,bundle_default_opt_3,True,alloca,1,1,0
own_v1,O3,h00024,bundle_default_opt_3,True,and,18,18,0
own_v1,O3,h00024,bundle_default_opt_3,True,br,16,16,0
own_v1,O3,h00024,bundle_default_opt_3,True,call,14,14,0
own_v1,O3,h00024,bundle_default_opt_3,True,getelementptr,29,29,0
own_v1,O3,h00024,bundle_default_opt_3,True,icmp,17,17,0
own_v1,O3,h00024,bundle_default_opt_3,True,inttoptr,18,18,0
own_v1,O3,h00024,bundle_default_opt_3,True,load,91,71,-20
own_v1,O3,h00024,bundle_default_opt_3,True,lshr,9,9,0
own_v1,O3,h00024,bundle_default_opt_3,True,mul,4,4,0
own_v1,O3,h00024,bundle_default_opt_3,True,phi,26,26,0
own_v1,O3,h00024,bundle_default_opt_3,True,ptrtoint,3,2,-1
own_v1,O3,h00024,bundle_default_opt_3,True,ret,9,9,0
own_v1,O3,h00024,bundle_default_opt_3,True,select,6,6,0
own_v1,O3,h00024,bundle_default_opt_3,True,sext,2,2,0
own_v1,O3,h00024,bundle_default_opt_3,True,shl,3,3,0
own_v1,O3,h00024,bundle_default_opt_3,True,store,304,242,-62
own_v1,O3,h00024,bundle_default_opt_3,True,sub,4,4,0
own_v1,O3,h00024,bundle_default_opt_3,True,switch,1,1,0
own_v1,O3,h00024,bundle_default_opt_3,True,trunc,14,14,0
own_v1,O3,h00024,bundle_default_opt_3,True,xor,17,17,0
own_v1,O3,h00024,bundle_default_opt_3,True,zext,16,16,0
own_v1,O3,h00024,bundle_default_opt_4,True,add,32,32,0
own_v1,O3,h00024,bundle_default_opt_4,True,alloca,1,1,0
own_v1,O3,h00024,bundle_default_opt_4,True,and,18,18,0
own_v1,O3,h00024,bundle_default_opt_4,True,br,16,16,0
own_v1,O3,h00024,bundle_default_opt_4,True,call,14,14,0
own_v1,O3,h00024,bundle_default_opt_4,True,getelementptr,29,29,0
own_v1,O3,h00024,bundle_default_opt_4,True,icmp,17,17,0
own_v1,O3,h00024,bundle_default_opt_4,True,inttoptr,18,18,0
own_v1,O3,h00024,bundle_default_opt_4,True,load,71,71,0
own_v1,O3,h00024,bundle_default_opt_4,True,lshr,9,9,0
own_v1,O3,h00024,bundle_default_opt_4,True,mul,4,4,0
own_v1,O3,h00024,bundle_default_opt_4,True,phi,26,26,0
own_v1,O3,h00024,bundle_default_opt_4,True,ptrtoint,2,2,0
own_v1,O3,h00024,bundle_default_opt_4,True,ret,9,9,0
own_v1,O3,h00024,bundle_default_opt_4,True,select,6,6,0
own_v1,O3,h00024,bundle_default_opt_4,True,sext,2,2,0
own_v1,O3,h00024,bundle_default_opt_4,True,shl,3,3,0
own_v1,O3,h00024,bundle_default_opt_4,True,store,242,242,0
own_v1,O3,h00024,bundle_default_opt_4,True,sub,4,4,0
own_v1,O3,h00024,bundle_default_opt_4,True,switch,1,1,0
own_v1,O3,h00024,bundle_default_opt_4,True,trunc,14,14,0
own_v1,O3,h00024,bundle_default_opt_4,True,xor,17,17,0
own_v1,O3,h00024,bundle_default_opt_4,True,zext,16,16,0
own_v1,O3,h00024,bundle_post_opt_4_custom_cleanup,True,add,32,32,0
own_v1,O3,h00024,bundle_post_opt_4_custom_cleanup,True,alloca,1,1,0
own_v1,O3,h00024,bundle_post_opt_4_custom_cleanup,True,and,18,18,0
own_v1,O3,h00024,bundle_post_opt_4_custom_cleanup,True,br,16,16,0
own_v1,O3,h00024,bundle_post_opt_4_custom_cleanup,True,call,14,14,0
own_v1,O3,h00024,bundle_post_opt_4_custom_cleanup,True,getelementptr,29,29,0
own_v1,O3,h00024,bundle_post_opt_4_custom_cleanup,True,icmp,17,17,0
own_v1,O3,h00024,bundle_post_opt_4_custom_cleanup,True,inttoptr,18,18,0
own_v1,O3,h00024,bundle_post_opt_4_custom_cleanup,True,load,71,71,0
own_v1,O3,h00024,bundle_post_opt_4_custom_cleanup,True,lshr,9,9,0
own_v1,O3,h00024,bundle_post_opt_4_custom_cleanup,True,mul,4,4,0
own_v1,O3,h00024,bundle_post_opt_4_custom_cleanup,True,phi,26,26,0
own_v1,O3,h00024,bundle_post_opt_4_custom_cleanup,True,ptrtoint,2,2,0
own_v1,O3,h00024,bundle_post_opt_4_custom_cleanup,True,ret,9,9,0
own_v1,O3,h00024,bundle_post_opt_4_custom_cleanup,True,select,6,6,0
own_v1,O3,h00024,bundle_post_opt_4_custom_cleanup,True,sext,2,2,0
own_v1,O3,h00024,bundle_post_opt_4_custom_cleanup,True,shl,3,3,0
own_v1,O3,h00024,bundle_post_opt_4_custom_cleanup,True,store,242,242,0
own_v1,O3,h00024,bundle_post_opt_4_custom_cleanup,True,sub,4,4,0
own_v1,O3,h00024,bundle_post_opt_4_custom_cleanup,True,switch,1,1,0
own_v1,O3,h00024,bundle_post_opt_4_custom_cleanup,True,trunc,14,14,0
own_v1,O3,h00024,bundle_post_opt_4_custom_cleanup,True,xor,17,17,0
own_v1,O3,h00024,bundle_post_opt_4_custom_cleanup,True,zext,16,16,0
own_v1,O3,h00025,main_default_opt_1,True,add,33,33,0
own_v1,O3,h00025,main_default_opt_1,True,alloca,7,5,-2
own_v1,O3,h00025,main_default_opt_1,True,and,19,19,0
own_v1,O3,h00025,main_default_opt_1,True,br,30,31,1
own_v1,O3,h00025,main_default_opt_1,True,call,28,21,-7
own_v1,O3,h00025,main_default_opt_1,True,getelementptr,94,76,-18
own_v1,O3,h00025,main_default_opt_1,True,icmp,22,22,0
own_v1,O3,h00025,main_default_opt_1,True,inttoptr,13,13,0
own_v1,O3,h00025,main_default_opt_1,True,load,111,109,-2
own_v1,O3,h00025,main_default_opt_1,True,lshr,9,9,0
own_v1,O3,h00025,main_default_opt_1,True,mul,3,3,0
own_v1,O3,h00025,main_default_opt_1,True,phi,30,43,13
own_v1,O3,h00025,main_default_opt_1,True,ptrtoint,5,4,-1
own_v1,O3,h00025,main_default_opt_1,True,ret,11,8,-3
own_v1,O3,h00025,main_default_opt_1,True,select,10,10,0
own_v1,O3,h00025,main_default_opt_1,True,shl,8,8,0
own_v1,O3,h00025,main_default_opt_1,True,store,695,667,-28
own_v1,O3,h00025,main_default_opt_1,True,switch,2,2,0
own_v1,O3,h00025,main_default_opt_1,True,trunc,15,11,-4
own_v1,O3,h00025,main_default_opt_1,True,urem,1,1,0
own_v1,O3,h00025,main_default_opt_1,True,xor,20,20,0
own_v1,O3,h00025,main_default_opt_1,True,zext,28,26,-2
own_v1,O3,h00025,main_default_opt_2,True,add,32,32,0
own_v1,O3,h00025,main_default_opt_2,True,alloca,2,2,0
own_v1,O3,h00025,main_default_opt_2,True,and,19,19,0
own_v1,O3,h00025,main_default_opt_2,True,br,31,31,0
own_v1,O3,h00025,main_default_opt_2,True,call,15,13,-2
own_v1,O3,h00025,main_default_opt_2,True,getelementptr,48,47,-1
own_v1,O3,h00025,main_default_opt_2,True,icmp,22,22,0
own_v1,O3,h00025,main_default_opt_2,True,inttoptr,11,11,0
own_v1,O3,h00025,main_default_opt_2,True,load,109,111,2
own_v1,O3,h00025,main_default_opt_2,True,lshr,9,9,0
own_v1,O3,h00025,main_default_opt_2,True,mul,3,3,0
own_v1,O3,h00025,main_default_opt_2,True,phi,43,43,0
own_v1,O3,h00025,main_default_opt_2,True,ptrtoint,4,4,0
own_v1,O3,h00025,main_default_opt_2,True,ret,8,8,0
own_v1,O3,h00025,main_default_opt_2,True,select,10,10,0
own_v1,O3,h00025,main_default_opt_2,True,shl,8,8,0
own_v1,O3,h00025,main_default_opt_2,True,store,631,633,2
own_v1,O3,h00025,main_default_opt_2,True,switch,2,2,0
own_v1,O3,h00025,main_default_opt_2,True,trunc,11,11,0
own_v1,O3,h00025,main_default_opt_2,True,urem,1,1,0
own_v1,O3,h00025,main_default_opt_2,True,xor,20,20,0
own_v1,O3,h00025,main_default_opt_2,True,zext,26,26,0
own_v1,O3,h00025,bundle_default_opt_3,True,add,31,31,0
own_v1,O3,h00025,bundle_default_opt_3,True,alloca,2,2,0
own_v1,O3,h00025,bundle_default_opt_3,True,and,19,19,0
own_v1,O3,h00025,bundle_default_opt_3,True,br,31,31,0
own_v1,O3,h00025,bundle_default_opt_3,True,call,12,12,0
own_v1,O3,h00025,bundle_default_opt_3,True,getelementptr,47,47,0
own_v1,O3,h00025,bundle_default_opt_3,True,icmp,22,22,0
own_v1,O3,h00025,bundle_default_opt_3,True,inttoptr,11,11,0
own_v1,O3,h00025,bundle_default_opt_3,True,load,111,78,-33
own_v1,O3,h00025,bundle_default_opt_3,True,lshr,9,9,0
own_v1,O3,h00025,bundle_default_opt_3,True,mul,3,3,0
own_v1,O3,h00025,bundle_default_opt_3,True,phi,37,35,-2
own_v1,O3,h00025,bundle_default_opt_3,True,ptrtoint,2,2,0
own_v1,O3,h00025,bundle_default_opt_3,True,ret,8,8,0
own_v1,O3,h00025,bundle_default_opt_3,True,select,10,10,0
own_v1,O3,h00025,bundle_default_opt_3,True,shl,8,8,0
own_v1,O3,h00025,bundle_default_opt_3,True,store,528,371,-157
own_v1,O3,h00025,bundle_default_opt_3,True,switch,2,2,0
own_v1,O3,h00025,bundle_default_opt_3,True,trunc,11,11,0
own_v1,O3,h00025,bundle_default_opt_3,True,urem,1,1,0
own_v1,O3,h00025,bundle_default_opt_3,True,xor,20,20,0
own_v1,O3,h00025,bundle_default_opt_3,True,zext,24,23,-1
own_v1,O3,h00025,bundle_default_opt_4,True,add,31,31,0
own_v1,O3,h00025,bundle_default_opt_4,True,alloca,2,2,0
own_v1,O3,h00025,bundle_default_opt_4,True,and,19,19,0
own_v1,O3,h00025,bundle_default_opt_4,True,br,31,31,0
own_v1,O3,h00025,bundle_default_opt_4,True,call,12,12,0
own_v1,O3,h00025,bundle_default_opt_4,True,getelementptr,47,47,0
own_v1,O3,h00025,bundle_default_opt_4,True,icmp,22,22,0
own_v1,O3,h00025,bundle_default_opt_4,True,inttoptr,11,11,0
own_v1,O3,h00025,bundle_default_opt_4,True,load,78,78,0
own_v1,O3,h00025,bundle_default_opt_4,True,lshr,9,9,0
own_v1,O3,h00025,bundle_default_opt_4,True,mul,3,3,0
own_v1,O3,h00025,bundle_default_opt_4,True,phi,35,35,0
own_v1,O3,h00025,bundle_default_opt_4,True,ptrtoint,2,2,0
own_v1,O3,h00025,bundle_default_opt_4,True,ret,8,8,0
own_v1,O3,h00025,bundle_default_opt_4,True,select,10,10,0
own_v1,O3,h00025,bundle_default_opt_4,True,shl,8,8,0
own_v1,O3,h00025,bundle_default_opt_4,True,store,371,349,-22
own_v1,O3,h00025,bundle_default_opt_4,True,switch,2,2,0
own_v1,O3,h00025,bundle_default_opt_4,True,trunc,11,11,0
own_v1,O3,h00025,bundle_default_opt_4,True,urem,1,1,0
own_v1,O3,h00025,bundle_default_opt_4,True,xor,20,20,0
own_v1,O3,h00025,bundle_default_opt_4,True,zext,23,23,0
own_v1,O3,h00025,bundle_post_opt_4_custom_cleanup,True,add,31,31,0
own_v1,O3,h00025,bundle_post_opt_4_custom_cleanup,True,alloca,2,2,0
own_v1,O3,h00025,bundle_post_opt_4_custom_cleanup,True,and,19,19,0
own_v1,O3,h00025,bundle_post_opt_4_custom_cleanup,True,br,31,31,0
own_v1,O3,h00025,bundle_post_opt_4_custom_cleanup,True,call,12,12,0
own_v1,O3,h00025,bundle_post_opt_4_custom_cleanup,True,getelementptr,47,47,0
own_v1,O3,h00025,bundle_post_opt_4_custom_cleanup,True,icmp,22,22,0
own_v1,O3,h00025,bundle_post_opt_4_custom_cleanup,True,inttoptr,11,11,0
own_v1,O3,h00025,bundle_post_opt_4_custom_cleanup,True,load,78,78,0
own_v1,O3,h00025,bundle_post_opt_4_custom_cleanup,True,lshr,9,9,0
own_v1,O3,h00025,bundle_post_opt_4_custom_cleanup,True,mul,3,3,0
own_v1,O3,h00025,bundle_post_opt_4_custom_cleanup,True,phi,35,35,0
own_v1,O3,h00025,bundle_post_opt_4_custom_cleanup,True,ptrtoint,2,2,0
own_v1,O3,h00025,bundle_post_opt_4_custom_cleanup,True,ret,8,8,0
own_v1,O3,h00025,bundle_post_opt_4_custom_cleanup,True,select,10,10,0
own_v1,O3,h00025,bundle_post_opt_4_custom_cleanup,True,shl,8,8,0
own_v1,O3,h00025,bundle_post_opt_4_custom_cleanup,True,store,349,344,-5
own_v1,O3,h00025,bundle_post_opt_4_custom_cleanup,True,switch,2,2,0
own_v1,O3,h00025,bundle_post_opt_4_custom_cleanup,True,trunc,11,11,0
own_v1,O3,h00025,bundle_post_opt_4_custom_cleanup,True,urem,1,1,0
own_v1,O3,h00025,bundle_post_opt_4_custom_cleanup,True,xor,20,20,0
own_v1,O3,h00025,bundle_post_opt_4_custom_cleanup,True,zext,23,23,0
own_v1,O3,h00026,main_default_opt_1,True,add,50,50,0
own_v1,O3,h00026,main_default_opt_1,True,alloca,7,5,-2
own_v1,O3,h00026,main_default_opt_1,True,and,21,21,0
own_v1,O3,h00026,main_default_opt_1,True,br,65,66,1
own_v1,O3,h00026,main_default_opt_1,True,call,28,21,-7
own_v1,O3,h00026,main_default_opt_1,True,getelementptr,120,104,-16
own_v1,O3,h00026,main_default_opt_1,True,icmp,38,38,0
own_v1,O3,h00026,main_default_opt_1,True,inttoptr,15,15,0
own_v1,O3,h00026,main_default_opt_1,True,load,128,123,-5
own_v1,O3,h00026,main_default_opt_1,True,lshr,17,17,0
own_v1,O3,h00026,main_default_opt_1,True,mul,1,1,0
own_v1,O3,h00026,main_default_opt_1,True,phi,26,37,11
own_v1,O3,h00026,main_default_opt_1,True,ptrtoint,5,3,-2
own_v1,O3,h00026,main_default_opt_1,True,ret,11,8,-3
own_v1,O3,h00026,main_default_opt_1,True,select,23,23,0
own_v1,O3,h00026,main_default_opt_1,True,sext,8,8,0
own_v1,O3,h00026,main_default_opt_1,True,shl,15,15,0
own_v1,O3,h00026,main_default_opt_1,True,store,982,950,-32
own_v1,O3,h00026,main_default_opt_1,True,sub,4,4,0
own_v1,O3,h00026,main_default_opt_1,True,switch,2,2,0
own_v1,O3,h00026,main_default_opt_1,True,trunc,13,10,-3
own_v1,O3,h00026,main_default_opt_1,True,xor,33,33,0
own_v1,O3,h00026,main_default_opt_1,True,zext,32,30,-2
own_v1,O3,h00026,main_default_opt_2,True,add,46,56,10
own_v1,O3,h00026,main_default_opt_2,True,alloca,3,3,0
own_v1,O3,h00026,main_default_opt_2,True,and,31,21,-10
own_v1,O3,h00026,main_default_opt_2,True,br,66,66,0
own_v1,O3,h00026,main_default_opt_2,True,call,17,17,0
own_v1,O3,h00026,main_default_opt_2,True,getelementptr,98,102,4
own_v1,O3,h00026,main_default_opt_2,True,icmp,56,46,-10
own_v1,O3,h00026,main_default_opt_2,True,inttoptr,18,18,0
own_v1,O3,h00026,main_default_opt_2,True,load,123,116,-7
own_v1,O3,h00026,main_default_opt_2,True,lshr,17,17,0
own_v1,O3,h00026,main_default_opt_2,True,mul,1,1,0
own_v1,O3,h00026,main_default_opt_2,True,phi,37,37,0
own_v1,O3,h00026,main_default_opt_2,True,ptrtoint,8,8,0
own_v1,O3,h00026,main_default_opt_2,True,ret,8,8,0
own_v1,O3,h00026,main_default_opt_2,True,select,31,31,0
own_v1,O3,h00026,main_default_opt_2,True,sext,8,8,0
own_v1,O3,h00026,main_default_opt_2,True,shl,15,15,0
own_v1,O3,h00026,main_default_opt_2,True,store,932,923,-9
own_v1,O3,h00026,main_default_opt_2,True,sub,14,4,-10
own_v1,O3,h00026,main_default_opt_2,True,switch,2,2,0
own_v1,O3,h00026,main_default_opt_2,True,trunc,10,10,0
own_v1,O3,h00026,main_default_opt_2,True,xor,33,33,0
own_v1,O3,h00026,main_default_opt_2,True,zext,30,30,0
own_v1,O3,h00026,bundle_default_opt_3,True,add,44,36,-8
own_v1,O3,h00026,bundle_default_opt_3,True,alloca,3,3,0
own_v1,O3,h00026,bundle_default_opt_3,True,and,19,18,-1
own_v1,O3,h00026,bundle_default_opt_3,True,br,66,63,-3
own_v1,O3,h00026,bundle_default_opt_3,True,call,17,12,-5
own_v1,O3,h00026,bundle_default_opt_3,True,getelementptr,92,88,-4
own_v1,O3,h00026,bundle_default_opt_3,True,icmp,38,35,-3
own_v1,O3,h00026,bundle_default_opt_3,True,inttoptr,14,11,-3
own_v1,O3,h00026,bundle_default_opt_3,True,load,113,73,-40
own_v1,O3,h00026,bundle_default_opt_3,True,lshr,17,16,-1
own_v1,O3,h00026,bundle_default_opt_3,True,mul,1,1,0
own_v1,O3,h00026,bundle_default_opt_3,True,phi,28,20,-8
own_v1,O3,h00026,bundle_default_opt_3,True,ptrtoint,6,5,-1
own_v1,O3,h00026,bundle_default_opt_3,True,ret,9,2,-7
own_v1,O3,h00026,bundle_default_opt_3,True,select,23,21,-2
own_v1,O3,h00026,bundle_default_opt_3,True,sext,6,6,0
own_v1,O3,h00026,bundle_default_opt_3,True,shl,15,15,0
own_v1,O3,h00026,bundle_default_opt_3,True,store,590,424,-166
own_v1,O3,h00026,bundle_default_opt_3,True,sub,4,4,0
own_v1,O3,h00026,bundle_default_opt_3,True,switch,2,2,0
own_v1,O3,h00026,bundle_default_opt_3,True,trunc,10,10,0
own_v1,O3,h00026,bundle_default_opt_3,True,xor,33,32,-1
own_v1,O3,h00026,bundle_default_opt_3,True,zext,9,8,-1
own_v1,O3,h00026,bundle_default_opt_4,True,add,36,34,-2
own_v1,O3,h00026,bundle_default_opt_4,True,alloca,3,3,0
own_v1,O3,h00026,bundle_default_opt_4,True,and,18,18,0
own_v1,O3,h00026,bundle_default_opt_4,True,br,63,63,0
own_v1,O3,h00026,bundle_default_opt_4,True,call,12,12,0
own_v1,O3,h00026,bundle_default_opt_4,True,getelementptr,88,88,0
own_v1,O3,h00026,bundle_default_opt_4,True,icmp,35,35,0
own_v1,O3,h00026,bundle_default_opt_4,True,inttoptr,11,11,0
own_v1,O3,h00026,bundle_default_opt_4,True,load,73,73,0
own_v1,O3,h00026,bundle_default_opt_4,True,lshr,16,16,0
own_v1,O3,h00026,bundle_default_opt_4,True,mul,1,1,0
own_v1,O3,h00026,bundle_default_opt_4,True,phi,20,20,0
own_v1,O3,h00026,bundle_default_opt_4,True,ptrtoint,5,5,0
own_v1,O3,h00026,bundle_default_opt_4,True,ret,2,2,0
own_v1,O3,h00026,bundle_default_opt_4,True,select,21,21,0
own_v1,O3,h00026,bundle_default_opt_4,True,sext,6,6,0
own_v1,O3,h00026,bundle_default_opt_4,True,shl,15,15,0
own_v1,O3,h00026,bundle_default_opt_4,True,store,424,361,-63
own_v1,O3,h00026,bundle_default_opt_4,True,sub,4,4,0
own_v1,O3,h00026,bundle_default_opt_4,True,switch,2,2,0
own_v1,O3,h00026,bundle_default_opt_4,True,trunc,10,10,0
own_v1,O3,h00026,bundle_default_opt_4,True,xor,32,32,0
own_v1,O3,h00026,bundle_default_opt_4,True,zext,8,8,0
own_v1,O3,h00026,bundle_post_opt_4_custom_cleanup,True,add,34,34,0
own_v1,O3,h00026,bundle_post_opt_4_custom_cleanup,True,alloca,3,3,0
own_v1,O3,h00026,bundle_post_opt_4_custom_cleanup,True,and,18,18,0
own_v1,O3,h00026,bundle_post_opt_4_custom_cleanup,True,br,63,63,0
own_v1,O3,h00026,bundle_post_opt_4_custom_cleanup,True,call,12,12,0
own_v1,O3,h00026,bundle_post_opt_4_custom_cleanup,True,getelementptr,88,88,0
own_v1,O3,h00026,bundle_post_opt_4_custom_cleanup,True,icmp,35,35,0
own_v1,O3,h00026,bundle_post_opt_4_custom_cleanup,True,inttoptr,11,11,0
own_v1,O3,h00026,bundle_post_opt_4_custom_cleanup,True,load,73,73,0
own_v1,O3,h00026,bundle_post_opt_4_custom_cleanup,True,lshr,16,16,0
own_v1,O3,h00026,bundle_post_opt_4_custom_cleanup,True,mul,1,1,0
own_v1,O3,h00026,bundle_post_opt_4_custom_cleanup,True,phi,20,20,0
own_v1,O3,h00026,bundle_post_opt_4_custom_cleanup,True,ptrtoint,5,5,0
own_v1,O3,h00026,bundle_post_opt_4_custom_cleanup,True,ret,2,1,-1
own_v1,O3,h00026,bundle_post_opt_4_custom_cleanup,True,select,21,21,0
own_v1,O3,h00026,bundle_post_opt_4_custom_cleanup,True,sext,6,6,0
own_v1,O3,h00026,bundle_post_opt_4_custom_cleanup,True,shl,15,15,0
own_v1,O3,h00026,bundle_post_opt_4_custom_cleanup,True,store,361,361,0
own_v1,O3,h00026,bundle_post_opt_4_custom_cleanup,True,sub,4,4,0
own_v1,O3,h00026,bundle_post_opt_4_custom_cleanup,True,switch,2,2,0
own_v1,O3,h00026,bundle_post_opt_4_custom_cleanup,True,trunc,10,10,0
own_v1,O3,h00026,bundle_post_opt_4_custom_cleanup,True,xor,32,32,0
own_v1,O3,h00026,bundle_post_opt_4_custom_cleanup,True,zext,8,8,0
own_v1,O3,h00027,main_default_opt_1,True,add,51,51,0
own_v1,O3,h00027,main_default_opt_1,True,alloca,9,5,-4
own_v1,O3,h00027,main_default_opt_1,True,and,23,23,0
own_v1,O3,h00027,main_default_opt_1,True,br,65,66,1
own_v1,O3,h00027,main_default_opt_1,True,call,35,24,-11
own_v1,O3,h00027,main_default_opt_1,True,getelementptr,137,105,-32
own_v1,O3,h00027,main_default_opt_1,True,icmp,39,39,0
own_v1,O3,h00027,main_default_opt_1,True,inttoptr,16,16,0
own_v1,O3,h00027,main_default_opt_1,True,load,148,145,-3
own_v1,O3,h00027,main_default_opt_1,True,lshr,16,16,0
own_v1,O3,h00027,main_default_opt_1,True,mul,4,4,0
own_v1,O3,h00027,main_default_opt_1,True,phi,26,37,11
own_v1,O3,h00027,main_default_opt_1,True,ptrtoint,6,3,-3
own_v1,O3,h00027,main_default_opt_1,True,ret,11,8,-3
own_v1,O3,h00027,main_default_opt_1,True,select,24,24,0
own_v1,O3,h00027,main_default_opt_1,True,sext,7,7,0
own_v1,O3,h00027,main_default_opt_1,True,shl,12,12,0
own_v1,O3,h00027,main_default_opt_1,True,store,933,874,-59
own_v1,O3,h00027,main_default_opt_1,True,sub,4,4,0
own_v1,O3,h00027,main_default_opt_1,True,switch,3,3,0
own_v1,O3,h00027,main_default_opt_1,True,trunc,17,13,-4
own_v1,O3,h00027,main_default_opt_1,True,xor,31,30,-1
own_v1,O3,h00027,main_default_opt_1,True,zext,39,37,-2
own_v1,O3,h00027,main_default_opt_2,True,add,47,57,10
own_v1,O3,h00027,main_default_opt_2,True,alloca,3,3,0
own_v1,O3,h00027,main_default_opt_2,True,and,33,23,-10
own_v1,O3,h00027,main_default_opt_2,True,br,66,66,0
own_v1,O3,h00027,main_default_opt_2,True,call,20,20,0
own_v1,O3,h00027,main_default_opt_2,True,getelementptr,99,107,8
own_v1,O3,h00027,main_default_opt_2,True,icmp,57,47,-10
own_v1,O3,h00027,main_default_opt_2,True,inttoptr,19,19,0
own_v1,O3,h00027,main_default_opt_2,True,load,145,137,-8
own_v1,O3,h00027,main_default_opt_2,True,lshr,16,16,0
own_v1,O3,h00027,main_default_opt_2,True,mul,4,4,0
own_v1,O3,h00027,main_default_opt_2,True,phi,37,37,0
own_v1,O3,h00027,main_default_opt_2,True,ptrtoint,8,8,0
own_v1,O3,h00027,main_default_opt_2,True,ret,8,8,0
own_v1,O3,h00027,main_default_opt_2,True,select,32,32,0
own_v1,O3,h00027,main_default_opt_2,True,sext,7,7,0
own_v1,O3,h00027,main_default_opt_2,True,shl,12,12,0
own_v1,O3,h00027,main_default_opt_2,True,store,856,843,-13
own_v1,O3,h00027,main_default_opt_2,True,sub,14,4,-10
own_v1,O3,h00027,main_default_opt_2,True,switch,3,3,0
own_v1,O3,h00027,main_default_opt_2,True,trunc,13,13,0
own_v1,O3,h00027,main_default_opt_2,True,xor,30,30,0
own_v1,O3,h00027,main_default_opt_2,True,zext,37,37,0
own_v1,O3,h00027,bundle_default_opt_3,True,add,46,46,0
own_v1,O3,h00027,bundle_default_opt_3,True,alloca,3,3,0
own_v1,O3,h00027,bundle_default_opt_3,True,and,20,20,0
own_v1,O3,h00027,bundle_default_opt_3,True,br,66,66,0
own_v1,O3,h00027,bundle_default_opt_3,True,call,24,23,-1
own_v1,O3,h00027,bundle_default_opt_3,True,getelementptr,87,87,0
own_v1,O3,h00027,bundle_default_opt_3,True,icmp,37,37,0
own_v1,O3,h00027,bundle_default_opt_3,True,inttoptr,14,14,0
own_v1,O3,h00027,bundle_default_opt_3,True,load,135,94,-41
own_v1,O3,h00027,bundle_default_opt_3,True,lshr,16,16,0
own_v1,O3,h00027,bundle_default_opt_3,True,mul,4,4,0
own_v1,O3,h00027,bundle_default_opt_3,True,phi,28,28,0
own_v1,O3,h00027,bundle_default_opt_3,True,ptrtoint,6,5,-1
own_v1,O3,h00027,bundle_default_opt_3,True,ret,9,9,0
own_v1,O3,h00027,bundle_default_opt_3,True,select,22,22,0
own_v1,O3,h00027,bundle_default_opt_3,True,sext,6,6,0
own_v1,O3,h00027,bundle_default_opt_3,True,shl,12,12,0
own_v1,O3,h00027,bundle_default_opt_3,True,store,622,511,-111
own_v1,O3,h00027,bundle_default_opt_3,True,sub,4,4,0
own_v1,O3,h00027,bundle_default_opt_3,True,switch,3,3,0
own_v1,O3,h00027,bundle_default_opt_3,True,trunc,12,12,0
own_v1,O3,h00027,bundle_default_opt_3,True,xor,30,30,0
own_v1,O3,h00027,bundle_default_opt_3,True,zext,13,13,0
own_v1,O3,h00027,bundle_default_opt_4,True,add,46,46,0
own_v1,O3,h00027,bundle_default_opt_4,True,alloca,3,3,0
own_v1,O3,h00027,bundle_default_opt_4,True,and,20,20,0
own_v1,O3,h00027,bundle_default_opt_4,True,br,66,66,0
own_v1,O3,h00027,bundle_default_opt_4,True,call,23,23,0
own_v1,O3,h00027,bundle_default_opt_4,True,getelementptr,87,87,0
own_v1,O3,h00027,bundle_default_opt_4,True,icmp,37,37,0
own_v1,O3,h00027,bundle_default_opt_4,True,inttoptr,14,14,0
own_v1,O3,h00027,bundle_default_opt_4,True,load,94,94,0
own_v1,O3,h00027,bundle_default_opt_4,True,lshr,16,16,0
own_v1,O3,h00027,bundle_default_opt_4,True,mul,4,4,0
own_v1,O3,h00027,bundle_default_opt_4,True,phi,28,28,0
own_v1,O3,h00027,bundle_default_opt_4,True,ptrtoint,5,5,0
own_v1,O3,h00027,bundle_default_opt_4,True,ret,9,9,0
own_v1,O3,h00027,bundle_default_opt_4,True,select,22,22,0
own_v1,O3,h00027,bundle_default_opt_4,True,sext,6,6,0
own_v1,O3,h00027,bundle_default_opt_4,True,shl,12,12,0
own_v1,O3,h00027,bundle_default_opt_4,True,store,511,504,-7
own_v1,O3,h00027,bundle_default_opt_4,True,sub,4,4,0
own_v1,O3,h00027,bundle_default_opt_4,True,switch,3,3,0
own_v1,O3,h00027,bundle_default_opt_4,True,trunc,12,12,0
own_v1,O3,h00027,bundle_default_opt_4,True,xor,30,30,0
own_v1,O3,h00027,bundle_default_opt_4,True,zext,13,13,0
own_v1,O3,h00027,bundle_post_opt_4_custom_cleanup,True,add,46,44,-2
own_v1,O3,h00027,bundle_post_opt_4_custom_cleanup,True,alloca,3,3,0
own_v1,O3,h00027,bundle_post_opt_4_custom_cleanup,True,and,20,20,0
own_v1,O3,h00027,bundle_post_opt_4_custom_cleanup,True,br,66,66,0
own_v1,O3,h00027,bundle_post_opt_4_custom_cleanup,True,call,23,21,-2
own_v1,O3,h00027,bundle_post_opt_4_custom_cleanup,True,getelementptr,87,89,2
own_v1,O3,h00027,bundle_post_opt_4_custom_cleanup,True,icmp,37,37,0
own_v1,O3,h00027,bundle_post_opt_4_custom_cleanup,True,inttoptr,14,14,0
own_v1,O3,h00027,bundle_post_opt_4_custom_cleanup,True,load,94,94,0
own_v1,O3,h00027,bundle_post_opt_4_custom_cleanup,True,lshr,16,16,0
own_v1,O3,h00027,bundle_post_opt_4_custom_cleanup,True,mul,4,4,0
own_v1,O3,h00027,bundle_post_opt_4_custom_cleanup,True,phi,28,28,0
own_v1,O3,h00027,bundle_post_opt_4_custom_cleanup,True,ptrtoint,5,5,0
own_v1,O3,h00027,bundle_post_opt_4_custom_cleanup,True,ret,9,9,0
own_v1,O3,h00027,bundle_post_opt_4_custom_cleanup,True,select,22,22,0
own_v1,O3,h00027,bundle_post_opt_4_custom_cleanup,True,sext,6,6,0
own_v1,O3,h00027,bundle_post_opt_4_custom_cleanup,True,shl,12,12,0
own_v1,O3,h00027,bundle_post_opt_4_custom_cleanup,True,store,504,504,0
own_v1,O3,h00027,bundle_post_opt_4_custom_cleanup,True,sub,4,4,0
own_v1,O3,h00027,bundle_post_opt_4_custom_cleanup,True,switch,3,3,0
own_v1,O3,h00027,bundle_post_opt_4_custom_cleanup,True,trunc,12,12,0
own_v1,O3,h00027,bundle_post_opt_4_custom_cleanup,True,xor,30,30,0
own_v1,O3,h00027,bundle_post_opt_4_custom_cleanup,True,zext,13,13,0
own_v1,O3,h00028,main_default_opt_1,True,add,58,52,-6
own_v1,O3,h00028,main_default_opt_1,True,alloca,7,5,-2
own_v1,O3,h00028,main_default_opt_1,True,and,27,26,-1
own_v1,O3,h00028,main_default_opt_1,True,br,56,54,-2
own_v1,O3,h00028,main_default_opt_1,True,call,28,17,-11
own_v1,O3,h00028,main_default_opt_1,True,getelementptr,134,114,-20
own_v1,O3,h00028,main_default_opt_1,True,icmp,33,32,-1
own_v1,O3,h00028,main_default_opt_1,True,inttoptr,19,17,-2
own_v1,O3,h00028,main_default_opt_1,True,load,138,122,-16
own_v1,O3,h00028,main_default_opt_1,True,lshr,13,12,-1
own_v1,O3,h00028,main_default_opt_1,True,mul,10,10,0
own_v1,O3,h00028,main_default_opt_1,True,phi,19,22,3
own_v1,O3,h00028,main_default_opt_1,True,ptrtoint,4,2,-2
own_v1,O3,h00028,main_default_opt_1,True,ret,11,2,-9
own_v1,O3,h00028,main_default_opt_1,True,select,20,20,0
own_v1,O3,h00028,main_default_opt_1,True,sext,22,22,0
own_v1,O3,h00028,main_default_opt_1,True,shl,15,15,0
own_v1,O3,h00028,main_default_opt_1,True,store,949,882,-67
own_v1,O3,h00028,main_default_opt_1,True,switch,2,2,0
own_v1,O3,h00028,main_default_opt_1,True,trunc,18,15,-3
own_v1,O3,h00028,main_default_opt_1,True,xor,25,22,-3
own_v1,O3,h00028,main_default_opt_1,True,zext,32,29,-3
own_v1,O3,h00028,main_default_opt_2,True,add,42,32,-10
own_v1,O3,h00028,main_default_opt_2,True,alloca,5,5,0
own_v1,O3,h00028,main_default_opt_2,True,and,14,11,-3
own_v1,O3,h00028,main_default_opt_2,True,br,54,54,0
own_v1,O3,h00028,main_default_opt_2,True,call,12,9,-3
own_v1,O3,h00028,main_default_opt_2,True,getelementptr,103,44,-59
own_v1,O3,h00028,main_default_opt_2,True,icmp,24,20,-4
own_v1,O3,h00028,main_default_opt_2,True,inttoptr,17,12,-5
own_v1,O3,h00028,main_default_opt_2,True,load,67,67,0
own_v1,O3,h00028,main_default_opt_2,True,mul,10,10,0
own_v1,O3,h00028,main_default_opt_2,True,phi,4,2,-2
own_v1,O3,h00028,main_default_opt_2,True,ptrtoint,3,1,-2
own_v1,O3,h00028,main_default_opt_2,True,ret,2,2,0
own_v1,O3,h00028,main_default_opt_2,True,select,22,20,-2
own_v1,O3,h00028,main_default_opt_2,True,sext,22,22,0
own_v1,O3,h00028,main_default_opt_2,True,shl,15,14,-1
own_v1,O3,h00028,main_default_opt_2,True,store,110,110,0
own_v1,O3,h00028,main_default_opt_2,True,sub,2,0,-2
own_v1,O3,h00028,main_default_opt_2,True,switch,2,2,0
own_v1,O3,h00028,main_default_opt_2,True,xor,9,8,-1
own_v1,O3,h00028,main_default_opt_2,True,zext,12,11,-1
own_v1,O3,h00028,bundle_default_opt_3,True,add,30,30,0
own_v1,O3,h00028,bundle_default_opt_3,True,alloca,5,5,0
own_v1,O3,h00028,bundle_default_opt_3,True,and,11,11,0
own_v1,O3,h00028,bundle_default_opt_3,True,br,54,54,0
own_v1,O3,h00028,bundle_default_opt_3,True,call,9,9,0
own_v1,O3,h00028,bundle_default_opt_3,True,getelementptr,46,45,-1
own_v1,O3,h00028,bundle_default_opt_3,True,icmp,20,20,0
own_v1,O3,h00028,bundle_default_opt_3,True,inttoptr,10,10,0
own_v1,O3,h00028,bundle_default_opt_3,True,load,67,67,0
own_v1,O3,h00028,bundle_default_opt_3,True,mul,10,10,0
own_v1,O3,h00028,bundle_default_opt_3,True,phi,2,2,0
own_v1,O3,h00028,bundle_default_opt_3,True,ptrtoint,1,1,0
own_v1,O3,h00028,bundle_default_opt_3,True,ret,2,2,0
own_v1,O3,h00028,bundle_default_opt_3,True,select,20,20,0
own_v1,O3,h00028,bundle_default_opt_3,True,sext,22,22,0
own_v1,O3,h00028,bundle_default_opt_3,True,shl,14,14,0
own_v1,O3,h00028,bundle_default_opt_3,True,store,110,110,0
own_v1,O3,h00028,bundle_default_opt_3,True,switch,2,2,0
own_v1,O3,h00028,bundle_default_opt_3,True,xor,8,8,0
own_v1,O3,h00028,bundle_default_opt_3,True,zext,11,11,0
own_v1,O3,h00028,bundle_default_opt_4,True,add,30,30,0
own_v1,O3,h00028,bundle_default_opt_4,True,alloca,5,5,0
own_v1,O3,h00028,bundle_default_opt_4,True,and,11,11,0
own_v1,O3,h00028,bundle_default_opt_4,True,br,54,54,0
own_v1,O3,h00028,bundle_default_opt_4,True,call,9,9,0
own_v1,O3,h00028,bundle_default_opt_4,True,getelementptr,45,45,0
own_v1,O3,h00028,bundle_default_opt_4,True,icmp,20,20,0
own_v1,O3,h00028,bundle_default_opt_4,True,inttoptr,10,10,0
own_v1,O3,h00028,bundle_default_opt_4,True,load,67,67,0
own_v1,O3,h00028,bundle_default_opt_4,True,mul,10,10,0
own_v1,O3,h00028,bundle_default_opt_4,True,phi,2,2,0
own_v1,O3,h00028,bundle_default_opt_4,True,ptrtoint,1,1,0
own_v1,O3,h00028,bundle_default_opt_4,True,ret,2,2,0
own_v1,O3,h00028,bundle_default_opt_4,True,select,20,20,0
own_v1,O3,h00028,bundle_default_opt_4,True,sext,22,22,0
own_v1,O3,h00028,bundle_default_opt_4,True,shl,14,14,0
own_v1,O3,h00028,bundle_default_opt_4,True,store,110,110,0
own_v1,O3,h00028,bundle_default_opt_4,True,switch,2,2,0
own_v1,O3,h00028,bundle_default_opt_4,True,xor,8,8,0
own_v1,O3,h00028,bundle_default_opt_4,True,zext,11,11,0
own_v1,O3,h00028,bundle_post_opt_4_custom_cleanup,True,add,30,30,0
own_v1,O3,h00028,bundle_post_opt_4_custom_cleanup,True,alloca,5,5,0
own_v1,O3,h00028,bundle_post_opt_4_custom_cleanup,True,and,11,11,0
own_v1,O3,h00028,bundle_post_opt_4_custom_cleanup,True,br,54,54,0
own_v1,O3,h00028,bundle_post_opt_4_custom_cleanup,True,call,9,9,0
own_v1,O3,h00028,bundle_post_opt_4_custom_cleanup,True,getelementptr,45,45,0
own_v1,O3,h00028,bundle_post_opt_4_custom_cleanup,True,icmp,20,20,0
own_v1,O3,h00028,bundle_post_opt_4_custom_cleanup,True,inttoptr,10,10,0
own_v1,O3,h00028,bundle_post_opt_4_custom_cleanup,True,load,67,67,0
own_v1,O3,h00028,bundle_post_opt_4_custom_cleanup,True,mul,10,10,0
own_v1,O3,h00028,bundle_post_opt_4_custom_cleanup,True,phi,2,2,0
own_v1,O3,h00028,bundle_post_opt_4_custom_cleanup,True,ptrtoint,1,1,0
own_v1,O3,h00028,bundle_post_opt_4_custom_cleanup,True,ret,2,1,-1
own_v1,O3,h00028,bundle_post_opt_4_custom_cleanup,True,select,20,20,0
own_v1,O3,h00028,bundle_post_opt_4_custom_cleanup,True,sext,22,22,0
own_v1,O3,h00028,bundle_post_opt_4_custom_cleanup,True,shl,14,14,0
own_v1,O3,h00028,bundle_post_opt_4_custom_cleanup,True,store,110,110,0
own_v1,O3,h00028,bundle_post_opt_4_custom_cleanup,True,switch,2,2,0
own_v1,O3,h00028,bundle_post_opt_4_custom_cleanup,True,xor,8,8,0
own_v1,O3,h00028,bundle_post_opt_4_custom_cleanup,True,zext,11,11,0
own_v1,O3,h00029,main_default_opt_1,True,add,97,97,0
own_v1,O3,h00029,main_default_opt_1,True,alloca,9,7,-2
own_v1,O3,h00029,main_default_opt_1,True,and,40,39,-1
own_v1,O3,h00029,main_default_opt_1,True,br,67,69,2
own_v1,O3,h00029,main_default_opt_1,True,call,44,37,-7
own_v1,O3,h00029,main_default_opt_1,True,getelementptr,148,118,-30
own_v1,O3,h00029,main_default_opt_1,True,icmp,67,67,0
own_v1,O3,h00029,main_default_opt_1,True,inttoptr,41,40,-1
own_v1,O3,h00029,main_default_opt_1,True,load,211,183,-28
own_v1,O3,h00029,main_default_opt_1,True,lshr,26,26,0
own_v1,O3,h00029,main_default_opt_1,True,mul,2,2,0
own_v1,O3,h00029,main_default_opt_1,True,phi,30,45,15
own_v1,O3,h00029,main_default_opt_1,True,ptrtoint,4,3,-1
own_v1,O3,h00029,main_default_opt_1,True,ret,12,9,-3
own_v1,O3,h00029,main_default_opt_1,True,select,33,33,0
own_v1,O3,h00029,main_default_opt_1,True,sext,5,5,0
own_v1,O3,h00029,main_default_opt_1,True,shl,11,11,0
own_v1,O3,h00029,main_default_opt_1,True,store,1058,1032,-26
own_v1,O3,h00029,main_default_opt_1,True,sub,2,2,0
own_v1,O3,h00029,main_default_opt_1,True,switch,6,6,0
own_v1,O3,h00029,main_default_opt_1,True,trunc,40,35,-5
own_v1,O3,h00029,main_default_opt_1,True,xor,50,50,0
own_v1,O3,h00029,main_default_opt_1,True,zext,68,66,-2
own_v1,O3,h00029,main_default_opt_2,True,add,90,102,12
own_v1,O3,h00029,main_default_opt_2,True,alloca,6,6,0
own_v1,O3,h00029,main_default_opt_2,True,and,51,39,-12
own_v1,O3,h00029,main_default_opt_2,True,br,69,69,0
own_v1,O3,h00029,main_default_opt_2,True,call,35,33,-2
own_v1,O3,h00029,main_default_opt_2,True,getelementptr,125,122,-3
own_v1,O3,h00029,main_default_opt_2,True,icmp,91,79,-12
own_v1,O3,h00029,main_default_opt_2,True,inttoptr,34,34,0
own_v1,O3,h00029,main_default_opt_2,True,load,183,185,2
own_v1,O3,h00029,main_default_opt_2,True,lshr,26,26,0
own_v1,O3,h00029,main_default_opt_2,True,mul,2,2,0
own_v1,O3,h00029,main_default_opt_2,True,phi,45,45,0
own_v1,O3,h00029,main_default_opt_2,True,ptrtoint,9,9,0
own_v1,O3,h00029,main_default_opt_2,True,ret,9,9,0
own_v1,O3,h00029,main_default_opt_2,True,select,45,45,0
own_v1,O3,h00029,main_default_opt_2,True,sext,5,5,0
own_v1,O3,h00029,main_default_opt_2,True,shl,11,11,0
own_v1,O3,h00029,main_default_opt_2,True,store,1014,1016,2
own_v1,O3,h00029,main_default_opt_2,True,sub,14,2,-12
own_v1,O3,h00029,main_default_opt_2,True,switch,6,6,0
own_v1,O3,h00029,main_default_opt_2,True,trunc,35,35,0
own_v1,O3,h00029,main_default_opt_2,True,xor,50,50,0
own_v1,O3,h00029,main_default_opt_2,True,zext,66,66,0
own_v1,O3,h00029,bundle_default_opt_3,True,add,86,86,0
own_v1,O3,h00029,bundle_default_opt_3,True,alloca,6,6,0
own_v1,O3,h00029,bundle_default_opt_3,True,and,44,43,-1
own_v1,O3,h00029,bundle_default_opt_3,True,br,69,69,0
own_v1,O3,h00029,bundle_default_opt_3,True,call,41,41,0
own_v1,O3,h00029,bundle_default_opt_3,True,getelementptr,106,106,0
own_v1,O3,h00029,bundle_default_opt_3,True,icmp,63,63,0
own_v1,O3,h00029,bundle_default_opt_3,True,inttoptr,26,26,0
own_v1,O3,h00029,bundle_default_opt_3,True,load,190,137,-53
own_v1,O3,h00029,bundle_default_opt_3,True,lshr,26,26,0
own_v1,O3,h00029,bundle_default_opt_3,True,mul,2,2,0
own_v1,O3,h00029,bundle_default_opt_3,True,or,5,4,-1
own_v1,O3,h00029,bundle_default_opt_3,True,phi,45,45,0
own_v1,O3,h00029,bundle_default_opt_3,True,ptrtoint,8,8,0
own_v1,O3,h00029,bundle_default_opt_3,True,ret,10,10,0
own_v1,O3,h00029,bundle_default_opt_3,True,select,29,29,0
own_v1,O3,h00029,bundle_default_opt_3,True,sext,5,5,0
own_v1,O3,h00029,bundle_default_opt_3,True,shl,11,11,0
own_v1,O3,h00029,bundle_default_opt_3,True,store,1015,813,-202
own_v1,O3,h00029,bundle_default_opt_3,True,sub,2,2,0
own_v1,O3,h00029,bundle_default_opt_3,True,switch,6,6,0
own_v1,O3,h00029,bundle_default_opt_3,True,trunc,35,35,0
own_v1,O3,h00029,bundle_default_opt_3,True,xor,50,50,0
own_v1,O3,h00029,bundle_default_opt_3,True,zext,66,65,-1
own_v1,O3,h00029,bundle_default_opt_4,True,add,86,86,0
own_v1,O3,h00029,bundle_default_opt_4,True,alloca,6,6,0
own_v1,O3,h00029,bundle_default_opt_4,True,and,43,43,0
own_v1,O3,h00029,bundle_default_opt_4,True,br,69,69,0
own_v1,O3,h00029,bundle_default_opt_4,True,call,41,41,0
own_v1,O3,h00029,bundle_default_opt_4,True,getelementptr,106,106,0
own_v1,O3,h00029,bundle_default_opt_4,True,icmp,63,63,0
own_v1,O3,h00029,bundle_default_opt_4,True,inttoptr,26,26,0
own_v1,O3,h00029,bundle_default_opt_4,True,load,137,137,0
own_v1,O3,h00029,bundle_default_opt_4,True,lshr,26,26,0
own_v1,O3,h00029,bundle_default_opt_4,True,mul,2,2,0
own_v1,O3,h00029,bundle_default_opt_4,True,or,4,4,0
own_v1,O3,h00029,bundle_default_opt_4,True,phi,45,45,0
own_v1,O3,h00029,bundle_default_opt_4,True,ptrtoint,8,8,0
own_v1,O3,h00029,bundle_default_opt_4,True,ret,10,10,0
own_v1,O3,h00029,bundle_default_opt_4,True,select,29,29,0
own_v1,O3,h00029,bundle_default_opt_4,True,sext,5,5,0
own_v1,O3,h00029,bundle_default_opt_4,True,shl,11,11,0
own_v1,O3,h00029,bundle_default_opt_4,True,store,813,801,-12
own_v1,O3,h00029,bundle_default_opt_4,True,sub,2,2,0
own_v1,O3,h00029,bundle_default_opt_4,True,switch,6,6,0
own_v1,O3,h00029,bundle_default_opt_4,True,trunc,35,35,0
own_v1,O3,h00029,bundle_default_opt_4,True,xor,50,50,0
own_v1,O3,h00029,bundle_default_opt_4,True,zext,65,65,0
own_v1,O3,h00029,bundle_post_opt_4_custom_cleanup,True,add,86,86,0
own_v1,O3,h00029,bundle_post_opt_4_custom_cleanup,True,alloca,6,6,0
own_v1,O3,h00029,bundle_post_opt_4_custom_cleanup,True,and,43,43,0
own_v1,O3,h00029,bundle_post_opt_4_custom_cleanup,True,br,69,69,0
own_v1,O3,h00029,bundle_post_opt_4_custom_cleanup,True,call,41,41,0
own_v1,O3,h00029,bundle_post_opt_4_custom_cleanup,True,getelementptr,106,106,0
own_v1,O3,h00029,bundle_post_opt_4_custom_cleanup,True,icmp,63,63,0
own_v1,O3,h00029,bundle_post_opt_4_custom_cleanup,True,inttoptr,26,26,0
own_v1,O3,h00029,bundle_post_opt_4_custom_cleanup,True,load,137,137,0
own_v1,O3,h00029,bundle_post_opt_4_custom_cleanup,True,lshr,26,26,0
own_v1,O3,h00029,bundle_post_opt_4_custom_cleanup,True,mul,2,2,0
own_v1,O3,h00029,bundle_post_opt_4_custom_cleanup,True,or,4,4,0
own_v1,O3,h00029,bundle_post_opt_4_custom_cleanup,True,phi,45,45,0
own_v1,O3,h00029,bundle_post_opt_4_custom_cleanup,True,ptrtoint,8,8,0
own_v1,O3,h00029,bundle_post_opt_4_custom_cleanup,True,ret,10,10,0
own_v1,O3,h00029,bundle_post_opt_4_custom_cleanup,True,select,29,29,0
own_v1,O3,h00029,bundle_post_opt_4_custom_cleanup,True,sext,5,5,0
own_v1,O3,h00029,bundle_post_opt_4_custom_cleanup,True,shl,11,11,0
own_v1,O3,h00029,bundle_post_opt_4_custom_cleanup,True,store,801,800,-1
own_v1,O3,h00029,bundle_post_opt_4_custom_cleanup,True,sub,2,2,0
own_v1,O3,h00029,bundle_post_opt_4_custom_cleanup,True,switch,6,6,0
own_v1,O3,h00029,bundle_post_opt_4_custom_cleanup,True,trunc,35,35,0
own_v1,O3,h00029,bundle_post_opt_4_custom_cleanup,True,xor,50,50,0
own_v1,O3,h00029,bundle_post_opt_4_custom_cleanup,True,zext,65,65,0
own_v1,O3,h00030,main_default_opt_1,True,add,74,68,-6
own_v1,O3,h00030,main_default_opt_1,True,alloca,9,7,-2
own_v1,O3,h00030,main_default_opt_1,True,and,26,25,-1
own_v1,O3,h00030,main_default_opt_1,True,br,94,92,-2
own_v1,O3,h00030,main_default_opt_1,True,call,34,22,-12
own_v1,O3,h00030,main_default_opt_1,True,getelementptr,155,138,-17
own_v1,O3,h00030,main_default_opt_1,True,icmp,51,50,-1
own_v1,O3,h00030,main_default_opt_1,True,inttoptr,22,20,-2
own_v1,O3,h00030,main_default_opt_1,True,load,164,147,-17
own_v1,O3,h00030,main_default_opt_1,True,lshr,20,19,-1
own_v1,O3,h00030,main_default_opt_1,True,mul,9,9,0
own_v1,O3,h00030,main_default_opt_1,True,phi,26,29,3
own_v1,O3,h00030,main_default_opt_1,True,ptrtoint,4,2,-2
own_v1,O3,h00030,main_default_opt_1,True,ret,11,2,-9
own_v1,O3,h00030,main_default_opt_1,True,select,30,30,0
own_v1,O3,h00030,main_default_opt_1,True,sext,18,18,0
own_v1,O3,h00030,main_default_opt_1,True,shl,19,19,0
own_v1,O3,h00030,main_default_opt_1,True,store,1205,1144,-61
own_v1,O3,h00030,main_default_opt_1,True,sub,4,4,0
own_v1,O3,h00030,main_default_opt_1,True,switch,3,3,0
own_v1,O3,h00030,main_default_opt_1,True,trunc,19,17,-2
own_v1,O3,h00030,main_default_opt_1,True,xor,38,37,-1
own_v1,O3,h00030,main_default_opt_1,True,zext,43,40,-3
own_v1,O3,h00030,main_default_opt_2,True,add,55,43,-12
own_v1,O3,h00030,main_default_opt_2,True,alloca,4,4,0
own_v1,O3,h00030,main_default_opt_2,True,and,10,10,0
own_v1,O3,h00030,main_default_opt_2,True,br,92,88,-4
own_v1,O3,h00030,main_default_opt_2,True,call,10,4,-6
own_v1,O3,h00030,main_default_opt_2,True,getelementptr,93,31,-62
own_v1,O3,h00030,main_default_opt_2,True,icmp,38,34,-4
own_v1,O3,h00030,main_default_opt_2,True,inttoptr,23,19,-4
own_v1,O3,h00030,main_default_opt_2,True,load,75,81,6
own_v1,O3,h00030,main_default_opt_2,True,lshr,8,8,0
own_v1,O3,h00030,main_default_opt_2,True,mul,9,9,0
own_v1,O3,h00030,main_default_opt_2,True,phi,2,0,-2
own_v1,O3,h00030,main_default_opt_2,True,ptrtoint,1,1,0
own_v1,O3,h00030,main_default_opt_2,True,ret,2,2,0
own_v1,O3,h00030,main_default_opt_2,True,select,30,30,0
own_v1,O3,h00030,main_default_opt_2,True,sext,17,17,0
own_v1,O3,h00030,main_default_opt_2,True,shl,19,19,0
own_v1,O3,h00030,main_default_opt_2,True,store,122,128,6
own_v1,O3,h00030,main_default_opt_2,True,sub,4,4,0
own_v1,O3,h00030,main_default_opt_2,True,switch,3,2,-1
own_v1,O3,h00030,main_default_opt_2,True,trunc,1,0,-1
own_v1,O3,h00030,main_default_opt_2,True,xor,22,22,0
own_v1,O3,h00030,bundle_default_opt_3,True,add,36,36,0
own_v1,O3,h00030,bundle_default_opt_3,True,alloca,4,4,0
own_v1,O3,h00030,bundle_default_opt_3,True,and,10,10,0
own_v1,O3,h00030,bundle_default_opt_3,True,br,88,88,0
own_v1,O3,h00030,bundle_default_opt_3,True,call,4,4,0
own_v1,O3,h00030,bundle_default_opt_3,True,getelementptr,38,37,-1
own_v1,O3,h00030,bundle_default_opt_3,True,icmp,34,34,0
own_v1,O3,h00030,bundle_default_opt_3,True,inttoptr,12,12,0
own_v1,O3,h00030,bundle_default_opt_3,True,load,81,81,0
own_v1,O3,h00030,bundle_default_opt_3,True,lshr,8,8,0
own_v1,O3,h00030,bundle_default_opt_3,True,mul,9,9,0
own_v1,O3,h00030,bundle_default_opt_3,True,ptrtoint,1,1,0
own_v1,O3,h00030,bundle_default_opt_3,True,ret,2,2,0
own_v1,O3,h00030,bundle_default_opt_3,True,select,30,30,0
own_v1,O3,h00030,bundle_default_opt_3,True,sext,17,17,0
own_v1,O3,h00030,bundle_default_opt_3,True,shl,19,19,0
own_v1,O3,h00030,bundle_default_opt_3,True,store,128,128,0
own_v1,O3,h00030,bundle_default_opt_3,True,sub,4,4,0
own_v1,O3,h00030,bundle_default_opt_3,True,switch,2,2,0
own_v1,O3,h00030,bundle_default_opt_3,True,xor,22,22,0
own_v1,O3,h00030,bundle_default_opt_4,True,add,36,36,0
own_v1,O3,h00030,bundle_default_opt_4,True,alloca,4,4,0
own_v1,O3,h00030,bundle_default_opt_4,True,and,10,10,0
own_v1,O3,h00030,bundle_default_opt_4,True,br,88,88,0
own_v1,O3,h00030,bundle_default_opt_4,True,call,4,4,0
own_v1,O3,h00030,bundle_default_opt_4,True,getelementptr,37,37,0
own_v1,O3,h00030,bundle_default_opt_4,True,icmp,34,34,0
own_v1,O3,h00030,bundle_default_opt_4,True,inttoptr,12,12,0
own_v1,O3,h00030,bundle_default_opt_4,True,load,81,81,0
own_v1,O3,h00030,bundle_default_opt_4,True,lshr,8,8,0
own_v1,O3,h00030,bundle_default_opt_4,True,mul,9,9,0
own_v1,O3,h00030,bundle_default_opt_4,True,ptrtoint,1,1,0
own_v1,O3,h00030,bundle_default_opt_4,True,ret,2,2,0
own_v1,O3,h00030,bundle_default_opt_4,True,select,30,30,0
own_v1,O3,h00030,bundle_default_opt_4,True,sext,17,17,0
own_v1,O3,h00030,bundle_default_opt_4,True,shl,19,19,0
own_v1,O3,h00030,bundle_default_opt_4,True,store,128,128,0
own_v1,O3,h00030,bundle_default_opt_4,True,sub,4,4,0
own_v1,O3,h00030,bundle_default_opt_4,True,switch,2,2,0
own_v1,O3,h00030,bundle_default_opt_4,True,xor,22,22,0
own_v1,O3,h00030,bundle_post_opt_4_custom_cleanup,True,add,36,36,0
own_v1,O3,h00030,bundle_post_opt_4_custom_cleanup,True,alloca,4,4,0
own_v1,O3,h00030,bundle_post_opt_4_custom_cleanup,True,and,10,10,0
own_v1,O3,h00030,bundle_post_opt_4_custom_cleanup,True,br,88,88,0
own_v1,O3,h00030,bundle_post_opt_4_custom_cleanup,True,call,4,4,0
own_v1,O3,h00030,bundle_post_opt_4_custom_cleanup,True,getelementptr,37,37,0
own_v1,O3,h00030,bundle_post_opt_4_custom_cleanup,True,icmp,34,34,0
own_v1,O3,h00030,bundle_post_opt_4_custom_cleanup,True,inttoptr,12,12,0
own_v1,O3,h00030,bundle_post_opt_4_custom_cleanup,True,load,81,81,0
own_v1,O3,h00030,bundle_post_opt_4_custom_cleanup,True,lshr,8,8,0
own_v1,O3,h00030,bundle_post_opt_4_custom_cleanup,True,mul,9,9,0
own_v1,O3,h00030,bundle_post_opt_4_custom_cleanup,True,ptrtoint,1,1,0
own_v1,O3,h00030,bundle_post_opt_4_custom_cleanup,True,ret,2,1,-1
own_v1,O3,h00030,bundle_post_opt_4_custom_cleanup,True,select,30,30,0
own_v1,O3,h00030,bundle_post_opt_4_custom_cleanup,True,sext,17,17,0
own_v1,O3,h00030,bundle_post_opt_4_custom_cleanup,True,shl,19,19,0
own_v1,O3,h00030,bundle_post_opt_4_custom_cleanup,True,store,128,128,0
own_v1,O3,h00030,bundle_post_opt_4_custom_cleanup,True,sub,4,4,0
own_v1,O3,h00030,bundle_post_opt_4_custom_cleanup,True,switch,2,2,0
own_v1,O3,h00030,bundle_post_opt_4_custom_cleanup,True,xor,22,22,0
own_v1,O3,h00031,main_default_opt_1,True,add,56,56,0
own_v1,O3,h00031,main_default_opt_1,True,alloca,9,7,-2
own_v1,O3,h00031,main_default_opt_1,True,and,31,31,0
own_v1,O3,h00031,main_default_opt_1,True,br,57,58,1
own_v1,O3,h00031,main_default_opt_1,True,call,38,31,-7
own_v1,O3,h00031,main_default_opt_1,True,getelementptr,133,111,-22
own_v1,O3,h00031,main_default_opt_1,True,icmp,43,43,0
own_v1,O3,h00031,main_default_opt_1,True,inttoptr,23,23,0
own_v1,O3,h00031,main_default_opt_1,True,load,151,123,-28
own_v1,O3,h00031,main_default_opt_1,True,lshr,14,14,0
own_v1,O3,h00031,main_default_opt_1,True,mul,4,4,0
own_v1,O3,h00031,main_default_opt_1,True,phi,27,39,12
own_v1,O3,h00031,main_default_opt_1,True,ptrtoint,4,3,-1
own_v1,O3,h00031,main_default_opt_1,True,ret,11,8,-3
own_v1,O3,h00031,main_default_opt_1,True,select,22,22,0
own_v1,O3,h00031,main_default_opt_1,True,sext,1,1,0
own_v1,O3,h00031,main_default_opt_1,True,shl,9,9,0
own_v1,O3,h00031,main_default_opt_1,True,store,938,913,-25
own_v1,O3,h00031,main_default_opt_1,True,switch,4,4,0
own_v1,O3,h00031,main_default_opt_1,True,trunc,26,21,-5
own_v1,O3,h00031,main_default_opt_1,True,xor,36,36,0
own_v1,O3,h00031,main_default_opt_1,True,zext,47,45,-2
own_v1,O3,h00031,main_default_opt_2,True,add,46,46,0
own_v1,O3,h00031,main_default_opt_2,True,alloca,2,2,0
own_v1,O3,h00031,main_default_opt_2,True,and,31,31,0
own_v1,O3,h00031,main_default_opt_2,True,br,58,58,0
own_v1,O3,h00031,main_default_opt_2,True,call,21,20,-1
own_v1,O3,h00031,main_default_opt_2,True,getelementptr,78,71,-7
own_v1,O3,h00031,main_default_opt_2,True,icmp,43,43,0
own_v1,O3,h00031,main_default_opt_2,True,inttoptr,11,11,0
own_v1,O3,h00031,main_default_opt_2,True,load,123,125,2
own_v1,O3,h00031,main_default_opt_2,True,lshr,14,14,0
own_v1,O3,h00031,main_default_opt_2,True,mul,4,4,0
own_v1,O3,h00031,main_default_opt_2,True,phi,39,39,0
own_v1,O3,h00031,main_default_opt_2,True,ptrtoint,3,3,0
own_v1,O3,h00031,main_default_opt_2,True,ret,8,8,0
own_v1,O3,h00031,main_default_opt_2,True,select,22,22,0
own_v1,O3,h00031,main_default_opt_2,True,sext,1,1,0
own_v1,O3,h00031,main_default_opt_2,True,shl,9,9,0
own_v1,O3,h00031,main_default_opt_2,True,store,859,857,-2
own_v1,O3,h00031,main_default_opt_2,True,switch,4,4,0
own_v1,O3,h00031,main_default_opt_2,True,trunc,21,21,0
own_v1,O3,h00031,main_default_opt_2,True,xor,36,36,0
own_v1,O3,h00031,main_default_opt_2,True,zext,45,45,0
own_v1,O3,h00031,bundle_default_opt_3,True,add,45,45,0
own_v1,O3,h00031,bundle_default_opt_3,True,alloca,2,2,0
own_v1,O3,h00031,bundle_default_opt_3,True,and,31,31,0
own_v1,O3,h00031,bundle_default_opt_3,True,br,58,58,0
own_v1,O3,h00031,bundle_default_opt_3,True,call,19,19,0
own_v1,O3,h00031,bundle_default_opt_3,True,getelementptr,70,70,0
own_v1,O3,h00031,bundle_default_opt_3,True,icmp,43,43,0
own_v1,O3,h00031,bundle_default_opt_3,True,inttoptr,11,11,0
own_v1,O3,h00031,bundle_default_opt_3,True,load,124,88,-36
own_v1,O3,h00031,bundle_default_opt_3,True,lshr,14,14,0
own_v1,O3,h00031,bundle_default_opt_3,True,mul,4,4,0
own_v1,O3,h00031,bundle_default_opt_3,True,phi,33,33,0
own_v1,O3,h00031,bundle_default_opt_3,True,ptrtoint,1,1,0
own_v1,O3,h00031,bundle_default_opt_3,True,ret,8,8,0
own_v1,O3,h00031,bundle_default_opt_3,True,select,22,22,0
own_v1,O3,h00031,bundle_default_opt_3,True,shl,9,9,0
own_v1,O3,h00031,bundle_default_opt_3,True,store,697,581,-116
own_v1,O3,h00031,bundle_default_opt_3,True,switch,4,4,0
own_v1,O3,h00031,bundle_default_opt_3,True,trunc,21,21,0
own_v1,O3,h00031,bundle_default_opt_3,True,xor,36,36,0
own_v1,O3,h00031,bundle_default_opt_3,True,zext,36,35,-1
own_v1,O3,h00031,bundle_default_opt_4,True,add,45,45,0
own_v1,O3,h00031,bundle_default_opt_4,True,alloca,2,2,0
own_v1,O3,h00031,bundle_default_opt_4,True,and,31,31,0
own_v1,O3,h00031,bundle_default_opt_4,True,br,58,58,0
own_v1,O3,h00031,bundle_default_opt_4,True,call,19,19,0
own_v1,O3,h00031,bundle_default_opt_4,True,getelementptr,70,70,0
own_v1,O3,h00031,bundle_default_opt_4,True,icmp,43,43,0
own_v1,O3,h00031,bundle_default_opt_4,True,inttoptr,11,11,0
own_v1,O3,h00031,bundle_default_opt_4,True,load,88,88,0
own_v1,O3,h00031,bundle_default_opt_4,True,lshr,14,14,0
own_v1,O3,h00031,bundle_default_opt_4,True,mul,4,4,0
own_v1,O3,h00031,bundle_default_opt_4,True,phi,33,33,0
own_v1,O3,h00031,bundle_default_opt_4,True,ptrtoint,1,1,0
own_v1,O3,h00031,bundle_default_opt_4,True,ret,8,8,0
own_v1,O3,h00031,bundle_default_opt_4,True,select,22,22,0
own_v1,O3,h00031,bundle_default_opt_4,True,shl,9,9,0
own_v1,O3,h00031,bundle_default_opt_4,True,store,581,570,-11
own_v1,O3,h00031,bundle_default_opt_4,True,switch,4,4,0
own_v1,O3,h00031,bundle_default_opt_4,True,trunc,21,21,0
own_v1,O3,h00031,bundle_default_opt_4,True,xor,36,36,0
own_v1,O3,h00031,bundle_default_opt_4,True,zext,35,35,0
own_v1,O3,h00031,bundle_post_opt_4_custom_cleanup,True,add,45,45,0
own_v1,O3,h00031,bundle_post_opt_4_custom_cleanup,True,alloca,2,2,0
own_v1,O3,h00031,bundle_post_opt_4_custom_cleanup,True,and,31,31,0
own_v1,O3,h00031,bundle_post_opt_4_custom_cleanup,True,br,58,58,0
own_v1,O3,h00031,bundle_post_opt_4_custom_cleanup,True,call,19,19,0
own_v1,O3,h00031,bundle_post_opt_4_custom_cleanup,True,getelementptr,70,70,0
own_v1,O3,h00031,bundle_post_opt_4_custom_cleanup,True,icmp,43,43,0
own_v1,O3,h00031,bundle_post_opt_4_custom_cleanup,True,inttoptr,11,11,0
own_v1,O3,h00031,bundle_post_opt_4_custom_cleanup,True,load,88,88,0
own_v1,O3,h00031,bundle_post_opt_4_custom_cleanup,True,lshr,14,14,0
own_v1,O3,h00031,bundle_post_opt_4_custom_cleanup,True,mul,4,4,0
own_v1,O3,h00031,bundle_post_opt_4_custom_cleanup,True,phi,33,33,0
own_v1,O3,h00031,bundle_post_opt_4_custom_cleanup,True,ptrtoint,1,1,0
own_v1,O3,h00031,bundle_post_opt_4_custom_cleanup,True,ret,8,8,0
own_v1,O3,h00031,bundle_post_opt_4_custom_cleanup,True,select,22,22,0
own_v1,O3,h00031,bundle_post_opt_4_custom_cleanup,True,shl,9,9,0
own_v1,O3,h00031,bundle_post_opt_4_custom_cleanup,True,store,570,568,-2
own_v1,O3,h00031,bundle_post_opt_4_custom_cleanup,True,switch,4,4,0
own_v1,O3,h00031,bundle_post_opt_4_custom_cleanup,True,trunc,21,21,0
own_v1,O3,h00031,bundle_post_opt_4_custom_cleanup,True,xor,36,36,0
own_v1,O3,h00031,bundle_post_opt_4_custom_cleanup,True,zext,35,35,0
own_v1,O3,h00032,main_default_opt_1,True,add,29,29,0
own_v1,O3,h00032,main_default_opt_1,True,alloca,3,1,-2
own_v1,O3,h00032,main_default_opt_1,True,and,25,25,0
own_v1,O3,h00032,main_default_opt_1,True,br,54,55,1
own_v1,O3,h00032,main_default_opt_1,True,call,18,11,-7
own_v1,O3,h00032,main_default_opt_1,True,getelementptr,81,65,-16
own_v1,O3,h00032,main_default_opt_1,True,icmp,35,35,0
own_v1,O3,h00032,main_default_opt_1,True,inttoptr,12,12,0
own_v1,O3,h00032,main_default_opt_1,True,load,77,75,-2
own_v1,O3,h00032,main_default_opt_1,True,lshr,8,8,0
own_v1,O3,h00032,main_default_opt_1,True,phi,26,37,11
own_v1,O3,h00032,main_default_opt_1,True,ptrtoint,5,5,0
own_v1,O3,h00032,main_default_opt_1,True,ret,11,8,-3
own_v1,O3,h00032,main_default_opt_1,True,select,23,23,0
own_v1,O3,h00032,main_default_opt_1,True,sext,12,12,0
own_v1,O3,h00032,main_default_opt_1,True,shl,4,4,0
own_v1,O3,h00032,main_default_opt_1,True,store,696,673,-23
own_v1,O3,h00032,main_default_opt_1,True,switch,2,2,0
own_v1,O3,h00032,main_default_opt_1,True,trunc,14,10,-4
own_v1,O3,h00032,main_default_opt_1,True,xor,15,15,0
own_v1,O3,h00032,main_default_opt_1,True,zext,21,19,-2
own_v1,O3,h00032,main_default_opt_2,True,add,26,26,0
own_v1,O3,h00032,main_default_opt_2,True,alloca,1,1,0
own_v1,O3,h00032,main_default_opt_2,True,and,27,25,-2
own_v1,O3,h00032,main_default_opt_2,True,br,55,55,0
own_v1,O3,h00032,main_default_opt_2,True,call,11,11,0
own_v1,O3,h00032,main_default_opt_2,True,getelementptr,66,63,-3
own_v1,O3,h00032,main_default_opt_2,True,icmp,37,33,-4
own_v1,O3,h00032,main_default_opt_2,True,inttoptr,9,9,0
own_v1,O3,h00032,main_default_opt_2,True,load,75,75,0
own_v1,O3,h00032,main_default_opt_2,True,lshr,8,8,0
own_v1,O3,h00032,main_default_opt_2,True,phi,37,37,0
own_v1,O3,h00032,main_default_opt_2,True,ptrtoint,5,5,0
own_v1,O3,h00032,main_default_opt_2,True,ret,8,8,0
own_v1,O3,h00032,main_default_opt_2,True,select,23,23,0
own_v1,O3,h00032,main_default_opt_2,True,sext,12,12,0
own_v1,O3,h00032,main_default_opt_2,True,shl,4,4,0
own_v1,O3,h00032,main_default_opt_2,True,store,673,672,-1
own_v1,O3,h00032,main_default_opt_2,True,sub,2,0,-2
own_v1,O3,h00032,main_default_opt_2,True,switch,2,2,0
own_v1,O3,h00032,main_default_opt_2,True,trunc,10,10,0
own_v1,O3,h00032,main_default_opt_2,True,xor,15,15,0
own_v1,O3,h00032,main_default_opt_2,True,zext,19,19,0
own_v1,O3,h00032,bundle_default_opt_3,True,add,23,23,0
own_v1,O3,h00032,bundle_default_opt_3,True,alloca,1,1,0
own_v1,O3,h00032,bundle_default_opt_3,True,and,13,13,0
own_v1,O3,h00032,bundle_default_opt_3,True,br,55,55,0
own_v1,O3,h00032,bundle_default_opt_3,True,call,12,12,0
own_v1,O3,h00032,bundle_default_opt_3,True,getelementptr,57,57,0
own_v1,O3,h00032,bundle_default_opt_3,True,icmp,31,31,0
own_v1,O3,h00032,bundle_default_opt_3,True,inttoptr,8,8,0
own_v1,O3,h00032,bundle_default_opt_3,True,load,75,65,-10
own_v1,O3,h00032,bundle_default_opt_3,True,lshr,8,8,0
own_v1,O3,h00032,bundle_default_opt_3,True,phi,28,28,0
own_v1,O3,h00032,bundle_default_opt_3,True,ptrtoint,1,1,0
own_v1,O3,h00032,bundle_default_opt_3,True,ret,9,9,0
own_v1,O3,h00032,bundle_default_opt_3,True,select,19,19,0
own_v1,O3,h00032,bundle_default_opt_3,True,shl,4,4,0
own_v1,O3,h00032,bundle_default_opt_3,True,store,497,387,-110
own_v1,O3,h00032,bundle_default_opt_3,True,switch,2,2,0
own_v1,O3,h00032,bundle_default_opt_3,True,trunc,10,10,0
own_v1,O3,h00032,bundle_default_opt_3,True,xor,15,15,0
own_v1,O3,h00032,bundle_default_opt_3,True,zext,12,11,-1
own_v1,O3,h00032,bundle_default_opt_4,True,add,23,23,0
own_v1,O3,h00032,bundle_default_opt_4,True,alloca,1,1,0
own_v1,O3,h00032,bundle_default_opt_4,True,and,13,13,0
own_v1,O3,h00032,bundle_default_opt_4,True,br,55,55,0
own_v1,O3,h00032,bundle_default_opt_4,True,call,12,12,0
own_v1,O3,h00032,bundle_default_opt_4,True,getelementptr,57,57,0
own_v1,O3,h00032,bundle_default_opt_4,True,icmp,31,31,0
own_v1,O3,h00032,bundle_default_opt_4,True,inttoptr,8,8,0
own_v1,O3,h00032,bundle_default_opt_4,True,load,65,65,0
own_v1,O3,h00032,bundle_default_opt_4,True,lshr,8,8,0
own_v1,O3,h00032,bundle_default_opt_4,True,phi,28,28,0
own_v1,O3,h00032,bundle_default_opt_4,True,ptrtoint,1,1,0
own_v1,O3,h00032,bundle_default_opt_4,True,ret,9,9,0
own_v1,O3,h00032,bundle_default_opt_4,True,select,19,19,0
own_v1,O3,h00032,bundle_default_opt_4,True,shl,4,4,0
own_v1,O3,h00032,bundle_default_opt_4,True,store,387,358,-29
own_v1,O3,h00032,bundle_default_opt_4,True,switch,2,2,0
own_v1,O3,h00032,bundle_default_opt_4,True,trunc,10,10,0
own_v1,O3,h00032,bundle_default_opt_4,True,xor,15,15,0
own_v1,O3,h00032,bundle_default_opt_4,True,zext,11,11,0
own_v1,O3,h00032,bundle_post_opt_4_custom_cleanup,True,add,23,23,0
own_v1,O3,h00032,bundle_post_opt_4_custom_cleanup,True,alloca,1,1,0
own_v1,O3,h00032,bundle_post_opt_4_custom_cleanup,True,and,13,13,0
own_v1,O3,h00032,bundle_post_opt_4_custom_cleanup,True,br,55,55,0
own_v1,O3,h00032,bundle_post_opt_4_custom_cleanup,True,call,12,12,0
own_v1,O3,h00032,bundle_post_opt_4_custom_cleanup,True,getelementptr,57,57,0
own_v1,O3,h00032,bundle_post_opt_4_custom_cleanup,True,icmp,31,31,0
own_v1,O3,h00032,bundle_post_opt_4_custom_cleanup,True,inttoptr,8,8,0
own_v1,O3,h00032,bundle_post_opt_4_custom_cleanup,True,load,65,65,0
own_v1,O3,h00032,bundle_post_opt_4_custom_cleanup,True,lshr,8,8,0
own_v1,O3,h00032,bundle_post_opt_4_custom_cleanup,True,phi,28,28,0
own_v1,O3,h00032,bundle_post_opt_4_custom_cleanup,True,ptrtoint,1,1,0
own_v1,O3,h00032,bundle_post_opt_4_custom_cleanup,True,ret,9,9,0
own_v1,O3,h00032,bundle_post_opt_4_custom_cleanup,True,select,19,19,0
own_v1,O3,h00032,bundle_post_opt_4_custom_cleanup,True,shl,4,4,0
own_v1,O3,h00032,bundle_post_opt_4_custom_cleanup,True,store,358,355,-3
own_v1,O3,h00032,bundle_post_opt_4_custom_cleanup,True,switch,2,2,0
own_v1,O3,h00032,bundle_post_opt_4_custom_cleanup,True,trunc,10,10,0
own_v1,O3,h00032,bundle_post_opt_4_custom_cleanup,True,xor,15,15,0
own_v1,O3,h00032,bundle_post_opt_4_custom_cleanup,True,zext,11,11,0
own_v1,O3,h00033,main_default_opt_1,True,add,123,115,-8
own_v1,O3,h00033,main_default_opt_1,True,alloca,7,5,-2
own_v1,O3,h00033,main_default_opt_1,True,and,20,20,0
own_v1,O3,h00033,main_default_opt_1,True,ashr,1,1,0
own_v1,O3,h00033,main_default_opt_1,True,br,46,47,1
own_v1,O3,h00033,main_default_opt_1,True,call,31,24,-7
own_v1,O3,h00033,main_default_opt_1,True,getelementptr,63,41,-22
own_v1,O3,h00033,main_default_opt_1,True,icmp,35,35,0
own_v1,O3,h00033,main_default_opt_1,True,inttoptr,90,84,-6
own_v1,O3,h00033,main_default_opt_1,True,load,167,138,-29
own_v1,O3,h00033,main_default_opt_1,True,lshr,11,11,0
own_v1,O3,h00033,main_default_opt_1,True,mul,5,5,0
own_v1,O3,h00033,main_default_opt_1,True,or,2,2,0
own_v1,O3,h00033,main_default_opt_1,True,phi,21,33,12
own_v1,O3,h00033,main_default_opt_1,True,ptrtoint,4,4,0
own_v1,O3,h00033,main_default_opt_1,True,ret,11,8,-3
own_v1,O3,h00033,main_default_opt_1,True,sdiv,1,1,0
own_v1,O3,h00033,main_default_opt_1,True,select,20,20,0
own_v1,O3,h00033,main_default_opt_1,True,sext,15,15,0
own_v1,O3,h00033,main_default_opt_1,True,shl,22,22,0
own_v1,O3,h00033,main_default_opt_1,True,store,937,912,-25
own_v1,O3,h00033,main_default_opt_1,True,switch,2,2,0
own_v1,O3,h00033,main_default_opt_1,True,trunc,21,17,-4
own_v1,O3,h00033,main_default_opt_1,True,xor,28,28,0
own_v1,O3,h00033,main_default_opt_1,True,zext,42,41,-1
own_v1,O3,h00033,main_default_opt_2,True,add,110,130,20
own_v1,O3,h00033,main_default_opt_2,True,alloca,5,5,0
own_v1,O3,h00033,main_default_opt_2,True,and,40,20,-20
own_v1,O3,h00033,main_default_opt_2,True,ashr,1,1,0
own_v1,O3,h00033,main_default_opt_2,True,br,47,47,0
own_v1,O3,h00033,main_default_opt_2,True,call,24,24,0
own_v1,O3,h00033,main_default_opt_2,True,getelementptr,68,68,0
own_v1,O3,h00033,main_default_opt_2,True,icmp,75,55,-20
own_v1,O3,h00033,main_default_opt_2,True,inttoptr,87,87,0
own_v1,O3,h00033,main_default_opt_2,True,load,138,138,0
own_v1,O3,h00033,main_default_opt_2,True,lshr,11,11,0
own_v1,O3,h00033,main_default_opt_2,True,mul,5,5,0
own_v1,O3,h00033,main_default_opt_2,True,or,2,2,0
own_v1,O3,h00033,main_default_opt_2,True,phi,33,33,0
own_v1,O3,h00033,main_default_opt_2,True,ptrtoint,14,14,0
own_v1,O3,h00033,main_default_opt_2,True,ret,8,8,0
own_v1,O3,h00033,main_default_opt_2,True,sdiv,1,1,0
own_v1,O3,h00033,main_default_opt_2,True,select,40,40,0
own_v1,O3,h00033,main_default_opt_2,True,sext,15,15,0
own_v1,O3,h00033,main_default_opt_2,True,shl,22,22,0
own_v1,O3,h00033,main_default_opt_2,True,store,912,912,0
own_v1,O3,h00033,main_default_opt_2,True,sub,20,0,-20
own_v1,O3,h00033,main_default_opt_2,True,switch,2,2,0
own_v1,O3,h00033,main_default_opt_2,True,trunc,17,17,0
own_v1,O3,h00033,main_default_opt_2,True,xor,28,28,0
own_v1,O3,h00033,main_default_opt_2,True,zext,41,41,0
own_v1,O3,h00033,bundle_default_opt_3,True,add,110,110,0
own_v1,O3,h00033,bundle_default_opt_3,True,alloca,5,5,0
own_v1,O3,h00033,bundle_default_opt_3,True,and,20,18,-2
own_v1,O3,h00033,bundle_default_opt_3,True,ashr,1,1,0
own_v1,O3,h00033,bundle_default_opt_3,True,br,47,47,0
own_v1,O3,h00033,bundle_default_opt_3,True,call,34,31,-3
own_v1,O3,h00033,bundle_default_opt_3,True,getelementptr,48,48,0
own_v1,O3,h00033,bundle_default_opt_3,True,icmp,35,35,0
own_v1,O3,h00033,bundle_default_opt_3,True,inttoptr,77,77,0
own_v1,O3,h00033,bundle_default_opt_3,True,load,137,103,-34
own_v1,O3,h00033,bundle_default_opt_3,True,lshr,11,10,-1
own_v1,O3,h00033,bundle_default_opt_3,True,mul,5,5,0
own_v1,O3,h00033,bundle_default_opt_3,True,or,2,2,0
own_v1,O3,h00033,bundle_default_opt_3,True,phi,29,27,-2
own_v1,O3,h00033,bundle_default_opt_3,True,ptrtoint,12,10,-2
own_v1,O3,h00033,bundle_default_opt_3,True,ret,9,9,0
own_v1,O3,h00033,bundle_default_opt_3,True,sdiv,1,1,0
own_v1,O3,h00033,bundle_default_opt_3,True,select,20,20,0
own_v1,O3,h00033,bundle_default_opt_3,True,sext,15,15,0
own_v1,O3,h00033,bundle_default_opt_3,True,shl,22,22,0
own_v1,O3,h00033,bundle_default_opt_3,True,store,694,463,-231
own_v1,O3,h00033,bundle_default_opt_3,True,switch,2,2,0
own_v1,O3,h00033,bundle_default_opt_3,True,trunc,17,15,-2
own_v1,O3,h00033,bundle_default_opt_3,True,xor,28,25,-3
own_v1,O3,h00033,bundle_default_opt_3,True,zext,35,34,-1
own_v1,O3,h00033,bundle_default_opt_4,True,add,110,110,0
own_v1,O3,h00033,bundle_default_opt_4,True,alloca,5,5,0
own_v1,O3,h00033,bundle_default_opt_4,True,and,18,18,0
own_v1,O3,h00033,bundle_default_opt_4,True,ashr,1,1,0
own_v1,O3,h00033,bundle_default_opt_4,True,br,47,47,0
own_v1,O3,h00033,bundle_default_opt_4,True,call,31,31,0
own_v1,O3,h00033,bundle_default_opt_4,True,getelementptr,48,48,0
own_v1,O3,h00033,bundle_default_opt_4,True,icmp,35,34,-1
own_v1,O3,h00033,bundle_default_opt_4,True,inttoptr,77,77,0
own_v1,O3,h00033,bundle_default_opt_4,True,load,103,103,0
own_v1,O3,h00033,bundle_default_opt_4,True,lshr,10,10,0
own_v1,O3,h00033,bundle_default_opt_4,True,mul,5,5,0
own_v1,O3,h00033,bundle_default_opt_4,True,or,2,2,0
own_v1,O3,h00033,bundle_default_opt_4,True,phi,27,27,0
own_v1,O3,h00033,bundle_default_opt_4,True,ptrtoint,10,10,0
own_v1,O3,h00033,bundle_default_opt_4,True,ret,9,9,0
own_v1,O3,h00033,bundle_default_opt_4,True,sdiv,1,1,0
own_v1,O3,h00033,bundle_default_opt_4,True,select,20,20,0
own_v1,O3,h00033,bundle_default_opt_4,True,sext,15,15,0
own_v1,O3,h00033,bundle_default_opt_4,True,shl,22,22,0
own_v1,O3,h00033,bundle_default_opt_4,True,store,463,450,-13
own_v1,O3,h00033,bundle_default_opt_4,True,switch,2,2,0
own_v1,O3,h00033,bundle_default_opt_4,True,trunc,15,15,0
own_v1,O3,h00033,bundle_default_opt_4,True,xor,25,25,0
own_v1,O3,h00033,bundle_default_opt_4,True,zext,34,33,-1
own_v1,O3,h00033,bundle_post_opt_4_custom_cleanup,True,add,110,110,0
own_v1,O3,h00033,bundle_post_opt_4_custom_cleanup,True,alloca,5,5,0
own_v1,O3,h00033,bundle_post_opt_4_custom_cleanup,True,and,18,18,0
own_v1,O3,h00033,bundle_post_opt_4_custom_cleanup,True,ashr,1,1,0
own_v1,O3,h00033,bundle_post_opt_4_custom_cleanup,True,br,47,47,0
own_v1,O3,h00033,bundle_post_opt_4_custom_cleanup,True,call,31,31,0
own_v1,O3,h00033,bundle_post_opt_4_custom_cleanup,True,getelementptr,48,48,0
own_v1,O3,h00033,bundle_post_opt_4_custom_cleanup,True,icmp,34,34,0
own_v1,O3,h00033,bundle_post_opt_4_custom_cleanup,True,inttoptr,77,77,0
own_v1,O3,h00033,bundle_post_opt_4_custom_cleanup,True,load,103,103,0
own_v1,O3,h00033,bundle_post_opt_4_custom_cleanup,True,lshr,10,10,0
own_v1,O3,h00033,bundle_post_opt_4_custom_cleanup,True,mul,5,5,0
own_v1,O3,h00033,bundle_post_opt_4_custom_cleanup,True,or,2,2,0
own_v1,O3,h00033,bundle_post_opt_4_custom_cleanup,True,phi,27,27,0
own_v1,O3,h00033,bundle_post_opt_4_custom_cleanup,True,ptrtoint,10,10,0
own_v1,O3,h00033,bundle_post_opt_4_custom_cleanup,True,ret,9,9,0
own_v1,O3,h00033,bundle_post_opt_4_custom_cleanup,True,sdiv,1,1,0
own_v1,O3,h00033,bundle_post_opt_4_custom_cleanup,True,select,20,20,0
own_v1,O3,h00033,bundle_post_opt_4_custom_cleanup,True,sext,15,15,0
own_v1,O3,h00033,bundle_post_opt_4_custom_cleanup,True,shl,22,22,0
own_v1,O3,h00033,bundle_post_opt_4_custom_cleanup,True,store,450,448,-2
own_v1,O3,h00033,bundle_post_opt_4_custom_cleanup,True,switch,2,2,0
own_v1,O3,h00033,bundle_post_opt_4_custom_cleanup,True,trunc,15,15,0
own_v1,O3,h00033,bundle_post_opt_4_custom_cleanup,True,xor,25,25,0
own_v1,O3,h00033,bundle_post_opt_4_custom_cleanup,True,zext,33,33,0
own_v1,O3,h00034,main_default_opt_1,True,add,82,82,0
own_v1,O3,h00034,main_default_opt_1,True,alloca,3,1,-2
own_v1,O3,h00034,main_default_opt_1,True,and,29,29,0
own_v1,O3,h00034,main_default_opt_1,True,br,55,56,1
own_v1,O3,h00034,main_default_opt_1,True,call,27,20,-7
own_v1,O3,h00034,main_default_opt_1,True,getelementptr,134,100,-34
own_v1,O3,h00034,main_default_opt_1,True,icmp,59,59,0
own_v1,O3,h00034,main_default_opt_1,True,inttoptr,39,38,-1
own_v1,O3,h00034,main_default_opt_1,True,load,163,142,-21
own_v1,O3,h00034,main_default_opt_1,True,lshr,19,19,0
own_v1,O3,h00034,main_default_opt_1,True,mul,9,9,0
own_v1,O3,h00034,main_default_opt_1,True,or,1,1,0
own_v1,O3,h00034,main_default_opt_1,True,phi,27,39,12
own_v1,O3,h00034,main_default_opt_1,True,ptrtoint,6,4,-2
own_v1,O3,h00034,main_default_opt_1,True,ret,11,8,-3
own_v1,O3,h00034,main_default_opt_1,True,select,42,42,0
own_v1,O3,h00034,main_default_opt_1,True,sext,6,6,0
own_v1,O3,h00034,main_default_opt_1,True,shl,9,9,0
own_v1,O3,h00034,main_default_opt_1,True,store,973,942,-31
own_v1,O3,h00034,main_default_opt_1,True,switch,2,2,0
own_v1,O3,h00034,main_default_opt_1,True,trunc,28,24,-4
own_v1,O3,h00034,main_default_opt_1,True,xor,37,34,-3
own_v1,O3,h00034,main_default_opt_1,True,zext,45,43,-2
own_v1,O3,h00034,main_default_opt_2,True,add,73,73,0
own_v1,O3,h00034,main_default_opt_2,True,alloca,1,1,0
own_v1,O3,h00034,main_default_opt_2,True,and,31,29,-2
own_v1,O3,h00034,main_default_opt_2,True,br,56,56,0
own_v1,O3,h00034,main_default_opt_2,True,call,20,20,0
own_v1,O3,h00034,main_default_opt_2,True,getelementptr,112,104,-8
own_v1,O3,h00034,main_default_opt_2,True,icmp,61,57,-4
own_v1,O3,h00034,main_default_opt_2,True,inttoptr,24,24,0
own_v1,O3,h00034,main_default_opt_2,True,load,142,133,-9
own_v1,O3,h00034,main_default_opt_2,True,lshr,19,19,0
own_v1,O3,h00034,main_default_opt_2,True,mul,9,9,0
own_v1,O3,h00034,main_default_opt_2,True,or,1,1,0
own_v1,O3,h00034,main_default_opt_2,True,phi,39,39,0
own_v1,O3,h00034,main_default_opt_2,True,ptrtoint,4,4,0
own_v1,O3,h00034,main_default_opt_2,True,ret,8,8,0
own_v1,O3,h00034,main_default_opt_2,True,select,42,42,0
own_v1,O3,h00034,main_default_opt_2,True,sext,6,6,0
own_v1,O3,h00034,main_default_opt_2,True,shl,9,9,0
own_v1,O3,h00034,main_default_opt_2,True,store,942,930,-12
own_v1,O3,h00034,main_default_opt_2,True,sub,2,0,-2
own_v1,O3,h00034,main_default_opt_2,True,switch,2,2,0
own_v1,O3,h00034,main_default_opt_2,True,trunc,24,24,0
own_v1,O3,h00034,main_default_opt_2,True,xor,34,34,0
own_v1,O3,h00034,main_default_opt_2,True,zext,43,43,0
own_v1,O3,h00034,bundle_default_opt_3,True,add,60,60,0
own_v1,O3,h00034,bundle_default_opt_3,True,alloca,1,1,0
own_v1,O3,h00034,bundle_default_opt_3,True,and,28,28,0
own_v1,O3,h00034,bundle_default_opt_3,True,br,56,56,0
own_v1,O3,h00034,bundle_default_opt_3,True,call,25,25,0
own_v1,O3,h00034,bundle_default_opt_3,True,getelementptr,87,87,0
own_v1,O3,h00034,bundle_default_opt_3,True,icmp,45,45,0
own_v1,O3,h00034,bundle_default_opt_3,True,inttoptr,17,17,0
own_v1,O3,h00034,bundle_default_opt_3,True,load,132,123,-9
own_v1,O3,h00034,bundle_default_opt_3,True,lshr,19,19,0
own_v1,O3,h00034,bundle_default_opt_3,True,mul,9,9,0
own_v1,O3,h00034,bundle_default_opt_3,True,phi,36,36,0
own_v1,O3,h00034,bundle_default_opt_3,True,ptrtoint,2,2,0
own_v1,O3,h00034,bundle_default_opt_3,True,ret,9,9,0
own_v1,O3,h00034,bundle_default_opt_3,True,select,28,28,0
own_v1,O3,h00034,bundle_default_opt_3,True,sext,6,6,0
own_v1,O3,h00034,bundle_default_opt_3,True,shl,9,9,0
own_v1,O3,h00034,bundle_default_opt_3,True,store,866,671,-195
own_v1,O3,h00034,bundle_default_opt_3,True,switch,2,2,0
own_v1,O3,h00034,bundle_default_opt_3,True,trunc,24,24,0
own_v1,O3,h00034,bundle_default_opt_3,True,xor,34,34,0
own_v1,O3,h00034,bundle_default_opt_3,True,zext,39,38,-1
own_v1,O3,h00034,bundle_default_opt_4,True,add,60,60,0
own_v1,O3,h00034,bundle_default_opt_4,True,alloca,1,1,0
own_v1,O3,h00034,bundle_default_opt_4,True,and,28,28,0
own_v1,O3,h00034,bundle_default_opt_4,True,br,56,56,0
own_v1,O3,h00034,bundle_default_opt_4,True,call,25,25,0
own_v1,O3,h00034,bundle_default_opt_4,True,getelementptr,87,87,0
own_v1,O3,h00034,bundle_default_opt_4,True,icmp,45,45,0
own_v1,O3,h00034,bundle_default_opt_4,True,inttoptr,17,17,0
own_v1,O3,h00034,bundle_default_opt_4,True,load,123,123,0
own_v1,O3,h00034,bundle_default_opt_4,True,lshr,19,19,0
own_v1,O3,h00034,bundle_default_opt_4,True,mul,9,9,0
own_v1,O3,h00034,bundle_default_opt_4,True,phi,36,36,0
own_v1,O3,h00034,bundle_default_opt_4,True,ptrtoint,2,2,0
own_v1,O3,h00034,bundle_default_opt_4,True,ret,9,9,0
own_v1,O3,h00034,bundle_default_opt_4,True,select,28,28,0
own_v1,O3,h00034,bundle_default_opt_4,True,sext,6,6,0
own_v1,O3,h00034,bundle_default_opt_4,True,shl,9,9,0
own_v1,O3,h00034,bundle_default_opt_4,True,store,671,632,-39
own_v1,O3,h00034,bundle_default_opt_4,True,switch,2,2,0
own_v1,O3,h00034,bundle_default_opt_4,True,trunc,24,24,0
own_v1,O3,h00034,bundle_default_opt_4,True,xor,34,34,0
own_v1,O3,h00034,bundle_default_opt_4,True,zext,38,38,0
own_v1,O3,h00034,bundle_post_opt_4_custom_cleanup,True,add,60,60,0
own_v1,O3,h00034,bundle_post_opt_4_custom_cleanup,True,alloca,1,1,0
own_v1,O3,h00034,bundle_post_opt_4_custom_cleanup,True,and,28,28,0
own_v1,O3,h00034,bundle_post_opt_4_custom_cleanup,True,br,56,56,0
own_v1,O3,h00034,bundle_post_opt_4_custom_cleanup,True,call,25,25,0
own_v1,O3,h00034,bundle_post_opt_4_custom_cleanup,True,getelementptr,87,87,0
own_v1,O3,h00034,bundle_post_opt_4_custom_cleanup,True,icmp,45,45,0
own_v1,O3,h00034,bundle_post_opt_4_custom_cleanup,True,inttoptr,17,17,0
own_v1,O3,h00034,bundle_post_opt_4_custom_cleanup,True,load,123,123,0
own_v1,O3,h00034,bundle_post_opt_4_custom_cleanup,True,lshr,19,19,0
own_v1,O3,h00034,bundle_post_opt_4_custom_cleanup,True,mul,9,9,0
own_v1,O3,h00034,bundle_post_opt_4_custom_cleanup,True,phi,36,36,0
own_v1,O3,h00034,bundle_post_opt_4_custom_cleanup,True,ptrtoint,2,2,0
own_v1,O3,h00034,bundle_post_opt_4_custom_cleanup,True,ret,9,9,0
own_v1,O3,h00034,bundle_post_opt_4_custom_cleanup,True,select,28,28,0
own_v1,O3,h00034,bundle_post_opt_4_custom_cleanup,True,sext,6,6,0
own_v1,O3,h00034,bundle_post_opt_4_custom_cleanup,True,shl,9,9,0
own_v1,O3,h00034,bundle_post_opt_4_custom_cleanup,True,store,632,628,-4
own_v1,O3,h00034,bundle_post_opt_4_custom_cleanup,True,switch,2,2,0
own_v1,O3,h00034,bundle_post_opt_4_custom_cleanup,True,trunc,24,24,0
own_v1,O3,h00034,bundle_post_opt_4_custom_cleanup,True,xor,34,34,0
own_v1,O3,h00034,bundle_post_opt_4_custom_cleanup,True,zext,38,38,0
own_v1,O3,h00035,main_default_opt_1,True,add,65,63,-2
own_v1,O3,h00035,main_default_opt_1,True,alloca,7,5,-2
own_v1,O3,h00035,main_default_opt_1,True,and,28,28,0
own_v1,O3,h00035,main_default_opt_1,True,br,34,35,1
own_v1,O3,h00035,main_default_opt_1,True,call,32,24,-8
own_v1,O3,h00035,main_default_opt_1,True,getelementptr,109,89,-20
own_v1,O3,h00035,main_default_opt_1,True,icmp,35,35,0
own_v1,O3,h00035,main_default_opt_1,True,inttoptr,33,31,-2
own_v1,O3,h00035,main_default_opt_1,True,load,137,135,-2
own_v1,O3,h00035,main_default_opt_1,True,lshr,15,15,0
own_v1,O3,h00035,main_default_opt_1,True,mul,1,1,0
own_v1,O3,h00035,main_default_opt_1,True,phi,28,41,13
own_v1,O3,h00035,main_default_opt_1,True,ptrtoint,4,3,-1
own_v1,O3,h00035,main_default_opt_1,True,ret,14,10,-4
own_v1,O3,h00035,main_default_opt_1,True,select,18,18,0
own_v1,O3,h00035,main_default_opt_1,True,sext,3,3,0
own_v1,O3,h00035,main_default_opt_1,True,shl,11,11,0
own_v1,O3,h00035,main_default_opt_1,True,store,787,749,-38
own_v1,O3,h00035,main_default_opt_1,True,sub,2,2,0
own_v1,O3,h00035,main_default_opt_1,True,switch,3,3,0
own_v1,O3,h00035,main_default_opt_1,True,trunc,21,19,-2
own_v1,O3,h00035,main_default_opt_1,True,xor,28,27,-1
own_v1,O3,h00035,main_default_opt_1,True,zext,30,28,-2
own_v1,O3,h00035,main_default_opt_2,True,add,62,68,6
own_v1,O3,h00035,main_default_opt_2,True,alloca,4,4,0
own_v1,O3,h00035,main_default_opt_2,True,and,34,28,-6
own_v1,O3,h00035,main_default_opt_2,True,br,35,35,0
own_v1,O3,h00035,main_default_opt_2,True,call,22,20,-2
own_v1,O3,h00035,main_default_opt_2,True,getelementptr,82,82,0
own_v1,O3,h00035,main_default_opt_2,True,icmp,47,41,-6
own_v1,O3,h00035,main_default_opt_2,True,inttoptr,32,32,0
own_v1,O3,h00035,main_default_opt_2,True,load,135,137,2
own_v1,O3,h00035,main_default_opt_2,True,lshr,15,15,0
own_v1,O3,h00035,main_default_opt_2,True,mul,1,1,0
own_v1,O3,h00035,main_default_opt_2,True,phi,41,41,0
own_v1,O3,h00035,main_default_opt_2,True,ptrtoint,6,6,0
own_v1,O3,h00035,main_default_opt_2,True,ret,10,10,0
own_v1,O3,h00035,main_default_opt_2,True,select,24,24,0
own_v1,O3,h00035,main_default_opt_2,True,sext,3,3,0
own_v1,O3,h00035,main_default_opt_2,True,shl,11,11,0
own_v1,O3,h00035,main_default_opt_2,True,store,731,733,2
own_v1,O3,h00035,main_default_opt_2,True,sub,8,2,-6
own_v1,O3,h00035,main_default_opt_2,True,switch,3,3,0
own_v1,O3,h00035,main_default_opt_2,True,trunc,19,19,0
own_v1,O3,h00035,main_default_opt_2,True,xor,27,27,0
own_v1,O3,h00035,main_default_opt_2,True,zext,28,28,0
own_v1,O3,h00035,bundle_default_opt_3,True,add,55,55,0
own_v1,O3,h00035,bundle_default_opt_3,True,alloca,4,4,0
own_v1,O3,h00035,bundle_default_opt_3,True,and,28,28,0
own_v1,O3,h00035,bundle_default_opt_3,True,br,35,35,0
own_v1,O3,h00035,bundle_default_opt_3,True,call,25,25,0
own_v1,O3,h00035,bundle_default_opt_3,True,getelementptr,66,66,0
own_v1,O3,h00035,bundle_default_opt_3,True,icmp,31,31,0
own_v1,O3,h00035,bundle_default_opt_3,True,inttoptr,27,27,0
own_v1,O3,h00035,bundle_default_opt_3,True,load,135,102,-33
own_v1,O3,h00035,bundle_default_opt_3,True,lshr,15,15,0
own_v1,O3,h00035,bundle_default_opt_3,True,mul,1,1,0
own_v1,O3,h00035,bundle_default_opt_3,True,phi,35,35,0
own_v1,O3,h00035,bundle_default_opt_3,True,ptrtoint,4,4,0
own_v1,O3,h00035,bundle_default_opt_3,True,ret,11,11,0
own_v1,O3,h00035,bundle_default_opt_3,True,select,14,14,0
own_v1,O3,h00035,bundle_default_opt_3,True,sext,2,2,0
own_v1,O3,h00035,bundle_default_opt_3,True,shl,10,10,0
own_v1,O3,h00035,bundle_default_opt_3,True,store,599,425,-174
own_v1,O3,h00035,bundle_default_opt_3,True,sub,2,2,0
own_v1,O3,h00035,bundle_default_opt_3,True,switch,3,3,0
own_v1,O3,h00035,bundle_default_opt_3,True,trunc,19,19,0
own_v1,O3,h00035,bundle_default_opt_3,True,xor,27,27,0
own_v1,O3,h00035,bundle_default_opt_3,True,zext,25,25,0
own_v1,O3,h00035,bundle_default_opt_4,True,add,55,55,0
own_v1,O3,h00035,bundle_default_opt_4,True,alloca,4,4,0
own_v1,O3,h00035,bundle_default_opt_4,True,and,28,28,0
own_v1,O3,h00035,bundle_default_opt_4,True,br,35,35,0
own_v1,O3,h00035,bundle_default_opt_4,True,call,25,25,0
own_v1,O3,h00035,bundle_default_opt_4,True,getelementptr,66,66,0
own_v1,O3,h00035,bundle_default_opt_4,True,icmp,31,31,0
own_v1,O3,h00035,bundle_default_opt_4,True,inttoptr,27,27,0
own_v1,O3,h00035,bundle_default_opt_4,True,load,102,102,0
own_v1,O3,h00035,bundle_default_opt_4,True,lshr,15,15,0
own_v1,O3,h00035,bundle_default_opt_4,True,mul,1,1,0
own_v1,O3,h00035,bundle_default_opt_4,True,phi,35,35,0
own_v1,O3,h00035,bundle_default_opt_4,True,ptrtoint,4,4,0
own_v1,O3,h00035,bundle_default_opt_4,True,ret,11,11,0
own_v1,O3,h00035,bundle_default_opt_4,True,select,14,14,0
own_v1,O3,h00035,bundle_default_opt_4,True,sext,2,2,0
own_v1,O3,h00035,bundle_default_opt_4,True,shl,10,10,0
own_v1,O3,h00035,bundle_default_opt_4,True,store,425,417,-8
own_v1,O3,h00035,bundle_default_opt_4,True,sub,2,2,0
own_v1,O3,h00035,bundle_default_opt_4,True,switch,3,3,0
own_v1,O3,h00035,bundle_default_opt_4,True,trunc,19,19,0
own_v1,O3,h00035,bundle_default_opt_4,True,xor,27,27,0
own_v1,O3,h00035,bundle_default_opt_4,True,zext,25,25,0
own_v1,O3,h00035,bundle_post_opt_4_custom_cleanup,True,add,55,55,0
own_v1,O3,h00035,bundle_post_opt_4_custom_cleanup,True,alloca,4,4,0
own_v1,O3,h00035,bundle_post_opt_4_custom_cleanup,True,and,28,28,0
own_v1,O3,h00035,bundle_post_opt_4_custom_cleanup,True,br,35,35,0
own_v1,O3,h00035,bundle_post_opt_4_custom_cleanup,True,call,25,25,0
own_v1,O3,h00035,bundle_post_opt_4_custom_cleanup,True,getelementptr,66,66,0
own_v1,O3,h00035,bundle_post_opt_4_custom_cleanup,True,icmp,31,31,0
own_v1,O3,h00035,bundle_post_opt_4_custom_cleanup,True,inttoptr,27,27,0
own_v1,O3,h00035,bundle_post_opt_4_custom_cleanup,True,load,102,102,0
own_v1,O3,h00035,bundle_post_opt_4_custom_cleanup,True,lshr,15,15,0
own_v1,O3,h00035,bundle_post_opt_4_custom_cleanup,True,mul,1,1,0
own_v1,O3,h00035,bundle_post_opt_4_custom_cleanup,True,phi,35,35,0
own_v1,O3,h00035,bundle_post_opt_4_custom_cleanup,True,ptrtoint,4,4,0
own_v1,O3,h00035,bundle_post_opt_4_custom_cleanup,True,ret,11,11,0
own_v1,O3,h00035,bundle_post_opt_4_custom_cleanup,True,select,14,14,0
own_v1,O3,h00035,bundle_post_opt_4_custom_cleanup,True,sext,2,2,0
own_v1,O3,h00035,bundle_post_opt_4_custom_cleanup,True,shl,10,10,0
own_v1,O3,h00035,bundle_post_opt_4_custom_cleanup,True,store,417,417,0
own_v1,O3,h00035,bundle_post_opt_4_custom_cleanup,True,sub,2,2,0
own_v1,O3,h00035,bundle_post_opt_4_custom_cleanup,True,switch,3,3,0
own_v1,O3,h00035,bundle_post_opt_4_custom_cleanup,True,trunc,19,19,0
own_v1,O3,h00035,bundle_post_opt_4_custom_cleanup,True,xor,27,27,0
own_v1,O3,h00035,bundle_post_opt_4_custom_cleanup,True,zext,25,25,0
own_v1,O3,h00036,main_default_opt_1,True,add,21,15,-6
own_v1,O3,h00036,main_default_opt_1,True,alloca,3,1,-2
own_v1,O3,h00036,main_default_opt_1,True,and,13,11,-2
own_v1,O3,h00036,main_default_opt_1,True,br,14,12,-2
own_v1,O3,h00036,main_default_opt_1,True,call,18,6,-12
own_v1,O3,h00036,main_default_opt_1,True,getelementptr,37,20,-17
own_v1,O3,h00036,main_default_opt_1,True,icmp,10,9,-1
own_v1,O3,h00036,main_default_opt_1,True,inttoptr,11,9,-2
own_v1,O3,h00036,main_default_opt_1,True,load,59,43,-16
own_v1,O3,h00036,main_default_opt_1,True,lshr,5,4,-1
own_v1,O3,h00036,main_default_opt_1,True,mul,2,1,-1
own_v1,O3,h00036,main_default_opt_1,True,phi,22,27,5
own_v1,O3,h00036,main_default_opt_1,True,ptrtoint,4,4,0
own_v1,O3,h00036,main_default_opt_1,True,ret,11,2,-9
own_v1,O3,h00036,main_default_opt_1,True,select,4,4,0
own_v1,O3,h00036,main_default_opt_1,True,shl,2,2,0
own_v1,O3,h00036,main_default_opt_1,True,store,328,267,-61
own_v1,O3,h00036,main_default_opt_1,True,switch,1,1,0
own_v1,O3,h00036,main_default_opt_1,True,trunc,10,6,-4
own_v1,O3,h00036,main_default_opt_1,True,xor,12,9,-3
own_v1,O3,h00036,main_default_opt_1,True,zext,15,13,-2
own_v1,O3,h00036,main_default_opt_2,True,add,7,7,0
own_v1,O3,h00036,main_default_opt_2,True,alloca,1,1,0
own_v1,O3,h00036,main_default_opt_2,True,and,5,5,0
own_v1,O3,h00036,main_default_opt_2,True,br,12,12,0
own_v1,O3,h00036,main_default_opt_2,True,call,3,3,0
own_v1,O3,h00036,main_default_opt_2,True,getelementptr,24,14,-10
own_v1,O3,h00036,main_default_opt_2,True,icmp,5,5,0
own_v1,O3,h00036,main_default_opt_2,True,inttoptr,6,4,-2
own_v1,O3,h00036,main_default_opt_2,True,load,12,12,0
own_v1,O3,h00036,main_default_opt_2,True,lshr,1,1,0
own_v1,O3,h00036,main_default_opt_2,True,mul,1,1,0
own_v1,O3,h00036,main_default_opt_2,True,phi,7,5,-2
own_v1,O3,h00036,main_default_opt_2,True,ptrtoint,1,1,0
own_v1,O3,h00036,main_default_opt_2,True,ret,2,2,0
own_v1,O3,h00036,main_default_opt_2,True,select,4,4,0
own_v1,O3,h00036,main_default_opt_2,True,shl,2,2,0
own_v1,O3,h00036,main_default_opt_2,True,store,27,27,0
own_v1,O3,h00036,main_default_opt_2,True,switch,1,1,0
own_v1,O3,h00036,main_default_opt_2,True,trunc,1,0,-1
own_v1,O3,h00036,main_default_opt_2,True,xor,5,5,0
own_v1,O3,h00036,main_default_opt_2,True,zext,1,1,0
own_v1,O3,h00036,bundle_default_opt_3,True,add,5,5,0
own_v1,O3,h00036,bundle_default_opt_3,True,alloca,1,1,0
own_v1,O3,h00036,bundle_default_opt_3,True,and,5,5,0
own_v1,O3,h00036,bundle_default_opt_3,True,br,12,12,0
own_v1,O3,h00036,bundle_default_opt_3,True,call,3,3,0
own_v1,O3,h00036,bundle_default_opt_3,True,getelementptr,16,15,-1
own_v1,O3,h00036,bundle_default_opt_3,True,icmp,5,5,0
own_v1,O3,h00036,bundle_default_opt_3,True,inttoptr,2,2,0
own_v1,O3,h00036,bundle_default_opt_3,True,load,12,12,0
own_v1,O3,h00036,bundle_default_opt_3,True,lshr,1,1,0
own_v1,O3,h00036,bundle_default_opt_3,True,mul,1,1,0
own_v1,O3,h00036,bundle_default_opt_3,True,phi,5,5,0
own_v1,O3,h00036,bundle_default_opt_3,True,ptrtoint,1,1,0
own_v1,O3,h00036,bundle_default_opt_3,True,ret,2,2,0
own_v1,O3,h00036,bundle_default_opt_3,True,select,4,4,0
own_v1,O3,h00036,bundle_default_opt_3,True,shl,2,2,0
own_v1,O3,h00036,bundle_default_opt_3,True,store,27,27,0
own_v1,O3,h00036,bundle_default_opt_3,True,switch,1,1,0
own_v1,O3,h00036,bundle_default_opt_3,True,xor,5,5,0
own_v1,O3,h00036,bundle_default_opt_3,True,zext,1,1,0
own_v1,O3,h00036,bundle_default_opt_4,True,add,5,5,0
own_v1,O3,h00036,bundle_default_opt_4,True,alloca,1,1,0
own_v1,O3,h00036,bundle_default_opt_4,True,and,5,5,0
own_v1,O3,h00036,bundle_default_opt_4,True,br,12,12,0
own_v1,O3,h00036,bundle_default_opt_4,True,call,3,3,0
own_v1,O3,h00036,bundle_default_opt_4,True,getelementptr,15,15,0
own_v1,O3,h00036,bundle_default_opt_4,True,icmp,5,5,0
own_v1,O3,h00036,bundle_default_opt_4,True,inttoptr,2,2,0
own_v1,O3,h00036,bundle_default_opt_4,True,load,12,12,0
own_v1,O3,h00036,bundle_default_opt_4,True,lshr,1,1,0
own_v1,O3,h00036,bundle_default_opt_4,True,mul,1,1,0
own_v1,O3,h00036,bundle_default_opt_4,True,phi,5,5,0
own_v1,O3,h00036,bundle_default_opt_4,True,ptrtoint,1,1,0
own_v1,O3,h00036,bundle_default_opt_4,True,ret,2,2,0
own_v1,O3,h00036,bundle_default_opt_4,True,select,4,4,0
own_v1,O3,h00036,bundle_default_opt_4,True,shl,2,2,0
own_v1,O3,h00036,bundle_default_opt_4,True,store,27,27,0
own_v1,O3,h00036,bundle_default_opt_4,True,switch,1,1,0
own_v1,O3,h00036,bundle_default_opt_4,True,xor,5,5,0
own_v1,O3,h00036,bundle_default_opt_4,True,zext,1,1,0
own_v1,O3,h00036,bundle_post_opt_4_custom_cleanup,True,add,5,5,0
own_v1,O3,h00036,bundle_post_opt_4_custom_cleanup,True,alloca,1,1,0
own_v1,O3,h00036,bundle_post_opt_4_custom_cleanup,True,and,5,5,0
own_v1,O3,h00036,bundle_post_opt_4_custom_cleanup,True,br,12,12,0
own_v1,O3,h00036,bundle_post_opt_4_custom_cleanup,True,call,3,3,0
own_v1,O3,h00036,bundle_post_opt_4_custom_cleanup,True,getelementptr,15,15,0
own_v1,O3,h00036,bundle_post_opt_4_custom_cleanup,True,icmp,5,5,0
own_v1,O3,h00036,bundle_post_opt_4_custom_cleanup,True,inttoptr,2,2,0
own_v1,O3,h00036,bundle_post_opt_4_custom_cleanup,True,load,12,12,0
own_v1,O3,h00036,bundle_post_opt_4_custom_cleanup,True,lshr,1,1,0
own_v1,O3,h00036,bundle_post_opt_4_custom_cleanup,True,mul,1,1,0
own_v1,O3,h00036,bundle_post_opt_4_custom_cleanup,True,phi,5,5,0
own_v1,O3,h00036,bundle_post_opt_4_custom_cleanup,True,ptrtoint,1,1,0
own_v1,O3,h00036,bundle_post_opt_4_custom_cleanup,True,ret,2,1,-1
own_v1,O3,h00036,bundle_post_opt_4_custom_cleanup,True,select,4,4,0
own_v1,O3,h00036,bundle_post_opt_4_custom_cleanup,True,shl,2,2,0
own_v1,O3,h00036,bundle_post_opt_4_custom_cleanup,True,store,27,27,0
own_v1,O3,h00036,bundle_post_opt_4_custom_cleanup,True,switch,1,1,0
own_v1,O3,h00036,bundle_post_opt_4_custom_cleanup,True,xor,5,5,0
own_v1,O3,h00036,bundle_post_opt_4_custom_cleanup,True,zext,1,1,0
own_v1,O3,h00037,main_default_opt_1,True,add,38,38,0
own_v1,O3,h00037,main_default_opt_1,True,alloca,3,1,-2
own_v1,O3,h00037,main_default_opt_1,True,and,20,20,0
own_v1,O3,h00037,main_default_opt_1,True,br,21,22,1
own_v1,O3,h00037,main_default_opt_1,True,call,22,15,-7
own_v1,O3,h00037,main_default_opt_1,True,getelementptr,52,36,-16
own_v1,O3,h00037,main_default_opt_1,True,icmp,19,19,0
own_v1,O3,h00037,main_default_opt_1,True,inttoptr,20,20,0
own_v1,O3,h00037,main_default_opt_1,True,load,98,96,-2
own_v1,O3,h00037,main_default_opt_1,True,lshr,7,7,0
own_v1,O3,h00037,main_default_opt_1,True,mul,2,2,0
own_v1,O3,h00037,main_default_opt_1,True,or,1,1,0
own_v1,O3,h00037,main_default_opt_1,True,phi,24,36,12
own_v1,O3,h00037,main_default_opt_1,True,ptrtoint,5,5,0
own_v1,O3,h00037,main_default_opt_1,True,ret,11,8,-3
own_v1,O3,h00037,main_default_opt_1,True,select,10,10,0
own_v1,O3,h00037,main_default_opt_1,True,sext,2,2,0
own_v1,O3,h00037,main_default_opt_1,True,shl,7,7,0
own_v1,O3,h00037,main_default_opt_1,True,store,432,409,-23
own_v1,O3,h00037,main_default_opt_1,True,sub,1,1,0
own_v1,O3,h00037,main_default_opt_1,True,switch,3,3,0
own_v1,O3,h00037,main_default_opt_1,True,trunc,16,14,-2
own_v1,O3,h00037,main_default_opt_1,True,udiv,1,1,0
own_v1,O3,h00037,main_default_opt_1,True,urem,1,1,0
own_v1,O3,h00037,main_default_opt_1,True,xor,12,12,0
own_v1,O3,h00037,main_default_opt_1,True,zext,24,23,-1
own_v1,O3,h00037,main_default_opt_2,True,add,35,35,0
own_v1,O3,h00037,main_default_opt_2,True,alloca,1,1,0
own_v1,O3,h00037,main_default_opt_2,True,and,22,20,-2
own_v1,O3,h00037,main_default_opt_2,True,br,22,22,0
own_v1,O3,h00037,main_default_opt_2,True,call,15,15,0
own_v1,O3,h00037,main_default_opt_2,True,getelementptr,38,35,-3
own_v1,O3,h00037,main_default_opt_2,True,icmp,21,17,-4
own_v1,O3,h00037,main_default_opt_2,True,inttoptr,18,18,0
own_v1,O3,h00037,main_default_opt_2,True,load,96,96,0
own_v1,O3,h00037,main_default_opt_2,True,lshr,7,7,0
own_v1,O3,h00037,main_default_opt_2,True,mul,2,2,0
own_v1,O3,h00037,main_default_opt_2,True,or,1,1,0
own_v1,O3,h00037,main_default_opt_2,True,phi,38,38,0
own_v1,O3,h00037,main_default_opt_2,True,ptrtoint,5,5,0
own_v1,O3,h00037,main_default_opt_2,True,ret,8,8,0
own_v1,O3,h00037,main_default_opt_2,True,select,10,10,0
own_v1,O3,h00037,main_default_opt_2,True,sext,2,2,0
own_v1,O3,h00037,main_default_opt_2,True,shl,7,7,0
own_v1,O3,h00037,main_default_opt_2,True,store,409,395,-14
own_v1,O3,h00037,main_default_opt_2,True,sub,3,1,-2
own_v1,O3,h00037,main_default_opt_2,True,switch,3,3,0
own_v1,O3,h00037,main_default_opt_2,True,trunc,14,14,0
own_v1,O3,h00037,main_default_opt_2,True,udiv,1,1,0
own_v1,O3,h00037,main_default_opt_2,True,urem,1,1,0
own_v1,O3,h00037,main_default_opt_2,True,xor,12,12,0
own_v1,O3,h00037,main_default_opt_2,True,zext,23,23,0
own_v1,O3,h00037,bundle_default_opt_3,True,add,32,32,0
own_v1,O3,h00037,bundle_default_opt_3,True,alloca,1,1,0
own_v1,O3,h00037,bundle_default_opt_3,True,and,19,19,0
own_v1,O3,h00037,bundle_default_opt_3,True,br,22,22,0
own_v1,O3,h00037,bundle_default_opt_3,True,call,16,16,0
own_v1,O3,h00037,bundle_default_opt_3,True,getelementptr,29,29,0
own_v1,O3,h00037,bundle_default_opt_3,True,icmp,15,15,0
own_v1,O3,h00037,bundle_default_opt_3,True,inttoptr,17,17,0
own_v1,O3,h00037,bundle_default_opt_3,True,load,96,80,-16
own_v1,O3,h00037,bundle_default_opt_3,True,lshr,7,7,0
own_v1,O3,h00037,bundle_default_opt_3,True,mul,2,2,0
own_v1,O3,h00037,bundle_default_opt_3,True,or,1,1,0
own_v1,O3,h00037,bundle_default_opt_3,True,phi,34,32,-2
own_v1,O3,h00037,bundle_default_opt_3,True,ptrtoint,4,2,-2
own_v1,O3,h00037,bundle_default_opt_3,True,ret,9,9,0
own_v1,O3,h00037,bundle_default_opt_3,True,select,6,6,0
own_v1,O3,h00037,bundle_default_opt_3,True,sext,2,2,0
own_v1,O3,h00037,bundle_default_opt_3,True,shl,7,7,0
own_v1,O3,h00037,bundle_default_opt_3,True,store,342,253,-89
own_v1,O3,h00037,bundle_default_opt_3,True,sub,1,1,0
own_v1,O3,h00037,bundle_default_opt_3,True,switch,3,3,0
own_v1,O3,h00037,bundle_default_opt_3,True,trunc,14,14,0
own_v1,O3,h00037,bundle_default_opt_3,True,urem,1,1,0
own_v1,O3,h00037,bundle_default_opt_3,True,xor,12,12,0
own_v1,O3,h00037,bundle_default_opt_3,True,zext,20,20,0
own_v1,O3,h00037,bundle_default_opt_4,True,add,32,32,0
own_v1,O3,h00037,bundle_default_opt_4,True,alloca,1,1,0
own_v1,O3,h00037,bundle_default_opt_4,True,and,19,19,0
own_v1,O3,h00037,bundle_default_opt_4,True,br,22,22,0
own_v1,O3,h00037,bundle_default_opt_4,True,call,16,16,0
own_v1,O3,h00037,bundle_default_opt_4,True,getelementptr,29,29,0
own_v1,O3,h00037,bundle_default_opt_4,True,icmp,15,15,0
own_v1,O3,h00037,bundle_default_opt_4,True,inttoptr,17,17,0
own_v1,O3,h00037,bundle_default_opt_4,True,load,80,80,0
own_v1,O3,h00037,bundle_default_opt_4,True,lshr,7,7,0
own_v1,O3,h00037,bundle_default_opt_4,True,mul,2,2,0
own_v1,O3,h00037,bundle_default_opt_4,True,or,1,1,0
own_v1,O3,h00037,bundle_default_opt_4,True,phi,32,32,0
own_v1,O3,h00037,bundle_default_opt_4,True,ptrtoint,2,2,0
own_v1,O3,h00037,bundle_default_opt_4,True,ret,9,9,0
own_v1,O3,h00037,bundle_default_opt_4,True,select,6,6,0
own_v1,O3,h00037,bundle_default_opt_4,True,sext,2,2,0
own_v1,O3,h00037,bundle_default_opt_4,True,shl,7,7,0
own_v1,O3,h00037,bundle_default_opt_4,True,store,253,250,-3
own_v1,O3,h00037,bundle_default_opt_4,True,sub,1,1,0
own_v1,O3,h00037,bundle_default_opt_4,True,switch,3,3,0
own_v1,O3,h00037,bundle_default_opt_4,True,trunc,14,14,0
own_v1,O3,h00037,bundle_default_opt_4,True,urem,1,1,0
own_v1,O3,h00037,bundle_default_opt_4,True,xor,12,12,0
own_v1,O3,h00037,bundle_default_opt_4,True,zext,20,20,0
own_v1,O3,h00037,bundle_post_opt_4_custom_cleanup,True,add,32,32,0
own_v1,O3,h00037,bundle_post_opt_4_custom_cleanup,True,alloca,1,1,0
own_v1,O3,h00037,bundle_post_opt_4_custom_cleanup,True,and,19,19,0
own_v1,O3,h00037,bundle_post_opt_4_custom_cleanup,True,br,22,22,0
own_v1,O3,h00037,bundle_post_opt_4_custom_cleanup,True,call,16,16,0
own_v1,O3,h00037,bundle_post_opt_4_custom_cleanup,True,getelementptr,29,29,0
own_v1,O3,h00037,bundle_post_opt_4_custom_cleanup,True,icmp,15,15,0
own_v1,O3,h00037,bundle_post_opt_4_custom_cleanup,True,inttoptr,17,17,0
own_v1,O3,h00037,bundle_post_opt_4_custom_cleanup,True,load,80,80,0
own_v1,O3,h00037,bundle_post_opt_4_custom_cleanup,True,lshr,7,7,0
own_v1,O3,h00037,bundle_post_opt_4_custom_cleanup,True,mul,2,2,0
own_v1,O3,h00037,bundle_post_opt_4_custom_cleanup,True,or,1,1,0
own_v1,O3,h00037,bundle_post_opt_4_custom_cleanup,True,phi,32,32,0
own_v1,O3,h00037,bundle_post_opt_4_custom_cleanup,True,ptrtoint,2,2,0
own_v1,O3,h00037,bundle_post_opt_4_custom_cleanup,True,ret,9,9,0
own_v1,O3,h00037,bundle_post_opt_4_custom_cleanup,True,select,6,6,0
own_v1,O3,h00037,bundle_post_opt_4_custom_cleanup,True,sext,2,2,0
own_v1,O3,h00037,bundle_post_opt_4_custom_cleanup,True,shl,7,7,0
own_v1,O3,h00037,bundle_post_opt_4_custom_cleanup,True,store,250,250,0
own_v1,O3,h00037,bundle_post_opt_4_custom_cleanup,True,sub,1,1,0
own_v1,O3,h00037,bundle_post_opt_4_custom_cleanup,True,switch,3,3,0
own_v1,O3,h00037,bundle_post_opt_4_custom_cleanup,True,trunc,14,14,0
own_v1,O3,h00037,bundle_post_opt_4_custom_cleanup,True,urem,1,1,0
own_v1,O3,h00037,bundle_post_opt_4_custom_cleanup,True,xor,12,12,0
own_v1,O3,h00037,bundle_post_opt_4_custom_cleanup,True,zext,20,20,0
own_v1,O3,h00038,main_default_opt_1,True,add,74,64,-10
own_v1,O3,h00038,main_default_opt_1,True,alloca,5,3,-2
own_v1,O3,h00038,main_default_opt_1,True,and,39,32,-7
own_v1,O3,h00038,main_default_opt_1,True,ashr,5,5,0
own_v1,O3,h00038,main_default_opt_1,True,br,39,41,2
own_v1,O3,h00038,main_default_opt_1,True,call,28,16,-12
own_v1,O3,h00038,main_default_opt_1,True,getelementptr,65,47,-18
own_v1,O3,h00038,main_default_opt_1,True,icmp,34,32,-2
own_v1,O3,h00038,main_default_opt_1,True,inttoptr,42,34,-8
own_v1,O3,h00038,main_default_opt_1,True,load,155,131,-24
own_v1,O3,h00038,main_default_opt_1,True,lshr,19,18,-1
own_v1,O3,h00038,main_default_opt_1,True,mul,6,3,-3
own_v1,O3,h00038,main_default_opt_1,True,or,7,6,-1
own_v1,O3,h00038,main_default_opt_1,True,phi,53,67,14
own_v1,O3,h00038,main_default_opt_1,True,ptrtoint,4,4,0
own_v1,O3,h00038,main_default_opt_1,True,ret,13,4,-9
own_v1,O3,h00038,main_default_opt_1,True,sdiv,4,4,0
own_v1,O3,h00038,main_default_opt_1,True,select,11,11,0
own_v1,O3,h00038,main_default_opt_1,True,sext,7,7,0
own_v1,O3,h00038,main_default_opt_1,True,shl,15,14,-1
own_v1,O3,h00038,main_default_opt_1,True,srem,3,3,0
own_v1,O3,h00038,main_default_opt_1,True,store,766,692,-74
own_v1,O3,h00038,main_default_opt_1,True,sub,2,2,0
own_v1,O3,h00038,main_default_opt_1,True,switch,4,4,0
own_v1,O3,h00038,main_default_opt_1,True,trunc,29,25,-4
own_v1,O3,h00038,main_default_opt_1,True,unreachable,1,1,0
own_v1,O3,h00038,main_default_opt_1,True,xor,41,32,-9
own_v1,O3,h00038,main_default_opt_1,True,zext,46,41,-5
own_v1,O3,h00038,main_default_opt_2,True,add,61,61,0
own_v1,O3,h00038,main_default_opt_2,True,alloca,1,1,0
own_v1,O3,h00038,main_default_opt_2,True,and,32,32,0
own_v1,O3,h00038,main_default_opt_2,True,ashr,5,5,0
own_v1,O3,h00038,main_default_opt_2,True,br,41,41,0
own_v1,O3,h00038,main_default_opt_2,True,call,14,14,0
own_v1,O3,h00038,main_default_opt_2,True,getelementptr,38,38,0
own_v1,O3,h00038,main_default_opt_2,True,icmp,32,32,0
own_v1,O3,h00038,main_default_opt_2,True,inttoptr,29,29,0
own_v1,O3,h00038,main_default_opt_2,True,load,131,126,-5
own_v1,O3,h00038,main_default_opt_2,True,lshr,18,18,0
own_v1,O3,h00038,main_default_opt_2,True,mul,3,3,0
own_v1,O3,h00038,main_default_opt_2,True,or,6,6,0
own_v1,O3,h00038,main_default_opt_2,True,phi,67,60,-7
own_v1,O3,h00038,main_default_opt_2,True,ptrtoint,4,4,0
own_v1,O3,h00038,main_default_opt_2,True,ret,5,5,0
own_v1,O3,h00038,main_default_opt_2,True,sdiv,4,4,0
own_v1,O3,h00038,main_default_opt_2,True,select,11,11,0
own_v1,O3,h00038,main_default_opt_2,True,sext,7,7,0
own_v1,O3,h00038,main_default_opt_2,True,shl,14,14,0
own_v1,O3,h00038,main_default_opt_2,True,srem,3,3,0
own_v1,O3,h00038,main_default_opt_2,True,store,674,510,-164
own_v1,O3,h00038,main_default_opt_2,True,sub,6,6,0
own_v1,O3,h00038,main_default_opt_2,True,switch,4,4,0
own_v1,O3,h00038,main_default_opt_2,True,trunc,25,25,0
own_v1,O3,h00038,main_default_opt_2,True,unreachable,1,1,0
own_v1,O3,h00038,main_default_opt_2,True,xor,32,32,0
own_v1,O3,h00038,main_default_opt_2,True,zext,41,41,0
own_v1,O3,h00038,bundle_default_opt_3,True,add,61,59,-2
own_v1,O3,h00038,bundle_default_opt_3,True,alloca,1,1,0
own_v1,O3,h00038,bundle_default_opt_3,True,and,49,34,-15
own_v1,O3,h00038,bundle_default_opt_3,True,ashr,5,5,0
own_v1,O3,h00038,bundle_default_opt_3,True,br,41,41,0
own_v1,O3,h00038,bundle_default_opt_3,True,call,13,11,-2
own_v1,O3,h00038,bundle_default_opt_3,True,getelementptr,38,38,0
own_v1,O3,h00038,bundle_default_opt_3,True,icmp,32,26,-6
own_v1,O3,h00038,bundle_default_opt_3,True,inttoptr,29,29,0
own_v1,O3,h00038,bundle_default_opt_3,True,load,142,107,-35
own_v1,O3,h00038,bundle_default_opt_3,True,lshr,18,12,-6
own_v1,O3,h00038,bundle_default_opt_3,True,mul,3,3,0
own_v1,O3,h00038,bundle_default_opt_3,True,or,22,14,-8
own_v1,O3,h00038,bundle_default_opt_3,True,phi,60,59,-1
own_v1,O3,h00038,bundle_default_opt_3,True,ptrtoint,3,3,0
own_v1,O3,h00038,bundle_default_opt_3,True,ret,5,5,0
own_v1,O3,h00038,bundle_default_opt_3,True,sdiv,4,4,0
own_v1,O3,h00038,bundle_default_opt_3,True,select,11,11,0
own_v1,O3,h00038,bundle_default_opt_3,True,sext,7,7,0
own_v1,O3,h00038,bundle_default_opt_3,True,shl,14,14,0
own_v1,O3,h00038,bundle_default_opt_3,True,srem,3,3,0
own_v1,O3,h00038,bundle_default_opt_3,True,store,509,433,-76
own_v1,O3,h00038,bundle_default_opt_3,True,sub,6,6,0
own_v1,O3,h00038,bundle_default_opt_3,True,switch,4,4,0
own_v1,O3,h00038,bundle_default_opt_3,True,trunc,26,19,-7
own_v1,O3,h00038,bundle_default_opt_3,True,unreachable,1,1,0
own_v1,O3,h00038,bundle_default_opt_3,True,xor,32,24,-8
own_v1,O3,h00038,bundle_default_opt_3,True,zext,43,35,-8
own_v1,O3,h00038,bundle_default_opt_4,True,add,59,59,0
own_v1,O3,h00038,bundle_default_opt_4,True,alloca,1,1,0
own_v1,O3,h00038,bundle_default_opt_4,True,and,34,34,0
own_v1,O3,h00038,bundle_default_opt_4,True,ashr,5,5,0
own_v1,O3,h00038,bundle_default_opt_4,True,br,41,41,0
own_v1,O3,h00038,bundle_default_opt_4,True,call,11,11,0
own_v1,O3,h00038,bundle_default_opt_4,True,getelementptr,38,38,0
own_v1,O3,h00038,bundle_default_opt_4,True,icmp,26,26,0
own_v1,O3,h00038,bundle_default_opt_4,True,inttoptr,29,29,0
own_v1,O3,h00038,bundle_default_opt_4,True,load,107,107,0
own_v1,O3,h00038,bundle_default_opt_4,True,lshr,12,12,0
own_v1,O3,h00038,bundle_default_opt_4,True,mul,3,3,0
own_v1,O3,h00038,bundle_default_opt_4,True,or,14,14,0
own_v1,O3,h00038,bundle_default_opt_4,True,phi,59,59,0
own_v1,O3,h00038,bundle_default_opt_4,True,ptrtoint,3,3,0
own_v1,O3,h00038,bundle_default_opt_4,True,ret,5,5,0
own_v1,O3,h00038,bundle_default_opt_4,True,sdiv,4,4,0
own_v1,O3,h00038,bundle_default_opt_4,True,select,11,11,0
own_v1,O3,h00038,bundle_default_opt_4,True,sext,7,7,0
own_v1,O3,h00038,bundle_default_opt_4,True,shl,14,14,0
own_v1,O3,h00038,bundle_default_opt_4,True,srem,3,3,0
own_v1,O3,h00038,bundle_default_opt_4,True,store,433,425,-8
own_v1,O3,h00038,bundle_default_opt_4,True,sub,6,6,0
own_v1,O3,h00038,bundle_default_opt_4,True,switch,4,4,0
own_v1,O3,h00038,bundle_default_opt_4,True,trunc,19,19,0
own_v1,O3,h00038,bundle_default_opt_4,True,unreachable,1,1,0
own_v1,O3,h00038,bundle_default_opt_4,True,xor,24,24,0
own_v1,O3,h00038,bundle_default_opt_4,True,zext,35,35,0
own_v1,O3,h00038,bundle_post_opt_4_custom_cleanup,True,add,59,0,-59
own_v1,O3,h00038,bundle_post_opt_4_custom_cleanup,True,alloca,1,0,-1
own_v1,O3,h00038,bundle_post_opt_4_custom_cleanup,True,and,34,0,-34
own_v1,O3,h00038,bundle_post_opt_4_custom_cleanup,True,ashr,5,0,-5
own_v1,O3,h00038,bundle_post_opt_4_custom_cleanup,True,br,41,0,-41
own_v1,O3,h00038,bundle_post_opt_4_custom_cleanup,True,call,11,0,-11
own_v1,O3,h00038,bundle_post_opt_4_custom_cleanup,True,getelementptr,38,0,-38
own_v1,O3,h00038,bundle_post_opt_4_custom_cleanup,True,icmp,26,0,-26
own_v1,O3,h00038,bundle_post_opt_4_custom_cleanup,True,inttoptr,29,0,-29
own_v1,O3,h00038,bundle_post_opt_4_custom_cleanup,True,load,107,0,-107
own_v1,O3,h00038,bundle_post_opt_4_custom_cleanup,True,lshr,12,0,-12
own_v1,O3,h00038,bundle_post_opt_4_custom_cleanup,True,mul,3,0,-3
own_v1,O3,h00038,bundle_post_opt_4_custom_cleanup,True,or,14,0,-14
own_v1,O3,h00038,bundle_post_opt_4_custom_cleanup,True,phi,59,0,-59
own_v1,O3,h00038,bundle_post_opt_4_custom_cleanup,True,ptrtoint,3,0,-3
own_v1,O3,h00038,bundle_post_opt_4_custom_cleanup,True,ret,5,0,-5
own_v1,O3,h00038,bundle_post_opt_4_custom_cleanup,True,sdiv,4,0,-4
own_v1,O3,h00038,bundle_post_opt_4_custom_cleanup,True,select,11,0,-11
own_v1,O3,h00038,bundle_post_opt_4_custom_cleanup,True,sext,7,0,-7
own_v1,O3,h00038,bundle_post_opt_4_custom_cleanup,True,shl,14,0,-14
own_v1,O3,h00038,bundle_post_opt_4_custom_cleanup,True,srem,3,0,-3
own_v1,O3,h00038,bundle_post_opt_4_custom_cleanup,True,store,425,0,-425
own_v1,O3,h00038,bundle_post_opt_4_custom_cleanup,True,sub,6,0,-6
own_v1,O3,h00038,bundle_post_opt_4_custom_cleanup,True,switch,4,0,-4
own_v1,O3,h00038,bundle_post_opt_4_custom_cleanup,True,trunc,19,0,-19
own_v1,O3,h00038,bundle_post_opt_4_custom_cleanup,True,unreachable,1,0,-1
own_v1,O3,h00038,bundle_post_opt_4_custom_cleanup,True,xor,24,0,-24
own_v1,O3,h00038,bundle_post_opt_4_custom_cleanup,True,zext,35,0,-35
own_v1,O3,h00039,main_default_opt_1,True,add,29,23,-6
own_v1,O3,h00039,main_default_opt_1,True,alloca,7,5,-2
own_v1,O3,h00039,main_default_opt_1,True,and,20,18,-2
own_v1,O3,h00039,main_default_opt_1,True,br,20,18,-2
own_v1,O3,h00039,main_default_opt_1,True,call,27,15,-12
own_v1,O3,h00039,main_default_opt_1,True,getelementptr,79,62,-17
own_v1,O3,h00039,main_default_opt_1,True,icmp,16,15,-1
own_v1,O3,h00039,main_default_opt_1,True,inttoptr,10,8,-2
own_v1,O3,h00039,main_default_opt_1,True,load,91,74,-17
own_v1,O3,h00039,main_default_opt_1,True,lshr,10,9,-1
own_v1,O3,h00039,main_default_opt_1,True,mul,4,3,-1
own_v1,O3,h00039,main_default_opt_1,True,phi,20,24,4
own_v1,O3,h00039,main_default_opt_1,True,ptrtoint,4,3,-1
own_v1,O3,h00039,main_default_opt_1,True,ret,11,2,-9
own_v1,O3,h00039,main_default_opt_1,True,select,6,6,0
own_v1,O3,h00039,main_default_opt_1,True,shl,7,7,0
own_v1,O3,h00039,main_default_opt_1,True,store,474,411,-63
own_v1,O3,h00039,main_default_opt_1,True,sub,2,2,0
own_v1,O3,h00039,main_default_opt_1,True,switch,1,1,0
own_v1,O3,h00039,main_default_opt_1,True,trunc,15,10,-5
own_v1,O3,h00039,main_default_opt_1,True,xor,23,19,-4
own_v1,O3,h00039,main_default_opt_1,True,zext,24,21,-3
own_v1,O3,h00039,main_default_opt_2,True,add,15,13,-2
own_v1,O3,h00039,main_default_opt_2,True,alloca,2,2,0
own_v1,O3,h00039,main_default_opt_2,True,and,8,8,0
own_v1,O3,h00039,main_default_opt_2,True,br,18,18,0
own_v1,O3,h00039,main_default_opt_2,True,call,5,3,-2
own_v1,O3,h00039,main_default_opt_2,True,getelementptr,33,16,-17
own_v1,O3,h00039,main_default_opt_2,True,icmp,6,6,0
own_v1,O3,h00039,main_default_opt_2,True,inttoptr,11,7,-4
own_v1,O3,h00039,main_default_opt_2,True,load,21,22,1
own_v1,O3,h00039,main_default_opt_2,True,lshr,1,1,0
own_v1,O3,h00039,main_default_opt_2,True,mul,3,3,0
own_v1,O3,h00039,main_default_opt_2,True,phi,4,2,-2
own_v1,O3,h00039,main_default_opt_2,True,ptrtoint,1,1,0
own_v1,O3,h00039,main_default_opt_2,True,ret,2,2,0
own_v1,O3,h00039,main_default_opt_2,True,select,6,6,0
own_v1,O3,h00039,main_default_opt_2,True,shl,7,7,0
own_v1,O3,h00039,main_default_opt_2,True,store,33,35,2
own_v1,O3,h00039,main_default_opt_2,True,sub,1,1,0
own_v1,O3,h00039,main_default_opt_2,True,switch,1,1,0
own_v1,O3,h00039,main_default_opt_2,True,xor,10,10,0
own_v1,O3,h00039,bundle_default_opt_3,True,add,7,7,0
own_v1,O3,h00039,bundle_default_opt_3,True,alloca,2,2,0
own_v1,O3,h00039,bundle_default_opt_3,True,and,8,8,0
own_v1,O3,h00039,bundle_default_opt_3,True,br,18,18,0
own_v1,O3,h00039,bundle_default_opt_3,True,call,3,3,0
own_v1,O3,h00039,bundle_default_opt_3,True,getelementptr,22,21,-1
own_v1,O3,h00039,bundle_default_opt_3,True,icmp,6,6,0
own_v1,O3,h00039,bundle_default_opt_3,True,inttoptr,1,1,0
own_v1,O3,h00039,bundle_default_opt_3,True,load,22,22,0
own_v1,O3,h00039,bundle_default_opt_3,True,lshr,1,1,0
own_v1,O3,h00039,bundle_default_opt_3,True,mul,3,3,0
own_v1,O3,h00039,bundle_default_opt_3,True,phi,2,2,0
own_v1,O3,h00039,bundle_default_opt_3,True,ptrtoint,1,1,0
own_v1,O3,h00039,bundle_default_opt_3,True,ret,2,2,0
own_v1,O3,h00039,bundle_default_opt_3,True,select,6,6,0
own_v1,O3,h00039,bundle_default_opt_3,True,shl,7,7,0
own_v1,O3,h00039,bundle_default_opt_3,True,store,35,35,0
own_v1,O3,h00039,bundle_default_opt_3,True,sub,1,1,0
own_v1,O3,h00039,bundle_default_opt_3,True,switch,1,1,0
own_v1,O3,h00039,bundle_default_opt_3,True,xor,10,10,0
own_v1,O3,h00039,bundle_default_opt_4,True,add,7,7,0
own_v1,O3,h00039,bundle_default_opt_4,True,alloca,2,2,0
own_v1,O3,h00039,bundle_default_opt_4,True,and,8,8,0
own_v1,O3,h00039,bundle_default_opt_4,True,br,18,18,0
own_v1,O3,h00039,bundle_default_opt_4,True,call,3,3,0
own_v1,O3,h00039,bundle_default_opt_4,True,getelementptr,21,21,0
own_v1,O3,h00039,bundle_default_opt_4,True,icmp,6,6,0
own_v1,O3,h00039,bundle_default_opt_4,True,inttoptr,1,1,0
own_v1,O3,h00039,bundle_default_opt_4,True,load,22,22,0
own_v1,O3,h00039,bundle_default_opt_4,True,lshr,1,1,0
own_v1,O3,h00039,bundle_default_opt_4,True,mul,3,3,0
own_v1,O3,h00039,bundle_default_opt_4,True,phi,2,2,0
own_v1,O3,h00039,bundle_default_opt_4,True,ptrtoint,1,1,0
own_v1,O3,h00039,bundle_default_opt_4,True,ret,2,2,0
own_v1,O3,h00039,bundle_default_opt_4,True,select,6,6,0
own_v1,O3,h00039,bundle_default_opt_4,True,shl,7,7,0
own_v1,O3,h00039,bundle_default_opt_4,True,store,35,35,0
own_v1,O3,h00039,bundle_default_opt_4,True,sub,1,1,0
own_v1,O3,h00039,bundle_default_opt_4,True,switch,1,1,0
own_v1,O3,h00039,bundle_default_opt_4,True,xor,10,10,0
own_v1,O3,h00039,bundle_post_opt_4_custom_cleanup,True,add,7,7,0
own_v1,O3,h00039,bundle_post_opt_4_custom_cleanup,True,alloca,2,2,0
own_v1,O3,h00039,bundle_post_opt_4_custom_cleanup,True,and,8,8,0
own_v1,O3,h00039,bundle_post_opt_4_custom_cleanup,True,br,18,18,0
own_v1,O3,h00039,bundle_post_opt_4_custom_cleanup,True,call,3,3,0
own_v1,O3,h00039,bundle_post_opt_4_custom_cleanup,True,getelementptr,21,21,0
own_v1,O3,h00039,bundle_post_opt_4_custom_cleanup,True,icmp,6,6,0
own_v1,O3,h00039,bundle_post_opt_4_custom_cleanup,True,inttoptr,1,1,0
own_v1,O3,h00039,bundle_post_opt_4_custom_cleanup,True,load,22,22,0
own_v1,O3,h00039,bundle_post_opt_4_custom_cleanup,True,lshr,1,1,0
own_v1,O3,h00039,bundle_post_opt_4_custom_cleanup,True,mul,3,3,0
own_v1,O3,h00039,bundle_post_opt_4_custom_cleanup,True,phi,2,2,0
own_v1,O3,h00039,bundle_post_opt_4_custom_cleanup,True,ptrtoint,1,1,0
own_v1,O3,h00039,bundle_post_opt_4_custom_cleanup,True,ret,2,1,-1
own_v1,O3,h00039,bundle_post_opt_4_custom_cleanup,True,select,6,6,0
own_v1,O3,h00039,bundle_post_opt_4_custom_cleanup,True,shl,7,7,0
own_v1,O3,h00039,bundle_post_opt_4_custom_cleanup,True,store,35,35,0
own_v1,O3,h00039,bundle_post_opt_4_custom_cleanup,True,sub,1,1,0
own_v1,O3,h00039,bundle_post_opt_4_custom_cleanup,True,switch,1,1,0
own_v1,O3,h00039,bundle_post_opt_4_custom_cleanup,True,xor,10,10,0
own_v1,O3,h00040,main_default_opt_1,True,add,141,141,0
own_v1,O3,h00040,main_default_opt_1,True,alloca,7,5,-2
own_v1,O3,h00040,main_default_opt_1,True,and,40,40,0
own_v1,O3,h00040,main_default_opt_1,True,br,53,54,1
own_v1,O3,h00040,main_default_opt_1,True,call,35,28,-7
own_v1,O3,h00040,main_default_opt_1,True,getelementptr,258,164,-94
own_v1,O3,h00040,main_default_opt_1,True,icmp,111,111,0
own_v1,O3,h00040,main_default_opt_1,True,inttoptr,37,37,0
own_v1,O3,h00040,main_default_opt_1,True,load,174,157,-17
own_v1,O3,h00040,main_default_opt_1,True,lshr,12,12,0
own_v1,O3,h00040,main_default_opt_1,True,mul,6,6,0
own_v1,O3,h00040,main_default_opt_1,True,phi,21,33,12
own_v1,O3,h00040,main_default_opt_1,True,ptrtoint,6,6,0
own_v1,O3,h00040,main_default_opt_1,True,ret,15,12,-3
own_v1,O3,h00040,main_default_opt_1,True,select,92,92,0
own_v1,O3,h00040,main_default_opt_1,True,sext,7,7,0
own_v1,O3,h00040,main_default_opt_1,True,shl,16,16,0
own_v1,O3,h00040,main_default_opt_1,True,store,920,889,-31
own_v1,O3,h00040,main_default_opt_1,True,sub,3,3,0
own_v1,O3,h00040,main_default_opt_1,True,switch,2,2,0
own_v1,O3,h00040,main_default_opt_1,True,trunc,21,17,-4
own_v1,O3,h00040,main_default_opt_1,True,xor,29,29,0
own_v1,O3,h00040,main_default_opt_1,True,zext,33,32,-1
own_v1,O3,h00040,main_default_opt_2,True,add,136,141,5
own_v1,O3,h00040,main_default_opt_2,True,alloca,5,5,0
own_v1,O3,h00040,main_default_opt_2,True,and,52,41,-11
own_v1,O3,h00040,main_default_opt_2,True,br,54,54,0
own_v1,O3,h00040,main_default_opt_2,True,call,28,28,0
own_v1,O3,h00040,main_default_opt_2,True,getelementptr,189,182,-7
own_v1,O3,h00040,main_default_opt_2,True,icmp,135,117,-18
own_v1,O3,h00040,main_default_opt_2,True,inttoptr,27,26,-1
own_v1,O3,h00040,main_default_opt_2,True,load,157,157,0
own_v1,O3,h00040,main_default_opt_2,True,lshr,12,12,0
own_v1,O3,h00040,main_default_opt_2,True,mul,6,6,0
own_v1,O3,h00040,main_default_opt_2,True,phi,35,35,0
own_v1,O3,h00040,main_default_opt_2,True,ptrtoint,7,7,0
own_v1,O3,h00040,main_default_opt_2,True,ret,12,12,0
own_v1,O3,h00040,main_default_opt_2,True,select,104,104,0
own_v1,O3,h00040,main_default_opt_2,True,sext,7,7,0
own_v1,O3,h00040,main_default_opt_2,True,shl,16,16,0
own_v1,O3,h00040,main_default_opt_2,True,store,889,882,-7
own_v1,O3,h00040,main_default_opt_2,True,sub,15,3,-12
own_v1,O3,h00040,main_default_opt_2,True,switch,2,2,0
own_v1,O3,h00040,main_default_opt_2,True,trunc,17,17,0
own_v1,O3,h00040,main_default_opt_2,True,xor,29,29,0
own_v1,O3,h00040,main_default_opt_2,True,zext,32,32,0
own_v1,O3,h00040,bundle_default_opt_3,True,add,141,141,0
own_v1,O3,h00040,bundle_default_opt_3,True,alloca,5,5,0
own_v1,O3,h00040,bundle_default_opt_3,True,and,41,41,0
own_v1,O3,h00040,bundle_default_opt_3,True,br,54,54,0
own_v1,O3,h00040,bundle_default_opt_3,True,call,27,29,2
own_v1,O3,h00040,bundle_default_opt_3,True,getelementptr,182,178,-4
own_v1,O3,h00040,bundle_default_opt_3,True,icmp,117,117,0
own_v1,O3,h00040,bundle_default_opt_3,True,inttoptr,26,26,0
own_v1,O3,h00040,bundle_default_opt_3,True,load,157,119,-38
own_v1,O3,h00040,bundle_default_opt_3,True,lshr,12,12,0
own_v1,O3,h00040,bundle_default_opt_3,True,mul,6,6,0
own_v1,O3,h00040,bundle_default_opt_3,True,phi,35,32,-3
own_v1,O3,h00040,bundle_default_opt_3,True,ptrtoint,6,6,0
own_v1,O3,h00040,bundle_default_opt_3,True,ret,12,12,0
own_v1,O3,h00040,bundle_default_opt_3,True,select,104,104,0
own_v1,O3,h00040,bundle_default_opt_3,True,sext,7,7,0
own_v1,O3,h00040,bundle_default_opt_3,True,shl,16,16,0
own_v1,O3,h00040,bundle_default_opt_3,True,store,881,662,-219
own_v1,O3,h00040,bundle_default_opt_3,True,sub,3,3,0
own_v1,O3,h00040,bundle_default_opt_3,True,switch,2,2,0
own_v1,O3,h00040,bundle_default_opt_3,True,trunc,17,17,0
own_v1,O3,h00040,bundle_default_opt_3,True,xor,29,29,0
own_v1,O3,h00040,bundle_default_opt_3,True,zext,32,32,0
own_v1,O3,h00040,bundle_default_opt_4,True,add,141,141,0
own_v1,O3,h00040,bundle_default_opt_4,True,alloca,5,5,0
own_v1,O3,h00040,bundle_default_opt_4,True,and,41,41,0
own_v1,O3,h00040,bundle_default_opt_4,True,br,54,54,0
own_v1,O3,h00040,bundle_default_opt_4,True,call,29,29,0
own_v1,O3,h00040,bundle_default_opt_4,True,getelementptr,178,178,0
own_v1,O3,h00040,bundle_default_opt_4,True,icmp,117,117,0
own_v1,O3,h00040,bundle_default_opt_4,True,inttoptr,26,26,0
own_v1,O3,h00040,bundle_default_opt_4,True,load,119,119,0
own_v1,O3,h00040,bundle_default_opt_4,True,lshr,12,12,0
own_v1,O3,h00040,bundle_default_opt_4,True,mul,6,6,0
own_v1,O3,h00040,bundle_default_opt_4,True,phi,32,32,0
own_v1,O3,h00040,bundle_default_opt_4,True,ptrtoint,6,6,0
own_v1,O3,h00040,bundle_default_opt_4,True,ret,12,12,0
own_v1,O3,h00040,bundle_default_opt_4,True,select,104,104,0
own_v1,O3,h00040,bundle_default_opt_4,True,sext,7,7,0
own_v1,O3,h00040,bundle_default_opt_4,True,shl,16,16,0
own_v1,O3,h00040,bundle_default_opt_4,True,store,662,629,-33
own_v1,O3,h00040,bundle_default_opt_4,True,sub,3,3,0
own_v1,O3,h00040,bundle_default_opt_4,True,switch,2,2,0
own_v1,O3,h00040,bundle_default_opt_4,True,trunc,17,17,0
own_v1,O3,h00040,bundle_default_opt_4,True,xor,29,29,0
own_v1,O3,h00040,bundle_default_opt_4,True,zext,32,32,0
own_v1,O3,h00040,bundle_post_opt_4_custom_cleanup,True,add,141,141,0
own_v1,O3,h00040,bundle_post_opt_4_custom_cleanup,True,alloca,5,5,0
own_v1,O3,h00040,bundle_post_opt_4_custom_cleanup,True,and,41,41,0
own_v1,O3,h00040,bundle_post_opt_4_custom_cleanup,True,br,54,54,0
own_v1,O3,h00040,bundle_post_opt_4_custom_cleanup,True,call,29,29,0
own_v1,O3,h00040,bundle_post_opt_4_custom_cleanup,True,getelementptr,178,178,0
own_v1,O3,h00040,bundle_post_opt_4_custom_cleanup,True,icmp,117,117,0
own_v1,O3,h00040,bundle_post_opt_4_custom_cleanup,True,inttoptr,26,26,0
own_v1,O3,h00040,bundle_post_opt_4_custom_cleanup,True,load,119,119,0
own_v1,O3,h00040,bundle_post_opt_4_custom_cleanup,True,lshr,12,12,0
own_v1,O3,h00040,bundle_post_opt_4_custom_cleanup,True,mul,6,6,0
own_v1,O3,h00040,bundle_post_opt_4_custom_cleanup,True,phi,32,32,0
own_v1,O3,h00040,bundle_post_opt_4_custom_cleanup,True,ptrtoint,6,6,0
own_v1,O3,h00040,bundle_post_opt_4_custom_cleanup,True,ret,12,12,0
own_v1,O3,h00040,bundle_post_opt_4_custom_cleanup,True,select,104,104,0
own_v1,O3,h00040,bundle_post_opt_4_custom_cleanup,True,sext,7,7,0
own_v1,O3,h00040,bundle_post_opt_4_custom_cleanup,True,shl,16,16,0
own_v1,O3,h00040,bundle_post_opt_4_custom_cleanup,True,store,629,627,-2
own_v1,O3,h00040,bundle_post_opt_4_custom_cleanup,True,sub,3,3,0
own_v1,O3,h00040,bundle_post_opt_4_custom_cleanup,True,switch,2,2,0
own_v1,O3,h00040,bundle_post_opt_4_custom_cleanup,True,trunc,17,17,0
own_v1,O3,h00040,bundle_post_opt_4_custom_cleanup,True,xor,29,29,0
own_v1,O3,h00040,bundle_post_opt_4_custom_cleanup,True,zext,32,32,0
