case_id,submission_id,binary,seed_file
p00008,s178043981,data/obfuscated/p00008/s178043981_bcf.elf,data/seeds/p00008/s178043981_bcf.elf.seed
p00008,s178043981,data/obfuscated/p00008/s178043981_bcf_instsub.elf,data/seeds/p00008/s178043981_bcf_instsub.elf.seed
p00008,s178043981,data/obfuscated/p00008/s178043981_fla.elf,data/seeds/p00008/s178043981_fla.elf.seed
p00008,s178043981,data/obfuscated/p00008/s178043981_fla_bcf.elf,data/seeds/p00008/s178043981_fla_bcf.elf.seed
p00008,s178043981,data/obfuscated/p00008/s178043981_fla_bcf_instsub.elf,data/seeds/p00008/s178043981_fla_bcf_instsub.elf.seed
p00008,s178043981,data/obfuscated/p00008/s178043981_fla_instsub.elf,data/seeds/p00008/s178043981_fla_instsub.elf.seed
p00008,s178043981,data/obfuscated/p00008/s178043981_instsub.elf,data/seeds/p00008/s178043981_instsub.elf.seed
p00009,s308363767,data/obfuscated/p00009/s308363767_bcf.elf,data/seeds/p00009/s308363767_bcf.elf.seed
p00009,s308363767,data/obfuscated/p00009/s308363767_bcf_instsub.elf,data/seeds/p00009/s308363767_bcf_instsub.elf.seed
p00009,s308363767,data/obfuscated/p00009/s308363767_fla.elf,data/seeds/p00009/s308363767_fla.elf.seed
p00009,s308363767,data/obfuscated/p00009/s308363767_fla_bcf.elf,data/seeds/p00009/s308363767_fla_bcf.elf.seed
p00009,s308363767,data/obfuscated/p00009/s308363767_fla_bcf_instsub.elf,data/seeds/p00009/s308363767_fla_bcf_instsub.elf.seed
p00009,s308363767,data/obfuscated/p00009/s308363767_fla_instsub.elf,data/seeds/p00009/s308363767_fla_instsub.elf.seed
p00009,s308363767,data/obfuscated/p00009/s308363767_instsub.elf,data/seeds/p00009/s308363767_instsub.elf.seed
p00016,s150561866,data/obfuscated/p00016/s150561866_bcf.elf,data/seeds/p00016/s150561866_bcf.elf.seed
p00016,s150561866,data/obfuscated/p00016/s150561866_bcf_instsub.elf,data/seeds/p00016/s150561866_bcf_instsub.elf.seed
p00016,s150561866,data/obfuscated/p00016/s150561866_fla.elf,data/seeds/p00016/s150561866_fla.elf.seed
p00016,s150561866,data/obfuscated/p00016/s150561866_fla_bcf.elf,data/seeds/p00016/s150561866_fla_bcf.elf.seed
p00016,s150561866,data/obfuscated/p00016/s150561866_fla_bcf_instsub.elf,data/seeds/p00016/s150561866_fla_bcf_instsub.elf.seed
p00016,s150561866,data/obfuscated/p00016/s150561866_fla_instsub.elf,data/seeds/p00016/s150561866_fla_instsub.elf.seed
p00016,s150561866,data/obfuscated/p00016/s150561866_instsub.elf,data/seeds/p00016/s150561866_instsub.elf.seed
p00035,s591874935,data/obfuscated/p00035/s591874935_bcf.elf,data/seeds/p00035/p00035_seed.txt
p00035,s591874935,data/obfuscated/p00035/s591874935_bcf_instsub.elf,data/seeds/p00035/p00035_seed.txt
p00035,s591874935,data/obfuscated/p00035/s591874935_fla.elf,data/seeds/p00035/p00035_seed.txt
p00035,s591874935,data/obfuscated/p00035/s591874935_fla_bcf.elf,data/seeds/p00035/p00035_seed.txt
p00035,s591874935,data/obfuscated/p00035/s591874935_fla_bcf_instsub.elf,data/seeds/p00035/p00035_seed.txt
p00035,s591874935,data/obfuscated/p00035/s591874935_fla_instsub.elf,data/seeds/p00035/p00035_seed.txt
p00035,s591874935,data/obfuscated/p00035/s591874935_instsub.elf,data/seeds/p00035/p00035_seed.txt
p00039,s635635196,data/obfuscated/p00039/s635635196_bcf.elf,data/seeds/p00039/p00039_seed.txt
p00039,s635635196,data/obfuscated/p00039/s635635196_bcf_instsub.elf,data/seeds/p00039/p00039_seed.txt
p00039,s635635196,data/obfuscated/p00039/s635635196_fla.elf,data/seeds/p00039/p00039_seed.txt
p00039,s635635196,data/obfuscated/p00039/s635635196_fla_bcf.elf,data/seeds/p00039/p00039_seed.txt
p00039,s635635196,data/obfuscated/p00039/s635635196_fla_bcf_instsub.elf,data/seeds/p00039/p00039_seed.txt
p00039,s635635196,data/obfuscated/p00039/s635635196_fla_instsub.elf,data/seeds/p00039/p00039_seed.txt
p00039,s635635196,data/obfuscated/p00039/s635635196_instsub.elf,data/seeds/p00039/p00039_seed.txt
p00050,s586984127,data/obfuscated/p00050/s586984127_bcf.elf,data/seeds/p00050/p00050_seed.txt
p00050,s586984127,data/obfuscated/p00050/s586984127_bcf_instsub.elf,data/seeds/p00050/p00050_seed.txt
p00050,s586984127,data/obfuscated/p00050/s586984127_fla.elf,data/seeds/p00050/p00050_seed.txt
p00050,s586984127,data/obfuscated/p00050/s586984127_fla_bcf.elf,data/seeds/p00050/p00050_seed.txt
p00050,s586984127,data/obfuscated/p00050/s586984127_fla_bcf_instsub.elf,data/seeds/p00050/p00050_seed.txt
p00050,s586984127,data/obfuscated/p00050/s586984127_fla_instsub.elf,data/seeds/p00050/p00050_seed.txt
p00050,s586984127,data/obfuscated/p00050/s586984127_instsub.elf,data/seeds/p00050/p00050_seed.txt
p00056,s237479322,data/obfuscated/p00056/s237479322_bcf.elf,data/seeds/p00056/p00056_seed.txt
p00056,s237479322,data/obfuscated/p00056/s237479322_bcf_instsub.elf,data/seeds/p00056/p00056_seed.txt
p00056,s237479322,data/obfuscated/p00056/s237479322_fla.elf,data/seeds/p00056/p00056_seed.txt
p00056,s237479322,data/obfuscated/p00056/s237479322_fla_bcf.elf,data/seeds/p00056/p00056_seed.txt
p00056,s237479322,data/obfuscated/p00056/s237479322_fla_bcf_instsub.elf,data/seeds/p00056/p00056_seed.txt
p00056,s237479322,data/obfuscated/p00056/s237479322_fla_instsub.elf,data/seeds/p00056/p00056_seed.txt
p00056,s237479322,data/obfuscated/p00056/s237479322_instsub.elf,data/seeds/p00056/p00056_seed.txt
p00089,s065901669,data/obfuscated/p00089/s065901669_bcf.elf,data/seeds/p00089/p00089_seed.txt
p00089,s065901669,data/obfuscated/p00089/s065901669_bcf_instsub.elf,data/seeds/p00089/p00089_seed.txt
p00089,s065901669,data/obfuscated/p00089/s065901669_fla.elf,data/seeds/p00089/p00089_seed.txt
p00089,s065901669,data/obfuscated/p00089/s065901669_fla_bcf.elf,data/seeds/p00089/p00089_seed.txt
p00089,s065901669,data/obfuscated/p00089/s065901669_fla_bcf_instsub.elf,data/seeds/p00089/p00089_seed.txt
p00089,s065901669,data/obfuscated/p00089/s065901669_fla_instsub.elf,data/seeds/p00089/p00089_seed.txt
p00089,s065901669,data/obfuscated/p00089/s065901669_instsub.elf,data/seeds/p00089/p00089_seed.txt
p00100,s475375811,data/obfuscated/p00100/s475375811_bcf.elf,data/seeds/p00100/p00100_seed.txt
p00100,s475375811,data/obfuscated/p00100/s475375811_bcf_instsub.elf,data/seeds/p00100/p00100_seed.txt
p00100,s475375811,data/obfuscated/p00100/s475375811_fla.elf,data/seeds/p00100/p00100_seed.txt
p00100,s475375811,data/obfuscated/p00100/s475375811_fla_bcf.elf,data/seeds/p00100/p00100_seed.txt
p00100,s475375811,data/obfuscated/p00100/s475375811_fla_bcf_instsub.elf,data/seeds/p00100/p00100_seed.txt
p00100,s475375811,data/obfuscated/p00100/s475375811_fla_instsub.elf,data/seeds/p00100/p00100_seed.txt
p00100,s475375811,data/obfuscated/p00100/s475375811_instsub.elf,data/seeds/p00100/p00100_seed.txt
p00111,s236164177,data/obfuscated/p00111/s236164177_bcf.elf,data/seeds/p00111/p00111_seed.txt
p00111,s236164177,data/obfuscated/p00111/s236164177_bcf_instsub.elf,data/seeds/p00111/p00111_seed.txt
p00111,s236164177,data/obfuscated/p00111/s236164177_fla.elf,data/seeds/p00111/p00111_seed.txt
p00111,s236164177,data/obfuscated/p00111/s236164177_fla_bcf.elf,data/seeds/p00111/p00111_seed.txt
p00111,s236164177,data/obfuscated/p00111/s236164177_fla_bcf_instsub.elf,data/seeds/p00111/p00111_seed.txt
p00111,s236164177,data/obfuscated/p00111/s236164177_fla_instsub.elf,data/seeds/p00111/p00111_seed.txt
p00111,s236164177,data/obfuscated/p00111/s236164177_instsub.elf,data/seeds/p00111/p00111_seed.txt
p00120,s736900082,data/obfuscated/p00120/s736900082_bcf.elf,data/seeds/p00120/p00120_seed.txt
p00120,s736900082,data/obfuscated/p00120/s736900082_bcf_instsub.elf,data/seeds/p00120/p00120_seed.txt
p00120,s736900082,data/obfuscated/p00120/s736900082_fla.elf,data/seeds/p00120/p00120_seed.txt
p00120,s736900082,data/obfuscated/p00120/s736900082_fla_bcf.elf,data/seeds/p00120/p00120_seed.txt
p00120,s736900082,data/obfuscated/p00120/s736900082_fla_bcf_instsub.elf,data/seeds/p00120/p00120_seed.txt
p00120,s736900082,data/obfuscated/p00120/s736900082_fla_instsub.elf,data/seeds/p00120/p00120_seed.txt
p00120,s736900082,data/obfuscated/p00120/s736900082_instsub.elf,data/seeds/p00120/p00120_seed.txt
p00142,s634430882,data/obfuscated/p00142/s634430882_bcf.elf,data/seeds/p00142/p00142_seed.txt
p00142,s634430882,data/obfuscated/p00142/s634430882_bcf_instsub.elf,data/seeds/p00142/p00142_seed.txt
p00142,s634430882,data/obfuscated/p00142/s634430882_fla.elf,data/seeds/p00142/p00142_seed.txt
p00142,s634430882,data/obfuscated/p00142/s634430882_fla_bcf.elf,data/seeds/p00142/p00142_seed.txt
p00142,s634430882,data/obfuscated/p00142/s634430882_fla_bcf_instsub.elf,data/seeds/p00142/p00142_seed.txt
p00142,s634430882,data/obfuscated/p00142/s634430882_fla_instsub.elf,data/seeds/p00142/p00142_seed.txt
p00142,s634430882,data/obfuscated/p00142/s634430882_instsub.elf,data/seeds/p00142/p00142_seed.txt
p00159,s452596669,data/obfuscated/p00159/s452596669_bcf.elf,data/seeds/p00159/p00159_seed.txt
p00159,s452596669,data/obfuscated/p00159/s452596669_bcf_instsub.elf,data/seeds/p00159/p00159_seed.txt
p00159,s452596669,data/obfuscated/p00159/s452596669_fla.elf,data/seeds/p00159/p00159_seed.txt
p00159,s452596669,data/obfuscated/p00159/s452596669_fla_bcf.elf,data/seeds/p00159/p00159_seed.txt
p00159,s452596669,data/obfuscated/p00159/s452596669_fla_bcf_instsub.elf,data/seeds/p00159/p00159_seed.txt
p00159,s452596669,data/obfuscated/p00159/s452596669_fla_instsub.elf,data/seeds/p00159/p00159_seed.txt
p00159,s452596669,data/obfuscated/p00159/s452596669_instsub.elf,data/seeds/p00159/p00159_seed.txt
p00172,s356148817,data/obfuscated/p00172/s356148817_bcf.elf,data/seeds/p00172/p00172_seed.txt
p00172,s356148817,data/obfuscated/p00172/s356148817_bcf_instsub.elf,data/seeds/p00172/p00172_seed.txt
p00172,s356148817,data/obfuscated/p00172/s356148817_fla.elf,data/seeds/p00172/p00172_seed.txt
p00172,s356148817,data/obfuscated/p00172/s356148817_fla_bcf.elf,data/seeds/p00172/p00172_seed.txt
p00172,s356148817,data/obfuscated/p00172/s356148817_fla_bcf_instsub.elf,data/seeds/p00172/p00172_seed.txt
p00172,s356148817,data/obfuscated/p00172/s356148817_fla_instsub.elf,data/seeds/p00172/p00172_seed.txt
p00172,s356148817,data/obfuscated/p00172/s356148817_instsub.elf,data/seeds/p00172/p00172_seed.txt
p00178,s505746898,data/obfuscated/p00178/s505746898_bcf.elf,data/seeds/p00178/p00178_seed.txt
p00178,s505746898,data/obfuscated/p00178/s505746898_bcf_instsub.elf,data/seeds/p00178/p00178_seed.txt
p00178,s505746898,data/obfuscated/p00178/s505746898_fla.elf,data/seeds/p00178/p00178_seed.txt
p00178,s505746898,data/obfuscated/p00178/s505746898_fla_bcf.elf,data/seeds/p00178/p00178_seed.txt
p00178,s505746898,data/obfuscated/p00178/s505746898_fla_bcf_instsub.elf,data/seeds/p00178/p00178_seed.txt
p00178,s505746898,data/obfuscated/p00178/s505746898_fla_instsub.elf,data/seeds/p00178/p00178_seed.txt
p00178,s505746898,data/obfuscated/p00178/s505746898_instsub.elf,data/seeds/p00178/p00178_seed.txt
p00183,s868256135,data/obfuscated/p00183/s868256135_bcf.elf,data/seeds/p00183/p00183_seed.txt
p00183,s868256135,data/obfuscated/p00183/s868256135_bcf_instsub.elf,data/seeds/p00183/p00183_seed.txt
p00183,s868256135,data/obfuscated/p00183/s868256135_fla.elf,data/seeds/p00183/p00183_seed.txt
p00183,s868256135,data/obfuscated/p00183/s868256135_fla_bcf.elf,data/seeds/p00183/p00183_seed.txt
p00183,s868256135,data/obfuscated/p00183/s868256135_fla_bcf_instsub.elf,data/seeds/p00183/p00183_seed.txt
p00183,s868256135,data/obfuscated/p00183/s868256135_fla_instsub.elf,data/seeds/p00183/p00183_seed.txt
p00183,s868256135,data/obfuscated/p00183/s868256135_instsub.elf,data/seeds/p00183/p00183_seed.txt
p00187,s092944415,data/obfuscated/p00187/s092944415_bcf.elf,data/seeds/p00187/p00187_seed.txt
p00187,s092944415,data/obfuscated/p00187/s092944415_bcf_instsub.elf,data/seeds/p00187/p00187_seed.txt
p00187,s092944415,data/obfuscated/p00187/s092944415_fla.elf,data/seeds/p00187/p00187_seed.txt
p00187,s092944415,data/obfuscated/p00187/s092944415_fla_bcf.elf,data/seeds/p00187/p00187_seed.txt
p00187,s092944415,data/obfuscated/p00187/s092944415_fla_bcf_instsub.elf,data/seeds/p00187/p00187_seed.txt
p00187,s092944415,data/obfuscated/p00187/s092944415_fla_instsub.elf,data/seeds/p00187/p00187_seed.txt
p00187,s092944415,data/obfuscated/p00187/s092944415_instsub.elf,data/seeds/p00187/p00187_seed.txt
p00200,s958104051,data/obfuscated/p00200/s958104051_bcf.elf,data/seeds/p00200/p00200_seed.txt
p00200,s958104051,data/obfuscated/p00200/s958104051_bcf_instsub.elf,data/seeds/p00200/p00200_seed.txt
p00200,s958104051,data/obfuscated/p00200/s958104051_fla.elf,data/seeds/p00200/p00200_seed.txt
p00200,s958104051,data/obfuscated/p00200/s958104051_fla_bcf.elf,data/seeds/p00200/p00200_seed.txt
p00200,s958104051,data/obfuscated/p00200/s958104051_fla_bcf_instsub.elf,data/seeds/p00200/p00200_seed.txt
p00200,s958104051,data/obfuscated/p00200/s958104051_fla_instsub.elf,data/seeds/p00200/p00200_seed.txt
p00200,s958104051,data/obfuscated/p00200/s958104051_instsub.elf,data/seeds/p00200/p00200_seed.txt
p00205,s202037324,data/obfuscated/p00205/s202037324_bcf.elf,data/seeds/p00205/p00205_seed.txt
p00205,s202037324,data/obfuscated/p00205/s202037324_bcf_instsub.elf,data/seeds/p00205/p00205_seed.txt
p00205,s202037324,data/obfuscated/p00205/s202037324_fla.elf,data/seeds/p00205/p00205_seed.txt
p00205,s202037324,data/obfuscated/p00205/s202037324_fla_bcf.elf,data/seeds/p00205/p00205_seed.txt
p00205,s202037324,data/obfuscated/p00205/s202037324_fla_bcf_instsub.elf,data/seeds/p00205/p00205_seed.txt
p00205,s202037324,data/obfuscated/p00205/s202037324_fla_instsub.elf,data/seeds/p00205/p00205_seed.txt
p00205,s202037324,data/obfuscated/p00205/s202037324_instsub.elf,data/seeds/p00205/p00205_seed.txt
p00212,s286523912,data/obfuscated/p00212/s286523912_bcf.elf,data/seeds/p00212/p00212_seed.txt
p00212,s286523912,data/obfuscated/p00212/s286523912_bcf_instsub.elf,data/seeds/p00212/p00212_seed.txt
p00212,s286523912,data/obfuscated/p00212/s286523912_fla.elf,data/seeds/p00212/p00212_seed.txt
p00212,s286523912,data/obfuscated/p00212/s286523912_fla_bcf.elf,data/seeds/p00212/p00212_seed.txt
p00212,s286523912,data/obfuscated/p00212/s286523912_fla_bcf_instsub.elf,data/seeds/p00212/p00212_seed.txt
p00212,s286523912,data/obfuscated/p00212/s286523912_fla_instsub.elf,data/seeds/p00212/p00212_seed.txt
p00212,s286523912,data/obfuscated/p00212/s286523912_instsub.elf,data/seeds/p00212/p00212_seed.txt
p00225,s166576559,data/obfuscated/p00225/s166576559_bcf.elf,data/seeds/p00225/p00225_seed.txt
p00225,s166576559,data/obfuscated/p00225/s166576559_bcf_instsub.elf,data/seeds/p00225/p00225_seed.txt
p00225,s166576559,data/obfuscated/p00225/s166576559_fla.elf,data/seeds/p00225/p00225_seed.txt
p00225,s166576559,data/obfuscated/p00225/s166576559_fla_bcf.elf,data/seeds/p00225/p00225_seed.txt
p00225,s166576559,data/obfuscated/p00225/s166576559_fla_bcf_instsub.elf,data/seeds/p00225/p00225_seed.txt
p00225,s166576559,data/obfuscated/p00225/s166576559_fla_instsub.elf,data/seeds/p00225/p00225_seed.txt
p00225,s166576559,data/obfuscated/p00225/s166576559_instsub.elf,data/seeds/p00225/p00225_seed.txt
p00230,s380322669,data/obfuscated/p00230/s380322669_bcf.elf,data/seeds/p00230/p00230_seed.txt
p00230,s380322669,data/obfuscated/p00230/s380322669_bcf_instsub.elf,data/seeds/p00230/p00230_seed.txt
p00230,s380322669,data/obfuscated/p00230/s380322669_fla.elf,data/seeds/p00230/p00230_seed.txt
p00230,s380322669,data/obfuscated/p00230/s380322669_fla_bcf.elf,data/seeds/p00230/p00230_seed.txt
p00230,s380322669,data/obfuscated/p00230/s380322669_fla_bcf_instsub.elf,data/seeds/p00230/p00230_seed.txt
p00230,s380322669,data/obfuscated/p00230/s380322669_fla_instsub.elf,data/seeds/p00230/p00230_seed.txt
p00230,s380322669,data/obfuscated/p00230/s380322669_instsub.elf,data/seeds/p00230/p00230_seed.txt
p00235,s478751282,data/obfuscated/p00235/s478751282_bcf.elf,data/seeds/p00235/p00235_seed.txt
p00235,s478751282,data/obfuscated/p00235/s478751282_bcf_instsub.elf,data/seeds/p00235/p00235_seed.txt
p00235,s478751282,data/obfuscated/p00235/s478751282_fla.elf,data/seeds/p00235/p00235_seed.txt
p00235,s478751282,data/obfuscated/p00235/s478751282_fla_bcf.elf,data/seeds/p00235/p00235_seed.txt
p00235,s478751282,data/obfuscated/p00235/s478751282_fla_bcf_instsub.elf,data/seeds/p00235/p00235_seed.txt
p00235,s478751282,data/obfuscated/p00235/s478751282_fla_instsub.elf,data/seeds/p00235/p00235_seed.txt
p00235,s478751282,data/obfuscated/p00235/s478751282_instsub.elf,data/seeds/p00235/p00235_seed.txt
p00238,s424404775,data/obfuscated/p00238/s424404775_bcf.elf,data/seeds/p00238/p00238_seed.txt
p00238,s424404775,data/obfuscated/p00238/s424404775_bcf_instsub.elf,data/seeds/p00238/p00238_seed.txt
p00238,s424404775,data/obfuscated/p00238/s424404775_fla.elf,data/seeds/p00238/p00238_seed.txt
p00238,s424404775,data/obfuscated/p00238/s424404775_fla_bcf.elf,data/seeds/p00238/p00238_seed.txt
p00238,s424404775,data/obfuscated/p00238/s424404775_fla_bcf_instsub.elf,data/seeds/p00238/p00238_seed.txt
p00238,s424404775,data/obfuscated/p00238/s424404775_fla_instsub.elf,data/seeds/p00238/p00238_seed.txt
p00238,s424404775,data/obfuscated/p00238/s424404775_instsub.elf,data/seeds/p00238/p00238_seed.txt
p00241,s241954296,data/obfuscated/p00241/s241954296_bcf.elf,data/seeds/p00241/p00241_seed.txt
p00241,s241954296,data/obfuscated/p00241/s241954296_bcf_instsub.elf,data/seeds/p00241/p00241_seed.txt
p00241,s241954296,data/obfuscated/p00241/s241954296_fla.elf,data/seeds/p00241/p00241_seed.txt
p00241,s241954296,data/obfuscated/p00241/s241954296_fla_bcf.elf,data/seeds/p00241/p00241_seed.txt
p00241,s241954296,data/obfuscated/p00241/s241954296_fla_bcf_instsub.elf,data/seeds/p00241/p00241_seed.txt
p00241,s241954296,data/obfuscated/p00241/s241954296_fla_instsub.elf,data/seeds/p00241/p00241_seed.txt
p00241,s241954296,data/obfuscated/p00241/s241954296_instsub.elf,data/seeds/p00241/p00241_seed.txt
p00253,s290484179,data/obfuscated/p00253/s290484179_bcf.elf,data/seeds/p00253/p00253_seed.txt
p00253,s290484179,data/obfuscated/p00253/s290484179_bcf_instsub.elf,data/seeds/p00253/p00253_seed.txt
p00253,s290484179,data/obfuscated/p00253/s290484179_fla.elf,data/seeds/p00253/p00253_seed.txt
p00253,s290484179,data/obfuscated/p00253/s290484179_fla_bcf.elf,data/seeds/p00253/p00253_seed.txt
p00253,s290484179,data/obfuscated/p00253/s290484179_fla_bcf_instsub.elf,data/seeds/p00253/p00253_seed.txt
p00253,s290484179,data/obfuscated/p00253/s290484179_fla_instsub.elf,data/seeds/p00253/p00253_seed.txt
p00253,s290484179,data/obfuscated/p00253/s290484179_instsub.elf,data/seeds/p00253/p00253_seed.txt
p00272,s737032661,data/obfuscated/p00272/s737032661_bcf.elf,data/seeds/p00272/p00272_seed.txt
p00272,s737032661,data/obfuscated/p00272/s737032661_bcf_instsub.elf,data/seeds/p00272/p00272_seed.txt
p00272,s737032661,data/obfuscated/p00272/s737032661_fla.elf,data/seeds/p00272/p00272_seed.txt
p00272,s737032661,data/obfuscated/p00272/s737032661_fla_bcf.elf,data/seeds/p00272/p00272_seed.txt
p00272,s737032661,data/obfuscated/p00272/s737032661_fla_bcf_instsub.elf,data/seeds/p00272/p00272_seed.txt
p00272,s737032661,data/obfuscated/p00272/s737032661_fla_instsub.elf,data/seeds/p00272/p00272_seed.txt
p00272,s737032661,data/obfuscated/p00272/s737032661_instsub.elf,data/seeds/p00272/p00272_seed.txt
p00284,s118760076,data/obfuscated/p00284/s118760076_bcf.elf,data/seeds/p00284/p00284_seed.txt
p00284,s118760076,data/obfuscated/p00284/s118760076_bcf_instsub.elf,data/seeds/p00284/p00284_seed.txt
p00284,s118760076,data/obfuscated/p00284/s118760076_fla.elf,data/seeds/p00284/p00284_seed.txt
p00284,s118760076,data/obfuscated/p00284/s118760076_fla_bcf.elf,data/seeds/p00284/p00284_seed.txt
p00284,s118760076,data/obfuscated/p00284/s118760076_fla_bcf_instsub.elf,data/seeds/p00284/p00284_seed.txt
p00284,s118760076,data/obfuscated/p00284/s118760076_fla_instsub.elf,data/seeds/p00284/p00284_seed.txt
p00284,s118760076,data/obfuscated/p00284/s118760076_instsub.elf,data/seeds/p00284/p00284_seed.txt
p00291,s188963353,data/obfuscated/p00291/s188963353_bcf.elf,data/seeds/p00291/p00291_seed.txt
p00291,s188963353,data/obfuscated/p00291/s188963353_bcf_instsub.elf,data/seeds/p00291/p00291_seed.txt
p00291,s188963353,data/obfuscated/p00291/s188963353_fla.elf,data/seeds/p00291/p00291_seed.txt
p00291,s188963353,data/obfuscated/p00291/s188963353_fla_bcf.elf,data/seeds/p00291/p00291_seed.txt
p00291,s188963353,data/obfuscated/p00291/s188963353_fla_bcf_instsub.elf,data/seeds/p00291/p00291_seed.txt
p00291,s188963353,data/obfuscated/p00291/s188963353_fla_instsub.elf,data/seeds/p00291/p00291_seed.txt
p00291,s188963353,data/obfuscated/p00291/s188963353_instsub.elf,data/seeds/p00291/p00291_seed.txt
p00292,s415455628,data/obfuscated/p00292/s415455628_bcf.elf,data/seeds/p00292/p00292_seed.txt
p00292,s415455628,data/obfuscated/p00292/s415455628_bcf_instsub.elf,data/seeds/p00292/p00292_seed.txt
p00292,s415455628,data/obfuscated/p00292/s415455628_fla.elf,data/seeds/p00292/p00292_seed.txt
p00292,s415455628,data/obfuscated/p00292/s415455628_fla_bcf.elf,data/seeds/p00292/p00292_seed.txt
p00292,s415455628,data/obfuscated/p00292/s415455628_fla_bcf_instsub.elf,data/seeds/p00292/p00292_seed.txt
p00292,s415455628,data/obfuscated/p00292/s415455628_fla_instsub.elf,data/seeds/p00292/p00292_seed.txt
p00292,s415455628,data/obfuscated/p00292/s415455628_instsub.elf,data/seeds/p00292/p00292_seed.txt
p00303,s902213044,data/obfuscated/p00303/s902213044_bcf.elf,data/seeds/p00303/p00303_seed.txt
p00303,s902213044,data/obfuscated/p00303/s902213044_bcf_instsub.elf,data/seeds/p00303/p00303_seed.txt
p00303,s902213044,data/obfuscated/p00303/s902213044_fla.elf,data/seeds/p00303/p00303_seed.txt
p00303,s902213044,data/obfuscated/p00303/s902213044_fla_bcf.elf,data/seeds/p00303/p00303_seed.txt
p00303,s902213044,data/obfuscated/p00303/s902213044_fla_bcf_instsub.elf,data/seeds/p00303/p00303_seed.txt
p00303,s902213044,data/obfuscated/p00303/s902213044_fla_instsub.elf,data/seeds/p00303/p00303_seed.txt
p00303,s902213044,data/obfuscated/p00303/s902213044_instsub.elf,data/seeds/p00303/p00303_seed.txt
p00313,s852342213,data/obfuscated/p00313/s852342213_bcf.elf,data/seeds/p00313/p00313_seed.txt
p00313,s852342213,data/obfuscated/p00313/s852342213_bcf_instsub.elf,data/seeds/p00313/p00313_seed.txt
p00313,s852342213,data/obfuscated/p00313/s852342213_fla.elf,data/seeds/p00313/p00313_seed.txt
p00313,s852342213,data/obfuscated/p00313/s852342213_fla_bcf.elf,data/seeds/p00313/p00313_seed.txt
p00313,s852342213,data/obfuscated/p00313/s852342213_fla_bcf_instsub.elf,data/seeds/p00313/p00313_seed.txt
p00313,s852342213,data/obfuscated/p00313/s852342213_fla_instsub.elf,data/seeds/p00313/p00313_seed.txt
p00313,s852342213,data/obfuscated/p00313/s852342213_instsub.elf,data/seeds/p00313/p00313_seed.txt
p00314,s130554924,data/obfuscated/p00314/s130554924_bcf.elf,data/seeds/p00314/p00314_seed.txt
p00314,s130554924,data/obfuscated/p00314/s130554924_bcf_instsub.elf,data/seeds/p00314/p00314_seed.txt
p00314,s130554924,data/obfuscated/p00314/s130554924_fla.elf,data/seeds/p00314/p00314_seed.txt
p00314,s130554924,data/obfuscated/p00314/s130554924_fla_bcf.elf,data/seeds/p00314/p00314_seed.txt
p00314,s130554924,data/obfuscated/p00314/s130554924_fla_bcf_instsub.elf,data/seeds/p00314/p00314_seed.txt
p00314,s130554924,data/obfuscated/p00314/s130554924_fla_instsub.elf,data/seeds/p00314/p00314_seed.txt
p00314,s130554924,data/obfuscated/p00314/s130554924_instsub.elf,data/seeds/p00314/p00314_seed.txt
p00330,s593837769,data/obfuscated/p00330/s593837769_bcf.elf,data/seeds/p00330/p00330_seed.txt
p00330,s593837769,data/obfuscated/p00330/s593837769_bcf_instsub.elf,data/seeds/p00330/p00330_seed.txt
p00330,s593837769,data/obfuscated/p00330/s593837769_fla.elf,data/seeds/p00330/p00330_seed.txt
p00330,s593837769,data/obfuscated/p00330/s593837769_fla_bcf.elf,data/seeds/p00330/p00330_seed.txt
p00330,s593837769,data/obfuscated/p00330/s593837769_fla_bcf_instsub.elf,data/seeds/p00330/p00330_seed.txt
p00330,s593837769,data/obfuscated/p00330/s593837769_fla_instsub.elf,data/seeds/p00330/p00330_seed.txt
p00330,s593837769,data/obfuscated/p00330/s593837769_instsub.elf,data/seeds/p00330/p00330_seed.txt
p00355,s497485517,data/obfuscated/p00355/s497485517_bcf.elf,data/seeds/p00355/p00355_seed.txt
p00355,s497485517,data/obfuscated/p00355/s497485517_bcf_instsub.elf,data/seeds/p00355/p00355_seed.txt
p00355,s497485517,data/obfuscated/p00355/s497485517_fla.elf,data/seeds/p00355/p00355_seed.txt
p00355,s497485517,data/obfuscated/p00355/s497485517_fla_bcf.elf,data/seeds/p00355/p00355_seed.txt
p00355,s497485517,data/obfuscated/p00355/s497485517_fla_bcf_instsub.elf,data/seeds/p00355/p00355_seed.txt
p00355,s497485517,data/obfuscated/p00355/s497485517_fla_instsub.elf,data/seeds/p00355/p00355_seed.txt
p00355,s497485517,data/obfuscated/p00355/s497485517_instsub.elf,data/seeds/p00355/p00355_seed.txt
p00360,s006666623,data/obfuscated/p00360/s006666623_bcf.elf,data/seeds/p00360/p00360_seed.txt
p00360,s006666623,data/obfuscated/p00360/s006666623_bcf_instsub.elf,data/seeds/p00360/p00360_seed.txt
p00360,s006666623,data/obfuscated/p00360/s006666623_fla.elf,data/seeds/p00360/p00360_seed.txt
p00360,s006666623,data/obfuscated/p00360/s006666623_fla_bcf.elf,data/seeds/p00360/p00360_seed.txt
p00360,s006666623,data/obfuscated/p00360/s006666623_fla_bcf_instsub.elf,data/seeds/p00360/p00360_seed.txt
p00360,s006666623,data/obfuscated/p00360/s006666623_fla_instsub.elf,data/seeds/p00360/p00360_seed.txt
p00360,s006666623,data/obfuscated/p00360/s006666623_instsub.elf,data/seeds/p00360/p00360_seed.txt
p00368,s213628550,data/obfuscated/p00368/s213628550_bcf.elf,data/seeds/p00368/p00368_seed.txt
p00368,s213628550,data/obfuscated/p00368/s213628550_bcf_instsub.elf,data/seeds/p00368/p00368_seed.txt
p00368,s213628550,data/obfuscated/p00368/s213628550_fla.elf,data/seeds/p00368/p00368_seed.txt
p00368,s213628550,data/obfuscated/p00368/s213628550_fla_bcf.elf,data/seeds/p00368/p00368_seed.txt
p00368,s213628550,data/obfuscated/p00368/s213628550_fla_bcf_instsub.elf,data/seeds/p00368/p00368_seed.txt
p00368,s213628550,data/obfuscated/p00368/s213628550_fla_instsub.elf,data/seeds/p00368/p00368_seed.txt
p00368,s213628550,data/obfuscated/p00368/s213628550_instsub.elf,data/seeds/p00368/p00368_seed.txt
p00393,s830166475,data/obfuscated/p00393/s830166475_bcf.elf,data/seeds/p00393/p00393_seed.txt
p00393,s830166475,data/obfuscated/p00393/s830166475_bcf_instsub.elf,data/seeds/p00393/p00393_seed.txt
p00393,s830166475,data/obfuscated/p00393/s830166475_fla.elf,data/seeds/p00393/p00393_seed.txt
p00393,s830166475,data/obfuscated/p00393/s830166475_fla_bcf.elf,data/seeds/p00393/p00393_seed.txt
p00393,s830166475,data/obfuscated/p00393/s830166475_fla_bcf_instsub.elf,data/seeds/p00393/p00393_seed.txt
p00393,s830166475,data/obfuscated/p00393/s830166475_fla_instsub.elf,data/seeds/p00393/p00393_seed.txt
p00393,s830166475,data/obfuscated/p00393/s830166475_instsub.elf,data/seeds/p00393/p00393_seed.txt
p00399,s890150915,data/obfuscated/p00399/s890150915_bcf.elf,data/seeds/p00399/p00399_seed.txt
p00399,s890150915,data/obfuscated/p00399/s890150915_bcf_instsub.elf,data/seeds/p00399/p00399_seed.txt
p00399,s890150915,data/obfuscated/p00399/s890150915_fla.elf,data/seeds/p00399/p00399_seed.txt
p00399,s890150915,data/obfuscated/p00399/s890150915_fla_bcf.elf,data/seeds/p00399/p00399_seed.txt
p00399,s890150915,data/obfuscated/p00399/s890150915_fla_bcf_instsub.elf,data/seeds/p00399/p00399_seed.txt
p00399,s890150915,data/obfuscated/p00399/s890150915_fla_instsub.elf,data/seeds/p00399/p00399_seed.txt
p00399,s890150915,data/obfuscated/p00399/s890150915_instsub.elf,data/seeds/p00399/p00399_seed.txt
p00404,s727853895,data/obfuscated/p00404/s727853895_bcf.elf,data/seeds/p00404/p00404_seed.txt
p00404,s727853895,data/obfuscated/p00404/s727853895_bcf_instsub.elf,data/seeds/p00404/p00404_seed.txt
p00404,s727853895,data/obfuscated/p00404/s727853895_fla.elf,data/seeds/p00404/p00404_seed.txt
p00404,s727853895,data/obfuscated/p00404/s727853895_fla_bcf.elf,data/seeds/p00404/p00404_seed.txt
p00404,s727853895,data/obfuscated/p00404/s727853895_fla_bcf_instsub.elf,data/seeds/p00404/p00404_seed.txt
p00404,s727853895,data/obfuscated/p00404/s727853895_fla_instsub.elf,data/seeds/p00404/p00404_seed.txt
p00404,s727853895,data/obfuscated/p00404/s727853895_instsub.elf,data/seeds/p00404/p00404_seed.txt
p00409,s707954509,data/obfuscated/p00409/s707954509_bcf.elf,data/seeds/p00409/p00409_seed.txt
p00409,s707954509,data/obfuscated/p00409/s707954509_bcf_instsub.elf,data/seeds/p00409/p00409_seed.txt
p00409,s707954509,data/obfuscated/p00409/s707954509_fla.elf,data/seeds/p00409/p00409_seed.txt
p00409,s707954509,data/obfuscated/p00409/s707954509_fla_bcf.elf,data/seeds/p00409/p00409_seed.txt
p00409,s707954509,data/obfuscated/p00409/s707954509_fla_bcf_instsub.elf,data/seeds/p00409/p00409_seed.txt
p00409,s707954509,data/obfuscated/p00409/s707954509_fla_instsub.elf,data/seeds/p00409/p00409_seed.txt
p00409,s707954509,data/obfuscated/p00409/s707954509_instsub.elf,data/seeds/p00409/p00409_seed.txt
p00414,s848885429,data/obfuscated/p00414/s848885429_bcf.elf,data/seeds/p00414/p00414_seed.txt
p00414,s848885429,data/obfuscated/p00414/s848885429_bcf_instsub.elf,data/seeds/p00414/p00414_seed.txt
p00414,s848885429,data/obfuscated/p00414/s848885429_fla.elf,data/seeds/p00414/p00414_seed.txt
p00414,s848885429,data/obfuscated/p00414/s848885429_fla_bcf.elf,data/seeds/p00414/p00414_seed.txt
p00414,s848885429,data/obfuscated/p00414/s848885429_fla_bcf_instsub.elf,data/seeds/p00414/p00414_seed.txt
p00414,s848885429,data/obfuscated/p00414/s848885429_fla_instsub.elf,data/seeds/p00414/p00414_seed.txt
p00414,s848885429,data/obfuscated/p00414/s848885429_instsub.elf,data/seeds/p00414/p00414_seed.txt
p00434,s264410829,data/obfuscated/p00434/s264410829_bcf.elf,data/seeds/p00434/p00434_seed.txt
p00434,s264410829,data/obfuscated/p00434/s264410829_bcf_instsub.elf,data/seeds/p00434/p00434_seed.txt
p00434,s264410829,data/obfuscated/p00434/s264410829_fla.elf,data/seeds/p00434/p00434_seed.txt
p00434,s264410829,data/obfuscated/p00434/s264410829_fla_bcf.elf,data/seeds/p00434/p00434_seed.txt
p00434,s264410829,data/obfuscated/p00434/s264410829_fla_bcf_instsub.elf,data/seeds/p00434/p00434_seed.txt
p00434,s264410829,data/obfuscated/p00434/s264410829_fla_instsub.elf,data/seeds/p00434/p00434_seed.txt
p00434,s264410829,data/obfuscated/p00434/s264410829_instsub.elf,data/seeds/p00434/p00434_seed.txt
p00441,s201358209,data/obfuscated/p00441/s201358209_bcf.elf,data/seeds/p00441/p00441_seed.txt
p00441,s201358209,data/obfuscated/p00441/s201358209_bcf_instsub.elf,data/seeds/p00441/p00441_seed.txt
p00441,s201358209,data/obfuscated/p00441/s201358209_fla.elf,data/seeds/p00441/p00441_seed.txt
p00441,s201358209,data/obfuscated/p00441/s201358209_fla_bcf.elf,data/seeds/p00441/p00441_seed.txt
p00441,s201358209,data/obfuscated/p00441/s201358209_fla_bcf_instsub.elf,data/seeds/p00441/p00441_seed.txt
p00441,s201358209,data/obfuscated/p00441/s201358209_fla_instsub.elf,data/seeds/p00441/p00441_seed.txt
p00441,s201358209,data/obfuscated/p00441/s201358209_instsub.elf,data/seeds/p00441/p00441_seed.txt
p00443,s247758563,data/obfuscated/p00443/s247758563_bcf.elf,data/seeds/p00443/p00443_seed.txt
p00443,s247758563,data/obfuscated/p00443/s247758563_bcf_instsub.elf,data/seeds/p00443/p00443_seed.txt
p00443,s247758563,data/obfuscated/p00443/s247758563_fla.elf,data/seeds/p00443/p00443_seed.txt
p00443,s247758563,data/obfuscated/p00443/s247758563_fla_bcf.elf,data/seeds/p00443/p00443_seed.txt
p00443,s247758563,data/obfuscated/p00443/s247758563_fla_bcf_instsub.elf,data/seeds/p00443/p00443_seed.txt
p00443,s247758563,data/obfuscated/p00443/s247758563_fla_instsub.elf,data/seeds/p00443/p00443_seed.txt
p00443,s247758563,data/obfuscated/p00443/s247758563_instsub.elf,data/seeds/p00443/p00443_seed.txt
p00470,s626858734,data/obfuscated/p00470/s626858734_bcf.elf,data/seeds/p00470/p00470_seed.txt
p00470,s626858734,data/obfuscated/p00470/s626858734_bcf_instsub.elf,data/seeds/p00470/p00470_seed.txt
p00470,s626858734,data/obfuscated/p00470/s626858734_fla.elf,data/seeds/p00470/p00470_seed.txt
p00470,s626858734,data/obfuscated/p00470/s626858734_fla_bcf.elf,data/seeds/p00470/p00470_seed.txt
p00470,s626858734,data/obfuscated/p00470/s626858734_fla_bcf_instsub.elf,data/seeds/p00470/p00470_seed.txt
p00470,s626858734,data/obfuscated/p00470/s626858734_fla_instsub.elf,data/seeds/p00470/p00470_seed.txt
p00470,s626858734,data/obfuscated/p00470/s626858734_instsub.elf,data/seeds/p00470/p00470_seed.txt
p00474,s766511669,data/obfuscated/p00474/s766511669_bcf.elf,data/seeds/p00474/p00474_seed.txt
p00474,s766511669,data/obfuscated/p00474/s766511669_bcf_instsub.elf,data/seeds/p00474/p00474_seed.txt
p00474,s766511669,data/obfuscated/p00474/s766511669_fla.elf,data/seeds/p00474/p00474_seed.txt
p00474,s766511669,data/obfuscated/p00474/s766511669_fla_bcf.elf,data/seeds/p00474/p00474_seed.txt
p00474,s766511669,data/obfuscated/p00474/s766511669_fla_bcf_instsub.elf,data/seeds/p00474/p00474_seed.txt
p00474,s766511669,data/obfuscated/p00474/s766511669_fla_instsub.elf,data/seeds/p00474/p00474_seed.txt
p00474,s766511669,data/obfuscated/p00474/s766511669_instsub.elf,data/seeds/p00474/p00474_seed.txt
p00495,s629787318,data/obfuscated/p00495/s629787318_bcf.elf,data/seeds/p00495/p00495_seed.txt
p00495,s629787318,data/obfuscated/p00495/s629787318_bcf_instsub.elf,data/seeds/p00495/p00495_seed.txt
p00495,s629787318,data/obfuscated/p00495/s629787318_fla.elf,data/seeds/p00495/p00495_seed.txt
p00495,s629787318,data/obfuscated/p00495/s629787318_fla_bcf.elf,data/seeds/p00495/p00495_seed.txt
p00495,s629787318,data/obfuscated/p00495/s629787318_fla_bcf_instsub.elf,data/seeds/p00495/p00495_seed.txt
p00495,s629787318,data/obfuscated/p00495/s629787318_fla_instsub.elf,data/seeds/p00495/p00495_seed.txt
p00495,s629787318,data/obfuscated/p00495/s629787318_instsub.elf,data/seeds/p00495/p00495_seed.txt
p00506,s714196325,data/obfuscated/p00506/s714196325_bcf.elf,data/seeds/p00506/p00506_seed.txt
p00506,s714196325,data/obfuscated/p00506/s714196325_bcf_instsub.elf,data/seeds/p00506/p00506_seed.txt
p00506,s714196325,data/obfuscated/p00506/s714196325_fla.elf,data/seeds/p00506/p00506_seed.txt
p00506,s714196325,data/obfuscated/p00506/s714196325_fla_bcf.elf,data/seeds/p00506/p00506_seed.txt
p00506,s714196325,data/obfuscated/p00506/s714196325_fla_bcf_instsub.elf,data/seeds/p00506/p00506_seed.txt
p00506,s714196325,data/obfuscated/p00506/s714196325_fla_instsub.elf,data/seeds/p00506/p00506_seed.txt
p00506,s714196325,data/obfuscated/p00506/s714196325_instsub.elf,data/seeds/p00506/p00506_seed.txt
p00523,s224448187,data/obfuscated/p00523/s224448187_bcf.elf,data/seeds/p00523/p00523_seed.txt
p00523,s224448187,data/obfuscated/p00523/s224448187_bcf_instsub.elf,data/seeds/p00523/p00523_seed.txt
p00523,s224448187,data/obfuscated/p00523/s224448187_fla.elf,data/seeds/p00523/p00523_seed.txt
p00523,s224448187,data/obfuscated/p00523/s224448187_fla_bcf.elf,data/seeds/p00523/p00523_seed.txt
p00523,s224448187,data/obfuscated/p00523/s224448187_fla_bcf_instsub.elf,data/seeds/p00523/p00523_seed.txt
p00523,s224448187,data/obfuscated/p00523/s224448187_fla_instsub.elf,data/seeds/p00523/p00523_seed.txt
p00523,s224448187,data/obfuscated/p00523/s224448187_instsub.elf,data/seeds/p00523/p00523_seed.txt
p00529,s724597907,data/obfuscated/p00529/s724597907_bcf.elf,data/seeds/p00529/p00529_seed.txt
p00529,s724597907,data/obfuscated/p00529/s724597907_bcf_instsub.elf,data/seeds/p00529/p00529_seed.txt
p00529,s724597907,data/obfuscated/p00529/s724597907_fla.elf,data/seeds/p00529/p00529_seed.txt
p00529,s724597907,data/obfuscated/p00529/s724597907_fla_bcf.elf,data/seeds/p00529/p00529_seed.txt
p00529,s724597907,data/obfuscated/p00529/s724597907_fla_bcf_instsub.elf,data/seeds/p00529/p00529_seed.txt
p00529,s724597907,data/obfuscated/p00529/s724597907_fla_instsub.elf,data/seeds/p00529/p00529_seed.txt
p00529,s724597907,data/obfuscated/p00529/s724597907_instsub.elf,data/seeds/p00529/p00529_seed.txt
p00538,s776415841,data/obfuscated/p00538/s776415841_bcf.elf,data/seeds/p00538/p00538_seed.txt
p00538,s776415841,data/obfuscated/p00538/s776415841_bcf_instsub.elf,data/seeds/p00538/p00538_seed.txt
p00538,s776415841,data/obfuscated/p00538/s776415841_fla.elf,data/seeds/p00538/p00538_seed.txt
p00538,s776415841,data/obfuscated/p00538/s776415841_fla_bcf.elf,data/seeds/p00538/p00538_seed.txt
p00538,s776415841,data/obfuscated/p00538/s776415841_fla_bcf_instsub.elf,data/seeds/p00538/p00538_seed.txt
p00538,s776415841,data/obfuscated/p00538/s776415841_fla_instsub.elf,data/seeds/p00538/p00538_seed.txt
p00538,s776415841,data/obfuscated/p00538/s776415841_instsub.elf,data/seeds/p00538/p00538_seed.txt
p00545,s684272136,data/obfuscated/p00545/s684272136_bcf.elf,data/seeds/p00545/p00545_seed.txt
p00545,s684272136,data/obfuscated/p00545/s684272136_bcf_instsub.elf,data/seeds/p00545/p00545_seed.txt
p00545,s684272136,data/obfuscated/p00545/s684272136_fla.elf,data/seeds/p00545/p00545_seed.txt
p00545,s684272136,data/obfuscated/p00545/s684272136_fla_bcf.elf,data/seeds/p00545/p00545_seed.txt
p00545,s684272136,data/obfuscated/p00545/s684272136_fla_bcf_instsub.elf,data/seeds/p00545/p00545_seed.txt
p00545,s684272136,data/obfuscated/p00545/s684272136_fla_instsub.elf,data/seeds/p00545/p00545_seed.txt
p00545,s684272136,data/obfuscated/p00545/s684272136_instsub.elf,data/seeds/p00545/p00545_seed.txt
p00555,s864209995,data/obfuscated/p00555/s864209995_bcf.elf,data/seeds/p00555/p00555_seed.txt
p00555,s864209995,data/obfuscated/p00555/s864209995_bcf_instsub.elf,data/seeds/p00555/p00555_seed.txt
p00555,s864209995,data/obfuscated/p00555/s864209995_fla.elf,data/seeds/p00555/p00555_seed.txt
p00555,s864209995,data/obfuscated/p00555/s864209995_fla_bcf.elf,data/seeds/p00555/p00555_seed.txt
p00555,s864209995,data/obfuscated/p00555/s864209995_fla_bcf_instsub.elf,data/seeds/p00555/p00555_seed.txt
p00555,s864209995,data/obfuscated/p00555/s864209995_fla_instsub.elf,data/seeds/p00555/p00555_seed.txt
p00555,s864209995,data/obfuscated/p00555/s864209995_instsub.elf,data/seeds/p00555/p00555_seed.txt
p00557,s686282362,data/obfuscated/p00557/s686282362_bcf.elf,data/seeds/p00557/p00557_seed.txt
p00557,s686282362,data/obfuscated/p00557/s686282362_bcf_instsub.elf,data/seeds/p00557/p00557_seed.txt
p00557,s686282362,data/obfuscated/p00557/s686282362_fla.elf,data/seeds/p00557/p00557_seed.txt
p00557,s686282362,data/obfuscated/p00557/s686282362_fla_bcf.elf,data/seeds/p00557/p00557_seed.txt
p00557,s686282362,data/obfuscated/p00557/s686282362_fla_bcf_instsub.elf,data/seeds/p00557/p00557_seed.txt
p00557,s686282362,data/obfuscated/p00557/s686282362_fla_instsub.elf,data/seeds/p00557/p00557_seed.txt
p00557,s686282362,data/obfuscated/p00557/s686282362_instsub.elf,data/seeds/p00557/p00557_seed.txt
p00571,s632951192,data/obfuscated/p00571/s632951192_bcf.elf,data/seeds/p00571/p00571_seed.txt
p00571,s632951192,data/obfuscated/p00571/s632951192_bcf_instsub.elf,data/seeds/p00571/p00571_seed.txt
p00571,s632951192,data/obfuscated/p00571/s632951192_fla.elf,data/seeds/p00571/p00571_seed.txt
p00571,s632951192,data/obfuscated/p00571/s632951192_fla_bcf.elf,data/seeds/p00571/p00571_seed.txt
p00571,s632951192,data/obfuscated/p00571/s632951192_fla_bcf_instsub.elf,data/seeds/p00571/p00571_seed.txt
p00571,s632951192,data/obfuscated/p00571/s632951192_fla_instsub.elf,data/seeds/p00571/p00571_seed.txt
p00571,s632951192,data/obfuscated/p00571/s632951192_instsub.elf,data/seeds/p00571/p00571_seed.txt
p00578,s446335375,data/obfuscated/p00578/s446335375_bcf.elf,data/seeds/p00578/p00578_seed.txt
p00578,s446335375,data/obfuscated/p00578/s446335375_bcf_instsub.elf,data/seeds/p00578/p00578_seed.txt
p00578,s446335375,data/obfuscated/p00578/s446335375_fla.elf,data/seeds/p00578/p00578_seed.txt
p00578,s446335375,data/obfuscated/p00578/s446335375_fla_bcf.elf,data/seeds/p00578/p00578_seed.txt
p00578,s446335375,data/obfuscated/p00578/s446335375_fla_bcf_instsub.elf,data/seeds/p00578/p00578_seed.txt
p00578,s446335375,data/obfuscated/p00578/s446335375_fla_instsub.elf,data/seeds/p00578/p00578_seed.txt
p00578,s446335375,data/obfuscated/p00578/s446335375_instsub.elf,data/seeds/p00578/p00578_seed.txt
p00589,s808106643,data/obfuscated/p00589/s808106643_bcf.elf,data/seeds/p00589/p00589_seed.txt
p00589,s808106643,data/obfuscated/p00589/s808106643_bcf_instsub.elf,data/seeds/p00589/p00589_seed.txt
p00589,s808106643,data/obfuscated/p00589/s808106643_fla.elf,data/seeds/p00589/p00589_seed.txt
p00589,s808106643,data/obfuscated/p00589/s808106643_fla_bcf.elf,data/seeds/p00589/p00589_seed.txt
p00589,s808106643,data/obfuscated/p00589/s808106643_fla_bcf_instsub.elf,data/seeds/p00589/p00589_seed.txt
p00589,s808106643,data/obfuscated/p00589/s808106643_fla_instsub.elf,data/seeds/p00589/p00589_seed.txt
p00589,s808106643,data/obfuscated/p00589/s808106643_instsub.elf,data/seeds/p00589/p00589_seed.txt
p00592,s381526101,data/obfuscated/p00592/s381526101_bcf.elf,data/seeds/p00592/p00592_seed.txt
p00592,s381526101,data/obfuscated/p00592/s381526101_bcf_instsub.elf,data/seeds/p00592/p00592_seed.txt
p00592,s381526101,data/obfuscated/p00592/s381526101_fla.elf,data/seeds/p00592/p00592_seed.txt
p00592,s381526101,data/obfuscated/p00592/s381526101_fla_bcf.elf,data/seeds/p00592/p00592_seed.txt
p00592,s381526101,data/obfuscated/p00592/s381526101_fla_bcf_instsub.elf,data/seeds/p00592/p00592_seed.txt
p00592,s381526101,data/obfuscated/p00592/s381526101_fla_instsub.elf,data/seeds/p00592/p00592_seed.txt
p00592,s381526101,data/obfuscated/p00592/s381526101_instsub.elf,data/seeds/p00592/p00592_seed.txt
p00594,s139913712,data/obfuscated/p00594/s139913712_bcf.elf,data/seeds/p00594/p00594_seed.txt
p00594,s139913712,data/obfuscated/p00594/s139913712_bcf_instsub.elf,data/seeds/p00594/p00594_seed.txt
p00594,s139913712,data/obfuscated/p00594/s139913712_fla.elf,data/seeds/p00594/p00594_seed.txt
p00594,s139913712,data/obfuscated/p00594/s139913712_fla_bcf.elf,data/seeds/p00594/p00594_seed.txt
p00594,s139913712,data/obfuscated/p00594/s139913712_fla_bcf_instsub.elf,data/seeds/p00594/p00594_seed.txt
p00594,s139913712,data/obfuscated/p00594/s139913712_fla_instsub.elf,data/seeds/p00594/p00594_seed.txt
p00594,s139913712,data/obfuscated/p00594/s139913712_instsub.elf,data/seeds/p00594/p00594_seed.txt
p00602,s050472706,data/obfuscated/p00602/s050472706_bcf.elf,data/seeds/p00602/p00602_seed.txt
p00602,s050472706,data/obfuscated/p00602/s050472706_bcf_instsub.elf,data/seeds/p00602/p00602_seed.txt
p00602,s050472706,data/obfuscated/p00602/s050472706_fla.elf,data/seeds/p00602/p00602_seed.txt
p00602,s050472706,data/obfuscated/p00602/s050472706_fla_bcf.elf,data/seeds/p00602/p00602_seed.txt
p00602,s050472706,data/obfuscated/p00602/s050472706_fla_bcf_instsub.elf,data/seeds/p00602/p00602_seed.txt
p00602,s050472706,data/obfuscated/p00602/s050472706_fla_instsub.elf,data/seeds/p00602/p00602_seed.txt
p00602,s050472706,data/obfuscated/p00602/s050472706_instsub.elf,data/seeds/p00602/p00602_seed.txt
p00603,s232433044,data/obfuscated/p00603/s232433044_bcf.elf,data/seeds/p00603/p00603_seed.txt
p00603,s232433044,data/obfuscated/p00603/s232433044_bcf_instsub.elf,data/seeds/p00603/p00603_seed.txt
p00603,s232433044,data/obfuscated/p00603/s232433044_fla.elf,data/seeds/p00603/p00603_seed.txt
p00603,s232433044,data/obfuscated/p00603/s232433044_fla_bcf.elf,data/seeds/p00603/p00603_seed.txt
p00603,s232433044,data/obfuscated/p00603/s232433044_fla_bcf_instsub.elf,data/seeds/p00603/p00603_seed.txt
p00603,s232433044,data/obfuscated/p00603/s232433044_fla_instsub.elf,data/seeds/p00603/p00603_seed.txt
p00603,s232433044,data/obfuscated/p00603/s232433044_instsub.elf,data/seeds/p00603/p00603_seed.txt
p00609,s640364591,data/obfuscated/p00609/s640364591_bcf.elf,data/seeds/p00609/p00609_seed.txt
p00609,s640364591,data/obfuscated/p00609/s640364591_bcf_instsub.elf,data/seeds/p00609/p00609_seed.txt
p00609,s640364591,data/obfuscated/p00609/s640364591_fla.elf,data/seeds/p00609/p00609_seed.txt
p00609,s640364591,data/obfuscated/p00609/s640364591_fla_bcf.elf,data/seeds/p00609/p00609_seed.txt
p00609,s640364591,data/obfuscated/p00609/s640364591_fla_bcf_instsub.elf,data/seeds/p00609/p00609_seed.txt
p00609,s640364591,data/obfuscated/p00609/s640364591_fla_instsub.elf,data/seeds/p00609/p00609_seed.txt
p00609,s640364591,data/obfuscated/p00609/s640364591_instsub.elf,data/seeds/p00609/p00609_seed.txt
p00614,s779112353,data/obfuscated/p00614/s779112353_bcf.elf,data/seeds/p00614/p00614_seed.txt
p00614,s779112353,data/obfuscated/p00614/s779112353_bcf_instsub.elf,data/seeds/p00614/p00614_seed.txt
p00614,s779112353,data/obfuscated/p00614/s779112353_fla.elf,data/seeds/p00614/p00614_seed.txt
p00614,s779112353,data/obfuscated/p00614/s779112353_fla_bcf.elf,data/seeds/p00614/p00614_seed.txt
p00614,s779112353,data/obfuscated/p00614/s779112353_fla_bcf_instsub.elf,data/seeds/p00614/p00614_seed.txt
p00614,s779112353,data/obfuscated/p00614/s779112353_fla_instsub.elf,data/seeds/p00614/p00614_seed.txt
p00614,s779112353,data/obfuscated/p00614/s779112353_instsub.elf,data/seeds/p00614/p00614_seed.txt
p00624,s760639333,data/obfuscated/p00624/s760639333_bcf.elf,data/seeds/p00624/p00624_seed.txt
p00624,s760639333,data/obfuscated/p00624/s760639333_bcf_instsub.elf,data/seeds/p00624/p00624_seed.txt
p00624,s760639333,data/obfuscated/p00624/s760639333_fla.elf,data/seeds/p00624/p00624_seed.txt
p00624,s760639333,data/obfuscated/p00624/s760639333_fla_bcf.elf,data/seeds/p00624/p00624_seed.txt
p00624,s760639333,data/obfuscated/p00624/s760639333_fla_bcf_instsub.elf,data/seeds/p00624/p00624_seed.txt
p00624,s760639333,data/obfuscated/p00624/s760639333_fla_instsub.elf,data/seeds/p00624/p00624_seed.txt
p00624,s760639333,data/obfuscated/p00624/s760639333_instsub.elf,data/seeds/p00624/p00624_seed.txt
p00625,s608978015,data/obfuscated/p00625/s608978015_bcf.elf,data/seeds/p00625/p00625_seed.txt
p00625,s608978015,data/obfuscated/p00625/s608978015_bcf_instsub.elf,data/seeds/p00625/p00625_seed.txt
p00625,s608978015,data/obfuscated/p00625/s608978015_fla.elf,data/seeds/p00625/p00625_seed.txt
p00625,s608978015,data/obfuscated/p00625/s608978015_fla_bcf.elf,data/seeds/p00625/p00625_seed.txt
p00625,s608978015,data/obfuscated/p00625/s608978015_fla_bcf_instsub.elf,data/seeds/p00625/p00625_seed.txt
p00625,s608978015,data/obfuscated/p00625/s608978015_fla_instsub.elf,data/seeds/p00625/p00625_seed.txt
p00625,s608978015,data/obfuscated/p00625/s608978015_instsub.elf,data/seeds/p00625/p00625_seed.txt
p00628,s797073215,data/obfuscated/p00628/s797073215_bcf.elf,data/seeds/p00628/p00628_seed.txt
p00628,s797073215,data/obfuscated/p00628/s797073215_bcf_instsub.elf,data/seeds/p00628/p00628_seed.txt
p00628,s797073215,data/obfuscated/p00628/s797073215_fla.elf,data/seeds/p00628/p00628_seed.txt
p00628,s797073215,data/obfuscated/p00628/s797073215_fla_bcf.elf,data/seeds/p00628/p00628_seed.txt
p00628,s797073215,data/obfuscated/p00628/s797073215_fla_bcf_instsub.elf,data/seeds/p00628/p00628_seed.txt
p00628,s797073215,data/obfuscated/p00628/s797073215_fla_instsub.elf,data/seeds/p00628/p00628_seed.txt
p00628,s797073215,data/obfuscated/p00628/s797073215_instsub.elf,data/seeds/p00628/p00628_seed.txt
p00629,s322632797,data/obfuscated/p00629/s322632797_bcf.elf,data/seeds/p00629/p00629_seed.txt
p00629,s322632797,data/obfuscated/p00629/s322632797_bcf_instsub.elf,data/seeds/p00629/p00629_seed.txt
p00629,s322632797,data/obfuscated/p00629/s322632797_fla.elf,data/seeds/p00629/p00629_seed.txt
p00629,s322632797,data/obfuscated/p00629/s322632797_fla_bcf.elf,data/seeds/p00629/p00629_seed.txt
p00629,s322632797,data/obfuscated/p00629/s322632797_fla_bcf_instsub.elf,data/seeds/p00629/p00629_seed.txt
p00629,s322632797,data/obfuscated/p00629/s322632797_fla_instsub.elf,data/seeds/p00629/p00629_seed.txt
p00629,s322632797,data/obfuscated/p00629/s322632797_instsub.elf,data/seeds/p00629/p00629_seed.txt
p00640,s212269736,data/obfuscated/p00640/s212269736_bcf.elf,data/seeds/p00640/p00640_seed.txt
p00640,s212269736,data/obfuscated/p00640/s212269736_bcf_instsub.elf,data/seeds/p00640/p00640_seed.txt
p00640,s212269736,data/obfuscated/p00640/s212269736_fla.elf,data/seeds/p00640/p00640_seed.txt
p00640,s212269736,data/obfuscated/p00640/s212269736_fla_bcf.elf,data/seeds/p00640/p00640_seed.txt
p00640,s212269736,data/obfuscated/p00640/s212269736_fla_bcf_instsub.elf,data/seeds/p00640/p00640_seed.txt
p00640,s212269736,data/obfuscated/p00640/s212269736_fla_instsub.elf,data/seeds/p00640/p00640_seed.txt
p00640,s212269736,data/obfuscated/p00640/s212269736_instsub.elf,data/seeds/p00640/p00640_seed.txt
p00667,s824193201,data/obfuscated/p00667/s824193201_bcf.elf,data/seeds/p00667/p00667_seed.txt
p00667,s824193201,data/obfuscated/p00667/s824193201_bcf_instsub.elf,data/seeds/p00667/p00667_seed.txt
p00667,s824193201,data/obfuscated/p00667/s824193201_fla.elf,data/seeds/p00667/p00667_seed.txt
p00667,s824193201,data/obfuscated/p00667/s824193201_fla_bcf.elf,data/seeds/p00667/p00667_seed.txt
p00667,s824193201,data/obfuscated/p00667/s824193201_fla_bcf_instsub.elf,data/seeds/p00667/p00667_seed.txt
p00667,s824193201,data/obfuscated/p00667/s824193201_fla_instsub.elf,data/seeds/p00667/p00667_seed.txt
p00667,s824193201,data/obfuscated/p00667/s824193201_instsub.elf,data/seeds/p00667/p00667_seed.txt
p00671,s180500470,data/obfuscated/p00671/s180500470_bcf.elf,data/seeds/p00671/p00671_seed.txt
p00671,s180500470,data/obfuscated/p00671/s180500470_bcf_instsub.elf,data/seeds/p00671/p00671_seed.txt
p00671,s180500470,data/obfuscated/p00671/s180500470_fla.elf,data/seeds/p00671/p00671_seed.txt
p00671,s180500470,data/obfuscated/p00671/s180500470_fla_bcf.elf,data/seeds/p00671/p00671_seed.txt
p00671,s180500470,data/obfuscated/p00671/s180500470_fla_bcf_instsub.elf,data/seeds/p00671/p00671_seed.txt
p00671,s180500470,data/obfuscated/p00671/s180500470_fla_instsub.elf,data/seeds/p00671/p00671_seed.txt
p00671,s180500470,data/obfuscated/p00671/s180500470_instsub.elf,data/seeds/p00671/p00671_seed.txt
p00672,s657381439,data/obfuscated/p00672/s657381439_bcf.elf,data/seeds/p00672/p00672_seed.txt
p00672,s657381439,data/obfuscated/p00672/s657381439_bcf_instsub.elf,data/seeds/p00672/p00672_seed.txt
p00672,s657381439,data/obfuscated/p00672/s657381439_fla.elf,data/seeds/p00672/p00672_seed.txt
p00672,s657381439,data/obfuscated/p00672/s657381439_fla_bcf.elf,data/seeds/p00672/p00672_seed.txt
p00672,s657381439,data/obfuscated/p00672/s657381439_fla_bcf_instsub.elf,data/seeds/p00672/p00672_seed.txt
p00672,s657381439,data/obfuscated/p00672/s657381439_fla_instsub.elf,data/seeds/p00672/p00672_seed.txt
p00672,s657381439,data/obfuscated/p00672/s657381439_instsub.elf,data/seeds/p00672/p00672_seed.txt
p00687,s215221386,data/obfuscated/p00687/s215221386_bcf.elf,data/seeds/p00687/p00687_seed.txt
p00687,s215221386,data/obfuscated/p00687/s215221386_bcf_instsub.elf,data/seeds/p00687/p00687_seed.txt
p00687,s215221386,data/obfuscated/p00687/s215221386_fla.elf,data/seeds/p00687/p00687_seed.txt
p00687,s215221386,data/obfuscated/p00687/s215221386_fla_bcf.elf,data/seeds/p00687/p00687_seed.txt
p00687,s215221386,data/obfuscated/p00687/s215221386_fla_bcf_instsub.elf,data/seeds/p00687/p00687_seed.txt
p00687,s215221386,data/obfuscated/p00687/s215221386_fla_instsub.elf,data/seeds/p00687/p00687_seed.txt
p00687,s215221386,data/obfuscated/p00687/s215221386_instsub.elf,data/seeds/p00687/p00687_seed.txt
p00690,s859821803,data/obfuscated/p00690/s859821803_bcf.elf,data/seeds/p00690/p00690_seed.txt
p00690,s859821803,data/obfuscated/p00690/s859821803_bcf_instsub.elf,data/seeds/p00690/p00690_seed.txt
p00690,s859821803,data/obfuscated/p00690/s859821803_fla.elf,data/seeds/p00690/p00690_seed.txt
p00690,s859821803,data/obfuscated/p00690/s859821803_fla_bcf.elf,data/seeds/p00690/p00690_seed.txt
p00690,s859821803,data/obfuscated/p00690/s859821803_fla_bcf_instsub.elf,data/seeds/p00690/p00690_seed.txt
p00690,s859821803,data/obfuscated/p00690/s859821803_fla_instsub.elf,data/seeds/p00690/p00690_seed.txt
p00690,s859821803,data/obfuscated/p00690/s859821803_instsub.elf,data/seeds/p00690/p00690_seed.txt
p00695,s620498714,data/obfuscated/p00695/s620498714_bcf.elf,data/seeds/p00695/p00695_seed.txt
p00695,s620498714,data/obfuscated/p00695/s620498714_bcf_instsub.elf,data/seeds/p00695/p00695_seed.txt
p00695,s620498714,data/obfuscated/p00695/s620498714_fla.elf,data/seeds/p00695/p00695_seed.txt
p00695,s620498714,data/obfuscated/p00695/s620498714_fla_bcf.elf,data/seeds/p00695/p00695_seed.txt
p00695,s620498714,data/obfuscated/p00695/s620498714_fla_bcf_instsub.elf,data/seeds/p00695/p00695_seed.txt
p00695,s620498714,data/obfuscated/p00695/s620498714_fla_instsub.elf,data/seeds/p00695/p00695_seed.txt
p00695,s620498714,data/obfuscated/p00695/s620498714_instsub.elf,data/seeds/p00695/p00695_seed.txt
p00708,s797754666,data/obfuscated/p00708/s797754666_bcf.elf,data/seeds/p00708/p00708_seed.txt
p00708,s797754666,data/obfuscated/p00708/s797754666_bcf_instsub.elf,data/seeds/p00708/p00708_seed.txt
p00708,s797754666,data/obfuscated/p00708/s797754666_fla.elf,data/seeds/p00708/p00708_seed.txt
p00708,s797754666,data/obfuscated/p00708/s797754666_fla_bcf.elf,data/seeds/p00708/p00708_seed.txt
p00708,s797754666,data/obfuscated/p00708/s797754666_fla_bcf_instsub.elf,data/seeds/p00708/p00708_seed.txt
p00708,s797754666,data/obfuscated/p00708/s797754666_fla_instsub.elf,data/seeds/p00708/p00708_seed.txt
p00708,s797754666,data/obfuscated/p00708/s797754666_instsub.elf,data/seeds/p00708/p00708_seed.txt
p00715,s170424500,data/obfuscated/p00715/s170424500_bcf.elf,data/seeds/p00715/p00715_seed.txt
p00715,s170424500,data/obfuscated/p00715/s170424500_bcf_instsub.elf,data/seeds/p00715/p00715_seed.txt
p00715,s170424500,data/obfuscated/p00715/s170424500_fla.elf,data/seeds/p00715/p00715_seed.txt
p00715,s170424500,data/obfuscated/p00715/s170424500_fla_bcf.elf,data/seeds/p00715/p00715_seed.txt
p00715,s170424500,data/obfuscated/p00715/s170424500_fla_bcf_instsub.elf,data/seeds/p00715/p00715_seed.txt
p00715,s170424500,data/obfuscated/p00715/s170424500_fla_instsub.elf,data/seeds/p00715/p00715_seed.txt
p00715,s170424500,data/obfuscated/p00715/s170424500_instsub.elf,data/seeds/p00715/p00715_seed.txt
p00737,s691049015,data/obfuscated/p00737/s691049015_bcf.elf,data/seeds/p00737/p00737_seed.txt
p00737,s691049015,data/obfuscated/p00737/s691049015_bcf_instsub.elf,data/seeds/p00737/p00737_seed.txt
p00737,s691049015,data/obfuscated/p00737/s691049015_fla.elf,data/seeds/p00737/p00737_seed.txt
p00737,s691049015,data/obfuscated/p00737/s691049015_fla_bcf.elf,data/seeds/p00737/p00737_seed.txt
p00737,s691049015,data/obfuscated/p00737/s691049015_fla_bcf_instsub.elf,data/seeds/p00737/p00737_seed.txt
p00737,s691049015,data/obfuscated/p00737/s691049015_fla_instsub.elf,data/seeds/p00737/p00737_seed.txt
p00737,s691049015,data/obfuscated/p00737/s691049015_instsub.elf,data/seeds/p00737/p00737_seed.txt
p00750,s040344759,data/obfuscated/p00750/s040344759_bcf.elf,data/seeds/p00750/p00750_seed.txt
p00750,s040344759,data/obfuscated/p00750/s040344759_bcf_instsub.elf,data/seeds/p00750/p00750_seed.txt
p00750,s040344759,data/obfuscated/p00750/s040344759_fla.elf,data/seeds/p00750/p00750_seed.txt
p00750,s040344759,data/obfuscated/p00750/s040344759_fla_bcf.elf,data/seeds/p00750/p00750_seed.txt
p00750,s040344759,data/obfuscated/p00750/s040344759_fla_bcf_instsub.elf,data/seeds/p00750/p00750_seed.txt
p00750,s040344759,data/obfuscated/p00750/s040344759_fla_instsub.elf,data/seeds/p00750/p00750_seed.txt
p00750,s040344759,data/obfuscated/p00750/s040344759_instsub.elf,data/seeds/p00750/p00750_seed.txt
p00773,s475921898,data/obfuscated/p00773/s475921898_bcf.elf,data/seeds/p00773/p00773_seed.txt
p00773,s475921898,data/obfuscated/p00773/s475921898_bcf_instsub.elf,data/seeds/p00773/p00773_seed.txt
p00773,s475921898,data/obfuscated/p00773/s475921898_fla.elf,data/seeds/p00773/p00773_seed.txt
p00773,s475921898,data/obfuscated/p00773/s475921898_fla_bcf.elf,data/seeds/p00773/p00773_seed.txt
p00773,s475921898,data/obfuscated/p00773/s475921898_fla_bcf_instsub.elf,data/seeds/p00773/p00773_seed.txt
p00773,s475921898,data/obfuscated/p00773/s475921898_fla_instsub.elf,data/seeds/p00773/p00773_seed.txt
p00773,s475921898,data/obfuscated/p00773/s475921898_instsub.elf,data/seeds/p00773/p00773_seed.txt
p00790,s753340381,data/obfuscated/p00790/s753340381_bcf.elf,data/seeds/p00790/p00790_seed.txt
p00790,s753340381,data/obfuscated/p00790/s753340381_bcf_instsub.elf,data/seeds/p00790/p00790_seed.txt
p00790,s753340381,data/obfuscated/p00790/s753340381_fla.elf,data/seeds/p00790/p00790_seed.txt
p00790,s753340381,data/obfuscated/p00790/s753340381_fla_bcf.elf,data/seeds/p00790/p00790_seed.txt
p00790,s753340381,data/obfuscated/p00790/s753340381_fla_bcf_instsub.elf,data/seeds/p00790/p00790_seed.txt
p00790,s753340381,data/obfuscated/p00790/s753340381_fla_instsub.elf,data/seeds/p00790/p00790_seed.txt
p00790,s753340381,data/obfuscated/p00790/s753340381_instsub.elf,data/seeds/p00790/p00790_seed.txt
p00798,s043762061,data/obfuscated/p00798/s043762061_bcf.elf,data/seeds/p00798/p00798_seed.txt
p00798,s043762061,data/obfuscated/p00798/s043762061_bcf_instsub.elf,data/seeds/p00798/p00798_seed.txt
p00798,s043762061,data/obfuscated/p00798/s043762061_fla.elf,data/seeds/p00798/p00798_seed.txt
p00798,s043762061,data/obfuscated/p00798/s043762061_fla_bcf.elf,data/seeds/p00798/p00798_seed.txt
p00798,s043762061,data/obfuscated/p00798/s043762061_fla_bcf_instsub.elf,data/seeds/p00798/p00798_seed.txt
p00798,s043762061,data/obfuscated/p00798/s043762061_fla_instsub.elf,data/seeds/p00798/p00798_seed.txt
p00798,s043762061,data/obfuscated/p00798/s043762061_instsub.elf,data/seeds/p00798/p00798_seed.txt
p00809,s315392342,data/obfuscated/p00809/s315392342_bcf.elf,data/seeds/p00809/p00809_seed.txt
p00809,s315392342,data/obfuscated/p00809/s315392342_bcf_instsub.elf,data/seeds/p00809/p00809_seed.txt
p00809,s315392342,data/obfuscated/p00809/s315392342_fla.elf,data/seeds/p00809/p00809_seed.txt
p00809,s315392342,data/obfuscated/p00809/s315392342_fla_bcf.elf,data/seeds/p00809/p00809_seed.txt
p00809,s315392342,data/obfuscated/p00809/s315392342_fla_bcf_instsub.elf,data/seeds/p00809/p00809_seed.txt
p00809,s315392342,data/obfuscated/p00809/s315392342_fla_instsub.elf,data/seeds/p00809/p00809_seed.txt
p00809,s315392342,data/obfuscated/p00809/s315392342_instsub.elf,data/seeds/p00809/p00809_seed.txt
p00818,s818780493,data/obfuscated/p00818/s818780493_bcf.elf,data/seeds/p00818/p00818_seed.txt
p00818,s818780493,data/obfuscated/p00818/s818780493_bcf_instsub.elf,data/seeds/p00818/p00818_seed.txt
p00818,s818780493,data/obfuscated/p00818/s818780493_fla.elf,data/seeds/p00818/p00818_seed.txt
p00818,s818780493,data/obfuscated/p00818/s818780493_fla_bcf.elf,data/seeds/p00818/p00818_seed.txt
p00818,s818780493,data/obfuscated/p00818/s818780493_fla_bcf_instsub.elf,data/seeds/p00818/p00818_seed.txt
p00818,s818780493,data/obfuscated/p00818/s818780493_fla_instsub.elf,data/seeds/p00818/p00818_seed.txt
p00818,s818780493,data/obfuscated/p00818/s818780493_instsub.elf,data/seeds/p00818/p00818_seed.txt
p00827,s890838253,data/obfuscated/p00827/s890838253_bcf.elf,data/seeds/p00827/p00827_seed.txt
p00827,s890838253,data/obfuscated/p00827/s890838253_bcf_instsub.elf,data/seeds/p00827/p00827_seed.txt
p00827,s890838253,data/obfuscated/p00827/s890838253_fla.elf,data/seeds/p00827/p00827_seed.txt
p00827,s890838253,data/obfuscated/p00827/s890838253_fla_bcf.elf,data/seeds/p00827/p00827_seed.txt
p00827,s890838253,data/obfuscated/p00827/s890838253_fla_bcf_instsub.elf,data/seeds/p00827/p00827_seed.txt
p00827,s890838253,data/obfuscated/p00827/s890838253_fla_instsub.elf,data/seeds/p00827/p00827_seed.txt
p00827,s890838253,data/obfuscated/p00827/s890838253_instsub.elf,data/seeds/p00827/p00827_seed.txt
p00830,s416532650,data/obfuscated/p00830/s416532650_bcf.elf,data/seeds/p00830/p00830_seed.txt
p00830,s416532650,data/obfuscated/p00830/s416532650_bcf_instsub.elf,data/seeds/p00830/p00830_seed.txt
p00830,s416532650,data/obfuscated/p00830/s416532650_fla.elf,data/seeds/p00830/p00830_seed.txt
p00830,s416532650,data/obfuscated/p00830/s416532650_fla_bcf.elf,data/seeds/p00830/p00830_seed.txt
p00830,s416532650,data/obfuscated/p00830/s416532650_fla_bcf_instsub.elf,data/seeds/p00830/p00830_seed.txt
p00830,s416532650,data/obfuscated/p00830/s416532650_fla_instsub.elf,data/seeds/p00830/p00830_seed.txt
p00830,s416532650,data/obfuscated/p00830/s416532650_instsub.elf,data/seeds/p00830/p00830_seed.txt
p00861,s960782657,data/obfuscated/p00861/s960782657_bcf.elf,data/seeds/p00861/p00861_seed.txt
p00861,s960782657,data/obfuscated/p00861/s960782657_bcf_instsub.elf,data/seeds/p00861/p00861_seed.txt
p00861,s960782657,data/obfuscated/p00861/s960782657_fla.elf,data/seeds/p00861/p00861_seed.txt
p00861,s960782657,data/obfuscated/p00861/s960782657_fla_bcf.elf,data/seeds/p00861/p00861_seed.txt
p00861,s960782657,data/obfuscated/p00861/s960782657_fla_bcf_instsub.elf,data/seeds/p00861/p00861_seed.txt
p00861,s960782657,data/obfuscated/p00861/s960782657_fla_instsub.elf,data/seeds/p00861/p00861_seed.txt
p00861,s960782657,data/obfuscated/p00861/s960782657_instsub.elf,data/seeds/p00861/p00861_seed.txt
p00880,s448611687,data/obfuscated/p00880/s448611687_bcf.elf,data/seeds/p00880/p00880_seed.txt
p00880,s448611687,data/obfuscated/p00880/s448611687_bcf_instsub.elf,data/seeds/p00880/p00880_seed.txt
p00880,s448611687,data/obfuscated/p00880/s448611687_fla.elf,data/seeds/p00880/p00880_seed.txt
p00880,s448611687,data/obfuscated/p00880/s448611687_fla_bcf.elf,data/seeds/p00880/p00880_seed.txt
p00880,s448611687,data/obfuscated/p00880/s448611687_fla_bcf_instsub.elf,data/seeds/p00880/p00880_seed.txt
p00880,s448611687,data/obfuscated/p00880/s448611687_fla_instsub.elf,data/seeds/p00880/p00880_seed.txt
p00880,s448611687,data/obfuscated/p00880/s448611687_instsub.elf,data/seeds/p00880/p00880_seed.txt
p00924,s930678486,data/obfuscated/p00924/s930678486_bcf.elf,data/seeds/p00924/p00924_seed.txt
p00924,s930678486,data/obfuscated/p00924/s930678486_bcf_instsub.elf,data/seeds/p00924/p00924_seed.txt
p00924,s930678486,data/obfuscated/p00924/s930678486_fla.elf,data/seeds/p00924/p00924_seed.txt
p00924,s930678486,data/obfuscated/p00924/s930678486_fla_bcf.elf,data/seeds/p00924/p00924_seed.txt
p00924,s930678486,data/obfuscated/p00924/s930678486_fla_bcf_instsub.elf,data/seeds/p00924/p00924_seed.txt
p00924,s930678486,data/obfuscated/p00924/s930678486_fla_instsub.elf,data/seeds/p00924/p00924_seed.txt
p00924,s930678486,data/obfuscated/p00924/s930678486_instsub.elf,data/seeds/p00924/p00924_seed.txt
p00925,s022209310,data/obfuscated/p00925/s022209310_bcf.elf,data/seeds/p00925/p00925_seed.txt
p00925,s022209310,data/obfuscated/p00925/s022209310_bcf_instsub.elf,data/seeds/p00925/p00925_seed.txt
p00925,s022209310,data/obfuscated/p00925/s022209310_fla.elf,data/seeds/p00925/p00925_seed.txt
p00925,s022209310,data/obfuscated/p00925/s022209310_fla_bcf.elf,data/seeds/p00925/p00925_seed.txt
p00925,s022209310,data/obfuscated/p00925/s022209310_fla_bcf_instsub.elf,data/seeds/p00925/p00925_seed.txt
p00925,s022209310,data/obfuscated/p00925/s022209310_fla_instsub.elf,data/seeds/p00925/p00925_seed.txt
p00925,s022209310,data/obfuscated/p00925/s022209310_instsub.elf,data/seeds/p00925/p00925_seed.txt
p00935,s311034299,data/obfuscated/p00935/s311034299_bcf.elf,data/seeds/p00935/p00935_seed.txt
p00935,s311034299,data/obfuscated/p00935/s311034299_bcf_instsub.elf,data/seeds/p00935/p00935_seed.txt
p00935,s311034299,data/obfuscated/p00935/s311034299_fla.elf,data/seeds/p00935/p00935_seed.txt
p00935,s311034299,data/obfuscated/p00935/s311034299_fla_bcf.elf,data/seeds/p00935/p00935_seed.txt
p00935,s311034299,data/obfuscated/p00935/s311034299_fla_bcf_instsub.elf,data/seeds/p00935/p00935_seed.txt
p00935,s311034299,data/obfuscated/p00935/s311034299_fla_instsub.elf,data/seeds/p00935/p00935_seed.txt
p00935,s311034299,data/obfuscated/p00935/s311034299_instsub.elf,data/seeds/p00935/p00935_seed.txt
p00963,s162136896,data/obfuscated/p00963/s162136896_bcf.elf,data/seeds/p00963/p00963_seed.txt
p00963,s162136896,data/obfuscated/p00963/s162136896_bcf_instsub.elf,data/seeds/p00963/p00963_seed.txt
p00963,s162136896,data/obfuscated/p00963/s162136896_fla.elf,data/seeds/p00963/p00963_seed.txt
p00963,s162136896,data/obfuscated/p00963/s162136896_fla_bcf.elf,data/seeds/p00963/p00963_seed.txt
p00963,s162136896,data/obfuscated/p00963/s162136896_fla_bcf_instsub.elf,data/seeds/p00963/p00963_seed.txt
p00963,s162136896,data/obfuscated/p00963/s162136896_fla_instsub.elf,data/seeds/p00963/p00963_seed.txt
p00963,s162136896,data/obfuscated/p00963/s162136896_instsub.elf,data/seeds/p00963/p00963_seed.txt
p00968,s128829496,data/obfuscated/p00968/s128829496_bcf.elf,data/seeds/p00968/p00968_seed.txt
p00968,s128829496,data/obfuscated/p00968/s128829496_bcf_instsub.elf,data/seeds/p00968/p00968_seed.txt
p00968,s128829496,data/obfuscated/p00968/s128829496_fla.elf,data/seeds/p00968/p00968_seed.txt
p00968,s128829496,data/obfuscated/p00968/s128829496_fla_bcf.elf,data/seeds/p00968/p00968_seed.txt
p00968,s128829496,data/obfuscated/p00968/s128829496_fla_bcf_instsub.elf,data/seeds/p00968/p00968_seed.txt
p00968,s128829496,data/obfuscated/p00968/s128829496_fla_instsub.elf,data/seeds/p00968/p00968_seed.txt
p00968,s128829496,data/obfuscated/p00968/s128829496_instsub.elf,data/seeds/p00968/p00968_seed.txt
p00998,s059115605,data/obfuscated/p00998/s059115605_bcf.elf,data/seeds/p00998/p00998_seed.txt
p00998,s059115605,data/obfuscated/p00998/s059115605_bcf_instsub.elf,data/seeds/p00998/p00998_seed.txt
p00998,s059115605,data/obfuscated/p00998/s059115605_fla.elf,data/seeds/p00998/p00998_seed.txt
p00998,s059115605,data/obfuscated/p00998/s059115605_fla_bcf.elf,data/seeds/p00998/p00998_seed.txt
p00998,s059115605,data/obfuscated/p00998/s059115605_fla_bcf_instsub.elf,data/seeds/p00998/p00998_seed.txt
p00998,s059115605,data/obfuscated/p00998/s059115605_fla_instsub.elf,data/seeds/p00998/p00998_seed.txt
p00998,s059115605,data/obfuscated/p00998/s059115605_instsub.elf,data/seeds/p00998/p00998_seed.txt
p01008,s098957797,data/obfuscated/p01008/s098957797_bcf.elf,data/seeds/p01008/p01008_seed.txt
p01008,s098957797,data/obfuscated/p01008/s098957797_bcf_instsub.elf,data/seeds/p01008/p01008_seed.txt
p01008,s098957797,data/obfuscated/p01008/s098957797_fla.elf,data/seeds/p01008/p01008_seed.txt
p01008,s098957797,data/obfuscated/p01008/s098957797_fla_bcf.elf,data/seeds/p01008/p01008_seed.txt
p01008,s098957797,data/obfuscated/p01008/s098957797_fla_bcf_instsub.elf,data/seeds/p01008/p01008_seed.txt
p01008,s098957797,data/obfuscated/p01008/s098957797_fla_instsub.elf,data/seeds/p01008/p01008_seed.txt
p01008,s098957797,data/obfuscated/p01008/s098957797_instsub.elf,data/seeds/p01008/p01008_seed.txt
p01030,s165588383,data/obfuscated/p01030/s165588383_bcf.elf,data/seeds/p01030/p01030_seed.txt
p01030,s165588383,data/obfuscated/p01030/s165588383_bcf_instsub.elf,data/seeds/p01030/p01030_seed.txt
p01030,s165588383,data/obfuscated/p01030/s165588383_fla.elf,data/seeds/p01030/p01030_seed.txt
p01030,s165588383,data/obfuscated/p01030/s165588383_fla_bcf.elf,data/seeds/p01030/p01030_seed.txt
p01030,s165588383,data/obfuscated/p01030/s165588383_fla_bcf_instsub.elf,data/seeds/p01030/p01030_seed.txt
p01030,s165588383,data/obfuscated/p01030/s165588383_fla_instsub.elf,data/seeds/p01030/p01030_seed.txt
p01030,s165588383,data/obfuscated/p01030/s165588383_instsub.elf,data/seeds/p01030/p01030_seed.txt
p01054,s490568092,data/obfuscated/p01054/s490568092_bcf.elf,data/seeds/p01054/p01054_seed.txt
p01054,s490568092,data/obfuscated/p01054/s490568092_bcf_instsub.elf,data/seeds/p01054/p01054_seed.txt
p01054,s490568092,data/obfuscated/p01054/s490568092_fla.elf,data/seeds/p01054/p01054_seed.txt
p01054,s490568092,data/obfuscated/p01054/s490568092_fla_bcf.elf,data/seeds/p01054/p01054_seed.txt
p01054,s490568092,data/obfuscated/p01054/s490568092_fla_bcf_instsub.elf,data/seeds/p01054/p01054_seed.txt
p01054,s490568092,data/obfuscated/p01054/s490568092_fla_instsub.elf,data/seeds/p01054/p01054_seed.txt
p01054,s490568092,data/obfuscated/p01054/s490568092_instsub.elf,data/seeds/p01054/p01054_seed.txt
p01072,s230147177,data/obfuscated/p01072/s230147177_bcf.elf,data/seeds/p01072/p01072_seed.txt
p01072,s230147177,data/obfuscated/p01072/s230147177_bcf_instsub.elf,data/seeds/p01072/p01072_seed.txt
p01072,s230147177,data/obfuscated/p01072/s230147177_fla.elf,data/seeds/p01072/p01072_seed.txt
p01072,s230147177,data/obfuscated/p01072/s230147177_fla_bcf.elf,data/seeds/p01072/p01072_seed.txt
p01072,s230147177,data/obfuscated/p01072/s230147177_fla_bcf_instsub.elf,data/seeds/p01072/p01072_seed.txt
p01072,s230147177,data/obfuscated/p01072/s230147177_fla_instsub.elf,data/seeds/p01072/p01072_seed.txt
p01072,s230147177,data/obfuscated/p01072/s230147177_instsub.elf,data/seeds/p01072/p01072_seed.txt
p01101,s704189454,data/obfuscated/p01101/s704189454_bcf.elf,data/seeds/p01101/p01101_seed.txt
p01101,s704189454,data/obfuscated/p01101/s704189454_bcf_instsub.elf,data/seeds/p01101/p01101_seed.txt
p01101,s704189454,data/obfuscated/p01101/s704189454_fla.elf,data/seeds/p01101/p01101_seed.txt
p01101,s704189454,data/obfuscated/p01101/s704189454_fla_bcf.elf,data/seeds/p01101/p01101_seed.txt
p01101,s704189454,data/obfuscated/p01101/s704189454_fla_bcf_instsub.elf,data/seeds/p01101/p01101_seed.txt
p01101,s704189454,data/obfuscated/p01101/s704189454_fla_instsub.elf,data/seeds/p01101/p01101_seed.txt
p01101,s704189454,data/obfuscated/p01101/s704189454_instsub.elf,data/seeds/p01101/p01101_seed.txt
p01133,s627541300,data/obfuscated/p01133/s627541300_bcf.elf,data/seeds/p01133/p01133_seed.txt
p01133,s627541300,data/obfuscated/p01133/s627541300_bcf_instsub.elf,data/seeds/p01133/p01133_seed.txt
p01133,s627541300,data/obfuscated/p01133/s627541300_fla.elf,data/seeds/p01133/p01133_seed.txt
p01133,s627541300,data/obfuscated/p01133/s627541300_fla_bcf.elf,data/seeds/p01133/p01133_seed.txt
p01133,s627541300,data/obfuscated/p01133/s627541300_fla_bcf_instsub.elf,data/seeds/p01133/p01133_seed.txt
p01133,s627541300,data/obfuscated/p01133/s627541300_fla_instsub.elf,data/seeds/p01133/p01133_seed.txt
p01133,s627541300,data/obfuscated/p01133/s627541300_instsub.elf,data/seeds/p01133/p01133_seed.txt
p01163,s555494380,data/obfuscated/p01163/s555494380_bcf.elf,data/seeds/p01163/p01163_seed.txt
p01163,s555494380,data/obfuscated/p01163/s555494380_bcf_instsub.elf,data/seeds/p01163/p01163_seed.txt
p01163,s555494380,data/obfuscated/p01163/s555494380_fla.elf,data/seeds/p01163/p01163_seed.txt
p01163,s555494380,data/obfuscated/p01163/s555494380_fla_bcf.elf,data/seeds/p01163/p01163_seed.txt
p01163,s555494380,data/obfuscated/p01163/s555494380_fla_bcf_instsub.elf,data/seeds/p01163/p01163_seed.txt
p01163,s555494380,data/obfuscated/p01163/s555494380_fla_instsub.elf,data/seeds/p01163/p01163_seed.txt
p01163,s555494380,data/obfuscated/p01163/s555494380_instsub.elf,data/seeds/p01163/p01163_seed.txt
p01209,s504788235,data/obfuscated/p01209/s504788235_bcf.elf,data/seeds/p01209/p01209_seed.txt
p01209,s504788235,data/obfuscated/p01209/s504788235_bcf_instsub.elf,data/seeds/p01209/p01209_seed.txt
p01209,s504788235,data/obfuscated/p01209/s504788235_fla.elf,data/seeds/p01209/p01209_seed.txt
p01209,s504788235,data/obfuscated/p01209/s504788235_fla_bcf.elf,data/seeds/p01209/p01209_seed.txt
p01209,s504788235,data/obfuscated/p01209/s504788235_fla_bcf_instsub.elf,data/seeds/p01209/p01209_seed.txt
p01209,s504788235,data/obfuscated/p01209/s504788235_fla_instsub.elf,data/seeds/p01209/p01209_seed.txt
p01209,s504788235,data/obfuscated/p01209/s504788235_instsub.elf,data/seeds/p01209/p01209_seed.txt
p01224,s511653146,data/obfuscated/p01224/s511653146_bcf.elf,data/seeds/p01224/p01224_seed.txt
p01224,s511653146,data/obfuscated/p01224/s511653146_bcf_instsub.elf,data/seeds/p01224/p01224_seed.txt
p01224,s511653146,data/obfuscated/p01224/s511653146_fla.elf,data/seeds/p01224/p01224_seed.txt
p01224,s511653146,data/obfuscated/p01224/s511653146_fla_bcf.elf,data/seeds/p01224/p01224_seed.txt
p01224,s511653146,data/obfuscated/p01224/s511653146_fla_bcf_instsub.elf,data/seeds/p01224/p01224_seed.txt
p01224,s511653146,data/obfuscated/p01224/s511653146_fla_instsub.elf,data/seeds/p01224/p01224_seed.txt
p01224,s511653146,data/obfuscated/p01224/s511653146_instsub.elf,data/seeds/p01224/p01224_seed.txt
p01268,s377175975,data/obfuscated/p01268/s377175975_bcf.elf,data/seeds/p01268/p01268_seed.txt
p01268,s377175975,data/obfuscated/p01268/s377175975_bcf_instsub.elf,data/seeds/p01268/p01268_seed.txt
p01268,s377175975,data/obfuscated/p01268/s377175975_fla.elf,data/seeds/p01268/p01268_seed.txt
p01268,s377175975,data/obfuscated/p01268/s377175975_fla_bcf.elf,data/seeds/p01268/p01268_seed.txt
p01268,s377175975,data/obfuscated/p01268/s377175975_fla_bcf_instsub.elf,data/seeds/p01268/p01268_seed.txt
p01268,s377175975,data/obfuscated/p01268/s377175975_fla_instsub.elf,data/seeds/p01268/p01268_seed.txt
p01268,s377175975,data/obfuscated/p01268/s377175975_instsub.elf,data/seeds/p01268/p01268_seed.txt
p01308,s996195452,data/obfuscated/p01308/s996195452_bcf.elf,data/seeds/p01308/p01308_seed.txt
p01308,s996195452,data/obfuscated/p01308/s996195452_bcf_instsub.elf,data/seeds/p01308/p01308_seed.txt
p01308,s996195452,data/obfuscated/p01308/s996195452_fla.elf,data/seeds/p01308/p01308_seed.txt
p01308,s996195452,data/obfuscated/p01308/s996195452_fla_bcf.elf,data/seeds/p01308/p01308_seed.txt
p01308,s996195452,data/obfuscated/p01308/s996195452_fla_bcf_instsub.elf,data/seeds/p01308/p01308_seed.txt
p01308,s996195452,data/obfuscated/p01308/s996195452_fla_instsub.elf,data/seeds/p01308/p01308_seed.txt
p01308,s996195452,data/obfuscated/p01308/s996195452_instsub.elf,data/seeds/p01308/p01308_seed.txt
p01313,s749985975,data/obfuscated/p01313/s749985975_bcf.elf,data/seeds/p01313/p01313_seed.txt
p01313,s749985975,data/obfuscated/p01313/s749985975_bcf_instsub.elf,data/seeds/p01313/p01313_seed.txt
p01313,s749985975,data/obfuscated/p01313/s749985975_fla.elf,data/seeds/p01313/p01313_seed.txt
p01313,s749985975,data/obfuscated/p01313/s749985975_fla_bcf.elf,data/seeds/p01313/p01313_seed.txt
p01313,s749985975,data/obfuscated/p01313/s749985975_fla_bcf_instsub.elf,data/seeds/p01313/p01313_seed.txt
p01313,s749985975,data/obfuscated/p01313/s749985975_fla_instsub.elf,data/seeds/p01313/p01313_seed.txt
p01313,s749985975,data/obfuscated/p01313/s749985975_instsub.elf,data/seeds/p01313/p01313_seed.txt
p01315,s630589259,data/obfuscated/p01315/s630589259_bcf.elf,data/seeds/p01315/p01315_seed.txt
p01315,s630589259,data/obfuscated/p01315/s630589259_bcf_instsub.elf,data/seeds/p01315/p01315_seed.txt
p01315,s630589259,data/obfuscated/p01315/s630589259_fla.elf,data/seeds/p01315/p01315_seed.txt
p01315,s630589259,data/obfuscated/p01315/s630589259_fla_bcf.elf,data/seeds/p01315/p01315_seed.txt
p01315,s630589259,data/obfuscated/p01315/s630589259_fla_bcf_instsub.elf,data/seeds/p01315/p01315_seed.txt
p01315,s630589259,data/obfuscated/p01315/s630589259_fla_instsub.elf,data/seeds/p01315/p01315_seed.txt
p01315,s630589259,data/obfuscated/p01315/s630589259_instsub.elf,data/seeds/p01315/p01315_seed.txt
p01334,s614746732,data/obfuscated/p01334/s614746732_bcf.elf,data/seeds/p01334/p01334_seed.txt
p01334,s614746732,data/obfuscated/p01334/s614746732_bcf_instsub.elf,data/seeds/p01334/p01334_seed.txt
p01334,s614746732,data/obfuscated/p01334/s614746732_fla.elf,data/seeds/p01334/p01334_seed.txt
p01334,s614746732,data/obfuscated/p01334/s614746732_fla_bcf.elf,data/seeds/p01334/p01334_seed.txt
p01334,s614746732,data/obfuscated/p01334/s614746732_fla_bcf_instsub.elf,data/seeds/p01334/p01334_seed.txt
p01334,s614746732,data/obfuscated/p01334/s614746732_fla_instsub.elf,data/seeds/p01334/p01334_seed.txt
p01334,s614746732,data/obfuscated/p01334/s614746732_instsub.elf,data/seeds/p01334/p01334_seed.txt
p01340,s733154730,data/obfuscated/p01340/s733154730_bcf.elf,data/seeds/p01340/p01340_seed.txt
p01340,s733154730,data/obfuscated/p01340/s733154730_bcf_instsub.elf,data/seeds/p01340/p01340_seed.txt
p01340,s733154730,data/obfuscated/p01340/s733154730_fla.elf,data/seeds/p01340/p01340_seed.txt
p01340,s733154730,data/obfuscated/p01340/s733154730_fla_bcf.elf,data/seeds/p01340/p01340_seed.txt
p01340,s733154730,data/obfuscated/p01340/s733154730_fla_bcf_instsub.elf,data/seeds/p01340/p01340_seed.txt
p01340,s733154730,data/obfuscated/p01340/s733154730_fla_instsub.elf,data/seeds/p01340/p01340_seed.txt
p01340,s733154730,data/obfuscated/p01340/s733154730_instsub.elf,data/seeds/p01340/p01340_seed.txt
p01349,s263305552,data/obfuscated/p01349/s263305552_bcf.elf,data/seeds/p01349/p01349_seed.txt
p01349,s263305552,data/obfuscated/p01349/s263305552_bcf_instsub.elf,data/seeds/p01349/p01349_seed.txt
p01349,s263305552,data/obfuscated/p01349/s263305552_fla.elf,data/seeds/p01349/p01349_seed.txt
p01349,s263305552,data/obfuscated/p01349/s263305552_fla_bcf.elf,data/seeds/p01349/p01349_seed.txt
p01349,s263305552,data/obfuscated/p01349/s263305552_fla_bcf_instsub.elf,data/seeds/p01349/p01349_seed.txt
p01349,s263305552,data/obfuscated/p01349/s263305552_fla_instsub.elf,data/seeds/p01349/p01349_seed.txt
p01349,s263305552,data/obfuscated/p01349/s263305552_instsub.elf,data/seeds/p01349/p01349_seed.txt
p01360,s272273816,data/obfuscated/p01360/s272273816_bcf.elf,data/seeds/p01360/p01360_seed.txt
p01360,s272273816,data/obfuscated/p01360/s272273816_bcf_instsub.elf,data/seeds/p01360/p01360_seed.txt
p01360,s272273816,data/obfuscated/p01360/s272273816_fla.elf,data/seeds/p01360/p01360_seed.txt
p01360,s272273816,data/obfuscated/p01360/s272273816_fla_bcf.elf,data/seeds/p01360/p01360_seed.txt
p01360,s272273816,data/obfuscated/p01360/s272273816_fla_bcf_instsub.elf,data/seeds/p01360/p01360_seed.txt
p01360,s272273816,data/obfuscated/p01360/s272273816_fla_instsub.elf,data/seeds/p01360/p01360_seed.txt
p01360,s272273816,data/obfuscated/p01360/s272273816_instsub.elf,data/seeds/p01360/p01360_seed.txt
p01362,s647032807,data/obfuscated/p01362/s647032807_bcf.elf,data/seeds/p01362/p01362_seed.txt
p01362,s647032807,data/obfuscated/p01362/s647032807_bcf_instsub.elf,data/seeds/p01362/p01362_seed.txt
p01362,s647032807,data/obfuscated/p01362/s647032807_fla.elf,data/seeds/p01362/p01362_seed.txt
p01362,s647032807,data/obfuscated/p01362/s647032807_fla_bcf.elf,data/seeds/p01362/p01362_seed.txt
p01362,s647032807,data/obfuscated/p01362/s647032807_fla_bcf_instsub.elf,data/seeds/p01362/p01362_seed.txt
p01362,s647032807,data/obfuscated/p01362/s647032807_fla_instsub.elf,data/seeds/p01362/p01362_seed.txt
p01362,s647032807,data/obfuscated/p01362/s647032807_instsub.elf,data/seeds/p01362/p01362_seed.txt
p01388,s063131303,data/obfuscated/p01388/s063131303_bcf.elf,data/seeds/p01388/p01388_seed.txt
p01388,s063131303,data/obfuscated/p01388/s063131303_bcf_instsub.elf,data/seeds/p01388/p01388_seed.txt
p01388,s063131303,data/obfuscated/p01388/s063131303_fla.elf,data/seeds/p01388/p01388_seed.txt
p01388,s063131303,data/obfuscated/p01388/s063131303_fla_bcf.elf,data/seeds/p01388/p01388_seed.txt
p01388,s063131303,data/obfuscated/p01388/s063131303_fla_bcf_instsub.elf,data/seeds/p01388/p01388_seed.txt
p01388,s063131303,data/obfuscated/p01388/s063131303_fla_instsub.elf,data/seeds/p01388/p01388_seed.txt
p01388,s063131303,data/obfuscated/p01388/s063131303_instsub.elf,data/seeds/p01388/p01388_seed.txt
p01412,s914278635,data/obfuscated/p01412/s914278635_bcf.elf,data/seeds/p01412/p01412_seed.txt
p01412,s914278635,data/obfuscated/p01412/s914278635_bcf_instsub.elf,data/seeds/p01412/p01412_seed.txt
p01412,s914278635,data/obfuscated/p01412/s914278635_fla.elf,data/seeds/p01412/p01412_seed.txt
p01412,s914278635,data/obfuscated/p01412/s914278635_fla_bcf.elf,data/seeds/p01412/p01412_seed.txt
p01412,s914278635,data/obfuscated/p01412/s914278635_fla_bcf_instsub.elf,data/seeds/p01412/p01412_seed.txt
p01412,s914278635,data/obfuscated/p01412/s914278635_fla_instsub.elf,data/seeds/p01412/p01412_seed.txt
p01412,s914278635,data/obfuscated/p01412/s914278635_instsub.elf,data/seeds/p01412/p01412_seed.txt
p01415,s248769728,data/obfuscated/p01415/s248769728_bcf.elf,data/seeds/p01415/p01415_seed.txt
p01415,s248769728,data/obfuscated/p01415/s248769728_bcf_instsub.elf,data/seeds/p01415/p01415_seed.txt
p01415,s248769728,data/obfuscated/p01415/s248769728_fla.elf,data/seeds/p01415/p01415_seed.txt
p01415,s248769728,data/obfuscated/p01415/s248769728_fla_bcf.elf,data/seeds/p01415/p01415_seed.txt
p01415,s248769728,data/obfuscated/p01415/s248769728_fla_bcf_instsub.elf,data/seeds/p01415/p01415_seed.txt
p01415,s248769728,data/obfuscated/p01415/s248769728_fla_instsub.elf,data/seeds/p01415/p01415_seed.txt
p01415,s248769728,data/obfuscated/p01415/s248769728_instsub.elf,data/seeds/p01415/p01415_seed.txt
p01478,s273640000,data/obfuscated/p01478/s273640000_bcf.elf,data/seeds/p01478/p01478_seed.txt
p01478,s273640000,data/obfuscated/p01478/s273640000_bcf_instsub.elf,data/seeds/p01478/p01478_seed.txt
p01478,s273640000,data/obfuscated/p01478/s273640000_fla.elf,data/seeds/p01478/p01478_seed.txt
p01478,s273640000,data/obfuscated/p01478/s273640000_fla_bcf.elf,data/seeds/p01478/p01478_seed.txt
p01478,s273640000,data/obfuscated/p01478/s273640000_fla_bcf_instsub.elf,data/seeds/p01478/p01478_seed.txt
p01478,s273640000,data/obfuscated/p01478/s273640000_fla_instsub.elf,data/seeds/p01478/p01478_seed.txt
p01478,s273640000,data/obfuscated/p01478/s273640000_instsub.elf,data/seeds/p01478/p01478_seed.txt
p01523,s364795500,data/obfuscated/p01523/s364795500_bcf.elf,data/seeds/p01523/p01523_seed.txt
p01523,s364795500,data/obfuscated/p01523/s364795500_bcf_instsub.elf,data/seeds/p01523/p01523_seed.txt
p01523,s364795500,data/obfuscated/p01523/s364795500_fla.elf,data/seeds/p01523/p01523_seed.txt
p01523,s364795500,data/obfuscated/p01523/s364795500_fla_bcf.elf,data/seeds/p01523/p01523_seed.txt
p01523,s364795500,data/obfuscated/p01523/s364795500_fla_bcf_instsub.elf,data/seeds/p01523/p01523_seed.txt
p01523,s364795500,data/obfuscated/p01523/s364795500_fla_instsub.elf,data/seeds/p01523/p01523_seed.txt
p01523,s364795500,data/obfuscated/p01523/s364795500_instsub.elf,data/seeds/p01523/p01523_seed.txt
p01536,s477078312,data/obfuscated/p01536/s477078312_bcf.elf,data/seeds/p01536/p01536_seed.txt
p01536,s477078312,data/obfuscated/p01536/s477078312_bcf_instsub.elf,data/seeds/p01536/p01536_seed.txt
p01536,s477078312,data/obfuscated/p01536/s477078312_fla.elf,data/seeds/p01536/p01536_seed.txt
p01536,s477078312,data/obfuscated/p01536/s477078312_fla_bcf.elf,data/seeds/p01536/p01536_seed.txt
p01536,s477078312,data/obfuscated/p01536/s477078312_fla_bcf_instsub.elf,data/seeds/p01536/p01536_seed.txt
p01536,s477078312,data/obfuscated/p01536/s477078312_fla_instsub.elf,data/seeds/p01536/p01536_seed.txt
p01536,s477078312,data/obfuscated/p01536/s477078312_instsub.elf,data/seeds/p01536/p01536_seed.txt
p01552,s116110150,data/obfuscated/p01552/s116110150_bcf.elf,data/seeds/p01552/p01552_seed.txt
p01552,s116110150,data/obfuscated/p01552/s116110150_bcf_instsub.elf,data/seeds/p01552/p01552_seed.txt
p01552,s116110150,data/obfuscated/p01552/s116110150_fla.elf,data/seeds/p01552/p01552_seed.txt
p01552,s116110150,data/obfuscated/p01552/s116110150_fla_bcf.elf,data/seeds/p01552/p01552_seed.txt
p01552,s116110150,data/obfuscated/p01552/s116110150_fla_bcf_instsub.elf,data/seeds/p01552/p01552_seed.txt
p01552,s116110150,data/obfuscated/p01552/s116110150_fla_instsub.elf,data/seeds/p01552/p01552_seed.txt
p01552,s116110150,data/obfuscated/p01552/s116110150_instsub.elf,data/seeds/p01552/p01552_seed.txt
p01579,s277671377,data/obfuscated/p01579/s277671377_bcf.elf,data/seeds/p01579/p01579_seed.txt
p01579,s277671377,data/obfuscated/p01579/s277671377_bcf_instsub.elf,data/seeds/p01579/p01579_seed.txt
p01579,s277671377,data/obfuscated/p01579/s277671377_fla.elf,data/seeds/p01579/p01579_seed.txt
p01579,s277671377,data/obfuscated/p01579/s277671377_fla_bcf.elf,data/seeds/p01579/p01579_seed.txt
p01579,s277671377,data/obfuscated/p01579/s277671377_fla_bcf_instsub.elf,data/seeds/p01579/p01579_seed.txt
p01579,s277671377,data/obfuscated/p01579/s277671377_fla_instsub.elf,data/seeds/p01579/p01579_seed.txt
p01579,s277671377,data/obfuscated/p01579/s277671377_instsub.elf,data/seeds/p01579/p01579_seed.txt
p01628,s326021059,data/obfuscated/p01628/s326021059_bcf.elf,data/seeds/p01628/p01628_seed.txt
p01628,s326021059,data/obfuscated/p01628/s326021059_bcf_instsub.elf,data/seeds/p01628/p01628_seed.txt
p01628,s326021059,data/obfuscated/p01628/s326021059_fla.elf,data/seeds/p01628/p01628_seed.txt
p01628,s326021059,data/obfuscated/p01628/s326021059_fla_bcf.elf,data/seeds/p01628/p01628_seed.txt
p01628,s326021059,data/obfuscated/p01628/s326021059_fla_bcf_instsub.elf,data/seeds/p01628/p01628_seed.txt
p01628,s326021059,data/obfuscated/p01628/s326021059_fla_instsub.elf,data/seeds/p01628/p01628_seed.txt
p01628,s326021059,data/obfuscated/p01628/s326021059_instsub.elf,data/seeds/p01628/p01628_seed.txt
p01659,s972530667,data/obfuscated/p01659/s972530667_bcf.elf,data/seeds/p01659/p01659_seed.txt
p01659,s972530667,data/obfuscated/p01659/s972530667_bcf_instsub.elf,data/seeds/p01659/p01659_seed.txt
p01659,s972530667,data/obfuscated/p01659/s972530667_fla.elf,data/seeds/p01659/p01659_seed.txt
p01659,s972530667,data/obfuscated/p01659/s972530667_fla_bcf.elf,data/seeds/p01659/p01659_seed.txt
p01659,s972530667,data/obfuscated/p01659/s972530667_fla_bcf_instsub.elf,data/seeds/p01659/p01659_seed.txt
p01659,s972530667,data/obfuscated/p01659/s972530667_fla_instsub.elf,data/seeds/p01659/p01659_seed.txt
p01659,s972530667,data/obfuscated/p01659/s972530667_instsub.elf,data/seeds/p01659/p01659_seed.txt
p01677,s465746088,data/obfuscated/p01677/s465746088_bcf.elf,data/seeds/p01677/p01677_seed.txt
p01677,s465746088,data/obfuscated/p01677/s465746088_bcf_instsub.elf,data/seeds/p01677/p01677_seed.txt
p01677,s465746088,data/obfuscated/p01677/s465746088_fla.elf,data/seeds/p01677/p01677_seed.txt
p01677,s465746088,data/obfuscated/p01677/s465746088_fla_bcf.elf,data/seeds/p01677/p01677_seed.txt
p01677,s465746088,data/obfuscated/p01677/s465746088_fla_bcf_instsub.elf,data/seeds/p01677/p01677_seed.txt
p01677,s465746088,data/obfuscated/p01677/s465746088_fla_instsub.elf,data/seeds/p01677/p01677_seed.txt
p01677,s465746088,data/obfuscated/p01677/s465746088_instsub.elf,data/seeds/p01677/p01677_seed.txt
p01694,s404598200,data/obfuscated/p01694/s404598200_bcf.elf,data/seeds/p01694/p01694_seed.txt
p01694,s404598200,data/obfuscated/p01694/s404598200_bcf_instsub.elf,data/seeds/p01694/p01694_seed.txt
p01694,s404598200,data/obfuscated/p01694/s404598200_fla.elf,data/seeds/p01694/p01694_seed.txt
p01694,s404598200,data/obfuscated/p01694/s404598200_fla_bcf.elf,data/seeds/p01694/p01694_seed.txt
p01694,s404598200,data/obfuscated/p01694/s404598200_fla_bcf_instsub.elf,data/seeds/p01694/p01694_seed.txt
p01694,s404598200,data/obfuscated/p01694/s404598200_fla_instsub.elf,data/seeds/p01694/p01694_seed.txt
p01694,s404598200,data/obfuscated/p01694/s404598200_instsub.elf,data/seeds/p01694/p01694_seed.txt
p01722,s090257283,data/obfuscated/p01722/s090257283_bcf.elf,data/seeds/p01722/p01722_seed.txt
p01722,s090257283,data/obfuscated/p01722/s090257283_bcf_instsub.elf,data/seeds/p01722/p01722_seed.txt
p01722,s090257283,data/obfuscated/p01722/s090257283_fla.elf,data/seeds/p01722/p01722_seed.txt
p01722,s090257283,data/obfuscated/p01722/s090257283_fla_bcf.elf,data/seeds/p01722/p01722_seed.txt
p01722,s090257283,data/obfuscated/p01722/s090257283_fla_bcf_instsub.elf,data/seeds/p01722/p01722_seed.txt
p01722,s090257283,data/obfuscated/p01722/s090257283_fla_instsub.elf,data/seeds/p01722/p01722_seed.txt
p01722,s090257283,data/obfuscated/p01722/s090257283_instsub.elf,data/seeds/p01722/p01722_seed.txt
p01731,s460121043,data/obfuscated/p01731/s460121043_bcf.elf,data/seeds/p01731/p01731_seed.txt
p01731,s460121043,data/obfuscated/p01731/s460121043_bcf_instsub.elf,data/seeds/p01731/p01731_seed.txt
p01731,s460121043,data/obfuscated/p01731/s460121043_fla.elf,data/seeds/p01731/p01731_seed.txt
p01731,s460121043,data/obfuscated/p01731/s460121043_fla_bcf.elf,data/seeds/p01731/p01731_seed.txt
p01731,s460121043,data/obfuscated/p01731/s460121043_fla_bcf_instsub.elf,data/seeds/p01731/p01731_seed.txt
p01731,s460121043,data/obfuscated/p01731/s460121043_fla_instsub.elf,data/seeds/p01731/p01731_seed.txt
p01731,s460121043,data/obfuscated/p01731/s460121043_instsub.elf,data/seeds/p01731/p01731_seed.txt
p01751,s180273459,data/obfuscated/p01751/s180273459_bcf.elf,data/seeds/p01751/p01751_seed.txt
p01751,s180273459,data/obfuscated/p01751/s180273459_bcf_instsub.elf,data/seeds/p01751/p01751_seed.txt
p01751,s180273459,data/obfuscated/p01751/s180273459_fla.elf,data/seeds/p01751/p01751_seed.txt
p01751,s180273459,data/obfuscated/p01751/s180273459_fla_bcf.elf,data/seeds/p01751/p01751_seed.txt
p01751,s180273459,data/obfuscated/p01751/s180273459_fla_bcf_instsub.elf,data/seeds/p01751/p01751_seed.txt
p01751,s180273459,data/obfuscated/p01751/s180273459_fla_instsub.elf,data/seeds/p01751/p01751_seed.txt
p01751,s180273459,data/obfuscated/p01751/s180273459_instsub.elf,data/seeds/p01751/p01751_seed.txt
p01782,s061032302,data/obfuscated/p01782/s061032302_bcf.elf,data/seeds/p01782/p01782_seed.txt
p01782,s061032302,data/obfuscated/p01782/s061032302_bcf_instsub.elf,data/seeds/p01782/p01782_seed.txt
p01782,s061032302,data/obfuscated/p01782/s061032302_fla.elf,data/seeds/p01782/p01782_seed.txt
p01782,s061032302,data/obfuscated/p01782/s061032302_fla_bcf.elf,data/seeds/p01782/p01782_seed.txt
p01782,s061032302,data/obfuscated/p01782/s061032302_fla_bcf_instsub.elf,data/seeds/p01782/p01782_seed.txt
p01782,s061032302,data/obfuscated/p01782/s061032302_fla_instsub.elf,data/seeds/p01782/p01782_seed.txt
p01782,s061032302,data/obfuscated/p01782/s061032302_instsub.elf,data/seeds/p01782/p01782_seed.txt
p01873,s247650006,data/obfuscated/p01873/s247650006_bcf.elf,data/seeds/p01873/p01873_seed.txt
p01873,s247650006,data/obfuscated/p01873/s247650006_bcf_instsub.elf,data/seeds/p01873/p01873_seed.txt
p01873,s247650006,data/obfuscated/p01873/s247650006_fla.elf,data/seeds/p01873/p01873_seed.txt
p01873,s247650006,data/obfuscated/p01873/s247650006_fla_bcf.elf,data/seeds/p01873/p01873_seed.txt
p01873,s247650006,data/obfuscated/p01873/s247650006_fla_bcf_instsub.elf,data/seeds/p01873/p01873_seed.txt
p01873,s247650006,data/obfuscated/p01873/s247650006_fla_instsub.elf,data/seeds/p01873/p01873_seed.txt
p01873,s247650006,data/obfuscated/p01873/s247650006_instsub.elf,data/seeds/p01873/p01873_seed.txt
p01881,s655588170,data/obfuscated/p01881/s655588170_bcf.elf,data/seeds/p01881/p01881_seed.txt
p01881,s655588170,data/obfuscated/p01881/s655588170_bcf_instsub.elf,data/seeds/p01881/p01881_seed.txt
p01881,s655588170,data/obfuscated/p01881/s655588170_fla.elf,data/seeds/p01881/p01881_seed.txt
p01881,s655588170,data/obfuscated/p01881/s655588170_fla_bcf.elf,data/seeds/p01881/p01881_seed.txt
p01881,s655588170,data/obfuscated/p01881/s655588170_fla_bcf_instsub.elf,data/seeds/p01881/p01881_seed.txt
p01881,s655588170,data/obfuscated/p01881/s655588170_fla_instsub.elf,data/seeds/p01881/p01881_seed.txt
p01881,s655588170,data/obfuscated/p01881/s655588170_instsub.elf,data/seeds/p01881/p01881_seed.txt
p01900,s507794680,data/obfuscated/p01900/s507794680_bcf.elf,data/seeds/p01900/p01900_seed.txt
p01900,s507794680,data/obfuscated/p01900/s507794680_bcf_instsub.elf,data/seeds/p01900/p01900_seed.txt
p01900,s507794680,data/obfuscated/p01900/s507794680_fla.elf,data/seeds/p01900/p01900_seed.txt
p01900,s507794680,data/obfuscated/p01900/s507794680_fla_bcf.elf,data/seeds/p01900/p01900_seed.txt
p01900,s507794680,data/obfuscated/p01900/s507794680_fla_bcf_instsub.elf,data/seeds/p01900/p01900_seed.txt
p01900,s507794680,data/obfuscated/p01900/s507794680_fla_instsub.elf,data/seeds/p01900/p01900_seed.txt
p01900,s507794680,data/obfuscated/p01900/s507794680_instsub.elf,data/seeds/p01900/p01900_seed.txt
p01901,s889999778,data/obfuscated/p01901/s889999778_bcf.elf,data/seeds/p01901/p01901_seed.txt
p01901,s889999778,data/obfuscated/p01901/s889999778_bcf_instsub.elf,data/seeds/p01901/p01901_seed.txt
p01901,s889999778,data/obfuscated/p01901/s889999778_fla.elf,data/seeds/p01901/p01901_seed.txt
p01901,s889999778,data/obfuscated/p01901/s889999778_fla_bcf.elf,data/seeds/p01901/p01901_seed.txt
p01901,s889999778,data/obfuscated/p01901/s889999778_fla_bcf_instsub.elf,data/seeds/p01901/p01901_seed.txt
p01901,s889999778,data/obfuscated/p01901/s889999778_fla_instsub.elf,data/seeds/p01901/p01901_seed.txt
p01901,s889999778,data/obfuscated/p01901/s889999778_instsub.elf,data/seeds/p01901/p01901_seed.txt
p01934,s536405711,data/obfuscated/p01934/s536405711_bcf.elf,data/seeds/p01934/p01934_seed.txt
p01934,s536405711,data/obfuscated/p01934/s536405711_bcf_instsub.elf,data/seeds/p01934/p01934_seed.txt
p01934,s536405711,data/obfuscated/p01934/s536405711_fla.elf,data/seeds/p01934/p01934_seed.txt
p01934,s536405711,data/obfuscated/p01934/s536405711_fla_bcf.elf,data/seeds/p01934/p01934_seed.txt
p01934,s536405711,data/obfuscated/p01934/s536405711_fla_bcf_instsub.elf,data/seeds/p01934/p01934_seed.txt
p01934,s536405711,data/obfuscated/p01934/s536405711_fla_instsub.elf,data/seeds/p01934/p01934_seed.txt
p01934,s536405711,data/obfuscated/p01934/s536405711_instsub.elf,data/seeds/p01934/p01934_seed.txt
p01946,s029309726,data/obfuscated/p01946/s029309726_bcf.elf,data/seeds/p01946/p01946_seed.txt
p01946,s029309726,data/obfuscated/p01946/s029309726_bcf_instsub.elf,data/seeds/p01946/p01946_seed.txt
p01946,s029309726,data/obfuscated/p01946/s029309726_fla.elf,data/seeds/p01946/p01946_seed.txt
p01946,s029309726,data/obfuscated/p01946/s029309726_fla_bcf.elf,data/seeds/p01946/p01946_seed.txt
p01946,s029309726,data/obfuscated/p01946/s029309726_fla_bcf_instsub.elf,data/seeds/p01946/p01946_seed.txt
p01946,s029309726,data/obfuscated/p01946/s029309726_fla_instsub.elf,data/seeds/p01946/p01946_seed.txt
p01946,s029309726,data/obfuscated/p01946/s029309726_instsub.elf,data/seeds/p01946/p01946_seed.txt
p01975,s826445680,data/obfuscated/p01975/s826445680_bcf.elf,data/seeds/p01975/p01975_seed.txt
p01975,s826445680,data/obfuscated/p01975/s826445680_bcf_instsub.elf,data/seeds/p01975/p01975_seed.txt
p01975,s826445680,data/obfuscated/p01975/s826445680_fla.elf,data/seeds/p01975/p01975_seed.txt
p01975,s826445680,data/obfuscated/p01975/s826445680_fla_bcf.elf,data/seeds/p01975/p01975_seed.txt
p01975,s826445680,data/obfuscated/p01975/s826445680_fla_bcf_instsub.elf,data/seeds/p01975/p01975_seed.txt
p01975,s826445680,data/obfuscated/p01975/s826445680_fla_instsub.elf,data/seeds/p01975/p01975_seed.txt
p01975,s826445680,data/obfuscated/p01975/s826445680_instsub.elf,data/seeds/p01975/p01975_seed.txt
p02028,s673126280,data/obfuscated/p02028/s673126280_bcf.elf,data/seeds/p02028/p02028_seed.txt
p02028,s673126280,data/obfuscated/p02028/s673126280_bcf_instsub.elf,data/seeds/p02028/p02028_seed.txt
p02028,s673126280,data/obfuscated/p02028/s673126280_fla.elf,data/seeds/p02028/p02028_seed.txt
p02028,s673126280,data/obfuscated/p02028/s673126280_fla_bcf.elf,data/seeds/p02028/p02028_seed.txt
p02028,s673126280,data/obfuscated/p02028/s673126280_fla_bcf_instsub.elf,data/seeds/p02028/p02028_seed.txt
p02028,s673126280,data/obfuscated/p02028/s673126280_fla_instsub.elf,data/seeds/p02028/p02028_seed.txt
p02028,s673126280,data/obfuscated/p02028/s673126280_instsub.elf,data/seeds/p02028/p02028_seed.txt
p02047,s842824862,data/obfuscated/p02047/s842824862_bcf.elf,data/seeds/p02047/p02047_seed.txt
p02047,s842824862,data/obfuscated/p02047/s842824862_bcf_instsub.elf,data/seeds/p02047/p02047_seed.txt
p02047,s842824862,data/obfuscated/p02047/s842824862_fla.elf,data/seeds/p02047/p02047_seed.txt
p02047,s842824862,data/obfuscated/p02047/s842824862_fla_bcf.elf,data/seeds/p02047/p02047_seed.txt
p02047,s842824862,data/obfuscated/p02047/s842824862_fla_bcf_instsub.elf,data/seeds/p02047/p02047_seed.txt
p02047,s842824862,data/obfuscated/p02047/s842824862_fla_instsub.elf,data/seeds/p02047/p02047_seed.txt
p02047,s842824862,data/obfuscated/p02047/s842824862_instsub.elf,data/seeds/p02047/p02047_seed.txt
p02060,s706882681,data/obfuscated/p02060/s706882681_bcf.elf,data/seeds/p02060/p02060_seed.txt
p02060,s706882681,data/obfuscated/p02060/s706882681_bcf_instsub.elf,data/seeds/p02060/p02060_seed.txt
p02060,s706882681,data/obfuscated/p02060/s706882681_fla.elf,data/seeds/p02060/p02060_seed.txt
p02060,s706882681,data/obfuscated/p02060/s706882681_fla_bcf.elf,data/seeds/p02060/p02060_seed.txt
p02060,s706882681,data/obfuscated/p02060/s706882681_fla_bcf_instsub.elf,data/seeds/p02060/p02060_seed.txt
p02060,s706882681,data/obfuscated/p02060/s706882681_fla_instsub.elf,data/seeds/p02060/p02060_seed.txt
p02060,s706882681,data/obfuscated/p02060/s706882681_instsub.elf,data/seeds/p02060/p02060_seed.txt
p02106,s032577361,data/obfuscated/p02106/s032577361_bcf.elf,data/seeds/p02106/p02106_seed.txt
p02106,s032577361,data/obfuscated/p02106/s032577361_bcf_instsub.elf,data/seeds/p02106/p02106_seed.txt
p02106,s032577361,data/obfuscated/p02106/s032577361_fla.elf,data/seeds/p02106/p02106_seed.txt
p02106,s032577361,data/obfuscated/p02106/s032577361_fla_bcf.elf,data/seeds/p02106/p02106_seed.txt
p02106,s032577361,data/obfuscated/p02106/s032577361_fla_bcf_instsub.elf,data/seeds/p02106/p02106_seed.txt
p02106,s032577361,data/obfuscated/p02106/s032577361_fla_instsub.elf,data/seeds/p02106/p02106_seed.txt
p02106,s032577361,data/obfuscated/p02106/s032577361_instsub.elf,data/seeds/p02106/p02106_seed.txt
p02114,s002090313,data/obfuscated/p02114/s002090313_bcf.elf,data/seeds/p02114/p02114_seed.txt
p02114,s002090313,data/obfuscated/p02114/s002090313_bcf_instsub.elf,data/seeds/p02114/p02114_seed.txt
p02114,s002090313,data/obfuscated/p02114/s002090313_fla.elf,data/seeds/p02114/p02114_seed.txt
p02114,s002090313,data/obfuscated/p02114/s002090313_fla_bcf.elf,data/seeds/p02114/p02114_seed.txt
p02114,s002090313,data/obfuscated/p02114/s002090313_fla_bcf_instsub.elf,data/seeds/p02114/p02114_seed.txt
p02114,s002090313,data/obfuscated/p02114/s002090313_fla_instsub.elf,data/seeds/p02114/p02114_seed.txt
p02114,s002090313,data/obfuscated/p02114/s002090313_instsub.elf,data/seeds/p02114/p02114_seed.txt
p02143,s448889305,data/obfuscated/p02143/s448889305_bcf.elf,data/seeds/p02143/p02143_seed.txt
p02143,s448889305,data/obfuscated/p02143/s448889305_bcf_instsub.elf,data/seeds/p02143/p02143_seed.txt
p02143,s448889305,data/obfuscated/p02143/s448889305_fla.elf,data/seeds/p02143/p02143_seed.txt
p02143,s448889305,data/obfuscated/p02143/s448889305_fla_bcf.elf,data/seeds/p02143/p02143_seed.txt
p02143,s448889305,data/obfuscated/p02143/s448889305_fla_bcf_instsub.elf,data/seeds/p02143/p02143_seed.txt
p02143,s448889305,data/obfuscated/p02143/s448889305_fla_instsub.elf,data/seeds/p02143/p02143_seed.txt
p02143,s448889305,data/obfuscated/p02143/s448889305_instsub.elf,data/seeds/p02143/p02143_seed.txt
p02157,s473586384,data/obfuscated/p02157/s473586384_bcf.elf,data/seeds/p02157/p02157_seed.txt
p02157,s473586384,data/obfuscated/p02157/s473586384_bcf_instsub.elf,data/seeds/p02157/p02157_seed.txt
p02157,s473586384,data/obfuscated/p02157/s473586384_fla.elf,data/seeds/p02157/p02157_seed.txt
p02157,s473586384,data/obfuscated/p02157/s473586384_fla_bcf.elf,data/seeds/p02157/p02157_seed.txt
p02157,s473586384,data/obfuscated/p02157/s473586384_fla_bcf_instsub.elf,data/seeds/p02157/p02157_seed.txt
p02157,s473586384,data/obfuscated/p02157/s473586384_fla_instsub.elf,data/seeds/p02157/p02157_seed.txt
p02157,s473586384,data/obfuscated/p02157/s473586384_instsub.elf,data/seeds/p02157/p02157_seed.txt
p02183,s666922486,data/obfuscated/p02183/s666922486_bcf.elf,data/seeds/p02183/p02183_seed.txt
p02183,s666922486,data/obfuscated/p02183/s666922486_bcf_instsub.elf,data/seeds/p02183/p02183_seed.txt
p02183,s666922486,data/obfuscated/p02183/s666922486_fla.elf,data/seeds/p02183/p02183_seed.txt
p02183,s666922486,data/obfuscated/p02183/s666922486_fla_bcf.elf,data/seeds/p02183/p02183_seed.txt
p02183,s666922486,data/obfuscated/p02183/s666922486_fla_bcf_instsub.elf,data/seeds/p02183/p02183_seed.txt
p02183,s666922486,data/obfuscated/p02183/s666922486_fla_instsub.elf,data/seeds/p02183/p02183_seed.txt
p02183,s666922486,data/obfuscated/p02183/s666922486_instsub.elf,data/seeds/p02183/p02183_seed.txt
p02238,s045286195,data/obfuscated/p02238/s045286195_bcf.elf,data/seeds/p02238/p02238_seed.txt
p02238,s045286195,data/obfuscated/p02238/s045286195_bcf_instsub.elf,data/seeds/p02238/p02238_seed.txt
p02238,s045286195,data/obfuscated/p02238/s045286195_fla.elf,data/seeds/p02238/p02238_seed.txt
p02238,s045286195,data/obfuscated/p02238/s045286195_fla_bcf.elf,data/seeds/p02238/p02238_seed.txt
p02238,s045286195,data/obfuscated/p02238/s045286195_fla_bcf_instsub.elf,data/seeds/p02238/p02238_seed.txt
p02238,s045286195,data/obfuscated/p02238/s045286195_fla_instsub.elf,data/seeds/p02238/p02238_seed.txt
p02238,s045286195,data/obfuscated/p02238/s045286195_instsub.elf,data/seeds/p02238/p02238_seed.txt
p02240,s356686040,data/obfuscated/p02240/s356686040_bcf.elf,data/seeds/p02240/p02240_seed.txt
p02240,s356686040,data/obfuscated/p02240/s356686040_bcf_instsub.elf,data/seeds/p02240/p02240_seed.txt
p02240,s356686040,data/obfuscated/p02240/s356686040_fla.elf,data/seeds/p02240/p02240_seed.txt
p02240,s356686040,data/obfuscated/p02240/s356686040_fla_bcf.elf,data/seeds/p02240/p02240_seed.txt
p02240,s356686040,data/obfuscated/p02240/s356686040_fla_bcf_instsub.elf,data/seeds/p02240/p02240_seed.txt
p02240,s356686040,data/obfuscated/p02240/s356686040_fla_instsub.elf,data/seeds/p02240/p02240_seed.txt
p02240,s356686040,data/obfuscated/p02240/s356686040_instsub.elf,data/seeds/p02240/p02240_seed.txt
p02254,s694438058,data/obfuscated/p02254/s694438058_bcf.elf,data/seeds/p02254/p02254_seed.txt
p02254,s694438058,data/obfuscated/p02254/s694438058_bcf_instsub.elf,data/seeds/p02254/p02254_seed.txt
p02254,s694438058,data/obfuscated/p02254/s694438058_fla.elf,data/seeds/p02254/p02254_seed.txt
p02254,s694438058,data/obfuscated/p02254/s694438058_fla_bcf.elf,data/seeds/p02254/p02254_seed.txt
p02254,s694438058,data/obfuscated/p02254/s694438058_fla_bcf_instsub.elf,data/seeds/p02254/p02254_seed.txt
p02254,s694438058,data/obfuscated/p02254/s694438058_fla_instsub.elf,data/seeds/p02254/p02254_seed.txt
p02254,s694438058,data/obfuscated/p02254/s694438058_instsub.elf,data/seeds/p02254/p02254_seed.txt
p02270,s433877960,data/obfuscated/p02270/s433877960_bcf.elf,data/seeds/p02270/p02270_seed.txt
p02270,s433877960,data/obfuscated/p02270/s433877960_bcf_instsub.elf,data/seeds/p02270/p02270_seed.txt
p02270,s433877960,data/obfuscated/p02270/s433877960_fla.elf,data/seeds/p02270/p02270_seed.txt
p02270,s433877960,data/obfuscated/p02270/s433877960_fla_bcf.elf,data/seeds/p02270/p02270_seed.txt
p02270,s433877960,data/obfuscated/p02270/s433877960_fla_bcf_instsub.elf,data/seeds/p02270/p02270_seed.txt
p02270,s433877960,data/obfuscated/p02270/s433877960_fla_instsub.elf,data/seeds/p02270/p02270_seed.txt
p02270,s433877960,data/obfuscated/p02270/s433877960_instsub.elf,data/seeds/p02270/p02270_seed.txt
p02278,s195927123,data/obfuscated/p02278/s195927123_bcf.elf,data/seeds/p02278/p02278_seed.txt
p02278,s195927123,data/obfuscated/p02278/s195927123_bcf_instsub.elf,data/seeds/p02278/p02278_seed.txt
p02278,s195927123,data/obfuscated/p02278/s195927123_fla.elf,data/seeds/p02278/p02278_seed.txt
p02278,s195927123,data/obfuscated/p02278/s195927123_fla_bcf.elf,data/seeds/p02278/p02278_seed.txt
p02278,s195927123,data/obfuscated/p02278/s195927123_fla_bcf_instsub.elf,data/seeds/p02278/p02278_seed.txt
p02278,s195927123,data/obfuscated/p02278/s195927123_fla_instsub.elf,data/seeds/p02278/p02278_seed.txt
p02278,s195927123,data/obfuscated/p02278/s195927123_instsub.elf,data/seeds/p02278/p02278_seed.txt
p02290,s001226839,data/obfuscated/p02290/s001226839_bcf.elf,data/seeds/p02290/p02290_seed.txt
p02290,s001226839,data/obfuscated/p02290/s001226839_bcf_instsub.elf,data/seeds/p02290/p02290_seed.txt
p02290,s001226839,data/obfuscated/p02290/s001226839_fla.elf,data/seeds/p02290/p02290_seed.txt
p02290,s001226839,data/obfuscated/p02290/s001226839_fla_bcf.elf,data/seeds/p02290/p02290_seed.txt
p02290,s001226839,data/obfuscated/p02290/s001226839_fla_bcf_instsub.elf,data/seeds/p02290/p02290_seed.txt
p02290,s001226839,data/obfuscated/p02290/s001226839_fla_instsub.elf,data/seeds/p02290/p02290_seed.txt
p02290,s001226839,data/obfuscated/p02290/s001226839_instsub.elf,data/seeds/p02290/p02290_seed.txt
p02291,s183000981,data/obfuscated/p02291/s183000981_bcf.elf,data/seeds/p02291/p02291_seed.txt
p02291,s183000981,data/obfuscated/p02291/s183000981_bcf_instsub.elf,data/seeds/p02291/p02291_seed.txt
p02291,s183000981,data/obfuscated/p02291/s183000981_fla.elf,data/seeds/p02291/p02291_seed.txt
p02291,s183000981,data/obfuscated/p02291/s183000981_fla_bcf.elf,data/seeds/p02291/p02291_seed.txt
p02291,s183000981,data/obfuscated/p02291/s183000981_fla_bcf_instsub.elf,data/seeds/p02291/p02291_seed.txt
p02291,s183000981,data/obfuscated/p02291/s183000981_fla_instsub.elf,data/seeds/p02291/p02291_seed.txt
p02291,s183000981,data/obfuscated/p02291/s183000981_instsub.elf,data/seeds/p02291/p02291_seed.txt
p02304,s677895507,data/obfuscated/p02304/s677895507_bcf.elf,data/seeds/p02304/p02304_seed.txt
p02304,s677895507,data/obfuscated/p02304/s677895507_bcf_instsub.elf,data/seeds/p02304/p02304_seed.txt
p02304,s677895507,data/obfuscated/p02304/s677895507_fla.elf,data/seeds/p02304/p02304_seed.txt
p02304,s677895507,data/obfuscated/p02304/s677895507_fla_bcf.elf,data/seeds/p02304/p02304_seed.txt
p02304,s677895507,data/obfuscated/p02304/s677895507_fla_bcf_instsub.elf,data/seeds/p02304/p02304_seed.txt
p02304,s677895507,data/obfuscated/p02304/s677895507_fla_instsub.elf,data/seeds/p02304/p02304_seed.txt
p02304,s677895507,data/obfuscated/p02304/s677895507_instsub.elf,data/seeds/p02304/p02304_seed.txt
p02332,s116748162,data/obfuscated/p02332/s116748162_bcf.elf,data/seeds/p02332/p02332_seed.txt
p02332,s116748162,data/obfuscated/p02332/s116748162_bcf_instsub.elf,data/seeds/p02332/p02332_seed.txt
p02332,s116748162,data/obfuscated/p02332/s116748162_fla.elf,data/seeds/p02332/p02332_seed.txt
p02332,s116748162,data/obfuscated/p02332/s116748162_fla_bcf.elf,data/seeds/p02332/p02332_seed.txt
p02332,s116748162,data/obfuscated/p02332/s116748162_fla_bcf_instsub.elf,data/seeds/p02332/p02332_seed.txt
p02332,s116748162,data/obfuscated/p02332/s116748162_fla_instsub.elf,data/seeds/p02332/p02332_seed.txt
p02332,s116748162,data/obfuscated/p02332/s116748162_instsub.elf,data/seeds/p02332/p02332_seed.txt
p02335,s446506429,data/obfuscated/p02335/s446506429_bcf.elf,data/seeds/p02335/p02335_seed.txt
p02335,s446506429,data/obfuscated/p02335/s446506429_bcf_instsub.elf,data/seeds/p02335/p02335_seed.txt
p02335,s446506429,data/obfuscated/p02335/s446506429_fla.elf,data/seeds/p02335/p02335_seed.txt
p02335,s446506429,data/obfuscated/p02335/s446506429_fla_bcf.elf,data/seeds/p02335/p02335_seed.txt
p02335,s446506429,data/obfuscated/p02335/s446506429_fla_bcf_instsub.elf,data/seeds/p02335/p02335_seed.txt
p02335,s446506429,data/obfuscated/p02335/s446506429_fla_instsub.elf,data/seeds/p02335/p02335_seed.txt
p02335,s446506429,data/obfuscated/p02335/s446506429_instsub.elf,data/seeds/p02335/p02335_seed.txt
p02343,s848247161,data/obfuscated/p02343/s848247161_bcf.elf,data/seeds/p02343/p02343_seed.txt
p02343,s848247161,data/obfuscated/p02343/s848247161_bcf_instsub.elf,data/seeds/p02343/p02343_seed.txt
p02343,s848247161,data/obfuscated/p02343/s848247161_fla.elf,data/seeds/p02343/p02343_seed.txt
p02343,s848247161,data/obfuscated/p02343/s848247161_fla_bcf.elf,data/seeds/p02343/p02343_seed.txt
p02343,s848247161,data/obfuscated/p02343/s848247161_fla_bcf_instsub.elf,data/seeds/p02343/p02343_seed.txt
p02343,s848247161,data/obfuscated/p02343/s848247161_fla_instsub.elf,data/seeds/p02343/p02343_seed.txt
p02343,s848247161,data/obfuscated/p02343/s848247161_instsub.elf,data/seeds/p02343/p02343_seed.txt
p02359,s832105065,data/obfuscated/p02359/s832105065_bcf.elf,data/seeds/p02359/p02359_seed.txt
p02359,s832105065,data/obfuscated/p02359/s832105065_bcf_instsub.elf,data/seeds/p02359/p02359_seed.txt
p02359,s832105065,data/obfuscated/p02359/s832105065_fla.elf,data/seeds/p02359/p02359_seed.txt
p02359,s832105065,data/obfuscated/p02359/s832105065_fla_bcf.elf,data/seeds/p02359/p02359_seed.txt
p02359,s832105065,data/obfuscated/p02359/s832105065_fla_bcf_instsub.elf,data/seeds/p02359/p02359_seed.txt
p02359,s832105065,data/obfuscated/p02359/s832105065_fla_instsub.elf,data/seeds/p02359/p02359_seed.txt
p02359,s832105065,data/obfuscated/p02359/s832105065_instsub.elf,data/seeds/p02359/p02359_seed.txt
p02372,s221677149,data/obfuscated/p02372/s221677149_bcf.elf,data/seeds/p02372/p02372_seed.txt
p02372,s221677149,data/obfuscated/p02372/s221677149_bcf_instsub.elf,data/seeds/p02372/p02372_seed.txt
p02372,s221677149,data/obfuscated/p02372/s221677149_fla.elf,data/seeds/p02372/p02372_seed.txt
p02372,s221677149,data/obfuscated/p02372/s221677149_fla_bcf.elf,data/seeds/p02372/p02372_seed.txt
p02372,s221677149,data/obfuscated/p02372/s221677149_fla_bcf_instsub.elf,data/seeds/p02372/p02372_seed.txt
p02372,s221677149,data/obfuscated/p02372/s221677149_fla_instsub.elf,data/seeds/p02372/p02372_seed.txt
p02372,s221677149,data/obfuscated/p02372/s221677149_instsub.elf,data/seeds/p02372/p02372_seed.txt
p02389,s806617923,data/obfuscated/p02389/s806617923_bcf.elf,data/seeds/p02389/p02389_seed.txt
p02389,s806617923,data/obfuscated/p02389/s806617923_bcf_instsub.elf,data/seeds/p02389/p02389_seed.txt
p02389,s806617923,data/obfuscated/p02389/s806617923_fla.elf,data/seeds/p02389/p02389_seed.txt
p02389,s806617923,data/obfuscated/p02389/s806617923_fla_bcf.elf,data/seeds/p02389/p02389_seed.txt
p02389,s806617923,data/obfuscated/p02389/s806617923_fla_bcf_instsub.elf,data/seeds/p02389/p02389_seed.txt
p02389,s806617923,data/obfuscated/p02389/s806617923_fla_instsub.elf,data/seeds/p02389/p02389_seed.txt
p02389,s806617923,data/obfuscated/p02389/s806617923_instsub.elf,data/seeds/p02389/p02389_seed.txt
p02394,s803215487,data/obfuscated/p02394/s803215487_bcf.elf,data/seeds/p02394/p02394_seed.txt
p02394,s803215487,data/obfuscated/p02394/s803215487_bcf_instsub.elf,data/seeds/p02394/p02394_seed.txt
p02394,s803215487,data/obfuscated/p02394/s803215487_fla.elf,data/seeds/p02394/p02394_seed.txt
p02394,s803215487,data/obfuscated/p02394/s803215487_fla_bcf.elf,data/seeds/p02394/p02394_seed.txt
p02394,s803215487,data/obfuscated/p02394/s803215487_fla_bcf_instsub.elf,data/seeds/p02394/p02394_seed.txt
p02394,s803215487,data/obfuscated/p02394/s803215487_fla_instsub.elf,data/seeds/p02394/p02394_seed.txt
p02394,s803215487,data/obfuscated/p02394/s803215487_instsub.elf,data/seeds/p02394/p02394_seed.txt
p02398,s342320469,data/obfuscated/p02398/s342320469_bcf.elf,data/seeds/p02398/p02398_seed.txt
p02398,s342320469,data/obfuscated/p02398/s342320469_bcf_instsub.elf,data/seeds/p02398/p02398_seed.txt
p02398,s342320469,data/obfuscated/p02398/s342320469_fla.elf,data/seeds/p02398/p02398_seed.txt
p02398,s342320469,data/obfuscated/p02398/s342320469_fla_bcf.elf,data/seeds/p02398/p02398_seed.txt
p02398,s342320469,data/obfuscated/p02398/s342320469_fla_bcf_instsub.elf,data/seeds/p02398/p02398_seed.txt
p02398,s342320469,data/obfuscated/p02398/s342320469_fla_instsub.elf,data/seeds/p02398/p02398_seed.txt
p02398,s342320469,data/obfuscated/p02398/s342320469_instsub.elf,data/seeds/p02398/p02398_seed.txt
p02412,s326005489,data/obfuscated/p02412/s326005489_bcf.elf,data/seeds/p02412/p02412_seed.txt
p02412,s326005489,data/obfuscated/p02412/s326005489_bcf_instsub.elf,data/seeds/p02412/p02412_seed.txt
p02412,s326005489,data/obfuscated/p02412/s326005489_fla.elf,data/seeds/p02412/p02412_seed.txt
p02412,s326005489,data/obfuscated/p02412/s326005489_fla_bcf.elf,data/seeds/p02412/p02412_seed.txt
p02412,s326005489,data/obfuscated/p02412/s326005489_fla_bcf_instsub.elf,data/seeds/p02412/p02412_seed.txt
p02412,s326005489,data/obfuscated/p02412/s326005489_fla_instsub.elf,data/seeds/p02412/p02412_seed.txt
p02412,s326005489,data/obfuscated/p02412/s326005489_instsub.elf,data/seeds/p02412/p02412_seed.txt
p02431,s089010687,data/obfuscated/p02431/s089010687_bcf.elf,data/seeds/p02431/p02431_seed.txt
p02431,s089010687,data/obfuscated/p02431/s089010687_bcf_instsub.elf,data/seeds/p02431/p02431_seed.txt
p02431,s089010687,data/obfuscated/p02431/s089010687_fla.elf,data/seeds/p02431/p02431_seed.txt
p02431,s089010687,data/obfuscated/p02431/s089010687_fla_bcf.elf,data/seeds/p02431/p02431_seed.txt
p02431,s089010687,data/obfuscated/p02431/s089010687_fla_bcf_instsub.elf,data/seeds/p02431/p02431_seed.txt
p02431,s089010687,data/obfuscated/p02431/s089010687_fla_instsub.elf,data/seeds/p02431/p02431_seed.txt
p02431,s089010687,data/obfuscated/p02431/s089010687_instsub.elf,data/seeds/p02431/p02431_seed.txt
p02444,s683819120,data/obfuscated/p02444/s683819120_bcf.elf,data/seeds/p02444/p02444_seed.txt
p02444,s683819120,data/obfuscated/p02444/s683819120_bcf_instsub.elf,data/seeds/p02444/p02444_seed.txt
p02444,s683819120,data/obfuscated/p02444/s683819120_fla.elf,data/seeds/p02444/p02444_seed.txt
p02444,s683819120,data/obfuscated/p02444/s683819120_fla_bcf.elf,data/seeds/p02444/p02444_seed.txt
p02444,s683819120,data/obfuscated/p02444/s683819120_fla_bcf_instsub.elf,data/seeds/p02444/p02444_seed.txt
p02444,s683819120,data/obfuscated/p02444/s683819120_fla_instsub.elf,data/seeds/p02444/p02444_seed.txt
p02444,s683819120,data/obfuscated/p02444/s683819120_instsub.elf,data/seeds/p02444/p02444_seed.txt
p02469,s228814834,data/obfuscated/p02469/s228814834_bcf.elf,data/seeds/p02469/p02469_seed.txt
p02469,s228814834,data/obfuscated/p02469/s228814834_bcf_instsub.elf,data/seeds/p02469/p02469_seed.txt
p02469,s228814834,data/obfuscated/p02469/s228814834_fla.elf,data/seeds/p02469/p02469_seed.txt
p02469,s228814834,data/obfuscated/p02469/s228814834_fla_bcf.elf,data/seeds/p02469/p02469_seed.txt
p02469,s228814834,data/obfuscated/p02469/s228814834_fla_bcf_instsub.elf,data/seeds/p02469/p02469_seed.txt
p02469,s228814834,data/obfuscated/p02469/s228814834_fla_instsub.elf,data/seeds/p02469/p02469_seed.txt
p02469,s228814834,data/obfuscated/p02469/s228814834_instsub.elf,data/seeds/p02469/p02469_seed.txt
p02474,s409831491,data/obfuscated/p02474/s409831491_bcf.elf,data/seeds/p02474/p02474_seed.txt
p02474,s409831491,data/obfuscated/p02474/s409831491_bcf_instsub.elf,data/seeds/p02474/p02474_seed.txt
p02474,s409831491,data/obfuscated/p02474/s409831491_fla.elf,data/seeds/p02474/p02474_seed.txt
p02474,s409831491,data/obfuscated/p02474/s409831491_fla_bcf.elf,data/seeds/p02474/p02474_seed.txt
p02474,s409831491,data/obfuscated/p02474/s409831491_fla_bcf_instsub.elf,data/seeds/p02474/p02474_seed.txt
p02474,s409831491,data/obfuscated/p02474/s409831491_fla_instsub.elf,data/seeds/p02474/p02474_seed.txt
p02474,s409831491,data/obfuscated/p02474/s409831491_instsub.elf,data/seeds/p02474/p02474_seed.txt
p02559,s544278538,data/obfuscated/p02559/s544278538_bcf.elf,data/seeds/p02559/p02559_seed.txt
p02559,s544278538,data/obfuscated/p02559/s544278538_bcf_instsub.elf,data/seeds/p02559/p02559_seed.txt
p02559,s544278538,data/obfuscated/p02559/s544278538_fla.elf,data/seeds/p02559/p02559_seed.txt
p02559,s544278538,data/obfuscated/p02559/s544278538_fla_bcf.elf,data/seeds/p02559/p02559_seed.txt
p02559,s544278538,data/obfuscated/p02559/s544278538_fla_bcf_instsub.elf,data/seeds/p02559/p02559_seed.txt
p02559,s544278538,data/obfuscated/p02559/s544278538_fla_instsub.elf,data/seeds/p02559/p02559_seed.txt
p02559,s544278538,data/obfuscated/p02559/s544278538_instsub.elf,data/seeds/p02559/p02559_seed.txt
p02569,s082001414,data/obfuscated/p02569/s082001414_bcf.elf,data/seeds/p02569/p02569_seed.txt
p02569,s082001414,data/obfuscated/p02569/s082001414_bcf_instsub.elf,data/seeds/p02569/p02569_seed.txt
p02569,s082001414,data/obfuscated/p02569/s082001414_fla.elf,data/seeds/p02569/p02569_seed.txt
p02569,s082001414,data/obfuscated/p02569/s082001414_fla_bcf.elf,data/seeds/p02569/p02569_seed.txt
p02569,s082001414,data/obfuscated/p02569/s082001414_fla_bcf_instsub.elf,data/seeds/p02569/p02569_seed.txt
p02569,s082001414,data/obfuscated/p02569/s082001414_fla_instsub.elf,data/seeds/p02569/p02569_seed.txt
p02569,s082001414,data/obfuscated/p02569/s082001414_instsub.elf,data/seeds/p02569/p02569_seed.txt
p02746,s038483188,data/obfuscated/p02746/s038483188_bcf.elf,data/seeds/p02746/p02746_seed.txt
p02746,s038483188,data/obfuscated/p02746/s038483188_bcf_instsub.elf,data/seeds/p02746/p02746_seed.txt
p02746,s038483188,data/obfuscated/p02746/s038483188_fla.elf,data/seeds/p02746/p02746_seed.txt
p02746,s038483188,data/obfuscated/p02746/s038483188_fla_bcf.elf,data/seeds/p02746/p02746_seed.txt
p02746,s038483188,data/obfuscated/p02746/s038483188_fla_bcf_instsub.elf,data/seeds/p02746/p02746_seed.txt
p02746,s038483188,data/obfuscated/p02746/s038483188_fla_instsub.elf,data/seeds/p02746/p02746_seed.txt
p02746,s038483188,data/obfuscated/p02746/s038483188_instsub.elf,data/seeds/p02746/p02746_seed.txt
p02869,s462165806,data/obfuscated/p02869/s462165806_bcf.elf,data/seeds/p02869/p02869_seed.txt
p02869,s462165806,data/obfuscated/p02869/s462165806_bcf_instsub.elf,data/seeds/p02869/p02869_seed.txt
p02869,s462165806,data/obfuscated/p02869/s462165806_fla.elf,data/seeds/p02869/p02869_seed.txt
p02869,s462165806,data/obfuscated/p02869/s462165806_fla_bcf.elf,data/seeds/p02869/p02869_seed.txt
p02869,s462165806,data/obfuscated/p02869/s462165806_fla_bcf_instsub.elf,data/seeds/p02869/p02869_seed.txt
p02869,s462165806,data/obfuscated/p02869/s462165806_fla_instsub.elf,data/seeds/p02869/p02869_seed.txt
p02869,s462165806,data/obfuscated/p02869/s462165806_instsub.elf,data/seeds/p02869/p02869_seed.txt
p03028,s577484164,data/obfuscated/p03028/s577484164_bcf.elf,data/seeds/p03028/p03028_seed.txt
p03028,s577484164,data/obfuscated/p03028/s577484164_bcf_instsub.elf,data/seeds/p03028/p03028_seed.txt
p03028,s577484164,data/obfuscated/p03028/s577484164_fla.elf,data/seeds/p03028/p03028_seed.txt
p03028,s577484164,data/obfuscated/p03028/s577484164_fla_bcf.elf,data/seeds/p03028/p03028_seed.txt
p03028,s577484164,data/obfuscated/p03028/s577484164_fla_bcf_instsub.elf,data/seeds/p03028/p03028_seed.txt
p03028,s577484164,data/obfuscated/p03028/s577484164_fla_instsub.elf,data/seeds/p03028/p03028_seed.txt
p03028,s577484164,data/obfuscated/p03028/s577484164_instsub.elf,data/seeds/p03028/p03028_seed.txt
p03059,s336326451,data/obfuscated/p03059/s336326451_bcf.elf,data/seeds/p03059/p03059_seed.txt
p03059,s336326451,data/obfuscated/p03059/s336326451_bcf_instsub.elf,data/seeds/p03059/p03059_seed.txt
p03059,s336326451,data/obfuscated/p03059/s336326451_fla.elf,data/seeds/p03059/p03059_seed.txt
p03059,s336326451,data/obfuscated/p03059/s336326451_fla_bcf.elf,data/seeds/p03059/p03059_seed.txt
p03059,s336326451,data/obfuscated/p03059/s336326451_fla_bcf_instsub.elf,data/seeds/p03059/p03059_seed.txt
p03059,s336326451,data/obfuscated/p03059/s336326451_fla_instsub.elf,data/seeds/p03059/p03059_seed.txt
p03059,s336326451,data/obfuscated/p03059/s336326451_instsub.elf,data/seeds/p03059/p03059_seed.txt
p03114,s312521097,data/obfuscated/p03114/s312521097_bcf.elf,data/seeds/p03114/p03114_seed.txt
p03114,s312521097,data/obfuscated/p03114/s312521097_bcf_instsub.elf,data/seeds/p03114/p03114_seed.txt
p03114,s312521097,data/obfuscated/p03114/s312521097_fla.elf,data/seeds/p03114/p03114_seed.txt
p03114,s312521097,data/obfuscated/p03114/s312521097_fla_bcf.elf,data/seeds/p03114/p03114_seed.txt
p03114,s312521097,data/obfuscated/p03114/s312521097_fla_bcf_instsub.elf,data/seeds/p03114/p03114_seed.txt
p03114,s312521097,data/obfuscated/p03114/s312521097_fla_instsub.elf,data/seeds/p03114/p03114_seed.txt
p03114,s312521097,data/obfuscated/p03114/s312521097_instsub.elf,data/seeds/p03114/p03114_seed.txt
p03125,s514149926,data/obfuscated/p03125/s514149926_bcf.elf,data/seeds/p03125/p03125_seed.txt
p03125,s514149926,data/obfuscated/p03125/s514149926_bcf_instsub.elf,data/seeds/p03125/p03125_seed.txt
p03125,s514149926,data/obfuscated/p03125/s514149926_fla.elf,data/seeds/p03125/p03125_seed.txt
p03125,s514149926,data/obfuscated/p03125/s514149926_fla_bcf.elf,data/seeds/p03125/p03125_seed.txt
p03125,s514149926,data/obfuscated/p03125/s514149926_fla_bcf_instsub.elf,data/seeds/p03125/p03125_seed.txt
p03125,s514149926,data/obfuscated/p03125/s514149926_fla_instsub.elf,data/seeds/p03125/p03125_seed.txt
p03125,s514149926,data/obfuscated/p03125/s514149926_instsub.elf,data/seeds/p03125/p03125_seed.txt
p03300,s630958603,data/obfuscated/p03300/s630958603_bcf.elf,data/seeds/p03300/p03300_seed.txt
p03300,s630958603,data/obfuscated/p03300/s630958603_bcf_instsub.elf,data/seeds/p03300/p03300_seed.txt
p03300,s630958603,data/obfuscated/p03300/s630958603_fla.elf,data/seeds/p03300/p03300_seed.txt
p03300,s630958603,data/obfuscated/p03300/s630958603_fla_bcf.elf,data/seeds/p03300/p03300_seed.txt
p03300,s630958603,data/obfuscated/p03300/s630958603_fla_bcf_instsub.elf,data/seeds/p03300/p03300_seed.txt
p03300,s630958603,data/obfuscated/p03300/s630958603_fla_instsub.elf,data/seeds/p03300/p03300_seed.txt
p03300,s630958603,data/obfuscated/p03300/s630958603_instsub.elf,data/seeds/p03300/p03300_seed.txt
p03318,s047795265,data/obfuscated/p03318/s047795265_bcf.elf,data/seeds/p03318/p03318_seed.txt
p03318,s047795265,data/obfuscated/p03318/s047795265_bcf_instsub.elf,data/seeds/p03318/p03318_seed.txt
p03318,s047795265,data/obfuscated/p03318/s047795265_fla.elf,data/seeds/p03318/p03318_seed.txt
p03318,s047795265,data/obfuscated/p03318/s047795265_fla_bcf.elf,data/seeds/p03318/p03318_seed.txt
p03318,s047795265,data/obfuscated/p03318/s047795265_fla_bcf_instsub.elf,data/seeds/p03318/p03318_seed.txt
p03318,s047795265,data/obfuscated/p03318/s047795265_fla_instsub.elf,data/seeds/p03318/p03318_seed.txt
p03318,s047795265,data/obfuscated/p03318/s047795265_instsub.elf,data/seeds/p03318/p03318_seed.txt
p03361,s943752140,data/obfuscated/p03361/s943752140_bcf.elf,data/seeds/p03361/p03361_seed.txt
p03361,s943752140,data/obfuscated/p03361/s943752140_bcf_instsub.elf,data/seeds/p03361/p03361_seed.txt
p03361,s943752140,data/obfuscated/p03361/s943752140_fla.elf,data/seeds/p03361/p03361_seed.txt
p03361,s943752140,data/obfuscated/p03361/s943752140_fla_bcf.elf,data/seeds/p03361/p03361_seed.txt
p03361,s943752140,data/obfuscated/p03361/s943752140_fla_bcf_instsub.elf,data/seeds/p03361/p03361_seed.txt
p03361,s943752140,data/obfuscated/p03361/s943752140_fla_instsub.elf,data/seeds/p03361/p03361_seed.txt
p03361,s943752140,data/obfuscated/p03361/s943752140_instsub.elf,data/seeds/p03361/p03361_seed.txt
p03365,s978099785,data/obfuscated/p03365/s978099785_bcf.elf,data/seeds/p03365/p03365_seed.txt
p03365,s978099785,data/obfuscated/p03365/s978099785_bcf_instsub.elf,data/seeds/p03365/p03365_seed.txt
p03365,s978099785,data/obfuscated/p03365/s978099785_fla.elf,data/seeds/p03365/p03365_seed.txt
p03365,s978099785,data/obfuscated/p03365/s978099785_fla_bcf.elf,data/seeds/p03365/p03365_seed.txt
p03365,s978099785,data/obfuscated/p03365/s978099785_fla_bcf_instsub.elf,data/seeds/p03365/p03365_seed.txt
p03365,s978099785,data/obfuscated/p03365/s978099785_fla_instsub.elf,data/seeds/p03365/p03365_seed.txt
p03365,s978099785,data/obfuscated/p03365/s978099785_instsub.elf,data/seeds/p03365/p03365_seed.txt
p03407,s963581901,data/obfuscated/p03407/s963581901_bcf.elf,data/seeds/p03407/p03407_seed.txt
p03407,s963581901,data/obfuscated/p03407/s963581901_bcf_instsub.elf,data/seeds/p03407/p03407_seed.txt
p03407,s963581901,data/obfuscated/p03407/s963581901_fla.elf,data/seeds/p03407/p03407_seed.txt
p03407,s963581901,data/obfuscated/p03407/s963581901_fla_bcf.elf,data/seeds/p03407/p03407_seed.txt
p03407,s963581901,data/obfuscated/p03407/s963581901_fla_bcf_instsub.elf,data/seeds/p03407/p03407_seed.txt
p03407,s963581901,data/obfuscated/p03407/s963581901_fla_instsub.elf,data/seeds/p03407/p03407_seed.txt
p03407,s963581901,data/obfuscated/p03407/s963581901_instsub.elf,data/seeds/p03407/p03407_seed.txt
p03423,s774371259,data/obfuscated/p03423/s774371259_bcf.elf,data/seeds/p03423/p03423_seed.txt
p03423,s774371259,data/obfuscated/p03423/s774371259_bcf_instsub.elf,data/seeds/p03423/p03423_seed.txt
p03423,s774371259,data/obfuscated/p03423/s774371259_fla.elf,data/seeds/p03423/p03423_seed.txt
p03423,s774371259,data/obfuscated/p03423/s774371259_fla_bcf.elf,data/seeds/p03423/p03423_seed.txt
p03423,s774371259,data/obfuscated/p03423/s774371259_fla_bcf_instsub.elf,data/seeds/p03423/p03423_seed.txt
p03423,s774371259,data/obfuscated/p03423/s774371259_fla_instsub.elf,data/seeds/p03423/p03423_seed.txt
p03423,s774371259,data/obfuscated/p03423/s774371259_instsub.elf,data/seeds/p03423/p03423_seed.txt
p03441,s577474314,data/obfuscated/p03441/s577474314_bcf.elf,data/seeds/p03441/p03441_seed.txt
p03441,s577474314,data/obfuscated/p03441/s577474314_bcf_instsub.elf,data/seeds/p03441/p03441_seed.txt
p03441,s577474314,data/obfuscated/p03441/s577474314_fla.elf,data/seeds/p03441/p03441_seed.txt
p03441,s577474314,data/obfuscated/p03441/s577474314_fla_bcf.elf,data/seeds/p03441/p03441_seed.txt
p03441,s577474314,data/obfuscated/p03441/s577474314_fla_bcf_instsub.elf,data/seeds/p03441/p03441_seed.txt
p03441,s577474314,data/obfuscated/p03441/s577474314_fla_instsub.elf,data/seeds/p03441/p03441_seed.txt
p03441,s577474314,data/obfuscated/p03441/s577474314_instsub.elf,data/seeds/p03441/p03441_seed.txt
p03454,s556690571,data/obfuscated/p03454/s556690571_bcf.elf,data/seeds/p03454/p03454_seed.txt
p03454,s556690571,data/obfuscated/p03454/s556690571_bcf_instsub.elf,data/seeds/p03454/p03454_seed.txt
p03454,s556690571,data/obfuscated/p03454/s556690571_fla.elf,data/seeds/p03454/p03454_seed.txt
p03454,s556690571,data/obfuscated/p03454/s556690571_fla_bcf.elf,data/seeds/p03454/p03454_seed.txt
p03454,s556690571,data/obfuscated/p03454/s556690571_fla_bcf_instsub.elf,data/seeds/p03454/p03454_seed.txt
p03454,s556690571,data/obfuscated/p03454/s556690571_fla_instsub.elf,data/seeds/p03454/p03454_seed.txt
p03454,s556690571,data/obfuscated/p03454/s556690571_instsub.elf,data/seeds/p03454/p03454_seed.txt
p03473,s622470157,data/obfuscated/p03473/s622470157_bcf.elf,data/seeds/p03473/p03473_seed.txt
p03473,s622470157,data/obfuscated/p03473/s622470157_bcf_instsub.elf,data/seeds/p03473/p03473_seed.txt
p03473,s622470157,data/obfuscated/p03473/s622470157_fla.elf,data/seeds/p03473/p03473_seed.txt
p03473,s622470157,data/obfuscated/p03473/s622470157_fla_bcf.elf,data/seeds/p03473/p03473_seed.txt
p03473,s622470157,data/obfuscated/p03473/s622470157_fla_bcf_instsub.elf,data/seeds/p03473/p03473_seed.txt
p03473,s622470157,data/obfuscated/p03473/s622470157_fla_instsub.elf,data/seeds/p03473/p03473_seed.txt
p03473,s622470157,data/obfuscated/p03473/s622470157_instsub.elf,data/seeds/p03473/p03473_seed.txt
p03485,s385599242,data/obfuscated/p03485/s385599242_bcf.elf,data/seeds/p03485/p03485_seed.txt
p03485,s385599242,data/obfuscated/p03485/s385599242_bcf_instsub.elf,data/seeds/p03485/p03485_seed.txt
p03485,s385599242,data/obfuscated/p03485/s385599242_fla.elf,data/seeds/p03485/p03485_seed.txt
p03485,s385599242,data/obfuscated/p03485/s385599242_fla_bcf.elf,data/seeds/p03485/p03485_seed.txt
p03485,s385599242,data/obfuscated/p03485/s385599242_fla_bcf_instsub.elf,data/seeds/p03485/p03485_seed.txt
p03485,s385599242,data/obfuscated/p03485/s385599242_fla_instsub.elf,data/seeds/p03485/p03485_seed.txt
p03485,s385599242,data/obfuscated/p03485/s385599242_instsub.elf,data/seeds/p03485/p03485_seed.txt
p03554,s760807374,data/obfuscated/p03554/s760807374_bcf.elf,data/seeds/p03554/p03554_seed.txt
p03554,s760807374,data/obfuscated/p03554/s760807374_bcf_instsub.elf,data/seeds/p03554/p03554_seed.txt
p03554,s760807374,data/obfuscated/p03554/s760807374_fla.elf,data/seeds/p03554/p03554_seed.txt
p03554,s760807374,data/obfuscated/p03554/s760807374_fla_bcf.elf,data/seeds/p03554/p03554_seed.txt
p03554,s760807374,data/obfuscated/p03554/s760807374_fla_bcf_instsub.elf,data/seeds/p03554/p03554_seed.txt
p03554,s760807374,data/obfuscated/p03554/s760807374_fla_instsub.elf,data/seeds/p03554/p03554_seed.txt
p03554,s760807374,data/obfuscated/p03554/s760807374_instsub.elf,data/seeds/p03554/p03554_seed.txt
p03563,s603548441,data/obfuscated/p03563/s603548441_bcf.elf,data/seeds/p03563/p03563_seed.txt
p03563,s603548441,data/obfuscated/p03563/s603548441_bcf_instsub.elf,data/seeds/p03563/p03563_seed.txt
p03563,s603548441,data/obfuscated/p03563/s603548441_fla.elf,data/seeds/p03563/p03563_seed.txt
p03563,s603548441,data/obfuscated/p03563/s603548441_fla_bcf.elf,data/seeds/p03563/p03563_seed.txt
p03563,s603548441,data/obfuscated/p03563/s603548441_fla_bcf_instsub.elf,data/seeds/p03563/p03563_seed.txt
p03563,s603548441,data/obfuscated/p03563/s603548441_fla_instsub.elf,data/seeds/p03563/p03563_seed.txt
p03563,s603548441,data/obfuscated/p03563/s603548441_instsub.elf,data/seeds/p03563/p03563_seed.txt
p03591,s609556207,data/obfuscated/p03591/s609556207_bcf.elf,data/seeds/p03591/p03591_seed.txt
p03591,s609556207,data/obfuscated/p03591/s609556207_bcf_instsub.elf,data/seeds/p03591/p03591_seed.txt
p03591,s609556207,data/obfuscated/p03591/s609556207_fla.elf,data/seeds/p03591/p03591_seed.txt
p03591,s609556207,data/obfuscated/p03591/s609556207_fla_bcf.elf,data/seeds/p03591/p03591_seed.txt
p03591,s609556207,data/obfuscated/p03591/s609556207_fla_bcf_instsub.elf,data/seeds/p03591/p03591_seed.txt
p03591,s609556207,data/obfuscated/p03591/s609556207_fla_instsub.elf,data/seeds/p03591/p03591_seed.txt
p03591,s609556207,data/obfuscated/p03591/s609556207_instsub.elf,data/seeds/p03591/p03591_seed.txt
p03620,s614402567,data/obfuscated/p03620/s614402567_bcf.elf,data/seeds/p03620/p03620_seed.txt
p03620,s614402567,data/obfuscated/p03620/s614402567_bcf_instsub.elf,data/seeds/p03620/p03620_seed.txt
p03620,s614402567,data/obfuscated/p03620/s614402567_fla.elf,data/seeds/p03620/p03620_seed.txt
p03620,s614402567,data/obfuscated/p03620/s614402567_fla_bcf.elf,data/seeds/p03620/p03620_seed.txt
p03620,s614402567,data/obfuscated/p03620/s614402567_fla_bcf_instsub.elf,data/seeds/p03620/p03620_seed.txt
p03620,s614402567,data/obfuscated/p03620/s614402567_fla_instsub.elf,data/seeds/p03620/p03620_seed.txt
p03620,s614402567,data/obfuscated/p03620/s614402567_instsub.elf,data/seeds/p03620/p03620_seed.txt
p03631,s408782718,data/obfuscated/p03631/s408782718_bcf.elf,data/seeds/p03631/p03631_seed.txt
p03631,s408782718,data/obfuscated/p03631/s408782718_bcf_instsub.elf,data/seeds/p03631/p03631_seed.txt
p03631,s408782718,data/obfuscated/p03631/s408782718_fla.elf,data/seeds/p03631/p03631_seed.txt
p03631,s408782718,data/obfuscated/p03631/s408782718_fla_bcf.elf,data/seeds/p03631/p03631_seed.txt
p03631,s408782718,data/obfuscated/p03631/s408782718_fla_bcf_instsub.elf,data/seeds/p03631/p03631_seed.txt
p03631,s408782718,data/obfuscated/p03631/s408782718_fla_instsub.elf,data/seeds/p03631/p03631_seed.txt
p03631,s408782718,data/obfuscated/p03631/s408782718_instsub.elf,data/seeds/p03631/p03631_seed.txt
p03668,s188407452,data/obfuscated/p03668/s188407452_bcf.elf,data/seeds/p03668/p03668_seed.txt
p03668,s188407452,data/obfuscated/p03668/s188407452_bcf_instsub.elf,data/seeds/p03668/p03668_seed.txt
p03668,s188407452,data/obfuscated/p03668/s188407452_fla.elf,data/seeds/p03668/p03668_seed.txt
p03668,s188407452,data/obfuscated/p03668/s188407452_fla_bcf.elf,data/seeds/p03668/p03668_seed.txt
p03668,s188407452,data/obfuscated/p03668/s188407452_fla_bcf_instsub.elf,data/seeds/p03668/p03668_seed.txt
p03668,s188407452,data/obfuscated/p03668/s188407452_fla_instsub.elf,data/seeds/p03668/p03668_seed.txt
p03668,s188407452,data/obfuscated/p03668/s188407452_instsub.elf,data/seeds/p03668/p03668_seed.txt
p03673,s208508104,data/obfuscated/p03673/s208508104_bcf.elf,data/seeds/p03673/p03673_seed.txt
p03673,s208508104,data/obfuscated/p03673/s208508104_bcf_instsub.elf,data/seeds/p03673/p03673_seed.txt
p03673,s208508104,data/obfuscated/p03673/s208508104_fla.elf,data/seeds/p03673/p03673_seed.txt
p03673,s208508104,data/obfuscated/p03673/s208508104_fla_bcf.elf,data/seeds/p03673/p03673_seed.txt
p03673,s208508104,data/obfuscated/p03673/s208508104_fla_bcf_instsub.elf,data/seeds/p03673/p03673_seed.txt
p03673,s208508104,data/obfuscated/p03673/s208508104_fla_instsub.elf,data/seeds/p03673/p03673_seed.txt
p03673,s208508104,data/obfuscated/p03673/s208508104_instsub.elf,data/seeds/p03673/p03673_seed.txt
p03693,s129519579,data/obfuscated/p03693/s129519579_bcf.elf,data/seeds/p03693/p03693_seed.txt
p03693,s129519579,data/obfuscated/p03693/s129519579_bcf_instsub.elf,data/seeds/p03693/p03693_seed.txt
p03693,s129519579,data/obfuscated/p03693/s129519579_fla.elf,data/seeds/p03693/p03693_seed.txt
p03693,s129519579,data/obfuscated/p03693/s129519579_fla_bcf.elf,data/seeds/p03693/p03693_seed.txt
p03693,s129519579,data/obfuscated/p03693/s129519579_fla_bcf_instsub.elf,data/seeds/p03693/p03693_seed.txt
p03693,s129519579,data/obfuscated/p03693/s129519579_fla_instsub.elf,data/seeds/p03693/p03693_seed.txt
p03693,s129519579,data/obfuscated/p03693/s129519579_instsub.elf,data/seeds/p03693/p03693_seed.txt
p03697,s614317589,data/obfuscated/p03697/s614317589_bcf.elf,data/seeds/p03697/p03697_seed.txt
p03697,s614317589,data/obfuscated/p03697/s614317589_bcf_instsub.elf,data/seeds/p03697/p03697_seed.txt
p03697,s614317589,data/obfuscated/p03697/s614317589_fla.elf,data/seeds/p03697/p03697_seed.txt
p03697,s614317589,data/obfuscated/p03697/s614317589_fla_bcf.elf,data/seeds/p03697/p03697_seed.txt
p03697,s614317589,data/obfuscated/p03697/s614317589_fla_bcf_instsub.elf,data/seeds/p03697/p03697_seed.txt
p03697,s614317589,data/obfuscated/p03697/s614317589_fla_instsub.elf,data/seeds/p03697/p03697_seed.txt
p03697,s614317589,data/obfuscated/p03697/s614317589_instsub.elf,data/seeds/p03697/p03697_seed.txt
p03737,s786855510,data/obfuscated/p03737/s786855510_bcf.elf,data/seeds/p03737/p03737_seed.txt
p03737,s786855510,data/obfuscated/p03737/s786855510_bcf_instsub.elf,data/seeds/p03737/p03737_seed.txt
p03737,s786855510,data/obfuscated/p03737/s786855510_fla.elf,data/seeds/p03737/p03737_seed.txt
p03737,s786855510,data/obfuscated/p03737/s786855510_fla_bcf.elf,data/seeds/p03737/p03737_seed.txt
p03737,s786855510,data/obfuscated/p03737/s786855510_fla_bcf_instsub.elf,data/seeds/p03737/p03737_seed.txt
p03737,s786855510,data/obfuscated/p03737/s786855510_fla_instsub.elf,data/seeds/p03737/p03737_seed.txt
p03737,s786855510,data/obfuscated/p03737/s786855510_instsub.elf,data/seeds/p03737/p03737_seed.txt
p03748,s334077634,data/obfuscated/p03748/s334077634_bcf.elf,data/seeds/p03748/p03748_seed.txt
p03748,s334077634,data/obfuscated/p03748/s334077634_bcf_instsub.elf,data/seeds/p03748/p03748_seed.txt
p03748,s334077634,data/obfuscated/p03748/s334077634_fla.elf,data/seeds/p03748/p03748_seed.txt
p03748,s334077634,data/obfuscated/p03748/s334077634_fla_bcf.elf,data/seeds/p03748/p03748_seed.txt
p03748,s334077634,data/obfuscated/p03748/s334077634_fla_bcf_instsub.elf,data/seeds/p03748/p03748_seed.txt
p03748,s334077634,data/obfuscated/p03748/s334077634_fla_instsub.elf,data/seeds/p03748/p03748_seed.txt
p03748,s334077634,data/obfuscated/p03748/s334077634_instsub.elf,data/seeds/p03748/p03748_seed.txt
p03802,s584767413,data/obfuscated/p03802/s584767413_bcf.elf,data/seeds/p03802/p03802_seed.txt
p03802,s584767413,data/obfuscated/p03802/s584767413_bcf_instsub.elf,data/seeds/p03802/p03802_seed.txt
p03802,s584767413,data/obfuscated/p03802/s584767413_fla.elf,data/seeds/p03802/p03802_seed.txt
p03802,s584767413,data/obfuscated/p03802/s584767413_fla_bcf.elf,data/seeds/p03802/p03802_seed.txt
p03802,s584767413,data/obfuscated/p03802/s584767413_fla_bcf_instsub.elf,data/seeds/p03802/p03802_seed.txt
p03802,s584767413,data/obfuscated/p03802/s584767413_fla_instsub.elf,data/seeds/p03802/p03802_seed.txt
p03802,s584767413,data/obfuscated/p03802/s584767413_instsub.elf,data/seeds/p03802/p03802_seed.txt
p03813,s929153032,data/obfuscated/p03813/s929153032_bcf.elf,data/seeds/p03813/p03813_seed.txt
p03813,s929153032,data/obfuscated/p03813/s929153032_bcf_instsub.elf,data/seeds/p03813/p03813_seed.txt
p03813,s929153032,data/obfuscated/p03813/s929153032_fla.elf,data/seeds/p03813/p03813_seed.txt
p03813,s929153032,data/obfuscated/p03813/s929153032_fla_bcf.elf,data/seeds/p03813/p03813_seed.txt
p03813,s929153032,data/obfuscated/p03813/s929153032_fla_bcf_instsub.elf,data/seeds/p03813/p03813_seed.txt
p03813,s929153032,data/obfuscated/p03813/s929153032_fla_instsub.elf,data/seeds/p03813/p03813_seed.txt
p03813,s929153032,data/obfuscated/p03813/s929153032_instsub.elf,data/seeds/p03813/p03813_seed.txt
p03816,s149805366,data/obfuscated/p03816/s149805366_bcf.elf,data/seeds/p03816/p03816_seed.txt
p03816,s149805366,data/obfuscated/p03816/s149805366_bcf_instsub.elf,data/seeds/p03816/p03816_seed.txt
p03816,s149805366,data/obfuscated/p03816/s149805366_fla.elf,data/seeds/p03816/p03816_seed.txt
p03816,s149805366,data/obfuscated/p03816/s149805366_fla_bcf.elf,data/seeds/p03816/p03816_seed.txt
p03816,s149805366,data/obfuscated/p03816/s149805366_fla_bcf_instsub.elf,data/seeds/p03816/p03816_seed.txt
p03816,s149805366,data/obfuscated/p03816/s149805366_fla_instsub.elf,data/seeds/p03816/p03816_seed.txt
p03816,s149805366,data/obfuscated/p03816/s149805366_instsub.elf,data/seeds/p03816/p03816_seed.txt
p03863,s558152863,data/obfuscated/p03863/s558152863_bcf.elf,data/seeds/p03863/p03863_seed.txt
p03863,s558152863,data/obfuscated/p03863/s558152863_bcf_instsub.elf,data/seeds/p03863/p03863_seed.txt
p03863,s558152863,data/obfuscated/p03863/s558152863_fla.elf,data/seeds/p03863/p03863_seed.txt
p03863,s558152863,data/obfuscated/p03863/s558152863_fla_bcf.elf,data/seeds/p03863/p03863_seed.txt
p03863,s558152863,data/obfuscated/p03863/s558152863_fla_bcf_instsub.elf,data/seeds/p03863/p03863_seed.txt
p03863,s558152863,data/obfuscated/p03863/s558152863_fla_instsub.elf,data/seeds/p03863/p03863_seed.txt
p03863,s558152863,data/obfuscated/p03863/s558152863_instsub.elf,data/seeds/p03863/p03863_seed.txt
p03932,s938387433,data/obfuscated/p03932/s938387433_bcf.elf,data/seeds/p03932/p03932_seed.txt
p03932,s938387433,data/obfuscated/p03932/s938387433_bcf_instsub.elf,data/seeds/p03932/p03932_seed.txt
p03932,s938387433,data/obfuscated/p03932/s938387433_fla.elf,data/seeds/p03932/p03932_seed.txt
p03932,s938387433,data/obfuscated/p03932/s938387433_fla_bcf.elf,data/seeds/p03932/p03932_seed.txt
p03932,s938387433,data/obfuscated/p03932/s938387433_fla_bcf_instsub.elf,data/seeds/p03932/p03932_seed.txt
p03932,s938387433,data/obfuscated/p03932/s938387433_fla_instsub.elf,data/seeds/p03932/p03932_seed.txt
p03932,s938387433,data/obfuscated/p03932/s938387433_instsub.elf,data/seeds/p03932/p03932_seed.txt
p03951,s039951078,data/obfuscated/p03951/s039951078_bcf.elf,data/seeds/p03951/p03951_seed.txt
p03951,s039951078,data/obfuscated/p03951/s039951078_bcf_instsub.elf,data/seeds/p03951/p03951_seed.txt
p03951,s039951078,data/obfuscated/p03951/s039951078_fla.elf,data/seeds/p03951/p03951_seed.txt
p03951,s039951078,data/obfuscated/p03951/s039951078_fla_bcf.elf,data/seeds/p03951/p03951_seed.txt
p03951,s039951078,data/obfuscated/p03951/s039951078_fla_bcf_instsub.elf,data/seeds/p03951/p03951_seed.txt
p03951,s039951078,data/obfuscated/p03951/s039951078_fla_instsub.elf,data/seeds/p03951/p03951_seed.txt
p03951,s039951078,data/obfuscated/p03951/s039951078_instsub.elf,data/seeds/p03951/p03951_seed.txt
p03955,s906186182,data/obfuscated/p03955/s906186182_bcf.elf,data/seeds/p03955/p03955_seed.txt
p03955,s906186182,data/obfuscated/p03955/s906186182_bcf_instsub.elf,data/seeds/p03955/p03955_seed.txt
p03955,s906186182,data/obfuscated/p03955/s906186182_fla.elf,data/seeds/p03955/p03955_seed.txt
p03955,s906186182,data/obfuscated/p03955/s906186182_fla_bcf.elf,data/seeds/p03955/p03955_seed.txt
p03955,s906186182,data/obfuscated/p03955/s906186182_fla_bcf_instsub.elf,data/seeds/p03955/p03955_seed.txt
p03955,s906186182,data/obfuscated/p03955/s906186182_fla_instsub.elf,data/seeds/p03955/p03955_seed.txt
p03955,s906186182,data/obfuscated/p03955/s906186182_instsub.elf,data/seeds/p03955/p03955_seed.txt
p03963,s321185664,data/obfuscated/p03963/s321185664_bcf.elf,data/seeds/p03963/p03963_seed.txt
p03963,s321185664,data/obfuscated/p03963/s321185664_bcf_instsub.elf,data/seeds/p03963/p03963_seed.txt
p03963,s321185664,data/obfuscated/p03963/s321185664_fla.elf,data/seeds/p03963/p03963_seed.txt
p03963,s321185664,data/obfuscated/p03963/s321185664_fla_bcf.elf,data/seeds/p03963/p03963_seed.txt
p03963,s321185664,data/obfuscated/p03963/s321185664_fla_bcf_instsub.elf,data/seeds/p03963/p03963_seed.txt
p03963,s321185664,data/obfuscated/p03963/s321185664_fla_instsub.elf,data/seeds/p03963/p03963_seed.txt
p03963,s321185664,data/obfuscated/p03963/s321185664_instsub.elf,data/seeds/p03963/p03963_seed.txt
p03970,s557095344,data/obfuscated/p03970/s557095344_bcf.elf,data/seeds/p03970/p03970_seed.txt
p03970,s557095344,data/obfuscated/p03970/s557095344_bcf_instsub.elf,data/seeds/p03970/p03970_seed.txt
p03970,s557095344,data/obfuscated/p03970/s557095344_fla.elf,data/seeds/p03970/p03970_seed.txt
p03970,s557095344,data/obfuscated/p03970/s557095344_fla_bcf.elf,data/seeds/p03970/p03970_seed.txt
p03970,s557095344,data/obfuscated/p03970/s557095344_fla_bcf_instsub.elf,data/seeds/p03970/p03970_seed.txt
p03970,s557095344,data/obfuscated/p03970/s557095344_fla_instsub.elf,data/seeds/p03970/p03970_seed.txt
p03970,s557095344,data/obfuscated/p03970/s557095344_instsub.elf,data/seeds/p03970/p03970_seed.txt
p03971,s282722527,data/obfuscated/p03971/s282722527_bcf.elf,data/seeds/p03971/p03971_seed.txt
p03971,s282722527,data/obfuscated/p03971/s282722527_bcf_instsub.elf,data/seeds/p03971/p03971_seed.txt
p03971,s282722527,data/obfuscated/p03971/s282722527_fla.elf,data/seeds/p03971/p03971_seed.txt
p03971,s282722527,data/obfuscated/p03971/s282722527_fla_bcf.elf,data/seeds/p03971/p03971_seed.txt
p03971,s282722527,data/obfuscated/p03971/s282722527_fla_bcf_instsub.elf,data/seeds/p03971/p03971_seed.txt
p03971,s282722527,data/obfuscated/p03971/s282722527_fla_instsub.elf,data/seeds/p03971/p03971_seed.txt
p03971,s282722527,data/obfuscated/p03971/s282722527_instsub.elf,data/seeds/p03971/p03971_seed.txt
p03993,s657836832,data/obfuscated/p03993/s657836832_bcf.elf,data/seeds/p03993/p03993_seed.txt
p03993,s657836832,data/obfuscated/p03993/s657836832_bcf_instsub.elf,data/seeds/p03993/p03993_seed.txt
p03993,s657836832,data/obfuscated/p03993/s657836832_fla.elf,data/seeds/p03993/p03993_seed.txt
p03993,s657836832,data/obfuscated/p03993/s657836832_fla_bcf.elf,data/seeds/p03993/p03993_seed.txt
p03993,s657836832,data/obfuscated/p03993/s657836832_fla_bcf_instsub.elf,data/seeds/p03993/p03993_seed.txt
p03993,s657836832,data/obfuscated/p03993/s657836832_fla_instsub.elf,data/seeds/p03993/p03993_seed.txt
p03993,s657836832,data/obfuscated/p03993/s657836832_instsub.elf,data/seeds/p03993/p03993_seed.txt
p03999,s715181884,data/obfuscated/p03999/s715181884_bcf.elf,data/seeds/p03999/p03999_seed.txt
p03999,s715181884,data/obfuscated/p03999/s715181884_bcf_instsub.elf,data/seeds/p03999/p03999_seed.txt
p03999,s715181884,data/obfuscated/p03999/s715181884_fla.elf,data/seeds/p03999/p03999_seed.txt
p03999,s715181884,data/obfuscated/p03999/s715181884_fla_bcf.elf,data/seeds/p03999/p03999_seed.txt
p03999,s715181884,data/obfuscated/p03999/s715181884_fla_bcf_instsub.elf,data/seeds/p03999/p03999_seed.txt
p03999,s715181884,data/obfuscated/p03999/s715181884_fla_instsub.elf,data/seeds/p03999/p03999_seed.txt
p03999,s715181884,data/obfuscated/p03999/s715181884_instsub.elf,data/seeds/p03999/p03999_seed.txt
p04006,s781098801,data/obfuscated/p04006/s781098801_bcf.elf,data/seeds/p04006/p04006_seed.txt
p04006,s781098801,data/obfuscated/p04006/s781098801_bcf_instsub.elf,data/seeds/p04006/p04006_seed.txt
p04006,s781098801,data/obfuscated/p04006/s781098801_fla.elf,data/seeds/p04006/p04006_seed.txt
p04006,s781098801,data/obfuscated/p04006/s781098801_fla_bcf.elf,data/seeds/p04006/p04006_seed.txt
p04006,s781098801,data/obfuscated/p04006/s781098801_fla_bcf_instsub.elf,data/seeds/p04006/p04006_seed.txt
p04006,s781098801,data/obfuscated/p04006/s781098801_fla_instsub.elf,data/seeds/p04006/p04006_seed.txt
p04006,s781098801,data/obfuscated/p04006/s781098801_instsub.elf,data/seeds/p04006/p04006_seed.txt
p04011,s899787106,data/obfuscated/p04011/s899787106_bcf.elf,data/seeds/p04011/p04011_seed.txt
p04011,s899787106,data/obfuscated/p04011/s899787106_bcf_instsub.elf,data/seeds/p04011/p04011_seed.txt
p04011,s899787106,data/obfuscated/p04011/s899787106_fla.elf,data/seeds/p04011/p04011_seed.txt
p04011,s899787106,data/obfuscated/p04011/s899787106_fla_bcf.elf,data/seeds/p04011/p04011_seed.txt
p04011,s899787106,data/obfuscated/p04011/s899787106_fla_bcf_instsub.elf,data/seeds/p04011/p04011_seed.txt
p04011,s899787106,data/obfuscated/p04011/s899787106_fla_instsub.elf,data/seeds/p04011/p04011_seed.txt
p04011,s899787106,data/obfuscated/p04011/s899787106_instsub.elf,data/seeds/p04011/p04011_seed.txt
p04012,s735384500,data/obfuscated/p04012/s735384500_bcf.elf,data/seeds/p04012/p04012_seed.txt
p04012,s735384500,data/obfuscated/p04012/s735384500_bcf_instsub.elf,data/seeds/p04012/p04012_seed.txt
p04012,s735384500,data/obfuscated/p04012/s735384500_fla.elf,data/seeds/p04012/p04012_seed.txt
p04012,s735384500,data/obfuscated/p04012/s735384500_fla_bcf.elf,data/seeds/p04012/p04012_seed.txt
p04012,s735384500,data/obfuscated/p04012/s735384500_fla_bcf_instsub.elf,data/seeds/p04012/p04012_seed.txt
p04012,s735384500,data/obfuscated/p04012/s735384500_fla_instsub.elf,data/seeds/p04012/p04012_seed.txt
p04012,s735384500,data/obfuscated/p04012/s735384500_instsub.elf,data/seeds/p04012/p04012_seed.txt
p04029,s536667984,data/obfuscated/p04029/s536667984_bcf.elf,data/seeds/p04029/p04029_seed.txt
p04029,s536667984,data/obfuscated/p04029/s536667984_bcf_instsub.elf,data/seeds/p04029/p04029_seed.txt
p04029,s536667984,data/obfuscated/p04029/s536667984_fla.elf,data/seeds/p04029/p04029_seed.txt
p04029,s536667984,data/obfuscated/p04029/s536667984_fla_bcf.elf,data/seeds/p04029/p04029_seed.txt
p04029,s536667984,data/obfuscated/p04029/s536667984_fla_bcf_instsub.elf,data/seeds/p04029/p04029_seed.txt
p04029,s536667984,data/obfuscated/p04029/s536667984_fla_instsub.elf,data/seeds/p04029/p04029_seed.txt
p04029,s536667984,data/obfuscated/p04029/s536667984_instsub.elf,data/seeds/p04029/p04029_seed.txt
