dataset,level,sample_id,stage,functions,blocks,instructions,conditional_branches,calls,direct_calls,indirect_calls,intrinsics,allocas,loads,stores,geps,phis,selects,switches,unreachable,memory_ops,scalar_cleanup_ops,vector_instructions,structural_sha256
own_v1,O1,h00001,raw_lift,26,113,1201,41,34,29,5,7,0,73,181,5,2,9,0,3,259,392,0,2dd13e26d3b04779ff2e03c5679c1ad413196b65477044687a2135a685d65c8d
own_v1,O1,h00001,brightened_main,9,44,669,4,12,10,2,4,1,64,322,39,37,10,1,0,426,115,0,aed4220576f5f0245c776e2a1f25872942ad9a5350b32cbb844d6ef1ea7e35f4
own_v1,O1,h00001,bundle_verified_input,9,44,669,4,12,10,2,4,1,64,322,39,37,10,1,0,426,115,0,7514a0462ab4725d617e6ee9e63d746f3b5c4dc9bded092dab34327239c8b11d
own_v1,O1,h00001,bundle_pointer_opt,9,44,646,4,12,10,2,4,1,64,322,39,28,10,1,0,426,94,0,9ddf06a7d63c6097673fd46c7b074dce5cf404f8c0ba5908123b97832671e56d
own_v1,O1,h00001,bundle_standard_opt_3,9,44,620,4,12,10,2,4,1,54,306,39,28,10,1,0,400,94,0,c202d03b03838f7b07079d8d1c3dd468cd40ba79e31d54b04f6ad907b857228b
own_v1,O1,h00001,bundle_storage_delift,9,44,620,4,12,10,2,4,1,54,306,39,28,10,1,0,400,94,0,c202d03b03838f7b07079d8d1c3dd468cd40ba79e31d54b04f6ad907b857228b
own_v1,O1,h00001,bundle_residual_strip,9,44,620,4,12,10,2,4,1,54,306,39,28,10,1,0,400,94,0,c202d03b03838f7b07079d8d1c3dd468cd40ba79e31d54b04f6ad907b857228b
own_v1,O1,h00001,final_clean,9,44,574,4,12,10,2,4,1,54,260,39,28,10,1,0,354,94,0,7dc657462d364ac7f6baa406a0ab27707978b5965481562e97ee53b71fb459df
own_v1,O1,h00002,raw_lift,26,112,1212,41,39,34,5,10,0,70,203,5,2,9,0,4,278,363,0,60acc388592260aced217587660b1d4132385efd4f58035b0677a605e3c2c0b8
own_v1,O1,h00002,brightened_main,2,26,222,2,9,9,0,5,4,22,37,53,3,10,1,1,116,37,0,4c6405f4a13814b63cdaa79cc88e30c7312e821b7ae217b1deaa70e4aaf4d370
own_v1,O1,h00002,bundle_verified_input,2,26,222,2,9,9,0,5,4,22,37,53,3,10,1,1,116,37,0,818a78fd85b6fd6b06e693909f89ec1569d0b5538ca9857c7da84cd9846f2eff
own_v1,O1,h00002,bundle_pointer_opt,2,26,222,2,9,9,0,5,4,22,37,53,3,10,1,1,116,37,0,bcda0958696489d168d268ff0c96cb8e52f117976d7b1386f8e949b295143ba9
own_v1,O1,h00002,bundle_standard_opt_3,2,26,199,2,9,9,0,5,4,22,37,30,3,10,1,1,93,37,0,8cbb8f6d197367b81616c432d2d65e76ff2c0526430ea287e0e6517d17b79fa5
own_v1,O1,h00002,bundle_storage_delift,2,26,199,2,9,9,0,5,4,22,37,30,3,10,1,1,93,37,0,8cbb8f6d197367b81616c432d2d65e76ff2c0526430ea287e0e6517d17b79fa5
own_v1,O1,h00002,bundle_residual_strip,2,26,199,2,9,9,0,5,4,22,37,30,3,10,1,1,93,37,0,8cbb8f6d197367b81616c432d2d65e76ff2c0526430ea287e0e6517d17b79fa5
own_v1,O1,h00002,final_clean,1,25,198,2,9,9,0,5,4,21,37,30,4,10,1,1,92,38,0,428e132d2288fc88a142b55ce3783b0e67ff7d538f8bdfe5c9572b027da5ca34
own_v1,O1,h00003,raw_lift,26,123,1288,46,40,35,5,11,0,81,226,5,2,12,0,3,312,397,0,1106b42c668a433454c61ff9c3cfb63e43a4d5dc233da43df191a7e3ab8d05b0
own_v1,O1,h00003,brightened_main,2,34,231,1,5,5,0,1,2,30,54,52,2,11,1,0,138,31,0,92a02d90f14d9d0d8b0f790da81dd216ba671ca31a11e771c3e41fe8ca2d580e
own_v1,O1,h00003,bundle_verified_input,2,34,231,1,5,5,0,1,2,30,54,52,2,11,1,0,138,31,0,5d0d878bc7caf49641155687e38b3447731491039db238e56f2c6d61dd8a4059
own_v1,O1,h00003,bundle_pointer_opt,2,34,231,1,5,5,0,1,2,30,54,52,2,11,1,0,138,31,0,9275cf1c21bcaa62dbf58e224fa4f13562c752a397c824bfefec3bce39bfe538
own_v1,O1,h00003,bundle_standard_opt_3,2,34,202,1,5,5,0,1,2,30,54,23,2,11,1,0,109,31,0,a318f416c01ac1f0c13fc2b96dfc457820798f0c58234a60a86807ba73be760d
own_v1,O1,h00003,bundle_storage_delift,2,34,202,1,5,5,0,1,2,30,54,23,2,11,1,0,109,31,0,a318f416c01ac1f0c13fc2b96dfc457820798f0c58234a60a86807ba73be760d
own_v1,O1,h00003,bundle_residual_strip,2,34,202,1,5,5,0,1,2,30,54,23,2,11,1,0,109,31,0,a318f416c01ac1f0c13fc2b96dfc457820798f0c58234a60a86807ba73be760d
own_v1,O1,h00003,final_clean,1,33,201,1,5,5,0,1,2,30,54,23,2,11,1,0,109,31,0,8fa64b62a2fdabe0ca33bfb6a537c07e705a61cd4f3de157152b4386ccf6e470
own_v1,O1,h00004,raw_lift,28,106,1472,37,56,51,5,21,0,93,316,5,6,10,2,3,414,432,0,2b73e73c8937393feebdb35b1b2e7c6973d02a5d4990d8eaea9048015ba1899a
own_v1,O1,h00004,brightened_main,10,40,1131,4,33,31,2,14,5,133,520,77,33,20,1,0,735,179,0,73586b54df6c383700bbc6952c513c2a8c36c5a05ea3c3605ce677097c2cf89c
own_v1,O1,h00004,bundle_verified_input,10,40,1131,4,33,31,2,14,5,133,520,77,33,20,1,0,735,179,0,f88dbbec9a0ab07ff4e31f59ea69f99a006ed12e5ec067feb5ad2df50cb24edf
own_v1,O1,h00004,bundle_pointer_opt,10,40,1127,4,33,31,2,14,5,133,520,77,33,20,1,0,735,175,0,9f3c10824de081c7416cc303c7a289522c7690b480b4cc6511d811a2ac6e1b23
own_v1,O1,h00004,bundle_standard_opt_3,10,40,1033,4,31,29,2,14,5,97,466,77,33,20,1,0,645,173,0,b649e7e732527a721b30771b667bc0fbaf167466ae6f7a108236a520c133b989
own_v1,O1,h00004,bundle_storage_delift,10,40,1033,4,31,29,2,14,5,97,466,77,33,20,1,0,645,173,0,b649e7e732527a721b30771b667bc0fbaf167466ae6f7a108236a520c133b989
own_v1,O1,h00004,bundle_residual_strip,10,40,1033,4,31,29,2,14,5,97,466,77,33,20,1,0,645,173,0,b649e7e732527a721b30771b667bc0fbaf167466ae6f7a108236a520c133b989
own_v1,O1,h00004,final_clean,10,40,964,4,30,28,2,13,5,97,407,77,33,20,1,0,586,170,0,e754adb72d047eaf7831fddcc50b498a7cd5cbbbe9858f6e7daa5e3c80ab6f26
own_v1,O1,h00005,raw_lift,28,97,1082,32,42,37,5,11,0,73,205,5,2,6,0,3,283,318,0,bd23d2e4be7fdf498bf9999d814484f8a269ad6da06c0e7316a72f66e30960a4
own_v1,O1,h00005,brightened_main,9,35,715,4,14,12,2,4,1,81,364,35,37,7,1,0,481,113,0,8e8df4f4d9d188079301ae0b881babbc92e43ce1c311f2b3dccffc02f0a9315e
own_v1,O1,h00005,bundle_verified_input,9,35,715,4,14,12,2,4,1,81,364,35,37,7,1,0,481,113,0,7e68ce9db132601d18dfd8f795ca537922ba6adf3ee50f24ec49fe0e4a65c651
own_v1,O1,h00005,bundle_pointer_opt,9,35,706,4,14,12,2,4,1,81,364,35,32,7,1,0,481,105,0,39b93fe48c6b62f59c18167356d2cd8e0c53d6c9faf71324fa075b51569dd927
own_v1,O1,h00005,bundle_standard_opt_3,9,35,668,4,14,12,2,4,1,71,336,35,32,7,1,0,443,105,0,9148cf7b8440108f9aa1d3b1d118ad3834515ed491d8561c8c3307848bdaf536
own_v1,O1,h00005,bundle_storage_delift,9,35,668,4,14,12,2,4,1,71,336,35,32,7,1,0,443,105,0,9148cf7b8440108f9aa1d3b1d118ad3834515ed491d8561c8c3307848bdaf536
own_v1,O1,h00005,bundle_residual_strip,9,35,668,4,14,12,2,4,1,71,336,35,32,7,1,0,443,105,0,9148cf7b8440108f9aa1d3b1d118ad3834515ed491d8561c8c3307848bdaf536
own_v1,O1,h00005,final_clean,9,35,619,4,14,12,2,4,1,71,287,35,32,7,1,0,394,105,0,51d1c9f4031c542074c86894c36a98f42edf0ee913ba1aebca057ad41ef75865
own_v1,O1,h00006,raw_lift,26,127,1347,48,34,29,5,7,0,86,195,5,2,11,0,3,286,450,0,f4561745197f8c7973dbf8b3dfad384b803f4dce9a002e4e511ef1cc6d9b918a
own_v1,O1,h00006,brightened_main,9,49,813,2,13,11,2,5,1,74,423,47,32,12,1,0,545,110,0,e522ef4ff5e11a00b99be63c28851ecc42ca8b2d8a2483f63587b022d6b7567d
own_v1,O1,h00006,bundle_verified_input,9,49,813,2,13,11,2,5,1,74,423,47,32,12,1,0,545,110,0,6a250c20feb9e763bbd98785f6b1749ab07c933b16cf33a889699a71a589b4e0
own_v1,O1,h00006,bundle_pointer_opt,9,49,789,2,13,11,2,5,1,74,423,47,24,12,1,0,545,92,0,f3247d9ad6805fd697690bb5d0a5fda6e7839f3775c70e563bd202465dc8b4af
own_v1,O1,h00006,bundle_standard_opt_3,9,49,763,2,13,11,2,5,1,64,407,47,24,12,1,0,519,92,0,c3b1f57e38b285a42637d0a955f208b59ce46a8507c70f5a14b08a5ab3fa9cfc
own_v1,O1,h00006,bundle_storage_delift,9,49,763,2,13,11,2,5,1,64,407,47,24,12,1,0,519,92,0,c3b1f57e38b285a42637d0a955f208b59ce46a8507c70f5a14b08a5ab3fa9cfc
own_v1,O1,h00006,bundle_residual_strip,9,49,763,2,13,11,2,5,1,64,407,47,24,12,1,0,519,92,0,c3b1f57e38b285a42637d0a955f208b59ce46a8507c70f5a14b08a5ab3fa9cfc
own_v1,O1,h00006,final_clean,9,49,642,2,13,11,2,5,1,64,286,47,24,12,1,0,398,92,0,f4a0541f7d33affdbf08fbf6943eb45617d613d49f85fbe8b6a9c74ca4d5688c
own_v1,O1,h00007,raw_lift,27,147,1633,57,39,34,5,11,0,97,240,6,2,11,0,3,343,535,0,a2817034ff3900955ea32d3f9ef4bbcf18117a4e06f30c71a7cca6bddd784745
own_v1,O1,h00007,brightened_main,10,48,1064,9,13,11,2,4,1,113,550,34,66,12,2,0,698,188,0,203eb0a5c746b86101294d3518fd29c9f6f7c9844d28cf77aca0919bf404f9d2
own_v1,O1,h00007,bundle_verified_input,10,48,1064,9,13,11,2,4,1,113,550,34,66,12,2,0,698,188,0,f192d6ae780739e8d8d109930d9cf474c7e10e2e9a2429c5b8ebe580194596ff
own_v1,O1,h00007,bundle_pointer_opt,10,48,1051,9,13,11,2,4,1,113,550,34,66,12,2,0,698,175,0,590890e2e6aaf23c6ae66354486a5c7aa0e4e7156cd2c285cbdf291c3d967600
own_v1,O1,h00007,bundle_standard_opt_3,10,48,986,9,13,11,2,4,1,101,503,34,64,12,2,0,639,170,0,2a2c7d7325ba49af1fa9cea0739dfdd5cda84a6642f1def13b316f8bf074e6e4
own_v1,O1,h00007,bundle_storage_delift,10,48,986,9,13,11,2,4,1,101,503,34,64,12,2,0,639,170,0,2a2c7d7325ba49af1fa9cea0739dfdd5cda84a6642f1def13b316f8bf074e6e4
own_v1,O1,h00007,bundle_residual_strip,10,48,986,9,13,11,2,4,1,101,503,34,64,12,2,0,639,170,0,2a2c7d7325ba49af1fa9cea0739dfdd5cda84a6642f1def13b316f8bf074e6e4
own_v1,O1,h00007,final_clean,10,48,919,9,13,11,2,4,1,101,438,34,64,12,2,0,574,169,0,2fb2b5b2f96284414ee8d17ff2499d6b109e114b83e96b988749917ecb66cc9d
own_v1,O1,h00008,raw_lift,27,110,1244,39,40,35,5,10,0,84,212,5,2,8,0,3,301,397,0,b70749730895daabac82dc2e820194a8fd255406f88f8a4b6b0891fff3dd0589
own_v1,O1,h00008,brightened_main,9,44,924,6,20,18,2,6,1,94,497,40,41,9,2,0,632,134,0,20aef7083d1d0c648706f443094de7728bfab961c9c633f0e1a57b4e55ee3d39
own_v1,O1,h00008,bundle_verified_input,9,44,924,6,20,18,2,6,1,94,497,40,41,9,2,0,632,134,0,84828737e8e58fbde4be725ecf794ef6060285e93ae40a7e26cfa34b702e3256
own_v1,O1,h00008,bundle_pointer_opt,9,44,909,6,20,18,2,6,1,94,497,40,36,9,2,0,632,120,0,0796993c1f1132b352feac840f01810d07ca49b37991772d0ce60c05fb2b5ca4
own_v1,O1,h00008,bundle_standard_opt_3,9,44,887,6,20,18,2,6,1,86,483,40,36,9,2,0,610,120,0,dc8dad2a7ea858f10591b06d5cade9309e1b3d32b0c2fa1907f550d552bcc238
own_v1,O1,h00008,bundle_storage_delift,9,44,887,6,20,18,2,6,1,86,483,40,36,9,2,0,610,120,0,dc8dad2a7ea858f10591b06d5cade9309e1b3d32b0c2fa1907f550d552bcc238
own_v1,O1,h00008,bundle_residual_strip,9,44,887,6,20,18,2,6,1,86,483,40,36,9,2,0,610,120,0,dc8dad2a7ea858f10591b06d5cade9309e1b3d32b0c2fa1907f550d552bcc238
own_v1,O1,h00008,final_clean,9,44,795,6,20,18,2,6,1,86,392,40,36,9,2,0,519,119,0,ea246995e135299cbed1e054abdfc67bc4d12a2c64b085f6c0ea9439e2a164b2
own_v1,O1,h00009,raw_lift,26,147,1361,58,36,31,5,8,0,86,216,5,2,16,0,3,307,426,0,8410b56e1dae27b59d951ee9cecfd837d7595b58ac1bb1abbe5afaf007023976
own_v1,O1,h00009,brightened_main,2,46,271,1,4,4,0,1,3,40,63,53,0,15,1,0,159,32,0,b6fc975d609a1d14c5403c659b314a6e20405660af9d3254bd8756ba0d6d4c07
own_v1,O1,h00009,bundle_verified_input,2,46,271,1,4,4,0,1,3,40,63,53,0,15,1,0,159,32,0,c2dda85470530bf12d159548dfb3a46eed55adfe48cb63eba74851c49614346d
own_v1,O1,h00009,bundle_pointer_opt,2,46,271,1,4,4,0,1,3,40,63,53,0,15,1,0,159,32,0,9b3537fc5c336f1e60d6956f77ecee096d28305b202d516686d1a929ada75c97
own_v1,O1,h00009,bundle_standard_opt_3,2,46,239,1,4,4,0,1,3,40,63,21,0,15,1,0,127,32,0,6b25db37f8580f4b4fbd193111dd22e741a9c5ce4da11f1669dbc4dc9e7578c9
own_v1,O1,h00009,bundle_storage_delift,2,46,239,1,4,4,0,1,3,40,63,21,0,15,1,0,127,32,0,6b25db37f8580f4b4fbd193111dd22e741a9c5ce4da11f1669dbc4dc9e7578c9
own_v1,O1,h00009,bundle_residual_strip,2,46,239,1,4,4,0,1,3,40,63,21,0,15,1,0,127,32,0,6b25db37f8580f4b4fbd193111dd22e741a9c5ce4da11f1669dbc4dc9e7578c9
own_v1,O1,h00009,final_clean,1,45,238,1,4,4,0,1,3,40,63,21,0,15,1,0,127,32,0,ecdb0d334552d5bbf8c0a72f59a3be96adacedf6a91cdf8d56644d2b93e1fc50
own_v1,O1,h00010,raw_lift,30,124,1513,44,43,37,6,10,0,112,234,8,2,10,0,3,354,445,0,8cbbe7eecd8c3c6346b6f8b00f44c5eef2f164ff2c8c7ac870cac902b909ef68
own_v1,O1,h00010,brightened_main,11,49,1175,4,25,22,3,12,4,138,576,73,37,13,2,0,791,167,0,b4481be8efb8dec3312ae400dc95010e3ecc5523836b2e893fe845c46eeefc60
own_v1,O1,h00010,bundle_verified_input,11,49,1175,4,25,22,3,12,4,138,576,73,37,13,2,0,791,167,0,20b73c2ab47ab7142131618d43978e1b63bd51bc4ca9d8af0508e81d48c4ba08
own_v1,O1,h00010,bundle_pointer_opt,11,49,1155,4,25,22,3,12,4,136,576,71,31,13,2,0,787,156,0,a8a05bccabb8c27df44b4287db164fbc5d64cd2846b6474cb8d826879b7ebaef
own_v1,O1,h00010,bundle_standard_opt_3,11,49,1039,4,24,21,3,12,4,100,498,71,31,13,2,0,673,155,0,5e15d6ebde96d7380fa48fc7995054e351854b6c0d377c5f5e67ed1beddf2262
own_v1,O1,h00010,bundle_storage_delift,11,49,1039,4,24,21,3,12,4,100,498,71,31,13,2,0,673,155,0,5e15d6ebde96d7380fa48fc7995054e351854b6c0d377c5f5e67ed1beddf2262
own_v1,O1,h00010,bundle_residual_strip,11,49,1039,4,24,21,3,12,4,100,498,71,31,13,2,0,673,155,0,5e15d6ebde96d7380fa48fc7995054e351854b6c0d377c5f5e67ed1beddf2262
own_v1,O1,h00010,final_clean,11,49,932,4,24,21,3,12,4,100,391,71,31,13,2,0,566,155,0,5c0182e37be9ef3a9346e1d7b61c3a8b8feaa36f5fa244ddfb03b834739af4f5
own_v1,O1,h00011,raw_lift,26,102,1082,36,34,29,5,7,0,70,174,5,3,7,1,3,249,344,0,97c2d2bcf35688d91a097d0c773741fdea08bfacdcab7df22307ff1e4cd19677
own_v1,O1,h00011,brightened_main,2,24,177,2,3,3,0,1,2,23,39,39,4,6,2,0,103,21,0,c34c5a1b958356081c2271ee1cc3feee41b990b57800f59d9e9be0a234d444e5
own_v1,O1,h00011,bundle_verified_input,2,24,177,2,3,3,0,1,2,23,39,39,4,6,2,0,103,21,0,84e2606beadc2e74fd512fd913dfaf148a9d1b7e54058a99aab8b58d98729c20
own_v1,O1,h00011,bundle_pointer_opt,2,24,177,2,3,3,0,1,2,23,39,39,4,6,2,0,103,21,0,4c8f68744d9abd87b31c50dcb1205bfd3f699a69f82d4a930b0ea6706a53af05
own_v1,O1,h00011,bundle_standard_opt_3,2,24,156,2,3,3,0,1,2,23,39,18,4,6,2,0,82,21,0,9361c75063742f5e7400b6652672777ecff994ed7af52b29492a21a7ad2c0aa7
own_v1,O1,h00011,bundle_storage_delift,2,24,156,2,3,3,0,1,2,23,39,18,4,6,2,0,82,21,0,9361c75063742f5e7400b6652672777ecff994ed7af52b29492a21a7ad2c0aa7
own_v1,O1,h00011,bundle_residual_strip,2,24,156,2,3,3,0,1,2,23,39,18,4,6,2,0,82,21,0,9361c75063742f5e7400b6652672777ecff994ed7af52b29492a21a7ad2c0aa7
own_v1,O1,h00011,final_clean,1,23,155,2,3,3,0,1,2,23,39,18,4,6,2,0,82,21,0,f7b5eb55127730e7f2626594a1a8ac8ccc2d366724e70a8f2e2be9de4dbff151
own_v1,O1,h00012,raw_lift,26,83,1002,26,35,30,5,8,0,59,159,5,2,4,0,3,223,317,0,e3aba7a84f5720bc07412fc1df8eb274ffb0797f9986486d158781baa5886bc8
own_v1,O1,h00012,brightened_main,2,15,118,1,2,2,0,0,2,13,26,23,2,3,1,0,64,10,0,f4f46e5b7d0d758a216fdea718167624ca8b88ef6293ddafa69c7b78c0416d55
own_v1,O1,h00012,bundle_verified_input,2,15,118,1,2,2,0,0,2,13,26,23,2,3,1,0,64,10,0,108c0c61199b37c948da3f1e6f542b478d61ab48d474f045455b3f7e20533abd
own_v1,O1,h00012,bundle_pointer_opt,2,15,118,1,2,2,0,0,2,13,26,23,2,3,1,0,64,10,0,5a691e22c62d1caf2ab56d6337c8d8ed1f35c7dd15015c653c254723a545d02b
own_v1,O1,h00012,bundle_standard_opt_3,2,15,108,1,2,2,0,0,2,13,26,13,2,3,1,0,54,10,0,074655adafab2d2fce663f92340a616962629aab90b0976fb5487f02285e544c
own_v1,O1,h00012,bundle_storage_delift,2,15,108,1,2,2,0,0,2,13,26,13,2,3,1,0,54,10,0,074655adafab2d2fce663f92340a616962629aab90b0976fb5487f02285e544c
own_v1,O1,h00012,bundle_residual_strip,2,15,108,1,2,2,0,0,2,13,26,13,2,3,1,0,54,10,0,074655adafab2d2fce663f92340a616962629aab90b0976fb5487f02285e544c
own_v1,O1,h00012,final_clean,1,14,107,1,2,2,0,0,2,13,26,13,2,3,1,0,54,10,0,cd97482deb76c89056dd371084852360ac416baf1573942b71e653bae3d95060
own_v1,O1,h00013,raw_lift,26,94,1005,33,37,32,5,7,0,65,191,5,2,5,0,6,261,283,0,e10a39e6f98b6ed2b0724fae4e3de897d84fd4be6417ab14f74123181b9f156a
own_v1,O1,h00013,brightened_main,2,18,147,1,3,3,0,1,4,22,31,29,0,4,1,0,86,10,0,fdc8e409d3d2a7bf4a07f62e491a6431018daba41cc20f15c672cf05756a8502
own_v1,O1,h00013,bundle_verified_input,2,18,147,1,3,3,0,1,4,22,31,29,0,4,1,0,86,10,0,af388a568db442b531cc23c0be85fdb625d0d1bbfac6fd4b239d68053b6a871b
own_v1,O1,h00013,bundle_pointer_opt,2,18,147,1,3,3,0,1,4,22,31,29,0,4,1,0,86,10,0,46d723ee69e4fda205db8f47102ab0d85ea741b2d37c212db8fa4f0e3ac5b7d8
own_v1,O1,h00013,bundle_standard_opt_3,2,18,135,1,3,3,0,1,4,22,31,17,0,4,1,0,74,10,0,962e4d97f75b4b0f60eb19ebe137c32d3d3e8ebd0a5ea686e2bd7ce96c168cb7
own_v1,O1,h00013,bundle_storage_delift,2,18,135,1,3,3,0,1,4,22,31,17,0,4,1,0,74,10,0,962e4d97f75b4b0f60eb19ebe137c32d3d3e8ebd0a5ea686e2bd7ce96c168cb7
own_v1,O1,h00013,bundle_residual_strip,2,18,135,1,3,3,0,1,4,22,31,17,0,4,1,0,74,10,0,962e4d97f75b4b0f60eb19ebe137c32d3d3e8ebd0a5ea686e2bd7ce96c168cb7
own_v1,O1,h00013,final_clean,1,17,134,1,3,3,0,1,4,22,31,17,0,4,1,0,74,10,0,35d5beadc50a18918654b0e1b5c5ac79be976c9fc62adae6da82037191c16c3a
own_v1,O1,h00014,raw_lift,27,151,1862,61,49,44,5,15,0,107,298,8,2,14,0,7,413,610,0,2588e2a878be21913c57d77890381521f549247be6910f9226c4006b0c65e4bd
own_v1,O1,h00014,brightened_main,3,48,1314,6,9,9,0,4,4,134,701,10,51,13,4,0,849,222,0,cd8d159bb7629d3cef36aee608570e5d5db857eb56a37b7b85f2612f0cd33d04
own_v1,O1,h00014,bundle_verified_input,3,48,1314,6,9,9,0,4,4,134,701,10,51,13,4,0,849,222,0,7193ea081373b8320c59926e5b73b93c9fa6946e8d157628aae9ac21e4245a17
own_v1,O1,h00014,bundle_pointer_opt,3,48,1305,6,9,9,0,4,4,134,701,10,51,13,4,0,849,213,0,f41572343f9b1dc88922b1dda9529c6b9bfd560906f19e65bcd178de14d0948f
own_v1,O1,h00014,bundle_standard_opt_3,3,48,1189,6,9,9,0,4,4,103,639,10,49,13,4,0,756,209,0,eb1aa83ff2055bbcdb424331710666e2e1ab53dbd752ea6d5c144fd84ae97f10
own_v1,O1,h00014,bundle_storage_delift,3,48,1189,6,9,9,0,4,4,103,639,10,49,13,4,0,756,209,0,eb1aa83ff2055bbcdb424331710666e2e1ab53dbd752ea6d5c144fd84ae97f10
own_v1,O1,h00014,bundle_residual_strip,3,48,1189,6,9,9,0,4,4,103,639,10,49,13,4,0,756,209,0,eb1aa83ff2055bbcdb424331710666e2e1ab53dbd752ea6d5c144fd84ae97f10
own_v1,O1,h00014,final_clean,2,47,1095,6,9,9,0,4,4,101,550,10,49,13,4,0,665,207,0,23444209de4602f292e8f52df59f12c9b132b0a3825bac4bf69eb578a3dce791
own_v1,O1,h00015,raw_lift,26,115,1242,43,40,35,5,10,0,73,204,5,2,9,0,5,282,368,0,6c5219e1ba1a51c6339076fdee187be6950265dbf234bd719d6f4fa7ea705f0a
own_v1,O1,h00015,brightened_main,2,28,247,3,10,10,0,5,4,25,37,51,3,10,1,2,117,43,0,154e279d327a04bd68e6a62b91edf61bca4d1550efecd96dbcc23bdc469a7516
own_v1,O1,h00015,bundle_verified_input,2,28,247,3,10,10,0,5,4,25,37,51,3,10,1,2,117,43,0,6674e84255fb535e691f7768fcec26930ddd43b151176301b81913d785d4428f
own_v1,O1,h00015,bundle_pointer_opt,2,28,247,3,10,10,0,5,4,25,37,53,3,10,1,2,119,43,0,21871f1586d19b963c9d94c0ff399e233ce5598a2a06f0fe1af710b6de135fc1
own_v1,O1,h00015,bundle_standard_opt_3,2,28,218,3,11,11,0,6,4,24,35,28,3,10,1,2,91,42,0,59ae10c55a3dc9651b4510f058b85568c333faf98cd7884a87cf404528afbeeb
own_v1,O1,h00015,bundle_storage_delift,2,28,218,3,11,11,0,6,4,24,35,28,3,10,1,2,91,42,0,59ae10c55a3dc9651b4510f058b85568c333faf98cd7884a87cf404528afbeeb
own_v1,O1,h00015,bundle_residual_strip,2,28,218,3,11,11,0,6,4,24,35,28,3,10,1,2,91,42,0,59ae10c55a3dc9651b4510f058b85568c333faf98cd7884a87cf404528afbeeb
own_v1,O1,h00015,final_clean,1,27,217,3,11,11,0,6,4,23,35,28,4,10,1,2,90,43,0,a77e6cb61bd8eed488620abb65ce80b6b41db3e680667d4bb8b34f8d0e0367d0
own_v1,O1,h00016,raw_lift,26,119,1276,44,36,31,5,8,0,77,195,5,2,10,0,3,277,401,0,fd03a0e0c547583484c8b87962d5013dc037a45d748bb58479f6ecc2e41f3a40
own_v1,O1,h00016,brightened_main,2,32,265,1,8,8,0,5,4,28,64,57,2,10,1,0,153,34,0,1470ee44caeb26a5b75f356ed63266d0bb62341814ce47bd4ccbfc4a51cb8c21
own_v1,O1,h00016,bundle_verified_input,2,32,265,1,8,8,0,5,4,28,64,57,2,10,1,0,153,34,0,b2fe425d2d5d65689607e5539d0249d0d5fe536fa9d0f3e4afe29529c78cb676
own_v1,O1,h00016,bundle_pointer_opt,2,32,265,1,8,8,0,5,4,28,64,57,2,10,1,0,153,34,0,50700c4cd8524bb6e975ae846c1f378e113bd2a602481cd331d926657380dd32
own_v1,O1,h00016,bundle_standard_opt_3,2,32,240,1,8,8,0,5,4,28,64,32,2,10,1,0,128,34,0,f857eea2ba9706c75a91e43a4c57e247a0657b2a7922c136fb35c3b28a6a8ded
own_v1,O1,h00016,bundle_storage_delift,2,32,240,1,8,8,0,5,4,28,64,32,2,10,1,0,128,34,0,f857eea2ba9706c75a91e43a4c57e247a0657b2a7922c136fb35c3b28a6a8ded
own_v1,O1,h00016,bundle_residual_strip,2,32,240,1,8,8,0,5,4,28,64,32,2,10,1,0,128,34,0,f857eea2ba9706c75a91e43a4c57e247a0657b2a7922c136fb35c3b28a6a8ded
own_v1,O1,h00016,final_clean,1,31,239,1,8,8,0,5,4,28,64,32,2,10,1,0,128,34,0,cd75b2aee21b865febd4cd4cc9fb66c7aea560525fbb232ac72410b315c8b940
own_v1,O1,h00017,raw_lift,27,113,1543,42,54,49,5,19,0,84,297,4,4,12,0,6,385,474,0,aff4094c144daf299d162b010866a8946db876b96ba8c8c71f57a44976d9ac9d
own_v1,O1,h00017,brightened_main,9,42,1041,4,36,34,2,15,5,108,436,46,33,14,1,0,595,187,0,64c9eb8d83c9ba64fee5baeeb42450c40fb6aee53dcb28177c4b1d8f7a424495
own_v1,O1,h00017,bundle_verified_input,9,42,1041,4,36,34,2,15,5,108,436,46,33,14,1,0,595,187,0,a5312d69305d4671c5634286b5db3787c3ab5295d5fd13908f521a57291fd93a
own_v1,O1,h00017,bundle_pointer_opt,9,42,1035,4,36,34,2,15,5,108,436,46,29,14,1,0,595,181,0,c08f6356e756a28ff7062e122ff01cbb9d48eca73e9e08999da81deefd981306
own_v1,O1,h00017,bundle_standard_opt_3,9,42,932,4,34,32,2,15,5,72,375,46,27,14,1,0,498,177,0,cb8c70baff6c04ae3b52e9a1f9a8ebebaa5bf56593b4d4cd336e2bb83e2e0cf5
own_v1,O1,h00017,bundle_storage_delift,9,42,932,4,34,32,2,15,5,72,375,46,27,14,1,0,498,177,0,cb8c70baff6c04ae3b52e9a1f9a8ebebaa5bf56593b4d4cd336e2bb83e2e0cf5
own_v1,O1,h00017,bundle_residual_strip,9,42,932,4,34,32,2,15,5,72,375,46,27,14,1,0,498,177,0,cb8c70baff6c04ae3b52e9a1f9a8ebebaa5bf56593b4d4cd336e2bb83e2e0cf5
own_v1,O1,h00017,final_clean,9,42,866,4,33,31,2,14,5,72,319,46,27,14,1,0,442,174,0,657d84586a142eb7e028b95542a98eb911df651145e972d216768923c20277bf
own_v1,O1,h00018,raw_lift,27,152,1539,60,36,31,5,7,0,96,230,5,2,16,0,3,331,504,0,bcd7c909bb42cccd3f17368176439117444ce9eec9e56967ee317e38b5d9cbb6
own_v1,O1,h00018,brightened_main,9,63,1108,4,14,12,2,5,1,93,602,66,39,19,1,0,762,151,0,2ff181c2a8c8d3b1fb2d503cfaa2de346b3952d7cfbcc48477e3888ccce76b17
own_v1,O1,h00018,bundle_verified_input,9,63,1108,4,14,12,2,5,1,93,602,66,39,19,1,0,762,151,0,3e987ae6ad8ef1e3ef9d31ae0edf0f2ea27d6cb9de3ed4b7cb8426d9936d72c7
own_v1,O1,h00018,bundle_pointer_opt,9,63,1080,4,14,12,2,5,1,93,602,66,30,19,1,0,762,129,0,cbec70f2e18b4f03b0a75cc8efe544409dde50026da0d9dcdb4f035b9cd58422
own_v1,O1,h00018,bundle_standard_opt_3,9,63,1056,4,14,12,2,5,1,84,587,66,30,19,1,0,738,129,0,a73880ff311214005e058a2d364db4965cb046aa6e981d59f95114572e837d64
own_v1,O1,h00018,bundle_storage_delift,9,63,1056,4,14,12,2,5,1,84,587,66,30,19,1,0,738,129,0,a73880ff311214005e058a2d364db4965cb046aa6e981d59f95114572e837d64
own_v1,O1,h00018,bundle_residual_strip,9,63,1056,4,14,12,2,5,1,84,587,66,30,19,1,0,738,129,0,a73880ff311214005e058a2d364db4965cb046aa6e981d59f95114572e837d64
own_v1,O1,h00018,final_clean,9,63,873,4,14,12,2,5,1,84,404,66,30,19,1,0,555,129,0,3b1b70772b6da85e70ce5498f7c674a2a8682366389fcf05f807c86879350f48
own_v1,O1,h00019,raw_lift,26,133,1355,51,36,31,5,8,0,86,203,5,2,13,0,3,294,412,0,dbbceaff1fe3996e66b9d4ea07f5a74639cb1a1f59bc0896a00258c257605f7f
own_v1,O1,h00019,brightened_main,2,39,313,1,8,8,0,5,5,37,74,68,2,13,1,0,184,42,0,dee1313421f5033a2f4d7dc5bd9612dbe0cce2529c6dc9f40ffd0074ffffd594
own_v1,O1,h00019,bundle_verified_input,2,39,313,1,8,8,0,5,5,37,74,68,2,13,1,0,184,42,0,ba42026b5da079966d3eb8793d37e1565860286af1c78ffce5c693efaa523f94
own_v1,O1,h00019,bundle_pointer_opt,2,39,313,1,8,8,0,5,5,37,74,68,2,13,1,0,184,42,0,b3b78c2bd62f8b45f9e486743bb2b56f17426264a1aab4e184f682aed84b42c3
own_v1,O1,h00019,bundle_standard_opt_3,2,39,279,1,8,8,0,5,5,37,74,34,2,13,1,0,150,42,0,1ea7bae60943d53f6da64fafe77e6a24cee8cdd27d20dfbdf60a6f22b5b33546
own_v1,O1,h00019,bundle_storage_delift,2,39,279,1,8,8,0,5,5,37,74,34,2,13,1,0,150,42,0,1ea7bae60943d53f6da64fafe77e6a24cee8cdd27d20dfbdf60a6f22b5b33546
own_v1,O1,h00019,bundle_residual_strip,2,39,279,1,8,8,0,5,5,37,74,34,2,13,1,0,150,42,0,1ea7bae60943d53f6da64fafe77e6a24cee8cdd27d20dfbdf60a6f22b5b33546
own_v1,O1,h00019,final_clean,1,38,278,1,8,8,0,5,5,37,74,34,2,13,1,0,150,42,0,ec22c8b0c368df17ceaa7124c031996b2f81b176b0c2a71fb32b1770be4c8280
own_v1,O1,h00020,raw_lift,28,119,1505,44,49,44,5,14,0,82,260,5,2,9,0,5,347,479,0,85e61fd455a31c1629eac9ec2c60fa05f484f6634def7d2995103096d66ba075
own_v1,O1,h00020,brightened_main,8,47,1099,8,17,15,2,7,2,140,554,39,39,10,1,0,735,162,0,9295a0cc282dc316f5fd0b23ab776735e676752e01406a5fa8b0c0557c6b4223
own_v1,O1,h00020,bundle_verified_input,8,47,1099,8,17,15,2,7,2,140,554,39,39,10,1,0,735,162,0,2588a2ec96a19c95739cdd9d3ac9fbace548c05401652d95cc219fe7f277b1c4
own_v1,O1,h00020,bundle_pointer_opt,8,47,1097,8,17,15,2,7,2,140,554,39,37,10,1,0,735,160,0,f43da11ffd5d22880169d45839f3b4e7ddf5c2d4b69208721aab0b223c7ddba8
own_v1,O1,h00020,bundle_standard_opt_3,8,47,958,8,17,15,2,7,2,93,464,39,35,10,1,0,598,158,0,480fe826b7722606e862cc98a174ee31c788e8a8e6c81b9cf0e69180e5123454
own_v1,O1,h00020,bundle_storage_delift,8,47,958,8,17,15,2,7,2,93,464,39,35,10,1,0,598,158,0,480fe826b7722606e862cc98a174ee31c788e8a8e6c81b9cf0e69180e5123454
own_v1,O1,h00020,bundle_residual_strip,8,47,958,8,17,15,2,7,2,93,464,39,35,10,1,0,598,158,0,480fe826b7722606e862cc98a174ee31c788e8a8e6c81b9cf0e69180e5123454
own_v1,O1,h00020,final_clean,8,47,869,8,17,15,2,7,2,92,382,39,35,10,1,0,515,156,0,116af58360e5aa42577e1f22cd6492689e5e060575f9c28646f3d53e39061f24
own_v1,O1,h00021,raw_lift,27,110,1529,39,58,53,5,22,0,85,322,4,4,12,0,3,411,466,0,17fde9a466df5424ddf5ba1e37f76f83f15e84ac618f3b75423737c13ddc2ccd
own_v1,O1,h00021,brightened_main,8,44,863,8,19,17,2,5,1,111,360,44,31,20,2,0,516,154,0,55f775d723c1eb26a921e1d1ecec47fb46ba75e6f4db2bf8c85c60f5fec4594e
own_v1,O1,h00021,bundle_verified_input,8,44,863,8,19,17,2,5,1,111,360,44,31,20,2,0,516,154,0,76186a5e46d45181e325c37fb36bc9a6d640dc2aa421a2c1b87cb8961357fc2f
own_v1,O1,h00021,bundle_pointer_opt,8,44,849,8,19,17,2,5,1,111,360,44,25,20,2,0,516,140,0,55a90373edbfabc5a743e3152042cf976898144be9a98f8429b6f0d44446ec32
own_v1,O1,h00021,bundle_standard_opt_3,8,44,757,8,19,17,2,5,1,71,308,44,25,20,2,0,424,140,0,7fc03d28a95e08a329d825398b6041eaa87077c0a4bb436131ec2db2b4d39aaf
own_v1,O1,h00021,bundle_storage_delift,8,44,757,8,19,17,2,5,1,71,308,44,25,20,2,0,424,140,0,7fc03d28a95e08a329d825398b6041eaa87077c0a4bb436131ec2db2b4d39aaf
own_v1,O1,h00021,bundle_residual_strip,8,44,757,8,19,17,2,5,1,71,308,44,25,20,2,0,424,140,0,7fc03d28a95e08a329d825398b6041eaa87077c0a4bb436131ec2db2b4d39aaf
own_v1,O1,h00021,final_clean,8,44,713,8,18,16,2,4,1,71,274,44,25,20,2,0,390,137,0,fdcc61031efcf30d0e2ccafd73457d71ff6c7b4e7438ce9c25f7deae8e549c29
own_v1,O1,h00022,raw_lift,27,58,693,13,39,34,5,9,0,55,174,6,2,2,0,4,235,158,0,64c08da2254748f8d6dc747419d304a9817be271d5b03a59d311766c37830c63
own_v1,O1,h00022,brightened_main,3,10,467,1,9,9,0,5,2,75,218,9,14,1,1,0,304,71,0,8ac256b61156780bc167f02bc6eaf5e0671c28da30de139a4b1e24b0f99ae43e
own_v1,O1,h00022,bundle_verified_input,3,10,467,1,9,9,0,5,2,75,218,9,14,1,1,0,304,71,0,73a4eb08f18a621fecc1ff46724a2222b43c49fe0ea5948b859d90e68d9f28e0
own_v1,O1,h00022,bundle_pointer_opt,3,10,467,1,9,9,0,5,2,75,218,9,14,1,1,0,304,71,0,73a4eb08f18a621fecc1ff46724a2222b43c49fe0ea5948b859d90e68d9f28e0
own_v1,O1,h00022,bundle_standard_opt_3,3,10,375,1,9,9,0,5,2,37,169,9,13,1,1,0,217,68,0,7ea619980bf268702b18719887b879c7ca0b9410a4414a5ef2e6d8e79f42a67d
own_v1,O1,h00022,bundle_storage_delift,3,10,375,1,9,9,0,5,2,37,169,9,13,1,1,0,217,68,0,7ea619980bf268702b18719887b879c7ca0b9410a4414a5ef2e6d8e79f42a67d
own_v1,O1,h00022,bundle_residual_strip,3,10,375,1,9,9,0,5,2,37,169,9,13,1,1,0,217,68,0,7ea619980bf268702b18719887b879c7ca0b9410a4414a5ef2e6d8e79f42a67d
own_v1,O1,h00022,final_clean,2,9,217,1,4,4,0,0,2,25,105,9,7,1,1,0,141,26,0,eb905082179816f1237c495f0264a54d14d5db635cd5f68a5396124453459e74
own_v1,O1,h00023,raw_lift,26,128,1402,49,38,33,5,9,0,86,214,5,2,11,0,4,305,421,0,e3708ac61644825e12ed4f3a7b0e3f3b98c1b14d30a3eac6a819a50316a38d91
own_v1,O1,h00023,brightened_main,2,34,316,2,9,9,0,5,4,38,43,72,3,12,1,1,157,50,0,8297ddc63600aacbe0769be1ef929a35dcccfb8ddd85e0de5c1ce070c3d20b2f
own_v1,O1,h00023,bundle_verified_input,2,34,316,2,9,9,0,5,4,38,43,72,3,12,1,1,157,50,0,2215c6a957ef25a416b3867b9cc7de29bc0153290ac3535254390cfa7a600a15
own_v1,O1,h00023,bundle_pointer_opt,2,34,316,2,9,9,0,5,4,38,43,79,3,12,1,1,164,50,0,7e3dad6693f767cf03c184f75aaadf70841640c25b2a2209160b583175d81a64
own_v1,O1,h00023,bundle_standard_opt_3,2,34,284,2,9,9,0,5,4,38,43,47,3,12,1,1,132,50,0,3bbebc31dc41748ed3da3a8bbe4e7adacfd0f0dbe3c31e77ca8e7f414517dce4
own_v1,O1,h00023,bundle_storage_delift,2,34,284,2,9,9,0,5,4,38,43,47,3,12,1,1,132,50,0,3bbebc31dc41748ed3da3a8bbe4e7adacfd0f0dbe3c31e77ca8e7f414517dce4
own_v1,O1,h00023,bundle_residual_strip,2,34,284,2,9,9,0,5,4,38,43,47,3,12,1,1,132,50,0,3bbebc31dc41748ed3da3a8bbe4e7adacfd0f0dbe3c31e77ca8e7f414517dce4
own_v1,O1,h00023,final_clean,1,33,276,2,9,9,0,5,4,37,43,40,4,12,1,1,124,51,0,22ef436322f7462255d06cd227a4d44d6350403f50707ad745878dcf5153c373
own_v1,O1,h00024,raw_lift,27,90,1107,29,41,36,5,11,0,77,203,5,2,5,0,3,285,326,0,d19156b17f74b1fee0b782db29ae23006d41b8829ab6206a5f59a736dd393181
own_v1,O1,h00024,brightened_main,9,30,683,2,14,12,2,4,1,91,319,29,32,6,1,0,440,113,0,75288323c5a367cff96f35c5e9c10a713b40e34441910a4e1a22f95c22021e60
own_v1,O1,h00024,bundle_verified_input,9,30,683,2,14,12,2,4,1,91,319,29,32,6,1,0,440,113,0,ae5d0df9972883a5489a5d25a1349bc6c6d1b4fabbf4dcb44dabd4bb3ba85110
own_v1,O1,h00024,bundle_pointer_opt,9,30,670,2,14,12,2,4,1,91,319,29,26,6,1,0,440,103,0,27cc5e19ddf2b678d8210dda1673cc2ba32f4170e931f4e1fa799278740c0e68
own_v1,O1,h00024,bundle_standard_opt_3,9,30,618,2,14,12,2,4,1,71,287,29,26,6,1,0,388,103,0,283fb605b4c2f858482cc961176af373e51c4093b6236681310ea38c8e16746c
own_v1,O1,h00024,bundle_storage_delift,9,30,618,2,14,12,2,4,1,71,287,29,26,6,1,0,388,103,0,283fb605b4c2f858482cc961176af373e51c4093b6236681310ea38c8e16746c
own_v1,O1,h00024,bundle_residual_strip,9,30,618,2,14,12,2,4,1,71,287,29,26,6,1,0,388,103,0,283fb605b4c2f858482cc961176af373e51c4093b6236681310ea38c8e16746c
own_v1,O1,h00024,final_clean,9,30,576,2,14,12,2,4,1,71,245,29,26,6,1,0,346,103,0,a9be1e434a2b91396cfaa3001514a5a8dcc2194178bd3aa45a7049ca3c67c620
own_v1,O1,h00025,raw_lift,27,115,1278,43,41,36,5,9,0,79,234,5,3,9,1,5,318,384,0,8d9fac830afc41dfcb7cb8fe66763fe85ea7ed849a711d5c5f43b864084d6159
own_v1,O1,h00025,brightened_main,8,42,963,5,12,10,2,4,2,111,532,47,43,10,2,0,692,126,0,c59115845331924781854a3487248940d6c3c9f4c53b4592c03f2e2e48e0864a
own_v1,O1,h00025,bundle_verified_input,8,42,963,5,12,10,2,4,2,111,532,47,43,10,2,0,692,126,0,f7e5ce8977615f645ccc67a8670f9d49adc03aa024067ec47a0a7ee8476d5669
own_v1,O1,h00025,bundle_pointer_opt,8,42,954,5,12,10,2,4,2,111,532,47,37,10,2,0,692,118,0,fbd370adcb5cfcae1db7664ef35b688fa41bf36c2524252ae1dc211fa3ad8462
own_v1,O1,h00025,bundle_standard_opt_3,8,42,848,5,12,10,2,4,2,78,461,47,35,10,2,0,588,116,0,5a7507790e8653c6cb8a87c5b986d67b3811ed786bdc2b6532272aea77b7b3e7
own_v1,O1,h00025,bundle_storage_delift,8,42,848,5,12,10,2,4,2,78,461,47,35,10,2,0,588,116,0,5a7507790e8653c6cb8a87c5b986d67b3811ed786bdc2b6532272aea77b7b3e7
own_v1,O1,h00025,bundle_residual_strip,8,42,848,5,12,10,2,4,2,78,461,47,35,10,2,0,588,116,0,5a7507790e8653c6cb8a87c5b986d67b3811ed786bdc2b6532272aea77b7b3e7
own_v1,O1,h00025,final_clean,8,42,736,5,12,10,2,4,2,78,349,47,35,10,2,0,476,116,0,39f60f05d2c28d1beb738b51d1ef569428afc38f4012d42b72032853e869bb4b
own_v1,O1,h00026,raw_lift,27,184,1718,76,37,32,5,7,0,109,257,4,2,22,0,3,370,539,0,7bfe2246100057535e23959cea5c9ed4fb39482dc8fd822a1197e09a3af1c050
own_v1,O1,h00026,brightened_main,9,81,1386,6,17,15,2,8,3,119,770,94,37,23,2,0,986,168,0,2321b140c8bf98834bcec56ad8d4b705ec212405e36ddfbc018bcffb841c0b29
own_v1,O1,h00026,bundle_verified_input,9,81,1386,6,17,15,2,8,3,119,770,94,37,23,2,0,986,168,0,c5a5da9bfb462dc76a728af018ff9404293d1426872098ce04fa7acddce64038
own_v1,O1,h00026,bundle_pointer_opt,9,81,1360,6,17,15,2,8,3,118,769,93,31,23,2,0,983,146,0,30cbd6d3df1357cf0b953393c2154b2dfd7aae91d6949f07c54cce4b00022317
own_v1,O1,h00026,bundle_standard_opt_3,8,79,1286,6,17,15,2,9,3,91,734,90,31,21,2,0,918,140,0,2ecc544e7da162ea81147f3877ca9073e4ce31b463078c76acbe0862bd51be31
own_v1,O1,h00026,bundle_storage_delift,8,79,1286,6,17,15,2,9,3,91,734,90,31,21,2,0,918,140,0,2ecc544e7da162ea81147f3877ca9073e4ce31b463078c76acbe0862bd51be31
own_v1,O1,h00026,bundle_residual_strip,8,79,1286,6,17,15,2,9,3,91,734,90,31,21,2,0,918,140,0,2ecc544e7da162ea81147f3877ca9073e4ce31b463078c76acbe0862bd51be31
own_v1,O1,h00026,final_clean,1,67,876,5,12,12,0,8,3,73,395,88,20,21,2,0,559,117,0,209b8d164e70b19c55a82caddb33b49f3e352778fa82f558ee0c15f39f79cbfc
own_v1,O1,h00027,raw_lift,27,186,1746,77,40,35,5,8,0,110,274,4,2,21,0,3,388,553,0,1a09fa744b9e6d50e687c97b2944d4725041fde2f546b00e6bf391373f5621ac
own_v1,O1,h00027,brightened_main,9,82,1339,6,24,22,2,9,3,138,697,88,37,22,3,0,926,176,0,588df3c9f0c3fcc23b01f69c1c07943b62adc3a6ea4f21989fc43c2e7c9296f2
own_v1,O1,h00027,bundle_verified_input,9,82,1339,6,24,22,2,9,3,138,697,88,37,22,3,0,926,176,0,663e0d03a524a53355216d335004387781451d466f0530ddc44c0af193d7bbd0
own_v1,O1,h00027,bundle_pointer_opt,9,82,1310,6,24,22,2,9,3,136,696,87,31,22,3,0,922,152,0,cc09344b1f9062a457c3a83a614ec2ed5934b5e033b6f5fb77fe06e6ee424c90
own_v1,O1,h00027,bundle_standard_opt_3,9,82,1227,6,23,21,2,9,3,95,656,87,31,22,3,0,841,151,0,3e0632c2c1613146e3ed4959642e4d009f394994b7d9e12687687daf49079cdd
own_v1,O1,h00027,bundle_storage_delift,9,82,1227,6,23,21,2,9,3,95,656,87,31,22,3,0,841,151,0,3e0632c2c1613146e3ed4959642e4d009f394994b7d9e12687687daf49079cdd
own_v1,O1,h00027,bundle_residual_strip,9,82,1227,6,23,21,2,9,3,95,656,87,31,22,3,0,841,151,0,3e0632c2c1613146e3ed4959642e4d009f394994b7d9e12687687daf49079cdd
own_v1,O1,h00027,final_clean,9,82,1045,6,21,19,2,9,3,94,492,89,28,22,3,0,678,138,0,c5ff7921a393dccbe9aa8320555fdb7960da43edc852b40d38f91d01b1e5d624
own_v1,O1,h00028,raw_lift,26,171,1802,70,36,31,5,8,0,126,253,5,2,21,0,3,384,594,0,93dac2b16414edff74bd3fb613f2d1665b1312ae9cf535af71386def09ce6467
own_v1,O1,h00028,brightened_main,2,59,517,2,9,9,0,6,5,67,111,101,2,20,2,0,284,86,0,fcccfd2815bd0e6d590ae1d7e6e787c7ae6c47fe0599169a3147f32484cdda6f
own_v1,O1,h00028,bundle_verified_input,2,59,517,2,9,9,0,6,5,67,111,101,2,20,2,0,284,86,0,41ea0db28d366e6caec950975067c0bbc1b23844363e77e14a8f075d44180d3e
own_v1,O1,h00028,bundle_pointer_opt,2,59,517,2,9,9,0,6,5,67,111,101,2,20,2,0,284,86,0,44df7c7d0589438933130fd4b1d42776ba8667bcd95d8291f34b773a6e34e360
own_v1,O1,h00028,bundle_standard_opt_3,2,59,454,2,9,9,0,6,5,67,111,45,2,20,2,0,228,86,0,fcc7d32103bb51671836596e38ed46128c4daa212431a21cabc05ece4cded2c5
own_v1,O1,h00028,bundle_storage_delift,2,59,454,2,9,9,0,6,5,67,111,45,2,20,2,0,228,86,0,fcc7d32103bb51671836596e38ed46128c4daa212431a21cabc05ece4cded2c5
own_v1,O1,h00028,bundle_residual_strip,2,59,454,2,9,9,0,6,5,67,111,45,2,20,2,0,228,86,0,fcc7d32103bb51671836596e38ed46128c4daa212431a21cabc05ece4cded2c5
own_v1,O1,h00028,final_clean,1,58,452,2,9,9,0,6,5,67,110,45,2,20,2,0,227,86,0,5932aaba8aac71e1f6b3396171e6b4d47b7136b916e5f89a37f80db2d5c51189
own_v1,O1,h00029,raw_lift,28,184,2035,75,51,46,5,15,0,143,337,6,2,19,0,3,486,650,0,fddd1a014b0cfca3bb9a9ef854cd03c7032ba6ef89fde33f433797c650c4cdba
own_v1,O1,h00029,brightened_main,10,90,1961,17,41,39,2,18,6,190,1022,106,45,29,6,0,1324,285,0,85b1f1399c40fdd7613b1184a82a773605fdac8b71453f78bebb18539d97ea2a
own_v1,O1,h00029,bundle_verified_input,10,90,1961,17,41,39,2,18,6,190,1022,106,45,29,6,0,1324,285,0,c49127d5f496cf5168bf76b9bbe9ce7e3de68e2d96fddb573f71db954fe8b9cb
own_v1,O1,h00029,bundle_pointer_opt,10,90,1956,17,41,39,2,18,6,190,1022,106,45,29,6,0,1324,280,0,9cc3c71e9917d60cb86878b8eaed643724745f85dfa04cde518a4683157167bd
own_v1,O1,h00029,bundle_standard_opt_3,10,90,1831,17,41,39,2,18,6,144,944,106,45,29,6,0,1200,280,0,f85fddc051ed3e1908999d13e001992f4a4fca4240c5a9a10c67dfa4d00583fc
own_v1,O1,h00029,bundle_storage_delift,10,90,1831,17,41,39,2,18,6,144,944,106,45,29,6,0,1200,280,0,f85fddc051ed3e1908999d13e001992f4a4fca4240c5a9a10c67dfa4d00583fc
own_v1,O1,h00029,bundle_residual_strip,10,90,1831,17,41,39,2,18,6,144,944,106,45,29,6,0,1200,280,0,f85fddc051ed3e1908999d13e001992f4a4fca4240c5a9a10c67dfa4d00583fc
own_v1,O1,h00029,final_clean,10,90,1691,17,41,39,2,18,6,138,813,106,45,29,6,0,1063,278,0,b002d41c5318ac2e0f477610fa40fb85ed94c3bab9c3b576da0b644d2282aac6
own_v1,O1,h00030,raw_lift,26,239,2132,104,38,33,5,9,0,130,304,5,2,31,0,3,439,691,0,261b8bdc4a11c5c9f1f6afce0257b3ea17f6c4fe298a79f639c29b83addad4c8
own_v1,O1,h00030,brightened_main,2,93,616,2,4,4,0,0,4,81,128,99,0,30,2,0,312,94,0,9cca63e58b6afb413dff7f1dabecd82444846f11e75fb3795f1a41a1e9f57632
own_v1,O1,h00030,bundle_verified_input,2,93,616,2,4,4,0,0,4,81,128,99,0,30,2,0,312,94,0,3ac9960ce94339396cc5c502e471034e913648ef4f9ee6a491d9e9b90b5618a1
own_v1,O1,h00030,bundle_pointer_opt,2,93,616,2,4,4,0,0,4,81,128,99,0,30,2,0,312,94,0,d185e2cb0994927be610386e0df725b37d6be640af9a3f06da65c285fa73da4a
own_v1,O1,h00030,bundle_standard_opt_3,2,93,548,2,4,4,0,0,4,81,128,37,0,30,2,0,250,94,0,8e736c8279e45aaf633b5112142c74d29f68409f97d5fba377602820174c1b18
own_v1,O1,h00030,bundle_storage_delift,2,93,548,2,4,4,0,0,4,81,128,37,0,30,2,0,250,94,0,8e736c8279e45aaf633b5112142c74d29f68409f97d5fba377602820174c1b18
own_v1,O1,h00030,bundle_residual_strip,2,93,548,2,4,4,0,0,4,81,128,37,0,30,2,0,250,94,0,8e736c8279e45aaf633b5112142c74d29f68409f97d5fba377602820174c1b18
own_v1,O1,h00030,final_clean,1,92,547,2,4,4,0,0,4,81,128,37,0,30,2,0,250,94,0,832cab90606aa98d969f2253bdc6e8352a8a9430f49b9b042628f20fec0ce263
own_v1,O1,h00031,raw_lift,27,164,1769,66,47,42,5,14,0,107,298,5,2,17,0,3,410,567,0,fdeb30a505be0b70aa11871b84a0ebef22e55487d0aa48a4b59b6c9b11dcd834
own_v1,O1,h00031,brightened_main,8,73,1310,10,19,17,2,8,2,125,699,71,39,22,4,0,897,184,0,be3f37f5ef58230eafc7bffac07e892e858793c9c55ef760e751a1a9dca95e52
own_v1,O1,h00031,bundle_verified_input,8,73,1310,10,19,17,2,8,2,125,699,71,39,22,4,0,897,184,0,65beab8386f8badc7d09919c8ed91fe2ab0e6d01e1f42b5c07a7287242ee6dc6
own_v1,O1,h00031,bundle_pointer_opt,8,73,1291,10,19,17,2,8,2,124,699,70,33,22,4,0,895,168,0,76ce1f7b69dc675a35a5a640467d8e205e7cdf97b0eaaba2460c1834f70fefa8
own_v1,O1,h00031,bundle_standard_opt_3,8,73,1213,10,19,17,2,8,2,88,657,70,33,22,4,0,817,168,0,52c5995dd89cc59a95e906bdaebc49040f56a43fba7f9e10105438f3df46ed20
own_v1,O1,h00031,bundle_storage_delift,8,73,1213,10,19,17,2,8,2,88,657,70,33,22,4,0,817,168,0,52c5995dd89cc59a95e906bdaebc49040f56a43fba7f9e10105438f3df46ed20
own_v1,O1,h00031,bundle_residual_strip,8,73,1213,10,19,17,2,8,2,88,657,70,33,22,4,0,817,168,0,52c5995dd89cc59a95e906bdaebc49040f56a43fba7f9e10105438f3df46ed20
own_v1,O1,h00031,final_clean,8,73,1126,10,19,17,2,8,2,88,570,70,33,22,4,0,730,168,0,eccafcc849f9ad76979f62d1b2bac9b5b8d92c0144778651d44dc91cab7e9eee
own_v1,O1,h00032,raw_lift,26,163,1389,66,34,29,5,7,0,84,219,5,2,18,0,3,308,464,0,107c7152ae06b5c4cc43f4c693eec4c830cd7aee1ea2e7c4ea7b3c15ad5a27fc
own_v1,O1,h00032,brightened_main,9,70,924,5,12,10,2,4,1,75,499,57,37,19,2,0,632,138,0,5a27e04ec375a8b0c049eec7915fa78da28a37a5c63404391d00150923c3c57e
own_v1,O1,h00032,bundle_verified_input,9,70,924,5,12,10,2,4,1,75,499,57,37,19,2,0,632,138,0,fa5590514c38cf8eb2a91b2589288265a449aaa94fec261988c07f1f882cd2ae
own_v1,O1,h00032,bundle_pointer_opt,9,70,883,5,12,10,2,4,1,75,499,57,28,19,2,0,632,110,0,aefc73a1cd4d705a38b66ba462a3e82ab428c30cc05e9347a5f59425521b80ad
own_v1,O1,h00032,bundle_standard_opt_3,9,70,857,5,12,10,2,4,1,65,483,57,28,19,2,0,606,110,0,db615c51152f60c818de1e3a6797a2b4c1e24606f535f8b1c4f2150b3ead1a71
own_v1,O1,h00032,bundle_storage_delift,9,70,857,5,12,10,2,4,1,65,483,57,28,19,2,0,606,110,0,db615c51152f60c818de1e3a6797a2b4c1e24606f535f8b1c4f2150b3ead1a71
own_v1,O1,h00032,bundle_residual_strip,9,70,857,5,12,10,2,4,1,65,483,57,28,19,2,0,606,110,0,db615c51152f60c818de1e3a6797a2b4c1e24606f535f8b1c4f2150b3ead1a71
own_v1,O1,h00032,final_clean,9,70,734,5,12,10,2,4,1,65,360,57,28,19,2,0,483,110,0,ae7f2969539d221c8a8888fe3bf1c7fa5d17846776b06a2aa66243aa7e27ae1e
own_v1,O1,h00033,raw_lift,27,147,1750,58,49,44,5,16,0,116,308,4,4,18,0,4,428,548,0,d856c99f1f052ef9aeac11318072dc6eb14a539cf97ca6e5e264fd9284651ea4
own_v1,O1,h00033,brightened_main,9,62,1426,6,34,32,2,13,5,137,696,48,33,20,2,0,886,248,0,08bfff452c3ba31dbbafe11cf257b1dba8cc3b6bf6d8441f10f4dfb228fdb3eb
own_v1,O1,h00033,bundle_verified_input,9,62,1426,6,34,32,2,13,5,137,696,48,33,20,2,0,886,248,0,aba41b0dff2b7ca287eae1be0ce1aa4aa1ccb41a77509f5ed74d5b30376f4a4e
own_v1,O1,h00033,bundle_pointer_opt,9,62,1419,6,34,32,2,13,5,137,696,48,29,20,2,0,886,241,0,06291011f0c6d2002fe6a31f5a86d7e4cfbf4949444f5cdcd426fd89e8c0f86c
own_v1,O1,h00033,bundle_standard_opt_3,9,62,1293,6,32,30,2,13,5,103,610,48,27,20,2,0,766,237,0,2f408081db13391d1fc6a06d72c9f6973009057b61edb59adfb01f230a76756b
own_v1,O1,h00033,bundle_storage_delift,9,62,1293,6,32,30,2,13,5,103,610,48,27,20,2,0,766,237,0,2f408081db13391d1fc6a06d72c9f6973009057b61edb59adfb01f230a76756b
own_v1,O1,h00033,bundle_residual_strip,9,62,1293,6,32,30,2,13,5,103,610,48,27,20,2,0,766,237,0,2f408081db13391d1fc6a06d72c9f6973009057b61edb59adfb01f230a76756b
own_v1,O1,h00033,final_clean,9,62,1136,6,31,29,2,12,5,103,463,48,27,20,2,0,619,234,0,ecabf6ecffc84ce9630dfbad38899fec86ffdccabfa9b370b9d540370f6abd6d
own_v1,O1,h00034,raw_lift,32,171,1816,67,55,50,5,15,0,122,323,4,2,17,0,3,449,568,0,e583eadc251272fd7a4bdb8019b6d8ae8097e72aaae833f1c8ee4462ff59785e
own_v1,O1,h00034,brightened_main,9,71,1640,5,25,23,2,6,1,134,954,88,39,28,2,0,1177,209,0,ed46ab73d92f963a097ccddab7f56ef967ba379fe3bed732e630cd88542760c5
own_v1,O1,h00034,bundle_verified_input,9,71,1640,5,25,23,2,6,1,134,954,88,39,28,2,0,1177,209,0,b7cf8ea863716faecb66233dbc8525b65c39851c7e15cd96c053f018a41f2133
own_v1,O1,h00034,bundle_pointer_opt,9,71,1640,5,25,23,2,6,1,134,954,88,39,28,2,0,1177,209,0,5c8a865942b22fcf21e926586ce8f0fd7c40ae6e3556bf6e81427a340f44924d
own_v1,O1,h00034,bundle_standard_opt_3,9,71,1616,5,25,23,2,6,1,125,939,88,39,28,2,0,1153,209,0,3e4656d70090a1d6e5578c7c54bacb46e4d303392c118756a1550a04440650b8
own_v1,O1,h00034,bundle_storage_delift,9,71,1616,5,25,23,2,6,1,125,939,88,39,28,2,0,1153,209,0,3e4656d70090a1d6e5578c7c54bacb46e4d303392c118756a1550a04440650b8
own_v1,O1,h00034,bundle_residual_strip,9,71,1616,5,25,23,2,6,1,125,939,88,39,28,2,0,1153,209,0,3e4656d70090a1d6e5578c7c54bacb46e4d303392c118756a1550a04440650b8
own_v1,O1,h00034,final_clean,9,71,1307,5,25,23,2,6,1,123,647,87,36,28,2,0,858,198,0,3e42716402db7d87b3735057ca52ea77c4fac9ef40b3a7c1326c7bd555fedc7a
own_v1,O1,h00035,raw_lift,30,138,1621,51,44,38,6,11,0,115,250,7,2,11,0,3,372,483,0,d6cd1d02ccacc6ccc32172a82f834df8edfaf70af34da0eca766944555f955c9
own_v1,O1,h00035,brightened_main,11,53,1192,5,25,22,3,10,4,136,601,67,41,14,3,0,808,168,0,f5fe254da45e3f4e5a723ff24ed1818a88e87f491120442e96eee88526cc6633
own_v1,O1,h00035,bundle_verified_input,11,53,1192,5,25,22,3,10,4,136,601,67,41,14,3,0,808,168,0,bd8c5abfa217e415e3048cb80b36d5fb480ef27d33b157d3ccd90b9ac31dbff1
own_v1,O1,h00035,bundle_pointer_opt,11,53,1176,5,25,22,3,10,4,135,601,66,35,14,3,0,806,158,0,91ecbeb2cd29623a202eb510b74d0d85b373305b56b41c80bed2c537b0275e45
own_v1,O1,h00035,bundle_standard_opt_3,11,53,1062,5,25,22,3,10,4,108,514,66,35,14,3,0,692,158,0,735e96502c1a388371bb54b11a6ced9fa8f802fba34e00458ed3ebaf7ec4c7b8
own_v1,O1,h00035,bundle_storage_delift,11,53,1062,5,25,22,3,10,4,108,514,66,35,14,3,0,692,158,0,735e96502c1a388371bb54b11a6ced9fa8f802fba34e00458ed3ebaf7ec4c7b8
own_v1,O1,h00035,bundle_residual_strip,11,53,1062,5,25,22,3,10,4,108,514,66,35,14,3,0,692,158,0,735e96502c1a388371bb54b11a6ced9fa8f802fba34e00458ed3ebaf7ec4c7b8
own_v1,O1,h00035,final_clean,11,53,959,5,25,22,3,10,4,102,417,66,35,14,3,0,589,158,0,c8717f062cb109821931671a26b475b3c81cdaf181cad53f2895c71f81f92685
own_v1,O1,h00036,raw_lift,26,83,1004,26,35,30,5,8,0,58,161,4,4,7,0,3,223,314,0,f3a29b4c6d8160af7e1e0807526329d68099a90291a236c41a3982ac014c08c2
own_v1,O1,h00036,brightened_main,2,16,120,1,3,3,0,1,1,12,27,25,5,4,1,0,65,18,0,fdfd822d5ebc951aa22211e18ab9a9bf9b64638d5489f48d0ade2decec0c95ad
own_v1,O1,h00036,bundle_verified_input,2,16,120,1,3,3,0,1,1,12,27,25,5,4,1,0,65,18,0,c5f340cc3b4f9972550e03aa5850069f8c093a6df1ff364f53e465fbdbc8767b
own_v1,O1,h00036,bundle_pointer_opt,2,16,120,1,3,3,0,1,1,12,27,25,5,4,1,0,65,18,0,0137b4f9e4c4f94aa0514384a2260d5dc55e95fe69a5c8e6034ca20fa565e4ad
own_v1,O1,h00036,bundle_standard_opt_3,2,16,110,1,3,3,0,1,1,12,27,15,5,4,1,0,55,18,0,a53bded9e0287f349ff028610d33752d629f38df844ca5f5a42f7696339cee5f
own_v1,O1,h00036,bundle_storage_delift,2,16,110,1,3,3,0,1,1,12,27,15,5,4,1,0,55,18,0,a53bded9e0287f349ff028610d33752d629f38df844ca5f5a42f7696339cee5f
own_v1,O1,h00036,bundle_residual_strip,2,16,110,1,3,3,0,1,1,12,27,15,5,4,1,0,55,18,0,a53bded9e0287f349ff028610d33752d629f38df844ca5f5a42f7696339cee5f
own_v1,O1,h00036,final_clean,1,15,109,1,3,3,0,1,1,12,27,15,5,4,1,0,55,18,0,a8b420ea8c02c36e81ba6aa5c40b9708f8a302dbaa0a0b82ea94c16769180836
own_v1,O1,h00037,raw_lift,28,96,1123,33,43,38,5,10,0,79,215,7,4,5,2,4,301,322,0,78547780ad4ea4b13268745163bfe6c2d5b196f6cd4a8743a17dc2208e85a016
own_v1,O1,h00037,brightened_main,9,33,735,4,16,14,2,5,1,96,357,29,38,6,3,0,483,119,0,0f93af289bb10547013fa266ac900210fbb6e2ced9299b45045a34af77d76f36
own_v1,O1,h00037,bundle_verified_input,9,33,735,4,16,14,2,5,1,96,357,29,38,6,3,0,483,119,0,dd6ae964e51c595a703c141f7cbd18f8759a3678eb0c021fde46af396436babb
own_v1,O1,h00037,bundle_pointer_opt,9,33,728,4,16,14,2,5,1,96,357,29,34,6,3,0,483,113,0,9efd6794d070bf46f89a31f26b428d2aa6c5c4b48d30af82015c1451a1fab9a5
own_v1,O1,h00037,bundle_standard_opt_3,9,33,665,4,16,14,2,5,1,80,312,29,32,6,3,0,422,111,0,ca2fb05ace489d39503f6f970e7a34750b0e33b5ad56e223090d4b9569002d67
own_v1,O1,h00037,bundle_storage_delift,9,33,665,4,16,14,2,5,1,80,312,29,32,6,3,0,422,111,0,ca2fb05ace489d39503f6f970e7a34750b0e33b5ad56e223090d4b9569002d67
own_v1,O1,h00037,bundle_residual_strip,9,33,665,4,16,14,2,5,1,80,312,29,32,6,3,0,422,111,0,ca2fb05ace489d39503f6f970e7a34750b0e33b5ad56e223090d4b9569002d67
own_v1,O1,h00037,final_clean,9,33,607,4,16,14,2,5,1,80,254,29,32,6,3,0,364,111,0,9e01005d47adbcc980de4da4d6b47d10d55ba7235e61ecf2637bb4823a54e421
own_v1,O1,h00038,raw_lift,28,166,2086,69,56,51,5,20,0,123,352,7,3,12,0,10,482,634,0,117aab8e431014ac481aa7ee36e4163d9b029f2a63fbe49e059b15b47bac640b
own_v1,O1,h00038,brightened_main,5,54,1396,6,13,13,0,7,1,147,688,38,68,11,4,1,874,236,0,6d3c24a7e7d386c129891699b9d486b0a006bf4abdda5173ee93efd0dc7a9982
own_v1,O1,h00038,bundle_verified_input,5,54,1396,6,13,13,0,7,1,147,688,38,68,11,4,1,874,236,0,3cb0d143dddf20a79d58359f7946e967223b21d7bc222561ba7f1451e248237f
own_v1,O1,h00038,bundle_pointer_opt,5,54,1382,6,13,13,0,7,1,147,688,38,68,11,4,1,874,221,0,4736b1d2246b68c874759d8339bc86d05c19f180e7d38f9c4de9e6c85a5cdf9c
own_v1,O1,h00038,bundle_standard_opt_3,5,54,1270,6,13,13,0,7,1,109,641,38,67,11,4,1,789,215,0,df80d97be50b9705717cde7ea2833029ae0f9150440ac848df20996b461b6cbc
own_v1,O1,h00038,bundle_storage_delift,5,54,1270,6,13,13,0,7,1,109,641,38,67,11,4,1,789,215,0,df80d97be50b9705717cde7ea2833029ae0f9150440ac848df20996b461b6cbc
own_v1,O1,h00038,bundle_residual_strip,5,54,1270,6,13,13,0,7,1,109,641,38,67,11,4,1,789,215,0,df80d97be50b9705717cde7ea2833029ae0f9150440ac848df20996b461b6cbc
own_v1,O1,h00038,final_clean,0,0,0,0,0,0,0,0,0,0,0,0,0,0,0,0,0,0,0,e3b0c44298fc1c149afbf4c8996fb92427ae41e4649b934ca495991b7852b855
own_v1,O1,h00039,raw_lift,26,99,1236,34,37,32,5,9,0,71,187,5,2,7,0,3,263,402,0,497034cca2aa442d0d334e6dffd284e186294f1462757a79d20e72c014814e19
own_v1,O1,h00039,brightened_main,2,22,173,1,3,3,0,0,2,22,35,37,2,6,1,0,96,16,0,fa99184c122c13a20dfc2e1fa13babd9812760cc80dc9593949f2c409412c7a4
own_v1,O1,h00039,bundle_verified_input,2,22,173,1,3,3,0,0,2,22,35,37,2,6,1,0,96,16,0,b5c71b58a76427fdd2c88c594651b4cdc6240129defd573b221ca3c6b5e60858
own_v1,O1,h00039,bundle_pointer_opt,2,22,173,1,3,3,0,0,2,22,35,37,2,6,1,0,96,16,0,ed1212723f9a5b9d9eacdad453b1e8fd15d7e522a9870228ea0ea859f1974481
own_v1,O1,h00039,bundle_standard_opt_3,2,22,157,1,3,3,0,0,2,22,35,21,2,6,1,0,80,16,0,af319b9f1c41cae986f8645daadba7e143b0648476163a08609fce7cbd755806
own_v1,O1,h00039,bundle_storage_delift,2,22,157,1,3,3,0,0,2,22,35,21,2,6,1,0,80,16,0,af319b9f1c41cae986f8645daadba7e143b0648476163a08609fce7cbd755806
own_v1,O1,h00039,bundle_residual_strip,2,22,157,1,3,3,0,0,2,22,35,21,2,6,1,0,80,16,0,af319b9f1c41cae986f8645daadba7e143b0648476163a08609fce7cbd755806
own_v1,O1,h00039,final_clean,1,21,156,1,3,3,0,0,2,22,35,21,2,6,1,0,80,16,0,bc678db058af2962f955ad1b9dcb80a6e8003031135cdf3a394615793e822614
own_v1,O1,h00040,raw_lift,31,164,1783,64,56,51,5,17,0,114,326,4,4,18,0,3,444,531,0,9761688f138ca40ee9b68b5c32eb20902fdc07ce8c856be94d27185cd514f4b4
own_v1,O1,h00040,brightened_main,9,72,1939,6,27,25,2,13,5,157,901,188,35,104,2,0,1251,345,0,cd405d1e4f4f4886635f7518ea89efb4692625765783f04b1a6e62bd854c46b5
own_v1,O1,h00040,bundle_verified_input,9,72,1939,6,27,25,2,13,5,157,901,188,35,104,2,0,1251,345,0,8ca8756fa3ba5249b6dab6ea9a6f503612c574569f79ee7925fff06a9a1f7ca5
own_v1,O1,h00040,bundle_pointer_opt,9,72,1939,6,27,25,2,13,5,157,901,188,35,104,2,0,1251,345,0,8ca8756fa3ba5249b6dab6ea9a6f503612c574569f79ee7925fff06a9a1f7ca5
own_v1,O1,h00040,bundle_standard_opt_3,9,72,1795,6,29,27,2,15,5,119,806,178,32,104,2,0,1108,342,0,d0cb8b2a6c68bfb2bf7b7714541a6dbe0504d54a793cfce26e25d9051e153437
own_v1,O1,h00040,bundle_storage_delift,9,72,1795,6,29,27,2,15,5,119,806,178,32,104,2,0,1108,342,0,d0cb8b2a6c68bfb2bf7b7714541a6dbe0504d54a793cfce26e25d9051e153437
own_v1,O1,h00040,bundle_residual_strip,9,72,1795,6,29,27,2,15,5,119,806,178,32,104,2,0,1108,342,0,d0cb8b2a6c68bfb2bf7b7714541a6dbe0504d54a793cfce26e25d9051e153437
own_v1,O1,h00040,final_clean,9,72,1624,6,29,27,2,15,5,119,635,178,32,104,2,0,937,342,0,8f3c14a3efdc84770aedca8be653ec9851bc034edffdfb4b1c69f0871b6d56d5
own_v1,O2,h00001,raw_lift,26,113,1201,41,34,29,5,7,0,73,181,5,2,9,0,3,259,392,0,2dd13e26d3b04779ff2e03c5679c1ad413196b65477044687a2135a685d65c8d
own_v1,O2,h00001,brightened_main,9,44,666,4,12,10,2,4,1,64,320,39,37,10,1,0,424,114,0,4d49c9e0a524fde7f1612f236b2ecda6c8b5d8cc73edd6bc7a50cdd486f27ff0
own_v1,O2,h00001,bundle_verified_input,9,44,666,4,12,10,2,4,1,64,320,39,37,10,1,0,424,114,0,110c02c94b69a85d8dfad3621a50a54715f38eb9a8a3ee2b6b7f380535879521
own_v1,O2,h00001,bundle_pointer_opt,9,44,643,4,12,10,2,4,1,64,320,39,28,10,1,0,424,93,0,52c9f7c2be5421683cadac98f904c9d3b26c44abd88de357b4546d5aef8b1d87
own_v1,O2,h00001,bundle_standard_opt_3,9,44,571,4,12,10,2,4,1,54,259,39,28,10,1,0,353,92,0,5fbb790e1f742f8782f5db5ab00e21b5f5e6ace6a5bd0b20cd485649775c8c5c
own_v1,O2,h00001,bundle_storage_delift,9,44,571,4,12,10,2,4,1,54,259,39,28,10,1,0,353,92,0,5fbb790e1f742f8782f5db5ab00e21b5f5e6ace6a5bd0b20cd485649775c8c5c
own_v1,O2,h00001,bundle_residual_strip,9,44,571,4,12,10,2,4,1,54,259,39,28,10,1,0,353,92,0,5fbb790e1f742f8782f5db5ab00e21b5f5e6ace6a5bd0b20cd485649775c8c5c
own_v1,O2,h00001,final_clean,9,44,568,4,12,10,2,4,1,54,256,39,28,10,1,0,350,92,0,eb1f6972a88d9d3442bd970f5a708fd1bc5347c02885e078c2bc18330fa8d326
own_v1,O2,h00002,raw_lift,26,112,1212,41,39,34,5,10,0,70,203,5,2,9,0,4,278,363,0,60acc388592260aced217587660b1d4132385efd4f58035b0677a605e3c2c0b8
own_v1,O2,h00002,brightened_main,2,26,201,2,9,9,0,5,4,21,37,32,4,10,1,1,94,38,0,8ab3cae9ad7bc76f44b6d98d7e997076ddffd3c239495dca3104fd272811eb63
own_v1,O2,h00002,bundle_verified_input,2,26,201,2,9,9,0,5,4,21,37,32,4,10,1,1,94,38,0,3ed764e322786bc3e56bf4557fbe1fa3b1a244f624c3310c90c6fe9e4468e549
own_v1,O2,h00002,bundle_pointer_opt,2,26,201,2,9,9,0,5,4,21,37,32,4,10,1,1,94,38,0,d535fd0e2d42b9123f9adb486c4eae538ce71606f21f4bc87c6efbe6df8b2a00
own_v1,O2,h00002,bundle_standard_opt_3,2,26,199,2,9,9,0,5,4,21,37,30,4,10,1,1,92,38,0,0fec309c9825e45c5278d8240ab6b97f5390c293f9ac42a842c1c7d5251f9224
own_v1,O2,h00002,bundle_storage_delift,2,26,199,2,9,9,0,5,4,21,37,30,4,10,1,1,92,38,0,0fec309c9825e45c5278d8240ab6b97f5390c293f9ac42a842c1c7d5251f9224
own_v1,O2,h00002,bundle_residual_strip,2,26,199,2,9,9,0,5,4,21,37,30,4,10,1,1,92,38,0,0fec309c9825e45c5278d8240ab6b97f5390c293f9ac42a842c1c7d5251f9224
own_v1,O2,h00002,final_clean,1,25,198,2,9,9,0,5,4,21,37,30,4,10,1,1,92,38,0,db2428c151d5b6f709247a8a75b5c6c07c8c5f6bda14eab06013be468f15e39d
own_v1,O2,h00003,raw_lift,26,123,1288,46,40,35,5,11,0,81,226,5,2,12,0,3,312,397,0,1106b42c668a433454c61ff9c3cfb63e43a4d5dc233da43df191a7e3ab8d05b0
own_v1,O2,h00003,brightened_main,2,34,203,1,5,5,0,1,2,30,54,24,2,11,1,0,110,31,0,bbcbeb0d04bc56fe5df099ddd1e2ca5d10b897a3be410f3a026f045dda906c4b
own_v1,O2,h00003,bundle_verified_input,2,34,203,1,5,5,0,1,2,30,54,24,2,11,1,0,110,31,0,35a3635b9e10e30f3f2b216912bfe0618ad27f48f260ef63a0910f9a6b20d61f
own_v1,O2,h00003,bundle_pointer_opt,2,34,203,1,5,5,0,1,2,30,54,24,2,11,1,0,110,31,0,698eca13dc2946d424479393972f626390748de805b36b5ce19f3f3870ed3508
own_v1,O2,h00003,bundle_standard_opt_3,2,34,202,1,5,5,0,1,2,30,54,23,2,11,1,0,109,31,0,a318f416c01ac1f0c13fc2b96dfc457820798f0c58234a60a86807ba73be760d
own_v1,O2,h00003,bundle_storage_delift,2,34,202,1,5,5,0,1,2,30,54,23,2,11,1,0,109,31,0,a318f416c01ac1f0c13fc2b96dfc457820798f0c58234a60a86807ba73be760d
own_v1,O2,h00003,bundle_residual_strip,2,34,202,1,5,5,0,1,2,30,54,23,2,11,1,0,109,31,0,a318f416c01ac1f0c13fc2b96dfc457820798f0c58234a60a86807ba73be760d
own_v1,O2,h00003,final_clean,1,33,201,1,5,5,0,1,2,30,54,23,2,11,1,0,109,31,0,8fa64b62a2fdabe0ca33bfb6a537c07e705a61cd4f3de157152b4386ccf6e470
own_v1,O2,h00004,raw_lift,28,106,1472,37,56,51,5,21,0,93,316,5,6,10,2,3,414,432,0,2b73e73c8937393feebdb35b1b2e7c6973d02a5d4990d8eaea9048015ba1899a
own_v1,O2,h00004,brightened_main,10,40,1121,4,33,31,2,14,5,133,511,77,33,20,1,0,726,178,0,0c4db3c4d247453b1fc63e17c4e1ff7fd7a7b8f12e1a76f98e820a9345af99b6
own_v1,O2,h00004,bundle_verified_input,10,40,1121,4,33,31,2,14,5,133,511,77,33,20,1,0,726,178,0,93d54f94d9e3d8ee51eba54558760295de539f83af8dff9b0a9579efa10c621c
own_v1,O2,h00004,bundle_pointer_opt,10,40,1117,4,33,31,2,14,5,133,511,77,33,20,1,0,726,174,0,55fc7de614ca2a8849c68c7b7bbe8ab663b232e9b3bd85691c8e1f5645707cbd
own_v1,O2,h00004,bundle_standard_opt_3,10,40,964,4,30,28,2,13,5,97,408,77,33,20,1,0,587,169,0,c5e132b5e2a5cfe3ba94c8bc97114698720465dd03720fa6e536d907661ea123
own_v1,O2,h00004,bundle_storage_delift,10,40,964,4,30,28,2,13,5,97,408,77,33,20,1,0,587,169,0,c5e132b5e2a5cfe3ba94c8bc97114698720465dd03720fa6e536d907661ea123
own_v1,O2,h00004,bundle_residual_strip,10,40,964,4,30,28,2,13,5,97,408,77,33,20,1,0,587,169,0,c5e132b5e2a5cfe3ba94c8bc97114698720465dd03720fa6e536d907661ea123
own_v1,O2,h00004,final_clean,10,40,955,4,30,28,2,13,5,97,407,77,33,20,1,0,586,165,0,ab39a769804364c8656e3ed40d9cd8ac4035f2430e86ea725ce1b9b9fd2ca988
own_v1,O2,h00005,raw_lift,28,97,1082,32,42,37,5,11,0,73,205,5,2,6,0,3,283,318,0,bd23d2e4be7fdf498bf9999d814484f8a269ad6da06c0e7316a72f66e30960a4
own_v1,O2,h00005,brightened_main,9,35,710,4,14,12,2,4,1,81,360,35,37,7,1,0,477,112,0,3d745c8449b5b21f8d0b1d9ffae6c93d70243b96c0e91ba08d8f5c6daebbeadb
own_v1,O2,h00005,bundle_verified_input,9,35,710,4,14,12,2,4,1,81,360,35,37,7,1,0,477,112,0,a887592ce32deadde9dd6aa50818ce0a33d3b52669ce0a2ff9e0300491ca498c
own_v1,O2,h00005,bundle_pointer_opt,9,35,701,4,14,12,2,4,1,81,360,35,32,7,1,0,477,104,0,55ebb93bea9a862c920a4fdd4e5e6815a60b54405b17c46398ac69d75a2950f0
own_v1,O2,h00005,bundle_standard_opt_3,9,35,615,4,14,12,2,4,1,71,287,35,32,7,1,0,394,101,0,e99a37235471c0c58d59b917ee3ec9a87d5ceda0c72280826057c24e11019b84
own_v1,O2,h00005,bundle_storage_delift,9,35,615,4,14,12,2,4,1,71,287,35,32,7,1,0,394,101,0,e99a37235471c0c58d59b917ee3ec9a87d5ceda0c72280826057c24e11019b84
own_v1,O2,h00005,bundle_residual_strip,9,35,615,4,14,12,2,4,1,71,287,35,32,7,1,0,394,101,0,e99a37235471c0c58d59b917ee3ec9a87d5ceda0c72280826057c24e11019b84
own_v1,O2,h00005,final_clean,9,35,611,4,14,12,2,4,1,71,283,35,32,7,1,0,390,101,0,7aa42a82243c50b43df7ce7d2a2409307e70cb171244a4eb2a3659d99ceec90b
own_v1,O2,h00006,raw_lift,26,127,1347,48,34,29,5,7,0,86,195,5,2,11,0,3,286,450,0,f4561745197f8c7973dbf8b3dfad384b803f4dce9a002e4e511ef1cc6d9b918a
own_v1,O2,h00006,brightened_main,9,49,808,2,13,11,2,5,1,74,419,47,32,12,1,0,541,109,0,585b791e50907a8fcf170e8ebc5cde9d53c44f45124171ff6c535cd5f3e73c49
own_v1,O2,h00006,bundle_verified_input,9,49,808,2,13,11,2,5,1,74,419,47,32,12,1,0,541,109,0,0810438a172d6858c4b49c8247bd3033be309733dfd6d5dbc5d50553cbaa111f
own_v1,O2,h00006,bundle_pointer_opt,9,49,784,2,13,11,2,5,1,74,419,47,24,12,1,0,541,91,0,cf6fe87e8ba4988b72b967969e5292d4306ca8359c51871ae7882925184540ed
own_v1,O2,h00006,bundle_standard_opt_3,9,49,665,2,13,11,2,5,1,64,310,47,24,12,1,0,422,91,0,741f981993341aa2aed0aab1b89fb9cdfdde3ba9965b80d3ad22bc3574c8e753
own_v1,O2,h00006,bundle_storage_delift,9,49,665,2,13,11,2,5,1,64,310,47,24,12,1,0,422,91,0,741f981993341aa2aed0aab1b89fb9cdfdde3ba9965b80d3ad22bc3574c8e753
own_v1,O2,h00006,bundle_residual_strip,9,49,665,2,13,11,2,5,1,64,310,47,24,12,1,0,422,91,0,741f981993341aa2aed0aab1b89fb9cdfdde3ba9965b80d3ad22bc3574c8e753
own_v1,O2,h00006,final_clean,9,49,632,2,13,11,2,5,1,64,277,47,24,12,1,0,389,91,0,05ffddc954dade64fdec3692edcc52af0afe923095790acfe9db83e5fdbac21e
own_v1,O2,h00007,raw_lift,27,147,1633,57,39,34,5,11,0,97,240,6,2,11,0,3,343,535,0,a2817034ff3900955ea32d3f9ef4bbcf18117a4e06f30c71a7cca6bddd784745
own_v1,O2,h00007,brightened_main,10,45,999,9,13,11,2,4,1,110,515,34,52,12,2,0,660,168,0,41a1b0a108b305e1874e19c88fcc5dfaf5681452f85f40ba8b92e9563cbc9c8e
own_v1,O2,h00007,bundle_verified_input,10,45,999,9,13,11,2,4,1,110,515,34,52,12,2,0,660,168,0,24aa558676450b316005af73ea3021fcdee43335d8d8c1a356e1fa35c93e5150
own_v1,O2,h00007,bundle_pointer_opt,10,45,988,9,13,11,2,4,1,110,515,34,52,12,2,0,660,157,0,5d117c8341950d4fed48fb1b4cb365f5665c7a9be387f60d1c4dcc3a6ed22062
own_v1,O2,h00007,bundle_standard_opt_3,10,45,870,9,13,11,2,4,1,98,417,34,50,12,2,0,550,151,0,455961dcfbd14a2da32ebe86ae798297128fd50fba0f66c34c3546a73a40ce69
own_v1,O2,h00007,bundle_storage_delift,10,45,870,9,13,11,2,4,1,98,417,34,50,12,2,0,550,151,0,455961dcfbd14a2da32ebe86ae798297128fd50fba0f66c34c3546a73a40ce69
own_v1,O2,h00007,bundle_residual_strip,10,45,870,9,13,11,2,4,1,98,417,34,50,12,2,0,550,151,0,455961dcfbd14a2da32ebe86ae798297128fd50fba0f66c34c3546a73a40ce69
own_v1,O2,h00007,final_clean,10,45,864,9,13,11,2,4,1,98,411,34,50,12,2,0,544,151,0,b5093dba6f90e31b45c3d4d3d6a065e43f3761fa65e9c7e1e0b0adeddd3f0e94
own_v1,O2,h00008,raw_lift,27,110,1244,39,40,35,5,10,0,84,212,5,2,8,0,3,301,397,0,b70749730895daabac82dc2e820194a8fd255406f88f8a4b6b0891fff3dd0589
own_v1,O2,h00008,brightened_main,9,44,916,6,20,18,2,6,1,94,491,40,41,9,2,0,626,132,0,41ff55730183b31a163d9f2b216f16e6152343fe2e89339c7a9d6dbfce1dee76
own_v1,O2,h00008,bundle_verified_input,9,44,916,6,20,18,2,6,1,94,491,40,41,9,2,0,626,132,0,94981aea96cb14f1b7f0068a7a1b43298f7743709884191e9ca00886fa2ca293
own_v1,O2,h00008,bundle_pointer_opt,9,44,901,6,20,18,2,6,1,94,491,40,36,9,2,0,626,118,0,3279a9c3eabd256e33c959862cd918608db16e3b5af95b86ff870b6d05d7a1a5
own_v1,O2,h00008,bundle_standard_opt_3,9,44,799,6,20,18,2,6,1,86,399,40,36,9,2,0,526,116,0,69be5de8bb8a07c93a56aa10c1e8752b4fced28975569832680f765322e88db5
own_v1,O2,h00008,bundle_storage_delift,9,44,799,6,20,18,2,6,1,86,399,40,36,9,2,0,526,116,0,69be5de8bb8a07c93a56aa10c1e8752b4fced28975569832680f765322e88db5
own_v1,O2,h00008,bundle_residual_strip,9,44,799,6,20,18,2,6,1,86,399,40,36,9,2,0,526,116,0,69be5de8bb8a07c93a56aa10c1e8752b4fced28975569832680f765322e88db5
own_v1,O2,h00008,final_clean,9,44,786,6,20,18,2,6,1,86,386,40,36,9,2,0,513,116,0,b73ccfab7402f8672a0982e87d7f6b99364193e0ac4487e95ef9ea6a7923b561
own_v1,O2,h00009,raw_lift,26,147,1361,58,36,31,5,8,0,86,216,5,2,16,0,3,307,426,0,8410b56e1dae27b59d951ee9cecfd837d7595b58ac1bb1abbe5afaf007023976
own_v1,O2,h00009,brightened_main,2,46,240,1,4,4,0,1,3,40,63,22,0,15,1,0,128,32,0,c7c4ca5e842d88e3af5128e33daaef7c9e7364866de508ec40133affe2e2c126
own_v1,O2,h00009,bundle_verified_input,2,46,240,1,4,4,0,1,3,40,63,22,0,15,1,0,128,32,0,e3635374620c1da809bcc6aa6df56025ad6b342280b1731c7ab1ab58df966ad7
own_v1,O2,h00009,bundle_pointer_opt,2,46,240,1,4,4,0,1,3,40,63,22,0,15,1,0,128,32,0,bcc0d42276cc1948e3e95186d32c758f287f05718096faedd3eaa16d0f8cc988
own_v1,O2,h00009,bundle_standard_opt_3,2,46,239,1,4,4,0,1,3,40,63,21,0,15,1,0,127,32,0,3211eb6e77f432f79fed8e1f633b660933faebcfe9815b42b44599fbb212acd2
own_v1,O2,h00009,bundle_storage_delift,2,46,239,1,4,4,0,1,3,40,63,21,0,15,1,0,127,32,0,3211eb6e77f432f79fed8e1f633b660933faebcfe9815b42b44599fbb212acd2
own_v1,O2,h00009,bundle_residual_strip,2,46,239,1,4,4,0,1,3,40,63,21,0,15,1,0,127,32,0,3211eb6e77f432f79fed8e1f633b660933faebcfe9815b42b44599fbb212acd2
own_v1,O2,h00009,final_clean,1,45,238,1,4,4,0,1,3,40,63,21,0,15,1,0,127,32,0,9bafb762e435c42404cf90e8c470364dc872ee21751ad6ccd90fa81f627d3097
own_v1,O2,h00010,raw_lift,30,124,1513,44,43,37,6,10,0,112,234,8,2,10,0,3,354,445,0,8cbbe7eecd8c3c6346b6f8b00f44c5eef2f164ff2c8c7ac870cac902b909ef68
own_v1,O2,h00010,brightened_main,11,49,1169,4,25,22,3,12,4,138,571,73,37,13,2,0,786,166,0,3345e9c7ac8ad5299eaafbcf8fba5728b31c8c63787f0f80aa05bae83894167c
own_v1,O2,h00010,bundle_verified_input,11,49,1169,4,25,22,3,12,4,138,571,73,37,13,2,0,786,166,0,ea2b5900b46dda046421496629cf4b80f10fa109276dff863617ad09686cc82c
own_v1,O2,h00010,bundle_pointer_opt,11,49,1149,4,25,22,3,12,4,136,571,71,31,13,2,0,782,155,0,fa7313fe2c1c254bb7272aeb02b7540feb80274bf9961ed5365316bcad85ba9a
own_v1,O2,h00010,bundle_standard_opt_3,11,49,941,4,24,21,3,12,4,100,401,71,31,13,2,0,576,154,0,8c557fbe94eb1a4496fe9ea7129a4937792272a1bd96743f04a919f16ff7f3b8
own_v1,O2,h00010,bundle_storage_delift,11,49,941,4,24,21,3,12,4,100,401,71,31,13,2,0,576,154,0,8c557fbe94eb1a4496fe9ea7129a4937792272a1bd96743f04a919f16ff7f3b8
own_v1,O2,h00010,bundle_residual_strip,11,49,941,4,24,21,3,12,4,100,401,71,31,13,2,0,576,154,0,8c557fbe94eb1a4496fe9ea7129a4937792272a1bd96743f04a919f16ff7f3b8
own_v1,O2,h00010,final_clean,11,49,930,4,24,21,3,12,4,100,390,71,31,13,2,0,565,154,0,5afe80369c83a39f6fdf1d270ddba2955c1590a62563ab395877098459ac59fc
own_v1,O2,h00011,raw_lift,26,102,1082,36,34,29,5,7,0,70,174,5,3,7,1,3,249,344,0,97c2d2bcf35688d91a097d0c773741fdea08bfacdcab7df22307ff1e4cd19677
own_v1,O2,h00011,brightened_main,2,24,157,2,3,3,0,1,2,23,39,19,4,6,2,0,83,21,0,c4bf1ad616ab56664f041b3ef5f95066e5952da26cb7530df962f73db570c1f5
own_v1,O2,h00011,bundle_verified_input,2,24,157,2,3,3,0,1,2,23,39,19,4,6,2,0,83,21,0,06988dc622ca7e0ba3035d8948f3b7c3db09e8d1284b6beafb679adbde1b9100
own_v1,O2,h00011,bundle_pointer_opt,2,24,157,2,3,3,0,1,2,23,39,19,4,6,2,0,83,21,0,5b22a1b7d2539bcfb082be297e6236cabc70d128c0e9522d24f372f8f4c02752
own_v1,O2,h00011,bundle_standard_opt_3,2,24,156,2,3,3,0,1,2,23,39,18,4,6,2,0,82,21,0,9361c75063742f5e7400b6652672777ecff994ed7af52b29492a21a7ad2c0aa7
own_v1,O2,h00011,bundle_storage_delift,2,24,156,2,3,3,0,1,2,23,39,18,4,6,2,0,82,21,0,9361c75063742f5e7400b6652672777ecff994ed7af52b29492a21a7ad2c0aa7
own_v1,O2,h00011,bundle_residual_strip,2,24,156,2,3,3,0,1,2,23,39,18,4,6,2,0,82,21,0,9361c75063742f5e7400b6652672777ecff994ed7af52b29492a21a7ad2c0aa7
own_v1,O2,h00011,final_clean,1,23,155,2,3,3,0,1,2,23,39,18,4,6,2,0,82,21,0,f7b5eb55127730e7f2626594a1a8ac8ccc2d366724e70a8f2e2be9de4dbff151
own_v1,O2,h00012,raw_lift,26,83,1002,26,35,30,5,8,0,59,159,5,2,4,0,3,223,317,0,e3aba7a84f5720bc07412fc1df8eb274ffb0797f9986486d158781baa5886bc8
own_v1,O2,h00012,brightened_main,2,15,109,1,2,2,0,0,2,13,26,14,2,3,1,0,55,10,0,b5c1da4a85d07a5fcac91e58b22f700e43cce9449a8a5324086ea802d2285938
own_v1,O2,h00012,bundle_verified_input,2,15,109,1,2,2,0,0,2,13,26,14,2,3,1,0,55,10,0,b73bab513df47e60b32dbffafe531acbe3a0b646c33e96ea09ba3ffb10d7c9dd
own_v1,O2,h00012,bundle_pointer_opt,2,15,109,1,2,2,0,0,2,13,26,14,2,3,1,0,55,10,0,711dadc23de46526c1db810617327169fb534f2d0705fdb09d31e95541cc86f7
own_v1,O2,h00012,bundle_standard_opt_3,2,15,108,1,2,2,0,0,2,13,26,13,2,3,1,0,54,10,0,074655adafab2d2fce663f92340a616962629aab90b0976fb5487f02285e544c
own_v1,O2,h00012,bundle_storage_delift,2,15,108,1,2,2,0,0,2,13,26,13,2,3,1,0,54,10,0,074655adafab2d2fce663f92340a616962629aab90b0976fb5487f02285e544c
own_v1,O2,h00012,bundle_residual_strip,2,15,108,1,2,2,0,0,2,13,26,13,2,3,1,0,54,10,0,074655adafab2d2fce663f92340a616962629aab90b0976fb5487f02285e544c
own_v1,O2,h00012,final_clean,1,14,107,1,2,2,0,0,2,13,26,13,2,3,1,0,54,10,0,cd97482deb76c89056dd371084852360ac416baf1573942b71e653bae3d95060
own_v1,O2,h00013,raw_lift,26,94,1005,33,37,32,5,7,0,65,191,5,2,5,0,6,261,283,0,e10a39e6f98b6ed2b0724fae4e3de897d84fd4be6417ab14f74123181b9f156a
own_v1,O2,h00013,brightened_main,2,18,136,1,3,3,0,1,4,22,31,18,0,4,1,0,75,10,0,3a7926adb1f1b180b876cd47c1cc3512493c30ce6bd77607b8a1d6c57338c0a6
own_v1,O2,h00013,bundle_verified_input,2,18,136,1,3,3,0,1,4,22,31,18,0,4,1,0,75,10,0,e93f97df9bc4e7511c28ea4531b73c3d78e07d8c0c22a80265e62446babe5232
own_v1,O2,h00013,bundle_pointer_opt,2,18,136,1,3,3,0,1,4,22,31,18,0,4,1,0,75,10,0,3318a851e4cb008e33243f85b2aa56d9a2c425504f5b09e46c5cbb3324194903
own_v1,O2,h00013,bundle_standard_opt_3,2,18,135,1,3,3,0,1,4,22,31,17,0,4,1,0,74,10,0,f3ecde525a755eeea4c616154d7205661f0e6ad71481bb9145ec5163a67d9c30
own_v1,O2,h00013,bundle_storage_delift,2,18,135,1,3,3,0,1,4,22,31,17,0,4,1,0,74,10,0,f3ecde525a755eeea4c616154d7205661f0e6ad71481bb9145ec5163a67d9c30
own_v1,O2,h00013,bundle_residual_strip,2,18,135,1,3,3,0,1,4,22,31,17,0,4,1,0,74,10,0,f3ecde525a755eeea4c616154d7205661f0e6ad71481bb9145ec5163a67d9c30
own_v1,O2,h00013,final_clean,1,17,134,1,3,3,0,1,4,22,31,17,0,4,1,0,74,10,0,f8258d7707dc2268f8c032fd3401553c96be0142befb1c3c091400ed11accfb2
own_v1,O2,h00014,raw_lift,27,151,1862,61,49,44,5,15,0,107,298,8,2,14,0,7,413,610,0,2588e2a878be21913c57d77890381521f549247be6910f9226c4006b0c65e4bd
own_v1,O2,h00014,brightened_main,3,48,1288,6,9,9,0,4,4,131,684,10,51,13,4,0,829,218,0,fecec28b6917112bf3c31dddf8d9e6e481b96df380a00d8c13ce9a1835c4b96c
own_v1,O2,h00014,bundle_verified_input,3,48,1288,6,9,9,0,4,4,131,684,10,51,13,4,0,829,218,0,f5777468216de81b755482ad39863ee2306600d3bbeb3fbd7848518c84eafaab
own_v1,O2,h00014,bundle_pointer_opt,3,48,1280,6,9,9,0,4,4,131,684,10,51,13,4,0,829,210,0,2cd5bcb103a0c344755c18e198ab112146cb8bcf5b632ef2e9f2218a7d69529a
own_v1,O2,h00014,bundle_standard_opt_3,3,48,1093,6,9,9,0,4,4,101,547,10,49,13,4,0,662,207,0,b9570ff498c6637b0d7d4dc8a7ca2cc3ec5794fd97a2cc2777d6ecbb8e46ed93
own_v1,O2,h00014,bundle_storage_delift,3,48,1093,6,9,9,0,4,4,101,547,10,49,13,4,0,662,207,0,b9570ff498c6637b0d7d4dc8a7ca2cc3ec5794fd97a2cc2777d6ecbb8e46ed93
own_v1,O2,h00014,bundle_residual_strip,3,48,1093,6,9,9,0,4,4,101,547,10,49,13,4,0,662,207,0,b9570ff498c6637b0d7d4dc8a7ca2cc3ec5794fd97a2cc2777d6ecbb8e46ed93
own_v1,O2,h00014,final_clean,2,47,1084,6,9,9,0,4,4,101,539,10,49,13,4,0,654,207,0,0e1286ffe59d164ef25dfba6bd93ed10852093f3acf900a934523f115bd86d59
own_v1,O2,h00015,raw_lift,26,115,1242,43,40,35,5,10,0,73,204,5,2,9,0,5,282,368,0,6c5219e1ba1a51c6339076fdee187be6950265dbf234bd719d6f4fa7ea705f0a
own_v1,O2,h00015,brightened_main,2,28,227,3,10,10,0,5,4,24,37,31,4,10,1,2,96,44,0,1f810a2956eaf3606d0a0a8d5cd69ade9781d1b61bc40f43f0117d7b32170bd1
own_v1,O2,h00015,bundle_verified_input,2,28,227,3,10,10,0,5,4,24,37,31,4,10,1,2,96,44,0,81302fd37470cfce8b4068f9ca2418f82d5dcbd1132da05a2f2645c3d68d0e66
own_v1,O2,h00015,bundle_pointer_opt,2,28,227,3,10,10,0,5,4,24,37,33,4,10,1,2,98,44,0,b34a0dcb2e765a184642a06ed3b73fc485f0ce9a4cd3bf35c0edb0ec2273f785
own_v1,O2,h00015,bundle_standard_opt_3,2,28,218,3,11,11,0,6,4,23,35,28,4,10,1,2,90,43,0,242de5d4d4fa244ec9f2346167f5b859016d77f4f837ad31c1ecabfc77984279
own_v1,O2,h00015,bundle_storage_delift,2,28,218,3,11,11,0,6,4,23,35,28,4,10,1,2,90,43,0,242de5d4d4fa244ec9f2346167f5b859016d77f4f837ad31c1ecabfc77984279
own_v1,O2,h00015,bundle_residual_strip,2,28,218,3,11,11,0,6,4,23,35,28,4,10,1,2,90,43,0,242de5d4d4fa244ec9f2346167f5b859016d77f4f837ad31c1ecabfc77984279
own_v1,O2,h00015,final_clean,1,27,217,3,11,11,0,6,4,23,35,28,4,10,1,2,90,43,0,5bb6c7ec47cdd4ce3213e64e9202334cec1c41c664591f3c09cf1a2602023f4e
own_v1,O2,h00016,raw_lift,26,119,1276,44,36,31,5,8,0,77,195,5,2,10,0,3,277,401,0,fd03a0e0c547583484c8b87962d5013dc037a45d748bb58479f6ecc2e41f3a40
own_v1,O2,h00016,brightened_main,2,32,241,1,8,8,0,5,4,28,64,33,2,10,1,0,129,34,0,8a661fe167a3c0769f82929d681109a28efabd9275c55327a1f926a158a6a645
own_v1,O2,h00016,bundle_verified_input,2,32,241,1,8,8,0,5,4,28,64,33,2,10,1,0,129,34,0,7ad2952c63d2ae173d680be1e4165d833773a4150d09e2d9850b9c243dd1adde
own_v1,O2,h00016,bundle_pointer_opt,2,32,241,1,8,8,0,5,4,28,64,33,2,10,1,0,129,34,0,9bf93967ea08c9cd00c384b4e27e2701c5a2a790d7b8f8c64f9d4a7632a538d2
own_v1,O2,h00016,bundle_standard_opt_3,2,32,240,1,8,8,0,5,4,28,64,32,2,10,1,0,128,34,0,1c19f194e2ffbd0965628cadbd58248fcdd0d36c8982a0154e035f0a2726356c
own_v1,O2,h00016,bundle_storage_delift,2,32,240,1,8,8,0,5,4,28,64,32,2,10,1,0,128,34,0,1c19f194e2ffbd0965628cadbd58248fcdd0d36c8982a0154e035f0a2726356c
own_v1,O2,h00016,bundle_residual_strip,2,32,240,1,8,8,0,5,4,28,64,32,2,10,1,0,128,34,0,1c19f194e2ffbd0965628cadbd58248fcdd0d36c8982a0154e035f0a2726356c
own_v1,O2,h00016,final_clean,1,31,239,1,8,8,0,5,4,28,64,32,2,10,1,0,128,34,0,a9b2bdc57a34eedf52eba06a4a9555c4beffd1b7c7f72f05399fa7f6b321be8c
own_v1,O2,h00017,raw_lift,27,113,1543,42,54,49,5,19,0,84,297,4,4,12,0,6,385,474,0,aff4094c144daf299d162b010866a8946db876b96ba8c8c71f57a44976d9ac9d
own_v1,O2,h00017,brightened_main,9,42,1035,4,36,34,2,15,5,108,431,46,33,14,1,0,590,186,0,334b607c21726632d1476c52544a49e3fa16d762c33cd13a22bb846c19cac13b
own_v1,O2,h00017,bundle_verified_input,9,42,1035,4,36,34,2,15,5,108,431,46,33,14,1,0,590,186,0,e1aecf4393df5ee0276f5d1cc6c86e87c9ee7b9d8de10e759221e42a0b68824e
own_v1,O2,h00017,bundle_pointer_opt,9,42,1029,4,36,34,2,15,5,108,431,46,29,14,1,0,590,180,0,62ec08eeaec4f6b9e9dcbead75b9aa388b23f111c5931384c2ad67ff0c9c1b23
own_v1,O2,h00017,bundle_standard_opt_3,9,42,853,4,33,31,2,14,5,72,307,46,27,14,1,0,430,173,0,151060868f284f38746f0d6a1af74ef9ba78ffb37a1f622e1e8da7f997f340ec
own_v1,O2,h00017,bundle_storage_delift,9,42,853,4,33,31,2,14,5,72,307,46,27,14,1,0,430,173,0,151060868f284f38746f0d6a1af74ef9ba78ffb37a1f622e1e8da7f997f340ec
own_v1,O2,h00017,bundle_residual_strip,9,42,853,4,33,31,2,14,5,72,307,46,27,14,1,0,430,173,0,151060868f284f38746f0d6a1af74ef9ba78ffb37a1f622e1e8da7f997f340ec
own_v1,O2,h00017,final_clean,9,42,844,4,33,31,2,14,5,72,306,46,27,14,1,0,429,169,0,ac07f3bd03d5305d88d6f912294683bd1ab9a89a7b79bed8eabcf4dea9ee540c
own_v1,O2,h00018,raw_lift,27,152,1539,60,36,31,5,7,0,96,230,5,2,16,0,3,331,504,0,bcd7c909bb42cccd3f17368176439117444ce9eec9e56967ee317e38b5d9cbb6
own_v1,O2,h00018,brightened_main,9,63,1103,4,14,12,2,5,1,93,598,66,39,19,1,0,758,150,0,ba19c986800cfcb77480432bcf07d01f523d49addb970ee4d5344dfddf4d4ffb
own_v1,O2,h00018,bundle_verified_input,9,63,1103,4,14,12,2,5,1,93,598,66,39,19,1,0,758,150,0,4962361e61336ebdb79f31aef47764aff11fd123d845d46987cd5eae43da914a
own_v1,O2,h00018,bundle_pointer_opt,9,63,1075,4,14,12,2,5,1,93,598,66,30,19,1,0,758,128,0,915b8f1631d11b4ddd163d083ccd59085d7b2ea6833d876d89e1ddc92ccaa7a4
own_v1,O2,h00018,bundle_standard_opt_3,9,63,913,4,14,12,2,5,1,84,446,66,30,19,1,0,597,127,0,0302f05a7dec3f255af724b11bd846236bbe32ad4bb72b43bcd8c9d0e9f4077f
own_v1,O2,h00018,bundle_storage_delift,9,63,913,4,14,12,2,5,1,84,446,66,30,19,1,0,597,127,0,0302f05a7dec3f255af724b11bd846236bbe32ad4bb72b43bcd8c9d0e9f4077f
own_v1,O2,h00018,bundle_residual_strip,9,63,913,4,14,12,2,5,1,84,446,66,30,19,1,0,597,127,0,0302f05a7dec3f255af724b11bd846236bbe32ad4bb72b43bcd8c9d0e9f4077f
own_v1,O2,h00018,final_clean,9,63,859,4,14,12,2,5,1,84,392,66,30,19,1,0,543,127,0,4e1b63e9ac8706f9361b849fc39101915e07c955e6f63a90e8c44cef9e317973
own_v1,O2,h00019,raw_lift,26,133,1355,51,36,31,5,8,0,86,203,5,2,13,0,3,294,412,0,dbbceaff1fe3996e66b9d4ea07f5a74639cb1a1f59bc0896a00258c257605f7f
own_v1,O2,h00019,brightened_main,2,39,280,1,8,8,0,5,5,37,74,35,2,13,1,0,151,42,0,3829866936add7f7a9781e00fb2ea0f4ba26e208d88b58b8dbd8cb9ce28494ee
own_v1,O2,h00019,bundle_verified_input,2,39,280,1,8,8,0,5,5,37,74,35,2,13,1,0,151,42,0,cff6593f4e7f734f1fc673d525eda6ecddd47bf606050dae902cb5ac2fcf347c
own_v1,O2,h00019,bundle_pointer_opt,2,39,280,1,8,8,0,5,5,37,74,35,2,13,1,0,151,42,0,3104ff557c8ff9efa84380559c3f20077687489c48c72950e487dab9010c6912
own_v1,O2,h00019,bundle_standard_opt_3,2,39,279,1,8,8,0,5,5,37,74,34,2,13,1,0,150,42,0,b93db7a17719b8b707521c0d85c9b148fd4447c4162b5217fa5b65afc44adc9d
own_v1,O2,h00019,bundle_storage_delift,2,39,279,1,8,8,0,5,5,37,74,34,2,13,1,0,150,42,0,b93db7a17719b8b707521c0d85c9b148fd4447c4162b5217fa5b65afc44adc9d
own_v1,O2,h00019,bundle_residual_strip,2,39,279,1,8,8,0,5,5,37,74,34,2,13,1,0,150,42,0,b93db7a17719b8b707521c0d85c9b148fd4447c4162b5217fa5b65afc44adc9d
own_v1,O2,h00019,final_clean,1,38,278,1,8,8,0,5,5,37,74,34,2,13,1,0,150,42,0,91bb06eea368daab513b5616550a5fcdc1a71607e264d706807a729509546ca6
own_v1,O2,h00020,raw_lift,28,119,1505,44,49,44,5,14,0,82,260,5,2,9,0,5,347,479,0,85e61fd455a31c1629eac9ec2c60fa05f484f6634def7d2995103096d66ba075
own_v1,O2,h00020,brightened_main,8,47,1084,8,17,15,2,7,2,140,543,39,39,10,1,0,724,158,0,22bedd9002169e648a2d6408a80998f11ee27215768d07356cb234059b32b05c
own_v1,O2,h00020,bundle_verified_input,8,47,1084,8,17,15,2,7,2,140,543,39,39,10,1,0,724,158,0,df17193c7ab4a5f68d28e66a347e6b8145d046d0aa5fda3dd44df2006754fe8f
own_v1,O2,h00020,bundle_pointer_opt,8,47,1082,8,17,15,2,7,2,140,543,39,37,10,1,0,724,156,0,43b2f94a492697bff66dde2f57d2c45f62a9a27f1bdc9681ba41d1b924388135
own_v1,O2,h00020,bundle_standard_opt_3,8,47,878,8,17,15,2,7,2,92,395,39,35,10,1,0,528,152,0,5083bd035f58902aabefac0706a87b710a00c10d5c09308def103bbd317948eb
own_v1,O2,h00020,bundle_storage_delift,8,47,878,8,17,15,2,7,2,92,395,39,35,10,1,0,528,152,0,5083bd035f58902aabefac0706a87b710a00c10d5c09308def103bbd317948eb
own_v1,O2,h00020,bundle_residual_strip,8,47,878,8,17,15,2,7,2,92,395,39,35,10,1,0,528,152,0,5083bd035f58902aabefac0706a87b710a00c10d5c09308def103bbd317948eb
own_v1,O2,h00020,final_clean,8,47,865,8,17,15,2,7,2,92,382,39,35,10,1,0,515,152,0,d9d6d63ecea405f57c4d16ff16227acc96f350e29d1a74c69ab2f5c0698f7ded
own_v1,O2,h00021,raw_lift,27,110,1529,39,58,53,5,22,0,85,322,4,4,12,0,3,411,466,0,17fde9a466df5424ddf5ba1e37f76f83f15e84ac618f3b75423737c13ddc2ccd
own_v1,O2,h00021,brightened_main,8,44,854,8,19,17,2,5,1,111,352,44,31,20,2,0,508,153,0,705f764c1cb6086ce2e21d961610841ffdc6c94307a15548098057f5cb83a946
own_v1,O2,h00021,bundle_verified_input,8,44,854,8,19,17,2,5,1,111,352,44,31,20,2,0,508,153,0,1e9f90471ba95bb0c0a046603202e7bef75c51bf8320bfdce89d840f228e31d4
own_v1,O2,h00021,bundle_pointer_opt,8,44,840,8,19,17,2,5,1,111,352,44,25,20,2,0,508,139,0,61f96b503f18df580abb74bc464d035b454e4ee504fdeacddb7322090b8ef3c9
own_v1,O2,h00021,bundle_standard_opt_3,8,44,713,8,18,16,2,4,1,71,275,44,25,20,2,0,391,136,0,c46e231b446bd45f589f47e6dba3f193aa9ed0da8ff042814c4a0c4d83f4be89
own_v1,O2,h00021,bundle_storage_delift,8,44,713,8,18,16,2,4,1,71,275,44,25,20,2,0,391,136,0,c46e231b446bd45f589f47e6dba3f193aa9ed0da8ff042814c4a0c4d83f4be89
own_v1,O2,h00021,bundle_residual_strip,8,44,713,8,18,16,2,4,1,71,275,44,25,20,2,0,391,136,0,c46e231b446bd45f589f47e6dba3f193aa9ed0da8ff042814c4a0c4d83f4be89
own_v1,O2,h00021,final_clean,8,44,709,8,18,16,2,4,1,71,274,44,25,20,2,0,390,134,0,eca7e6a4023bf95fdb86a78b95f048e0cac8e39cfd56a8e243419952780bad9e
own_v1,O2,h00022,raw_lift,27,58,693,13,39,34,5,9,0,55,174,6,2,2,0,4,235,158,0,64c08da2254748f8d6dc747419d304a9817be271d5b03a59d311766c37830c63
own_v1,O2,h00022,brightened_main,3,10,460,1,9,9,0,5,2,75,213,9,14,1,1,0,299,69,0,51c520c0d02993897610ad223d128a9437ec277e436503a13246629448b7062e
own_v1,O2,h00022,bundle_verified_input,3,10,460,1,9,9,0,5,2,75,213,9,14,1,1,0,299,69,0,5796d8a88730eeed07fc4b33983ffea79e001891df8418edfca90c41fdfff238
own_v1,O2,h00022,bundle_pointer_opt,3,10,460,1,9,9,0,5,2,75,213,9,14,1,1,0,299,69,0,5796d8a88730eeed07fc4b33983ffea79e001891df8418edfca90c41fdfff238
own_v1,O2,h00022,bundle_standard_opt_3,3,10,208,1,5,5,0,1,2,25,99,9,7,1,1,0,135,26,0,8616a7596605d246a104a52c1b4ebf392afa790307194a753c022d3460e9885c
own_v1,O2,h00022,bundle_storage_delift,3,10,208,1,5,5,0,1,2,25,99,9,7,1,1,0,135,26,0,8616a7596605d246a104a52c1b4ebf392afa790307194a753c022d3460e9885c
own_v1,O2,h00022,bundle_residual_strip,3,10,208,1,5,5,0,1,2,25,99,9,7,1,1,0,135,26,0,8616a7596605d246a104a52c1b4ebf392afa790307194a753c022d3460e9885c
own_v1,O2,h00022,final_clean,2,9,205,1,5,5,0,1,2,25,97,9,7,1,1,0,133,26,0,deaf046763da4cc21c8686d6453607b635dfa6a225eaef0bc68b1fa1741a1a63
own_v1,O2,h00023,raw_lift,26,128,1402,49,38,33,5,9,0,86,214,5,2,11,0,4,305,421,0,e3708ac61644825e12ed4f3a7b0e3f3b98c1b14d30a3eac6a819a50316a38d91
own_v1,O2,h00023,brightened_main,2,34,286,2,9,9,0,5,4,37,43,42,4,12,1,1,126,51,0,cd6a1b15f84af24528eaf30835b59059dabe41a85aab19c61646896a4c514733
own_v1,O2,h00023,bundle_verified_input,2,34,286,2,9,9,0,5,4,37,43,42,4,12,1,1,126,51,0,7edc1ff6636b942023f0c9d004c82d779a15b9e1f4a2b54e86616c03c16a2126
own_v1,O2,h00023,bundle_pointer_opt,2,34,286,2,9,9,0,5,4,37,43,49,4,12,1,1,133,51,0,4b84a3dff28b662c42f1edecd964373c82947a66a3ddcc99d5ca61e37283c617
own_v1,O2,h00023,bundle_standard_opt_3,2,34,277,2,9,9,0,5,4,37,43,40,4,12,1,1,124,51,0,43567f012961dbe624971ae44929d49e04abe205743601b6e9fc4b659f1cc194
own_v1,O2,h00023,bundle_storage_delift,2,34,277,2,9,9,0,5,4,37,43,40,4,12,1,1,124,51,0,43567f012961dbe624971ae44929d49e04abe205743601b6e9fc4b659f1cc194
own_v1,O2,h00023,bundle_residual_strip,2,34,277,2,9,9,0,5,4,37,43,40,4,12,1,1,124,51,0,43567f012961dbe624971ae44929d49e04abe205743601b6e9fc4b659f1cc194
own_v1,O2,h00023,final_clean,1,33,276,2,9,9,0,5,4,37,43,40,4,12,1,1,124,51,0,f6855fa86295afd710dc3a49684098177b841c9af96c42cd568f9be6a5782319
own_v1,O2,h00024,raw_lift,27,90,1107,29,41,36,5,11,0,77,203,5,2,5,0,3,285,326,0,d19156b17f74b1fee0b782db29ae23006d41b8829ab6206a5f59a736dd393181
own_v1,O2,h00024,brightened_main,9,30,667,2,14,12,2,4,1,91,304,29,32,6,1,0,425,112,0,e1843be961b538f0cb543b1ba98b0d8ace40bf7de23b94c37f39293c8925bb55
own_v1,O2,h00024,bundle_verified_input,9,30,667,2,14,12,2,4,1,91,304,29,32,6,1,0,425,112,0,cf94f3e149dfc6a637900e5188426d0bd8336dbcd2214e68f9db654cfd7af7f5
own_v1,O2,h00024,bundle_pointer_opt,9,30,654,2,14,12,2,4,1,91,304,29,26,6,1,0,425,102,0,e0230f7da574b73669fda662a1997f894b13ac2cab68631d3f448852d3614cbe
own_v1,O2,h00024,bundle_standard_opt_3,9,30,571,2,14,12,2,4,1,71,242,29,26,6,1,0,343,101,0,954b1cf0ec115dae575a87479381002591a7291eca0071651330b3aba6840157
own_v1,O2,h00024,bundle_storage_delift,9,30,571,2,14,12,2,4,1,71,242,29,26,6,1,0,343,101,0,954b1cf0ec115dae575a87479381002591a7291eca0071651330b3aba6840157
own_v1,O2,h00024,bundle_residual_strip,9,30,571,2,14,12,2,4,1,71,242,29,26,6,1,0,343,101,0,954b1cf0ec115dae575a87479381002591a7291eca0071651330b3aba6840157
own_v1,O2,h00024,final_clean,9,30,571,2,14,12,2,4,1,71,242,29,26,6,1,0,343,101,0,d03db7f06cf0b792b844fcccbee43bcb568054ebff4c6719d46588193b617b14
own_v1,O2,h00025,raw_lift,27,115,1278,43,41,36,5,9,0,79,234,5,3,9,1,5,318,384,0,8d9fac830afc41dfcb7cb8fe66763fe85ea7ed849a711d5c5f43b864084d6159
own_v1,O2,h00025,brightened_main,8,42,958,5,12,10,2,4,2,111,528,47,43,10,2,0,688,125,0,20153fca0442f517e5e217d0e493bc259ab4efffd37270c42f441d1541a27ea0
own_v1,O2,h00025,bundle_verified_input,8,42,958,5,12,10,2,4,2,111,528,47,43,10,2,0,688,125,0,bba3379a90d4e5184ba50cba897cbbc9ccd84d565d016f5bce3711dd90b7bbdf
own_v1,O2,h00025,bundle_pointer_opt,8,42,949,5,12,10,2,4,2,111,528,47,37,10,2,0,688,117,0,ed9c8b86acced7aeb06e79f681e3a55d5d2f56e920f41888162b0418ba48e97c
own_v1,O2,h00025,bundle_standard_opt_3,8,42,756,5,12,10,2,4,2,78,371,47,35,10,2,0,498,114,0,b297372d33f70e1978936d3876cbda0821ef0ae151eb748651ecde68a1abc154
own_v1,O2,h00025,bundle_storage_delift,8,42,756,5,12,10,2,4,2,78,371,47,35,10,2,0,498,114,0,b297372d33f70e1978936d3876cbda0821ef0ae151eb748651ecde68a1abc154
own_v1,O2,h00025,bundle_residual_strip,8,42,756,5,12,10,2,4,2,78,371,47,35,10,2,0,498,114,0,b297372d33f70e1978936d3876cbda0821ef0ae151eb748651ecde68a1abc154
own_v1,O2,h00025,final_clean,8,42,729,5,12,10,2,4,2,78,344,47,35,10,2,0,471,114,0,a93d9000c603dae54d9d6fba20905f0d2372719956bcf436b4826ca8b29ee0e0
own_v1,O2,h00026,raw_lift,27,184,1718,76,37,32,5,7,0,109,257,4,2,22,0,3,370,539,0,7bfe2246100057535e23959cea5c9ed4fb39482dc8fd822a1197e09a3af1c050
own_v1,O2,h00026,brightened_main,9,81,1192,6,17,15,2,8,3,114,591,93,37,23,2,0,801,163,0,9ed527e7549316142a46ccdb6adc5d78c011aa342e3dac0a5143ede4ad0ce010
own_v1,O2,h00026,bundle_verified_input,9,81,1192,6,17,15,2,8,3,114,591,93,37,23,2,0,801,163,0,ef8e1bd33f55967c32edfce3395340faba555f9aefc271e769b44180d20320fb
own_v1,O2,h00026,bundle_pointer_opt,9,81,1159,6,17,15,2,8,3,113,590,92,28,23,2,0,798,134,0,cd830bc2e9afcaf974f7f7ae5523654d7e66b926e9e7312f7323f6a8a27eb88f
own_v1,O2,h00026,bundle_standard_opt_3,2,68,905,5,12,12,0,8,3,73,424,88,20,21,2,0,588,116,0,a99af4bca81f14935ba7f845cdfac932b7285b0ace0125d29e63cd65f084082c
own_v1,O2,h00026,bundle_storage_delift,2,68,905,5,12,12,0,8,3,73,424,88,20,21,2,0,588,116,0,a99af4bca81f14935ba7f845cdfac932b7285b0ace0125d29e63cd65f084082c
own_v1,O2,h00026,bundle_residual_strip,2,68,905,5,12,12,0,8,3,73,424,88,20,21,2,0,588,116,0,a99af4bca81f14935ba7f845cdfac932b7285b0ace0125d29e63cd65f084082c
own_v1,O2,h00026,final_clean,1,67,839,5,12,12,0,8,3,73,361,88,20,21,2,0,525,116,0,97c875bda148c81e22ce36d80de60d2ebadfc159215e6b98076062f03515438a
own_v1,O2,h00027,raw_lift,27,186,1746,77,40,35,5,8,0,110,274,4,2,21,0,3,388,553,0,1a09fa744b9e6d50e687c97b2944d4725041fde2f546b00e6bf391373f5621ac
own_v1,O2,h00027,brightened_main,9,82,1257,6,24,22,2,9,3,137,623,88,37,22,3,0,851,171,0,af04a14ecf36b767712fe4d6ad3edde6e4e6d4a5e4ab263a98b3ca41e6ef9d60
own_v1,O2,h00027,bundle_verified_input,9,82,1257,6,24,22,2,9,3,137,623,88,37,22,3,0,851,171,0,11e401c1b2ae604c30a18069240689e097e4fea9ecaa26f532e494582b175438
own_v1,O2,h00027,bundle_pointer_opt,9,82,1219,6,24,22,2,9,3,135,622,87,28,22,3,0,847,138,0,ce2bd5a6f5395e2c53f642c701a90eba8bc4557f9b31d0b943a55e4e6721410c
own_v1,O2,h00027,bundle_standard_opt_3,9,82,1065,6,23,21,2,9,3,94,511,87,28,22,3,0,695,137,0,7f827980785f460174a018db9f462ed049826a6575d92787fad9381977c7c472
own_v1,O2,h00027,bundle_storage_delift,9,82,1065,6,23,21,2,9,3,94,511,87,28,22,3,0,695,137,0,7f827980785f460174a018db9f462ed049826a6575d92787fad9381977c7c472
own_v1,O2,h00027,bundle_residual_strip,9,82,1065,6,23,21,2,9,3,94,511,87,28,22,3,0,695,137,0,7f827980785f460174a018db9f462ed049826a6575d92787fad9381977c7c472
own_v1,O2,h00027,final_clean,9,82,1056,6,21,19,2,9,3,94,504,89,28,22,3,0,690,137,0,8910a3648ccc7d5587ae3968820b9f5bde4b9cc7841fdcfa122b0f8b46e8962c
own_v1,O2,h00028,raw_lift,26,171,1802,70,36,31,5,8,0,126,253,5,2,21,0,3,384,594,0,93dac2b16414edff74bd3fb613f2d1665b1312ae9cf535af71386def09ce6467
own_v1,O2,h00028,brightened_main,2,59,454,2,9,9,0,6,5,67,110,46,2,20,2,0,228,86,0,b9644ac8021c8e6129499eb01424f83d9cbb1f4d686d1207e5c273a5eb945b30
own_v1,O2,h00028,bundle_verified_input,2,59,454,2,9,9,0,6,5,67,110,46,2,20,2,0,228,86,0,2323a5776e04ed5227a6cdb2ee9a9f7e16a86a98b7e6d6973a6e25928c4ffd8c
own_v1,O2,h00028,bundle_pointer_opt,2,59,454,2,9,9,0,6,5,67,110,46,2,20,2,0,228,86,0,f5fcd03e5e55f8039224efb4dfae84f752dc3b65f3e72f0f1369d33fff4c19ab
own_v1,O2,h00028,bundle_standard_opt_3,2,59,453,2,9,9,0,6,5,67,110,45,2,20,2,0,227,86,0,81af33e6de3f700beaf28c962fbd402485b62e2c1edb3effbd44569b9d204978
own_v1,O2,h00028,bundle_storage_delift,2,59,453,2,9,9,0,6,5,67,110,45,2,20,2,0,227,86,0,81af33e6de3f700beaf28c962fbd402485b62e2c1edb3effbd44569b9d204978
own_v1,O2,h00028,bundle_residual_strip,2,59,453,2,9,9,0,6,5,67,110,45,2,20,2,0,227,86,0,81af33e6de3f700beaf28c962fbd402485b62e2c1edb3effbd44569b9d204978
own_v1,O2,h00028,final_clean,1,58,452,2,9,9,0,6,5,67,110,45,2,20,2,0,227,86,0,5932aaba8aac71e1f6b3396171e6b4d47b7136b916e5f89a37f80db2d5c51189
own_v1,O2,h00029,raw_lift,28,184,2035,75,51,46,5,15,0,143,337,6,2,19,0,3,486,650,0,fddd1a014b0cfca3bb9a9ef854cd03c7032ba6ef89fde33f433797c650c4cdba
own_v1,O2,h00029,brightened_main,10,90,1951,17,41,39,2,18,6,190,1015,106,45,29,6,0,1317,282,0,eebce9775277bd18108e5093d9c6f09454a59b016d60ceb01fcc0606eda7afe5
own_v1,O2,h00029,bundle_verified_input,10,90,1951,17,41,39,2,18,6,190,1015,106,45,29,6,0,1317,282,0,952838ff88083231e9b15f2bea4cd3e80e5e214d70e29ce14d59b2d9eab443ff
own_v1,O2,h00029,bundle_pointer_opt,10,90,1946,17,41,39,2,18,6,190,1015,106,45,29,6,0,1317,277,0,dc4192941444dd3a29b6dfc6f2ffdddcfd87926405e213a8cfc6e027d6a1360f
own_v1,O2,h00029,bundle_standard_opt_3,10,90,1688,17,41,39,2,18,6,137,813,106,45,29,6,0,1062,276,0,7ebbd95f818e008ab0f4e187991a4e8e6926939306ddd19406eda0ca98da652a
own_v1,O2,h00029,bundle_storage_delift,10,90,1688,17,41,39,2,18,6,137,813,106,45,29,6,0,1062,276,0,7ebbd95f818e008ab0f4e187991a4e8e6926939306ddd19406eda0ca98da652a
own_v1,O2,h00029,bundle_residual_strip,10,90,1688,17,41,39,2,18,6,137,813,106,45,29,6,0,1062,276,0,7ebbd95f818e008ab0f4e187991a4e8e6926939306ddd19406eda0ca98da652a
own_v1,O2,h00029,final_clean,10,90,1675,17,41,39,2,18,6,137,800,106,45,29,6,0,1049,276,0,80a18e8aa2762c0f1d653ee453592e2e472f0d33d3d673b719d3eecc41c6f027
own_v1,O2,h00030,raw_lift,26,239,2132,104,38,33,5,9,0,130,304,5,2,31,0,3,439,691,0,261b8bdc4a11c5c9f1f6afce0257b3ea17f6c4fe298a79f639c29b83addad4c8
own_v1,O2,h00030,brightened_main,2,93,549,2,4,4,0,0,4,81,128,38,0,30,2,0,251,94,0,da30ca7b521d2f77107e7f96c5d8f62c7eb3d47029d312ad55adbf26f9854601
own_v1,O2,h00030,bundle_verified_input,2,93,549,2,4,4,0,0,4,81,128,38,0,30,2,0,251,94,0,b3c85fad9100a6734ec6275ec07aaf665bb3a54a8ab99719831c328456582f31
own_v1,O2,h00030,bundle_pointer_opt,2,93,549,2,4,4,0,0,4,81,128,38,0,30,2,0,251,94,0,405d9476f6dafe9d440ff3a7962b27a2275bf0d713becbf97b3391f34635728e
own_v1,O2,h00030,bundle_standard_opt_3,2,93,548,2,4,4,0,0,4,81,128,37,0,30,2,0,250,94,0,5b9bd68f4ac248ef78f6a718c7f663bc92764030618437cb044f7251bd95522f
own_v1,O2,h00030,bundle_storage_delift,2,93,548,2,4,4,0,0,4,81,128,37,0,30,2,0,250,94,0,5b9bd68f4ac248ef78f6a718c7f663bc92764030618437cb044f7251bd95522f
own_v1,O2,h00030,bundle_residual_strip,2,93,548,2,4,4,0,0,4,81,128,37,0,30,2,0,250,94,0,5b9bd68f4ac248ef78f6a718c7f663bc92764030618437cb044f7251bd95522f
own_v1,O2,h00030,final_clean,1,92,547,2,4,4,0,0,4,81,128,37,0,30,2,0,250,94,0,54256da923e39684704005f38e502df5bc9f97775ebd32e96605664ac698a0de
own_v1,O2,h00031,raw_lift,27,164,1769,66,47,42,5,14,0,107,298,5,2,17,0,3,410,567,0,fdeb30a505be0b70aa11871b84a0ebef22e55487d0aa48a4b59b6c9b11dcd834
own_v1,O2,h00031,brightened_main,8,73,1307,10,19,17,2,8,2,125,697,71,39,22,4,0,895,183,0,a17d3798a2fc7cb90fe79f644c390e73474e8c8dd293a1c0adca6c0836162b31
own_v1,O2,h00031,bundle_verified_input,8,73,1307,10,19,17,2,8,2,125,697,71,39,22,4,0,895,183,0,70056ddaad826bc326763b2c007dd0c9b1505c4160cefb9644497a18827570e9
own_v1,O2,h00031,bundle_pointer_opt,8,73,1288,10,19,17,2,8,2,124,697,70,33,22,4,0,893,167,0,e5ccc571916581076ef941e88ae617a0d3642a3f12d5a63ebd09d46a592030b8
own_v1,O2,h00031,bundle_standard_opt_3,8,73,1135,10,19,17,2,8,2,88,581,70,33,22,4,0,741,166,0,ea58e344a69319ac9da29b492fc60b9373d2d7af309a7fc2acb7e3c8c29e207c
own_v1,O2,h00031,bundle_storage_delift,8,73,1135,10,19,17,2,8,2,88,581,70,33,22,4,0,741,166,0,ea58e344a69319ac9da29b492fc60b9373d2d7af309a7fc2acb7e3c8c29e207c
own_v1,O2,h00031,bundle_residual_strip,8,73,1135,10,19,17,2,8,2,88,581,70,33,22,4,0,741,166,0,ea58e344a69319ac9da29b492fc60b9373d2d7af309a7fc2acb7e3c8c29e207c
own_v1,O2,h00031,final_clean,8,73,1122,10,19,17,2,8,2,88,568,70,33,22,4,0,728,166,0,fbcb9297b4413d7a797d78a88657ae37714a2bcd6e84162e21719e3ca9bd46a5
own_v1,O2,h00032,raw_lift,26,163,1389,66,34,29,5,7,0,84,219,5,2,18,0,3,308,464,0,107c7152ae06b5c4cc43f4c693eec4c830cd7aee1ea2e7c4ea7b3c15ad5a27fc
own_v1,O2,h00032,brightened_main,9,70,921,5,12,10,2,4,1,75,497,57,37,19,2,0,630,137,0,419cf0ff8d7e9ece4cd771376dc229c7d77d5edacd267f97085e447665081da7
own_v1,O2,h00032,bundle_verified_input,9,70,921,5,12,10,2,4,1,75,497,57,37,19,2,0,630,137,0,596ace9274bb24711ba58aa425fd1f15cb225c07ab66f8a7e70641dee2677706
own_v1,O2,h00032,bundle_pointer_opt,9,70,880,5,12,10,2,4,1,75,497,57,28,19,2,0,630,109,0,572f8907a4ade036fec173404dffd0074b0f908886723fe68ca4f8555a34e792
own_v1,O2,h00032,bundle_standard_opt_3,9,70,759,5,12,10,2,4,1,65,387,57,28,19,2,0,510,108,0,e12242bd237f65056d87f329aae892b7684675811d5f4d80d9d6b8b87d742682
own_v1,O2,h00032,bundle_storage_delift,9,70,759,5,12,10,2,4,1,65,387,57,28,19,2,0,510,108,0,e12242bd237f65056d87f329aae892b7684675811d5f4d80d9d6b8b87d742682
own_v1,O2,h00032,bundle_residual_strip,9,70,759,5,12,10,2,4,1,65,387,57,28,19,2,0,510,108,0,e12242bd237f65056d87f329aae892b7684675811d5f4d80d9d6b8b87d742682
own_v1,O2,h00032,final_clean,9,70,727,5,12,10,2,4,1,65,355,57,28,19,2,0,478,108,0,097cecdca8d68eee3c6437bca109e344c18b1703445393677497b4013c065e7f
own_v1,O2,h00033,raw_lift,27,147,1750,58,49,44,5,16,0,116,308,4,4,18,0,4,428,548,0,d856c99f1f052ef9aeac11318072dc6eb14a539cf97ca6e5e264fd9284651ea4
own_v1,O2,h00033,brightened_main,9,62,1423,6,34,32,2,13,5,137,694,48,33,20,2,0,884,247,0,1fe0acf44eb6c4960ffaf9b2925b2572684295687342c59f8b201a15dad9dc31
own_v1,O2,h00033,bundle_verified_input,9,62,1423,6,34,32,2,13,5,137,694,48,33,20,2,0,884,247,0,568b25177b91980b68eaabfc518a4e8905cc5c464ea1e8b731ebe8c1c890e59a
own_v1,O2,h00033,bundle_pointer_opt,9,62,1416,6,34,32,2,13,5,137,694,48,29,20,2,0,884,240,0,8c9cfc04bb8211af712d69b14f2acb218a2631cbe25b7f90e011e11cb57480a7
own_v1,O2,h00033,bundle_standard_opt_3,9,62,1135,6,31,29,2,12,5,103,463,48,27,20,2,0,619,233,0,b006a28324195851c95e1b52024ce5e7cd42903d058fc1b36b4475b6b49576ac
own_v1,O2,h00033,bundle_storage_delift,9,62,1135,6,31,29,2,12,5,103,463,48,27,20,2,0,619,233,0,b006a28324195851c95e1b52024ce5e7cd42903d058fc1b36b4475b6b49576ac
own_v1,O2,h00033,bundle_residual_strip,9,62,1135,6,31,29,2,12,5,103,463,48,27,20,2,0,619,233,0,b006a28324195851c95e1b52024ce5e7cd42903d058fc1b36b4475b6b49576ac
own_v1,O2,h00033,final_clean,9,62,1118,6,31,29,2,12,5,103,448,48,27,20,2,0,604,231,0,513afd8936a09f055e7d56d770200e30d36aa350c942145a6a9b2cbf29ef79bb
own_v1,O2,h00034,raw_lift,32,171,1816,67,55,50,5,15,0,122,323,4,2,17,0,3,449,568,0,e583eadc251272fd7a4bdb8019b6d8ae8097e72aaae833f1c8ee4462ff59785e
own_v1,O2,h00034,brightened_main,9,71,1540,5,25,23,2,6,1,132,866,87,39,28,2,0,1086,203,0,bc9b0106f0764b660910437fa76a7bcbd9ba29ebe35e67a9f95d215c3a7972a5
own_v1,O2,h00034,bundle_verified_input,9,71,1540,5,25,23,2,6,1,132,866,87,39,28,2,0,1086,203,0,567d7fe0a9e55dade58f30ad7e51b87a431b782211e2e4bf0b993a01cf70b560
own_v1,O2,h00034,bundle_pointer_opt,9,71,1534,5,25,23,2,6,1,132,866,87,36,28,2,0,1086,197,0,13206efae23867a15edaff4a06c098ad3c15519c114542a442b8e892d84bfbe7
own_v1,O2,h00034,bundle_standard_opt_3,9,71,1329,5,25,23,2,6,1,123,671,87,36,28,2,0,882,196,0,1397b5d1b27a67ab79a3d236b40a5a7248b0db3576a29e58d26e074ac7a84cd2
own_v1,O2,h00034,bundle_storage_delift,9,71,1329,5,25,23,2,6,1,123,671,87,36,28,2,0,882,196,0,1397b5d1b27a67ab79a3d236b40a5a7248b0db3576a29e58d26e074ac7a84cd2
own_v1,O2,h00034,bundle_residual_strip,9,71,1329,5,25,23,2,6,1,123,671,87,36,28,2,0,882,196,0,1397b5d1b27a67ab79a3d236b40a5a7248b0db3576a29e58d26e074ac7a84cd2
own_v1,O2,h00034,final_clean,9,71,1286,5,25,23,2,6,1,123,628,87,36,28,2,0,839,196,0,0016751b91aeae4d38598d0dbba8f78888e0d77820060f25069b76374ae40668
own_v1,O2,h00035,raw_lift,30,138,1621,51,44,38,6,11,0,115,250,7,2,11,0,3,372,483,0,d6cd1d02ccacc6ccc32172a82f834df8edfaf70af34da0eca766944555f955c9
own_v1,O2,h00035,brightened_main,11,53,1189,5,25,22,3,10,4,136,599,67,41,14,3,0,806,167,0,277a6ad6789f8885ad17b6d2fd1fcdef0f3b306d1af376bc52dddb4aa837b08e
own_v1,O2,h00035,bundle_verified_input,11,53,1189,5,25,22,3,10,4,136,599,67,41,14,3,0,806,167,0,add839b11d99ef8dbe619ff29cf55a23f2d359a6f62841bc02db09ecbb8f7d17
own_v1,O2,h00035,bundle_pointer_opt,11,53,1173,5,25,22,3,10,4,135,599,66,35,14,3,0,804,157,0,13c0858a6af7de9c536193ad0e1e09027c60c915f2ed4d6b79b6396b56c461f2
own_v1,O2,h00035,bundle_standard_opt_3,11,53,966,5,25,22,3,10,4,102,425,66,35,14,3,0,597,157,0,ea230529ff46d3eecc2c12ce54f1bc312a9027ff319a9fd16bb9ec07f55fee11
own_v1,O2,h00035,bundle_storage_delift,11,53,966,5,25,22,3,10,4,102,425,66,35,14,3,0,597,157,0,ea230529ff46d3eecc2c12ce54f1bc312a9027ff319a9fd16bb9ec07f55fee11
own_v1,O2,h00035,bundle_residual_strip,11,53,966,5,25,22,3,10,4,102,425,66,35,14,3,0,597,157,0,ea230529ff46d3eecc2c12ce54f1bc312a9027ff319a9fd16bb9ec07f55fee11
own_v1,O2,h00035,final_clean,11,53,958,5,25,22,3,10,4,102,417,66,35,14,3,0,589,157,0,9014e95415a277b011fccd49fe7a97b3a267345d958f063a59bbab41b2192676
own_v1,O2,h00036,raw_lift,26,83,1004,26,35,30,5,8,0,58,161,4,4,7,0,3,223,314,0,f3a29b4c6d8160af7e1e0807526329d68099a90291a236c41a3982ac014c08c2
own_v1,O2,h00036,brightened_main,2,16,111,1,3,3,0,1,1,12,27,16,5,4,1,0,56,18,0,78e8b63d1038c107a70ce7c02603fb670a673dbd22c0e2955afceaf0404de2b5
own_v1,O2,h00036,bundle_verified_input,2,16,111,1,3,3,0,1,1,12,27,16,5,4,1,0,56,18,0,ed0a5019340c7bf255ddf0791f05753b8f50f617ba61ef38efbe77dcf3a7ef67
own_v1,O2,h00036,bundle_pointer_opt,2,16,111,1,3,3,0,1,1,12,27,16,5,4,1,0,56,18,0,f6c5119ca28e69d39df000ad63438995f1bae55f1b459d9ac21721017ee46652
own_v1,O2,h00036,bundle_standard_opt_3,2,16,110,1,3,3,0,1,1,12,27,15,5,4,1,0,55,18,0,a53bded9e0287f349ff028610d33752d629f38df844ca5f5a42f7696339cee5f
own_v1,O2,h00036,bundle_storage_delift,2,16,110,1,3,3,0,1,1,12,27,15,5,4,1,0,55,18,0,a53bded9e0287f349ff028610d33752d629f38df844ca5f5a42f7696339cee5f
own_v1,O2,h00036,bundle_residual_strip,2,16,110,1,3,3,0,1,1,12,27,15,5,4,1,0,55,18,0,a53bded9e0287f349ff028610d33752d629f38df844ca5f5a42f7696339cee5f
own_v1,O2,h00036,final_clean,1,15,109,1,3,3,0,1,1,12,27,15,5,4,1,0,55,18,0,a8b420ea8c02c36e81ba6aa5c40b9708f8a302dbaa0a0b82ea94c16769180836
own_v1,O2,h00037,raw_lift,28,96,1123,33,43,38,5,10,0,79,215,7,4,5,2,4,301,322,0,78547780ad4ea4b13268745163bfe6c2d5b196f6cd4a8743a17dc2208e85a016
own_v1,O2,h00037,brightened_main,9,33,718,4,16,14,2,5,1,96,342,29,38,6,3,0,468,117,0,7e3136bab67209e93768482c79bee61ee7779720a57c45759915989fbef6920a
own_v1,O2,h00037,bundle_verified_input,9,33,718,4,16,14,2,5,1,96,342,29,38,6,3,0,468,117,0,95a5b40aace326c69cbbb346a6f01494518ed5ca7d298d50d2252f8e919e2961
own_v1,O2,h00037,bundle_pointer_opt,9,33,712,4,16,14,2,5,1,96,342,29,34,6,3,0,468,112,0,d03aa5b79449d440991125bb045635831c29e4b81c8175c8887dd47099672c1f
own_v1,O2,h00037,bundle_standard_opt_3,9,33,603,4,16,14,2,5,1,80,253,29,32,6,3,0,363,108,0,48187785d1d247b5d0c68965da3fe977a107397600cbcdc91de9acad15f5e636
own_v1,O2,h00037,bundle_storage_delift,9,33,603,4,16,14,2,5,1,80,253,29,32,6,3,0,363,108,0,48187785d1d247b5d0c68965da3fe977a107397600cbcdc91de9acad15f5e636
own_v1,O2,h00037,bundle_residual_strip,9,33,603,4,16,14,2,5,1,80,253,29,32,6,3,0,363,108,0,48187785d1d247b5d0c68965da3fe977a107397600cbcdc91de9acad15f5e636
own_v1,O2,h00037,final_clean,9,33,600,4,16,14,2,5,1,80,250,29,32,6,3,0,360,108,0,d1078821e47f8830ac772bf7d033f8c610ee8da4c1a3b0dc4f373943107d9b80
own_v1,O2,h00038,raw_lift,28,166,2086,69,56,51,5,20,0,123,352,7,3,12,0,10,482,634,0,117aab8e431014ac481aa7ee36e4163d9b029f2a63fbe49e059b15b47bac640b
own_v1,O2,h00038,brightened_main,5,54,1195,6,13,13,0,7,1,142,509,38,60,11,4,1,690,225,0,2870c2831bacd0a9003f78c5c2b5fc4b98b0d2445fd452981562e75821544df2
own_v1,O2,h00038,bundle_verified_input,5,54,1195,6,13,13,0,7,1,142,509,38,60,11,4,1,690,225,0,f1fba23ba23c3dfbc274c3cf46f48b84f7424b253f8cfee0528ecdbcd891f3a3
own_v1,O2,h00038,bundle_pointer_opt,5,54,1182,6,13,13,0,7,1,142,509,38,60,11,4,1,690,211,0,0743ec6a6cb75d45757683dd677f29e1070b492cc16fd57ce9770d19a14a50b6
own_v1,O2,h00038,bundle_standard_opt_3,5,54,1008,6,11,11,0,5,1,107,433,38,59,11,4,1,579,189,0,72408eda3e8d449a52556be2d53d27d1be8e0e2159233c1010e1c7c3b787d960
own_v1,O2,h00038,bundle_storage_delift,5,54,1008,6,11,11,0,5,1,107,433,38,59,11,4,1,579,189,0,72408eda3e8d449a52556be2d53d27d1be8e0e2159233c1010e1c7c3b787d960
own_v1,O2,h00038,bundle_residual_strip,5,54,1008,6,11,11,0,5,1,107,433,38,59,11,4,1,579,189,0,72408eda3e8d449a52556be2d53d27d1be8e0e2159233c1010e1c7c3b787d960
own_v1,O2,h00038,final_clean,0,0,0,0,0,0,0,0,0,0,0,0,0,0,0,0,0,0,0,e3b0c44298fc1c149afbf4c8996fb92427ae41e4649b934ca495991b7852b855
own_v1,O2,h00039,raw_lift,26,99,1236,34,37,32,5,9,0,71,187,5,2,7,0,3,263,402,0,497034cca2aa442d0d334e6dffd284e186294f1462757a79d20e72c014814e19
own_v1,O2,h00039,brightened_main,2,22,158,1,3,3,0,0,2,22,35,22,2,6,1,0,81,16,0,53036181bcdf1855fe0d7301386b0912035000602b7a4dc876de66da1bd09dcc
own_v1,O2,h00039,bundle_verified_input,2,22,158,1,3,3,0,0,2,22,35,22,2,6,1,0,81,16,0,916a0d4823cf71df30ed7dc4150b9be5c7b6bd49e76d8cf35ca088b2e278ebc0
own_v1,O2,h00039,bundle_pointer_opt,2,22,158,1,3,3,0,0,2,22,35,22,2,6,1,0,81,16,0,33f3279440049a5933a8a533f9b44198f102ad42088f46a5ed1e4f87b162b279
own_v1,O2,h00039,bundle_standard_opt_3,2,22,157,1,3,3,0,0,2,22,35,21,2,6,1,0,80,16,0,af319b9f1c41cae986f8645daadba7e143b0648476163a08609fce7cbd755806
own_v1,O2,h00039,bundle_storage_delift,2,22,157,1,3,3,0,0,2,22,35,21,2,6,1,0,80,16,0,af319b9f1c41cae986f8645daadba7e143b0648476163a08609fce7cbd755806
own_v1,O2,h00039,bundle_residual_strip,2,22,157,1,3,3,0,0,2,22,35,21,2,6,1,0,80,16,0,af319b9f1c41cae986f8645daadba7e143b0648476163a08609fce7cbd755806
own_v1,O2,h00039,final_clean,1,21,156,1,3,3,0,0,2,22,35,21,2,6,1,0,80,16,0,bc678db058af2962f955ad1b9dcb80a6e8003031135cdf3a394615793e822614
own_v1,O2,h00040,raw_lift,31,164,1783,64,56,51,5,17,0,114,326,4,4,18,0,3,444,531,0,9761688f138ca40ee9b68b5c32eb20902fdc07ce8c856be94d27185cd514f4b4
own_v1,O2,h00040,brightened_main,9,72,1912,6,27,25,2,13,5,157,881,182,35,104,2,0,1225,344,0,89ab310bc2e9edd8c9db386af5577659246895e0f7302dbd74f80c0b5fa344b5
own_v1,O2,h00040,bundle_verified_input,9,72,1912,6,27,25,2,13,5,157,881,182,35,104,2,0,1225,344,0,d029fbc7a9f8e216384da99c288d115ef545dde22b4a0f132084a8a057928def
own_v1,O2,h00040,bundle_pointer_opt,9,72,1912,6,27,25,2,13,5,157,881,182,35,104,2,0,1225,344,0,d029fbc7a9f8e216384da99c288d115ef545dde22b4a0f132084a8a057928def
own_v1,O2,h00040,bundle_standard_opt_3,9,72,1650,6,29,27,2,15,5,119,662,178,32,104,2,0,964,341,0,b54847e9ccfaed07c66c543551229d68abc71904fe356fa35c24dfce56fa856c
own_v1,O2,h00040,bundle_storage_delift,9,72,1650,6,29,27,2,15,5,119,662,178,32,104,2,0,964,341,0,b54847e9ccfaed07c66c543551229d68abc71904fe356fa35c24dfce56fa856c
own_v1,O2,h00040,bundle_residual_strip,9,72,1650,6,29,27,2,15,5,119,662,178,32,104,2,0,964,341,0,b54847e9ccfaed07c66c543551229d68abc71904fe356fa35c24dfce56fa856c
own_v1,O2,h00040,final_clean,9,72,1615,6,29,27,2,15,5,119,627,178,32,104,2,0,929,341,0,d262bc143308911a9f9882f342148366c754047a589f5162aac9b4d64ea3cd1c
own_v1,O3,h00001,raw_lift,26,113,1201,41,34,29,5,7,0,73,181,5,2,9,0,3,259,392,0,2dd13e26d3b04779ff2e03c5679c1ad413196b65477044687a2135a685d65c8d
own_v1,O3,h00001,brightened_main,9,44,666,4,12,10,2,4,1,64,320,39,37,10,1,0,424,114,0,4d49c9e0a524fde7f1612f236b2ecda6c8b5d8cc73edd6bc7a50cdd486f27ff0
own_v1,O3,h00001,bundle_verified_input,9,44,666,4,12,10,2,4,1,64,320,39,37,10,1,0,424,114,0,110c02c94b69a85d8dfad3621a50a54715f38eb9a8a3ee2b6b7f380535879521
own_v1,O3,h00001,bundle_pointer_opt,9,44,643,4,12,10,2,4,1,64,320,39,28,10,1,0,424,93,0,52c9f7c2be5421683cadac98f904c9d3b26c44abd88de357b4546d5aef8b1d87
own_v1,O3,h00001,bundle_standard_opt_3,9,44,571,4,12,10,2,4,1,54,259,39,28,10,1,0,353,92,0,5fbb790e1f742f8782f5db5ab00e21b5f5e6ace6a5bd0b20cd485649775c8c5c
own_v1,O3,h00001,bundle_storage_delift,9,44,571,4,12,10,2,4,1,54,259,39,28,10,1,0,353,92,0,5fbb790e1f742f8782f5db5ab00e21b5f5e6ace6a5bd0b20cd485649775c8c5c
own_v1,O3,h00001,bundle_residual_strip,9,44,571,4,12,10,2,4,1,54,259,39,28,10,1,0,353,92,0,5fbb790e1f742f8782f5db5ab00e21b5f5e6ace6a5bd0b20cd485649775c8c5c
own_v1,O3,h00001,final_clean,9,44,568,4,12,10,2,4,1,54,256,39,28,10,1,0,350,92,0,eb1f6972a88d9d3442bd970f5a708fd1bc5347c02885e078c2bc18330fa8d326
own_v1,O3,h00002,raw_lift,26,112,1212,41,39,34,5,10,0,70,203,5,2,9,0,4,278,363,0,60acc388592260aced217587660b1d4132385efd4f58035b0677a605e3c2c0b8
own_v1,O3,h00002,brightened_main,2,26,201,2,9,9,0,5,4,21,37,32,4,10,1,1,94,38,0,8ab3cae9ad7bc76f44b6d98d7e997076ddffd3c239495dca3104fd272811eb63
own_v1,O3,h00002,bundle_verified_input,2,26,201,2,9,9,0,5,4,21,37,32,4,10,1,1,94,38,0,3ed764e322786bc3e56bf4557fbe1fa3b1a244f624c3310c90c6fe9e4468e549
own_v1,O3,h00002,bundle_pointer_opt,2,26,201,2,9,9,0,5,4,21,37,32,4,10,1,1,94,38,0,d535fd0e2d42b9123f9adb486c4eae538ce71606f21f4bc87c6efbe6df8b2a00
own_v1,O3,h00002,bundle_standard_opt_3,2,26,199,2,9,9,0,5,4,21,37,30,4,10,1,1,92,38,0,0fec309c9825e45c5278d8240ab6b97f5390c293f9ac42a842c1c7d5251f9224
own_v1,O3,h00002,bundle_storage_delift,2,26,199,2,9,9,0,5,4,21,37,30,4,10,1,1,92,38,0,0fec309c9825e45c5278d8240ab6b97f5390c293f9ac42a842c1c7d5251f9224
own_v1,O3,h00002,bundle_residual_strip,2,26,199,2,9,9,0,5,4,21,37,30,4,10,1,1,92,38,0,0fec309c9825e45c5278d8240ab6b97f5390c293f9ac42a842c1c7d5251f9224
own_v1,O3,h00002,final_clean,1,25,198,2,9,9,0,5,4,21,37,30,4,10,1,1,92,38,0,db2428c151d5b6f709247a8a75b5c6c07c8c5f6bda14eab06013be468f15e39d
own_v1,O3,h00003,raw_lift,26,123,1288,46,40,35,5,11,0,81,226,5,2,12,0,3,312,397,0,1106b42c668a433454c61ff9c3cfb63e43a4d5dc233da43df191a7e3ab8d05b0
own_v1,O3,h00003,brightened_main,2,34,203,1,5,5,0,1,2,30,54,24,2,11,1,0,110,31,0,bbcbeb0d04bc56fe5df099ddd1e2ca5d10b897a3be410f3a026f045dda906c4b
own_v1,O3,h00003,bundle_verified_input,2,34,203,1,5,5,0,1,2,30,54,24,2,11,1,0,110,31,0,35a3635b9e10e30f3f2b216912bfe0618ad27f48f260ef63a0910f9a6b20d61f
own_v1,O3,h00003,bundle_pointer_opt,2,34,203,1,5,5,0,1,2,30,54,24,2,11,1,0,110,31,0,698eca13dc2946d424479393972f626390748de805b36b5ce19f3f3870ed3508
own_v1,O3,h00003,bundle_standard_opt_3,2,34,202,1,5,5,0,1,2,30,54,23,2,11,1,0,109,31,0,a318f416c01ac1f0c13fc2b96dfc457820798f0c58234a60a86807ba73be760d
own_v1,O3,h00003,bundle_storage_delift,2,34,202,1,5,5,0,1,2,30,54,23,2,11,1,0,109,31,0,a318f416c01ac1f0c13fc2b96dfc457820798f0c58234a60a86807ba73be760d
own_v1,O3,h00003,bundle_residual_strip,2,34,202,1,5,5,0,1,2,30,54,23,2,11,1,0,109,31,0,a318f416c01ac1f0c13fc2b96dfc457820798f0c58234a60a86807ba73be760d
own_v1,O3,h00003,final_clean,1,33,201,1,5,5,0,1,2,30,54,23,2,11,1,0,109,31,0,8fa64b62a2fdabe0ca33bfb6a537c07e705a61cd4f3de157152b4386ccf6e470
own_v1,O3,h00004,raw_lift,28,106,1472,37,56,51,5,21,0,93,316,5,6,10,2,3,414,432,0,2b73e73c8937393feebdb35b1b2e7c6973d02a5d4990d8eaea9048015ba1899a
own_v1,O3,h00004,brightened_main,10,40,1121,4,33,31,2,14,5,133,511,77,33,20,1,0,726,178,0,0762949191aafbd6b3f06334e6d982dfc26ad0b35e67619e26ead5361a3ddf7f
own_v1,O3,h00004,bundle_verified_input,10,40,1121,4,33,31,2,14,5,133,511,77,33,20,1,0,726,178,0,c9363b11d8a821f147d26058bc6c3311fd927c5f718fa549d38ea9a05be4f902
own_v1,O3,h00004,bundle_pointer_opt,10,40,1117,4,33,31,2,14,5,133,511,77,33,20,1,0,726,174,0,4a57a01f833a854e5b0983be0a394d4129b3b146c9858c73b1ec695a3747c6c5
own_v1,O3,h00004,bundle_standard_opt_3,10,40,964,4,30,28,2,13,5,97,408,77,33,20,1,0,587,169,0,3ebacea7f1545d505f78c32b8a9530d4756c3ee3f88aea6fdd7a78475f657708
own_v1,O3,h00004,bundle_storage_delift,10,40,964,4,30,28,2,13,5,97,408,77,33,20,1,0,587,169,0,3ebacea7f1545d505f78c32b8a9530d4756c3ee3f88aea6fdd7a78475f657708
own_v1,O3,h00004,bundle_residual_strip,10,40,964,4,30,28,2,13,5,97,408,77,33,20,1,0,587,169,0,3ebacea7f1545d505f78c32b8a9530d4756c3ee3f88aea6fdd7a78475f657708
own_v1,O3,h00004,final_clean,10,40,955,4,30,28,2,13,5,97,407,77,33,20,1,0,586,165,0,1f05350eb13c4f6b60bad36c26065e8497dc04c3df1732890d092d9a22b6c86a
own_v1,O3,h00005,raw_lift,28,97,1082,32,42,37,5,11,0,73,205,5,2,6,0,3,283,318,0,bd23d2e4be7fdf498bf9999d814484f8a269ad6da06c0e7316a72f66e30960a4
own_v1,O3,h00005,brightened_main,9,35,710,4,14,12,2,4,1,81,360,35,37,7,1,0,477,112,0,3d745c8449b5b21f8d0b1d9ffae6c93d70243b96c0e91ba08d8f5c6daebbeadb
own_v1,O3,h00005,bundle_verified_input,9,35,710,4,14,12,2,4,1,81,360,35,37,7,1,0,477,112,0,a887592ce32deadde9dd6aa50818ce0a33d3b52669ce0a2ff9e0300491ca498c
own_v1,O3,h00005,bundle_pointer_opt,9,35,701,4,14,12,2,4,1,81,360,35,32,7,1,0,477,104,0,55ebb93bea9a862c920a4fdd4e5e6815a60b54405b17c46398ac69d75a2950f0
own_v1,O3,h00005,bundle_standard_opt_3,9,35,615,4,14,12,2,4,1,71,287,35,32,7,1,0,394,101,0,e99a37235471c0c58d59b917ee3ec9a87d5ceda0c72280826057c24e11019b84
own_v1,O3,h00005,bundle_storage_delift,9,35,615,4,14,12,2,4,1,71,287,35,32,7,1,0,394,101,0,e99a37235471c0c58d59b917ee3ec9a87d5ceda0c72280826057c24e11019b84
own_v1,O3,h00005,bundle_residual_strip,9,35,615,4,14,12,2,4,1,71,287,35,32,7,1,0,394,101,0,e99a37235471c0c58d59b917ee3ec9a87d5ceda0c72280826057c24e11019b84
own_v1,O3,h00005,final_clean,9,35,611,4,14,12,2,4,1,71,283,35,32,7,1,0,390,101,0,7aa42a82243c50b43df7ce7d2a2409307e70cb171244a4eb2a3659d99ceec90b
own_v1,O3,h00006,raw_lift,26,127,1347,48,34,29,5,7,0,86,195,5,2,11,0,3,286,450,0,f4561745197f8c7973dbf8b3dfad384b803f4dce9a002e4e511ef1cc6d9b918a
own_v1,O3,h00006,brightened_main,9,49,808,2,13,11,2,5,1,74,419,47,32,12,1,0,541,109,0,585b791e50907a8fcf170e8ebc5cde9d53c44f45124171ff6c535cd5f3e73c49
own_v1,O3,h00006,bundle_verified_input,9,49,808,2,13,11,2,5,1,74,419,47,32,12,1,0,541,109,0,0810438a172d6858c4b49c8247bd3033be309733dfd6d5dbc5d50553cbaa111f
own_v1,O3,h00006,bundle_pointer_opt,9,49,784,2,13,11,2,5,1,74,419,47,24,12,1,0,541,91,0,cf6fe87e8ba4988b72b967969e5292d4306ca8359c51871ae7882925184540ed
own_v1,O3,h00006,bundle_standard_opt_3,9,49,665,2,13,11,2,5,1,64,310,47,24,12,1,0,422,91,0,741f981993341aa2aed0aab1b89fb9cdfdde3ba9965b80d3ad22bc3574c8e753
own_v1,O3,h00006,bundle_storage_delift,9,49,665,2,13,11,2,5,1,64,310,47,24,12,1,0,422,91,0,741f981993341aa2aed0aab1b89fb9cdfdde3ba9965b80d3ad22bc3574c8e753
own_v1,O3,h00006,bundle_residual_strip,9,49,665,2,13,11,2,5,1,64,310,47,24,12,1,0,422,91,0,741f981993341aa2aed0aab1b89fb9cdfdde3ba9965b80d3ad22bc3574c8e753
own_v1,O3,h00006,final_clean,9,49,632,2,13,11,2,5,1,64,277,47,24,12,1,0,389,91,0,05ffddc954dade64fdec3692edcc52af0afe923095790acfe9db83e5fdbac21e
own_v1,O3,h00007,raw_lift,27,147,1633,57,39,34,5,11,0,97,240,6,2,11,0,3,343,535,0,a2817034ff3900955ea32d3f9ef4bbcf18117a4e06f30c71a7cca6bddd784745
own_v1,O3,h00007,brightened_main,10,45,999,9,13,11,2,4,1,110,515,34,52,12,2,0,660,168,0,41a1b0a108b305e1874e19c88fcc5dfaf5681452f85f40ba8b92e9563cbc9c8e
own_v1,O3,h00007,bundle_verified_input,10,45,999,9,13,11,2,4,1,110,515,34,52,12,2,0,660,168,0,24aa558676450b316005af73ea3021fcdee43335d8d8c1a356e1fa35c93e5150
own_v1,O3,h00007,bundle_pointer_opt,10,45,988,9,13,11,2,4,1,110,515,34,52,12,2,0,660,157,0,5d117c8341950d4fed48fb1b4cb365f5665c7a9be387f60d1c4dcc3a6ed22062
own_v1,O3,h00007,bundle_standard_opt_3,10,45,870,9,13,11,2,4,1,98,417,34,50,12,2,0,550,151,0,455961dcfbd14a2da32ebe86ae798297128fd50fba0f66c34c3546a73a40ce69
own_v1,O3,h00007,bundle_storage_delift,10,45,870,9,13,11,2,4,1,98,417,34,50,12,2,0,550,151,0,455961dcfbd14a2da32ebe86ae798297128fd50fba0f66c34c3546a73a40ce69
own_v1,O3,h00007,bundle_residual_strip,10,45,870,9,13,11,2,4,1,98,417,34,50,12,2,0,550,151,0,455961dcfbd14a2da32ebe86ae798297128fd50fba0f66c34c3546a73a40ce69
own_v1,O3,h00007,final_clean,10,45,864,9,13,11,2,4,1,98,411,34,50,12,2,0,544,151,0,b5093dba6f90e31b45c3d4d3d6a065e43f3761fa65e9c7e1e0b0adeddd3f0e94
own_v1,O3,h00008,raw_lift,27,110,1244,39,40,35,5,10,0,84,212,5,2,8,0,3,301,397,0,b70749730895daabac82dc2e820194a8fd255406f88f8a4b6b0891fff3dd0589
own_v1,O3,h00008,brightened_main,9,44,916,6,20,18,2,6,1,94,491,40,41,9,2,0,626,132,0,41ff55730183b31a163d9f2b216f16e6152343fe2e89339c7a9d6dbfce1dee76
own_v1,O3,h00008,bundle_verified_input,9,44,916,6,20,18,2,6,1,94,491,40,41,9,2,0,626,132,0,94981aea96cb14f1b7f0068a7a1b43298f7743709884191e9ca00886fa2ca293
own_v1,O3,h00008,bundle_pointer_opt,9,44,901,6,20,18,2,6,1,94,491,40,36,9,2,0,626,118,0,3279a9c3eabd256e33c959862cd918608db16e3b5af95b86ff870b6d05d7a1a5
own_v1,O3,h00008,bundle_standard_opt_3,9,44,799,6,20,18,2,6,1,86,399,40,36,9,2,0,526,116,0,69be5de8bb8a07c93a56aa10c1e8752b4fced28975569832680f765322e88db5
own_v1,O3,h00008,bundle_storage_delift,9,44,799,6,20,18,2,6,1,86,399,40,36,9,2,0,526,116,0,69be5de8bb8a07c93a56aa10c1e8752b4fced28975569832680f765322e88db5
own_v1,O3,h00008,bundle_residual_strip,9,44,799,6,20,18,2,6,1,86,399,40,36,9,2,0,526,116,0,69be5de8bb8a07c93a56aa10c1e8752b4fced28975569832680f765322e88db5
own_v1,O3,h00008,final_clean,9,44,786,6,20,18,2,6,1,86,386,40,36,9,2,0,513,116,0,b73ccfab7402f8672a0982e87d7f6b99364193e0ac4487e95ef9ea6a7923b561
own_v1,O3,h00009,raw_lift,26,147,1361,58,36,31,5,8,0,86,216,5,2,16,0,3,307,426,0,8410b56e1dae27b59d951ee9cecfd837d7595b58ac1bb1abbe5afaf007023976
own_v1,O3,h00009,brightened_main,2,46,240,1,4,4,0,1,3,40,63,22,0,15,1,0,128,32,0,c7c4ca5e842d88e3af5128e33daaef7c9e7364866de508ec40133affe2e2c126
own_v1,O3,h00009,bundle_verified_input,2,46,240,1,4,4,0,1,3,40,63,22,0,15,1,0,128,32,0,e3635374620c1da809bcc6aa6df56025ad6b342280b1731c7ab1ab58df966ad7
own_v1,O3,h00009,bundle_pointer_opt,2,46,240,1,4,4,0,1,3,40,63,22,0,15,1,0,128,32,0,bcc0d42276cc1948e3e95186d32c758f287f05718096faedd3eaa16d0f8cc988
own_v1,O3,h00009,bundle_standard_opt_3,2,46,239,1,4,4,0,1,3,40,63,21,0,15,1,0,127,32,0,3211eb6e77f432f79fed8e1f633b660933faebcfe9815b42b44599fbb212acd2
own_v1,O3,h00009,bundle_storage_delift,2,46,239,1,4,4,0,1,3,40,63,21,0,15,1,0,127,32,0,3211eb6e77f432f79fed8e1f633b660933faebcfe9815b42b44599fbb212acd2
own_v1,O3,h00009,bundle_residual_strip,2,46,239,1,4,4,0,1,3,40,63,21,0,15,1,0,127,32,0,3211eb6e77f432f79fed8e1f633b660933faebcfe9815b42b44599fbb212acd2
own_v1,O3,h00009,final_clean,1,45,238,1,4,4,0,1,3,40,63,21,0,15,1,0,127,32,0,9bafb762e435c42404cf90e8c470364dc872ee21751ad6ccd90fa81f627d3097
own_v1,O3,h00010,raw_lift,30,124,1513,44,43,37,6,10,0,112,234,8,2,10,0,3,354,445,0,8cbbe7eecd8c3c6346b6f8b00f44c5eef2f164ff2c8c7ac870cac902b909ef68
own_v1,O3,h00010,brightened_main,11,49,1169,4,25,22,3,12,4,138,571,73,37,13,2,0,786,166,0,3345e9c7ac8ad5299eaafbcf8fba5728b31c8c63787f0f80aa05bae83894167c
own_v1,O3,h00010,bundle_verified_input,11,49,1169,4,25,22,3,12,4,138,571,73,37,13,2,0,786,166,0,ea2b5900b46dda046421496629cf4b80f10fa109276dff863617ad09686cc82c
own_v1,O3,h00010,bundle_pointer_opt,11,49,1149,4,25,22,3,12,4,136,571,71,31,13,2,0,782,155,0,fa7313fe2c1c254bb7272aeb02b7540feb80274bf9961ed5365316bcad85ba9a
own_v1,O3,h00010,bundle_standard_opt_3,11,49,941,4,24,21,3,12,4,100,401,71,31,13,2,0,576,154,0,8c557fbe94eb1a4496fe9ea7129a4937792272a1bd96743f04a919f16ff7f3b8
own_v1,O3,h00010,bundle_storage_delift,11,49,941,4,24,21,3,12,4,100,401,71,31,13,2,0,576,154,0,8c557fbe94eb1a4496fe9ea7129a4937792272a1bd96743f04a919f16ff7f3b8
own_v1,O3,h00010,bundle_residual_strip,11,49,941,4,24,21,3,12,4,100,401,71,31,13,2,0,576,154,0,8c557fbe94eb1a4496fe9ea7129a4937792272a1bd96743f04a919f16ff7f3b8
own_v1,O3,h00010,final_clean,11,49,930,4,24,21,3,12,4,100,390,71,31,13,2,0,565,154,0,5afe80369c83a39f6fdf1d270ddba2955c1590a62563ab395877098459ac59fc
own_v1,O3,h00011,raw_lift,26,102,1082,36,34,29,5,7,0,70,174,5,3,7,1,3,249,344,0,97c2d2bcf35688d91a097d0c773741fdea08bfacdcab7df22307ff1e4cd19677
own_v1,O3,h00011,brightened_main,2,24,157,2,3,3,0,1,2,23,39,19,4,6,2,0,83,21,0,c4bf1ad616ab56664f041b3ef5f95066e5952da26cb7530df962f73db570c1f5
own_v1,O3,h00011,bundle_verified_input,2,24,157,2,3,3,0,1,2,23,39,19,4,6,2,0,83,21,0,06988dc622ca7e0ba3035d8948f3b7c3db09e8d1284b6beafb679adbde1b9100
own_v1,O3,h00011,bundle_pointer_opt,2,24,157,2,3,3,0,1,2,23,39,19,4,6,2,0,83,21,0,5b22a1b7d2539bcfb082be297e6236cabc70d128c0e9522d24f372f8f4c02752
own_v1,O3,h00011,bundle_standard_opt_3,2,24,156,2,3,3,0,1,2,23,39,18,4,6,2,0,82,21,0,9361c75063742f5e7400b6652672777ecff994ed7af52b29492a21a7ad2c0aa7
own_v1,O3,h00011,bundle_storage_delift,2,24,156,2,3,3,0,1,2,23,39,18,4,6,2,0,82,21,0,9361c75063742f5e7400b6652672777ecff994ed7af52b29492a21a7ad2c0aa7
own_v1,O3,h00011,bundle_residual_strip,2,24,156,2,3,3,0,1,2,23,39,18,4,6,2,0,82,21,0,9361c75063742f5e7400b6652672777ecff994ed7af52b29492a21a7ad2c0aa7
own_v1,O3,h00011,final_clean,1,23,155,2,3,3,0,1,2,23,39,18,4,6,2,0,82,21,0,f7b5eb55127730e7f2626594a1a8ac8ccc2d366724e70a8f2e2be9de4dbff151
own_v1,O3,h00012,raw_lift,26,83,1002,26,35,30,5,8,0,59,159,5,2,4,0,3,223,317,0,e3aba7a84f5720bc07412fc1df8eb274ffb0797f9986486d158781baa5886bc8
own_v1,O3,h00012,brightened_main,2,15,109,1,2,2,0,0,2,13,26,14,2,3,1,0,55,10,0,b5c1da4a85d07a5fcac91e58b22f700e43cce9449a8a5324086ea802d2285938
own_v1,O3,h00012,bundle_verified_input,2,15,109,1,2,2,0,0,2,13,26,14,2,3,1,0,55,10,0,b73bab513df47e60b32dbffafe531acbe3a0b646c33e96ea09ba3ffb10d7c9dd
own_v1,O3,h00012,bundle_pointer_opt,2,15,109,1,2,2,0,0,2,13,26,14,2,3,1,0,55,10,0,711dadc23de46526c1db810617327169fb534f2d0705fdb09d31e95541cc86f7
own_v1,O3,h00012,bundle_standard_opt_3,2,15,108,1,2,2,0,0,2,13,26,13,2,3,1,0,54,10,0,074655adafab2d2fce663f92340a616962629aab90b0976fb5487f02285e544c
own_v1,O3,h00012,bundle_storage_delift,2,15,108,1,2,2,0,0,2,13,26,13,2,3,1,0,54,10,0,074655adafab2d2fce663f92340a616962629aab90b0976fb5487f02285e544c
own_v1,O3,h00012,bundle_residual_strip,2,15,108,1,2,2,0,0,2,13,26,13,2,3,1,0,54,10,0,074655adafab2d2fce663f92340a616962629aab90b0976fb5487f02285e544c
own_v1,O3,h00012,final_clean,1,14,107,1,2,2,0,0,2,13,26,13,2,3,1,0,54,10,0,cd97482deb76c89056dd371084852360ac416baf1573942b71e653bae3d95060
own_v1,O3,h00013,raw_lift,26,94,1005,33,37,32,5,7,0,65,191,5,2,5,0,6,261,283,0,e10a39e6f98b6ed2b0724fae4e3de897d84fd4be6417ab14f74123181b9f156a
own_v1,O3,h00013,brightened_main,2,18,136,1,3,3,0,1,4,22,31,18,0,4,1,0,75,10,0,3a7926adb1f1b180b876cd47c1cc3512493c30ce6bd77607b8a1d6c57338c0a6
own_v1,O3,h00013,bundle_verified_input,2,18,136,1,3,3,0,1,4,22,31,18,0,4,1,0,75,10,0,e93f97df9bc4e7511c28ea4531b73c3d78e07d8c0c22a80265e62446babe5232
own_v1,O3,h00013,bundle_pointer_opt,2,18,136,1,3,3,0,1,4,22,31,18,0,4,1,0,75,10,0,3318a851e4cb008e33243f85b2aa56d9a2c425504f5b09e46c5cbb3324194903
own_v1,O3,h00013,bundle_standard_opt_3,2,18,135,1,3,3,0,1,4,22,31,17,0,4,1,0,74,10,0,f3ecde525a755eeea4c616154d7205661f0e6ad71481bb9145ec5163a67d9c30
own_v1,O3,h00013,bundle_storage_delift,2,18,135,1,3,3,0,1,4,22,31,17,0,4,1,0,74,10,0,f3ecde525a755eeea4c616154d7205661f0e6ad71481bb9145ec5163a67d9c30
own_v1,O3,h00013,bundle_residual_strip,2,18,135,1,3,3,0,1,4,22,31,17,0,4,1,0,74,10,0,f3ecde525a755eeea4c616154d7205661f0e6ad71481bb9145ec5163a67d9c30
own_v1,O3,h00013,final_clean,1,17,134,1,3,3,0,1,4,22,31,17,0,4,1,0,74,10,0,f8258d7707dc2268f8c032fd3401553c96be0142befb1c3c091400ed11accfb2
own_v1,O3,h00014,raw_lift,27,151,1862,61,49,44,5,15,0,107,298,8,2,14,0,7,413,610,0,2588e2a878be21913c57d77890381521f549247be6910f9226c4006b0c65e4bd
own_v1,O3,h00014,brightened_main,3,48,1288,6,9,9,0,4,4,131,684,10,51,13,4,0,829,218,0,fecec28b6917112bf3c31dddf8d9e6e481b96df380a00d8c13ce9a1835c4b96c
own_v1,O3,h00014,bundle_verified_input,3,48,1288,6,9,9,0,4,4,131,684,10,51,13,4,0,829,218,0,f5777468216de81b755482ad39863ee2306600d3bbeb3fbd7848518c84eafaab
own_v1,O3,h00014,bundle_pointer_opt,3,48,1280,6,9,9,0,4,4,131,684,10,51,13,4,0,829,210,0,2cd5bcb103a0c344755c18e198ab112146cb8bcf5b632ef2e9f2218a7d69529a
own_v1,O3,h00014,bundle_standard_opt_3,3,48,1093,6,9,9,0,4,4,101,547,10,49,13,4,0,662,207,0,b9570ff498c6637b0d7d4dc8a7ca2cc3ec5794fd97a2cc2777d6ecbb8e46ed93
own_v1,O3,h00014,bundle_storage_delift,3,48,1093,6,9,9,0,4,4,101,547,10,49,13,4,0,662,207,0,b9570ff498c6637b0d7d4dc8a7ca2cc3ec5794fd97a2cc2777d6ecbb8e46ed93
own_v1,O3,h00014,bundle_residual_strip,3,48,1093,6,9,9,0,4,4,101,547,10,49,13,4,0,662,207,0,b9570ff498c6637b0d7d4dc8a7ca2cc3ec5794fd97a2cc2777d6ecbb8e46ed93
own_v1,O3,h00014,final_clean,2,47,1084,6,9,9,0,4,4,101,539,10,49,13,4,0,654,207,0,0e1286ffe59d164ef25dfba6bd93ed10852093f3acf900a934523f115bd86d59
own_v1,O3,h00015,raw_lift,26,115,1242,43,40,35,5,10,0,73,204,5,2,9,0,5,282,368,0,6c5219e1ba1a51c6339076fdee187be6950265dbf234bd719d6f4fa7ea705f0a
own_v1,O3,h00015,brightened_main,2,28,227,3,10,10,0,5,4,24,37,31,4,10,1,2,96,44,0,1f810a2956eaf3606d0a0a8d5cd69ade9781d1b61bc40f43f0117d7b32170bd1
own_v1,O3,h00015,bundle_verified_input,2,28,227,3,10,10,0,5,4,24,37,31,4,10,1,2,96,44,0,81302fd37470cfce8b4068f9ca2418f82d5dcbd1132da05a2f2645c3d68d0e66
own_v1,O3,h00015,bundle_pointer_opt,2,28,227,3,10,10,0,5,4,24,37,33,4,10,1,2,98,44,0,b34a0dcb2e765a184642a06ed3b73fc485f0ce9a4cd3bf35c0edb0ec2273f785
own_v1,O3,h00015,bundle_standard_opt_3,2,28,218,3,11,11,0,6,4,23,35,28,4,10,1,2,90,43,0,242de5d4d4fa244ec9f2346167f5b859016d77f4f837ad31c1ecabfc77984279
own_v1,O3,h00015,bundle_storage_delift,2,28,218,3,11,11,0,6,4,23,35,28,4,10,1,2,90,43,0,242de5d4d4fa244ec9f2346167f5b859016d77f4f837ad31c1ecabfc77984279
own_v1,O3,h00015,bundle_residual_strip,2,28,218,3,11,11,0,6,4,23,35,28,4,10,1,2,90,43,0,242de5d4d4fa244ec9f2346167f5b859016d77f4f837ad31c1ecabfc77984279
own_v1,O3,h00015,final_clean,1,27,217,3,11,11,0,6,4,23,35,28,4,10,1,2,90,43,0,5bb6c7ec47cdd4ce3213e64e9202334cec1c41c664591f3c09cf1a2602023f4e
own_v1,O3,h00016,raw_lift,26,119,1276,44,36,31,5,8,0,77,195,5,2,10,0,3,277,401,0,fd03a0e0c547583484c8b87962d5013dc037a45d748bb58479f6ecc2e41f3a40
own_v1,O3,h00016,brightened_main,2,32,241,1,8,8,0,5,4,28,64,33,2,10,1,0,129,34,0,8a661fe167a3c0769f82929d681109a28efabd9275c55327a1f926a158a6a645
own_v1,O3,h00016,bundle_verified_input,2,32,241,1,8,8,0,5,4,28,64,33,2,10,1,0,129,34,0,7ad2952c63d2ae173d680be1e4165d833773a4150d09e2d9850b9c243dd1adde
own_v1,O3,h00016,bundle_pointer_opt,2,32,241,1,8,8,0,5,4,28,64,33,2,10,1,0,129,34,0,9bf93967ea08c9cd00c384b4e27e2701c5a2a790d7b8f8c64f9d4a7632a538d2
own_v1,O3,h00016,bundle_standard_opt_3,2,32,240,1,8,8,0,5,4,28,64,32,2,10,1,0,128,34,0,1c19f194e2ffbd0965628cadbd58248fcdd0d36c8982a0154e035f0a2726356c
own_v1,O3,h00016,bundle_storage_delift,2,32,240,1,8,8,0,5,4,28,64,32,2,10,1,0,128,34,0,1c19f194e2ffbd0965628cadbd58248fcdd0d36c8982a0154e035f0a2726356c
own_v1,O3,h00016,bundle_residual_strip,2,32,240,1,8,8,0,5,4,28,64,32,2,10,1,0,128,34,0,1c19f194e2ffbd0965628cadbd58248fcdd0d36c8982a0154e035f0a2726356c
own_v1,O3,h00016,final_clean,1,31,239,1,8,8,0,5,4,28,64,32,2,10,1,0,128,34,0,a9b2bdc57a34eedf52eba06a4a9555c4beffd1b7c7f72f05399fa7f6b321be8c
own_v1,O3,h00017,raw_lift,27,113,1543,42,54,49,5,19,0,84,297,4,4,12,0,6,385,474,0,aff4094c144daf299d162b010866a8946db876b96ba8c8c71f57a44976d9ac9d
own_v1,O3,h00017,brightened_main,9,42,1035,4,36,34,2,15,5,108,431,46,33,14,1,0,590,186,0,334b607c21726632d1476c52544a49e3fa16d762c33cd13a22bb846c19cac13b
own_v1,O3,h00017,bundle_verified_input,9,42,1035,4,36,34,2,15,5,108,431,46,33,14,1,0,590,186,0,e1aecf4393df5ee0276f5d1cc6c86e87c9ee7b9d8de10e759221e42a0b68824e
own_v1,O3,h00017,bundle_pointer_opt,9,42,1029,4,36,34,2,15,5,108,431,46,29,14,1,0,590,180,0,62ec08eeaec4f6b9e9dcbead75b9aa388b23f111c5931384c2ad67ff0c9c1b23
own_v1,O3,h00017,bundle_standard_opt_3,9,42,853,4,33,31,2,14,5,72,307,46,27,14,1,0,430,173,0,151060868f284f38746f0d6a1af74ef9ba78ffb37a1f622e1e8da7f997f340ec
own_v1,O3,h00017,bundle_storage_delift,9,42,853,4,33,31,2,14,5,72,307,46,27,14,1,0,430,173,0,151060868f284f38746f0d6a1af74ef9ba78ffb37a1f622e1e8da7f997f340ec
own_v1,O3,h00017,bundle_residual_strip,9,42,853,4,33,31,2,14,5,72,307,46,27,14,1,0,430,173,0,151060868f284f38746f0d6a1af74ef9ba78ffb37a1f622e1e8da7f997f340ec
own_v1,O3,h00017,final_clean,9,42,844,4,33,31,2,14,5,72,306,46,27,14,1,0,429,169,0,ac07f3bd03d5305d88d6f912294683bd1ab9a89a7b79bed8eabcf4dea9ee540c
own_v1,O3,h00018,raw_lift,27,152,1539,60,36,31,5,7,0,96,230,5,2,16,0,3,331,504,0,bcd7c909bb42cccd3f17368176439117444ce9eec9e56967ee317e38b5d9cbb6
own_v1,O3,h00018,brightened_main,9,63,1103,4,14,12,2,5,1,93,598,66,39,19,1,0,758,150,0,dd4060d9801f4013b83cb7df41ad69598da4653de4e98349a943b15feb44ac17
own_v1,O3,h00018,bundle_verified_input,9,63,1103,4,14,12,2,5,1,93,598,66,39,19,1,0,758,150,0,26a33055cfb10abe96bc5c3d457ec1443bb78a7695433e23337c88a736f31c80
own_v1,O3,h00018,bundle_pointer_opt,9,63,1075,4,14,12,2,5,1,93,598,66,30,19,1,0,758,128,0,ffd6abb67b8c72373dce0d75f011ba0c4a97903efaeefbfae23f5324b1b864f0
own_v1,O3,h00018,bundle_standard_opt_3,9,63,913,4,14,12,2,5,1,84,446,66,30,19,1,0,597,127,0,299dbae2418ab58a0c2ef5e54542058a3b70eb2eed5183e4455ae62ba26cfac6
own_v1,O3,h00018,bundle_storage_delift,9,63,913,4,14,12,2,5,1,84,446,66,30,19,1,0,597,127,0,299dbae2418ab58a0c2ef5e54542058a3b70eb2eed5183e4455ae62ba26cfac6
own_v1,O3,h00018,bundle_residual_strip,9,63,913,4,14,12,2,5,1,84,446,66,30,19,1,0,597,127,0,299dbae2418ab58a0c2ef5e54542058a3b70eb2eed5183e4455ae62ba26cfac6
own_v1,O3,h00018,final_clean,9,63,859,4,14,12,2,5,1,84,392,66,30,19,1,0,543,127,0,a2555ad7c71dd2091cc325ab617faf141d06d0a8ea88d4735709356f8f56a97a
own_v1,O3,h00019,raw_lift,26,133,1355,51,36,31,5,8,0,86,203,5,2,13,0,3,294,412,0,dbbceaff1fe3996e66b9d4ea07f5a74639cb1a1f59bc0896a00258c257605f7f
own_v1,O3,h00019,brightened_main,2,39,280,1,8,8,0,5,5,37,74,35,2,13,1,0,151,42,0,3829866936add7f7a9781e00fb2ea0f4ba26e208d88b58b8dbd8cb9ce28494ee
own_v1,O3,h00019,bundle_verified_input,2,39,280,1,8,8,0,5,5,37,74,35,2,13,1,0,151,42,0,cff6593f4e7f734f1fc673d525eda6ecddd47bf606050dae902cb5ac2fcf347c
own_v1,O3,h00019,bundle_pointer_opt,2,39,280,1,8,8,0,5,5,37,74,35,2,13,1,0,151,42,0,3104ff557c8ff9efa84380559c3f20077687489c48c72950e487dab9010c6912
own_v1,O3,h00019,bundle_standard_opt_3,2,39,279,1,8,8,0,5,5,37,74,34,2,13,1,0,150,42,0,b93db7a17719b8b707521c0d85c9b148fd4447c4162b5217fa5b65afc44adc9d
own_v1,O3,h00019,bundle_storage_delift,2,39,279,1,8,8,0,5,5,37,74,34,2,13,1,0,150,42,0,b93db7a17719b8b707521c0d85c9b148fd4447c4162b5217fa5b65afc44adc9d
own_v1,O3,h00019,bundle_residual_strip,2,39,279,1,8,8,0,5,5,37,74,34,2,13,1,0,150,42,0,b93db7a17719b8b707521c0d85c9b148fd4447c4162b5217fa5b65afc44adc9d
own_v1,O3,h00019,final_clean,1,38,278,1,8,8,0,5,5,37,74,34,2,13,1,0,150,42,0,91bb06eea368daab513b5616550a5fcdc1a71607e264d706807a729509546ca6
own_v1,O3,h00020,raw_lift,28,119,1505,44,49,44,5,14,0,82,260,5,2,9,0,5,347,479,0,85e61fd455a31c1629eac9ec2c60fa05f484f6634def7d2995103096d66ba075
own_v1,O3,h00020,brightened_main,8,47,1084,8,17,15,2,7,2,140,543,39,39,10,1,0,724,158,0,86299d013773a8ff337f1924e42b8076b141ebe875e83e1054744069c7b57995
own_v1,O3,h00020,bundle_verified_input,8,47,1084,8,17,15,2,7,2,140,543,39,39,10,1,0,724,158,0,4b765b900d9ce1064c390f1444f979e37e2696d777398cd72cfecc1b37e3ce03
own_v1,O3,h00020,bundle_pointer_opt,8,47,1082,8,17,15,2,7,2,140,543,39,37,10,1,0,724,156,0,dc7bac6e041ee2bf3a3d60a5b1c31ae47bf097025e5422f3de832b53c270a5eb
own_v1,O3,h00020,bundle_standard_opt_3,8,47,878,8,17,15,2,7,2,92,395,39,35,10,1,0,528,152,0,8e5343c3f28cf5706bd4f42cb60cadb86597d5e0ba9b33052bd83b24a36542dc
own_v1,O3,h00020,bundle_storage_delift,8,47,878,8,17,15,2,7,2,92,395,39,35,10,1,0,528,152,0,8e5343c3f28cf5706bd4f42cb60cadb86597d5e0ba9b33052bd83b24a36542dc
own_v1,O3,h00020,bundle_residual_strip,8,47,878,8,17,15,2,7,2,92,395,39,35,10,1,0,528,152,0,8e5343c3f28cf5706bd4f42cb60cadb86597d5e0ba9b33052bd83b24a36542dc
own_v1,O3,h00020,final_clean,8,47,865,8,17,15,2,7,2,92,382,39,35,10,1,0,515,152,0,1d2174a74ba7f2c11b3ce76f5eb416bef75529c6da92da0b491d3e6ca8e190ca
own_v1,O3,h00021,raw_lift,27,110,1529,39,58,53,5,22,0,85,322,4,4,12,0,3,411,466,0,17fde9a466df5424ddf5ba1e37f76f83f15e84ac618f3b75423737c13ddc2ccd
own_v1,O3,h00021,brightened_main,8,44,854,8,19,17,2,5,1,111,352,44,31,20,2,0,508,153,0,8fad240271c59d15354abd37df4ca6182e28a8d3fc466c2509b7331c5ca60242
own_v1,O3,h00021,bundle_verified_input,8,44,854,8,19,17,2,5,1,111,352,44,31,20,2,0,508,153,0,867c84e1287066782c3aed192a4f33681922c9b82780fa18615ee4073bbb88f0
own_v1,O3,h00021,bundle_pointer_opt,8,44,840,8,19,17,2,5,1,111,352,44,25,20,2,0,508,139,0,6b1aa14d1c4b0dbc63497b1118889a51d0518ac3b82d3ba0961abd03d94ef0e6
own_v1,O3,h00021,bundle_standard_opt_3,8,44,713,8,18,16,2,4,1,71,275,44,25,20,2,0,391,136,0,c997e1913e6d084ded06adb6d18a4ad1c8c1175be29d2cfc0e82ef90319b9999
own_v1,O3,h00021,bundle_storage_delift,8,44,713,8,18,16,2,4,1,71,275,44,25,20,2,0,391,136,0,c997e1913e6d084ded06adb6d18a4ad1c8c1175be29d2cfc0e82ef90319b9999
own_v1,O3,h00021,bundle_residual_strip,8,44,713,8,18,16,2,4,1,71,275,44,25,20,2,0,391,136,0,c997e1913e6d084ded06adb6d18a4ad1c8c1175be29d2cfc0e82ef90319b9999
own_v1,O3,h00021,final_clean,8,44,709,8,18,16,2,4,1,71,274,44,25,20,2,0,390,134,0,49e1d3d130ced3e3c618518a2f2ab1a74220818f797cfd7fcf91ac38aa493f3b
own_v1,O3,h00022,raw_lift,27,58,693,13,39,34,5,9,0,55,174,6,2,2,0,4,235,158,0,64c08da2254748f8d6dc747419d304a9817be271d5b03a59d311766c37830c63
own_v1,O3,h00022,brightened_main,3,10,460,1,9,9,0,5,2,75,213,9,14,1,1,0,299,69,0,51c520c0d02993897610ad223d128a9437ec277e436503a13246629448b7062e
own_v1,O3,h00022,bundle_verified_input,3,10,460,1,9,9,0,5,2,75,213,9,14,1,1,0,299,69,0,5796d8a88730eeed07fc4b33983ffea79e001891df8418edfca90c41fdfff238
own_v1,O3,h00022,bundle_pointer_opt,3,10,460,1,9,9,0,5,2,75,213,9,14,1,1,0,299,69,0,5796d8a88730eeed07fc4b33983ffea79e001891df8418edfca90c41fdfff238
own_v1,O3,h00022,bundle_standard_opt_3,3,10,208,1,5,5,0,1,2,25,99,9,7,1,1,0,135,26,0,8616a7596605d246a104a52c1b4ebf392afa790307194a753c022d3460e9885c
own_v1,O3,h00022,bundle_storage_delift,3,10,208,1,5,5,0,1,2,25,99,9,7,1,1,0,135,26,0,8616a7596605d246a104a52c1b4ebf392afa790307194a753c022d3460e9885c
own_v1,O3,h00022,bundle_residual_strip,3,10,208,1,5,5,0,1,2,25,99,9,7,1,1,0,135,26,0,8616a7596605d246a104a52c1b4ebf392afa790307194a753c022d3460e9885c
own_v1,O3,h00022,final_clean,2,9,205,1,5,5,0,1,2,25,97,9,7,1,1,0,133,26,0,deaf046763da4cc21c8686d6453607b635dfa6a225eaef0bc68b1fa1741a1a63
own_v1,O3,h00023,raw_lift,26,128,1402,49,38,33,5,9,0,86,214,5,2,11,0,4,305,421,0,e3708ac61644825e12ed4f3a7b0e3f3b98c1b14d30a3eac6a819a50316a38d91
own_v1,O3,h00023,brightened_main,2,34,286,2,9,9,0,5,4,37,43,42,4,12,1,1,126,51,0,cd6a1b15f84af24528eaf30835b59059dabe41a85aab19c61646896a4c514733
own_v1,O3,h00023,bundle_verified_input,2,34,286,2,9,9,0,5,4,37,43,42,4,12,1,1,126,51,0,7edc1ff6636b942023f0c9d004c82d779a15b9e1f4a2b54e86616c03c16a2126
own_v1,O3,h00023,bundle_pointer_opt,2,34,286,2,9,9,0,5,4,37,43,49,4,12,1,1,133,51,0,4b84a3dff28b662c42f1edecd964373c82947a66a3ddcc99d5ca61e37283c617
own_v1,O3,h00023,bundle_standard_opt_3,2,34,277,2,9,9,0,5,4,37,43,40,4,12,1,1,124,51,0,43567f012961dbe624971ae44929d49e04abe205743601b6e9fc4b659f1cc194
own_v1,O3,h00023,bundle_storage_delift,2,34,277,2,9,9,0,5,4,37,43,40,4,12,1,1,124,51,0,43567f012961dbe624971ae44929d49e04abe205743601b6e9fc4b659f1cc194
own_v1,O3,h00023,bundle_residual_strip,2,34,277,2,9,9,0,5,4,37,43,40,4,12,1,1,124,51,0,43567f012961dbe624971ae44929d49e04abe205743601b6e9fc4b659f1cc194
own_v1,O3,h00023,final_clean,1,33,276,2,9,9,0,5,4,37,43,40,4,12,1,1,124,51,0,f6855fa86295afd710dc3a49684098177b841c9af96c42cd568f9be6a5782319
own_v1,O3,h00024,raw_lift,27,90,1107,29,41,36,5,11,0,77,203,5,2,5,0,3,285,326,0,d19156b17f74b1fee0b782db29ae23006d41b8829ab6206a5f59a736dd393181
own_v1,O3,h00024,brightened_main,9,30,667,2,14,12,2,4,1,91,304,29,32,6,1,0,425,112,0,e1843be961b538f0cb543b1ba98b0d8ace40bf7de23b94c37f39293c8925bb55
own_v1,O3,h00024,bundle_verified_input,9,30,667,2,14,12,2,4,1,91,304,29,32,6,1,0,425,112,0,cf94f3e149dfc6a637900e5188426d0bd8336dbcd2214e68f9db654cfd7af7f5
own_v1,O3,h00024,bundle_pointer_opt,9,30,654,2,14,12,2,4,1,91,304,29,26,6,1,0,425,102,0,e0230f7da574b73669fda662a1997f894b13ac2cab68631d3f448852d3614cbe
own_v1,O3,h00024,bundle_standard_opt_3,9,30,571,2,14,12,2,4,1,71,242,29,26,6,1,0,343,101,0,954b1cf0ec115dae575a87479381002591a7291eca0071651330b3aba6840157
own_v1,O3,h00024,bundle_storage_delift,9,30,571,2,14,12,2,4,1,71,242,29,26,6,1,0,343,101,0,954b1cf0ec115dae575a87479381002591a7291eca0071651330b3aba6840157
own_v1,O3,h00024,bundle_residual_strip,9,30,571,2,14,12,2,4,1,71,242,29,26,6,1,0,343,101,0,954b1cf0ec115dae575a87479381002591a7291eca0071651330b3aba6840157
own_v1,O3,h00024,final_clean,9,30,571,2,14,12,2,4,1,71,242,29,26,6,1,0,343,101,0,d03db7f06cf0b792b844fcccbee43bcb568054ebff4c6719d46588193b617b14
own_v1,O3,h00025,raw_lift,27,115,1278,43,41,36,5,9,0,79,234,5,3,9,1,5,318,384,0,8d9fac830afc41dfcb7cb8fe66763fe85ea7ed849a711d5c5f43b864084d6159
own_v1,O3,h00025,brightened_main,8,42,958,5,12,10,2,4,2,111,528,47,43,10,2,0,688,125,0,1861d83a554fda9cdebf5d0355114c721ddeb0894e7f8ad50a3e27a9295857fe
own_v1,O3,h00025,bundle_verified_input,8,42,958,5,12,10,2,4,2,111,528,47,43,10,2,0,688,125,0,42dfddc500dd4f2ab1235bba16f22e0befd3d148132e514704f7b6a8b555cadd
own_v1,O3,h00025,bundle_pointer_opt,8,42,949,5,12,10,2,4,2,111,528,47,37,10,2,0,688,117,0,eb696b6aa487d8b250f67b1c54fb6e00c9a6c701a2ff43608d6b579cfd65b920
own_v1,O3,h00025,bundle_standard_opt_3,8,42,756,5,12,10,2,4,2,78,371,47,35,10,2,0,498,114,0,1a248c6e6b97a2c866d28db0f60977d1a60af8946271febc7bd82d60ce7f4510
own_v1,O3,h00025,bundle_storage_delift,8,42,756,5,12,10,2,4,2,78,371,47,35,10,2,0,498,114,0,1a248c6e6b97a2c866d28db0f60977d1a60af8946271febc7bd82d60ce7f4510
own_v1,O3,h00025,bundle_residual_strip,8,42,756,5,12,10,2,4,2,78,371,47,35,10,2,0,498,114,0,1a248c6e6b97a2c866d28db0f60977d1a60af8946271febc7bd82d60ce7f4510
own_v1,O3,h00025,final_clean,8,42,729,5,12,10,2,4,2,78,344,47,35,10,2,0,471,114,0,dcb184aeedfafc39485ddb29cd6e6e4ca02f53a25322169e60c2946e524e9678
own_v1,O3,h00026,raw_lift,27,184,1718,76,37,32,5,7,0,109,257,4,2,22,0,3,370,539,0,7bfe2246100057535e23959cea5c9ed4fb39482dc8fd822a1197e09a3af1c050
own_v1,O3,h00026,brightened_main,9,81,1192,6,17,15,2,8,3,114,591,93,37,23,2,0,801,163,0,9ed527e7549316142a46ccdb6adc5d78c011aa342e3dac0a5143ede4ad0ce010
own_v1,O3,h00026,bundle_verified_input,9,81,1192,6,17,15,2,8,3,114,591,93,37,23,2,0,801,163,0,ef8e1bd33f55967c32edfce3395340faba555f9aefc271e769b44180d20320fb
own_v1,O3,h00026,bundle_pointer_opt,9,81,1159,6,17,15,2,8,3,113,590,92,28,23,2,0,798,134,0,cd830bc2e9afcaf974f7f7ae5523654d7e66b926e9e7312f7323f6a8a27eb88f
own_v1,O3,h00026,bundle_standard_opt_3,2,68,905,5,12,12,0,8,3,73,424,88,20,21,2,0,588,116,0,a99af4bca81f14935ba7f845cdfac932b7285b0ace0125d29e63cd65f084082c
own_v1,O3,h00026,bundle_storage_delift,2,68,905,5,12,12,0,8,3,73,424,88,20,21,2,0,588,116,0,a99af4bca81f14935ba7f845cdfac932b7285b0ace0125d29e63cd65f084082c
own_v1,O3,h00026,bundle_residual_strip,2,68,905,5,12,12,0,8,3,73,424,88,20,21,2,0,588,116,0,a99af4bca81f14935ba7f845cdfac932b7285b0ace0125d29e63cd65f084082c
own_v1,O3,h00026,final_clean,1,67,839,5,12,12,0,8,3,73,361,88,20,21,2,0,525,116,0,97c875bda148c81e22ce36d80de60d2ebadfc159215e6b98076062f03515438a
own_v1,O3,h00027,raw_lift,27,186,1746,77,40,35,5,8,0,110,274,4,2,21,0,3,388,553,0,1a09fa744b9e6d50e687c97b2944d4725041fde2f546b00e6bf391373f5621ac
own_v1,O3,h00027,brightened_main,9,82,1257,6,24,22,2,9,3,137,623,88,37,22,3,0,851,171,0,af04a14ecf36b767712fe4d6ad3edde6e4e6d4a5e4ab263a98b3ca41e6ef9d60
own_v1,O3,h00027,bundle_verified_input,9,82,1257,6,24,22,2,9,3,137,623,88,37,22,3,0,851,171,0,11e401c1b2ae604c30a18069240689e097e4fea9ecaa26f532e494582b175438
own_v1,O3,h00027,bundle_pointer_opt,9,82,1219,6,24,22,2,9,3,135,622,87,28,22,3,0,847,138,0,ce2bd5a6f5395e2c53f642c701a90eba8bc4557f9b31d0b943a55e4e6721410c
own_v1,O3,h00027,bundle_standard_opt_3,9,82,1065,6,23,21,2,9,3,94,511,87,28,22,3,0,695,137,0,7f827980785f460174a018db9f462ed049826a6575d92787fad9381977c7c472
own_v1,O3,h00027,bundle_storage_delift,9,82,1065,6,23,21,2,9,3,94,511,87,28,22,3,0,695,137,0,7f827980785f460174a018db9f462ed049826a6575d92787fad9381977c7c472
own_v1,O3,h00027,bundle_residual_strip,9,82,1065,6,23,21,2,9,3,94,511,87,28,22,3,0,695,137,0,7f827980785f460174a018db9f462ed049826a6575d92787fad9381977c7c472
own_v1,O3,h00027,final_clean,9,82,1056,6,21,19,2,9,3,94,504,89,28,22,3,0,690,137,0,8910a3648ccc7d5587ae3968820b9f5bde4b9cc7841fdcfa122b0f8b46e8962c
own_v1,O3,h00028,raw_lift,26,171,1802,70,36,31,5,8,0,126,253,5,2,21,0,3,384,594,0,93dac2b16414edff74bd3fb613f2d1665b1312ae9cf535af71386def09ce6467
own_v1,O3,h00028,brightened_main,2,59,454,2,9,9,0,6,5,67,110,46,2,20,2,0,228,86,0,b9644ac8021c8e6129499eb01424f83d9cbb1f4d686d1207e5c273a5eb945b30
own_v1,O3,h00028,bundle_verified_input,2,59,454,2,9,9,0,6,5,67,110,46,2,20,2,0,228,86,0,2323a5776e04ed5227a6cdb2ee9a9f7e16a86a98b7e6d6973a6e25928c4ffd8c
own_v1,O3,h00028,bundle_pointer_opt,2,59,454,2,9,9,0,6,5,67,110,46,2,20,2,0,228,86,0,f5fcd03e5e55f8039224efb4dfae84f752dc3b65f3e72f0f1369d33fff4c19ab
own_v1,O3,h00028,bundle_standard_opt_3,2,59,453,2,9,9,0,6,5,67,110,45,2,20,2,0,227,86,0,81af33e6de3f700beaf28c962fbd402485b62e2c1edb3effbd44569b9d204978
own_v1,O3,h00028,bundle_storage_delift,2,59,453,2,9,9,0,6,5,67,110,45,2,20,2,0,227,86,0,81af33e6de3f700beaf28c962fbd402485b62e2c1edb3effbd44569b9d204978
own_v1,O3,h00028,bundle_residual_strip,2,59,453,2,9,9,0,6,5,67,110,45,2,20,2,0,227,86,0,81af33e6de3f700beaf28c962fbd402485b62e2c1edb3effbd44569b9d204978
own_v1,O3,h00028,final_clean,1,58,452,2,9,9,0,6,5,67,110,45,2,20,2,0,227,86,0,5932aaba8aac71e1f6b3396171e6b4d47b7136b916e5f89a37f80db2d5c51189
own_v1,O3,h00029,raw_lift,28,184,2035,75,51,46,5,15,0,143,337,6,2,19,0,3,486,650,0,fddd1a014b0cfca3bb9a9ef854cd03c7032ba6ef89fde33f433797c650c4cdba
own_v1,O3,h00029,brightened_main,10,90,1951,17,41,39,2,18,6,190,1015,106,45,29,6,0,1317,282,0,b0a5299b9c6f0d3294f0dbd3829ae5c0899e761be487338ab38e1bc4acdd58b8
own_v1,O3,h00029,bundle_verified_input,10,90,1951,17,41,39,2,18,6,190,1015,106,45,29,6,0,1317,282,0,86cd6dc428665c76efe0263cb0cc1479a84847a1d515c13dd77f72cdba3f3da2
own_v1,O3,h00029,bundle_pointer_opt,10,90,1946,17,41,39,2,18,6,190,1015,106,45,29,6,0,1317,277,0,721e3ad52fb34b7eba81298dc7a172076a412e697a11bb46f8ccc8ef3c76ca75
own_v1,O3,h00029,bundle_standard_opt_3,10,90,1688,17,41,39,2,18,6,137,813,106,45,29,6,0,1062,276,0,aa357e54aa21c64d349d53fa913b62409b5ae23cf668fdde1141d28c37b62000
own_v1,O3,h00029,bundle_storage_delift,10,90,1688,17,41,39,2,18,6,137,813,106,45,29,6,0,1062,276,0,aa357e54aa21c64d349d53fa913b62409b5ae23cf668fdde1141d28c37b62000
own_v1,O3,h00029,bundle_residual_strip,10,90,1688,17,41,39,2,18,6,137,813,106,45,29,6,0,1062,276,0,aa357e54aa21c64d349d53fa913b62409b5ae23cf668fdde1141d28c37b62000
own_v1,O3,h00029,final_clean,10,90,1675,17,41,39,2,18,6,137,800,106,45,29,6,0,1049,276,0,f74b2f3c8865c317b89df7c0dcc3e5e8525062b02b879edef7e6b21a7ab24a3d
own_v1,O3,h00030,raw_lift,26,239,2132,104,38,33,5,9,0,130,304,5,2,31,0,3,439,691,0,261b8bdc4a11c5c9f1f6afce0257b3ea17f6c4fe298a79f639c29b83addad4c8
own_v1,O3,h00030,brightened_main,2,93,549,2,4,4,0,0,4,81,128,38,0,30,2,0,251,94,0,da30ca7b521d2f77107e7f96c5d8f62c7eb3d47029d312ad55adbf26f9854601
own_v1,O3,h00030,bundle_verified_input,2,93,549,2,4,4,0,0,4,81,128,38,0,30,2,0,251,94,0,b3c85fad9100a6734ec6275ec07aaf665bb3a54a8ab99719831c328456582f31
own_v1,O3,h00030,bundle_pointer_opt,2,93,549,2,4,4,0,0,4,81,128,38,0,30,2,0,251,94,0,405d9476f6dafe9d440ff3a7962b27a2275bf0d713becbf97b3391f34635728e
own_v1,O3,h00030,bundle_standard_opt_3,2,93,548,2,4,4,0,0,4,81,128,37,0,30,2,0,250,94,0,5b9bd68f4ac248ef78f6a718c7f663bc92764030618437cb044f7251bd95522f
own_v1,O3,h00030,bundle_storage_delift,2,93,548,2,4,4,0,0,4,81,128,37,0,30,2,0,250,94,0,5b9bd68f4ac248ef78f6a718c7f663bc92764030618437cb044f7251bd95522f
own_v1,O3,h00030,bundle_residual_strip,2,93,548,2,4,4,0,0,4,81,128,37,0,30,2,0,250,94,0,5b9bd68f4ac248ef78f6a718c7f663bc92764030618437cb044f7251bd95522f
own_v1,O3,h00030,final_clean,1,92,547,2,4,4,0,0,4,81,128,37,0,30,2,0,250,94,0,54256da923e39684704005f38e502df5bc9f97775ebd32e96605664ac698a0de
own_v1,O3,h00031,raw_lift,27,164,1769,66,47,42,5,14,0,107,298,5,2,17,0,3,410,567,0,fdeb30a505be0b70aa11871b84a0ebef22e55487d0aa48a4b59b6c9b11dcd834
own_v1,O3,h00031,brightened_main,8,73,1307,10,19,17,2,8,2,125,697,71,39,22,4,0,895,183,0,dab68b85fd9a831cb7cd1a81e8e367fb8cff0db3d814c15c25c32cf2d5ce9b12
own_v1,O3,h00031,bundle_verified_input,8,73,1307,10,19,17,2,8,2,125,697,71,39,22,4,0,895,183,0,410998c830c4874aa31f14d1007b62f49d68f9b7927864c6486dba195f33eeeb
own_v1,O3,h00031,bundle_pointer_opt,8,73,1288,10,19,17,2,8,2,124,697,70,33,22,4,0,893,167,0,52e268482b7564fedcdf1c62623b5d59dd633c2eec89e84efa205fb90108d21d
own_v1,O3,h00031,bundle_standard_opt_3,8,73,1135,10,19,17,2,8,2,88,581,70,33,22,4,0,741,166,0,9ed186fe6a0e3f65d6a6624e2992b1d1027068670b73398f5b4a50e0833b12d4
own_v1,O3,h00031,bundle_storage_delift,8,73,1135,10,19,17,2,8,2,88,581,70,33,22,4,0,741,166,0,9ed186fe6a0e3f65d6a6624e2992b1d1027068670b73398f5b4a50e0833b12d4
own_v1,O3,h00031,bundle_residual_strip,8,73,1135,10,19,17,2,8,2,88,581,70,33,22,4,0,741,166,0,9ed186fe6a0e3f65d6a6624e2992b1d1027068670b73398f5b4a50e0833b12d4
own_v1,O3,h00031,final_clean,8,73,1122,10,19,17,2,8,2,88,568,70,33,22,4,0,728,166,0,0ac427a767c6b3221699a95f19dafad5373e1ed6fa7b2ae9d925006a14971530
own_v1,O3,h00032,raw_lift,26,163,1389,66,34,29,5,7,0,84,219,5,2,18,0,3,308,464,0,107c7152ae06b5c4cc43f4c693eec4c830cd7aee1ea2e7c4ea7b3c15ad5a27fc
own_v1,O3,h00032,brightened_main,9,70,921,5,12,10,2,4,1,75,497,57,37,19,2,0,630,137,0,419cf0ff8d7e9ece4cd771376dc229c7d77d5edacd267f97085e447665081da7
own_v1,O3,h00032,bundle_verified_input,9,70,921,5,12,10,2,4,1,75,497,57,37,19,2,0,630,137,0,596ace9274bb24711ba58aa425fd1f15cb225c07ab66f8a7e70641dee2677706
own_v1,O3,h00032,bundle_pointer_opt,9,70,880,5,12,10,2,4,1,75,497,57,28,19,2,0,630,109,0,572f8907a4ade036fec173404dffd0074b0f908886723fe68ca4f8555a34e792
own_v1,O3,h00032,bundle_standard_opt_3,9,70,759,5,12,10,2,4,1,65,387,57,28,19,2,0,510,108,0,e12242bd237f65056d87f329aae892b7684675811d5f4d80d9d6b8b87d742682
own_v1,O3,h00032,bundle_storage_delift,9,70,759,5,12,10,2,4,1,65,387,57,28,19,2,0,510,108,0,e12242bd237f65056d87f329aae892b7684675811d5f4d80d9d6b8b87d742682
own_v1,O3,h00032,bundle_residual_strip,9,70,759,5,12,10,2,4,1,65,387,57,28,19,2,0,510,108,0,e12242bd237f65056d87f329aae892b7684675811d5f4d80d9d6b8b87d742682
own_v1,O3,h00032,final_clean,9,70,727,5,12,10,2,4,1,65,355,57,28,19,2,0,478,108,0,097cecdca8d68eee3c6437bca109e344c18b1703445393677497b4013c065e7f
own_v1,O3,h00033,raw_lift,27,147,1750,58,49,44,5,16,0,116,308,4,4,18,0,4,428,548,0,d856c99f1f052ef9aeac11318072dc6eb14a539cf97ca6e5e264fd9284651ea4
own_v1,O3,h00033,brightened_main,9,62,1423,6,34,32,2,13,5,137,694,48,33,20,2,0,884,247,0,1fe0acf44eb6c4960ffaf9b2925b2572684295687342c59f8b201a15dad9dc31
own_v1,O3,h00033,bundle_verified_input,9,62,1423,6,34,32,2,13,5,137,694,48,33,20,2,0,884,247,0,568b25177b91980b68eaabfc518a4e8905cc5c464ea1e8b731ebe8c1c890e59a
own_v1,O3,h00033,bundle_pointer_opt,9,62,1416,6,34,32,2,13,5,137,694,48,29,20,2,0,884,240,0,8c9cfc04bb8211af712d69b14f2acb218a2631cbe25b7f90e011e11cb57480a7
own_v1,O3,h00033,bundle_standard_opt_3,9,62,1135,6,31,29,2,12,5,103,463,48,27,20,2,0,619,233,0,b006a28324195851c95e1b52024ce5e7cd42903d058fc1b36b4475b6b49576ac
own_v1,O3,h00033,bundle_storage_delift,9,62,1135,6,31,29,2,12,5,103,463,48,27,20,2,0,619,233,0,b006a28324195851c95e1b52024ce5e7cd42903d058fc1b36b4475b6b49576ac
own_v1,O3,h00033,bundle_residual_strip,9,62,1135,6,31,29,2,12,5,103,463,48,27,20,2,0,619,233,0,b006a28324195851c95e1b52024ce5e7cd42903d058fc1b36b4475b6b49576ac
own_v1,O3,h00033,final_clean,9,62,1118,6,31,29,2,12,5,103,448,48,27,20,2,0,604,231,0,513afd8936a09f055e7d56d770200e30d36aa350c942145a6a9b2cbf29ef79bb
own_v1,O3,h00034,raw_lift,32,171,1816,67,55,50,5,15,0,122,323,4,2,17,0,3,449,568,0,e583eadc251272fd7a4bdb8019b6d8ae8097e72aaae833f1c8ee4462ff59785e
own_v1,O3,h00034,brightened_main,9,71,1540,5,25,23,2,6,1,132,866,87,39,28,2,0,1086,203,0,fd87697b46423fd0425b36a1950f38a01ca32091c3c069563eee1c64b7f4349a
own_v1,O3,h00034,bundle_verified_input,9,71,1540,5,25,23,2,6,1,132,866,87,39,28,2,0,1086,203,0,17f90f1b941acc5811a7d98055392f07acb604490df207caa337100998e2d81c
own_v1,O3,h00034,bundle_pointer_opt,9,71,1534,5,25,23,2,6,1,132,866,87,36,28,2,0,1086,197,0,4c189e9fee2537ce8f905fda7a645669d1ee8773c9f453eb785f17ae7ef70d85
own_v1,O3,h00034,bundle_standard_opt_3,9,71,1329,5,25,23,2,6,1,123,671,87,36,28,2,0,882,196,0,cb580b61ed58c7fdfa22190cb36529c7fdddd21d001bc48008bbc44b9cc5a326
own_v1,O3,h00034,bundle_storage_delift,9,71,1329,5,25,23,2,6,1,123,671,87,36,28,2,0,882,196,0,cb580b61ed58c7fdfa22190cb36529c7fdddd21d001bc48008bbc44b9cc5a326
own_v1,O3,h00034,bundle_residual_strip,9,71,1329,5,25,23,2,6,1,123,671,87,36,28,2,0,882,196,0,cb580b61ed58c7fdfa22190cb36529c7fdddd21d001bc48008bbc44b9cc5a326
own_v1,O3,h00034,final_clean,9,71,1286,5,25,23,2,6,1,123,628,87,36,28,2,0,839,196,0,b1c0eb34a4da99b650b6e923afa0a405e99faba91fbeb281f6977326595020cd
own_v1,O3,h00035,raw_lift,30,138,1621,51,44,38,6,11,0,115,250,7,2,11,0,3,372,483,0,d6cd1d02ccacc6ccc32172a82f834df8edfaf70af34da0eca766944555f955c9
own_v1,O3,h00035,brightened_main,11,53,1189,5,25,22,3,10,4,136,599,67,41,14,3,0,806,167,0,277a6ad6789f8885ad17b6d2fd1fcdef0f3b306d1af376bc52dddb4aa837b08e
own_v1,O3,h00035,bundle_verified_input,11,53,1189,5,25,22,3,10,4,136,599,67,41,14,3,0,806,167,0,add839b11d99ef8dbe619ff29cf55a23f2d359a6f62841bc02db09ecbb8f7d17
own_v1,O3,h00035,bundle_pointer_opt,11,53,1173,5,25,22,3,10,4,135,599,66,35,14,3,0,804,157,0,13c0858a6af7de9c536193ad0e1e09027c60c915f2ed4d6b79b6396b56c461f2
own_v1,O3,h00035,bundle_standard_opt_3,11,53,966,5,25,22,3,10,4,102,425,66,35,14,3,0,597,157,0,ea230529ff46d3eecc2c12ce54f1bc312a9027ff319a9fd16bb9ec07f55fee11
own_v1,O3,h00035,bundle_storage_delift,11,53,966,5,25,22,3,10,4,102,425,66,35,14,3,0,597,157,0,ea230529ff46d3eecc2c12ce54f1bc312a9027ff319a9fd16bb9ec07f55fee11
own_v1,O3,h00035,bundle_residual_strip,11,53,966,5,25,22,3,10,4,102,425,66,35,14,3,0,597,157,0,ea230529ff46d3eecc2c12ce54f1bc312a9027ff319a9fd16bb9ec07f55fee11
own_v1,O3,h00035,final_clean,11,53,958,5,25,22,3,10,4,102,417,66,35,14,3,0,589,157,0,9014e95415a277b011fccd49fe7a97b3a267345d958f063a59bbab41b2192676
own_v1,O3,h00036,raw_lift,26,83,1004,26,35,30,5,8,0,58,161,4,4,7,0,3,223,314,0,f3a29b4c6d8160af7e1e0807526329d68099a90291a236c41a3982ac014c08c2
own_v1,O3,h00036,brightened_main,2,16,111,1,3,3,0,1,1,12,27,16,5,4,1,0,56,18,0,78e8b63d1038c107a70ce7c02603fb670a673dbd22c0e2955afceaf0404de2b5
own_v1,O3,h00036,bundle_verified_input,2,16,111,1,3,3,0,1,1,12,27,16,5,4,1,0,56,18,0,ed0a5019340c7bf255ddf0791f05753b8f50f617ba61ef38efbe77dcf3a7ef67
own_v1,O3,h00036,bundle_pointer_opt,2,16,111,1,3,3,0,1,1,12,27,16,5,4,1,0,56,18,0,f6c5119ca28e69d39df000ad63438995f1bae55f1b459d9ac21721017ee46652
own_v1,O3,h00036,bundle_standard_opt_3,2,16,110,1,3,3,0,1,1,12,27,15,5,4,1,0,55,18,0,a53bded9e0287f349ff028610d33752d629f38df844ca5f5a42f7696339cee5f
own_v1,O3,h00036,bundle_storage_delift,2,16,110,1,3,3,0,1,1,12,27,15,5,4,1,0,55,18,0,a53bded9e0287f349ff028610d33752d629f38df844ca5f5a42f7696339cee5f
own_v1,O3,h00036,bundle_residual_strip,2,16,110,1,3,3,0,1,1,12,27,15,5,4,1,0,55,18,0,a53bded9e0287f349ff028610d33752d629f38df844ca5f5a42f7696339cee5f
own_v1,O3,h00036,final_clean,1,15,109,1,3,3,0,1,1,12,27,15,5,4,1,0,55,18,0,a8b420ea8c02c36e81ba6aa5c40b9708f8a302dbaa0a0b82ea94c16769180836
own_v1,O3,h00037,raw_lift,28,96,1123,33,43,38,5,10,0,79,215,7,4,5,2,4,301,322,0,78547780ad4ea4b13268745163bfe6c2d5b196f6cd4a8743a17dc2208e85a016
own_v1,O3,h00037,brightened_main,9,33,718,4,16,14,2,5,1,96,342,29,38,6,3,0,468,117,0,adf874224541f4cd0f607dced87d4e56a50257c110a8c3aa7412df62f21b8d0c
own_v1,O3,h00037,bundle_verified_input,9,33,718,4,16,14,2,5,1,96,342,29,38,6,3,0,468,117,0,728ddcfb1f57ba462e7d3cb201910fa30ffa49cf677659bd209031a009754f4f
own_v1,O3,h00037,bundle_pointer_opt,9,33,712,4,16,14,2,5,1,96,342,29,34,6,3,0,468,112,0,b99282175eef46f5ad7d71989178c098a62b38788f32462eaa08f1cb5ecfa25c
own_v1,O3,h00037,bundle_standard_opt_3,9,33,603,4,16,14,2,5,1,80,253,29,32,6,3,0,363,108,0,98699fed6aceefce3204f356936b18b18599f4391ae366aa42cf026f7c442c6a
own_v1,O3,h00037,bundle_storage_delift,9,33,603,4,16,14,2,5,1,80,253,29,32,6,3,0,363,108,0,98699fed6aceefce3204f356936b18b18599f4391ae366aa42cf026f7c442c6a
own_v1,O3,h00037,bundle_residual_strip,9,33,603,4,16,14,2,5,1,80,253,29,32,6,3,0,363,108,0,98699fed6aceefce3204f356936b18b18599f4391ae366aa42cf026f7c442c6a
own_v1,O3,h00037,final_clean,9,33,600,4,16,14,2,5,1,80,250,29,32,6,3,0,360,108,0,cda597e5db8003b664b66240ff99f706be1524615bbaf384c9b693c821f73959
own_v1,O3,h00038,raw_lift,28,166,2086,69,56,51,5,20,0,123,352,7,3,12,0,10,482,634,0,117aab8e431014ac481aa7ee36e4163d9b029f2a63fbe49e059b15b47bac640b
own_v1,O3,h00038,brightened_main,5,54,1195,6,13,13,0,7,1,142,509,38,60,11,4,1,690,225,0,fa5eaa9ff7d286ee97e75604519ba52e81497eb2c9ae4a73cd2996bdf085651c
own_v1,O3,h00038,bundle_verified_input,5,54,1195,6,13,13,0,7,1,142,509,38,60,11,4,1,690,225,0,70681ad4e0ba2e692946e169767197439db92ad08391493c68b918b58f215173
own_v1,O3,h00038,bundle_pointer_opt,5,54,1182,6,13,13,0,7,1,142,509,38,60,11,4,1,690,211,0,d85a05a9896046f8cd6fe1d9c04a53fa461036193fae874b5508af3419e2c5a1
own_v1,O3,h00038,bundle_standard_opt_3,5,54,1008,6,11,11,0,5,1,107,433,38,59,11,4,1,579,189,0,d3da870beac7d9a1d5984ae865061858e0a7f37140b010981b11fc3d5a08c270
own_v1,O3,h00038,bundle_storage_delift,5,54,1008,6,11,11,0,5,1,107,433,38,59,11,4,1,579,189,0,d3da870beac7d9a1d5984ae865061858e0a7f37140b010981b11fc3d5a08c270
own_v1,O3,h00038,bundle_residual_strip,5,54,1008,6,11,11,0,5,1,107,433,38,59,11,4,1,579,189,0,d3da870beac7d9a1d5984ae865061858e0a7f37140b010981b11fc3d5a08c270
own_v1,O3,h00038,final_clean,0,0,0,0,0,0,0,0,0,0,0,0,0,0,0,0,0,0,0,e3b0c44298fc1c149afbf4c8996fb92427ae41e4649b934ca495991b7852b855
own_v1,O3,h00039,raw_lift,26,99,1236,34,37,32,5,9,0,71,187,5,2,7,0,3,263,402,0,497034cca2aa442d0d334e6dffd284e186294f1462757a79d20e72c014814e19
own_v1,O3,h00039,brightened_main,2,22,158,1,3,3,0,0,2,22,35,22,2,6,1,0,81,16,0,53036181bcdf1855fe0d7301386b0912035000602b7a4dc876de66da1bd09dcc
own_v1,O3,h00039,bundle_verified_input,2,22,158,1,3,3,0,0,2,22,35,22,2,6,1,0,81,16,0,916a0d4823cf71df30ed7dc4150b9be5c7b6bd49e76d8cf35ca088b2e278ebc0
own_v1,O3,h00039,bundle_pointer_opt,2,22,158,1,3,3,0,0,2,22,35,22,2,6,1,0,81,16,0,33f3279440049a5933a8a533f9b44198f102ad42088f46a5ed1e4f87b162b279
own_v1,O3,h00039,bundle_standard_opt_3,2,22,157,1,3,3,0,0,2,22,35,21,2,6,1,0,80,16,0,af319b9f1c41cae986f8645daadba7e143b0648476163a08609fce7cbd755806
own_v1,O3,h00039,bundle_storage_delift,2,22,157,1,3,3,0,0,2,22,35,21,2,6,1,0,80,16,0,af319b9f1c41cae986f8645daadba7e143b0648476163a08609fce7cbd755806
own_v1,O3,h00039,bundle_residual_strip,2,22,157,1,3,3,0,0,2,22,35,21,2,6,1,0,80,16,0,af319b9f1c41cae986f8645daadba7e143b0648476163a08609fce7cbd755806
own_v1,O3,h00039,final_clean,1,21,156,1,3,3,0,0,2,22,35,21,2,6,1,0,80,16,0,bc678db058af2962f955ad1b9dcb80a6e8003031135cdf3a394615793e822614
own_v1,O3,h00040,raw_lift,31,164,1783,64,56,51,5,17,0,114,326,4,4,18,0,3,444,531,0,9761688f138ca40ee9b68b5c32eb20902fdc07ce8c856be94d27185cd514f4b4
own_v1,O3,h00040,brightened_main,9,72,1912,6,27,25,2,13,5,157,881,182,35,104,2,0,1225,344,0,219d7f882dd72c60458ba09166c1da24dd09c69dff3d55e8edfa527c8c9e3f05
own_v1,O3,h00040,bundle_verified_input,9,72,1912,6,27,25,2,13,5,157,881,182,35,104,2,0,1225,344,0,98a71c658198149515ee61779390ad62136648426b9d99aa8786f739d35fb477
own_v1,O3,h00040,bundle_pointer_opt,9,72,1912,6,27,25,2,13,5,157,881,182,35,104,2,0,1225,344,0,98a71c658198149515ee61779390ad62136648426b9d99aa8786f739d35fb477
own_v1,O3,h00040,bundle_standard_opt_3,9,72,1650,6,29,27,2,15,5,119,662,178,32,104,2,0,964,341,0,9b4fa362146a8bb2f4835aa6c3866dd0397711291fde7d7042ea76afcbb22388
own_v1,O3,h00040,bundle_storage_delift,9,72,1650,6,29,27,2,15,5,119,662,178,32,104,2,0,964,341,0,9b4fa362146a8bb2f4835aa6c3866dd0397711291fde7d7042ea76afcbb22388
own_v1,O3,h00040,bundle_residual_strip,9,72,1650,6,29,27,2,15,5,119,662,178,32,104,2,0,964,341,0,9b4fa362146a8bb2f4835aa6c3866dd0397711291fde7d7042ea76afcbb22388
own_v1,O3,h00040,final_clean,9,72,1615,6,29,27,2,15,5,119,627,178,32,104,2,0,929,341,0,06d203a3f038690c750b8077ca2fd4e28ca15e8416059a7b44a56c9229788050
