dataset,level,sample_id,transition,before_stage,after_stage,pure_default_optimizer_boundary,functions_before,functions_after,functions_delta,functions_delta_ratio,blocks_before,blocks_after,blocks_delta,blocks_delta_ratio,instructions_before,instructions_after,instructions_delta,instructions_delta_ratio,conditional_branches_before,conditional_branches_after,conditional_branches_delta,conditional_branches_delta_ratio,calls_before,calls_after,calls_delta,calls_delta_ratio,direct_calls_before,direct_calls_after,direct_calls_delta,direct_calls_delta_ratio,indirect_calls_before,indirect_calls_after,indirect_calls_delta,indirect_calls_delta_ratio,intrinsics_before,intrinsics_after,intrinsics_delta,intrinsics_delta_ratio,allocas_before,allocas_after,allocas_delta,allocas_delta_ratio,loads_before,loads_after,loads_delta,loads_delta_ratio,stores_before,stores_after,stores_delta,stores_delta_ratio,geps_before,geps_after,geps_delta,geps_delta_ratio,phis_before,phis_after,phis_delta,phis_delta_ratio,selects_before,selects_after,selects_delta,selects_delta_ratio,switches_before,switches_after,switches_delta,switches_delta_ratio,unreachable_before,unreachable_after,unreachable_delta,unreachable_delta_ratio,memory_ops_before,memory_ops_after,memory_ops_delta,memory_ops_delta_ratio,scalar_cleanup_ops_before,scalar_cleanup_ops_after,scalar_cleanup_ops_delta,scalar_cleanup_ops_delta_ratio,vector_instructions_before,vector_instructions_after,vector_instructions_delta,vector_instructions_delta_ratio
own_v1,O1,h00001,main_combined_custom_plus_opt_1_2,raw_lift,brightened_main,False,26,9,-17,-0.6538461538461539,113,44,-69,-0.6106194690265486,1201,669,-532,-0.44296419650291424,41,4,-37,-0.9024390243902439,34,12,-22,-0.6470588235294118,29,10,-19,-0.6551724137931034,5,2,-3,-0.6,7,4,-3,-0.42857142857142855,0,1,1,,73,64,-9,-0.1232876712328767,181,322,141,0.7790055248618785,5,39,34,6.8,2,37,35,17.5,9,10,1,0.1111111111111111,0,1,1,,3,0,-3,-1.0,259,426,167,0.6447876447876448,392,115,-277,-0.7066326530612245,0,0,0,
own_v1,O1,h00001,bundle_exact_pointer_passes,bundle_verified_input,bundle_pointer_opt,False,9,9,0,0.0,44,44,0,0.0,669,646,-23,-0.0343796711509716,4,4,0,0.0,12,12,0,0.0,10,10,0,0.0,2,2,0,0.0,4,4,0,0.0,1,1,0,0.0,64,64,0,0.0,322,322,0,0.0,39,39,0,0.0,37,28,-9,-0.24324324324324326,10,10,0,0.0,1,1,0,0.0,0,0,0,,426,426,0,0.0,115,94,-21,-0.1826086956521739,0,0,0,
own_v1,O1,h00001,llvm_default_opt_boundary_3,bundle_pointer_opt,bundle_standard_opt_3,True,9,9,0,0.0,44,44,0,0.0,646,620,-26,-0.04024767801857585,4,4,0,0.0,12,12,0,0.0,10,10,0,0.0,2,2,0,0.0,4,4,0,0.0,1,1,0,0.0,64,54,-10,-0.15625,322,306,-16,-0.049689440993788817,39,39,0,0.0,28,28,0,0.0,10,10,0,0.0,1,1,0,0.0,0,0,0,,426,400,-26,-0.06103286384976526,94,94,0,0.0,0,0,0,
own_v1,O1,h00001,custom_storage_delift,bundle_standard_opt_3,bundle_storage_delift,False,9,9,0,0.0,44,44,0,0.0,620,620,0,0.0,4,4,0,0.0,12,12,0,0.0,10,10,0,0.0,2,2,0,0.0,4,4,0,0.0,1,1,0,0.0,54,54,0,0.0,306,306,0,0.0,39,39,0,0.0,28,28,0,0.0,10,10,0,0.0,1,1,0,0.0,0,0,0,,400,400,0,0.0,94,94,0,0.0,0,0,0,
own_v1,O1,h00001,custom_residual_strip,bundle_storage_delift,bundle_residual_strip,False,9,9,0,0.0,44,44,0,0.0,620,620,0,0.0,4,4,0,0.0,12,12,0,0.0,10,10,0,0.0,2,2,0,0.0,4,4,0,0.0,1,1,0,0.0,54,54,0,0.0,306,306,0,0.0,39,39,0,0.0,28,28,0,0.0,10,10,0,0.0,1,1,0,0.0,0,0,0,,400,400,0,0.0,94,94,0,0.0,0,0,0,
own_v1,O1,h00001,final_tail_opt_4_plus_custom_cleanup,bundle_residual_strip,final_clean,False,9,9,0,0.0,44,44,0,0.0,620,574,-46,-0.07419354838709677,4,4,0,0.0,12,12,0,0.0,10,10,0,0.0,2,2,0,0.0,4,4,0,0.0,1,1,0,0.0,54,54,0,0.0,306,260,-46,-0.1503267973856209,39,39,0,0.0,28,28,0,0.0,10,10,0,0.0,1,1,0,0.0,0,0,0,,400,354,-46,-0.115,94,94,0,0.0,0,0,0,
own_v1,O1,h00002,main_combined_custom_plus_opt_1_2,raw_lift,brightened_main,False,26,2,-24,-0.9230769230769231,112,26,-86,-0.7678571428571429,1212,222,-990,-0.8168316831683168,41,2,-39,-0.9512195121951219,39,9,-30,-0.7692307692307693,34,9,-25,-0.7352941176470589,5,0,-5,-1.0,10,5,-5,-0.5,0,4,4,,70,22,-48,-0.6857142857142857,203,37,-166,-0.8177339901477833,5,53,48,9.6,2,3,1,0.5,9,10,1,0.1111111111111111,0,1,1,,4,1,-3,-0.75,278,116,-162,-0.5827338129496403,363,37,-326,-0.8980716253443526,0,0,0,
own_v1,O1,h00002,bundle_exact_pointer_passes,bundle_verified_input,bundle_pointer_opt,False,2,2,0,0.0,26,26,0,0.0,222,222,0,0.0,2,2,0,0.0,9,9,0,0.0,9,9,0,0.0,0,0,0,,5,5,0,0.0,4,4,0,0.0,22,22,0,0.0,37,37,0,0.0,53,53,0,0.0,3,3,0,0.0,10,10,0,0.0,1,1,0,0.0,1,1,0,0.0,116,116,0,0.0,37,37,0,0.0,0,0,0,
own_v1,O1,h00002,llvm_default_opt_boundary_3,bundle_pointer_opt,bundle_standard_opt_3,True,2,2,0,0.0,26,26,0,0.0,222,199,-23,-0.1036036036036036,2,2,0,0.0,9,9,0,0.0,9,9,0,0.0,0,0,0,,5,5,0,0.0,4,4,0,0.0,22,22,0,0.0,37,37,0,0.0,53,30,-23,-0.4339622641509434,3,3,0,0.0,10,10,0,0.0,1,1,0,0.0,1,1,0,0.0,116,93,-23,-0.19827586206896552,37,37,0,0.0,0,0,0,
own_v1,O1,h00002,custom_storage_delift,bundle_standard_opt_3,bundle_storage_delift,False,2,2,0,0.0,26,26,0,0.0,199,199,0,0.0,2,2,0,0.0,9,9,0,0.0,9,9,0,0.0,0,0,0,,5,5,0,0.0,4,4,0,0.0,22,22,0,0.0,37,37,0,0.0,30,30,0,0.0,3,3,0,0.0,10,10,0,0.0,1,1,0,0.0,1,1,0,0.0,93,93,0,0.0,37,37,0,0.0,0,0,0,
own_v1,O1,h00002,custom_residual_strip,bundle_storage_delift,bundle_residual_strip,False,2,2,0,0.0,26,26,0,0.0,199,199,0,0.0,2,2,0,0.0,9,9,0,0.0,9,9,0,0.0,0,0,0,,5,5,0,0.0,4,4,0,0.0,22,22,0,0.0,37,37,0,0.0,30,30,0,0.0,3,3,0,0.0,10,10,0,0.0,1,1,0,0.0,1,1,0,0.0,93,93,0,0.0,37,37,0,0.0,0,0,0,
own_v1,O1,h00002,final_tail_opt_4_plus_custom_cleanup,bundle_residual_strip,final_clean,False,2,1,-1,-0.5,26,25,-1,-0.038461538461538464,199,198,-1,-0.005025125628140704,2,2,0,0.0,9,9,0,0.0,9,9,0,0.0,0,0,0,,5,5,0,0.0,4,4,0,0.0,22,21,-1,-0.045454545454545456,37,37,0,0.0,30,30,0,0.0,3,4,1,0.3333333333333333,10,10,0,0.0,1,1,0,0.0,1,1,0,0.0,93,92,-1,-0.010752688172043012,37,38,1,0.02702702702702703,0,0,0,
own_v1,O1,h00003,main_combined_custom_plus_opt_1_2,raw_lift,brightened_main,False,26,2,-24,-0.9230769230769231,123,34,-89,-0.7235772357723578,1288,231,-1057,-0.8206521739130435,46,1,-45,-0.9782608695652174,40,5,-35,-0.875,35,5,-30,-0.8571428571428571,5,0,-5,-1.0,11,1,-10,-0.9090909090909091,0,2,2,,81,30,-51,-0.6296296296296297,226,54,-172,-0.7610619469026548,5,52,47,9.4,2,2,0,0.0,12,11,-1,-0.08333333333333333,0,1,1,,3,0,-3,-1.0,312,138,-174,-0.5576923076923077,397,31,-366,-0.9219143576826196,0,0,0,
own_v1,O1,h00003,bundle_exact_pointer_passes,bundle_verified_input,bundle_pointer_opt,False,2,2,0,0.0,34,34,0,0.0,231,231,0,0.0,1,1,0,0.0,5,5,0,0.0,5,5,0,0.0,0,0,0,,1,1,0,0.0,2,2,0,0.0,30,30,0,0.0,54,54,0,0.0,52,52,0,0.0,2,2,0,0.0,11,11,0,0.0,1,1,0,0.0,0,0,0,,138,138,0,0.0,31,31,0,0.0,0,0,0,
own_v1,O1,h00003,llvm_default_opt_boundary_3,bundle_pointer_opt,bundle_standard_opt_3,True,2,2,0,0.0,34,34,0,0.0,231,202,-29,-0.12554112554112554,1,1,0,0.0,5,5,0,0.0,5,5,0,0.0,0,0,0,,1,1,0,0.0,2,2,0,0.0,30,30,0,0.0,54,54,0,0.0,52,23,-29,-0.5576923076923077,2,2,0,0.0,11,11,0,0.0,1,1,0,0.0,0,0,0,,138,109,-29,-0.21014492753623187,31,31,0,0.0,0,0,0,
own_v1,O1,h00003,custom_storage_delift,bundle_standard_opt_3,bundle_storage_delift,False,2,2,0,0.0,34,34,0,0.0,202,202,0,0.0,1,1,0,0.0,5,5,0,0.0,5,5,0,0.0,0,0,0,,1,1,0,0.0,2,2,0,0.0,30,30,0,0.0,54,54,0,0.0,23,23,0,0.0,2,2,0,0.0,11,11,0,0.0,1,1,0,0.0,0,0,0,,109,109,0,0.0,31,31,0,0.0,0,0,0,
own_v1,O1,h00003,custom_residual_strip,bundle_storage_delift,bundle_residual_strip,False,2,2,0,0.0,34,34,0,0.0,202,202,0,0.0,1,1,0,0.0,5,5,0,0.0,5,5,0,0.0,0,0,0,,1,1,0,0.0,2,2,0,0.0,30,30,0,0.0,54,54,0,0.0,23,23,0,0.0,2,2,0,0.0,11,11,0,0.0,1,1,0,0.0,0,0,0,,109,109,0,0.0,31,31,0,0.0,0,0,0,
own_v1,O1,h00003,final_tail_opt_4_plus_custom_cleanup,bundle_residual_strip,final_clean,False,2,1,-1,-0.5,34,33,-1,-0.029411764705882353,202,201,-1,-0.0049504950495049506,1,1,0,0.0,5,5,0,0.0,5,5,0,0.0,0,0,0,,1,1,0,0.0,2,2,0,0.0,30,30,0,0.0,54,54,0,0.0,23,23,0,0.0,2,2,0,0.0,11,11,0,0.0,1,1,0,0.0,0,0,0,,109,109,0,0.0,31,31,0,0.0,0,0,0,
own_v1,O1,h00004,main_combined_custom_plus_opt_1_2,raw_lift,brightened_main,False,28,10,-18,-0.6428571428571429,106,40,-66,-0.6226415094339622,1472,1131,-341,-0.23165760869565216,37,4,-33,-0.8918918918918919,56,33,-23,-0.4107142857142857,51,31,-20,-0.39215686274509803,5,2,-3,-0.6,21,14,-7,-0.3333333333333333,0,5,5,,93,133,40,0.43010752688172044,316,520,204,0.6455696202531646,5,77,72,14.4,6,33,27,4.5,10,20,10,1.0,2,1,-1,-0.5,3,0,-3,-1.0,414,735,321,0.7753623188405797,432,179,-253,-0.5856481481481481,0,0,0,
own_v1,O1,h00004,bundle_exact_pointer_passes,bundle_verified_input,bundle_pointer_opt,False,10,10,0,0.0,40,40,0,0.0,1131,1127,-4,-0.0035366931918656055,4,4,0,0.0,33,33,0,0.0,31,31,0,0.0,2,2,0,0.0,14,14,0,0.0,5,5,0,0.0,133,133,0,0.0,520,520,0,0.0,77,77,0,0.0,33,33,0,0.0,20,20,0,0.0,1,1,0,0.0,0,0,0,,735,735,0,0.0,179,175,-4,-0.0223463687150838,0,0,0,
own_v1,O1,h00004,llvm_default_opt_boundary_3,bundle_pointer_opt,bundle_standard_opt_3,True,10,10,0,0.0,40,40,0,0.0,1127,1033,-94,-0.0834072759538598,4,4,0,0.0,33,31,-2,-0.06060606060606061,31,29,-2,-0.06451612903225806,2,2,0,0.0,14,14,0,0.0,5,5,0,0.0,133,97,-36,-0.2706766917293233,520,466,-54,-0.10384615384615385,77,77,0,0.0,33,33,0,0.0,20,20,0,0.0,1,1,0,0.0,0,0,0,,735,645,-90,-0.12244897959183673,175,173,-2,-0.011428571428571429,0,0,0,
own_v1,O1,h00004,custom_storage_delift,bundle_standard_opt_3,bundle_storage_delift,False,10,10,0,0.0,40,40,0,0.0,1033,1033,0,0.0,4,4,0,0.0,31,31,0,0.0,29,29,0,0.0,2,2,0,0.0,14,14,0,0.0,5,5,0,0.0,97,97,0,0.0,466,466,0,0.0,77,77,0,0.0,33,33,0,0.0,20,20,0,0.0,1,1,0,0.0,0,0,0,,645,645,0,0.0,173,173,0,0.0,0,0,0,
own_v1,O1,h00004,custom_residual_strip,bundle_storage_delift,bundle_residual_strip,False,10,10,0,0.0,40,40,0,0.0,1033,1033,0,0.0,4,4,0,0.0,31,31,0,0.0,29,29,0,0.0,2,2,0,0.0,14,14,0,0.0,5,5,0,0.0,97,97,0,0.0,466,466,0,0.0,77,77,0,0.0,33,33,0,0.0,20,20,0,0.0,1,1,0,0.0,0,0,0,,645,645,0,0.0,173,173,0,0.0,0,0,0,
own_v1,O1,h00004,final_tail_opt_4_plus_custom_cleanup,bundle_residual_strip,final_clean,False,10,10,0,0.0,40,40,0,0.0,1033,964,-69,-0.06679574056147145,4,4,0,0.0,31,30,-1,-0.03225806451612903,29,28,-1,-0.034482758620689655,2,2,0,0.0,14,13,-1,-0.07142857142857142,5,5,0,0.0,97,97,0,0.0,466,407,-59,-0.12660944206008584,77,77,0,0.0,33,33,0,0.0,20,20,0,0.0,1,1,0,0.0,0,0,0,,645,586,-59,-0.09147286821705426,173,170,-3,-0.017341040462427744,0,0,0,
own_v1,O1,h00005,main_combined_custom_plus_opt_1_2,raw_lift,brightened_main,False,28,9,-19,-0.6785714285714286,97,35,-62,-0.6391752577319587,1082,715,-367,-0.3391866913123845,32,4,-28,-0.875,42,14,-28,-0.6666666666666666,37,12,-25,-0.6756756756756757,5,2,-3,-0.6,11,4,-7,-0.6363636363636364,0,1,1,,73,81,8,0.1095890410958904,205,364,159,0.775609756097561,5,35,30,6.0,2,37,35,17.5,6,7,1,0.16666666666666666,0,1,1,,3,0,-3,-1.0,283,481,198,0.6996466431095406,318,113,-205,-0.6446540880503144,0,0,0,
own_v1,O1,h00005,bundle_exact_pointer_passes,bundle_verified_input,bundle_pointer_opt,False,9,9,0,0.0,35,35,0,0.0,715,706,-9,-0.012587412587412588,4,4,0,0.0,14,14,0,0.0,12,12,0,0.0,2,2,0,0.0,4,4,0,0.0,1,1,0,0.0,81,81,0,0.0,364,364,0,0.0,35,35,0,0.0,37,32,-5,-0.13513513513513514,7,7,0,0.0,1,1,0,0.0,0,0,0,,481,481,0,0.0,113,105,-8,-0.07079646017699115,0,0,0,
own_v1,O1,h00005,llvm_default_opt_boundary_3,bundle_pointer_opt,bundle_standard_opt_3,True,9,9,0,0.0,35,35,0,0.0,706,668,-38,-0.053824362606232294,4,4,0,0.0,14,14,0,0.0,12,12,0,0.0,2,2,0,0.0,4,4,0,0.0,1,1,0,0.0,81,71,-10,-0.12345679012345678,364,336,-28,-0.07692307692307693,35,35,0,0.0,32,32,0,0.0,7,7,0,0.0,1,1,0,0.0,0,0,0,,481,443,-38,-0.079002079002079,105,105,0,0.0,0,0,0,
own_v1,O1,h00005,custom_storage_delift,bundle_standard_opt_3,bundle_storage_delift,False,9,9,0,0.0,35,35,0,0.0,668,668,0,0.0,4,4,0,0.0,14,14,0,0.0,12,12,0,0.0,2,2,0,0.0,4,4,0,0.0,1,1,0,0.0,71,71,0,0.0,336,336,0,0.0,35,35,0,0.0,32,32,0,0.0,7,7,0,0.0,1,1,0,0.0,0,0,0,,443,443,0,0.0,105,105,0,0.0,0,0,0,
own_v1,O1,h00005,custom_residual_strip,bundle_storage_delift,bundle_residual_strip,False,9,9,0,0.0,35,35,0,0.0,668,668,0,0.0,4,4,0,0.0,14,14,0,0.0,12,12,0,0.0,2,2,0,0.0,4,4,0,0.0,1,1,0,0.0,71,71,0,0.0,336,336,0,0.0,35,35,0,0.0,32,32,0,0.0,7,7,0,0.0,1,1,0,0.0,0,0,0,,443,443,0,0.0,105,105,0,0.0,0,0,0,
own_v1,O1,h00005,final_tail_opt_4_plus_custom_cleanup,bundle_residual_strip,final_clean,False,9,9,0,0.0,35,35,0,0.0,668,619,-49,-0.07335329341317365,4,4,0,0.0,14,14,0,0.0,12,12,0,0.0,2,2,0,0.0,4,4,0,0.0,1,1,0,0.0,71,71,0,0.0,336,287,-49,-0.14583333333333334,35,35,0,0.0,32,32,0,0.0,7,7,0,0.0,1,1,0,0.0,0,0,0,,443,394,-49,-0.11060948081264109,105,105,0,0.0,0,0,0,
own_v1,O1,h00006,main_combined_custom_plus_opt_1_2,raw_lift,brightened_main,False,26,9,-17,-0.6538461538461539,127,49,-78,-0.6141732283464567,1347,813,-534,-0.39643652561247217,48,2,-46,-0.9583333333333334,34,13,-21,-0.6176470588235294,29,11,-18,-0.6206896551724138,5,2,-3,-0.6,7,5,-2,-0.2857142857142857,0,1,1,,86,74,-12,-0.13953488372093023,195,423,228,1.1692307692307693,5,47,42,8.4,2,32,30,15.0,11,12,1,0.09090909090909091,0,1,1,,3,0,-3,-1.0,286,545,259,0.9055944055944056,450,110,-340,-0.7555555555555555,0,0,0,
own_v1,O1,h00006,bundle_exact_pointer_passes,bundle_verified_input,bundle_pointer_opt,False,9,9,0,0.0,49,49,0,0.0,813,789,-24,-0.02952029520295203,2,2,0,0.0,13,13,0,0.0,11,11,0,0.0,2,2,0,0.0,5,5,0,0.0,1,1,0,0.0,74,74,0,0.0,423,423,0,0.0,47,47,0,0.0,32,24,-8,-0.25,12,12,0,0.0,1,1,0,0.0,0,0,0,,545,545,0,0.0,110,92,-18,-0.16363636363636364,0,0,0,
own_v1,O1,h00006,llvm_default_opt_boundary_3,bundle_pointer_opt,bundle_standard_opt_3,True,9,9,0,0.0,49,49,0,0.0,789,763,-26,-0.032953105196451206,2,2,0,0.0,13,13,0,0.0,11,11,0,0.0,2,2,0,0.0,5,5,0,0.0,1,1,0,0.0,74,64,-10,-0.13513513513513514,423,407,-16,-0.037825059101654845,47,47,0,0.0,24,24,0,0.0,12,12,0,0.0,1,1,0,0.0,0,0,0,,545,519,-26,-0.047706422018348627,92,92,0,0.0,0,0,0,
own_v1,O1,h00006,custom_storage_delift,bundle_standard_opt_3,bundle_storage_delift,False,9,9,0,0.0,49,49,0,0.0,763,763,0,0.0,2,2,0,0.0,13,13,0,0.0,11,11,0,0.0,2,2,0,0.0,5,5,0,0.0,1,1,0,0.0,64,64,0,0.0,407,407,0,0.0,47,47,0,0.0,24,24,0,0.0,12,12,0,0.0,1,1,0,0.0,0,0,0,,519,519,0,0.0,92,92,0,0.0,0,0,0,
own_v1,O1,h00006,custom_residual_strip,bundle_storage_delift,bundle_residual_strip,False,9,9,0,0.0,49,49,0,0.0,763,763,0,0.0,2,2,0,0.0,13,13,0,0.0,11,11,0,0.0,2,2,0,0.0,5,5,0,0.0,1,1,0,0.0,64,64,0,0.0,407,407,0,0.0,47,47,0,0.0,24,24,0,0.0,12,12,0,0.0,1,1,0,0.0,0,0,0,,519,519,0,0.0,92,92,0,0.0,0,0,0,
own_v1,O1,h00006,final_tail_opt_4_plus_custom_cleanup,bundle_residual_strip,final_clean,False,9,9,0,0.0,49,49,0,0.0,763,642,-121,-0.15858453473132372,2,2,0,0.0,13,13,0,0.0,11,11,0,0.0,2,2,0,0.0,5,5,0,0.0,1,1,0,0.0,64,64,0,0.0,407,286,-121,-0.2972972972972973,47,47,0,0.0,24,24,0,0.0,12,12,0,0.0,1,1,0,0.0,0,0,0,,519,398,-121,-0.23314065510597304,92,92,0,0.0,0,0,0,
own_v1,O1,h00007,main_combined_custom_plus_opt_1_2,raw_lift,brightened_main,False,27,10,-17,-0.6296296296296297,147,48,-99,-0.673469387755102,1633,1064,-569,-0.34843845682792407,57,9,-48,-0.8421052631578947,39,13,-26,-0.6666666666666666,34,11,-23,-0.6764705882352942,5,2,-3,-0.6,11,4,-7,-0.6363636363636364,0,1,1,,97,113,16,0.16494845360824742,240,550,310,1.2916666666666667,6,34,28,4.666666666666667,2,66,64,32.0,11,12,1,0.09090909090909091,0,2,2,,3,0,-3,-1.0,343,698,355,1.0349854227405249,535,188,-347,-0.6485981308411215,0,0,0,
own_v1,O1,h00007,bundle_exact_pointer_passes,bundle_verified_input,bundle_pointer_opt,False,10,10,0,0.0,48,48,0,0.0,1064,1051,-13,-0.012218045112781954,9,9,0,0.0,13,13,0,0.0,11,11,0,0.0,2,2,0,0.0,4,4,0,0.0,1,1,0,0.0,113,113,0,0.0,550,550,0,0.0,34,34,0,0.0,66,66,0,0.0,12,12,0,0.0,2,2,0,0.0,0,0,0,,698,698,0,0.0,188,175,-13,-0.06914893617021277,0,0,0,
own_v1,O1,h00007,llvm_default_opt_boundary_3,bundle_pointer_opt,bundle_standard_opt_3,True,10,10,0,0.0,48,48,0,0.0,1051,986,-65,-0.06184586108468126,9,9,0,0.0,13,13,0,0.0,11,11,0,0.0,2,2,0,0.0,4,4,0,0.0,1,1,0,0.0,113,101,-12,-0.10619469026548672,550,503,-47,-0.08545454545454545,34,34,0,0.0,66,64,-2,-0.030303030303030304,12,12,0,0.0,2,2,0,0.0,0,0,0,,698,639,-59,-0.08452722063037249,175,170,-5,-0.02857142857142857,0,0,0,
own_v1,O1,h00007,custom_storage_delift,bundle_standard_opt_3,bundle_storage_delift,False,10,10,0,0.0,48,48,0,0.0,986,986,0,0.0,9,9,0,0.0,13,13,0,0.0,11,11,0,0.0,2,2,0,0.0,4,4,0,0.0,1,1,0,0.0,101,101,0,0.0,503,503,0,0.0,34,34,0,0.0,64,64,0,0.0,12,12,0,0.0,2,2,0,0.0,0,0,0,,639,639,0,0.0,170,170,0,0.0,0,0,0,
own_v1,O1,h00007,custom_residual_strip,bundle_storage_delift,bundle_residual_strip,False,10,10,0,0.0,48,48,0,0.0,986,986,0,0.0,9,9,0,0.0,13,13,0,0.0,11,11,0,0.0,2,2,0,0.0,4,4,0,0.0,1,1,0,0.0,101,101,0,0.0,503,503,0,0.0,34,34,0,0.0,64,64,0,0.0,12,12,0,0.0,2,2,0,0.0,0,0,0,,639,639,0,0.0,170,170,0,0.0,0,0,0,
own_v1,O1,h00007,final_tail_opt_4_plus_custom_cleanup,bundle_residual_strip,final_clean,False,10,10,0,0.0,48,48,0,0.0,986,919,-67,-0.06795131845841786,9,9,0,0.0,13,13,0,0.0,11,11,0,0.0,2,2,0,0.0,4,4,0,0.0,1,1,0,0.0,101,101,0,0.0,503,438,-65,-0.12922465208747516,34,34,0,0.0,64,64,0,0.0,12,12,0,0.0,2,2,0,0.0,0,0,0,,639,574,-65,-0.10172143974960876,170,169,-1,-0.0058823529411764705,0,0,0,
own_v1,O1,h00008,main_combined_custom_plus_opt_1_2,raw_lift,brightened_main,False,27,9,-18,-0.6666666666666666,110,44,-66,-0.6,1244,924,-320,-0.2572347266881029,39,6,-33,-0.8461538461538461,40,20,-20,-0.5,35,18,-17,-0.4857142857142857,5,2,-3,-0.6,10,6,-4,-0.4,0,1,1,,84,94,10,0.11904761904761904,212,497,285,1.3443396226415094,5,40,35,7.0,2,41,39,19.5,8,9,1,0.125,0,2,2,,3,0,-3,-1.0,301,632,331,1.0996677740863787,397,134,-263,-0.6624685138539043,0,0,0,
own_v1,O1,h00008,bundle_exact_pointer_passes,bundle_verified_input,bundle_pointer_opt,False,9,9,0,0.0,44,44,0,0.0,924,909,-15,-0.016233766233766232,6,6,0,0.0,20,20,0,0.0,18,18,0,0.0,2,2,0,0.0,6,6,0,0.0,1,1,0,0.0,94,94,0,0.0,497,497,0,0.0,40,40,0,0.0,41,36,-5,-0.12195121951219512,9,9,0,0.0,2,2,0,0.0,0,0,0,,632,632,0,0.0,134,120,-14,-0.1044776119402985,0,0,0,
own_v1,O1,h00008,llvm_default_opt_boundary_3,bundle_pointer_opt,bundle_standard_opt_3,True,9,9,0,0.0,44,44,0,0.0,909,887,-22,-0.0242024202420242,6,6,0,0.0,20,20,0,0.0,18,18,0,0.0,2,2,0,0.0,6,6,0,0.0,1,1,0,0.0,94,86,-8,-0.0851063829787234,497,483,-14,-0.028169014084507043,40,40,0,0.0,36,36,0,0.0,9,9,0,0.0,2,2,0,0.0,0,0,0,,632,610,-22,-0.03481012658227848,120,120,0,0.0,0,0,0,
own_v1,O1,h00008,custom_storage_delift,bundle_standard_opt_3,bundle_storage_delift,False,9,9,0,0.0,44,44,0,0.0,887,887,0,0.0,6,6,0,0.0,20,20,0,0.0,18,18,0,0.0,2,2,0,0.0,6,6,0,0.0,1,1,0,0.0,86,86,0,0.0,483,483,0,0.0,40,40,0,0.0,36,36,0,0.0,9,9,0,0.0,2,2,0,0.0,0,0,0,,610,610,0,0.0,120,120,0,0.0,0,0,0,
own_v1,O1,h00008,custom_residual_strip,bundle_storage_delift,bundle_residual_strip,False,9,9,0,0.0,44,44,0,0.0,887,887,0,0.0,6,6,0,0.0,20,20,0,0.0,18,18,0,0.0,2,2,0,0.0,6,6,0,0.0,1,1,0,0.0,86,86,0,0.0,483,483,0,0.0,40,40,0,0.0,36,36,0,0.0,9,9,0,0.0,2,2,0,0.0,0,0,0,,610,610,0,0.0,120,120,0,0.0,0,0,0,
own_v1,O1,h00008,final_tail_opt_4_plus_custom_cleanup,bundle_residual_strip,final_clean,False,9,9,0,0.0,44,44,0,0.0,887,795,-92,-0.10372040586245772,6,6,0,0.0,20,20,0,0.0,18,18,0,0.0,2,2,0,0.0,6,6,0,0.0,1,1,0,0.0,86,86,0,0.0,483,392,-91,-0.18840579710144928,40,40,0,0.0,36,36,0,0.0,9,9,0,0.0,2,2,0,0.0,0,0,0,,610,519,-91,-0.14918032786885246,120,119,-1,-0.008333333333333333,0,0,0,
own_v1,O1,h00009,main_combined_custom_plus_opt_1_2,raw_lift,brightened_main,False,26,2,-24,-0.9230769230769231,147,46,-101,-0.6870748299319728,1361,271,-1090,-0.8008817046289493,58,1,-57,-0.9827586206896551,36,4,-32,-0.8888888888888888,31,4,-27,-0.8709677419354839,5,0,-5,-1.0,8,1,-7,-0.875,0,3,3,,86,40,-46,-0.5348837209302325,216,63,-153,-0.7083333333333334,5,53,48,9.6,2,0,-2,-1.0,16,15,-1,-0.0625,0,1,1,,3,0,-3,-1.0,307,159,-148,-0.4820846905537459,426,32,-394,-0.9248826291079812,0,0,0,
own_v1,O1,h00009,bundle_exact_pointer_passes,bundle_verified_input,bundle_pointer_opt,False,2,2,0,0.0,46,46,0,0.0,271,271,0,0.0,1,1,0,0.0,4,4,0,0.0,4,4,0,0.0,0,0,0,,1,1,0,0.0,3,3,0,0.0,40,40,0,0.0,63,63,0,0.0,53,53,0,0.0,0,0,0,,15,15,0,0.0,1,1,0,0.0,0,0,0,,159,159,0,0.0,32,32,0,0.0,0,0,0,
own_v1,O1,h00009,llvm_default_opt_boundary_3,bundle_pointer_opt,bundle_standard_opt_3,True,2,2,0,0.0,46,46,0,0.0,271,239,-32,-0.11808118081180811,1,1,0,0.0,4,4,0,0.0,4,4,0,0.0,0,0,0,,1,1,0,0.0,3,3,0,0.0,40,40,0,0.0,63,63,0,0.0,53,21,-32,-0.6037735849056604,0,0,0,,15,15,0,0.0,1,1,0,0.0,0,0,0,,159,127,-32,-0.20125786163522014,32,32,0,0.0,0,0,0,
own_v1,O1,h00009,custom_storage_delift,bundle_standard_opt_3,bundle_storage_delift,False,2,2,0,0.0,46,46,0,0.0,239,239,0,0.0,1,1,0,0.0,4,4,0,0.0,4,4,0,0.0,0,0,0,,1,1,0,0.0,3,3,0,0.0,40,40,0,0.0,63,63,0,0.0,21,21,0,0.0,0,0,0,,15,15,0,0.0,1,1,0,0.0,0,0,0,,127,127,0,0.0,32,32,0,0.0,0,0,0,
own_v1,O1,h00009,custom_residual_strip,bundle_storage_delift,bundle_residual_strip,False,2,2,0,0.0,46,46,0,0.0,239,239,0,0.0,1,1,0,0.0,4,4,0,0.0,4,4,0,0.0,0,0,0,,1,1,0,0.0,3,3,0,0.0,40,40,0,0.0,63,63,0,0.0,21,21,0,0.0,0,0,0,,15,15,0,0.0,1,1,0,0.0,0,0,0,,127,127,0,0.0,32,32,0,0.0,0,0,0,
own_v1,O1,h00009,final_tail_opt_4_plus_custom_cleanup,bundle_residual_strip,final_clean,False,2,1,-1,-0.5,46,45,-1,-0.021739130434782608,239,238,-1,-0.0041841004184100415,1,1,0,0.0,4,4,0,0.0,4,4,0,0.0,0,0,0,,1,1,0,0.0,3,3,0,0.0,40,40,0,0.0,63,63,0,0.0,21,21,0,0.0,0,0,0,,15,15,0,0.0,1,1,0,0.0,0,0,0,,127,127,0,0.0,32,32,0,0.0,0,0,0,
own_v1,O1,h00010,main_combined_custom_plus_opt_1_2,raw_lift,brightened_main,False,30,11,-19,-0.6333333333333333,124,49,-75,-0.6048387096774194,1513,1175,-338,-0.2233972240581626,44,4,-40,-0.9090909090909091,43,25,-18,-0.4186046511627907,37,22,-15,-0.40540540540540543,6,3,-3,-0.5,10,12,2,0.2,0,4,4,,112,138,26,0.23214285714285715,234,576,342,1.4615384615384615,8,73,65,8.125,2,37,35,17.5,10,13,3,0.3,0,2,2,,3,0,-3,-1.0,354,791,437,1.234463276836158,445,167,-278,-0.6247191011235955,0,0,0,
own_v1,O1,h00010,bundle_exact_pointer_passes,bundle_verified_input,bundle_pointer_opt,False,11,11,0,0.0,49,49,0,0.0,1175,1155,-20,-0.01702127659574468,4,4,0,0.0,25,25,0,0.0,22,22,0,0.0,3,3,0,0.0,12,12,0,0.0,4,4,0,0.0,138,136,-2,-0.014492753623188406,576,576,0,0.0,73,71,-2,-0.0273972602739726,37,31,-6,-0.16216216216216217,13,13,0,0.0,2,2,0,0.0,0,0,0,,791,787,-4,-0.0050568900126422255,167,156,-11,-0.0658682634730539,0,0,0,
own_v1,O1,h00010,llvm_default_opt_boundary_3,bundle_pointer_opt,bundle_standard_opt_3,True,11,11,0,0.0,49,49,0,0.0,1155,1039,-116,-0.10043290043290043,4,4,0,0.0,25,24,-1,-0.04,22,21,-1,-0.045454545454545456,3,3,0,0.0,12,12,0,0.0,4,4,0,0.0,136,100,-36,-0.2647058823529412,576,498,-78,-0.13541666666666666,71,71,0,0.0,31,31,0,0.0,13,13,0,0.0,2,2,0,0.0,0,0,0,,787,673,-114,-0.144853875476493,156,155,-1,-0.00641025641025641,0,0,0,
own_v1,O1,h00010,custom_storage_delift,bundle_standard_opt_3,bundle_storage_delift,False,11,11,0,0.0,49,49,0,0.0,1039,1039,0,0.0,4,4,0,0.0,24,24,0,0.0,21,21,0,0.0,3,3,0,0.0,12,12,0,0.0,4,4,0,0.0,100,100,0,0.0,498,498,0,0.0,71,71,0,0.0,31,31,0,0.0,13,13,0,0.0,2,2,0,0.0,0,0,0,,673,673,0,0.0,155,155,0,0.0,0,0,0,
own_v1,O1,h00010,custom_residual_strip,bundle_storage_delift,bundle_residual_strip,False,11,11,0,0.0,49,49,0,0.0,1039,1039,0,0.0,4,4,0,0.0,24,24,0,0.0,21,21,0,0.0,3,3,0,0.0,12,12,0,0.0,4,4,0,0.0,100,100,0,0.0,498,498,0,0.0,71,71,0,0.0,31,31,0,0.0,13,13,0,0.0,2,2,0,0.0,0,0,0,,673,673,0,0.0,155,155,0,0.0,0,0,0,
own_v1,O1,h00010,final_tail_opt_4_plus_custom_cleanup,bundle_residual_strip,final_clean,False,11,11,0,0.0,49,49,0,0.0,1039,932,-107,-0.10298363811357074,4,4,0,0.0,24,24,0,0.0,21,21,0,0.0,3,3,0,0.0,12,12,0,0.0,4,4,0,0.0,100,100,0,0.0,498,391,-107,-0.21485943775100402,71,71,0,0.0,31,31,0,0.0,13,13,0,0.0,2,2,0,0.0,0,0,0,,673,566,-107,-0.1589895988112927,155,155,0,0.0,0,0,0,
own_v1,O1,h00011,main_combined_custom_plus_opt_1_2,raw_lift,brightened_main,False,26,2,-24,-0.9230769230769231,102,24,-78,-0.7647058823529411,1082,177,-905,-0.8364140480591498,36,2,-34,-0.9444444444444444,34,3,-31,-0.9117647058823529,29,3,-26,-0.896551724137931,5,0,-5,-1.0,7,1,-6,-0.8571428571428571,0,2,2,,70,23,-47,-0.6714285714285714,174,39,-135,-0.7758620689655172,5,39,34,6.8,3,4,1,0.3333333333333333,7,6,-1,-0.14285714285714285,1,2,1,1.0,3,0,-3,-1.0,249,103,-146,-0.5863453815261044,344,21,-323,-0.938953488372093,0,0,0,
own_v1,O1,h00011,bundle_exact_pointer_passes,bundle_verified_input,bundle_pointer_opt,False,2,2,0,0.0,24,24,0,0.0,177,177,0,0.0,2,2,0,0.0,3,3,0,0.0,3,3,0,0.0,0,0,0,,1,1,0,0.0,2,2,0,0.0,23,23,0,0.0,39,39,0,0.0,39,39,0,0.0,4,4,0,0.0,6,6,0,0.0,2,2,0,0.0,0,0,0,,103,103,0,0.0,21,21,0,0.0,0,0,0,
own_v1,O1,h00011,llvm_default_opt_boundary_3,bundle_pointer_opt,bundle_standard_opt_3,True,2,2,0,0.0,24,24,0,0.0,177,156,-21,-0.11864406779661017,2,2,0,0.0,3,3,0,0.0,3,3,0,0.0,0,0,0,,1,1,0,0.0,2,2,0,0.0,23,23,0,0.0,39,39,0,0.0,39,18,-21,-0.5384615384615384,4,4,0,0.0,6,6,0,0.0,2,2,0,0.0,0,0,0,,103,82,-21,-0.20388349514563106,21,21,0,0.0,0,0,0,
own_v1,O1,h00011,custom_storage_delift,bundle_standard_opt_3,bundle_storage_delift,False,2,2,0,0.0,24,24,0,0.0,156,156,0,0.0,2,2,0,0.0,3,3,0,0.0,3,3,0,0.0,0,0,0,,1,1,0,0.0,2,2,0,0.0,23,23,0,0.0,39,39,0,0.0,18,18,0,0.0,4,4,0,0.0,6,6,0,0.0,2,2,0,0.0,0,0,0,,82,82,0,0.0,21,21,0,0.0,0,0,0,
own_v1,O1,h00011,custom_residual_strip,bundle_storage_delift,bundle_residual_strip,False,2,2,0,0.0,24,24,0,0.0,156,156,0,0.0,2,2,0,0.0,3,3,0,0.0,3,3,0,0.0,0,0,0,,1,1,0,0.0,2,2,0,0.0,23,23,0,0.0,39,39,0,0.0,18,18,0,0.0,4,4,0,0.0,6,6,0,0.0,2,2,0,0.0,0,0,0,,82,82,0,0.0,21,21,0,0.0,0,0,0,
own_v1,O1,h00011,final_tail_opt_4_plus_custom_cleanup,bundle_residual_strip,final_clean,False,2,1,-1,-0.5,24,23,-1,-0.041666666666666664,156,155,-1,-0.00641025641025641,2,2,0,0.0,3,3,0,0.0,3,3,0,0.0,0,0,0,,1,1,0,0.0,2,2,0,0.0,23,23,0,0.0,39,39,0,0.0,18,18,0,0.0,4,4,0,0.0,6,6,0,0.0,2,2,0,0.0,0,0,0,,82,82,0,0.0,21,21,0,0.0,0,0,0,
own_v1,O1,h00012,main_combined_custom_plus_opt_1_2,raw_lift,brightened_main,False,26,2,-24,-0.9230769230769231,83,15,-68,-0.8192771084337349,1002,118,-884,-0.8822355289421158,26,1,-25,-0.9615384615384616,35,2,-33,-0.9428571428571428,30,2,-28,-0.9333333333333333,5,0,-5,-1.0,8,0,-8,-1.0,0,2,2,,59,13,-46,-0.7796610169491526,159,26,-133,-0.8364779874213837,5,23,18,3.6,2,2,0,0.0,4,3,-1,-0.25,0,1,1,,3,0,-3,-1.0,223,64,-159,-0.7130044843049327,317,10,-307,-0.9684542586750788,0,0,0,
own_v1,O1,h00012,bundle_exact_pointer_passes,bundle_verified_input,bundle_pointer_opt,False,2,2,0,0.0,15,15,0,0.0,118,118,0,0.0,1,1,0,0.0,2,2,0,0.0,2,2,0,0.0,0,0,0,,0,0,0,,2,2,0,0.0,13,13,0,0.0,26,26,0,0.0,23,23,0,0.0,2,2,0,0.0,3,3,0,0.0,1,1,0,0.0,0,0,0,,64,64,0,0.0,10,10,0,0.0,0,0,0,
own_v1,O1,h00012,llvm_default_opt_boundary_3,bundle_pointer_opt,bundle_standard_opt_3,True,2,2,0,0.0,15,15,0,0.0,118,108,-10,-0.0847457627118644,1,1,0,0.0,2,2,0,0.0,2,2,0,0.0,0,0,0,,0,0,0,,2,2,0,0.0,13,13,0,0.0,26,26,0,0.0,23,13,-10,-0.43478260869565216,2,2,0,0.0,3,3,0,0.0,1,1,0,0.0,0,0,0,,64,54,-10,-0.15625,10,10,0,0.0,0,0,0,
own_v1,O1,h00012,custom_storage_delift,bundle_standard_opt_3,bundle_storage_delift,False,2,2,0,0.0,15,15,0,0.0,108,108,0,0.0,1,1,0,0.0,2,2,0,0.0,2,2,0,0.0,0,0,0,,0,0,0,,2,2,0,0.0,13,13,0,0.0,26,26,0,0.0,13,13,0,0.0,2,2,0,0.0,3,3,0,0.0,1,1,0,0.0,0,0,0,,54,54,0,0.0,10,10,0,0.0,0,0,0,
own_v1,O1,h00012,custom_residual_strip,bundle_storage_delift,bundle_residual_strip,False,2,2,0,0.0,15,15,0,0.0,108,108,0,0.0,1,1,0,0.0,2,2,0,0.0,2,2,0,0.0,0,0,0,,0,0,0,,2,2,0,0.0,13,13,0,0.0,26,26,0,0.0,13,13,0,0.0,2,2,0,0.0,3,3,0,0.0,1,1,0,0.0,0,0,0,,54,54,0,0.0,10,10,0,0.0,0,0,0,
own_v1,O1,h00012,final_tail_opt_4_plus_custom_cleanup,bundle_residual_strip,final_clean,False,2,1,-1,-0.5,15,14,-1,-0.06666666666666667,108,107,-1,-0.009259259259259259,1,1,0,0.0,2,2,0,0.0,2,2,0,0.0,0,0,0,,0,0,0,,2,2,0,0.0,13,13,0,0.0,26,26,0,0.0,13,13,0,0.0,2,2,0,0.0,3,3,0,0.0,1,1,0,0.0,0,0,0,,54,54,0,0.0,10,10,0,0.0,0,0,0,
own_v1,O1,h00013,main_combined_custom_plus_opt_1_2,raw_lift,brightened_main,False,26,2,-24,-0.9230769230769231,94,18,-76,-0.8085106382978723,1005,147,-858,-0.8537313432835821,33,1,-32,-0.9696969696969697,37,3,-34,-0.918918918918919,32,3,-29,-0.90625,5,0,-5,-1.0,7,1,-6,-0.8571428571428571,0,4,4,,65,22,-43,-0.6615384615384615,191,31,-160,-0.837696335078534,5,29,24,4.8,2,0,-2,-1.0,5,4,-1,-0.2,0,1,1,,6,0,-6,-1.0,261,86,-175,-0.6704980842911877,283,10,-273,-0.9646643109540636,0,0,0,
own_v1,O1,h00013,bundle_exact_pointer_passes,bundle_verified_input,bundle_pointer_opt,False,2,2,0,0.0,18,18,0,0.0,147,147,0,0.0,1,1,0,0.0,3,3,0,0.0,3,3,0,0.0,0,0,0,,1,1,0,0.0,4,4,0,0.0,22,22,0,0.0,31,31,0,0.0,29,29,0,0.0,0,0,0,,4,4,0,0.0,1,1,0,0.0,0,0,0,,86,86,0,0.0,10,10,0,0.0,0,0,0,
own_v1,O1,h00013,llvm_default_opt_boundary_3,bundle_pointer_opt,bundle_standard_opt_3,True,2,2,0,0.0,18,18,0,0.0,147,135,-12,-0.08163265306122448,1,1,0,0.0,3,3,0,0.0,3,3,0,0.0,0,0,0,,1,1,0,0.0,4,4,0,0.0,22,22,0,0.0,31,31,0,0.0,29,17,-12,-0.41379310344827586,0,0,0,,4,4,0,0.0,1,1,0,0.0,0,0,0,,86,74,-12,-0.13953488372093023,10,10,0,0.0,0,0,0,
own_v1,O1,h00013,custom_storage_delift,bundle_standard_opt_3,bundle_storage_delift,False,2,2,0,0.0,18,18,0,0.0,135,135,0,0.0,1,1,0,0.0,3,3,0,0.0,3,3,0,0.0,0,0,0,,1,1,0,0.0,4,4,0,0.0,22,22,0,0.0,31,31,0,0.0,17,17,0,0.0,0,0,0,,4,4,0,0.0,1,1,0,0.0,0,0,0,,74,74,0,0.0,10,10,0,0.0,0,0,0,
own_v1,O1,h00013,custom_residual_strip,bundle_storage_delift,bundle_residual_strip,False,2,2,0,0.0,18,18,0,0.0,135,135,0,0.0,1,1,0,0.0,3,3,0,0.0,3,3,0,0.0,0,0,0,,1,1,0,0.0,4,4,0,0.0,22,22,0,0.0,31,31,0,0.0,17,17,0,0.0,0,0,0,,4,4,0,0.0,1,1,0,0.0,0,0,0,,74,74,0,0.0,10,10,0,0.0,0,0,0,
own_v1,O1,h00013,final_tail_opt_4_plus_custom_cleanup,bundle_residual_strip,final_clean,False,2,1,-1,-0.5,18,17,-1,-0.05555555555555555,135,134,-1,-0.007407407407407408,1,1,0,0.0,3,3,0,0.0,3,3,0,0.0,0,0,0,,1,1,0,0.0,4,4,0,0.0,22,22,0,0.0,31,31,0,0.0,17,17,0,0.0,0,0,0,,4,4,0,0.0,1,1,0,0.0,0,0,0,,74,74,0,0.0,10,10,0,0.0,0,0,0,
own_v1,O1,h00014,main_combined_custom_plus_opt_1_2,raw_lift,brightened_main,False,27,3,-24,-0.8888888888888888,151,48,-103,-0.6821192052980133,1862,1314,-548,-0.29430719656283566,61,6,-55,-0.9016393442622951,49,9,-40,-0.8163265306122449,44,9,-35,-0.7954545454545454,5,0,-5,-1.0,15,4,-11,-0.7333333333333333,0,4,4,,107,134,27,0.2523364485981308,298,701,403,1.3523489932885906,8,10,2,0.25,2,51,49,24.5,14,13,-1,-0.07142857142857142,0,4,4,,7,0,-7,-1.0,413,849,436,1.055690072639225,610,222,-388,-0.6360655737704918,0,0,0,
own_v1,O1,h00014,bundle_exact_pointer_passes,bundle_verified_input,bundle_pointer_opt,False,3,3,0,0.0,48,48,0,0.0,1314,1305,-9,-0.00684931506849315,6,6,0,0.0,9,9,0,0.0,9,9,0,0.0,0,0,0,,4,4,0,0.0,4,4,0,0.0,134,134,0,0.0,701,701,0,0.0,10,10,0,0.0,51,51,0,0.0,13,13,0,0.0,4,4,0,0.0,0,0,0,,849,849,0,0.0,222,213,-9,-0.04054054054054054,0,0,0,
own_v1,O1,h00014,llvm_default_opt_boundary_3,bundle_pointer_opt,bundle_standard_opt_3,True,3,3,0,0.0,48,48,0,0.0,1305,1189,-116,-0.08888888888888889,6,6,0,0.0,9,9,0,0.0,9,9,0,0.0,0,0,0,,4,4,0,0.0,4,4,0,0.0,134,103,-31,-0.23134328358208955,701,639,-62,-0.0884450784593438,10,10,0,0.0,51,49,-2,-0.0392156862745098,13,13,0,0.0,4,4,0,0.0,0,0,0,,849,756,-93,-0.10954063604240283,213,209,-4,-0.018779342723004695,0,0,0,
own_v1,O1,h00014,custom_storage_delift,bundle_standard_opt_3,bundle_storage_delift,False,3,3,0,0.0,48,48,0,0.0,1189,1189,0,0.0,6,6,0,0.0,9,9,0,0.0,9,9,0,0.0,0,0,0,,4,4,0,0.0,4,4,0,0.0,103,103,0,0.0,639,639,0,0.0,10,10,0,0.0,49,49,0,0.0,13,13,0,0.0,4,4,0,0.0,0,0,0,,756,756,0,0.0,209,209,0,0.0,0,0,0,
own_v1,O1,h00014,custom_residual_strip,bundle_storage_delift,bundle_residual_strip,False,3,3,0,0.0,48,48,0,0.0,1189,1189,0,0.0,6,6,0,0.0,9,9,0,0.0,9,9,0,0.0,0,0,0,,4,4,0,0.0,4,4,0,0.0,103,103,0,0.0,639,639,0,0.0,10,10,0,0.0,49,49,0,0.0,13,13,0,0.0,4,4,0,0.0,0,0,0,,756,756,0,0.0,209,209,0,0.0,0,0,0,
own_v1,O1,h00014,final_tail_opt_4_plus_custom_cleanup,bundle_residual_strip,final_clean,False,3,2,-1,-0.3333333333333333,48,47,-1,-0.020833333333333332,1189,1095,-94,-0.07905803195962995,6,6,0,0.0,9,9,0,0.0,9,9,0,0.0,0,0,0,,4,4,0,0.0,4,4,0,0.0,103,101,-2,-0.019417475728155338,639,550,-89,-0.13928012519561817,10,10,0,0.0,49,49,0,0.0,13,13,0,0.0,4,4,0,0.0,0,0,0,,756,665,-91,-0.12037037037037036,209,207,-2,-0.009569377990430622,0,0,0,
own_v1,O1,h00015,main_combined_custom_plus_opt_1_2,raw_lift,brightened_main,False,26,2,-24,-0.9230769230769231,115,28,-87,-0.7565217391304347,1242,247,-995,-0.8011272141706924,43,3,-40,-0.9302325581395349,40,10,-30,-0.75,35,10,-25,-0.7142857142857143,5,0,-5,-1.0,10,5,-5,-0.5,0,4,4,,73,25,-48,-0.6575342465753424,204,37,-167,-0.8186274509803921,5,51,46,9.2,2,3,1,0.5,9,10,1,0.1111111111111111,0,1,1,,5,2,-3,-0.6,282,117,-165,-0.5851063829787234,368,43,-325,-0.8831521739130435,0,0,0,
own_v1,O1,h00015,bundle_exact_pointer_passes,bundle_verified_input,bundle_pointer_opt,False,2,2,0,0.0,28,28,0,0.0,247,247,0,0.0,3,3,0,0.0,10,10,0,0.0,10,10,0,0.0,0,0,0,,5,5,0,0.0,4,4,0,0.0,25,25,0,0.0,37,37,0,0.0,51,53,2,0.0392156862745098,3,3,0,0.0,10,10,0,0.0,1,1,0,0.0,2,2,0,0.0,117,119,2,0.017094017094017096,43,43,0,0.0,0,0,0,
own_v1,O1,h00015,llvm_default_opt_boundary_3,bundle_pointer_opt,bundle_standard_opt_3,True,2,2,0,0.0,28,28,0,0.0,247,218,-29,-0.11740890688259109,3,3,0,0.0,10,11,1,0.1,10,11,1,0.1,0,0,0,,5,6,1,0.2,4,4,0,0.0,25,24,-1,-0.04,37,35,-2,-0.05405405405405406,53,28,-25,-0.4716981132075472,3,3,0,0.0,10,10,0,0.0,1,1,0,0.0,2,2,0,0.0,119,91,-28,-0.23529411764705882,43,42,-1,-0.023255813953488372,0,0,0,
own_v1,O1,h00015,custom_storage_delift,bundle_standard_opt_3,bundle_storage_delift,False,2,2,0,0.0,28,28,0,0.0,218,218,0,0.0,3,3,0,0.0,11,11,0,0.0,11,11,0,0.0,0,0,0,,6,6,0,0.0,4,4,0,0.0,24,24,0,0.0,35,35,0,0.0,28,28,0,0.0,3,3,0,0.0,10,10,0,0.0,1,1,0,0.0,2,2,0,0.0,91,91,0,0.0,42,42,0,0.0,0,0,0,
own_v1,O1,h00015,custom_residual_strip,bundle_storage_delift,bundle_residual_strip,False,2,2,0,0.0,28,28,0,0.0,218,218,0,0.0,3,3,0,0.0,11,11,0,0.0,11,11,0,0.0,0,0,0,,6,6,0,0.0,4,4,0,0.0,24,24,0,0.0,35,35,0,0.0,28,28,0,0.0,3,3,0,0.0,10,10,0,0.0,1,1,0,0.0,2,2,0,0.0,91,91,0,0.0,42,42,0,0.0,0,0,0,
own_v1,O1,h00015,final_tail_opt_4_plus_custom_cleanup,bundle_residual_strip,final_clean,False,2,1,-1,-0.5,28,27,-1,-0.03571428571428571,218,217,-1,-0.0045871559633027525,3,3,0,0.0,11,11,0,0.0,11,11,0,0.0,0,0,0,,6,6,0,0.0,4,4,0,0.0,24,23,-1,-0.041666666666666664,35,35,0,0.0,28,28,0,0.0,3,4,1,0.3333333333333333,10,10,0,0.0,1,1,0,0.0,2,2,0,0.0,91,90,-1,-0.01098901098901099,42,43,1,0.023809523809523808,0,0,0,
own_v1,O1,h00016,main_combined_custom_plus_opt_1_2,raw_lift,brightened_main,False,26,2,-24,-0.9230769230769231,119,32,-87,-0.7310924369747899,1276,265,-1011,-0.792319749216301,44,1,-43,-0.9772727272727273,36,8,-28,-0.7777777777777778,31,8,-23,-0.7419354838709677,5,0,-5,-1.0,8,5,-3,-0.375,0,4,4,,77,28,-49,-0.6363636363636364,195,64,-131,-0.6717948717948717,5,57,52,10.4,2,2,0,0.0,10,10,0,0.0,0,1,1,,3,0,-3,-1.0,277,153,-124,-0.44765342960288806,401,34,-367,-0.9152119700748129,0,0,0,
own_v1,O1,h00016,bundle_exact_pointer_passes,bundle_verified_input,bundle_pointer_opt,False,2,2,0,0.0,32,32,0,0.0,265,265,0,0.0,1,1,0,0.0,8,8,0,0.0,8,8,0,0.0,0,0,0,,5,5,0,0.0,4,4,0,0.0,28,28,0,0.0,64,64,0,0.0,57,57,0,0.0,2,2,0,0.0,10,10,0,0.0,1,1,0,0.0,0,0,0,,153,153,0,0.0,34,34,0,0.0,0,0,0,
own_v1,O1,h00016,llvm_default_opt_boundary_3,bundle_pointer_opt,bundle_standard_opt_3,True,2,2,0,0.0,32,32,0,0.0,265,240,-25,-0.09433962264150944,1,1,0,0.0,8,8,0,0.0,8,8,0,0.0,0,0,0,,5,5,0,0.0,4,4,0,0.0,28,28,0,0.0,64,64,0,0.0,57,32,-25,-0.43859649122807015,2,2,0,0.0,10,10,0,0.0,1,1,0,0.0,0,0,0,,153,128,-25,-0.16339869281045752,34,34,0,0.0,0,0,0,
own_v1,O1,h00016,custom_storage_delift,bundle_standard_opt_3,bundle_storage_delift,False,2,2,0,0.0,32,32,0,0.0,240,240,0,0.0,1,1,0,0.0,8,8,0,0.0,8,8,0,0.0,0,0,0,,5,5,0,0.0,4,4,0,0.0,28,28,0,0.0,64,64,0,0.0,32,32,0,0.0,2,2,0,0.0,10,10,0,0.0,1,1,0,0.0,0,0,0,,128,128,0,0.0,34,34,0,0.0,0,0,0,
own_v1,O1,h00016,custom_residual_strip,bundle_storage_delift,bundle_residual_strip,False,2,2,0,0.0,32,32,0,0.0,240,240,0,0.0,1,1,0,0.0,8,8,0,0.0,8,8,0,0.0,0,0,0,,5,5,0,0.0,4,4,0,0.0,28,28,0,0.0,64,64,0,0.0,32,32,0,0.0,2,2,0,0.0,10,10,0,0.0,1,1,0,0.0,0,0,0,,128,128,0,0.0,34,34,0,0.0,0,0,0,
own_v1,O1,h00016,final_tail_opt_4_plus_custom_cleanup,bundle_residual_strip,final_clean,False,2,1,-1,-0.5,32,31,-1,-0.03125,240,239,-1,-0.004166666666666667,1,1,0,0.0,8,8,0,0.0,8,8,0,0.0,0,0,0,,5,5,0,0.0,4,4,0,0.0,28,28,0,0.0,64,64,0,0.0,32,32,0,0.0,2,2,0,0.0,10,10,0,0.0,1,1,0,0.0,0,0,0,,128,128,0,0.0,34,34,0,0.0,0,0,0,
own_v1,O1,h00017,main_combined_custom_plus_opt_1_2,raw_lift,brightened_main,False,27,9,-18,-0.6666666666666666,113,42,-71,-0.6283185840707964,1543,1041,-502,-0.32534024627349317,42,4,-38,-0.9047619047619048,54,36,-18,-0.3333333333333333,49,34,-15,-0.30612244897959184,5,2,-3,-0.6,19,15,-4,-0.21052631578947367,0,5,5,,84,108,24,0.2857142857142857,297,436,139,0.468013468013468,4,46,42,10.5,4,33,29,7.25,12,14,2,0.16666666666666666,0,1,1,,6,0,-6,-1.0,385,595,210,0.5454545454545454,474,187,-287,-0.6054852320675106,0,0,0,
own_v1,O1,h00017,bundle_exact_pointer_passes,bundle_verified_input,bundle_pointer_opt,False,9,9,0,0.0,42,42,0,0.0,1041,1035,-6,-0.005763688760806916,4,4,0,0.0,36,36,0,0.0,34,34,0,0.0,2,2,0,0.0,15,15,0,0.0,5,5,0,0.0,108,108,0,0.0,436,436,0,0.0,46,46,0,0.0,33,29,-4,-0.12121212121212122,14,14,0,0.0,1,1,0,0.0,0,0,0,,595,595,0,0.0,187,181,-6,-0.03208556149732621,0,0,0,
own_v1,O1,h00017,llvm_default_opt_boundary_3,bundle_pointer_opt,bundle_standard_opt_3,True,9,9,0,0.0,42,42,0,0.0,1035,932,-103,-0.09951690821256039,4,4,0,0.0,36,34,-2,-0.05555555555555555,34,32,-2,-0.058823529411764705,2,2,0,0.0,15,15,0,0.0,5,5,0,0.0,108,72,-36,-0.3333333333333333,436,375,-61,-0.13990825688073394,46,46,0,0.0,29,27,-2,-0.06896551724137931,14,14,0,0.0,1,1,0,0.0,0,0,0,,595,498,-97,-0.16302521008403362,181,177,-4,-0.022099447513812154,0,0,0,
own_v1,O1,h00017,custom_storage_delift,bundle_standard_opt_3,bundle_storage_delift,False,9,9,0,0.0,42,42,0,0.0,932,932,0,0.0,4,4,0,0.0,34,34,0,0.0,32,32,0,0.0,2,2,0,0.0,15,15,0,0.0,5,5,0,0.0,72,72,0,0.0,375,375,0,0.0,46,46,0,0.0,27,27,0,0.0,14,14,0,0.0,1,1,0,0.0,0,0,0,,498,498,0,0.0,177,177,0,0.0,0,0,0,
own_v1,O1,h00017,custom_residual_strip,bundle_storage_delift,bundle_residual_strip,False,9,9,0,0.0,42,42,0,0.0,932,932,0,0.0,4,4,0,0.0,34,34,0,0.0,32,32,0,0.0,2,2,0,0.0,15,15,0,0.0,5,5,0,0.0,72,72,0,0.0,375,375,0,0.0,46,46,0,0.0,27,27,0,0.0,14,14,0,0.0,1,1,0,0.0,0,0,0,,498,498,0,0.0,177,177,0,0.0,0,0,0,
own_v1,O1,h00017,final_tail_opt_4_plus_custom_cleanup,bundle_residual_strip,final_clean,False,9,9,0,0.0,42,42,0,0.0,932,866,-66,-0.07081545064377683,4,4,0,0.0,34,33,-1,-0.029411764705882353,32,31,-1,-0.03125,2,2,0,0.0,15,14,-1,-0.06666666666666667,5,5,0,0.0,72,72,0,0.0,375,319,-56,-0.14933333333333335,46,46,0,0.0,27,27,0,0.0,14,14,0,0.0,1,1,0,0.0,0,0,0,,498,442,-56,-0.11244979919678715,177,174,-3,-0.01694915254237288,0,0,0,
own_v1,O1,h00018,main_combined_custom_plus_opt_1_2,raw_lift,brightened_main,False,27,9,-18,-0.6666666666666666,152,63,-89,-0.5855263157894737,1539,1108,-431,-0.28005198180636776,60,4,-56,-0.9333333333333333,36,14,-22,-0.6111111111111112,31,12,-19,-0.6129032258064516,5,2,-3,-0.6,7,5,-2,-0.2857142857142857,0,1,1,,96,93,-3,-0.03125,230,602,372,1.617391304347826,5,66,61,12.2,2,39,37,18.5,16,19,3,0.1875,0,1,1,,3,0,-3,-1.0,331,762,431,1.3021148036253776,504,151,-353,-0.7003968253968254,0,0,0,
own_v1,O1,h00018,bundle_exact_pointer_passes,bundle_verified_input,bundle_pointer_opt,False,9,9,0,0.0,63,63,0,0.0,1108,1080,-28,-0.02527075812274368,4,4,0,0.0,14,14,0,0.0,12,12,0,0.0,2,2,0,0.0,5,5,0,0.0,1,1,0,0.0,93,93,0,0.0,602,602,0,0.0,66,66,0,0.0,39,30,-9,-0.23076923076923078,19,19,0,0.0,1,1,0,0.0,0,0,0,,762,762,0,0.0,151,129,-22,-0.1456953642384106,0,0,0,
own_v1,O1,h00018,llvm_default_opt_boundary_3,bundle_pointer_opt,bundle_standard_opt_3,True,9,9,0,0.0,63,63,0,0.0,1080,1056,-24,-0.022222222222222223,4,4,0,0.0,14,14,0,0.0,12,12,0,0.0,2,2,0,0.0,5,5,0,0.0,1,1,0,0.0,93,84,-9,-0.0967741935483871,602,587,-15,-0.024916943521594685,66,66,0,0.0,30,30,0,0.0,19,19,0,0.0,1,1,0,0.0,0,0,0,,762,738,-24,-0.031496062992125984,129,129,0,0.0,0,0,0,
own_v1,O1,h00018,custom_storage_delift,bundle_standard_opt_3,bundle_storage_delift,False,9,9,0,0.0,63,63,0,0.0,1056,1056,0,0.0,4,4,0,0.0,14,14,0,0.0,12,12,0,0.0,2,2,0,0.0,5,5,0,0.0,1,1,0,0.0,84,84,0,0.0,587,587,0,0.0,66,66,0,0.0,30,30,0,0.0,19,19,0,0.0,1,1,0,0.0,0,0,0,,738,738,0,0.0,129,129,0,0.0,0,0,0,
own_v1,O1,h00018,custom_residual_strip,bundle_storage_delift,bundle_residual_strip,False,9,9,0,0.0,63,63,0,0.0,1056,1056,0,0.0,4,4,0,0.0,14,14,0,0.0,12,12,0,0.0,2,2,0,0.0,5,5,0,0.0,1,1,0,0.0,84,84,0,0.0,587,587,0,0.0,66,66,0,0.0,30,30,0,0.0,19,19,0,0.0,1,1,0,0.0,0,0,0,,738,738,0,0.0,129,129,0,0.0,0,0,0,
own_v1,O1,h00018,final_tail_opt_4_plus_custom_cleanup,bundle_residual_strip,final_clean,False,9,9,0,0.0,63,63,0,0.0,1056,873,-183,-0.17329545454545456,4,4,0,0.0,14,14,0,0.0,12,12,0,0.0,2,2,0,0.0,5,5,0,0.0,1,1,0,0.0,84,84,0,0.0,587,404,-183,-0.31175468483816016,66,66,0,0.0,30,30,0,0.0,19,19,0,0.0,1,1,0,0.0,0,0,0,,738,555,-183,-0.24796747967479674,129,129,0,0.0,0,0,0,
own_v1,O1,h00019,main_combined_custom_plus_opt_1_2,raw_lift,brightened_main,False,26,2,-24,-0.9230769230769231,133,39,-94,-0.706766917293233,1355,313,-1042,-0.7690036900369004,51,1,-50,-0.9803921568627451,36,8,-28,-0.7777777777777778,31,8,-23,-0.7419354838709677,5,0,-5,-1.0,8,5,-3,-0.375,0,5,5,,86,37,-49,-0.5697674418604651,203,74,-129,-0.6354679802955665,5,68,63,12.6,2,2,0,0.0,13,13,0,0.0,0,1,1,,3,0,-3,-1.0,294,184,-110,-0.3741496598639456,412,42,-370,-0.8980582524271845,0,0,0,
own_v1,O1,h00019,bundle_exact_pointer_passes,bundle_verified_input,bundle_pointer_opt,False,2,2,0,0.0,39,39,0,0.0,313,313,0,0.0,1,1,0,0.0,8,8,0,0.0,8,8,0,0.0,0,0,0,,5,5,0,0.0,5,5,0,0.0,37,37,0,0.0,74,74,0,0.0,68,68,0,0.0,2,2,0,0.0,13,13,0,0.0,1,1,0,0.0,0,0,0,,184,184,0,0.0,42,42,0,0.0,0,0,0,
own_v1,O1,h00019,llvm_default_opt_boundary_3,bundle_pointer_opt,bundle_standard_opt_3,True,2,2,0,0.0,39,39,0,0.0,313,279,-34,-0.10862619808306709,1,1,0,0.0,8,8,0,0.0,8,8,0,0.0,0,0,0,,5,5,0,0.0,5,5,0,0.0,37,37,0,0.0,74,74,0,0.0,68,34,-34,-0.5,2,2,0,0.0,13,13,0,0.0,1,1,0,0.0,0,0,0,,184,150,-34,-0.18478260869565216,42,42,0,0.0,0,0,0,
own_v1,O1,h00019,custom_storage_delift,bundle_standard_opt_3,bundle_storage_delift,False,2,2,0,0.0,39,39,0,0.0,279,279,0,0.0,1,1,0,0.0,8,8,0,0.0,8,8,0,0.0,0,0,0,,5,5,0,0.0,5,5,0,0.0,37,37,0,0.0,74,74,0,0.0,34,34,0,0.0,2,2,0,0.0,13,13,0,0.0,1,1,0,0.0,0,0,0,,150,150,0,0.0,42,42,0,0.0,0,0,0,
own_v1,O1,h00019,custom_residual_strip,bundle_storage_delift,bundle_residual_strip,False,2,2,0,0.0,39,39,0,0.0,279,279,0,0.0,1,1,0,0.0,8,8,0,0.0,8,8,0,0.0,0,0,0,,5,5,0,0.0,5,5,0,0.0,37,37,0,0.0,74,74,0,0.0,34,34,0,0.0,2,2,0,0.0,13,13,0,0.0,1,1,0,0.0,0,0,0,,150,150,0,0.0,42,42,0,0.0,0,0,0,
own_v1,O1,h00019,final_tail_opt_4_plus_custom_cleanup,bundle_residual_strip,final_clean,False,2,1,-1,-0.5,39,38,-1,-0.02564102564102564,279,278,-1,-0.0035842293906810036,1,1,0,0.0,8,8,0,0.0,8,8,0,0.0,0,0,0,,5,5,0,0.0,5,5,0,0.0,37,37,0,0.0,74,74,0,0.0,34,34,0,0.0,2,2,0,0.0,13,13,0,0.0,1,1,0,0.0,0,0,0,,150,150,0,0.0,42,42,0,0.0,0,0,0,
own_v1,O1,h00020,main_combined_custom_plus_opt_1_2,raw_lift,brightened_main,False,28,8,-20,-0.7142857142857143,119,47,-72,-0.6050420168067226,1505,1099,-406,-0.26976744186046514,44,8,-36,-0.8181818181818182,49,17,-32,-0.6530612244897959,44,15,-29,-0.6590909090909091,5,2,-3,-0.6,14,7,-7,-0.5,0,2,2,,82,140,58,0.7073170731707317,260,554,294,1.1307692307692307,5,39,34,6.8,2,39,37,18.5,9,10,1,0.1111111111111111,0,1,1,,5,0,-5,-1.0,347,735,388,1.1181556195965419,479,162,-317,-0.6617954070981211,0,0,0,
own_v1,O1,h00020,bundle_exact_pointer_passes,bundle_verified_input,bundle_pointer_opt,False,8,8,0,0.0,47,47,0,0.0,1099,1097,-2,-0.0018198362147406734,8,8,0,0.0,17,17,0,0.0,15,15,0,0.0,2,2,0,0.0,7,7,0,0.0,2,2,0,0.0,140,140,0,0.0,554,554,0,0.0,39,39,0,0.0,39,37,-2,-0.05128205128205128,10,10,0,0.0,1,1,0,0.0,0,0,0,,735,735,0,0.0,162,160,-2,-0.012345679012345678,0,0,0,
own_v1,O1,h00020,llvm_default_opt_boundary_3,bundle_pointer_opt,bundle_standard_opt_3,True,8,8,0,0.0,47,47,0,0.0,1097,958,-139,-0.1267092069279854,8,8,0,0.0,17,17,0,0.0,15,15,0,0.0,2,2,0,0.0,7,7,0,0.0,2,2,0,0.0,140,93,-47,-0.3357142857142857,554,464,-90,-0.1624548736462094,39,39,0,0.0,37,35,-2,-0.05405405405405406,10,10,0,0.0,1,1,0,0.0,0,0,0,,735,598,-137,-0.18639455782312925,160,158,-2,-0.0125,0,0,0,
own_v1,O1,h00020,custom_storage_delift,bundle_standard_opt_3,bundle_storage_delift,False,8,8,0,0.0,47,47,0,0.0,958,958,0,0.0,8,8,0,0.0,17,17,0,0.0,15,15,0,0.0,2,2,0,0.0,7,7,0,0.0,2,2,0,0.0,93,93,0,0.0,464,464,0,0.0,39,39,0,0.0,35,35,0,0.0,10,10,0,0.0,1,1,0,0.0,0,0,0,,598,598,0,0.0,158,158,0,0.0,0,0,0,
own_v1,O1,h00020,custom_residual_strip,bundle_storage_delift,bundle_residual_strip,False,8,8,0,0.0,47,47,0,0.0,958,958,0,0.0,8,8,0,0.0,17,17,0,0.0,15,15,0,0.0,2,2,0,0.0,7,7,0,0.0,2,2,0,0.0,93,93,0,0.0,464,464,0,0.0,39,39,0,0.0,35,35,0,0.0,10,10,0,0.0,1,1,0,0.0,0,0,0,,598,598,0,0.0,158,158,0,0.0,0,0,0,
own_v1,O1,h00020,final_tail_opt_4_plus_custom_cleanup,bundle_residual_strip,final_clean,False,8,8,0,0.0,47,47,0,0.0,958,869,-89,-0.09290187891440502,8,8,0,0.0,17,17,0,0.0,15,15,0,0.0,2,2,0,0.0,7,7,0,0.0,2,2,0,0.0,93,92,-1,-0.010752688172043012,464,382,-82,-0.17672413793103448,39,39,0,0.0,35,35,0,0.0,10,10,0,0.0,1,1,0,0.0,0,0,0,,598,515,-83,-0.13879598662207357,158,156,-2,-0.012658227848101266,0,0,0,
own_v1,O1,h00021,main_combined_custom_plus_opt_1_2,raw_lift,brightened_main,False,27,8,-19,-0.7037037037037037,110,44,-66,-0.6,1529,863,-666,-0.4355788096795291,39,8,-31,-0.7948717948717948,58,19,-39,-0.6724137931034483,53,17,-36,-0.6792452830188679,5,2,-3,-0.6,22,5,-17,-0.7727272727272727,0,1,1,,85,111,26,0.3058823529411765,322,360,38,0.11801242236024845,4,44,40,10.0,4,31,27,6.75,12,20,8,0.6666666666666666,0,2,2,,3,0,-3,-1.0,411,516,105,0.25547445255474455,466,154,-312,-0.6695278969957081,0,0,0,
own_v1,O1,h00021,bundle_exact_pointer_passes,bundle_verified_input,bundle_pointer_opt,False,8,8,0,0.0,44,44,0,0.0,863,849,-14,-0.016222479721900347,8,8,0,0.0,19,19,0,0.0,17,17,0,0.0,2,2,0,0.0,5,5,0,0.0,1,1,0,0.0,111,111,0,0.0,360,360,0,0.0,44,44,0,0.0,31,25,-6,-0.1935483870967742,20,20,0,0.0,2,2,0,0.0,0,0,0,,516,516,0,0.0,154,140,-14,-0.09090909090909091,0,0,0,
own_v1,O1,h00021,llvm_default_opt_boundary_3,bundle_pointer_opt,bundle_standard_opt_3,True,8,8,0,0.0,44,44,0,0.0,849,757,-92,-0.10836277974087162,8,8,0,0.0,19,19,0,0.0,17,17,0,0.0,2,2,0,0.0,5,5,0,0.0,1,1,0,0.0,111,71,-40,-0.36036036036036034,360,308,-52,-0.14444444444444443,44,44,0,0.0,25,25,0,0.0,20,20,0,0.0,2,2,0,0.0,0,0,0,,516,424,-92,-0.17829457364341086,140,140,0,0.0,0,0,0,
own_v1,O1,h00021,custom_storage_delift,bundle_standard_opt_3,bundle_storage_delift,False,8,8,0,0.0,44,44,0,0.0,757,757,0,0.0,8,8,0,0.0,19,19,0,0.0,17,17,0,0.0,2,2,0,0.0,5,5,0,0.0,1,1,0,0.0,71,71,0,0.0,308,308,0,0.0,44,44,0,0.0,25,25,0,0.0,20,20,0,0.0,2,2,0,0.0,0,0,0,,424,424,0,0.0,140,140,0,0.0,0,0,0,
own_v1,O1,h00021,custom_residual_strip,bundle_storage_delift,bundle_residual_strip,False,8,8,0,0.0,44,44,0,0.0,757,757,0,0.0,8,8,0,0.0,19,19,0,0.0,17,17,0,0.0,2,2,0,0.0,5,5,0,0.0,1,1,0,0.0,71,71,0,0.0,308,308,0,0.0,44,44,0,0.0,25,25,0,0.0,20,20,0,0.0,2,2,0,0.0,0,0,0,,424,424,0,0.0,140,140,0,0.0,0,0,0,
own_v1,O1,h00021,final_tail_opt_4_plus_custom_cleanup,bundle_residual_strip,final_clean,False,8,8,0,0.0,44,44,0,0.0,757,713,-44,-0.05812417437252312,8,8,0,0.0,19,18,-1,-0.05263157894736842,17,16,-1,-0.058823529411764705,2,2,0,0.0,5,4,-1,-0.2,1,1,0,0.0,71,71,0,0.0,308,274,-34,-0.11038961038961038,44,44,0,0.0,25,25,0,0.0,20,20,0,0.0,2,2,0,0.0,0,0,0,,424,390,-34,-0.08018867924528301,140,137,-3,-0.02142857142857143,0,0,0,
own_v1,O1,h00022,main_combined_custom_plus_opt_1_2,raw_lift,brightened_main,False,27,3,-24,-0.8888888888888888,58,10,-48,-0.8275862068965517,693,467,-226,-0.32611832611832614,13,1,-12,-0.9230769230769231,39,9,-30,-0.7692307692307693,34,9,-25,-0.7352941176470589,5,0,-5,-1.0,9,5,-4,-0.4444444444444444,0,2,2,,55,75,20,0.36363636363636365,174,218,44,0.25287356321839083,6,9,3,0.5,2,14,12,6.0,2,1,-1,-0.5,0,1,1,,4,0,-4,-1.0,235,304,69,0.2936170212765957,158,71,-87,-0.5506329113924051,0,0,0,
own_v1,O1,h00022,bundle_exact_pointer_passes,bundle_verified_input,bundle_pointer_opt,False,3,3,0,0.0,10,10,0,0.0,467,467,0,0.0,1,1,0,0.0,9,9,0,0.0,9,9,0,0.0,0,0,0,,5,5,0,0.0,2,2,0,0.0,75,75,0,0.0,218,218,0,0.0,9,9,0,0.0,14,14,0,0.0,1,1,0,0.0,1,1,0,0.0,0,0,0,,304,304,0,0.0,71,71,0,0.0,0,0,0,
own_v1,O1,h00022,llvm_default_opt_boundary_3,bundle_pointer_opt,bundle_standard_opt_3,True,3,3,0,0.0,10,10,0,0.0,467,375,-92,-0.19700214132762311,1,1,0,0.0,9,9,0,0.0,9,9,0,0.0,0,0,0,,5,5,0,0.0,2,2,0,0.0,75,37,-38,-0.5066666666666667,218,169,-49,-0.22477064220183487,9,9,0,0.0,14,13,-1,-0.07142857142857142,1,1,0,0.0,1,1,0,0.0,0,0,0,,304,217,-87,-0.28618421052631576,71,68,-3,-0.04225352112676056,0,0,0,
own_v1,O1,h00022,custom_storage_delift,bundle_standard_opt_3,bundle_storage_delift,False,3,3,0,0.0,10,10,0,0.0,375,375,0,0.0,1,1,0,0.0,9,9,0,0.0,9,9,0,0.0,0,0,0,,5,5,0,0.0,2,2,0,0.0,37,37,0,0.0,169,169,0,0.0,9,9,0,0.0,13,13,0,0.0,1,1,0,0.0,1,1,0,0.0,0,0,0,,217,217,0,0.0,68,68,0,0.0,0,0,0,
own_v1,O1,h00022,custom_residual_strip,bundle_storage_delift,bundle_residual_strip,False,3,3,0,0.0,10,10,0,0.0,375,375,0,0.0,1,1,0,0.0,9,9,0,0.0,9,9,0,0.0,0,0,0,,5,5,0,0.0,2,2,0,0.0,37,37,0,0.0,169,169,0,0.0,9,9,0,0.0,13,13,0,0.0,1,1,0,0.0,1,1,0,0.0,0,0,0,,217,217,0,0.0,68,68,0,0.0,0,0,0,
own_v1,O1,h00022,final_tail_opt_4_plus_custom_cleanup,bundle_residual_strip,final_clean,False,3,2,-1,-0.3333333333333333,10,9,-1,-0.1,375,217,-158,-0.42133333333333334,1,1,0,0.0,9,4,-5,-0.5555555555555556,9,4,-5,-0.5555555555555556,0,0,0,,5,0,-5,-1.0,2,2,0,0.0,37,25,-12,-0.32432432432432434,169,105,-64,-0.378698224852071,9,9,0,0.0,13,7,-6,-0.46153846153846156,1,1,0,0.0,1,1,0,0.0,0,0,0,,217,141,-76,-0.35023041474654376,68,26,-42,-0.6176470588235294,0,0,0,
own_v1,O1,h00023,main_combined_custom_plus_opt_1_2,raw_lift,brightened_main,False,26,2,-24,-0.9230769230769231,128,34,-94,-0.734375,1402,316,-1086,-0.7746077032810271,49,2,-47,-0.9591836734693877,38,9,-29,-0.7631578947368421,33,9,-24,-0.7272727272727273,5,0,-5,-1.0,9,5,-4,-0.4444444444444444,0,4,4,,86,38,-48,-0.5581395348837209,214,43,-171,-0.7990654205607477,5,72,67,13.4,2,3,1,0.5,11,12,1,0.09090909090909091,0,1,1,,4,1,-3,-0.75,305,157,-148,-0.4852459016393443,421,50,-371,-0.8812351543942993,0,0,0,
own_v1,O1,h00023,bundle_exact_pointer_passes,bundle_verified_input,bundle_pointer_opt,False,2,2,0,0.0,34,34,0,0.0,316,316,0,0.0,2,2,0,0.0,9,9,0,0.0,9,9,0,0.0,0,0,0,,5,5,0,0.0,4,4,0,0.0,38,38,0,0.0,43,43,0,0.0,72,79,7,0.09722222222222222,3,3,0,0.0,12,12,0,0.0,1,1,0,0.0,1,1,0,0.0,157,164,7,0.044585987261146494,50,50,0,0.0,0,0,0,
own_v1,O1,h00023,llvm_default_opt_boundary_3,bundle_pointer_opt,bundle_standard_opt_3,True,2,2,0,0.0,34,34,0,0.0,316,284,-32,-0.10126582278481013,2,2,0,0.0,9,9,0,0.0,9,9,0,0.0,0,0,0,,5,5,0,0.0,4,4,0,0.0,38,38,0,0.0,43,43,0,0.0,79,47,-32,-0.4050632911392405,3,3,0,0.0,12,12,0,0.0,1,1,0,0.0,1,1,0,0.0,164,132,-32,-0.1951219512195122,50,50,0,0.0,0,0,0,
own_v1,O1,h00023,custom_storage_delift,bundle_standard_opt_3,bundle_storage_delift,False,2,2,0,0.0,34,34,0,0.0,284,284,0,0.0,2,2,0,0.0,9,9,0,0.0,9,9,0,0.0,0,0,0,,5,5,0,0.0,4,4,0,0.0,38,38,0,0.0,43,43,0,0.0,47,47,0,0.0,3,3,0,0.0,12,12,0,0.0,1,1,0,0.0,1,1,0,0.0,132,132,0,0.0,50,50,0,0.0,0,0,0,
own_v1,O1,h00023,custom_residual_strip,bundle_storage_delift,bundle_residual_strip,False,2,2,0,0.0,34,34,0,0.0,284,284,0,0.0,2,2,0,0.0,9,9,0,0.0,9,9,0,0.0,0,0,0,,5,5,0,0.0,4,4,0,0.0,38,38,0,0.0,43,43,0,0.0,47,47,0,0.0,3,3,0,0.0,12,12,0,0.0,1,1,0,0.0,1,1,0,0.0,132,132,0,0.0,50,50,0,0.0,0,0,0,
own_v1,O1,h00023,final_tail_opt_4_plus_custom_cleanup,bundle_residual_strip,final_clean,False,2,1,-1,-0.5,34,33,-1,-0.029411764705882353,284,276,-8,-0.028169014084507043,2,2,0,0.0,9,9,0,0.0,9,9,0,0.0,0,0,0,,5,5,0,0.0,4,4,0,0.0,38,37,-1,-0.02631578947368421,43,43,0,0.0,47,40,-7,-0.14893617021276595,3,4,1,0.3333333333333333,12,12,0,0.0,1,1,0,0.0,1,1,0,0.0,132,124,-8,-0.06060606060606061,50,51,1,0.02,0,0,0,
own_v1,O1,h00024,main_combined_custom_plus_opt_1_2,raw_lift,brightened_main,False,27,9,-18,-0.6666666666666666,90,30,-60,-0.6666666666666666,1107,683,-424,-0.3830171635049684,29,2,-27,-0.9310344827586207,41,14,-27,-0.6585365853658537,36,12,-24,-0.6666666666666666,5,2,-3,-0.6,11,4,-7,-0.6363636363636364,0,1,1,,77,91,14,0.18181818181818182,203,319,116,0.5714285714285714,5,29,24,4.8,2,32,30,15.0,5,6,1,0.2,0,1,1,,3,0,-3,-1.0,285,440,155,0.543859649122807,326,113,-213,-0.6533742331288344,0,0,0,
own_v1,O1,h00024,bundle_exact_pointer_passes,bundle_verified_input,bundle_pointer_opt,False,9,9,0,0.0,30,30,0,0.0,683,670,-13,-0.01903367496339678,2,2,0,0.0,14,14,0,0.0,12,12,0,0.0,2,2,0,0.0,4,4,0,0.0,1,1,0,0.0,91,91,0,0.0,319,319,0,0.0,29,29,0,0.0,32,26,-6,-0.1875,6,6,0,0.0,1,1,0,0.0,0,0,0,,440,440,0,0.0,113,103,-10,-0.08849557522123894,0,0,0,
own_v1,O1,h00024,llvm_default_opt_boundary_3,bundle_pointer_opt,bundle_standard_opt_3,True,9,9,0,0.0,30,30,0,0.0,670,618,-52,-0.07761194029850746,2,2,0,0.0,14,14,0,0.0,12,12,0,0.0,2,2,0,0.0,4,4,0,0.0,1,1,0,0.0,91,71,-20,-0.21978021978021978,319,287,-32,-0.10031347962382445,29,29,0,0.0,26,26,0,0.0,6,6,0,0.0,1,1,0,0.0,0,0,0,,440,388,-52,-0.11818181818181818,103,103,0,0.0,0,0,0,
own_v1,O1,h00024,custom_storage_delift,bundle_standard_opt_3,bundle_storage_delift,False,9,9,0,0.0,30,30,0,0.0,618,618,0,0.0,2,2,0,0.0,14,14,0,0.0,12,12,0,0.0,2,2,0,0.0,4,4,0,0.0,1,1,0,0.0,71,71,0,0.0,287,287,0,0.0,29,29,0,0.0,26,26,0,0.0,6,6,0,0.0,1,1,0,0.0,0,0,0,,388,388,0,0.0,103,103,0,0.0,0,0,0,
own_v1,O1,h00024,custom_residual_strip,bundle_storage_delift,bundle_residual_strip,False,9,9,0,0.0,30,30,0,0.0,618,618,0,0.0,2,2,0,0.0,14,14,0,0.0,12,12,0,0.0,2,2,0,0.0,4,4,0,0.0,1,1,0,0.0,71,71,0,0.0,287,287,0,0.0,29,29,0,0.0,26,26,0,0.0,6,6,0,0.0,1,1,0,0.0,0,0,0,,388,388,0,0.0,103,103,0,0.0,0,0,0,
own_v1,O1,h00024,final_tail_opt_4_plus_custom_cleanup,bundle_residual_strip,final_clean,False,9,9,0,0.0,30,30,0,0.0,618,576,-42,-0.06796116504854369,2,2,0,0.0,14,14,0,0.0,12,12,0,0.0,2,2,0,0.0,4,4,0,0.0,1,1,0,0.0,71,71,0,0.0,287,245,-42,-0.14634146341463414,29,29,0,0.0,26,26,0,0.0,6,6,0,0.0,1,1,0,0.0,0,0,0,,388,346,-42,-0.10824742268041238,103,103,0,0.0,0,0,0,
own_v1,O1,h00025,main_combined_custom_plus_opt_1_2,raw_lift,brightened_main,False,27,8,-19,-0.7037037037037037,115,42,-73,-0.6347826086956522,1278,963,-315,-0.24647887323943662,43,5,-38,-0.8837209302325582,41,12,-29,-0.7073170731707317,36,10,-26,-0.7222222222222222,5,2,-3,-0.6,9,4,-5,-0.5555555555555556,0,2,2,,79,111,32,0.4050632911392405,234,532,298,1.2735042735042734,5,47,42,8.4,3,43,40,13.333333333333334,9,10,1,0.1111111111111111,1,2,1,1.0,5,0,-5,-1.0,318,692,374,1.1761006289308176,384,126,-258,-0.671875,0,0,0,
own_v1,O1,h00025,bundle_exact_pointer_passes,bundle_verified_input,bundle_pointer_opt,False,8,8,0,0.0,42,42,0,0.0,963,954,-9,-0.009345794392523364,5,5,0,0.0,12,12,0,0.0,10,10,0,0.0,2,2,0,0.0,4,4,0,0.0,2,2,0,0.0,111,111,0,0.0,532,532,0,0.0,47,47,0,0.0,43,37,-6,-0.13953488372093023,10,10,0,0.0,2,2,0,0.0,0,0,0,,692,692,0,0.0,126,118,-8,-0.06349206349206349,0,0,0,
own_v1,O1,h00025,llvm_default_opt_boundary_3,bundle_pointer_opt,bundle_standard_opt_3,True,8,8,0,0.0,42,42,0,0.0,954,848,-106,-0.1111111111111111,5,5,0,0.0,12,12,0,0.0,10,10,0,0.0,2,2,0,0.0,4,4,0,0.0,2,2,0,0.0,111,78,-33,-0.2972972972972973,532,461,-71,-0.13345864661654136,47,47,0,0.0,37,35,-2,-0.05405405405405406,10,10,0,0.0,2,2,0,0.0,0,0,0,,692,588,-104,-0.15028901734104047,118,116,-2,-0.01694915254237288,0,0,0,
own_v1,O1,h00025,custom_storage_delift,bundle_standard_opt_3,bundle_storage_delift,False,8,8,0,0.0,42,42,0,0.0,848,848,0,0.0,5,5,0,0.0,12,12,0,0.0,10,10,0,0.0,2,2,0,0.0,4,4,0,0.0,2,2,0,0.0,78,78,0,0.0,461,461,0,0.0,47,47,0,0.0,35,35,0,0.0,10,10,0,0.0,2,2,0,0.0,0,0,0,,588,588,0,0.0,116,116,0,0.0,0,0,0,
own_v1,O1,h00025,custom_residual_strip,bundle_storage_delift,bundle_residual_strip,False,8,8,0,0.0,42,42,0,0.0,848,848,0,0.0,5,5,0,0.0,12,12,0,0.0,10,10,0,0.0,2,2,0,0.0,4,4,0,0.0,2,2,0,0.0,78,78,0,0.0,461,461,0,0.0,47,47,0,0.0,35,35,0,0.0,10,10,0,0.0,2,2,0,0.0,0,0,0,,588,588,0,0.0,116,116,0,0.0,0,0,0,
own_v1,O1,h00025,final_tail_opt_4_plus_custom_cleanup,bundle_residual_strip,final_clean,False,8,8,0,0.0,42,42,0,0.0,848,736,-112,-0.1320754716981132,5,5,0,0.0,12,12,0,0.0,10,10,0,0.0,2,2,0,0.0,4,4,0,0.0,2,2,0,0.0,78,78,0,0.0,461,349,-112,-0.24295010845986983,47,47,0,0.0,35,35,0,0.0,10,10,0,0.0,2,2,0,0.0,0,0,0,,588,476,-112,-0.19047619047619047,116,116,0,0.0,0,0,0,
own_v1,O1,h00026,main_combined_custom_plus_opt_1_2,raw_lift,brightened_main,False,27,9,-18,-0.6666666666666666,184,81,-103,-0.5597826086956522,1718,1386,-332,-0.19324796274738068,76,6,-70,-0.9210526315789473,37,17,-20,-0.5405405405405406,32,15,-17,-0.53125,5,2,-3,-0.6,7,8,1,0.14285714285714285,0,3,3,,109,119,10,0.09174311926605505,257,770,513,1.9961089494163424,4,94,90,22.5,2,37,35,17.5,22,23,1,0.045454545454545456,0,2,2,,3,0,-3,-1.0,370,986,616,1.664864864864865,539,168,-371,-0.6883116883116883,0,0,0,
own_v1,O1,h00026,bundle_exact_pointer_passes,bundle_verified_input,bundle_pointer_opt,False,9,9,0,0.0,81,81,0,0.0,1386,1360,-26,-0.01875901875901876,6,6,0,0.0,17,17,0,0.0,15,15,0,0.0,2,2,0,0.0,8,8,0,0.0,3,3,0,0.0,119,118,-1,-0.008403361344537815,770,769,-1,-0.0012987012987012987,94,93,-1,-0.010638297872340425,37,31,-6,-0.16216216216216217,23,23,0,0.0,2,2,0,0.0,0,0,0,,986,983,-3,-0.0030425963488843813,168,146,-22,-0.13095238095238096,0,0,0,
own_v1,O1,h00026,llvm_default_opt_boundary_3,bundle_pointer_opt,bundle_standard_opt_3,True,9,8,-1,-0.1111111111111111,81,79,-2,-0.024691358024691357,1360,1286,-74,-0.054411764705882354,6,6,0,0.0,17,17,0,0.0,15,15,0,0.0,2,2,0,0.0,8,9,1,0.125,3,3,0,0.0,118,91,-27,-0.2288135593220339,769,734,-35,-0.045513654096228866,93,90,-3,-0.03225806451612903,31,31,0,0.0,23,21,-2,-0.08695652173913043,2,2,0,0.0,0,0,0,,983,918,-65,-0.06612410986775177,146,140,-6,-0.0410958904109589,0,0,0,
own_v1,O1,h00026,custom_storage_delift,bundle_standard_opt_3,bundle_storage_delift,False,8,8,0,0.0,79,79,0,0.0,1286,1286,0,0.0,6,6,0,0.0,17,17,0,0.0,15,15,0,0.0,2,2,0,0.0,9,9,0,0.0,3,3,0,0.0,91,91,0,0.0,734,734,0,0.0,90,90,0,0.0,31,31,0,0.0,21,21,0,0.0,2,2,0,0.0,0,0,0,,918,918,0,0.0,140,140,0,0.0,0,0,0,
own_v1,O1,h00026,custom_residual_strip,bundle_storage_delift,bundle_residual_strip,False,8,8,0,0.0,79,79,0,0.0,1286,1286,0,0.0,6,6,0,0.0,17,17,0,0.0,15,15,0,0.0,2,2,0,0.0,9,9,0,0.0,3,3,0,0.0,91,91,0,0.0,734,734,0,0.0,90,90,0,0.0,31,31,0,0.0,21,21,0,0.0,2,2,0,0.0,0,0,0,,918,918,0,0.0,140,140,0,0.0,0,0,0,
own_v1,O1,h00026,final_tail_opt_4_plus_custom_cleanup,bundle_residual_strip,final_clean,False,8,1,-7,-0.875,79,67,-12,-0.1518987341772152,1286,876,-410,-0.3188180404354588,6,5,-1,-0.16666666666666666,17,12,-5,-0.29411764705882354,15,12,-3,-0.2,2,0,-2,-1.0,9,8,-1,-0.1111111111111111,3,3,0,0.0,91,73,-18,-0.1978021978021978,734,395,-339,-0.46185286103542234,90,88,-2,-0.022222222222222223,31,20,-11,-0.3548387096774194,21,21,0,0.0,2,2,0,0.0,0,0,0,,918,559,-359,-0.39106753812636164,140,117,-23,-0.16428571428571428,0,0,0,
own_v1,O1,h00027,main_combined_custom_plus_opt_1_2,raw_lift,brightened_main,False,27,9,-18,-0.6666666666666666,186,82,-104,-0.5591397849462365,1746,1339,-407,-0.23310423825887744,77,6,-71,-0.922077922077922,40,24,-16,-0.4,35,22,-13,-0.37142857142857144,5,2,-3,-0.6,8,9,1,0.125,0,3,3,,110,138,28,0.2545454545454545,274,697,423,1.5437956204379562,4,88,84,21.0,2,37,35,17.5,21,22,1,0.047619047619047616,0,3,3,,3,0,-3,-1.0,388,926,538,1.3865979381443299,553,176,-377,-0.6817359855334539,0,0,0,
own_v1,O1,h00027,bundle_exact_pointer_passes,bundle_verified_input,bundle_pointer_opt,False,9,9,0,0.0,82,82,0,0.0,1339,1310,-29,-0.021657953696788648,6,6,0,0.0,24,24,0,0.0,22,22,0,0.0,2,2,0,0.0,9,9,0,0.0,3,3,0,0.0,138,136,-2,-0.014492753623188406,697,696,-1,-0.0014347202295552368,88,87,-1,-0.011363636363636364,37,31,-6,-0.16216216216216217,22,22,0,0.0,3,3,0,0.0,0,0,0,,926,922,-4,-0.004319654427645789,176,152,-24,-0.13636363636363635,0,0,0,
own_v1,O1,h00027,llvm_default_opt_boundary_3,bundle_pointer_opt,bundle_standard_opt_3,True,9,9,0,0.0,82,82,0,0.0,1310,1227,-83,-0.0633587786259542,6,6,0,0.0,24,23,-1,-0.041666666666666664,22,21,-1,-0.045454545454545456,2,2,0,0.0,9,9,0,0.0,3,3,0,0.0,136,95,-41,-0.3014705882352941,696,656,-40,-0.05747126436781609,87,87,0,0.0,31,31,0,0.0,22,22,0,0.0,3,3,0,0.0,0,0,0,,922,841,-81,-0.0878524945770065,152,151,-1,-0.006578947368421052,0,0,0,
own_v1,O1,h00027,custom_storage_delift,bundle_standard_opt_3,bundle_storage_delift,False,9,9,0,0.0,82,82,0,0.0,1227,1227,0,0.0,6,6,0,0.0,23,23,0,0.0,21,21,0,0.0,2,2,0,0.0,9,9,0,0.0,3,3,0,0.0,95,95,0,0.0,656,656,0,0.0,87,87,0,0.0,31,31,0,0.0,22,22,0,0.0,3,3,0,0.0,0,0,0,,841,841,0,0.0,151,151,0,0.0,0,0,0,
own_v1,O1,h00027,custom_residual_strip,bundle_storage_delift,bundle_residual_strip,False,9,9,0,0.0,82,82,0,0.0,1227,1227,0,0.0,6,6,0,0.0,23,23,0,0.0,21,21,0,0.0,2,2,0,0.0,9,9,0,0.0,3,3,0,0.0,95,95,0,0.0,656,656,0,0.0,87,87,0,0.0,31,31,0,0.0,22,22,0,0.0,3,3,0,0.0,0,0,0,,841,841,0,0.0,151,151,0,0.0,0,0,0,
own_v1,O1,h00027,final_tail_opt_4_plus_custom_cleanup,bundle_residual_strip,final_clean,False,9,9,0,0.0,82,82,0,0.0,1227,1045,-182,-0.14832925835370822,6,6,0,0.0,23,21,-2,-0.08695652173913043,21,19,-2,-0.09523809523809523,2,2,0,0.0,9,9,0,0.0,3,3,0,0.0,95,94,-1,-0.010526315789473684,656,492,-164,-0.25,87,89,2,0.022988505747126436,31,28,-3,-0.0967741935483871,22,22,0,0.0,3,3,0,0.0,0,0,0,,841,678,-163,-0.1938168846611177,151,138,-13,-0.08609271523178808,0,0,0,
own_v1,O1,h00028,main_combined_custom_plus_opt_1_2,raw_lift,brightened_main,False,26,2,-24,-0.9230769230769231,171,59,-112,-0.6549707602339181,1802,517,-1285,-0.7130965593784684,70,2,-68,-0.9714285714285714,36,9,-27,-0.75,31,9,-22,-0.7096774193548387,5,0,-5,-1.0,8,6,-2,-0.25,0,5,5,,126,67,-59,-0.46825396825396826,253,111,-142,-0.5612648221343873,5,101,96,19.2,2,2,0,0.0,21,20,-1,-0.047619047619047616,0,2,2,,3,0,-3,-1.0,384,284,-100,-0.2604166666666667,594,86,-508,-0.8552188552188552,0,0,0,
own_v1,O1,h00028,bundle_exact_pointer_passes,bundle_verified_input,bundle_pointer_opt,False,2,2,0,0.0,59,59,0,0.0,517,517,0,0.0,2,2,0,0.0,9,9,0,0.0,9,9,0,0.0,0,0,0,,6,6,0,0.0,5,5,0,0.0,67,67,0,0.0,111,111,0,0.0,101,101,0,0.0,2,2,0,0.0,20,20,0,0.0,2,2,0,0.0,0,0,0,,284,284,0,0.0,86,86,0,0.0,0,0,0,
own_v1,O1,h00028,llvm_default_opt_boundary_3,bundle_pointer_opt,bundle_standard_opt_3,True,2,2,0,0.0,59,59,0,0.0,517,454,-63,-0.1218568665377176,2,2,0,0.0,9,9,0,0.0,9,9,0,0.0,0,0,0,,6,6,0,0.0,5,5,0,0.0,67,67,0,0.0,111,111,0,0.0,101,45,-56,-0.5544554455445545,2,2,0,0.0,20,20,0,0.0,2,2,0,0.0,0,0,0,,284,228,-56,-0.19718309859154928,86,86,0,0.0,0,0,0,
own_v1,O1,h00028,custom_storage_delift,bundle_standard_opt_3,bundle_storage_delift,False,2,2,0,0.0,59,59,0,0.0,454,454,0,0.0,2,2,0,0.0,9,9,0,0.0,9,9,0,0.0,0,0,0,,6,6,0,0.0,5,5,0,0.0,67,67,0,0.0,111,111,0,0.0,45,45,0,0.0,2,2,0,0.0,20,20,0,0.0,2,2,0,0.0,0,0,0,,228,228,0,0.0,86,86,0,0.0,0,0,0,
own_v1,O1,h00028,custom_residual_strip,bundle_storage_delift,bundle_residual_strip,False,2,2,0,0.0,59,59,0,0.0,454,454,0,0.0,2,2,0,0.0,9,9,0,0.0,9,9,0,0.0,0,0,0,,6,6,0,0.0,5,5,0,0.0,67,67,0,0.0,111,111,0,0.0,45,45,0,0.0,2,2,0,0.0,20,20,0,0.0,2,2,0,0.0,0,0,0,,228,228,0,0.0,86,86,0,0.0,0,0,0,
own_v1,O1,h00028,final_tail_opt_4_plus_custom_cleanup,bundle_residual_strip,final_clean,False,2,1,-1,-0.5,59,58,-1,-0.01694915254237288,454,452,-2,-0.004405286343612335,2,2,0,0.0,9,9,0,0.0,9,9,0,0.0,0,0,0,,6,6,0,0.0,5,5,0,0.0,67,67,0,0.0,111,110,-1,-0.009009009009009009,45,45,0,0.0,2,2,0,0.0,20,20,0,0.0,2,2,0,0.0,0,0,0,,228,227,-1,-0.0043859649122807015,86,86,0,0.0,0,0,0,
own_v1,O1,h00029,main_combined_custom_plus_opt_1_2,raw_lift,brightened_main,False,28,10,-18,-0.6428571428571429,184,90,-94,-0.5108695652173914,2035,1961,-74,-0.03636363636363636,75,17,-58,-0.7733333333333333,51,41,-10,-0.19607843137254902,46,39,-7,-0.15217391304347827,5,2,-3,-0.6,15,18,3,0.2,0,6,6,,143,190,47,0.32867132867132864,337,1022,685,2.0326409495548963,6,106,100,16.666666666666668,2,45,43,21.5,19,29,10,0.5263157894736842,0,6,6,,3,0,-3,-1.0,486,1324,838,1.7242798353909465,650,285,-365,-0.5615384615384615,0,0,0,
own_v1,O1,h00029,bundle_exact_pointer_passes,bundle_verified_input,bundle_pointer_opt,False,10,10,0,0.0,90,90,0,0.0,1961,1956,-5,-0.0025497195308516064,17,17,0,0.0,41,41,0,0.0,39,39,0,0.0,2,2,0,0.0,18,18,0,0.0,6,6,0,0.0,190,190,0,0.0,1022,1022,0,0.0,106,106,0,0.0,45,45,0,0.0,29,29,0,0.0,6,6,0,0.0,0,0,0,,1324,1324,0,0.0,285,280,-5,-0.017543859649122806,0,0,0,
own_v1,O1,h00029,llvm_default_opt_boundary_3,bundle_pointer_opt,bundle_standard_opt_3,True,10,10,0,0.0,90,90,0,0.0,1956,1831,-125,-0.06390593047034765,17,17,0,0.0,41,41,0,0.0,39,39,0,0.0,2,2,0,0.0,18,18,0,0.0,6,6,0,0.0,190,144,-46,-0.24210526315789474,1022,944,-78,-0.07632093933463796,106,106,0,0.0,45,45,0,0.0,29,29,0,0.0,6,6,0,0.0,0,0,0,,1324,1200,-124,-0.09365558912386707,280,280,0,0.0,0,0,0,
own_v1,O1,h00029,custom_storage_delift,bundle_standard_opt_3,bundle_storage_delift,False,10,10,0,0.0,90,90,0,0.0,1831,1831,0,0.0,17,17,0,0.0,41,41,0,0.0,39,39,0,0.0,2,2,0,0.0,18,18,0,0.0,6,6,0,0.0,144,144,0,0.0,944,944,0,0.0,106,106,0,0.0,45,45,0,0.0,29,29,0,0.0,6,6,0,0.0,0,0,0,,1200,1200,0,0.0,280,280,0,0.0,0,0,0,
own_v1,O1,h00029,custom_residual_strip,bundle_storage_delift,bundle_residual_strip,False,10,10,0,0.0,90,90,0,0.0,1831,1831,0,0.0,17,17,0,0.0,41,41,0,0.0,39,39,0,0.0,2,2,0,0.0,18,18,0,0.0,6,6,0,0.0,144,144,0,0.0,944,944,0,0.0,106,106,0,0.0,45,45,0,0.0,29,29,0,0.0,6,6,0,0.0,0,0,0,,1200,1200,0,0.0,280,280,0,0.0,0,0,0,
own_v1,O1,h00029,final_tail_opt_4_plus_custom_cleanup,bundle_residual_strip,final_clean,False,10,10,0,0.0,90,90,0,0.0,1831,1691,-140,-0.0764609503003823,17,17,0,0.0,41,41,0,0.0,39,39,0,0.0,2,2,0,0.0,18,18,0,0.0,6,6,0,0.0,144,138,-6,-0.041666666666666664,944,813,-131,-0.13877118644067796,106,106,0,0.0,45,45,0,0.0,29,29,0,0.0,6,6,0,0.0,0,0,0,,1200,1063,-137,-0.11416666666666667,280,278,-2,-0.007142857142857143,0,0,0,
own_v1,O1,h00030,main_combined_custom_plus_opt_1_2,raw_lift,brightened_main,False,26,2,-24,-0.9230769230769231,239,93,-146,-0.6108786610878661,2132,616,-1516,-0.7110694183864915,104,2,-102,-0.9807692307692307,38,4,-34,-0.8947368421052632,33,4,-29,-0.8787878787878788,5,0,-5,-1.0,9,0,-9,-1.0,0,4,4,,130,81,-49,-0.3769230769230769,304,128,-176,-0.5789473684210527,5,99,94,18.8,2,0,-2,-1.0,31,30,-1,-0.03225806451612903,0,2,2,,3,0,-3,-1.0,439,312,-127,-0.28929384965831434,691,94,-597,-0.8639652677279306,0,0,0,
own_v1,O1,h00030,bundle_exact_pointer_passes,bundle_verified_input,bundle_pointer_opt,False,2,2,0,0.0,93,93,0,0.0,616,616,0,0.0,2,2,0,0.0,4,4,0,0.0,4,4,0,0.0,0,0,0,,0,0,0,,4,4,0,0.0,81,81,0,0.0,128,128,0,0.0,99,99,0,0.0,0,0,0,,30,30,0,0.0,2,2,0,0.0,0,0,0,,312,312,0,0.0,94,94,0,0.0,0,0,0,
own_v1,O1,h00030,llvm_default_opt_boundary_3,bundle_pointer_opt,bundle_standard_opt_3,True,2,2,0,0.0,93,93,0,0.0,616,548,-68,-0.11038961038961038,2,2,0,0.0,4,4,0,0.0,4,4,0,0.0,0,0,0,,0,0,0,,4,4,0,0.0,81,81,0,0.0,128,128,0,0.0,99,37,-62,-0.6262626262626263,0,0,0,,30,30,0,0.0,2,2,0,0.0,0,0,0,,312,250,-62,-0.1987179487179487,94,94,0,0.0,0,0,0,
own_v1,O1,h00030,custom_storage_delift,bundle_standard_opt_3,bundle_storage_delift,False,2,2,0,0.0,93,93,0,0.0,548,548,0,0.0,2,2,0,0.0,4,4,0,0.0,4,4,0,0.0,0,0,0,,0,0,0,,4,4,0,0.0,81,81,0,0.0,128,128,0,0.0,37,37,0,0.0,0,0,0,,30,30,0,0.0,2,2,0,0.0,0,0,0,,250,250,0,0.0,94,94,0,0.0,0,0,0,
own_v1,O1,h00030,custom_residual_strip,bundle_storage_delift,bundle_residual_strip,False,2,2,0,0.0,93,93,0,0.0,548,548,0,0.0,2,2,0,0.0,4,4,0,0.0,4,4,0,0.0,0,0,0,,0,0,0,,4,4,0,0.0,81,81,0,0.0,128,128,0,0.0,37,37,0,0.0,0,0,0,,30,30,0,0.0,2,2,0,0.0,0,0,0,,250,250,0,0.0,94,94,0,0.0,0,0,0,
own_v1,O1,h00030,final_tail_opt_4_plus_custom_cleanup,bundle_residual_strip,final_clean,False,2,1,-1,-0.5,93,92,-1,-0.010752688172043012,548,547,-1,-0.0018248175182481751,2,2,0,0.0,4,4,0,0.0,4,4,0,0.0,0,0,0,,0,0,0,,4,4,0,0.0,81,81,0,0.0,128,128,0,0.0,37,37,0,0.0,0,0,0,,30,30,0,0.0,2,2,0,0.0,0,0,0,,250,250,0,0.0,94,94,0,0.0,0,0,0,
own_v1,O1,h00031,main_combined_custom_plus_opt_1_2,raw_lift,brightened_main,False,27,8,-19,-0.7037037037037037,164,73,-91,-0.5548780487804879,1769,1310,-459,-0.2594686263425664,66,10,-56,-0.8484848484848485,47,19,-28,-0.5957446808510638,42,17,-25,-0.5952380952380952,5,2,-3,-0.6,14,8,-6,-0.42857142857142855,0,2,2,,107,125,18,0.16822429906542055,298,699,401,1.3456375838926173,5,71,66,13.2,2,39,37,18.5,17,22,5,0.29411764705882354,0,4,4,,3,0,-3,-1.0,410,897,487,1.1878048780487804,567,184,-383,-0.6754850088183422,0,0,0,
own_v1,O1,h00031,bundle_exact_pointer_passes,bundle_verified_input,bundle_pointer_opt,False,8,8,0,0.0,73,73,0,0.0,1310,1291,-19,-0.01450381679389313,10,10,0,0.0,19,19,0,0.0,17,17,0,0.0,2,2,0,0.0,8,8,0,0.0,2,2,0,0.0,125,124,-1,-0.008,699,699,0,0.0,71,70,-1,-0.014084507042253521,39,33,-6,-0.15384615384615385,22,22,0,0.0,4,4,0,0.0,0,0,0,,897,895,-2,-0.002229654403567447,184,168,-16,-0.08695652173913043,0,0,0,
own_v1,O1,h00031,llvm_default_opt_boundary_3,bundle_pointer_opt,bundle_standard_opt_3,True,8,8,0,0.0,73,73,0,0.0,1291,1213,-78,-0.060418280402788536,10,10,0,0.0,19,19,0,0.0,17,17,0,0.0,2,2,0,0.0,8,8,0,0.0,2,2,0,0.0,124,88,-36,-0.2903225806451613,699,657,-42,-0.060085836909871244,70,70,0,0.0,33,33,0,0.0,22,22,0,0.0,4,4,0,0.0,0,0,0,,895,817,-78,-0.08715083798882682,168,168,0,0.0,0,0,0,
own_v1,O1,h00031,custom_storage_delift,bundle_standard_opt_3,bundle_storage_delift,False,8,8,0,0.0,73,73,0,0.0,1213,1213,0,0.0,10,10,0,0.0,19,19,0,0.0,17,17,0,0.0,2,2,0,0.0,8,8,0,0.0,2,2,0,0.0,88,88,0,0.0,657,657,0,0.0,70,70,0,0.0,33,33,0,0.0,22,22,0,0.0,4,4,0,0.0,0,0,0,,817,817,0,0.0,168,168,0,0.0,0,0,0,
own_v1,O1,h00031,custom_residual_strip,bundle_storage_delift,bundle_residual_strip,False,8,8,0,0.0,73,73,0,0.0,1213,1213,0,0.0,10,10,0,0.0,19,19,0,0.0,17,17,0,0.0,2,2,0,0.0,8,8,0,0.0,2,2,0,0.0,88,88,0,0.0,657,657,0,0.0,70,70,0,0.0,33,33,0,0.0,22,22,0,0.0,4,4,0,0.0,0,0,0,,817,817,0,0.0,168,168,0,0.0,0,0,0,
own_v1,O1,h00031,final_tail_opt_4_plus_custom_cleanup,bundle_residual_strip,final_clean,False,8,8,0,0.0,73,73,0,0.0,1213,1126,-87,-0.0717230008244023,10,10,0,0.0,19,19,0,0.0,17,17,0,0.0,2,2,0,0.0,8,8,0,0.0,2,2,0,0.0,88,88,0,0.0,657,570,-87,-0.1324200913242009,70,70,0,0.0,33,33,0,0.0,22,22,0,0.0,4,4,0,0.0,0,0,0,,817,730,-87,-0.10648714810281518,168,168,0,0.0,0,0,0,
own_v1,O1,h00032,main_combined_custom_plus_opt_1_2,raw_lift,brightened_main,False,26,9,-17,-0.6538461538461539,163,70,-93,-0.5705521472392638,1389,924,-465,-0.3347732181425486,66,5,-61,-0.9242424242424242,34,12,-22,-0.6470588235294118,29,10,-19,-0.6551724137931034,5,2,-3,-0.6,7,4,-3,-0.42857142857142855,0,1,1,,84,75,-9,-0.10714285714285714,219,499,280,1.278538812785388,5,57,52,10.4,2,37,35,17.5,18,19,1,0.05555555555555555,0,2,2,,3,0,-3,-1.0,308,632,324,1.051948051948052,464,138,-326,-0.7025862068965517,0,0,0,
own_v1,O1,h00032,bundle_exact_pointer_passes,bundle_verified_input,bundle_pointer_opt,False,9,9,0,0.0,70,70,0,0.0,924,883,-41,-0.044372294372294376,5,5,0,0.0,12,12,0,0.0,10,10,0,0.0,2,2,0,0.0,4,4,0,0.0,1,1,0,0.0,75,75,0,0.0,499,499,0,0.0,57,57,0,0.0,37,28,-9,-0.24324324324324326,19,19,0,0.0,2,2,0,0.0,0,0,0,,632,632,0,0.0,138,110,-28,-0.2028985507246377,0,0,0,
own_v1,O1,h00032,llvm_default_opt_boundary_3,bundle_pointer_opt,bundle_standard_opt_3,True,9,9,0,0.0,70,70,0,0.0,883,857,-26,-0.02944507361268403,5,5,0,0.0,12,12,0,0.0,10,10,0,0.0,2,2,0,0.0,4,4,0,0.0,1,1,0,0.0,75,65,-10,-0.13333333333333333,499,483,-16,-0.03206412825651302,57,57,0,0.0,28,28,0,0.0,19,19,0,0.0,2,2,0,0.0,0,0,0,,632,606,-26,-0.04113924050632911,110,110,0,0.0,0,0,0,
own_v1,O1,h00032,custom_storage_delift,bundle_standard_opt_3,bundle_storage_delift,False,9,9,0,0.0,70,70,0,0.0,857,857,0,0.0,5,5,0,0.0,12,12,0,0.0,10,10,0,0.0,2,2,0,0.0,4,4,0,0.0,1,1,0,0.0,65,65,0,0.0,483,483,0,0.0,57,57,0,0.0,28,28,0,0.0,19,19,0,0.0,2,2,0,0.0,0,0,0,,606,606,0,0.0,110,110,0,0.0,0,0,0,
own_v1,O1,h00032,custom_residual_strip,bundle_storage_delift,bundle_residual_strip,False,9,9,0,0.0,70,70,0,0.0,857,857,0,0.0,5,5,0,0.0,12,12,0,0.0,10,10,0,0.0,2,2,0,0.0,4,4,0,0.0,1,1,0,0.0,65,65,0,0.0,483,483,0,0.0,57,57,0,0.0,28,28,0,0.0,19,19,0,0.0,2,2,0,0.0,0,0,0,,606,606,0,0.0,110,110,0,0.0,0,0,0,
own_v1,O1,h00032,final_tail_opt_4_plus_custom_cleanup,bundle_residual_strip,final_clean,False,9,9,0,0.0,70,70,0,0.0,857,734,-123,-0.14352392065344224,5,5,0,0.0,12,12,0,0.0,10,10,0,0.0,2,2,0,0.0,4,4,0,0.0,1,1,0,0.0,65,65,0,0.0,483,360,-123,-0.2546583850931677,57,57,0,0.0,28,28,0,0.0,19,19,0,0.0,2,2,0,0.0,0,0,0,,606,483,-123,-0.20297029702970298,110,110,0,0.0,0,0,0,
own_v1,O1,h00033,main_combined_custom_plus_opt_1_2,raw_lift,brightened_main,False,27,9,-18,-0.6666666666666666,147,62,-85,-0.5782312925170068,1750,1426,-324,-0.18514285714285714,58,6,-52,-0.896551724137931,49,34,-15,-0.30612244897959184,44,32,-12,-0.2727272727272727,5,2,-3,-0.6,16,13,-3,-0.1875,0,5,5,,116,137,21,0.1810344827586207,308,696,388,1.2597402597402598,4,48,44,11.0,4,33,29,7.25,18,20,2,0.1111111111111111,0,2,2,,4,0,-4,-1.0,428,886,458,1.0700934579439252,548,248,-300,-0.5474452554744526,0,0,0,
own_v1,O1,h00033,bundle_exact_pointer_passes,bundle_verified_input,bundle_pointer_opt,False,9,9,0,0.0,62,62,0,0.0,1426,1419,-7,-0.004908835904628331,6,6,0,0.0,34,34,0,0.0,32,32,0,0.0,2,2,0,0.0,13,13,0,0.0,5,5,0,0.0,137,137,0,0.0,696,696,0,0.0,48,48,0,0.0,33,29,-4,-0.12121212121212122,20,20,0,0.0,2,2,0,0.0,0,0,0,,886,886,0,0.0,248,241,-7,-0.028225806451612902,0,0,0,
own_v1,O1,h00033,llvm_default_opt_boundary_3,bundle_pointer_opt,bundle_standard_opt_3,True,9,9,0,0.0,62,62,0,0.0,1419,1293,-126,-0.08879492600422834,6,6,0,0.0,34,32,-2,-0.058823529411764705,32,30,-2,-0.0625,2,2,0,0.0,13,13,0,0.0,5,5,0,0.0,137,103,-34,-0.24817518248175183,696,610,-86,-0.1235632183908046,48,48,0,0.0,29,27,-2,-0.06896551724137931,20,20,0,0.0,2,2,0,0.0,0,0,0,,886,766,-120,-0.13544018058690746,241,237,-4,-0.016597510373443983,0,0,0,
own_v1,O1,h00033,custom_storage_delift,bundle_standard_opt_3,bundle_storage_delift,False,9,9,0,0.0,62,62,0,0.0,1293,1293,0,0.0,6,6,0,0.0,32,32,0,0.0,30,30,0,0.0,2,2,0,0.0,13,13,0,0.0,5,5,0,0.0,103,103,0,0.0,610,610,0,0.0,48,48,0,0.0,27,27,0,0.0,20,20,0,0.0,2,2,0,0.0,0,0,0,,766,766,0,0.0,237,237,0,0.0,0,0,0,
own_v1,O1,h00033,custom_residual_strip,bundle_storage_delift,bundle_residual_strip,False,9,9,0,0.0,62,62,0,0.0,1293,1293,0,0.0,6,6,0,0.0,32,32,0,0.0,30,30,0,0.0,2,2,0,0.0,13,13,0,0.0,5,5,0,0.0,103,103,0,0.0,610,610,0,0.0,48,48,0,0.0,27,27,0,0.0,20,20,0,0.0,2,2,0,0.0,0,0,0,,766,766,0,0.0,237,237,0,0.0,0,0,0,
own_v1,O1,h00033,final_tail_opt_4_plus_custom_cleanup,bundle_residual_strip,final_clean,False,9,9,0,0.0,62,62,0,0.0,1293,1136,-157,-0.1214230471771075,6,6,0,0.0,32,31,-1,-0.03125,30,29,-1,-0.03333333333333333,2,2,0,0.0,13,12,-1,-0.07692307692307693,5,5,0,0.0,103,103,0,0.0,610,463,-147,-0.24098360655737705,48,48,0,0.0,27,27,0,0.0,20,20,0,0.0,2,2,0,0.0,0,0,0,,766,619,-147,-0.1919060052219321,237,234,-3,-0.012658227848101266,0,0,0,
own_v1,O1,h00034,main_combined_custom_plus_opt_1_2,raw_lift,brightened_main,False,32,9,-23,-0.71875,171,71,-100,-0.5847953216374269,1816,1640,-176,-0.09691629955947137,67,5,-62,-0.9253731343283582,55,25,-30,-0.5454545454545454,50,23,-27,-0.54,5,2,-3,-0.6,15,6,-9,-0.6,0,1,1,,122,134,12,0.09836065573770492,323,954,631,1.9535603715170278,4,88,84,21.0,2,39,37,18.5,17,28,11,0.6470588235294118,0,2,2,,3,0,-3,-1.0,449,1177,728,1.621380846325167,568,209,-359,-0.6320422535211268,0,0,0,
own_v1,O1,h00034,bundle_exact_pointer_passes,bundle_verified_input,bundle_pointer_opt,False,9,9,0,0.0,71,71,0,0.0,1640,1640,0,0.0,5,5,0,0.0,25,25,0,0.0,23,23,0,0.0,2,2,0,0.0,6,6,0,0.0,1,1,0,0.0,134,134,0,0.0,954,954,0,0.0,88,88,0,0.0,39,39,0,0.0,28,28,0,0.0,2,2,0,0.0,0,0,0,,1177,1177,0,0.0,209,209,0,0.0,0,0,0,
own_v1,O1,h00034,llvm_default_opt_boundary_3,bundle_pointer_opt,bundle_standard_opt_3,True,9,9,0,0.0,71,71,0,0.0,1640,1616,-24,-0.014634146341463415,5,5,0,0.0,25,25,0,0.0,23,23,0,0.0,2,2,0,0.0,6,6,0,0.0,1,1,0,0.0,134,125,-9,-0.06716417910447761,954,939,-15,-0.015723270440251572,88,88,0,0.0,39,39,0,0.0,28,28,0,0.0,2,2,0,0.0,0,0,0,,1177,1153,-24,-0.020390824129141887,209,209,0,0.0,0,0,0,
own_v1,O1,h00034,custom_storage_delift,bundle_standard_opt_3,bundle_storage_delift,False,9,9,0,0.0,71,71,0,0.0,1616,1616,0,0.0,5,5,0,0.0,25,25,0,0.0,23,23,0,0.0,2,2,0,0.0,6,6,0,0.0,1,1,0,0.0,125,125,0,0.0,939,939,0,0.0,88,88,0,0.0,39,39,0,0.0,28,28,0,0.0,2,2,0,0.0,0,0,0,,1153,1153,0,0.0,209,209,0,0.0,0,0,0,
own_v1,O1,h00034,custom_residual_strip,bundle_storage_delift,bundle_residual_strip,False,9,9,0,0.0,71,71,0,0.0,1616,1616,0,0.0,5,5,0,0.0,25,25,0,0.0,23,23,0,0.0,2,2,0,0.0,6,6,0,0.0,1,1,0,0.0,125,125,0,0.0,939,939,0,0.0,88,88,0,0.0,39,39,0,0.0,28,28,0,0.0,2,2,0,0.0,0,0,0,,1153,1153,0,0.0,209,209,0,0.0,0,0,0,
own_v1,O1,h00034,final_tail_opt_4_plus_custom_cleanup,bundle_residual_strip,final_clean,False,9,9,0,0.0,71,71,0,0.0,1616,1307,-309,-0.19121287128712872,5,5,0,0.0,25,25,0,0.0,23,23,0,0.0,2,2,0,0.0,6,6,0,0.0,1,1,0,0.0,125,123,-2,-0.016,939,647,-292,-0.3109691160809372,88,87,-1,-0.011363636363636364,39,36,-3,-0.07692307692307693,28,28,0,0.0,2,2,0,0.0,0,0,0,,1153,858,-295,-0.25585429314830876,209,198,-11,-0.05263157894736842,0,0,0,
own_v1,O1,h00035,main_combined_custom_plus_opt_1_2,raw_lift,brightened_main,False,30,11,-19,-0.6333333333333333,138,53,-85,-0.6159420289855072,1621,1192,-429,-0.2646514497223936,51,5,-46,-0.9019607843137255,44,25,-19,-0.4318181818181818,38,22,-16,-0.42105263157894735,6,3,-3,-0.5,11,10,-1,-0.09090909090909091,0,4,4,,115,136,21,0.1826086956521739,250,601,351,1.404,7,67,60,8.571428571428571,2,41,39,19.5,11,14,3,0.2727272727272727,0,3,3,,3,0,-3,-1.0,372,808,436,1.1720430107526882,483,168,-315,-0.6521739130434783,0,0,0,
own_v1,O1,h00035,bundle_exact_pointer_passes,bundle_verified_input,bundle_pointer_opt,False,11,11,0,0.0,53,53,0,0.0,1192,1176,-16,-0.013422818791946308,5,5,0,0.0,25,25,0,0.0,22,22,0,0.0,3,3,0,0.0,10,10,0,0.0,4,4,0,0.0,136,135,-1,-0.007352941176470588,601,601,0,0.0,67,66,-1,-0.014925373134328358,41,35,-6,-0.14634146341463414,14,14,0,0.0,3,3,0,0.0,0,0,0,,808,806,-2,-0.0024752475247524753,168,158,-10,-0.05952380952380952,0,0,0,
own_v1,O1,h00035,llvm_default_opt_boundary_3,bundle_pointer_opt,bundle_standard_opt_3,True,11,11,0,0.0,53,53,0,0.0,1176,1062,-114,-0.09693877551020408,5,5,0,0.0,25,25,0,0.0,22,22,0,0.0,3,3,0,0.0,10,10,0,0.0,4,4,0,0.0,135,108,-27,-0.2,601,514,-87,-0.1447587354409318,66,66,0,0.0,35,35,0,0.0,14,14,0,0.0,3,3,0,0.0,0,0,0,,806,692,-114,-0.141439205955335,158,158,0,0.0,0,0,0,
own_v1,O1,h00035,custom_storage_delift,bundle_standard_opt_3,bundle_storage_delift,False,11,11,0,0.0,53,53,0,0.0,1062,1062,0,0.0,5,5,0,0.0,25,25,0,0.0,22,22,0,0.0,3,3,0,0.0,10,10,0,0.0,4,4,0,0.0,108,108,0,0.0,514,514,0,0.0,66,66,0,0.0,35,35,0,0.0,14,14,0,0.0,3,3,0,0.0,0,0,0,,692,692,0,0.0,158,158,0,0.0,0,0,0,
own_v1,O1,h00035,custom_residual_strip,bundle_storage_delift,bundle_residual_strip,False,11,11,0,0.0,53,53,0,0.0,1062,1062,0,0.0,5,5,0,0.0,25,25,0,0.0,22,22,0,0.0,3,3,0,0.0,10,10,0,0.0,4,4,0,0.0,108,108,0,0.0,514,514,0,0.0,66,66,0,0.0,35,35,0,0.0,14,14,0,0.0,3,3,0,0.0,0,0,0,,692,692,0,0.0,158,158,0,0.0,0,0,0,
own_v1,O1,h00035,final_tail_opt_4_plus_custom_cleanup,bundle_residual_strip,final_clean,False,11,11,0,0.0,53,53,0,0.0,1062,959,-103,-0.09698681732580038,5,5,0,0.0,25,25,0,0.0,22,22,0,0.0,3,3,0,0.0,10,10,0,0.0,4,4,0,0.0,108,102,-6,-0.05555555555555555,514,417,-97,-0.188715953307393,66,66,0,0.0,35,35,0,0.0,14,14,0,0.0,3,3,0,0.0,0,0,0,,692,589,-103,-0.14884393063583815,158,158,0,0.0,0,0,0,
own_v1,O1,h00036,main_combined_custom_plus_opt_1_2,raw_lift,brightened_main,False,26,2,-24,-0.9230769230769231,83,16,-67,-0.8072289156626506,1004,120,-884,-0.8804780876494024,26,1,-25,-0.9615384615384616,35,3,-32,-0.9142857142857143,30,3,-27,-0.9,5,0,-5,-1.0,8,1,-7,-0.875,0,1,1,,58,12,-46,-0.7931034482758621,161,27,-134,-0.8322981366459627,4,25,21,5.25,4,5,1,0.25,7,4,-3,-0.42857142857142855,0,1,1,,3,0,-3,-1.0,223,65,-158,-0.7085201793721974,314,18,-296,-0.9426751592356688,0,0,0,
own_v1,O1,h00036,bundle_exact_pointer_passes,bundle_verified_input,bundle_pointer_opt,False,2,2,0,0.0,16,16,0,0.0,120,120,0,0.0,1,1,0,0.0,3,3,0,0.0,3,3,0,0.0,0,0,0,,1,1,0,0.0,1,1,0,0.0,12,12,0,0.0,27,27,0,0.0,25,25,0,0.0,5,5,0,0.0,4,4,0,0.0,1,1,0,0.0,0,0,0,,65,65,0,0.0,18,18,0,0.0,0,0,0,
own_v1,O1,h00036,llvm_default_opt_boundary_3,bundle_pointer_opt,bundle_standard_opt_3,True,2,2,0,0.0,16,16,0,0.0,120,110,-10,-0.08333333333333333,1,1,0,0.0,3,3,0,0.0,3,3,0,0.0,0,0,0,,1,1,0,0.0,1,1,0,0.0,12,12,0,0.0,27,27,0,0.0,25,15,-10,-0.4,5,5,0,0.0,4,4,0,0.0,1,1,0,0.0,0,0,0,,65,55,-10,-0.15384615384615385,18,18,0,0.0,0,0,0,
own_v1,O1,h00036,custom_storage_delift,bundle_standard_opt_3,bundle_storage_delift,False,2,2,0,0.0,16,16,0,0.0,110,110,0,0.0,1,1,0,0.0,3,3,0,0.0,3,3,0,0.0,0,0,0,,1,1,0,0.0,1,1,0,0.0,12,12,0,0.0,27,27,0,0.0,15,15,0,0.0,5,5,0,0.0,4,4,0,0.0,1,1,0,0.0,0,0,0,,55,55,0,0.0,18,18,0,0.0,0,0,0,
own_v1,O1,h00036,custom_residual_strip,bundle_storage_delift,bundle_residual_strip,False,2,2,0,0.0,16,16,0,0.0,110,110,0,0.0,1,1,0,0.0,3,3,0,0.0,3,3,0,0.0,0,0,0,,1,1,0,0.0,1,1,0,0.0,12,12,0,0.0,27,27,0,0.0,15,15,0,0.0,5,5,0,0.0,4,4,0,0.0,1,1,0,0.0,0,0,0,,55,55,0,0.0,18,18,0,0.0,0,0,0,
own_v1,O1,h00036,final_tail_opt_4_plus_custom_cleanup,bundle_residual_strip,final_clean,False,2,1,-1,-0.5,16,15,-1,-0.0625,110,109,-1,-0.00909090909090909,1,1,0,0.0,3,3,0,0.0,3,3,0,0.0,0,0,0,,1,1,0,0.0,1,1,0,0.0,12,12,0,0.0,27,27,0,0.0,15,15,0,0.0,5,5,0,0.0,4,4,0,0.0,1,1,0,0.0,0,0,0,,55,55,0,0.0,18,18,0,0.0,0,0,0,
own_v1,O1,h00037,main_combined_custom_plus_opt_1_2,raw_lift,brightened_main,False,28,9,-19,-0.6785714285714286,96,33,-63,-0.65625,1123,735,-388,-0.3455031166518255,33,4,-29,-0.8787878787878788,43,16,-27,-0.627906976744186,38,14,-24,-0.631578947368421,5,2,-3,-0.6,10,5,-5,-0.5,0,1,1,,79,96,17,0.21518987341772153,215,357,142,0.6604651162790698,7,29,22,3.142857142857143,4,38,34,8.5,5,6,1,0.2,2,3,1,0.5,4,0,-4,-1.0,301,483,182,0.6046511627906976,322,119,-203,-0.6304347826086957,0,0,0,
own_v1,O1,h00037,bundle_exact_pointer_passes,bundle_verified_input,bundle_pointer_opt,False,9,9,0,0.0,33,33,0,0.0,735,728,-7,-0.009523809523809525,4,4,0,0.0,16,16,0,0.0,14,14,0,0.0,2,2,0,0.0,5,5,0,0.0,1,1,0,0.0,96,96,0,0.0,357,357,0,0.0,29,29,0,0.0,38,34,-4,-0.10526315789473684,6,6,0,0.0,3,3,0,0.0,0,0,0,,483,483,0,0.0,119,113,-6,-0.05042016806722689,0,0,0,
own_v1,O1,h00037,llvm_default_opt_boundary_3,bundle_pointer_opt,bundle_standard_opt_3,True,9,9,0,0.0,33,33,0,0.0,728,665,-63,-0.08653846153846154,4,4,0,0.0,16,16,0,0.0,14,14,0,0.0,2,2,0,0.0,5,5,0,0.0,1,1,0,0.0,96,80,-16,-0.16666666666666666,357,312,-45,-0.12605042016806722,29,29,0,0.0,34,32,-2,-0.058823529411764705,6,6,0,0.0,3,3,0,0.0,0,0,0,,483,422,-61,-0.12629399585921325,113,111,-2,-0.017699115044247787,0,0,0,
own_v1,O1,h00037,custom_storage_delift,bundle_standard_opt_3,bundle_storage_delift,False,9,9,0,0.0,33,33,0,0.0,665,665,0,0.0,4,4,0,0.0,16,16,0,0.0,14,14,0,0.0,2,2,0,0.0,5,5,0,0.0,1,1,0,0.0,80,80,0,0.0,312,312,0,0.0,29,29,0,0.0,32,32,0,0.0,6,6,0,0.0,3,3,0,0.0,0,0,0,,422,422,0,0.0,111,111,0,0.0,0,0,0,
own_v1,O1,h00037,custom_residual_strip,bundle_storage_delift,bundle_residual_strip,False,9,9,0,0.0,33,33,0,0.0,665,665,0,0.0,4,4,0,0.0,16,16,0,0.0,14,14,0,0.0,2,2,0,0.0,5,5,0,0.0,1,1,0,0.0,80,80,0,0.0,312,312,0,0.0,29,29,0,0.0,32,32,0,0.0,6,6,0,0.0,3,3,0,0.0,0,0,0,,422,422,0,0.0,111,111,0,0.0,0,0,0,
own_v1,O1,h00037,final_tail_opt_4_plus_custom_cleanup,bundle_residual_strip,final_clean,False,9,9,0,0.0,33,33,0,0.0,665,607,-58,-0.08721804511278196,4,4,0,0.0,16,16,0,0.0,14,14,0,0.0,2,2,0,0.0,5,5,0,0.0,1,1,0,0.0,80,80,0,0.0,312,254,-58,-0.1858974358974359,29,29,0,0.0,32,32,0,0.0,6,6,0,0.0,3,3,0,0.0,0,0,0,,422,364,-58,-0.13744075829383887,111,111,0,0.0,0,0,0,
own_v1,O1,h00038,main_combined_custom_plus_opt_1_2,raw_lift,brightened_main,False,28,5,-23,-0.8214285714285714,166,54,-112,-0.6746987951807228,2086,1396,-690,-0.3307766059443912,69,6,-63,-0.9130434782608695,56,13,-43,-0.7678571428571429,51,13,-38,-0.7450980392156863,5,0,-5,-1.0,20,7,-13,-0.65,0,1,1,,123,147,24,0.1951219512195122,352,688,336,0.9545454545454546,7,38,31,4.428571428571429,3,68,65,21.666666666666668,12,11,-1,-0.08333333333333333,0,4,4,,10,1,-9,-0.9,482,874,392,0.8132780082987552,634,236,-398,-0.6277602523659306,0,0,0,
own_v1,O1,h00038,bundle_exact_pointer_passes,bundle_verified_input,bundle_pointer_opt,False,5,5,0,0.0,54,54,0,0.0,1396,1382,-14,-0.01002865329512894,6,6,0,0.0,13,13,0,0.0,13,13,0,0.0,0,0,0,,7,7,0,0.0,1,1,0,0.0,147,147,0,0.0,688,688,0,0.0,38,38,0,0.0,68,68,0,0.0,11,11,0,0.0,4,4,0,0.0,1,1,0,0.0,874,874,0,0.0,236,221,-15,-0.0635593220338983,0,0,0,
own_v1,O1,h00038,llvm_default_opt_boundary_3,bundle_pointer_opt,bundle_standard_opt_3,True,5,5,0,0.0,54,54,0,0.0,1382,1270,-112,-0.08104196816208394,6,6,0,0.0,13,13,0,0.0,13,13,0,0.0,0,0,0,,7,7,0,0.0,1,1,0,0.0,147,109,-38,-0.2585034013605442,688,641,-47,-0.06831395348837209,38,38,0,0.0,68,67,-1,-0.014705882352941176,11,11,0,0.0,4,4,0,0.0,1,1,0,0.0,874,789,-85,-0.09725400457665904,221,215,-6,-0.027149321266968326,0,0,0,
own_v1,O1,h00038,custom_storage_delift,bundle_standard_opt_3,bundle_storage_delift,False,5,5,0,0.0,54,54,0,0.0,1270,1270,0,0.0,6,6,0,0.0,13,13,0,0.0,13,13,0,0.0,0,0,0,,7,7,0,0.0,1,1,0,0.0,109,109,0,0.0,641,641,0,0.0,38,38,0,0.0,67,67,0,0.0,11,11,0,0.0,4,4,0,0.0,1,1,0,0.0,789,789,0,0.0,215,215,0,0.0,0,0,0,
own_v1,O1,h00038,custom_residual_strip,bundle_storage_delift,bundle_residual_strip,False,5,5,0,0.0,54,54,0,0.0,1270,1270,0,0.0,6,6,0,0.0,13,13,0,0.0,13,13,0,0.0,0,0,0,,7,7,0,0.0,1,1,0,0.0,109,109,0,0.0,641,641,0,0.0,38,38,0,0.0,67,67,0,0.0,11,11,0,0.0,4,4,0,0.0,1,1,0,0.0,789,789,0,0.0,215,215,0,0.0,0,0,0,
own_v1,O1,h00038,final_tail_opt_4_plus_custom_cleanup,bundle_residual_strip,final_clean,False,5,0,-5,-1.0,54,0,-54,-1.0,1270,0,-1270,-1.0,6,0,-6,-1.0,13,0,-13,-1.0,13,0,-13,-1.0,0,0,0,,7,0,-7,-1.0,1,0,-1,-1.0,109,0,-109,-1.0,641,0,-641,-1.0,38,0,-38,-1.0,67,0,-67,-1.0,11,0,-11,-1.0,4,0,-4,-1.0,1,0,-1,-1.0,789,0,-789,-1.0,215,0,-215,-1.0,0,0,0,
own_v1,O1,h00039,main_combined_custom_plus_opt_1_2,raw_lift,brightened_main,False,26,2,-24,-0.9230769230769231,99,22,-77,-0.7777777777777778,1236,173,-1063,-0.860032362459547,34,1,-33,-0.9705882352941176,37,3,-34,-0.918918918918919,32,3,-29,-0.90625,5,0,-5,-1.0,9,0,-9,-1.0,0,2,2,,71,22,-49,-0.6901408450704225,187,35,-152,-0.8128342245989305,5,37,32,6.4,2,2,0,0.0,7,6,-1,-0.14285714285714285,0,1,1,,3,0,-3,-1.0,263,96,-167,-0.6349809885931559,402,16,-386,-0.9601990049751243,0,0,0,
own_v1,O1,h00039,bundle_exact_pointer_passes,bundle_verified_input,bundle_pointer_opt,False,2,2,0,0.0,22,22,0,0.0,173,173,0,0.0,1,1,0,0.0,3,3,0,0.0,3,3,0,0.0,0,0,0,,0,0,0,,2,2,0,0.0,22,22,0,0.0,35,35,0,0.0,37,37,0,0.0,2,2,0,0.0,6,6,0,0.0,1,1,0,0.0,0,0,0,,96,96,0,0.0,16,16,0,0.0,0,0,0,
own_v1,O1,h00039,llvm_default_opt_boundary_3,bundle_pointer_opt,bundle_standard_opt_3,True,2,2,0,0.0,22,22,0,0.0,173,157,-16,-0.09248554913294797,1,1,0,0.0,3,3,0,0.0,3,3,0,0.0,0,0,0,,0,0,0,,2,2,0,0.0,22,22,0,0.0,35,35,0,0.0,37,21,-16,-0.43243243243243246,2,2,0,0.0,6,6,0,0.0,1,1,0,0.0,0,0,0,,96,80,-16,-0.16666666666666666,16,16,0,0.0,0,0,0,
own_v1,O1,h00039,custom_storage_delift,bundle_standard_opt_3,bundle_storage_delift,False,2,2,0,0.0,22,22,0,0.0,157,157,0,0.0,1,1,0,0.0,3,3,0,0.0,3,3,0,0.0,0,0,0,,0,0,0,,2,2,0,0.0,22,22,0,0.0,35,35,0,0.0,21,21,0,0.0,2,2,0,0.0,6,6,0,0.0,1,1,0,0.0,0,0,0,,80,80,0,0.0,16,16,0,0.0,0,0,0,
own_v1,O1,h00039,custom_residual_strip,bundle_storage_delift,bundle_residual_strip,False,2,2,0,0.0,22,22,0,0.0,157,157,0,0.0,1,1,0,0.0,3,3,0,0.0,3,3,0,0.0,0,0,0,,0,0,0,,2,2,0,0.0,22,22,0,0.0,35,35,0,0.0,21,21,0,0.0,2,2,0,0.0,6,6,0,0.0,1,1,0,0.0,0,0,0,,80,80,0,0.0,16,16,0,0.0,0,0,0,
own_v1,O1,h00039,final_tail_opt_4_plus_custom_cleanup,bundle_residual_strip,final_clean,False,2,1,-1,-0.5,22,21,-1,-0.045454545454545456,157,156,-1,-0.006369426751592357,1,1,0,0.0,3,3,0,0.0,3,3,0,0.0,0,0,0,,0,0,0,,2,2,0,0.0,22,22,0,0.0,35,35,0,0.0,21,21,0,0.0,2,2,0,0.0,6,6,0,0.0,1,1,0,0.0,0,0,0,,80,80,0,0.0,16,16,0,0.0,0,0,0,
own_v1,O1,h00040,main_combined_custom_plus_opt_1_2,raw_lift,brightened_main,False,31,9,-22,-0.7096774193548387,164,72,-92,-0.5609756097560976,1783,1939,156,0.08749298934380258,64,6,-58,-0.90625,56,27,-29,-0.5178571428571429,51,25,-26,-0.5098039215686274,5,2,-3,-0.6,17,13,-4,-0.23529411764705882,0,5,5,,114,157,43,0.37719298245614036,326,901,575,1.7638036809815951,4,188,184,46.0,4,35,31,7.75,18,104,86,4.777777777777778,0,2,2,,3,0,-3,-1.0,444,1251,807,1.8175675675675675,531,345,-186,-0.3502824858757062,0,0,0,
own_v1,O1,h00040,bundle_exact_pointer_passes,bundle_verified_input,bundle_pointer_opt,False,9,9,0,0.0,72,72,0,0.0,1939,1939,0,0.0,6,6,0,0.0,27,27,0,0.0,25,25,0,0.0,2,2,0,0.0,13,13,0,0.0,5,5,0,0.0,157,157,0,0.0,901,901,0,0.0,188,188,0,0.0,35,35,0,0.0,104,104,0,0.0,2,2,0,0.0,0,0,0,,1251,1251,0,0.0,345,345,0,0.0,0,0,0,
own_v1,O1,h00040,llvm_default_opt_boundary_3,bundle_pointer_opt,bundle_standard_opt_3,True,9,9,0,0.0,72,72,0,0.0,1939,1795,-144,-0.07426508509541001,6,6,0,0.0,27,29,2,0.07407407407407407,25,27,2,0.08,2,2,0,0.0,13,15,2,0.15384615384615385,5,5,0,0.0,157,119,-38,-0.24203821656050956,901,806,-95,-0.10543840177580466,188,178,-10,-0.05319148936170213,35,32,-3,-0.08571428571428572,104,104,0,0.0,2,2,0,0.0,0,0,0,,1251,1108,-143,-0.11430855315747403,345,342,-3,-0.008695652173913044,0,0,0,
own_v1,O1,h00040,custom_storage_delift,bundle_standard_opt_3,bundle_storage_delift,False,9,9,0,0.0,72,72,0,0.0,1795,1795,0,0.0,6,6,0,0.0,29,29,0,0.0,27,27,0,0.0,2,2,0,0.0,15,15,0,0.0,5,5,0,0.0,119,119,0,0.0,806,806,0,0.0,178,178,0,0.0,32,32,0,0.0,104,104,0,0.0,2,2,0,0.0,0,0,0,,1108,1108,0,0.0,342,342,0,0.0,0,0,0,
own_v1,O1,h00040,custom_residual_strip,bundle_storage_delift,bundle_residual_strip,False,9,9,0,0.0,72,72,0,0.0,1795,1795,0,0.0,6,6,0,0.0,29,29,0,0.0,27,27,0,0.0,2,2,0,0.0,15,15,0,0.0,5,5,0,0.0,119,119,0,0.0,806,806,0,0.0,178,178,0,0.0,32,32,0,0.0,104,104,0,0.0,2,2,0,0.0,0,0,0,,1108,1108,0,0.0,342,342,0,0.0,0,0,0,
own_v1,O1,h00040,final_tail_opt_4_plus_custom_cleanup,bundle_residual_strip,final_clean,False,9,9,0,0.0,72,72,0,0.0,1795,1624,-171,-0.09526462395543175,6,6,0,0.0,29,29,0,0.0,27,27,0,0.0,2,2,0,0.0,15,15,0,0.0,5,5,0,0.0,119,119,0,0.0,806,635,-171,-0.21215880893300249,178,178,0,0.0,32,32,0,0.0,104,104,0,0.0,2,2,0,0.0,0,0,0,,1108,937,-171,-0.15433212996389892,342,342,0,0.0,0,0,0,
own_v1,O2,h00001,main_combined_custom_plus_opt_1_2,raw_lift,brightened_main,False,26,9,-17,-0.6538461538461539,113,44,-69,-0.6106194690265486,1201,666,-535,-0.4454621149042465,41,4,-37,-0.9024390243902439,34,12,-22,-0.6470588235294118,29,10,-19,-0.6551724137931034,5,2,-3,-0.6,7,4,-3,-0.42857142857142855,0,1,1,,73,64,-9,-0.1232876712328767,181,320,139,0.7679558011049724,5,39,34,6.8,2,37,35,17.5,9,10,1,0.1111111111111111,0,1,1,,3,0,-3,-1.0,259,424,165,0.637065637065637,392,114,-278,-0.7091836734693877,0,0,0,
own_v1,O2,h00001,bundle_exact_pointer_passes,bundle_verified_input,bundle_pointer_opt,False,9,9,0,0.0,44,44,0,0.0,666,643,-23,-0.03453453453453453,4,4,0,0.0,12,12,0,0.0,10,10,0,0.0,2,2,0,0.0,4,4,0,0.0,1,1,0,0.0,64,64,0,0.0,320,320,0,0.0,39,39,0,0.0,37,28,-9,-0.24324324324324326,10,10,0,0.0,1,1,0,0.0,0,0,0,,424,424,0,0.0,114,93,-21,-0.18421052631578946,0,0,0,
own_v1,O2,h00001,llvm_default_opt_boundary_3,bundle_pointer_opt,bundle_standard_opt_3,True,9,9,0,0.0,44,44,0,0.0,643,571,-72,-0.1119751166407465,4,4,0,0.0,12,12,0,0.0,10,10,0,0.0,2,2,0,0.0,4,4,0,0.0,1,1,0,0.0,64,54,-10,-0.15625,320,259,-61,-0.190625,39,39,0,0.0,28,28,0,0.0,10,10,0,0.0,1,1,0,0.0,0,0,0,,424,353,-71,-0.16745283018867924,93,92,-1,-0.010752688172043012,0,0,0,
own_v1,O2,h00001,custom_storage_delift,bundle_standard_opt_3,bundle_storage_delift,False,9,9,0,0.0,44,44,0,0.0,571,571,0,0.0,4,4,0,0.0,12,12,0,0.0,10,10,0,0.0,2,2,0,0.0,4,4,0,0.0,1,1,0,0.0,54,54,0,0.0,259,259,0,0.0,39,39,0,0.0,28,28,0,0.0,10,10,0,0.0,1,1,0,0.0,0,0,0,,353,353,0,0.0,92,92,0,0.0,0,0,0,
own_v1,O2,h00001,custom_residual_strip,bundle_storage_delift,bundle_residual_strip,False,9,9,0,0.0,44,44,0,0.0,571,571,0,0.0,4,4,0,0.0,12,12,0,0.0,10,10,0,0.0,2,2,0,0.0,4,4,0,0.0,1,1,0,0.0,54,54,0,0.0,259,259,0,0.0,39,39,0,0.0,28,28,0,0.0,10,10,0,0.0,1,1,0,0.0,0,0,0,,353,353,0,0.0,92,92,0,0.0,0,0,0,
own_v1,O2,h00001,final_tail_opt_4_plus_custom_cleanup,bundle_residual_strip,final_clean,False,9,9,0,0.0,44,44,0,0.0,571,568,-3,-0.005253940455341506,4,4,0,0.0,12,12,0,0.0,10,10,0,0.0,2,2,0,0.0,4,4,0,0.0,1,1,0,0.0,54,54,0,0.0,259,256,-3,-0.011583011583011582,39,39,0,0.0,28,28,0,0.0,10,10,0,0.0,1,1,0,0.0,0,0,0,,353,350,-3,-0.0084985835694051,92,92,0,0.0,0,0,0,
own_v1,O2,h00002,main_combined_custom_plus_opt_1_2,raw_lift,brightened_main,False,26,2,-24,-0.9230769230769231,112,26,-86,-0.7678571428571429,1212,201,-1011,-0.8341584158415841,41,2,-39,-0.9512195121951219,39,9,-30,-0.7692307692307693,34,9,-25,-0.7352941176470589,5,0,-5,-1.0,10,5,-5,-0.5,0,4,4,,70,21,-49,-0.7,203,37,-166,-0.8177339901477833,5,32,27,5.4,2,4,2,1.0,9,10,1,0.1111111111111111,0,1,1,,4,1,-3,-0.75,278,94,-184,-0.6618705035971223,363,38,-325,-0.8953168044077136,0,0,0,
own_v1,O2,h00002,bundle_exact_pointer_passes,bundle_verified_input,bundle_pointer_opt,False,2,2,0,0.0,26,26,0,0.0,201,201,0,0.0,2,2,0,0.0,9,9,0,0.0,9,9,0,0.0,0,0,0,,5,5,0,0.0,4,4,0,0.0,21,21,0,0.0,37,37,0,0.0,32,32,0,0.0,4,4,0,0.0,10,10,0,0.0,1,1,0,0.0,1,1,0,0.0,94,94,0,0.0,38,38,0,0.0,0,0,0,
own_v1,O2,h00002,llvm_default_opt_boundary_3,bundle_pointer_opt,bundle_standard_opt_3,True,2,2,0,0.0,26,26,0,0.0,201,199,-2,-0.009950248756218905,2,2,0,0.0,9,9,0,0.0,9,9,0,0.0,0,0,0,,5,5,0,0.0,4,4,0,0.0,21,21,0,0.0,37,37,0,0.0,32,30,-2,-0.0625,4,4,0,0.0,10,10,0,0.0,1,1,0,0.0,1,1,0,0.0,94,92,-2,-0.02127659574468085,38,38,0,0.0,0,0,0,
own_v1,O2,h00002,custom_storage_delift,bundle_standard_opt_3,bundle_storage_delift,False,2,2,0,0.0,26,26,0,0.0,199,199,0,0.0,2,2,0,0.0,9,9,0,0.0,9,9,0,0.0,0,0,0,,5,5,0,0.0,4,4,0,0.0,21,21,0,0.0,37,37,0,0.0,30,30,0,0.0,4,4,0,0.0,10,10,0,0.0,1,1,0,0.0,1,1,0,0.0,92,92,0,0.0,38,38,0,0.0,0,0,0,
own_v1,O2,h00002,custom_residual_strip,bundle_storage_delift,bundle_residual_strip,False,2,2,0,0.0,26,26,0,0.0,199,199,0,0.0,2,2,0,0.0,9,9,0,0.0,9,9,0,0.0,0,0,0,,5,5,0,0.0,4,4,0,0.0,21,21,0,0.0,37,37,0,0.0,30,30,0,0.0,4,4,0,0.0,10,10,0,0.0,1,1,0,0.0,1,1,0,0.0,92,92,0,0.0,38,38,0,0.0,0,0,0,
own_v1,O2,h00002,final_tail_opt_4_plus_custom_cleanup,bundle_residual_strip,final_clean,False,2,1,-1,-0.5,26,25,-1,-0.038461538461538464,199,198,-1,-0.005025125628140704,2,2,0,0.0,9,9,0,0.0,9,9,0,0.0,0,0,0,,5,5,0,0.0,4,4,0,0.0,21,21,0,0.0,37,37,0,0.0,30,30,0,0.0,4,4,0,0.0,10,10,0,0.0,1,1,0,0.0,1,1,0,0.0,92,92,0,0.0,38,38,0,0.0,0,0,0,
own_v1,O2,h00003,main_combined_custom_plus_opt_1_2,raw_lift,brightened_main,False,26,2,-24,-0.9230769230769231,123,34,-89,-0.7235772357723578,1288,203,-1085,-0.842391304347826,46,1,-45,-0.9782608695652174,40,5,-35,-0.875,35,5,-30,-0.8571428571428571,5,0,-5,-1.0,11,1,-10,-0.9090909090909091,0,2,2,,81,30,-51,-0.6296296296296297,226,54,-172,-0.7610619469026548,5,24,19,3.8,2,2,0,0.0,12,11,-1,-0.08333333333333333,0,1,1,,3,0,-3,-1.0,312,110,-202,-0.6474358974358975,397,31,-366,-0.9219143576826196,0,0,0,
own_v1,O2,h00003,bundle_exact_pointer_passes,bundle_verified_input,bundle_pointer_opt,False,2,2,0,0.0,34,34,0,0.0,203,203,0,0.0,1,1,0,0.0,5,5,0,0.0,5,5,0,0.0,0,0,0,,1,1,0,0.0,2,2,0,0.0,30,30,0,0.0,54,54,0,0.0,24,24,0,0.0,2,2,0,0.0,11,11,0,0.0,1,1,0,0.0,0,0,0,,110,110,0,0.0,31,31,0,0.0,0,0,0,
own_v1,O2,h00003,llvm_default_opt_boundary_3,bundle_pointer_opt,bundle_standard_opt_3,True,2,2,0,0.0,34,34,0,0.0,203,202,-1,-0.0049261083743842365,1,1,0,0.0,5,5,0,0.0,5,5,0,0.0,0,0,0,,1,1,0,0.0,2,2,0,0.0,30,30,0,0.0,54,54,0,0.0,24,23,-1,-0.041666666666666664,2,2,0,0.0,11,11,0,0.0,1,1,0,0.0,0,0,0,,110,109,-1,-0.00909090909090909,31,31,0,0.0,0,0,0,
own_v1,O2,h00003,custom_storage_delift,bundle_standard_opt_3,bundle_storage_delift,False,2,2,0,0.0,34,34,0,0.0,202,202,0,0.0,1,1,0,0.0,5,5,0,0.0,5,5,0,0.0,0,0,0,,1,1,0,0.0,2,2,0,0.0,30,30,0,0.0,54,54,0,0.0,23,23,0,0.0,2,2,0,0.0,11,11,0,0.0,1,1,0,0.0,0,0,0,,109,109,0,0.0,31,31,0,0.0,0,0,0,
own_v1,O2,h00003,custom_residual_strip,bundle_storage_delift,bundle_residual_strip,False,2,2,0,0.0,34,34,0,0.0,202,202,0,0.0,1,1,0,0.0,5,5,0,0.0,5,5,0,0.0,0,0,0,,1,1,0,0.0,2,2,0,0.0,30,30,0,0.0,54,54,0,0.0,23,23,0,0.0,2,2,0,0.0,11,11,0,0.0,1,1,0,0.0,0,0,0,,109,109,0,0.0,31,31,0,0.0,0,0,0,
own_v1,O2,h00003,final_tail_opt_4_plus_custom_cleanup,bundle_residual_strip,final_clean,False,2,1,-1,-0.5,34,33,-1,-0.029411764705882353,202,201,-1,-0.0049504950495049506,1,1,0,0.0,5,5,0,0.0,5,5,0,0.0,0,0,0,,1,1,0,0.0,2,2,0,0.0,30,30,0,0.0,54,54,0,0.0,23,23,0,0.0,2,2,0,0.0,11,11,0,0.0,1,1,0,0.0,0,0,0,,109,109,0,0.0,31,31,0,0.0,0,0,0,
own_v1,O2,h00004,main_combined_custom_plus_opt_1_2,raw_lift,brightened_main,False,28,10,-18,-0.6428571428571429,106,40,-66,-0.6226415094339622,1472,1121,-351,-0.23845108695652173,37,4,-33,-0.8918918918918919,56,33,-23,-0.4107142857142857,51,31,-20,-0.39215686274509803,5,2,-3,-0.6,21,14,-7,-0.3333333333333333,0,5,5,,93,133,40,0.43010752688172044,316,511,195,0.6170886075949367,5,77,72,14.4,6,33,27,4.5,10,20,10,1.0,2,1,-1,-0.5,3,0,-3,-1.0,414,726,312,0.7536231884057971,432,178,-254,-0.5879629629629629,0,0,0,
own_v1,O2,h00004,bundle_exact_pointer_passes,bundle_verified_input,bundle_pointer_opt,False,10,10,0,0.0,40,40,0,0.0,1121,1117,-4,-0.003568242640499554,4,4,0,0.0,33,33,0,0.0,31,31,0,0.0,2,2,0,0.0,14,14,0,0.0,5,5,0,0.0,133,133,0,0.0,511,511,0,0.0,77,77,0,0.0,33,33,0,0.0,20,20,0,0.0,1,1,0,0.0,0,0,0,,726,726,0,0.0,178,174,-4,-0.02247191011235955,0,0,0,
own_v1,O2,h00004,llvm_default_opt_boundary_3,bundle_pointer_opt,bundle_standard_opt_3,True,10,10,0,0.0,40,40,0,0.0,1117,964,-153,-0.1369740376007162,4,4,0,0.0,33,30,-3,-0.09090909090909091,31,28,-3,-0.0967741935483871,2,2,0,0.0,14,13,-1,-0.07142857142857142,5,5,0,0.0,133,97,-36,-0.2706766917293233,511,408,-103,-0.20156555772994128,77,77,0,0.0,33,33,0,0.0,20,20,0,0.0,1,1,0,0.0,0,0,0,,726,587,-139,-0.19146005509641872,174,169,-5,-0.028735632183908046,0,0,0,
own_v1,O2,h00004,custom_storage_delift,bundle_standard_opt_3,bundle_storage_delift,False,10,10,0,0.0,40,40,0,0.0,964,964,0,0.0,4,4,0,0.0,30,30,0,0.0,28,28,0,0.0,2,2,0,0.0,13,13,0,0.0,5,5,0,0.0,97,97,0,0.0,408,408,0,0.0,77,77,0,0.0,33,33,0,0.0,20,20,0,0.0,1,1,0,0.0,0,0,0,,587,587,0,0.0,169,169,0,0.0,0,0,0,
own_v1,O2,h00004,custom_residual_strip,bundle_storage_delift,bundle_residual_strip,False,10,10,0,0.0,40,40,0,0.0,964,964,0,0.0,4,4,0,0.0,30,30,0,0.0,28,28,0,0.0,2,2,0,0.0,13,13,0,0.0,5,5,0,0.0,97,97,0,0.0,408,408,0,0.0,77,77,0,0.0,33,33,0,0.0,20,20,0,0.0,1,1,0,0.0,0,0,0,,587,587,0,0.0,169,169,0,0.0,0,0,0,
own_v1,O2,h00004,final_tail_opt_4_plus_custom_cleanup,bundle_residual_strip,final_clean,False,10,10,0,0.0,40,40,0,0.0,964,955,-9,-0.00933609958506224,4,4,0,0.0,30,30,0,0.0,28,28,0,0.0,2,2,0,0.0,13,13,0,0.0,5,5,0,0.0,97,97,0,0.0,408,407,-1,-0.0024509803921568627,77,77,0,0.0,33,33,0,0.0,20,20,0,0.0,1,1,0,0.0,0,0,0,,587,586,-1,-0.0017035775127768314,169,165,-4,-0.023668639053254437,0,0,0,
own_v1,O2,h00005,main_combined_custom_plus_opt_1_2,raw_lift,brightened_main,False,28,9,-19,-0.6785714285714286,97,35,-62,-0.6391752577319587,1082,710,-372,-0.3438077634011091,32,4,-28,-0.875,42,14,-28,-0.6666666666666666,37,12,-25,-0.6756756756756757,5,2,-3,-0.6,11,4,-7,-0.6363636363636364,0,1,1,,73,81,8,0.1095890410958904,205,360,155,0.7560975609756098,5,35,30,6.0,2,37,35,17.5,6,7,1,0.16666666666666666,0,1,1,,3,0,-3,-1.0,283,477,194,0.6855123674911661,318,112,-206,-0.6477987421383647,0,0,0,
own_v1,O2,h00005,bundle_exact_pointer_passes,bundle_verified_input,bundle_pointer_opt,False,9,9,0,0.0,35,35,0,0.0,710,701,-9,-0.01267605633802817,4,4,0,0.0,14,14,0,0.0,12,12,0,0.0,2,2,0,0.0,4,4,0,0.0,1,1,0,0.0,81,81,0,0.0,360,360,0,0.0,35,35,0,0.0,37,32,-5,-0.13513513513513514,7,7,0,0.0,1,1,0,0.0,0,0,0,,477,477,0,0.0,112,104,-8,-0.07142857142857142,0,0,0,
own_v1,O2,h00005,llvm_default_opt_boundary_3,bundle_pointer_opt,bundle_standard_opt_3,True,9,9,0,0.0,35,35,0,0.0,701,615,-86,-0.12268188302425106,4,4,0,0.0,14,14,0,0.0,12,12,0,0.0,2,2,0,0.0,4,4,0,0.0,1,1,0,0.0,81,71,-10,-0.12345679012345678,360,287,-73,-0.20277777777777778,35,35,0,0.0,32,32,0,0.0,7,7,0,0.0,1,1,0,0.0,0,0,0,,477,394,-83,-0.1740041928721174,104,101,-3,-0.028846153846153848,0,0,0,
own_v1,O2,h00005,custom_storage_delift,bundle_standard_opt_3,bundle_storage_delift,False,9,9,0,0.0,35,35,0,0.0,615,615,0,0.0,4,4,0,0.0,14,14,0,0.0,12,12,0,0.0,2,2,0,0.0,4,4,0,0.0,1,1,0,0.0,71,71,0,0.0,287,287,0,0.0,35,35,0,0.0,32,32,0,0.0,7,7,0,0.0,1,1,0,0.0,0,0,0,,394,394,0,0.0,101,101,0,0.0,0,0,0,
own_v1,O2,h00005,custom_residual_strip,bundle_storage_delift,bundle_residual_strip,False,9,9,0,0.0,35,35,0,0.0,615,615,0,0.0,4,4,0,0.0,14,14,0,0.0,12,12,0,0.0,2,2,0,0.0,4,4,0,0.0,1,1,0,0.0,71,71,0,0.0,287,287,0,0.0,35,35,0,0.0,32,32,0,0.0,7,7,0,0.0,1,1,0,0.0,0,0,0,,394,394,0,0.0,101,101,0,0.0,0,0,0,
own_v1,O2,h00005,final_tail_opt_4_plus_custom_cleanup,bundle_residual_strip,final_clean,False,9,9,0,0.0,35,35,0,0.0,615,611,-4,-0.0065040650406504065,4,4,0,0.0,14,14,0,0.0,12,12,0,0.0,2,2,0,0.0,4,4,0,0.0,1,1,0,0.0,71,71,0,0.0,287,283,-4,-0.013937282229965157,35,35,0,0.0,32,32,0,0.0,7,7,0,0.0,1,1,0,0.0,0,0,0,,394,390,-4,-0.01015228426395939,101,101,0,0.0,0,0,0,
own_v1,O2,h00006,main_combined_custom_plus_opt_1_2,raw_lift,brightened_main,False,26,9,-17,-0.6538461538461539,127,49,-78,-0.6141732283464567,1347,808,-539,-0.40014847809948034,48,2,-46,-0.9583333333333334,34,13,-21,-0.6176470588235294,29,11,-18,-0.6206896551724138,5,2,-3,-0.6,7,5,-2,-0.2857142857142857,0,1,1,,86,74,-12,-0.13953488372093023,195,419,224,1.1487179487179486,5,47,42,8.4,2,32,30,15.0,11,12,1,0.09090909090909091,0,1,1,,3,0,-3,-1.0,286,541,255,0.8916083916083916,450,109,-341,-0.7577777777777778,0,0,0,
own_v1,O2,h00006,bundle_exact_pointer_passes,bundle_verified_input,bundle_pointer_opt,False,9,9,0,0.0,49,49,0,0.0,808,784,-24,-0.0297029702970297,2,2,0,0.0,13,13,0,0.0,11,11,0,0.0,2,2,0,0.0,5,5,0,0.0,1,1,0,0.0,74,74,0,0.0,419,419,0,0.0,47,47,0,0.0,32,24,-8,-0.25,12,12,0,0.0,1,1,0,0.0,0,0,0,,541,541,0,0.0,109,91,-18,-0.1651376146788991,0,0,0,
own_v1,O2,h00006,llvm_default_opt_boundary_3,bundle_pointer_opt,bundle_standard_opt_3,True,9,9,0,0.0,49,49,0,0.0,784,665,-119,-0.15178571428571427,2,2,0,0.0,13,13,0,0.0,11,11,0,0.0,2,2,0,0.0,5,5,0,0.0,1,1,0,0.0,74,64,-10,-0.13513513513513514,419,310,-109,-0.26014319809069214,47,47,0,0.0,24,24,0,0.0,12,12,0,0.0,1,1,0,0.0,0,0,0,,541,422,-119,-0.2199630314232902,91,91,0,0.0,0,0,0,
own_v1,O2,h00006,custom_storage_delift,bundle_standard_opt_3,bundle_storage_delift,False,9,9,0,0.0,49,49,0,0.0,665,665,0,0.0,2,2,0,0.0,13,13,0,0.0,11,11,0,0.0,2,2,0,0.0,5,5,0,0.0,1,1,0,0.0,64,64,0,0.0,310,310,0,0.0,47,47,0,0.0,24,24,0,0.0,12,12,0,0.0,1,1,0,0.0,0,0,0,,422,422,0,0.0,91,91,0,0.0,0,0,0,
own_v1,O2,h00006,custom_residual_strip,bundle_storage_delift,bundle_residual_strip,False,9,9,0,0.0,49,49,0,0.0,665,665,0,0.0,2,2,0,0.0,13,13,0,0.0,11,11,0,0.0,2,2,0,0.0,5,5,0,0.0,1,1,0,0.0,64,64,0,0.0,310,310,0,0.0,47,47,0,0.0,24,24,0,0.0,12,12,0,0.0,1,1,0,0.0,0,0,0,,422,422,0,0.0,91,91,0,0.0,0,0,0,
own_v1,O2,h00006,final_tail_opt_4_plus_custom_cleanup,bundle_residual_strip,final_clean,False,9,9,0,0.0,49,49,0,0.0,665,632,-33,-0.04962406015037594,2,2,0,0.0,13,13,0,0.0,11,11,0,0.0,2,2,0,0.0,5,5,0,0.0,1,1,0,0.0,64,64,0,0.0,310,277,-33,-0.1064516129032258,47,47,0,0.0,24,24,0,0.0,12,12,0,0.0,1,1,0,0.0,0,0,0,,422,389,-33,-0.07819905213270142,91,91,0,0.0,0,0,0,
own_v1,O2,h00007,main_combined_custom_plus_opt_1_2,raw_lift,brightened_main,False,27,10,-17,-0.6296296296296297,147,45,-102,-0.6938775510204082,1633,999,-634,-0.3882424984690753,57,9,-48,-0.8421052631578947,39,13,-26,-0.6666666666666666,34,11,-23,-0.6764705882352942,5,2,-3,-0.6,11,4,-7,-0.6363636363636364,0,1,1,,97,110,13,0.13402061855670103,240,515,275,1.1458333333333333,6,34,28,4.666666666666667,2,52,50,25.0,11,12,1,0.09090909090909091,0,2,2,,3,0,-3,-1.0,343,660,317,0.924198250728863,535,168,-367,-0.685981308411215,0,0,0,
own_v1,O2,h00007,bundle_exact_pointer_passes,bundle_verified_input,bundle_pointer_opt,False,10,10,0,0.0,45,45,0,0.0,999,988,-11,-0.011011011011011011,9,9,0,0.0,13,13,0,0.0,11,11,0,0.0,2,2,0,0.0,4,4,0,0.0,1,1,0,0.0,110,110,0,0.0,515,515,0,0.0,34,34,0,0.0,52,52,0,0.0,12,12,0,0.0,2,2,0,0.0,0,0,0,,660,660,0,0.0,168,157,-11,-0.06547619047619048,0,0,0,
own_v1,O2,h00007,llvm_default_opt_boundary_3,bundle_pointer_opt,bundle_standard_opt_3,True,10,10,0,0.0,45,45,0,0.0,988,870,-118,-0.1194331983805668,9,9,0,0.0,13,13,0,0.0,11,11,0,0.0,2,2,0,0.0,4,4,0,0.0,1,1,0,0.0,110,98,-12,-0.10909090909090909,515,417,-98,-0.19029126213592232,34,34,0,0.0,52,50,-2,-0.038461538461538464,12,12,0,0.0,2,2,0,0.0,0,0,0,,660,550,-110,-0.16666666666666666,157,151,-6,-0.03821656050955414,0,0,0,
own_v1,O2,h00007,custom_storage_delift,bundle_standard_opt_3,bundle_storage_delift,False,10,10,0,0.0,45,45,0,0.0,870,870,0,0.0,9,9,0,0.0,13,13,0,0.0,11,11,0,0.0,2,2,0,0.0,4,4,0,0.0,1,1,0,0.0,98,98,0,0.0,417,417,0,0.0,34,34,0,0.0,50,50,0,0.0,12,12,0,0.0,2,2,0,0.0,0,0,0,,550,550,0,0.0,151,151,0,0.0,0,0,0,
own_v1,O2,h00007,custom_residual_strip,bundle_storage_delift,bundle_residual_strip,False,10,10,0,0.0,45,45,0,0.0,870,870,0,0.0,9,9,0,0.0,13,13,0,0.0,11,11,0,0.0,2,2,0,0.0,4,4,0,0.0,1,1,0,0.0,98,98,0,0.0,417,417,0,0.0,34,34,0,0.0,50,50,0,0.0,12,12,0,0.0,2,2,0,0.0,0,0,0,,550,550,0,0.0,151,151,0,0.0,0,0,0,
own_v1,O2,h00007,final_tail_opt_4_plus_custom_cleanup,bundle_residual_strip,final_clean,False,10,10,0,0.0,45,45,0,0.0,870,864,-6,-0.006896551724137931,9,9,0,0.0,13,13,0,0.0,11,11,0,0.0,2,2,0,0.0,4,4,0,0.0,1,1,0,0.0,98,98,0,0.0,417,411,-6,-0.014388489208633094,34,34,0,0.0,50,50,0,0.0,12,12,0,0.0,2,2,0,0.0,0,0,0,,550,544,-6,-0.01090909090909091,151,151,0,0.0,0,0,0,
own_v1,O2,h00008,main_combined_custom_plus_opt_1_2,raw_lift,brightened_main,False,27,9,-18,-0.6666666666666666,110,44,-66,-0.6,1244,916,-328,-0.26366559485530544,39,6,-33,-0.8461538461538461,40,20,-20,-0.5,35,18,-17,-0.4857142857142857,5,2,-3,-0.6,10,6,-4,-0.4,0,1,1,,84,94,10,0.11904761904761904,212,491,279,1.3160377358490567,5,40,35,7.0,2,41,39,19.5,8,9,1,0.125,0,2,2,,3,0,-3,-1.0,301,626,325,1.079734219269103,397,132,-265,-0.6675062972292192,0,0,0,
own_v1,O2,h00008,bundle_exact_pointer_passes,bundle_verified_input,bundle_pointer_opt,False,9,9,0,0.0,44,44,0,0.0,916,901,-15,-0.016375545851528384,6,6,0,0.0,20,20,0,0.0,18,18,0,0.0,2,2,0,0.0,6,6,0,0.0,1,1,0,0.0,94,94,0,0.0,491,491,0,0.0,40,40,0,0.0,41,36,-5,-0.12195121951219512,9,9,0,0.0,2,2,0,0.0,0,0,0,,626,626,0,0.0,132,118,-14,-0.10606060606060606,0,0,0,
own_v1,O2,h00008,llvm_default_opt_boundary_3,bundle_pointer_opt,bundle_standard_opt_3,True,9,9,0,0.0,44,44,0,0.0,901,799,-102,-0.11320754716981132,6,6,0,0.0,20,20,0,0.0,18,18,0,0.0,2,2,0,0.0,6,6,0,0.0,1,1,0,0.0,94,86,-8,-0.0851063829787234,491,399,-92,-0.18737270875763748,40,40,0,0.0,36,36,0,0.0,9,9,0,0.0,2,2,0,0.0,0,0,0,,626,526,-100,-0.1597444089456869,118,116,-2,-0.01694915254237288,0,0,0,
own_v1,O2,h00008,custom_storage_delift,bundle_standard_opt_3,bundle_storage_delift,False,9,9,0,0.0,44,44,0,0.0,799,799,0,0.0,6,6,0,0.0,20,20,0,0.0,18,18,0,0.0,2,2,0,0.0,6,6,0,0.0,1,1,0,0.0,86,86,0,0.0,399,399,0,0.0,40,40,0,0.0,36,36,0,0.0,9,9,0,0.0,2,2,0,0.0,0,0,0,,526,526,0,0.0,116,116,0,0.0,0,0,0,
own_v1,O2,h00008,custom_residual_strip,bundle_storage_delift,bundle_residual_strip,False,9,9,0,0.0,44,44,0,0.0,799,799,0,0.0,6,6,0,0.0,20,20,0,0.0,18,18,0,0.0,2,2,0,0.0,6,6,0,0.0,1,1,0,0.0,86,86,0,0.0,399,399,0,0.0,40,40,0,0.0,36,36,0,0.0,9,9,0,0.0,2,2,0,0.0,0,0,0,,526,526,0,0.0,116,116,0,0.0,0,0,0,
own_v1,O2,h00008,final_tail_opt_4_plus_custom_cleanup,bundle_residual_strip,final_clean,False,9,9,0,0.0,44,44,0,0.0,799,786,-13,-0.016270337922403004,6,6,0,0.0,20,20,0,0.0,18,18,0,0.0,2,2,0,0.0,6,6,0,0.0,1,1,0,0.0,86,86,0,0.0,399,386,-13,-0.03258145363408521,40,40,0,0.0,36,36,0,0.0,9,9,0,0.0,2,2,0,0.0,0,0,0,,526,513,-13,-0.024714828897338403,116,116,0,0.0,0,0,0,
own_v1,O2,h00009,main_combined_custom_plus_opt_1_2,raw_lift,brightened_main,False,26,2,-24,-0.9230769230769231,147,46,-101,-0.6870748299319728,1361,240,-1121,-0.8236590742101396,58,1,-57,-0.9827586206896551,36,4,-32,-0.8888888888888888,31,4,-27,-0.8709677419354839,5,0,-5,-1.0,8,1,-7,-0.875,0,3,3,,86,40,-46,-0.5348837209302325,216,63,-153,-0.7083333333333334,5,22,17,3.4,2,0,-2,-1.0,16,15,-1,-0.0625,0,1,1,,3,0,-3,-1.0,307,128,-179,-0.5830618892508144,426,32,-394,-0.9248826291079812,0,0,0,
own_v1,O2,h00009,bundle_exact_pointer_passes,bundle_verified_input,bundle_pointer_opt,False,2,2,0,0.0,46,46,0,0.0,240,240,0,0.0,1,1,0,0.0,4,4,0,0.0,4,4,0,0.0,0,0,0,,1,1,0,0.0,3,3,0,0.0,40,40,0,0.0,63,63,0,0.0,22,22,0,0.0,0,0,0,,15,15,0,0.0,1,1,0,0.0,0,0,0,,128,128,0,0.0,32,32,0,0.0,0,0,0,
own_v1,O2,h00009,llvm_default_opt_boundary_3,bundle_pointer_opt,bundle_standard_opt_3,True,2,2,0,0.0,46,46,0,0.0,240,239,-1,-0.004166666666666667,1,1,0,0.0,4,4,0,0.0,4,4,0,0.0,0,0,0,,1,1,0,0.0,3,3,0,0.0,40,40,0,0.0,63,63,0,0.0,22,21,-1,-0.045454545454545456,0,0,0,,15,15,0,0.0,1,1,0,0.0,0,0,0,,128,127,-1,-0.0078125,32,32,0,0.0,0,0,0,
own_v1,O2,h00009,custom_storage_delift,bundle_standard_opt_3,bundle_storage_delift,False,2,2,0,0.0,46,46,0,0.0,239,239,0,0.0,1,1,0,0.0,4,4,0,0.0,4,4,0,0.0,0,0,0,,1,1,0,0.0,3,3,0,0.0,40,40,0,0.0,63,63,0,0.0,21,21,0,0.0,0,0,0,,15,15,0,0.0,1,1,0,0.0,0,0,0,,127,127,0,0.0,32,32,0,0.0,0,0,0,
own_v1,O2,h00009,custom_residual_strip,bundle_storage_delift,bundle_residual_strip,False,2,2,0,0.0,46,46,0,0.0,239,239,0,0.0,1,1,0,0.0,4,4,0,0.0,4,4,0,0.0,0,0,0,,1,1,0,0.0,3,3,0,0.0,40,40,0,0.0,63,63,0,0.0,21,21,0,0.0,0,0,0,,15,15,0,0.0,1,1,0,0.0,0,0,0,,127,127,0,0.0,32,32,0,0.0,0,0,0,
own_v1,O2,h00009,final_tail_opt_4_plus_custom_cleanup,bundle_residual_strip,final_clean,False,2,1,-1,-0.5,46,45,-1,-0.021739130434782608,239,238,-1,-0.0041841004184100415,1,1,0,0.0,4,4,0,0.0,4,4,0,0.0,0,0,0,,1,1,0,0.0,3,3,0,0.0,40,40,0,0.0,63,63,0,0.0,21,21,0,0.0,0,0,0,,15,15,0,0.0,1,1,0,0.0,0,0,0,,127,127,0,0.0,32,32,0,0.0,0,0,0,
own_v1,O2,h00010,main_combined_custom_plus_opt_1_2,raw_lift,brightened_main,False,30,11,-19,-0.6333333333333333,124,49,-75,-0.6048387096774194,1513,1169,-344,-0.22736285525446134,44,4,-40,-0.9090909090909091,43,25,-18,-0.4186046511627907,37,22,-15,-0.40540540540540543,6,3,-3,-0.5,10,12,2,0.2,0,4,4,,112,138,26,0.23214285714285715,234,571,337,1.4401709401709402,8,73,65,8.125,2,37,35,17.5,10,13,3,0.3,0,2,2,,3,0,-3,-1.0,354,786,432,1.2203389830508475,445,166,-279,-0.6269662921348315,0,0,0,
own_v1,O2,h00010,bundle_exact_pointer_passes,bundle_verified_input,bundle_pointer_opt,False,11,11,0,0.0,49,49,0,0.0,1169,1149,-20,-0.01710863986313088,4,4,0,0.0,25,25,0,0.0,22,22,0,0.0,3,3,0,0.0,12,12,0,0.0,4,4,0,0.0,138,136,-2,-0.014492753623188406,571,571,0,0.0,73,71,-2,-0.0273972602739726,37,31,-6,-0.16216216216216217,13,13,0,0.0,2,2,0,0.0,0,0,0,,786,782,-4,-0.005089058524173028,166,155,-11,-0.06626506024096386,0,0,0,
own_v1,O2,h00010,llvm_default_opt_boundary_3,bundle_pointer_opt,bundle_standard_opt_3,True,11,11,0,0.0,49,49,0,0.0,1149,941,-208,-0.18102697998259357,4,4,0,0.0,25,24,-1,-0.04,22,21,-1,-0.045454545454545456,3,3,0,0.0,12,12,0,0.0,4,4,0,0.0,136,100,-36,-0.2647058823529412,571,401,-170,-0.29772329246935203,71,71,0,0.0,31,31,0,0.0,13,13,0,0.0,2,2,0,0.0,0,0,0,,782,576,-206,-0.26342710997442453,155,154,-1,-0.0064516129032258064,0,0,0,
own_v1,O2,h00010,custom_storage_delift,bundle_standard_opt_3,bundle_storage_delift,False,11,11,0,0.0,49,49,0,0.0,941,941,0,0.0,4,4,0,0.0,24,24,0,0.0,21,21,0,0.0,3,3,0,0.0,12,12,0,0.0,4,4,0,0.0,100,100,0,0.0,401,401,0,0.0,71,71,0,0.0,31,31,0,0.0,13,13,0,0.0,2,2,0,0.0,0,0,0,,576,576,0,0.0,154,154,0,0.0,0,0,0,
own_v1,O2,h00010,custom_residual_strip,bundle_storage_delift,bundle_residual_strip,False,11,11,0,0.0,49,49,0,0.0,941,941,0,0.0,4,4,0,0.0,24,24,0,0.0,21,21,0,0.0,3,3,0,0.0,12,12,0,0.0,4,4,0,0.0,100,100,0,0.0,401,401,0,0.0,71,71,0,0.0,31,31,0,0.0,13,13,0,0.0,2,2,0,0.0,0,0,0,,576,576,0,0.0,154,154,0,0.0,0,0,0,
own_v1,O2,h00010,final_tail_opt_4_plus_custom_cleanup,bundle_residual_strip,final_clean,False,11,11,0,0.0,49,49,0,0.0,941,930,-11,-0.011689691817215728,4,4,0,0.0,24,24,0,0.0,21,21,0,0.0,3,3,0,0.0,12,12,0,0.0,4,4,0,0.0,100,100,0,0.0,401,390,-11,-0.02743142144638404,71,71,0,0.0,31,31,0,0.0,13,13,0,0.0,2,2,0,0.0,0,0,0,,576,565,-11,-0.019097222222222224,154,154,0,0.0,0,0,0,
own_v1,O2,h00011,main_combined_custom_plus_opt_1_2,raw_lift,brightened_main,False,26,2,-24,-0.9230769230769231,102,24,-78,-0.7647058823529411,1082,157,-925,-0.8548983364140481,36,2,-34,-0.9444444444444444,34,3,-31,-0.9117647058823529,29,3,-26,-0.896551724137931,5,0,-5,-1.0,7,1,-6,-0.8571428571428571,0,2,2,,70,23,-47,-0.6714285714285714,174,39,-135,-0.7758620689655172,5,19,14,2.8,3,4,1,0.3333333333333333,7,6,-1,-0.14285714285714285,1,2,1,1.0,3,0,-3,-1.0,249,83,-166,-0.6666666666666666,344,21,-323,-0.938953488372093,0,0,0,
own_v1,O2,h00011,bundle_exact_pointer_passes,bundle_verified_input,bundle_pointer_opt,False,2,2,0,0.0,24,24,0,0.0,157,157,0,0.0,2,2,0,0.0,3,3,0,0.0,3,3,0,0.0,0,0,0,,1,1,0,0.0,2,2,0,0.0,23,23,0,0.0,39,39,0,0.0,19,19,0,0.0,4,4,0,0.0,6,6,0,0.0,2,2,0,0.0,0,0,0,,83,83,0,0.0,21,21,0,0.0,0,0,0,
own_v1,O2,h00011,llvm_default_opt_boundary_3,bundle_pointer_opt,bundle_standard_opt_3,True,2,2,0,0.0,24,24,0,0.0,157,156,-1,-0.006369426751592357,2,2,0,0.0,3,3,0,0.0,3,3,0,0.0,0,0,0,,1,1,0,0.0,2,2,0,0.0,23,23,0,0.0,39,39,0,0.0,19,18,-1,-0.05263157894736842,4,4,0,0.0,6,6,0,0.0,2,2,0,0.0,0,0,0,,83,82,-1,-0.012048192771084338,21,21,0,0.0,0,0,0,
own_v1,O2,h00011,custom_storage_delift,bundle_standard_opt_3,bundle_storage_delift,False,2,2,0,0.0,24,24,0,0.0,156,156,0,0.0,2,2,0,0.0,3,3,0,0.0,3,3,0,0.0,0,0,0,,1,1,0,0.0,2,2,0,0.0,23,23,0,0.0,39,39,0,0.0,18,18,0,0.0,4,4,0,0.0,6,6,0,0.0,2,2,0,0.0,0,0,0,,82,82,0,0.0,21,21,0,0.0,0,0,0,
own_v1,O2,h00011,custom_residual_strip,bundle_storage_delift,bundle_residual_strip,False,2,2,0,0.0,24,24,0,0.0,156,156,0,0.0,2,2,0,0.0,3,3,0,0.0,3,3,0,0.0,0,0,0,,1,1,0,0.0,2,2,0,0.0,23,23,0,0.0,39,39,0,0.0,18,18,0,0.0,4,4,0,0.0,6,6,0,0.0,2,2,0,0.0,0,0,0,,82,82,0,0.0,21,21,0,0.0,0,0,0,
own_v1,O2,h00011,final_tail_opt_4_plus_custom_cleanup,bundle_residual_strip,final_clean,False,2,1,-1,-0.5,24,23,-1,-0.041666666666666664,156,155,-1,-0.00641025641025641,2,2,0,0.0,3,3,0,0.0,3,3,0,0.0,0,0,0,,1,1,0,0.0,2,2,0,0.0,23,23,0,0.0,39,39,0,0.0,18,18,0,0.0,4,4,0,0.0,6,6,0,0.0,2,2,0,0.0,0,0,0,,82,82,0,0.0,21,21,0,0.0,0,0,0,
own_v1,O2,h00012,main_combined_custom_plus_opt_1_2,raw_lift,brightened_main,False,26,2,-24,-0.9230769230769231,83,15,-68,-0.8192771084337349,1002,109,-893,-0.8912175648702595,26,1,-25,-0.9615384615384616,35,2,-33,-0.9428571428571428,30,2,-28,-0.9333333333333333,5,0,-5,-1.0,8,0,-8,-1.0,0,2,2,,59,13,-46,-0.7796610169491526,159,26,-133,-0.8364779874213837,5,14,9,1.8,2,2,0,0.0,4,3,-1,-0.25,0,1,1,,3,0,-3,-1.0,223,55,-168,-0.7533632286995515,317,10,-307,-0.9684542586750788,0,0,0,
own_v1,O2,h00012,bundle_exact_pointer_passes,bundle_verified_input,bundle_pointer_opt,False,2,2,0,0.0,15,15,0,0.0,109,109,0,0.0,1,1,0,0.0,2,2,0,0.0,2,2,0,0.0,0,0,0,,0,0,0,,2,2,0,0.0,13,13,0,0.0,26,26,0,0.0,14,14,0,0.0,2,2,0,0.0,3,3,0,0.0,1,1,0,0.0,0,0,0,,55,55,0,0.0,10,10,0,0.0,0,0,0,
own_v1,O2,h00012,llvm_default_opt_boundary_3,bundle_pointer_opt,bundle_standard_opt_3,True,2,2,0,0.0,15,15,0,0.0,109,108,-1,-0.009174311926605505,1,1,0,0.0,2,2,0,0.0,2,2,0,0.0,0,0,0,,0,0,0,,2,2,0,0.0,13,13,0,0.0,26,26,0,0.0,14,13,-1,-0.07142857142857142,2,2,0,0.0,3,3,0,0.0,1,1,0,0.0,0,0,0,,55,54,-1,-0.01818181818181818,10,10,0,0.0,0,0,0,
own_v1,O2,h00012,custom_storage_delift,bundle_standard_opt_3,bundle_storage_delift,False,2,2,0,0.0,15,15,0,0.0,108,108,0,0.0,1,1,0,0.0,2,2,0,0.0,2,2,0,0.0,0,0,0,,0,0,0,,2,2,0,0.0,13,13,0,0.0,26,26,0,0.0,13,13,0,0.0,2,2,0,0.0,3,3,0,0.0,1,1,0,0.0,0,0,0,,54,54,0,0.0,10,10,0,0.0,0,0,0,
own_v1,O2,h00012,custom_residual_strip,bundle_storage_delift,bundle_residual_strip,False,2,2,0,0.0,15,15,0,0.0,108,108,0,0.0,1,1,0,0.0,2,2,0,0.0,2,2,0,0.0,0,0,0,,0,0,0,,2,2,0,0.0,13,13,0,0.0,26,26,0,0.0,13,13,0,0.0,2,2,0,0.0,3,3,0,0.0,1,1,0,0.0,0,0,0,,54,54,0,0.0,10,10,0,0.0,0,0,0,
own_v1,O2,h00012,final_tail_opt_4_plus_custom_cleanup,bundle_residual_strip,final_clean,False,2,1,-1,-0.5,15,14,-1,-0.06666666666666667,108,107,-1,-0.009259259259259259,1,1,0,0.0,2,2,0,0.0,2,2,0,0.0,0,0,0,,0,0,0,,2,2,0,0.0,13,13,0,0.0,26,26,0,0.0,13,13,0,0.0,2,2,0,0.0,3,3,0,0.0,1,1,0,0.0,0,0,0,,54,54,0,0.0,10,10,0,0.0,0,0,0,
own_v1,O2,h00013,main_combined_custom_plus_opt_1_2,raw_lift,brightened_main,False,26,2,-24,-0.9230769230769231,94,18,-76,-0.8085106382978723,1005,136,-869,-0.8646766169154229,33,1,-32,-0.9696969696969697,37,3,-34,-0.918918918918919,32,3,-29,-0.90625,5,0,-5,-1.0,7,1,-6,-0.8571428571428571,0,4,4,,65,22,-43,-0.6615384615384615,191,31,-160,-0.837696335078534,5,18,13,2.6,2,0,-2,-1.0,5,4,-1,-0.2,0,1,1,,6,0,-6,-1.0,261,75,-186,-0.7126436781609196,283,10,-273,-0.9646643109540636,0,0,0,
own_v1,O2,h00013,bundle_exact_pointer_passes,bundle_verified_input,bundle_pointer_opt,False,2,2,0,0.0,18,18,0,0.0,136,136,0,0.0,1,1,0,0.0,3,3,0,0.0,3,3,0,0.0,0,0,0,,1,1,0,0.0,4,4,0,0.0,22,22,0,0.0,31,31,0,0.0,18,18,0,0.0,0,0,0,,4,4,0,0.0,1,1,0,0.0,0,0,0,,75,75,0,0.0,10,10,0,0.0,0,0,0,
own_v1,O2,h00013,llvm_default_opt_boundary_3,bundle_pointer_opt,bundle_standard_opt_3,True,2,2,0,0.0,18,18,0,0.0,136,135,-1,-0.007352941176470588,1,1,0,0.0,3,3,0,0.0,3,3,0,0.0,0,0,0,,1,1,0,0.0,4,4,0,0.0,22,22,0,0.0,31,31,0,0.0,18,17,-1,-0.05555555555555555,0,0,0,,4,4,0,0.0,1,1,0,0.0,0,0,0,,75,74,-1,-0.013333333333333334,10,10,0,0.0,0,0,0,
own_v1,O2,h00013,custom_storage_delift,bundle_standard_opt_3,bundle_storage_delift,False,2,2,0,0.0,18,18,0,0.0,135,135,0,0.0,1,1,0,0.0,3,3,0,0.0,3,3,0,0.0,0,0,0,,1,1,0,0.0,4,4,0,0.0,22,22,0,0.0,31,31,0,0.0,17,17,0,0.0,0,0,0,,4,4,0,0.0,1,1,0,0.0,0,0,0,,74,74,0,0.0,10,10,0,0.0,0,0,0,
own_v1,O2,h00013,custom_residual_strip,bundle_storage_delift,bundle_residual_strip,False,2,2,0,0.0,18,18,0,0.0,135,135,0,0.0,1,1,0,0.0,3,3,0,0.0,3,3,0,0.0,0,0,0,,1,1,0,0.0,4,4,0,0.0,22,22,0,0.0,31,31,0,0.0,17,17,0,0.0,0,0,0,,4,4,0,0.0,1,1,0,0.0,0,0,0,,74,74,0,0.0,10,10,0,0.0,0,0,0,
own_v1,O2,h00013,final_tail_opt_4_plus_custom_cleanup,bundle_residual_strip,final_clean,False,2,1,-1,-0.5,18,17,-1,-0.05555555555555555,135,134,-1,-0.007407407407407408,1,1,0,0.0,3,3,0,0.0,3,3,0,0.0,0,0,0,,1,1,0,0.0,4,4,0,0.0,22,22,0,0.0,31,31,0,0.0,17,17,0,0.0,0,0,0,,4,4,0,0.0,1,1,0,0.0,0,0,0,,74,74,0,0.0,10,10,0,0.0,0,0,0,
own_v1,O2,h00014,main_combined_custom_plus_opt_1_2,raw_lift,brightened_main,False,27,3,-24,-0.8888888888888888,151,48,-103,-0.6821192052980133,1862,1288,-574,-0.3082706766917293,61,6,-55,-0.9016393442622951,49,9,-40,-0.8163265306122449,44,9,-35,-0.7954545454545454,5,0,-5,-1.0,15,4,-11,-0.7333333333333333,0,4,4,,107,131,24,0.22429906542056074,298,684,386,1.2953020134228188,8,10,2,0.25,2,51,49,24.5,14,13,-1,-0.07142857142857142,0,4,4,,7,0,-7,-1.0,413,829,416,1.0072639225181599,610,218,-392,-0.6426229508196721,0,0,0,
own_v1,O2,h00014,bundle_exact_pointer_passes,bundle_verified_input,bundle_pointer_opt,False,3,3,0,0.0,48,48,0,0.0,1288,1280,-8,-0.006211180124223602,6,6,0,0.0,9,9,0,0.0,9,9,0,0.0,0,0,0,,4,4,0,0.0,4,4,0,0.0,131,131,0,0.0,684,684,0,0.0,10,10,0,0.0,51,51,0,0.0,13,13,0,0.0,4,4,0,0.0,0,0,0,,829,829,0,0.0,218,210,-8,-0.03669724770642202,0,0,0,
own_v1,O2,h00014,llvm_default_opt_boundary_3,bundle_pointer_opt,bundle_standard_opt_3,True,3,3,0,0.0,48,48,0,0.0,1280,1093,-187,-0.14609375,6,6,0,0.0,9,9,0,0.0,9,9,0,0.0,0,0,0,,4,4,0,0.0,4,4,0,0.0,131,101,-30,-0.22900763358778625,684,547,-137,-0.20029239766081872,10,10,0,0.0,51,49,-2,-0.0392156862745098,13,13,0,0.0,4,4,0,0.0,0,0,0,,829,662,-167,-0.2014475271411339,210,207,-3,-0.014285714285714285,0,0,0,
own_v1,O2,h00014,custom_storage_delift,bundle_standard_opt_3,bundle_storage_delift,False,3,3,0,0.0,48,48,0,0.0,1093,1093,0,0.0,6,6,0,0.0,9,9,0,0.0,9,9,0,0.0,0,0,0,,4,4,0,0.0,4,4,0,0.0,101,101,0,0.0,547,547,0,0.0,10,10,0,0.0,49,49,0,0.0,13,13,0,0.0,4,4,0,0.0,0,0,0,,662,662,0,0.0,207,207,0,0.0,0,0,0,
own_v1,O2,h00014,custom_residual_strip,bundle_storage_delift,bundle_residual_strip,False,3,3,0,0.0,48,48,0,0.0,1093,1093,0,0.0,6,6,0,0.0,9,9,0,0.0,9,9,0,0.0,0,0,0,,4,4,0,0.0,4,4,0,0.0,101,101,0,0.0,547,547,0,0.0,10,10,0,0.0,49,49,0,0.0,13,13,0,0.0,4,4,0,0.0,0,0,0,,662,662,0,0.0,207,207,0,0.0,0,0,0,
own_v1,O2,h00014,final_tail_opt_4_plus_custom_cleanup,bundle_residual_strip,final_clean,False,3,2,-1,-0.3333333333333333,48,47,-1,-0.020833333333333332,1093,1084,-9,-0.008234217749313814,6,6,0,0.0,9,9,0,0.0,9,9,0,0.0,0,0,0,,4,4,0,0.0,4,4,0,0.0,101,101,0,0.0,547,539,-8,-0.014625228519195612,10,10,0,0.0,49,49,0,0.0,13,13,0,0.0,4,4,0,0.0,0,0,0,,662,654,-8,-0.012084592145015106,207,207,0,0.0,0,0,0,
own_v1,O2,h00015,main_combined_custom_plus_opt_1_2,raw_lift,brightened_main,False,26,2,-24,-0.9230769230769231,115,28,-87,-0.7565217391304347,1242,227,-1015,-0.8172302737520128,43,3,-40,-0.9302325581395349,40,10,-30,-0.75,35,10,-25,-0.7142857142857143,5,0,-5,-1.0,10,5,-5,-0.5,0,4,4,,73,24,-49,-0.6712328767123288,204,37,-167,-0.8186274509803921,5,31,26,5.2,2,4,2,1.0,9,10,1,0.1111111111111111,0,1,1,,5,2,-3,-0.6,282,96,-186,-0.6595744680851063,368,44,-324,-0.8804347826086957,0,0,0,
own_v1,O2,h00015,bundle_exact_pointer_passes,bundle_verified_input,bundle_pointer_opt,False,2,2,0,0.0,28,28,0,0.0,227,227,0,0.0,3,3,0,0.0,10,10,0,0.0,10,10,0,0.0,0,0,0,,5,5,0,0.0,4,4,0,0.0,24,24,0,0.0,37,37,0,0.0,31,33,2,0.06451612903225806,4,4,0,0.0,10,10,0,0.0,1,1,0,0.0,2,2,0,0.0,96,98,2,0.020833333333333332,44,44,0,0.0,0,0,0,
own_v1,O2,h00015,llvm_default_opt_boundary_3,bundle_pointer_opt,bundle_standard_opt_3,True,2,2,0,0.0,28,28,0,0.0,227,218,-9,-0.039647577092511016,3,3,0,0.0,10,11,1,0.1,10,11,1,0.1,0,0,0,,5,6,1,0.2,4,4,0,0.0,24,23,-1,-0.041666666666666664,37,35,-2,-0.05405405405405406,33,28,-5,-0.15151515151515152,4,4,0,0.0,10,10,0,0.0,1,1,0,0.0,2,2,0,0.0,98,90,-8,-0.08163265306122448,44,43,-1,-0.022727272727272728,0,0,0,
own_v1,O2,h00015,custom_storage_delift,bundle_standard_opt_3,bundle_storage_delift,False,2,2,0,0.0,28,28,0,0.0,218,218,0,0.0,3,3,0,0.0,11,11,0,0.0,11,11,0,0.0,0,0,0,,6,6,0,0.0,4,4,0,0.0,23,23,0,0.0,35,35,0,0.0,28,28,0,0.0,4,4,0,0.0,10,10,0,0.0,1,1,0,0.0,2,2,0,0.0,90,90,0,0.0,43,43,0,0.0,0,0,0,
own_v1,O2,h00015,custom_residual_strip,bundle_storage_delift,bundle_residual_strip,False,2,2,0,0.0,28,28,0,0.0,218,218,0,0.0,3,3,0,0.0,11,11,0,0.0,11,11,0,0.0,0,0,0,,6,6,0,0.0,4,4,0,0.0,23,23,0,0.0,35,35,0,0.0,28,28,0,0.0,4,4,0,0.0,10,10,0,0.0,1,1,0,0.0,2,2,0,0.0,90,90,0,0.0,43,43,0,0.0,0,0,0,
own_v1,O2,h00015,final_tail_opt_4_plus_custom_cleanup,bundle_residual_strip,final_clean,False,2,1,-1,-0.5,28,27,-1,-0.03571428571428571,218,217,-1,-0.0045871559633027525,3,3,0,0.0,11,11,0,0.0,11,11,0,0.0,0,0,0,,6,6,0,0.0,4,4,0,0.0,23,23,0,0.0,35,35,0,0.0,28,28,0,0.0,4,4,0,0.0,10,10,0,0.0,1,1,0,0.0,2,2,0,0.0,90,90,0,0.0,43,43,0,0.0,0,0,0,
own_v1,O2,h00016,main_combined_custom_plus_opt_1_2,raw_lift,brightened_main,False,26,2,-24,-0.9230769230769231,119,32,-87,-0.7310924369747899,1276,241,-1035,-0.8111285266457681,44,1,-43,-0.9772727272727273,36,8,-28,-0.7777777777777778,31,8,-23,-0.7419354838709677,5,0,-5,-1.0,8,5,-3,-0.375,0,4,4,,77,28,-49,-0.6363636363636364,195,64,-131,-0.6717948717948717,5,33,28,5.6,2,2,0,0.0,10,10,0,0.0,0,1,1,,3,0,-3,-1.0,277,129,-148,-0.5342960288808665,401,34,-367,-0.9152119700748129,0,0,0,
own_v1,O2,h00016,bundle_exact_pointer_passes,bundle_verified_input,bundle_pointer_opt,False,2,2,0,0.0,32,32,0,0.0,241,241,0,0.0,1,1,0,0.0,8,8,0,0.0,8,8,0,0.0,0,0,0,,5,5,0,0.0,4,4,0,0.0,28,28,0,0.0,64,64,0,0.0,33,33,0,0.0,2,2,0,0.0,10,10,0,0.0,1,1,0,0.0,0,0,0,,129,129,0,0.0,34,34,0,0.0,0,0,0,
own_v1,O2,h00016,llvm_default_opt_boundary_3,bundle_pointer_opt,bundle_standard_opt_3,True,2,2,0,0.0,32,32,0,0.0,241,240,-1,-0.004149377593360996,1,1,0,0.0,8,8,0,0.0,8,8,0,0.0,0,0,0,,5,5,0,0.0,4,4,0,0.0,28,28,0,0.0,64,64,0,0.0,33,32,-1,-0.030303030303030304,2,2,0,0.0,10,10,0,0.0,1,1,0,0.0,0,0,0,,129,128,-1,-0.007751937984496124,34,34,0,0.0,0,0,0,
own_v1,O2,h00016,custom_storage_delift,bundle_standard_opt_3,bundle_storage_delift,False,2,2,0,0.0,32,32,0,0.0,240,240,0,0.0,1,1,0,0.0,8,8,0,0.0,8,8,0,0.0,0,0,0,,5,5,0,0.0,4,4,0,0.0,28,28,0,0.0,64,64,0,0.0,32,32,0,0.0,2,2,0,0.0,10,10,0,0.0,1,1,0,0.0,0,0,0,,128,128,0,0.0,34,34,0,0.0,0,0,0,
own_v1,O2,h00016,custom_residual_strip,bundle_storage_delift,bundle_residual_strip,False,2,2,0,0.0,32,32,0,0.0,240,240,0,0.0,1,1,0,0.0,8,8,0,0.0,8,8,0,0.0,0,0,0,,5,5,0,0.0,4,4,0,0.0,28,28,0,0.0,64,64,0,0.0,32,32,0,0.0,2,2,0,0.0,10,10,0,0.0,1,1,0,0.0,0,0,0,,128,128,0,0.0,34,34,0,0.0,0,0,0,
own_v1,O2,h00016,final_tail_opt_4_plus_custom_cleanup,bundle_residual_strip,final_clean,False,2,1,-1,-0.5,32,31,-1,-0.03125,240,239,-1,-0.004166666666666667,1,1,0,0.0,8,8,0,0.0,8,8,0,0.0,0,0,0,,5,5,0,0.0,4,4,0,0.0,28,28,0,0.0,64,64,0,0.0,32,32,0,0.0,2,2,0,0.0,10,10,0,0.0,1,1,0,0.0,0,0,0,,128,128,0,0.0,34,34,0,0.0,0,0,0,
own_v1,O2,h00017,main_combined_custom_plus_opt_1_2,raw_lift,brightened_main,False,27,9,-18,-0.6666666666666666,113,42,-71,-0.6283185840707964,1543,1035,-508,-0.3292287751134154,42,4,-38,-0.9047619047619048,54,36,-18,-0.3333333333333333,49,34,-15,-0.30612244897959184,5,2,-3,-0.6,19,15,-4,-0.21052631578947367,0,5,5,,84,108,24,0.2857142857142857,297,431,134,0.4511784511784512,4,46,42,10.5,4,33,29,7.25,12,14,2,0.16666666666666666,0,1,1,,6,0,-6,-1.0,385,590,205,0.5324675324675324,474,186,-288,-0.6075949367088608,0,0,0,
own_v1,O2,h00017,bundle_exact_pointer_passes,bundle_verified_input,bundle_pointer_opt,False,9,9,0,0.0,42,42,0,0.0,1035,1029,-6,-0.005797101449275362,4,4,0,0.0,36,36,0,0.0,34,34,0,0.0,2,2,0,0.0,15,15,0,0.0,5,5,0,0.0,108,108,0,0.0,431,431,0,0.0,46,46,0,0.0,33,29,-4,-0.12121212121212122,14,14,0,0.0,1,1,0,0.0,0,0,0,,590,590,0,0.0,186,180,-6,-0.03225806451612903,0,0,0,
own_v1,O2,h00017,llvm_default_opt_boundary_3,bundle_pointer_opt,bundle_standard_opt_3,True,9,9,0,0.0,42,42,0,0.0,1029,853,-176,-0.17103984450923226,4,4,0,0.0,36,33,-3,-0.08333333333333333,34,31,-3,-0.08823529411764706,2,2,0,0.0,15,14,-1,-0.06666666666666667,5,5,0,0.0,108,72,-36,-0.3333333333333333,431,307,-124,-0.2877030162412993,46,46,0,0.0,29,27,-2,-0.06896551724137931,14,14,0,0.0,1,1,0,0.0,0,0,0,,590,430,-160,-0.2711864406779661,180,173,-7,-0.03888888888888889,0,0,0,
own_v1,O2,h00017,custom_storage_delift,bundle_standard_opt_3,bundle_storage_delift,False,9,9,0,0.0,42,42,0,0.0,853,853,0,0.0,4,4,0,0.0,33,33,0,0.0,31,31,0,0.0,2,2,0,0.0,14,14,0,0.0,5,5,0,0.0,72,72,0,0.0,307,307,0,0.0,46,46,0,0.0,27,27,0,0.0,14,14,0,0.0,1,1,0,0.0,0,0,0,,430,430,0,0.0,173,173,0,0.0,0,0,0,
own_v1,O2,h00017,custom_residual_strip,bundle_storage_delift,bundle_residual_strip,False,9,9,0,0.0,42,42,0,0.0,853,853,0,0.0,4,4,0,0.0,33,33,0,0.0,31,31,0,0.0,2,2,0,0.0,14,14,0,0.0,5,5,0,0.0,72,72,0,0.0,307,307,0,0.0,46,46,0,0.0,27,27,0,0.0,14,14,0,0.0,1,1,0,0.0,0,0,0,,430,430,0,0.0,173,173,0,0.0,0,0,0,
own_v1,O2,h00017,final_tail_opt_4_plus_custom_cleanup,bundle_residual_strip,final_clean,False,9,9,0,0.0,42,42,0,0.0,853,844,-9,-0.010550996483001172,4,4,0,0.0,33,33,0,0.0,31,31,0,0.0,2,2,0,0.0,14,14,0,0.0,5,5,0,0.0,72,72,0,0.0,307,306,-1,-0.003257328990228013,46,46,0,0.0,27,27,0,0.0,14,14,0,0.0,1,1,0,0.0,0,0,0,,430,429,-1,-0.002325581395348837,173,169,-4,-0.023121387283236993,0,0,0,
own_v1,O2,h00018,main_combined_custom_plus_opt_1_2,raw_lift,brightened_main,False,27,9,-18,-0.6666666666666666,152,63,-89,-0.5855263157894737,1539,1103,-436,-0.28330084470435346,60,4,-56,-0.9333333333333333,36,14,-22,-0.6111111111111112,31,12,-19,-0.6129032258064516,5,2,-3,-0.6,7,5,-2,-0.2857142857142857,0,1,1,,96,93,-3,-0.03125,230,598,368,1.6,5,66,61,12.2,2,39,37,18.5,16,19,3,0.1875,0,1,1,,3,0,-3,-1.0,331,758,427,1.2900302114803626,504,150,-354,-0.7023809523809523,0,0,0,
own_v1,O2,h00018,bundle_exact_pointer_passes,bundle_verified_input,bundle_pointer_opt,False,9,9,0,0.0,63,63,0,0.0,1103,1075,-28,-0.025385312783318223,4,4,0,0.0,14,14,0,0.0,12,12,0,0.0,2,2,0,0.0,5,5,0,0.0,1,1,0,0.0,93,93,0,0.0,598,598,0,0.0,66,66,0,0.0,39,30,-9,-0.23076923076923078,19,19,0,0.0,1,1,0,0.0,0,0,0,,758,758,0,0.0,150,128,-22,-0.14666666666666667,0,0,0,
own_v1,O2,h00018,llvm_default_opt_boundary_3,bundle_pointer_opt,bundle_standard_opt_3,True,9,9,0,0.0,63,63,0,0.0,1075,913,-162,-0.15069767441860465,4,4,0,0.0,14,14,0,0.0,12,12,0,0.0,2,2,0,0.0,5,5,0,0.0,1,1,0,0.0,93,84,-9,-0.0967741935483871,598,446,-152,-0.25418060200668896,66,66,0,0.0,30,30,0,0.0,19,19,0,0.0,1,1,0,0.0,0,0,0,,758,597,-161,-0.21240105540897097,128,127,-1,-0.0078125,0,0,0,
own_v1,O2,h00018,custom_storage_delift,bundle_standard_opt_3,bundle_storage_delift,False,9,9,0,0.0,63,63,0,0.0,913,913,0,0.0,4,4,0,0.0,14,14,0,0.0,12,12,0,0.0,2,2,0,0.0,5,5,0,0.0,1,1,0,0.0,84,84,0,0.0,446,446,0,0.0,66,66,0,0.0,30,30,0,0.0,19,19,0,0.0,1,1,0,0.0,0,0,0,,597,597,0,0.0,127,127,0,0.0,0,0,0,
own_v1,O2,h00018,custom_residual_strip,bundle_storage_delift,bundle_residual_strip,False,9,9,0,0.0,63,63,0,0.0,913,913,0,0.0,4,4,0,0.0,14,14,0,0.0,12,12,0,0.0,2,2,0,0.0,5,5,0,0.0,1,1,0,0.0,84,84,0,0.0,446,446,0,0.0,66,66,0,0.0,30,30,0,0.0,19,19,0,0.0,1,1,0,0.0,0,0,0,,597,597,0,0.0,127,127,0,0.0,0,0,0,
own_v1,O2,h00018,final_tail_opt_4_plus_custom_cleanup,bundle_residual_strip,final_clean,False,9,9,0,0.0,63,63,0,0.0,913,859,-54,-0.05914567360350493,4,4,0,0.0,14,14,0,0.0,12,12,0,0.0,2,2,0,0.0,5,5,0,0.0,1,1,0,0.0,84,84,0,0.0,446,392,-54,-0.1210762331838565,66,66,0,0.0,30,30,0,0.0,19,19,0,0.0,1,1,0,0.0,0,0,0,,597,543,-54,-0.09045226130653267,127,127,0,0.0,0,0,0,
own_v1,O2,h00019,main_combined_custom_plus_opt_1_2,raw_lift,brightened_main,False,26,2,-24,-0.9230769230769231,133,39,-94,-0.706766917293233,1355,280,-1075,-0.7933579335793358,51,1,-50,-0.9803921568627451,36,8,-28,-0.7777777777777778,31,8,-23,-0.7419354838709677,5,0,-5,-1.0,8,5,-3,-0.375,0,5,5,,86,37,-49,-0.5697674418604651,203,74,-129,-0.6354679802955665,5,35,30,6.0,2,2,0,0.0,13,13,0,0.0,0,1,1,,3,0,-3,-1.0,294,151,-143,-0.48639455782312924,412,42,-370,-0.8980582524271845,0,0,0,
own_v1,O2,h00019,bundle_exact_pointer_passes,bundle_verified_input,bundle_pointer_opt,False,2,2,0,0.0,39,39,0,0.0,280,280,0,0.0,1,1,0,0.0,8,8,0,0.0,8,8,0,0.0,0,0,0,,5,5,0,0.0,5,5,0,0.0,37,37,0,0.0,74,74,0,0.0,35,35,0,0.0,2,2,0,0.0,13,13,0,0.0,1,1,0,0.0,0,0,0,,151,151,0,0.0,42,42,0,0.0,0,0,0,
own_v1,O2,h00019,llvm_default_opt_boundary_3,bundle_pointer_opt,bundle_standard_opt_3,True,2,2,0,0.0,39,39,0,0.0,280,279,-1,-0.0035714285714285713,1,1,0,0.0,8,8,0,0.0,8,8,0,0.0,0,0,0,,5,5,0,0.0,5,5,0,0.0,37,37,0,0.0,74,74,0,0.0,35,34,-1,-0.02857142857142857,2,2,0,0.0,13,13,0,0.0,1,1,0,0.0,0,0,0,,151,150,-1,-0.006622516556291391,42,42,0,0.0,0,0,0,
own_v1,O2,h00019,custom_storage_delift,bundle_standard_opt_3,bundle_storage_delift,False,2,2,0,0.0,39,39,0,0.0,279,279,0,0.0,1,1,0,0.0,8,8,0,0.0,8,8,0,0.0,0,0,0,,5,5,0,0.0,5,5,0,0.0,37,37,0,0.0,74,74,0,0.0,34,34,0,0.0,2,2,0,0.0,13,13,0,0.0,1,1,0,0.0,0,0,0,,150,150,0,0.0,42,42,0,0.0,0,0,0,
own_v1,O2,h00019,custom_residual_strip,bundle_storage_delift,bundle_residual_strip,False,2,2,0,0.0,39,39,0,0.0,279,279,0,0.0,1,1,0,0.0,8,8,0,0.0,8,8,0,0.0,0,0,0,,5,5,0,0.0,5,5,0,0.0,37,37,0,0.0,74,74,0,0.0,34,34,0,0.0,2,2,0,0.0,13,13,0,0.0,1,1,0,0.0,0,0,0,,150,150,0,0.0,42,42,0,0.0,0,0,0,
own_v1,O2,h00019,final_tail_opt_4_plus_custom_cleanup,bundle_residual_strip,final_clean,False,2,1,-1,-0.5,39,38,-1,-0.02564102564102564,279,278,-1,-0.0035842293906810036,1,1,0,0.0,8,8,0,0.0,8,8,0,0.0,0,0,0,,5,5,0,0.0,5,5,0,0.0,37,37,0,0.0,74,74,0,0.0,34,34,0,0.0,2,2,0,0.0,13,13,0,0.0,1,1,0,0.0,0,0,0,,150,150,0,0.0,42,42,0,0.0,0,0,0,
own_v1,O2,h00020,main_combined_custom_plus_opt_1_2,raw_lift,brightened_main,False,28,8,-20,-0.7142857142857143,119,47,-72,-0.6050420168067226,1505,1084,-421,-0.27973421926910297,44,8,-36,-0.8181818181818182,49,17,-32,-0.6530612244897959,44,15,-29,-0.6590909090909091,5,2,-3,-0.6,14,7,-7,-0.5,0,2,2,,82,140,58,0.7073170731707317,260,543,283,1.0884615384615384,5,39,34,6.8,2,39,37,18.5,9,10,1,0.1111111111111111,0,1,1,,5,0,-5,-1.0,347,724,377,1.0864553314121037,479,158,-321,-0.6701461377870563,0,0,0,
own_v1,O2,h00020,bundle_exact_pointer_passes,bundle_verified_input,bundle_pointer_opt,False,8,8,0,0.0,47,47,0,0.0,1084,1082,-2,-0.0018450184501845018,8,8,0,0.0,17,17,0,0.0,15,15,0,0.0,2,2,0,0.0,7,7,0,0.0,2,2,0,0.0,140,140,0,0.0,543,543,0,0.0,39,39,0,0.0,39,37,-2,-0.05128205128205128,10,10,0,0.0,1,1,0,0.0,0,0,0,,724,724,0,0.0,158,156,-2,-0.012658227848101266,0,0,0,
own_v1,O2,h00020,llvm_default_opt_boundary_3,bundle_pointer_opt,bundle_standard_opt_3,True,8,8,0,0.0,47,47,0,0.0,1082,878,-204,-0.18853974121996303,8,8,0,0.0,17,17,0,0.0,15,15,0,0.0,2,2,0,0.0,7,7,0,0.0,2,2,0,0.0,140,92,-48,-0.34285714285714286,543,395,-148,-0.27255985267034993,39,39,0,0.0,37,35,-2,-0.05405405405405406,10,10,0,0.0,1,1,0,0.0,0,0,0,,724,528,-196,-0.27071823204419887,156,152,-4,-0.02564102564102564,0,0,0,
own_v1,O2,h00020,custom_storage_delift,bundle_standard_opt_3,bundle_storage_delift,False,8,8,0,0.0,47,47,0,0.0,878,878,0,0.0,8,8,0,0.0,17,17,0,0.0,15,15,0,0.0,2,2,0,0.0,7,7,0,0.0,2,2,0,0.0,92,92,0,0.0,395,395,0,0.0,39,39,0,0.0,35,35,0,0.0,10,10,0,0.0,1,1,0,0.0,0,0,0,,528,528,0,0.0,152,152,0,0.0,0,0,0,
own_v1,O2,h00020,custom_residual_strip,bundle_storage_delift,bundle_residual_strip,False,8,8,0,0.0,47,47,0,0.0,878,878,0,0.0,8,8,0,0.0,17,17,0,0.0,15,15,0,0.0,2,2,0,0.0,7,7,0,0.0,2,2,0,0.0,92,92,0,0.0,395,395,0,0.0,39,39,0,0.0,35,35,0,0.0,10,10,0,0.0,1,1,0,0.0,0,0,0,,528,528,0,0.0,152,152,0,0.0,0,0,0,
own_v1,O2,h00020,final_tail_opt_4_plus_custom_cleanup,bundle_residual_strip,final_clean,False,8,8,0,0.0,47,47,0,0.0,878,865,-13,-0.014806378132118452,8,8,0,0.0,17,17,0,0.0,15,15,0,0.0,2,2,0,0.0,7,7,0,0.0,2,2,0,0.0,92,92,0,0.0,395,382,-13,-0.03291139240506329,39,39,0,0.0,35,35,0,0.0,10,10,0,0.0,1,1,0,0.0,0,0,0,,528,515,-13,-0.02462121212121212,152,152,0,0.0,0,0,0,
own_v1,O2,h00021,main_combined_custom_plus_opt_1_2,raw_lift,brightened_main,False,27,8,-19,-0.7037037037037037,110,44,-66,-0.6,1529,854,-675,-0.44146500981033354,39,8,-31,-0.7948717948717948,58,19,-39,-0.6724137931034483,53,17,-36,-0.6792452830188679,5,2,-3,-0.6,22,5,-17,-0.7727272727272727,0,1,1,,85,111,26,0.3058823529411765,322,352,30,0.09316770186335403,4,44,40,10.0,4,31,27,6.75,12,20,8,0.6666666666666666,0,2,2,,3,0,-3,-1.0,411,508,97,0.2360097323600973,466,153,-313,-0.6716738197424893,0,0,0,
own_v1,O2,h00021,bundle_exact_pointer_passes,bundle_verified_input,bundle_pointer_opt,False,8,8,0,0.0,44,44,0,0.0,854,840,-14,-0.01639344262295082,8,8,0,0.0,19,19,0,0.0,17,17,0,0.0,2,2,0,0.0,5,5,0,0.0,1,1,0,0.0,111,111,0,0.0,352,352,0,0.0,44,44,0,0.0,31,25,-6,-0.1935483870967742,20,20,0,0.0,2,2,0,0.0,0,0,0,,508,508,0,0.0,153,139,-14,-0.0915032679738562,0,0,0,
own_v1,O2,h00021,llvm_default_opt_boundary_3,bundle_pointer_opt,bundle_standard_opt_3,True,8,8,0,0.0,44,44,0,0.0,840,713,-127,-0.15119047619047618,8,8,0,0.0,19,18,-1,-0.05263157894736842,17,16,-1,-0.058823529411764705,2,2,0,0.0,5,4,-1,-0.2,1,1,0,0.0,111,71,-40,-0.36036036036036034,352,275,-77,-0.21875,44,44,0,0.0,25,25,0,0.0,20,20,0,0.0,2,2,0,0.0,0,0,0,,508,391,-117,-0.23031496062992127,139,136,-3,-0.02158273381294964,0,0,0,
own_v1,O2,h00021,custom_storage_delift,bundle_standard_opt_3,bundle_storage_delift,False,8,8,0,0.0,44,44,0,0.0,713,713,0,0.0,8,8,0,0.0,18,18,0,0.0,16,16,0,0.0,2,2,0,0.0,4,4,0,0.0,1,1,0,0.0,71,71,0,0.0,275,275,0,0.0,44,44,0,0.0,25,25,0,0.0,20,20,0,0.0,2,2,0,0.0,0,0,0,,391,391,0,0.0,136,136,0,0.0,0,0,0,
own_v1,O2,h00021,custom_residual_strip,bundle_storage_delift,bundle_residual_strip,False,8,8,0,0.0,44,44,0,0.0,713,713,0,0.0,8,8,0,0.0,18,18,0,0.0,16,16,0,0.0,2,2,0,0.0,4,4,0,0.0,1,1,0,0.0,71,71,0,0.0,275,275,0,0.0,44,44,0,0.0,25,25,0,0.0,20,20,0,0.0,2,2,0,0.0,0,0,0,,391,391,0,0.0,136,136,0,0.0,0,0,0,
own_v1,O2,h00021,final_tail_opt_4_plus_custom_cleanup,bundle_residual_strip,final_clean,False,8,8,0,0.0,44,44,0,0.0,713,709,-4,-0.005610098176718092,8,8,0,0.0,18,18,0,0.0,16,16,0,0.0,2,2,0,0.0,4,4,0,0.0,1,1,0,0.0,71,71,0,0.0,275,274,-1,-0.0036363636363636364,44,44,0,0.0,25,25,0,0.0,20,20,0,0.0,2,2,0,0.0,0,0,0,,391,390,-1,-0.0025575447570332483,136,134,-2,-0.014705882352941176,0,0,0,
own_v1,O2,h00022,main_combined_custom_plus_opt_1_2,raw_lift,brightened_main,False,27,3,-24,-0.8888888888888888,58,10,-48,-0.8275862068965517,693,460,-233,-0.3362193362193362,13,1,-12,-0.9230769230769231,39,9,-30,-0.7692307692307693,34,9,-25,-0.7352941176470589,5,0,-5,-1.0,9,5,-4,-0.4444444444444444,0,2,2,,55,75,20,0.36363636363636365,174,213,39,0.22413793103448276,6,9,3,0.5,2,14,12,6.0,2,1,-1,-0.5,0,1,1,,4,0,-4,-1.0,235,299,64,0.2723404255319149,158,69,-89,-0.5632911392405063,0,0,0,
own_v1,O2,h00022,bundle_exact_pointer_passes,bundle_verified_input,bundle_pointer_opt,False,3,3,0,0.0,10,10,0,0.0,460,460,0,0.0,1,1,0,0.0,9,9,0,0.0,9,9,0,0.0,0,0,0,,5,5,0,0.0,2,2,0,0.0,75,75,0,0.0,213,213,0,0.0,9,9,0,0.0,14,14,0,0.0,1,1,0,0.0,1,1,0,0.0,0,0,0,,299,299,0,0.0,69,69,0,0.0,0,0,0,
own_v1,O2,h00022,llvm_default_opt_boundary_3,bundle_pointer_opt,bundle_standard_opt_3,True,3,3,0,0.0,10,10,0,0.0,460,208,-252,-0.5478260869565217,1,1,0,0.0,9,5,-4,-0.4444444444444444,9,5,-4,-0.4444444444444444,0,0,0,,5,1,-4,-0.8,2,2,0,0.0,75,25,-50,-0.6666666666666666,213,99,-114,-0.5352112676056338,9,9,0,0.0,14,7,-7,-0.5,1,1,0,0.0,1,1,0,0.0,0,0,0,,299,135,-164,-0.5484949832775919,69,26,-43,-0.6231884057971014,0,0,0,
own_v1,O2,h00022,custom_storage_delift,bundle_standard_opt_3,bundle_storage_delift,False,3,3,0,0.0,10,10,0,0.0,208,208,0,0.0,1,1,0,0.0,5,5,0,0.0,5,5,0,0.0,0,0,0,,1,1,0,0.0,2,2,0,0.0,25,25,0,0.0,99,99,0,0.0,9,9,0,0.0,7,7,0,0.0,1,1,0,0.0,1,1,0,0.0,0,0,0,,135,135,0,0.0,26,26,0,0.0,0,0,0,
own_v1,O2,h00022,custom_residual_strip,bundle_storage_delift,bundle_residual_strip,False,3,3,0,0.0,10,10,0,0.0,208,208,0,0.0,1,1,0,0.0,5,5,0,0.0,5,5,0,0.0,0,0,0,,1,1,0,0.0,2,2,0,0.0,25,25,0,0.0,99,99,0,0.0,9,9,0,0.0,7,7,0,0.0,1,1,0,0.0,1,1,0,0.0,0,0,0,,135,135,0,0.0,26,26,0,0.0,0,0,0,
own_v1,O2,h00022,final_tail_opt_4_plus_custom_cleanup,bundle_residual_strip,final_clean,False,3,2,-1,-0.3333333333333333,10,9,-1,-0.1,208,205,-3,-0.014423076923076924,1,1,0,0.0,5,5,0,0.0,5,5,0,0.0,0,0,0,,1,1,0,0.0,2,2,0,0.0,25,25,0,0.0,99,97,-2,-0.020202020202020204,9,9,0,0.0,7,7,0,0.0,1,1,0,0.0,1,1,0,0.0,0,0,0,,135,133,-2,-0.014814814814814815,26,26,0,0.0,0,0,0,
own_v1,O2,h00023,main_combined_custom_plus_opt_1_2,raw_lift,brightened_main,False,26,2,-24,-0.9230769230769231,128,34,-94,-0.734375,1402,286,-1116,-0.7960057061340942,49,2,-47,-0.9591836734693877,38,9,-29,-0.7631578947368421,33,9,-24,-0.7272727272727273,5,0,-5,-1.0,9,5,-4,-0.4444444444444444,0,4,4,,86,37,-49,-0.5697674418604651,214,43,-171,-0.7990654205607477,5,42,37,7.4,2,4,2,1.0,11,12,1,0.09090909090909091,0,1,1,,4,1,-3,-0.75,305,126,-179,-0.5868852459016394,421,51,-370,-0.8788598574821853,0,0,0,
own_v1,O2,h00023,bundle_exact_pointer_passes,bundle_verified_input,bundle_pointer_opt,False,2,2,0,0.0,34,34,0,0.0,286,286,0,0.0,2,2,0,0.0,9,9,0,0.0,9,9,0,0.0,0,0,0,,5,5,0,0.0,4,4,0,0.0,37,37,0,0.0,43,43,0,0.0,42,49,7,0.16666666666666666,4,4,0,0.0,12,12,0,0.0,1,1,0,0.0,1,1,0,0.0,126,133,7,0.05555555555555555,51,51,0,0.0,0,0,0,
own_v1,O2,h00023,llvm_default_opt_boundary_3,bundle_pointer_opt,bundle_standard_opt_3,True,2,2,0,0.0,34,34,0,0.0,286,277,-9,-0.03146853146853147,2,2,0,0.0,9,9,0,0.0,9,9,0,0.0,0,0,0,,5,5,0,0.0,4,4,0,0.0,37,37,0,0.0,43,43,0,0.0,49,40,-9,-0.1836734693877551,4,4,0,0.0,12,12,0,0.0,1,1,0,0.0,1,1,0,0.0,133,124,-9,-0.06766917293233082,51,51,0,0.0,0,0,0,
own_v1,O2,h00023,custom_storage_delift,bundle_standard_opt_3,bundle_storage_delift,False,2,2,0,0.0,34,34,0,0.0,277,277,0,0.0,2,2,0,0.0,9,9,0,0.0,9,9,0,0.0,0,0,0,,5,5,0,0.0,4,4,0,0.0,37,37,0,0.0,43,43,0,0.0,40,40,0,0.0,4,4,0,0.0,12,12,0,0.0,1,1,0,0.0,1,1,0,0.0,124,124,0,0.0,51,51,0,0.0,0,0,0,
own_v1,O2,h00023,custom_residual_strip,bundle_storage_delift,bundle_residual_strip,False,2,2,0,0.0,34,34,0,0.0,277,277,0,0.0,2,2,0,0.0,9,9,0,0.0,9,9,0,0.0,0,0,0,,5,5,0,0.0,4,4,0,0.0,37,37,0,0.0,43,43,0,0.0,40,40,0,0.0,4,4,0,0.0,12,12,0,0.0,1,1,0,0.0,1,1,0,0.0,124,124,0,0.0,51,51,0,0.0,0,0,0,
own_v1,O2,h00023,final_tail_opt_4_plus_custom_cleanup,bundle_residual_strip,final_clean,False,2,1,-1,-0.5,34,33,-1,-0.029411764705882353,277,276,-1,-0.0036101083032490976,2,2,0,0.0,9,9,0,0.0,9,9,0,0.0,0,0,0,,5,5,0,0.0,4,4,0,0.0,37,37,0,0.0,43,43,0,0.0,40,40,0,0.0,4,4,0,0.0,12,12,0,0.0,1,1,0,0.0,1,1,0,0.0,124,124,0,0.0,51,51,0,0.0,0,0,0,
own_v1,O2,h00024,main_combined_custom_plus_opt_1_2,raw_lift,brightened_main,False,27,9,-18,-0.6666666666666666,90,30,-60,-0.6666666666666666,1107,667,-440,-0.3974706413730804,29,2,-27,-0.9310344827586207,41,14,-27,-0.6585365853658537,36,12,-24,-0.6666666666666666,5,2,-3,-0.6,11,4,-7,-0.6363636363636364,0,1,1,,77,91,14,0.18181818181818182,203,304,101,0.4975369458128079,5,29,24,4.8,2,32,30,15.0,5,6,1,0.2,0,1,1,,3,0,-3,-1.0,285,425,140,0.49122807017543857,326,112,-214,-0.656441717791411,0,0,0,
own_v1,O2,h00024,bundle_exact_pointer_passes,bundle_verified_input,bundle_pointer_opt,False,9,9,0,0.0,30,30,0,0.0,667,654,-13,-0.019490254872563718,2,2,0,0.0,14,14,0,0.0,12,12,0,0.0,2,2,0,0.0,4,4,0,0.0,1,1,0,0.0,91,91,0,0.0,304,304,0,0.0,29,29,0,0.0,32,26,-6,-0.1875,6,6,0,0.0,1,1,0,0.0,0,0,0,,425,425,0,0.0,112,102,-10,-0.08928571428571429,0,0,0,
own_v1,O2,h00024,llvm_default_opt_boundary_3,bundle_pointer_opt,bundle_standard_opt_3,True,9,9,0,0.0,30,30,0,0.0,654,571,-83,-0.12691131498470948,2,2,0,0.0,14,14,0,0.0,12,12,0,0.0,2,2,0,0.0,4,4,0,0.0,1,1,0,0.0,91,71,-20,-0.21978021978021978,304,242,-62,-0.20394736842105263,29,29,0,0.0,26,26,0,0.0,6,6,0,0.0,1,1,0,0.0,0,0,0,,425,343,-82,-0.19294117647058823,102,101,-1,-0.00980392156862745,0,0,0,
own_v1,O2,h00024,custom_storage_delift,bundle_standard_opt_3,bundle_storage_delift,False,9,9,0,0.0,30,30,0,0.0,571,571,0,0.0,2,2,0,0.0,14,14,0,0.0,12,12,0,0.0,2,2,0,0.0,4,4,0,0.0,1,1,0,0.0,71,71,0,0.0,242,242,0,0.0,29,29,0,0.0,26,26,0,0.0,6,6,0,0.0,1,1,0,0.0,0,0,0,,343,343,0,0.0,101,101,0,0.0,0,0,0,
own_v1,O2,h00024,custom_residual_strip,bundle_storage_delift,bundle_residual_strip,False,9,9,0,0.0,30,30,0,0.0,571,571,0,0.0,2,2,0,0.0,14,14,0,0.0,12,12,0,0.0,2,2,0,0.0,4,4,0,0.0,1,1,0,0.0,71,71,0,0.0,242,242,0,0.0,29,29,0,0.0,26,26,0,0.0,6,6,0,0.0,1,1,0,0.0,0,0,0,,343,343,0,0.0,101,101,0,0.0,0,0,0,
own_v1,O2,h00024,final_tail_opt_4_plus_custom_cleanup,bundle_residual_strip,final_clean,False,9,9,0,0.0,30,30,0,0.0,571,571,0,0.0,2,2,0,0.0,14,14,0,0.0,12,12,0,0.0,2,2,0,0.0,4,4,0,0.0,1,1,0,0.0,71,71,0,0.0,242,242,0,0.0,29,29,0,0.0,26,26,0,0.0,6,6,0,0.0,1,1,0,0.0,0,0,0,,343,343,0,0.0,101,101,0,0.0,0,0,0,
own_v1,O2,h00025,main_combined_custom_plus_opt_1_2,raw_lift,brightened_main,False,27,8,-19,-0.7037037037037037,115,42,-73,-0.6347826086956522,1278,958,-320,-0.25039123630672927,43,5,-38,-0.8837209302325582,41,12,-29,-0.7073170731707317,36,10,-26,-0.7222222222222222,5,2,-3,-0.6,9,4,-5,-0.5555555555555556,0,2,2,,79,111,32,0.4050632911392405,234,528,294,1.2564102564102564,5,47,42,8.4,3,43,40,13.333333333333334,9,10,1,0.1111111111111111,1,2,1,1.0,5,0,-5,-1.0,318,688,370,1.1635220125786163,384,125,-259,-0.6744791666666666,0,0,0,
own_v1,O2,h00025,bundle_exact_pointer_passes,bundle_verified_input,bundle_pointer_opt,False,8,8,0,0.0,42,42,0,0.0,958,949,-9,-0.009394572025052192,5,5,0,0.0,12,12,0,0.0,10,10,0,0.0,2,2,0,0.0,4,4,0,0.0,2,2,0,0.0,111,111,0,0.0,528,528,0,0.0,47,47,0,0.0,43,37,-6,-0.13953488372093023,10,10,0,0.0,2,2,0,0.0,0,0,0,,688,688,0,0.0,125,117,-8,-0.064,0,0,0,
own_v1,O2,h00025,llvm_default_opt_boundary_3,bundle_pointer_opt,bundle_standard_opt_3,True,8,8,0,0.0,42,42,0,0.0,949,756,-193,-0.20337197049525815,5,5,0,0.0,12,12,0,0.0,10,10,0,0.0,2,2,0,0.0,4,4,0,0.0,2,2,0,0.0,111,78,-33,-0.2972972972972973,528,371,-157,-0.29734848484848486,47,47,0,0.0,37,35,-2,-0.05405405405405406,10,10,0,0.0,2,2,0,0.0,0,0,0,,688,498,-190,-0.2761627906976744,117,114,-3,-0.02564102564102564,0,0,0,
own_v1,O2,h00025,custom_storage_delift,bundle_standard_opt_3,bundle_storage_delift,False,8,8,0,0.0,42,42,0,0.0,756,756,0,0.0,5,5,0,0.0,12,12,0,0.0,10,10,0,0.0,2,2,0,0.0,4,4,0,0.0,2,2,0,0.0,78,78,0,0.0,371,371,0,0.0,47,47,0,0.0,35,35,0,0.0,10,10,0,0.0,2,2,0,0.0,0,0,0,,498,498,0,0.0,114,114,0,0.0,0,0,0,
own_v1,O2,h00025,custom_residual_strip,bundle_storage_delift,bundle_residual_strip,False,8,8,0,0.0,42,42,0,0.0,756,756,0,0.0,5,5,0,0.0,12,12,0,0.0,10,10,0,0.0,2,2,0,0.0,4,4,0,0.0,2,2,0,0.0,78,78,0,0.0,371,371,0,0.0,47,47,0,0.0,35,35,0,0.0,10,10,0,0.0,2,2,0,0.0,0,0,0,,498,498,0,0.0,114,114,0,0.0,0,0,0,
own_v1,O2,h00025,final_tail_opt_4_plus_custom_cleanup,bundle_residual_strip,final_clean,False,8,8,0,0.0,42,42,0,0.0,756,729,-27,-0.03571428571428571,5,5,0,0.0,12,12,0,0.0,10,10,0,0.0,2,2,0,0.0,4,4,0,0.0,2,2,0,0.0,78,78,0,0.0,371,344,-27,-0.07277628032345014,47,47,0,0.0,35,35,0,0.0,10,10,0,0.0,2,2,0,0.0,0,0,0,,498,471,-27,-0.05421686746987952,114,114,0,0.0,0,0,0,
own_v1,O2,h00026,main_combined_custom_plus_opt_1_2,raw_lift,brightened_main,False,27,9,-18,-0.6666666666666666,184,81,-103,-0.5597826086956522,1718,1192,-526,-0.3061699650756694,76,6,-70,-0.9210526315789473,37,17,-20,-0.5405405405405406,32,15,-17,-0.53125,5,2,-3,-0.6,7,8,1,0.14285714285714285,0,3,3,,109,114,5,0.045871559633027525,257,591,334,1.2996108949416343,4,93,89,22.25,2,37,35,17.5,22,23,1,0.045454545454545456,0,2,2,,3,0,-3,-1.0,370,801,431,1.164864864864865,539,163,-376,-0.6975881261595547,0,0,0,
own_v1,O2,h00026,bundle_exact_pointer_passes,bundle_verified_input,bundle_pointer_opt,False,9,9,0,0.0,81,81,0,0.0,1192,1159,-33,-0.027684563758389263,6,6,0,0.0,17,17,0,0.0,15,15,0,0.0,2,2,0,0.0,8,8,0,0.0,3,3,0,0.0,114,113,-1,-0.008771929824561403,591,590,-1,-0.001692047377326565,93,92,-1,-0.010752688172043012,37,28,-9,-0.24324324324324326,23,23,0,0.0,2,2,0,0.0,0,0,0,,801,798,-3,-0.003745318352059925,163,134,-29,-0.17791411042944785,0,0,0,
own_v1,O2,h00026,llvm_default_opt_boundary_3,bundle_pointer_opt,bundle_standard_opt_3,True,9,2,-7,-0.7777777777777778,81,68,-13,-0.16049382716049382,1159,905,-254,-0.2191544434857636,6,5,-1,-0.16666666666666666,17,12,-5,-0.29411764705882354,15,12,-3,-0.2,2,0,-2,-1.0,8,8,0,0.0,3,3,0,0.0,113,73,-40,-0.35398230088495575,590,424,-166,-0.28135593220338984,92,88,-4,-0.043478260869565216,28,20,-8,-0.2857142857142857,23,21,-2,-0.08695652173913043,2,2,0,0.0,0,0,0,,798,588,-210,-0.2631578947368421,134,116,-18,-0.13432835820895522,0,0,0,
own_v1,O2,h00026,custom_storage_delift,bundle_standard_opt_3,bundle_storage_delift,False,2,2,0,0.0,68,68,0,0.0,905,905,0,0.0,5,5,0,0.0,12,12,0,0.0,12,12,0,0.0,0,0,0,,8,8,0,0.0,3,3,0,0.0,73,73,0,0.0,424,424,0,0.0,88,88,0,0.0,20,20,0,0.0,21,21,0,0.0,2,2,0,0.0,0,0,0,,588,588,0,0.0,116,116,0,0.0,0,0,0,
own_v1,O2,h00026,custom_residual_strip,bundle_storage_delift,bundle_residual_strip,False,2,2,0,0.0,68,68,0,0.0,905,905,0,0.0,5,5,0,0.0,12,12,0,0.0,12,12,0,0.0,0,0,0,,8,8,0,0.0,3,3,0,0.0,73,73,0,0.0,424,424,0,0.0,88,88,0,0.0,20,20,0,0.0,21,21,0,0.0,2,2,0,0.0,0,0,0,,588,588,0,0.0,116,116,0,0.0,0,0,0,
own_v1,O2,h00026,final_tail_opt_4_plus_custom_cleanup,bundle_residual_strip,final_clean,False,2,1,-1,-0.5,68,67,-1,-0.014705882352941176,905,839,-66,-0.07292817679558011,5,5,0,0.0,12,12,0,0.0,12,12,0,0.0,0,0,0,,8,8,0,0.0,3,3,0,0.0,73,73,0,0.0,424,361,-63,-0.14858490566037735,88,88,0,0.0,20,20,0,0.0,21,21,0,0.0,2,2,0,0.0,0,0,0,,588,525,-63,-0.10714285714285714,116,116,0,0.0,0,0,0,
own_v1,O2,h00027,main_combined_custom_plus_opt_1_2,raw_lift,brightened_main,False,27,9,-18,-0.6666666666666666,186,82,-104,-0.5591397849462365,1746,1257,-489,-0.2800687285223368,77,6,-71,-0.922077922077922,40,24,-16,-0.4,35,22,-13,-0.37142857142857144,5,2,-3,-0.6,8,9,1,0.125,0,3,3,,110,137,27,0.24545454545454545,274,623,349,1.2737226277372262,4,88,84,21.0,2,37,35,17.5,21,22,1,0.047619047619047616,0,3,3,,3,0,-3,-1.0,388,851,463,1.193298969072165,553,171,-382,-0.6907775768535263,0,0,0,
own_v1,O2,h00027,bundle_exact_pointer_passes,bundle_verified_input,bundle_pointer_opt,False,9,9,0,0.0,82,82,0,0.0,1257,1219,-38,-0.030230708035003977,6,6,0,0.0,24,24,0,0.0,22,22,0,0.0,2,2,0,0.0,9,9,0,0.0,3,3,0,0.0,137,135,-2,-0.014598540145985401,623,622,-1,-0.0016051364365971107,88,87,-1,-0.011363636363636364,37,28,-9,-0.24324324324324326,22,22,0,0.0,3,3,0,0.0,0,0,0,,851,847,-4,-0.004700352526439483,171,138,-33,-0.19298245614035087,0,0,0,
own_v1,O2,h00027,llvm_default_opt_boundary_3,bundle_pointer_opt,bundle_standard_opt_3,True,9,9,0,0.0,82,82,0,0.0,1219,1065,-154,-0.12633305988515175,6,6,0,0.0,24,23,-1,-0.041666666666666664,22,21,-1,-0.045454545454545456,2,2,0,0.0,9,9,0,0.0,3,3,0,0.0,135,94,-41,-0.3037037037037037,622,511,-111,-0.17845659163987138,87,87,0,0.0,28,28,0,0.0,22,22,0,0.0,3,3,0,0.0,0,0,0,,847,695,-152,-0.179456906729634,138,137,-1,-0.007246376811594203,0,0,0,
own_v1,O2,h00027,custom_storage_delift,bundle_standard_opt_3,bundle_storage_delift,False,9,9,0,0.0,82,82,0,0.0,1065,1065,0,0.0,6,6,0,0.0,23,23,0,0.0,21,21,0,0.0,2,2,0,0.0,9,9,0,0.0,3,3,0,0.0,94,94,0,0.0,511,511,0,0.0,87,87,0,0.0,28,28,0,0.0,22,22,0,0.0,3,3,0,0.0,0,0,0,,695,695,0,0.0,137,137,0,0.0,0,0,0,
own_v1,O2,h00027,custom_residual_strip,bundle_storage_delift,bundle_residual_strip,False,9,9,0,0.0,82,82,0,0.0,1065,1065,0,0.0,6,6,0,0.0,23,23,0,0.0,21,21,0,0.0,2,2,0,0.0,9,9,0,0.0,3,3,0,0.0,94,94,0,0.0,511,511,0,0.0,87,87,0,0.0,28,28,0,0.0,22,22,0,0.0,3,3,0,0.0,0,0,0,,695,695,0,0.0,137,137,0,0.0,0,0,0,
own_v1,O2,h00027,final_tail_opt_4_plus_custom_cleanup,bundle_residual_strip,final_clean,False,9,9,0,0.0,82,82,0,0.0,1065,1056,-9,-0.008450704225352112,6,6,0,0.0,23,21,-2,-0.08695652173913043,21,19,-2,-0.09523809523809523,2,2,0,0.0,9,9,0,0.0,3,3,0,0.0,94,94,0,0.0,511,504,-7,-0.0136986301369863,87,89,2,0.022988505747126436,28,28,0,0.0,22,22,0,0.0,3,3,0,0.0,0,0,0,,695,690,-5,-0.007194244604316547,137,137,0,0.0,0,0,0,
own_v1,O2,h00028,main_combined_custom_plus_opt_1_2,raw_lift,brightened_main,False,26,2,-24,-0.9230769230769231,171,59,-112,-0.6549707602339181,1802,454,-1348,-0.7480577136514983,70,2,-68,-0.9714285714285714,36,9,-27,-0.75,31,9,-22,-0.7096774193548387,5,0,-5,-1.0,8,6,-2,-0.25,0,5,5,,126,67,-59,-0.46825396825396826,253,110,-143,-0.5652173913043478,5,46,41,8.2,2,2,0,0.0,21,20,-1,-0.047619047619047616,0,2,2,,3,0,-3,-1.0,384,228,-156,-0.40625,594,86,-508,-0.8552188552188552,0,0,0,
own_v1,O2,h00028,bundle_exact_pointer_passes,bundle_verified_input,bundle_pointer_opt,False,2,2,0,0.0,59,59,0,0.0,454,454,0,0.0,2,2,0,0.0,9,9,0,0.0,9,9,0,0.0,0,0,0,,6,6,0,0.0,5,5,0,0.0,67,67,0,0.0,110,110,0,0.0,46,46,0,0.0,2,2,0,0.0,20,20,0,0.0,2,2,0,0.0,0,0,0,,228,228,0,0.0,86,86,0,0.0,0,0,0,
own_v1,O2,h00028,llvm_default_opt_boundary_3,bundle_pointer_opt,bundle_standard_opt_3,True,2,2,0,0.0,59,59,0,0.0,454,453,-1,-0.0022026431718061676,2,2,0,0.0,9,9,0,0.0,9,9,0,0.0,0,0,0,,6,6,0,0.0,5,5,0,0.0,67,67,0,0.0,110,110,0,0.0,46,45,-1,-0.021739130434782608,2,2,0,0.0,20,20,0,0.0,2,2,0,0.0,0,0,0,,228,227,-1,-0.0043859649122807015,86,86,0,0.0,0,0,0,
own_v1,O2,h00028,custom_storage_delift,bundle_standard_opt_3,bundle_storage_delift,False,2,2,0,0.0,59,59,0,0.0,453,453,0,0.0,2,2,0,0.0,9,9,0,0.0,9,9,0,0.0,0,0,0,,6,6,0,0.0,5,5,0,0.0,67,67,0,0.0,110,110,0,0.0,45,45,0,0.0,2,2,0,0.0,20,20,0,0.0,2,2,0,0.0,0,0,0,,227,227,0,0.0,86,86,0,0.0,0,0,0,
own_v1,O2,h00028,custom_residual_strip,bundle_storage_delift,bundle_residual_strip,False,2,2,0,0.0,59,59,0,0.0,453,453,0,0.0,2,2,0,0.0,9,9,0,0.0,9,9,0,0.0,0,0,0,,6,6,0,0.0,5,5,0,0.0,67,67,0,0.0,110,110,0,0.0,45,45,0,0.0,2,2,0,0.0,20,20,0,0.0,2,2,0,0.0,0,0,0,,227,227,0,0.0,86,86,0,0.0,0,0,0,
own_v1,O2,h00028,final_tail_opt_4_plus_custom_cleanup,bundle_residual_strip,final_clean,False,2,1,-1,-0.5,59,58,-1,-0.01694915254237288,453,452,-1,-0.002207505518763797,2,2,0,0.0,9,9,0,0.0,9,9,0,0.0,0,0,0,,6,6,0,0.0,5,5,0,0.0,67,67,0,0.0,110,110,0,0.0,45,45,0,0.0,2,2,0,0.0,20,20,0,0.0,2,2,0,0.0,0,0,0,,227,227,0,0.0,86,86,0,0.0,0,0,0,
own_v1,O2,h00029,main_combined_custom_plus_opt_1_2,raw_lift,brightened_main,False,28,10,-18,-0.6428571428571429,184,90,-94,-0.5108695652173914,2035,1951,-84,-0.041277641277641275,75,17,-58,-0.7733333333333333,51,41,-10,-0.19607843137254902,46,39,-7,-0.15217391304347827,5,2,-3,-0.6,15,18,3,0.2,0,6,6,,143,190,47,0.32867132867132864,337,1015,678,2.0118694362017804,6,106,100,16.666666666666668,2,45,43,21.5,19,29,10,0.5263157894736842,0,6,6,,3,0,-3,-1.0,486,1317,831,1.7098765432098766,650,282,-368,-0.5661538461538461,0,0,0,
own_v1,O2,h00029,bundle_exact_pointer_passes,bundle_verified_input,bundle_pointer_opt,False,10,10,0,0.0,90,90,0,0.0,1951,1946,-5,-0.0025627883136852894,17,17,0,0.0,41,41,0,0.0,39,39,0,0.0,2,2,0,0.0,18,18,0,0.0,6,6,0,0.0,190,190,0,0.0,1015,1015,0,0.0,106,106,0,0.0,45,45,0,0.0,29,29,0,0.0,6,6,0,0.0,0,0,0,,1317,1317,0,0.0,282,277,-5,-0.01773049645390071,0,0,0,
own_v1,O2,h00029,llvm_default_opt_boundary_3,bundle_pointer_opt,bundle_standard_opt_3,True,10,10,0,0.0,90,90,0,0.0,1946,1688,-258,-0.13257965056526208,17,17,0,0.0,41,41,0,0.0,39,39,0,0.0,2,2,0,0.0,18,18,0,0.0,6,6,0,0.0,190,137,-53,-0.2789473684210526,1015,813,-202,-0.19901477832512315,106,106,0,0.0,45,45,0,0.0,29,29,0,0.0,6,6,0,0.0,0,0,0,,1317,1062,-255,-0.19362186788154898,277,276,-1,-0.0036101083032490976,0,0,0,
own_v1,O2,h00029,custom_storage_delift,bundle_standard_opt_3,bundle_storage_delift,False,10,10,0,0.0,90,90,0,0.0,1688,1688,0,0.0,17,17,0,0.0,41,41,0,0.0,39,39,0,0.0,2,2,0,0.0,18,18,0,0.0,6,6,0,0.0,137,137,0,0.0,813,813,0,0.0,106,106,0,0.0,45,45,0,0.0,29,29,0,0.0,6,6,0,0.0,0,0,0,,1062,1062,0,0.0,276,276,0,0.0,0,0,0,
own_v1,O2,h00029,custom_residual_strip,bundle_storage_delift,bundle_residual_strip,False,10,10,0,0.0,90,90,0,0.0,1688,1688,0,0.0,17,17,0,0.0,41,41,0,0.0,39,39,0,0.0,2,2,0,0.0,18,18,0,0.0,6,6,0,0.0,137,137,0,0.0,813,813,0,0.0,106,106,0,0.0,45,45,0,0.0,29,29,0,0.0,6,6,0,0.0,0,0,0,,1062,1062,0,0.0,276,276,0,0.0,0,0,0,
own_v1,O2,h00029,final_tail_opt_4_plus_custom_cleanup,bundle_residual_strip,final_clean,False,10,10,0,0.0,90,90,0,0.0,1688,1675,-13,-0.007701421800947867,17,17,0,0.0,41,41,0,0.0,39,39,0,0.0,2,2,0,0.0,18,18,0,0.0,6,6,0,0.0,137,137,0,0.0,813,800,-13,-0.015990159901599015,106,106,0,0.0,45,45,0,0.0,29,29,0,0.0,6,6,0,0.0,0,0,0,,1062,1049,-13,-0.01224105461393597,276,276,0,0.0,0,0,0,
own_v1,O2,h00030,main_combined_custom_plus_opt_1_2,raw_lift,brightened_main,False,26,2,-24,-0.9230769230769231,239,93,-146,-0.6108786610878661,2132,549,-1583,-0.7424953095684803,104,2,-102,-0.9807692307692307,38,4,-34,-0.8947368421052632,33,4,-29,-0.8787878787878788,5,0,-5,-1.0,9,0,-9,-1.0,0,4,4,,130,81,-49,-0.3769230769230769,304,128,-176,-0.5789473684210527,5,38,33,6.6,2,0,-2,-1.0,31,30,-1,-0.03225806451612903,0,2,2,,3,0,-3,-1.0,439,251,-188,-0.428246013667426,691,94,-597,-0.8639652677279306,0,0,0,
own_v1,O2,h00030,bundle_exact_pointer_passes,bundle_verified_input,bundle_pointer_opt,False,2,2,0,0.0,93,93,0,0.0,549,549,0,0.0,2,2,0,0.0,4,4,0,0.0,4,4,0,0.0,0,0,0,,0,0,0,,4,4,0,0.0,81,81,0,0.0,128,128,0,0.0,38,38,0,0.0,0,0,0,,30,30,0,0.0,2,2,0,0.0,0,0,0,,251,251,0,0.0,94,94,0,0.0,0,0,0,
own_v1,O2,h00030,llvm_default_opt_boundary_3,bundle_pointer_opt,bundle_standard_opt_3,True,2,2,0,0.0,93,93,0,0.0,549,548,-1,-0.0018214936247723133,2,2,0,0.0,4,4,0,0.0,4,4,0,0.0,0,0,0,,0,0,0,,4,4,0,0.0,81,81,0,0.0,128,128,0,0.0,38,37,-1,-0.02631578947368421,0,0,0,,30,30,0,0.0,2,2,0,0.0,0,0,0,,251,250,-1,-0.00398406374501992,94,94,0,0.0,0,0,0,
own_v1,O2,h00030,custom_storage_delift,bundle_standard_opt_3,bundle_storage_delift,False,2,2,0,0.0,93,93,0,0.0,548,548,0,0.0,2,2,0,0.0,4,4,0,0.0,4,4,0,0.0,0,0,0,,0,0,0,,4,4,0,0.0,81,81,0,0.0,128,128,0,0.0,37,37,0,0.0,0,0,0,,30,30,0,0.0,2,2,0,0.0,0,0,0,,250,250,0,0.0,94,94,0,0.0,0,0,0,
own_v1,O2,h00030,custom_residual_strip,bundle_storage_delift,bundle_residual_strip,False,2,2,0,0.0,93,93,0,0.0,548,548,0,0.0,2,2,0,0.0,4,4,0,0.0,4,4,0,0.0,0,0,0,,0,0,0,,4,4,0,0.0,81,81,0,0.0,128,128,0,0.0,37,37,0,0.0,0,0,0,,30,30,0,0.0,2,2,0,0.0,0,0,0,,250,250,0,0.0,94,94,0,0.0,0,0,0,
own_v1,O2,h00030,final_tail_opt_4_plus_custom_cleanup,bundle_residual_strip,final_clean,False,2,1,-1,-0.5,93,92,-1,-0.010752688172043012,548,547,-1,-0.0018248175182481751,2,2,0,0.0,4,4,0,0.0,4,4,0,0.0,0,0,0,,0,0,0,,4,4,0,0.0,81,81,0,0.0,128,128,0,0.0,37,37,0,0.0,0,0,0,,30,30,0,0.0,2,2,0,0.0,0,0,0,,250,250,0,0.0,94,94,0,0.0,0,0,0,
own_v1,O2,h00031,main_combined_custom_plus_opt_1_2,raw_lift,brightened_main,False,27,8,-19,-0.7037037037037037,164,73,-91,-0.5548780487804879,1769,1307,-462,-0.26116449971735445,66,10,-56,-0.8484848484848485,47,19,-28,-0.5957446808510638,42,17,-25,-0.5952380952380952,5,2,-3,-0.6,14,8,-6,-0.42857142857142855,0,2,2,,107,125,18,0.16822429906542055,298,697,399,1.3389261744966443,5,71,66,13.2,2,39,37,18.5,17,22,5,0.29411764705882354,0,4,4,,3,0,-3,-1.0,410,895,485,1.1829268292682926,567,183,-384,-0.6772486772486772,0,0,0,
own_v1,O2,h00031,bundle_exact_pointer_passes,bundle_verified_input,bundle_pointer_opt,False,8,8,0,0.0,73,73,0,0.0,1307,1288,-19,-0.014537107880642693,10,10,0,0.0,19,19,0,0.0,17,17,0,0.0,2,2,0,0.0,8,8,0,0.0,2,2,0,0.0,125,124,-1,-0.008,697,697,0,0.0,71,70,-1,-0.014084507042253521,39,33,-6,-0.15384615384615385,22,22,0,0.0,4,4,0,0.0,0,0,0,,895,893,-2,-0.0022346368715083797,183,167,-16,-0.08743169398907104,0,0,0,
own_v1,O2,h00031,llvm_default_opt_boundary_3,bundle_pointer_opt,bundle_standard_opt_3,True,8,8,0,0.0,73,73,0,0.0,1288,1135,-153,-0.1187888198757764,10,10,0,0.0,19,19,0,0.0,17,17,0,0.0,2,2,0,0.0,8,8,0,0.0,2,2,0,0.0,124,88,-36,-0.2903225806451613,697,581,-116,-0.16642754662840745,70,70,0,0.0,33,33,0,0.0,22,22,0,0.0,4,4,0,0.0,0,0,0,,893,741,-152,-0.1702127659574468,167,166,-1,-0.005988023952095809,0,0,0,
own_v1,O2,h00031,custom_storage_delift,bundle_standard_opt_3,bundle_storage_delift,False,8,8,0,0.0,73,73,0,0.0,1135,1135,0,0.0,10,10,0,0.0,19,19,0,0.0,17,17,0,0.0,2,2,0,0.0,8,8,0,0.0,2,2,0,0.0,88,88,0,0.0,581,581,0,0.0,70,70,0,0.0,33,33,0,0.0,22,22,0,0.0,4,4,0,0.0,0,0,0,,741,741,0,0.0,166,166,0,0.0,0,0,0,
own_v1,O2,h00031,custom_residual_strip,bundle_storage_delift,bundle_residual_strip,False,8,8,0,0.0,73,73,0,0.0,1135,1135,0,0.0,10,10,0,0.0,19,19,0,0.0,17,17,0,0.0,2,2,0,0.0,8,8,0,0.0,2,2,0,0.0,88,88,0,0.0,581,581,0,0.0,70,70,0,0.0,33,33,0,0.0,22,22,0,0.0,4,4,0,0.0,0,0,0,,741,741,0,0.0,166,166,0,0.0,0,0,0,
own_v1,O2,h00031,final_tail_opt_4_plus_custom_cleanup,bundle_residual_strip,final_clean,False,8,8,0,0.0,73,73,0,0.0,1135,1122,-13,-0.01145374449339207,10,10,0,0.0,19,19,0,0.0,17,17,0,0.0,2,2,0,0.0,8,8,0,0.0,2,2,0,0.0,88,88,0,0.0,581,568,-13,-0.022375215146299483,70,70,0,0.0,33,33,0,0.0,22,22,0,0.0,4,4,0,0.0,0,0,0,,741,728,-13,-0.017543859649122806,166,166,0,0.0,0,0,0,
own_v1,O2,h00032,main_combined_custom_plus_opt_1_2,raw_lift,brightened_main,False,26,9,-17,-0.6538461538461539,163,70,-93,-0.5705521472392638,1389,921,-468,-0.3369330453563715,66,5,-61,-0.9242424242424242,34,12,-22,-0.6470588235294118,29,10,-19,-0.6551724137931034,5,2,-3,-0.6,7,4,-3,-0.42857142857142855,0,1,1,,84,75,-9,-0.10714285714285714,219,497,278,1.269406392694064,5,57,52,10.4,2,37,35,17.5,18,19,1,0.05555555555555555,0,2,2,,3,0,-3,-1.0,308,630,322,1.0454545454545454,464,137,-327,-0.7047413793103449,0,0,0,
own_v1,O2,h00032,bundle_exact_pointer_passes,bundle_verified_input,bundle_pointer_opt,False,9,9,0,0.0,70,70,0,0.0,921,880,-41,-0.04451682953311618,5,5,0,0.0,12,12,0,0.0,10,10,0,0.0,2,2,0,0.0,4,4,0,0.0,1,1,0,0.0,75,75,0,0.0,497,497,0,0.0,57,57,0,0.0,37,28,-9,-0.24324324324324326,19,19,0,0.0,2,2,0,0.0,0,0,0,,630,630,0,0.0,137,109,-28,-0.20437956204379562,0,0,0,
own_v1,O2,h00032,llvm_default_opt_boundary_3,bundle_pointer_opt,bundle_standard_opt_3,True,9,9,0,0.0,70,70,0,0.0,880,759,-121,-0.1375,5,5,0,0.0,12,12,0,0.0,10,10,0,0.0,2,2,0,0.0,4,4,0,0.0,1,1,0,0.0,75,65,-10,-0.13333333333333333,497,387,-110,-0.22132796780684105,57,57,0,0.0,28,28,0,0.0,19,19,0,0.0,2,2,0,0.0,0,0,0,,630,510,-120,-0.19047619047619047,109,108,-1,-0.009174311926605505,0,0,0,
own_v1,O2,h00032,custom_storage_delift,bundle_standard_opt_3,bundle_storage_delift,False,9,9,0,0.0,70,70,0,0.0,759,759,0,0.0,5,5,0,0.0,12,12,0,0.0,10,10,0,0.0,2,2,0,0.0,4,4,0,0.0,1,1,0,0.0,65,65,0,0.0,387,387,0,0.0,57,57,0,0.0,28,28,0,0.0,19,19,0,0.0,2,2,0,0.0,0,0,0,,510,510,0,0.0,108,108,0,0.0,0,0,0,
own_v1,O2,h00032,custom_residual_strip,bundle_storage_delift,bundle_residual_strip,False,9,9,0,0.0,70,70,0,0.0,759,759,0,0.0,5,5,0,0.0,12,12,0,0.0,10,10,0,0.0,2,2,0,0.0,4,4,0,0.0,1,1,0,0.0,65,65,0,0.0,387,387,0,0.0,57,57,0,0.0,28,28,0,0.0,19,19,0,0.0,2,2,0,0.0,0,0,0,,510,510,0,0.0,108,108,0,0.0,0,0,0,
own_v1,O2,h00032,final_tail_opt_4_plus_custom_cleanup,bundle_residual_strip,final_clean,False,9,9,0,0.0,70,70,0,0.0,759,727,-32,-0.04216073781291173,5,5,0,0.0,12,12,0,0.0,10,10,0,0.0,2,2,0,0.0,4,4,0,0.0,1,1,0,0.0,65,65,0,0.0,387,355,-32,-0.082687338501292,57,57,0,0.0,28,28,0,0.0,19,19,0,0.0,2,2,0,0.0,0,0,0,,510,478,-32,-0.06274509803921569,108,108,0,0.0,0,0,0,
own_v1,O2,h00033,main_combined_custom_plus_opt_1_2,raw_lift,brightened_main,False,27,9,-18,-0.6666666666666666,147,62,-85,-0.5782312925170068,1750,1423,-327,-0.18685714285714286,58,6,-52,-0.896551724137931,49,34,-15,-0.30612244897959184,44,32,-12,-0.2727272727272727,5,2,-3,-0.6,16,13,-3,-0.1875,0,5,5,,116,137,21,0.1810344827586207,308,694,386,1.2532467532467533,4,48,44,11.0,4,33,29,7.25,18,20,2,0.1111111111111111,0,2,2,,4,0,-4,-1.0,428,884,456,1.0654205607476634,548,247,-301,-0.5492700729927007,0,0,0,
own_v1,O2,h00033,bundle_exact_pointer_passes,bundle_verified_input,bundle_pointer_opt,False,9,9,0,0.0,62,62,0,0.0,1423,1416,-7,-0.004919184820801124,6,6,0,0.0,34,34,0,0.0,32,32,0,0.0,2,2,0,0.0,13,13,0,0.0,5,5,0,0.0,137,137,0,0.0,694,694,0,0.0,48,48,0,0.0,33,29,-4,-0.12121212121212122,20,20,0,0.0,2,2,0,0.0,0,0,0,,884,884,0,0.0,247,240,-7,-0.02834008097165992,0,0,0,
own_v1,O2,h00033,llvm_default_opt_boundary_3,bundle_pointer_opt,bundle_standard_opt_3,True,9,9,0,0.0,62,62,0,0.0,1416,1135,-281,-0.1984463276836158,6,6,0,0.0,34,31,-3,-0.08823529411764706,32,29,-3,-0.09375,2,2,0,0.0,13,12,-1,-0.07692307692307693,5,5,0,0.0,137,103,-34,-0.24817518248175183,694,463,-231,-0.33285302593659943,48,48,0,0.0,29,27,-2,-0.06896551724137931,20,20,0,0.0,2,2,0,0.0,0,0,0,,884,619,-265,-0.2997737556561086,240,233,-7,-0.029166666666666667,0,0,0,
own_v1,O2,h00033,custom_storage_delift,bundle_standard_opt_3,bundle_storage_delift,False,9,9,0,0.0,62,62,0,0.0,1135,1135,0,0.0,6,6,0,0.0,31,31,0,0.0,29,29,0,0.0,2,2,0,0.0,12,12,0,0.0,5,5,0,0.0,103,103,0,0.0,463,463,0,0.0,48,48,0,0.0,27,27,0,0.0,20,20,0,0.0,2,2,0,0.0,0,0,0,,619,619,0,0.0,233,233,0,0.0,0,0,0,
own_v1,O2,h00033,custom_residual_strip,bundle_storage_delift,bundle_residual_strip,False,9,9,0,0.0,62,62,0,0.0,1135,1135,0,0.0,6,6,0,0.0,31,31,0,0.0,29,29,0,0.0,2,2,0,0.0,12,12,0,0.0,5,5,0,0.0,103,103,0,0.0,463,463,0,0.0,48,48,0,0.0,27,27,0,0.0,20,20,0,0.0,2,2,0,0.0,0,0,0,,619,619,0,0.0,233,233,0,0.0,0,0,0,
own_v1,O2,h00033,final_tail_opt_4_plus_custom_cleanup,bundle_residual_strip,final_clean,False,9,9,0,0.0,62,62,0,0.0,1135,1118,-17,-0.014977973568281937,6,6,0,0.0,31,31,0,0.0,29,29,0,0.0,2,2,0,0.0,12,12,0,0.0,5,5,0,0.0,103,103,0,0.0,463,448,-15,-0.032397408207343416,48,48,0,0.0,27,27,0,0.0,20,20,0,0.0,2,2,0,0.0,0,0,0,,619,604,-15,-0.024232633279483037,233,231,-2,-0.008583690987124463,0,0,0,
own_v1,O2,h00034,main_combined_custom_plus_opt_1_2,raw_lift,brightened_main,False,32,9,-23,-0.71875,171,71,-100,-0.5847953216374269,1816,1540,-276,-0.15198237885462554,67,5,-62,-0.9253731343283582,55,25,-30,-0.5454545454545454,50,23,-27,-0.54,5,2,-3,-0.6,15,6,-9,-0.6,0,1,1,,122,132,10,0.08196721311475409,323,866,543,1.6811145510835914,4,87,83,20.75,2,39,37,18.5,17,28,11,0.6470588235294118,0,2,2,,3,0,-3,-1.0,449,1086,637,1.418708240534521,568,203,-365,-0.6426056338028169,0,0,0,
own_v1,O2,h00034,bundle_exact_pointer_passes,bundle_verified_input,bundle_pointer_opt,False,9,9,0,0.0,71,71,0,0.0,1540,1534,-6,-0.003896103896103896,5,5,0,0.0,25,25,0,0.0,23,23,0,0.0,2,2,0,0.0,6,6,0,0.0,1,1,0,0.0,132,132,0,0.0,866,866,0,0.0,87,87,0,0.0,39,36,-3,-0.07692307692307693,28,28,0,0.0,2,2,0,0.0,0,0,0,,1086,1086,0,0.0,203,197,-6,-0.029556650246305417,0,0,0,
own_v1,O2,h00034,llvm_default_opt_boundary_3,bundle_pointer_opt,bundle_standard_opt_3,True,9,9,0,0.0,71,71,0,0.0,1534,1329,-205,-0.13363754889178617,5,5,0,0.0,25,25,0,0.0,23,23,0,0.0,2,2,0,0.0,6,6,0,0.0,1,1,0,0.0,132,123,-9,-0.06818181818181818,866,671,-195,-0.2251732101616628,87,87,0,0.0,36,36,0,0.0,28,28,0,0.0,2,2,0,0.0,0,0,0,,1086,882,-204,-0.1878453038674033,197,196,-1,-0.005076142131979695,0,0,0,
own_v1,O2,h00034,custom_storage_delift,bundle_standard_opt_3,bundle_storage_delift,False,9,9,0,0.0,71,71,0,0.0,1329,1329,0,0.0,5,5,0,0.0,25,25,0,0.0,23,23,0,0.0,2,2,0,0.0,6,6,0,0.0,1,1,0,0.0,123,123,0,0.0,671,671,0,0.0,87,87,0,0.0,36,36,0,0.0,28,28,0,0.0,2,2,0,0.0,0,0,0,,882,882,0,0.0,196,196,0,0.0,0,0,0,
own_v1,O2,h00034,custom_residual_strip,bundle_storage_delift,bundle_residual_strip,False,9,9,0,0.0,71,71,0,0.0,1329,1329,0,0.0,5,5,0,0.0,25,25,0,0.0,23,23,0,0.0,2,2,0,0.0,6,6,0,0.0,1,1,0,0.0,123,123,0,0.0,671,671,0,0.0,87,87,0,0.0,36,36,0,0.0,28,28,0,0.0,2,2,0,0.0,0,0,0,,882,882,0,0.0,196,196,0,0.0,0,0,0,
own_v1,O2,h00034,final_tail_opt_4_plus_custom_cleanup,bundle_residual_strip,final_clean,False,9,9,0,0.0,71,71,0,0.0,1329,1286,-43,-0.03235515425131678,5,5,0,0.0,25,25,0,0.0,23,23,0,0.0,2,2,0,0.0,6,6,0,0.0,1,1,0,0.0,123,123,0,0.0,671,628,-43,-0.06408345752608048,87,87,0,0.0,36,36,0,0.0,28,28,0,0.0,2,2,0,0.0,0,0,0,,882,839,-43,-0.048752834467120185,196,196,0,0.0,0,0,0,
own_v1,O2,h00035,main_combined_custom_plus_opt_1_2,raw_lift,brightened_main,False,30,11,-19,-0.6333333333333333,138,53,-85,-0.6159420289855072,1621,1189,-432,-0.2665021591610117,51,5,-46,-0.9019607843137255,44,25,-19,-0.4318181818181818,38,22,-16,-0.42105263157894735,6,3,-3,-0.5,11,10,-1,-0.09090909090909091,0,4,4,,115,136,21,0.1826086956521739,250,599,349,1.396,7,67,60,8.571428571428571,2,41,39,19.5,11,14,3,0.2727272727272727,0,3,3,,3,0,-3,-1.0,372,806,434,1.1666666666666667,483,167,-316,-0.6542443064182195,0,0,0,
own_v1,O2,h00035,bundle_exact_pointer_passes,bundle_verified_input,bundle_pointer_opt,False,11,11,0,0.0,53,53,0,0.0,1189,1173,-16,-0.01345668629100084,5,5,0,0.0,25,25,0,0.0,22,22,0,0.0,3,3,0,0.0,10,10,0,0.0,4,4,0,0.0,136,135,-1,-0.007352941176470588,599,599,0,0.0,67,66,-1,-0.014925373134328358,41,35,-6,-0.14634146341463414,14,14,0,0.0,3,3,0,0.0,0,0,0,,806,804,-2,-0.0024813895781637717,167,157,-10,-0.059880239520958084,0,0,0,
own_v1,O2,h00035,llvm_default_opt_boundary_3,bundle_pointer_opt,bundle_standard_opt_3,True,11,11,0,0.0,53,53,0,0.0,1173,966,-207,-0.17647058823529413,5,5,0,0.0,25,25,0,0.0,22,22,0,0.0,3,3,0,0.0,10,10,0,0.0,4,4,0,0.0,135,102,-33,-0.24444444444444444,599,425,-174,-0.2904841402337229,66,66,0,0.0,35,35,0,0.0,14,14,0,0.0,3,3,0,0.0,0,0,0,,804,597,-207,-0.2574626865671642,157,157,0,0.0,0,0,0,
own_v1,O2,h00035,custom_storage_delift,bundle_standard_opt_3,bundle_storage_delift,False,11,11,0,0.0,53,53,0,0.0,966,966,0,0.0,5,5,0,0.0,25,25,0,0.0,22,22,0,0.0,3,3,0,0.0,10,10,0,0.0,4,4,0,0.0,102,102,0,0.0,425,425,0,0.0,66,66,0,0.0,35,35,0,0.0,14,14,0,0.0,3,3,0,0.0,0,0,0,,597,597,0,0.0,157,157,0,0.0,0,0,0,
own_v1,O2,h00035,custom_residual_strip,bundle_storage_delift,bundle_residual_strip,False,11,11,0,0.0,53,53,0,0.0,966,966,0,0.0,5,5,0,0.0,25,25,0,0.0,22,22,0,0.0,3,3,0,0.0,10,10,0,0.0,4,4,0,0.0,102,102,0,0.0,425,425,0,0.0,66,66,0,0.0,35,35,0,0.0,14,14,0,0.0,3,3,0,0.0,0,0,0,,597,597,0,0.0,157,157,0,0.0,0,0,0,
own_v1,O2,h00035,final_tail_opt_4_plus_custom_cleanup,bundle_residual_strip,final_clean,False,11,11,0,0.0,53,53,0,0.0,966,958,-8,-0.008281573498964804,5,5,0,0.0,25,25,0,0.0,22,22,0,0.0,3,3,0,0.0,10,10,0,0.0,4,4,0,0.0,102,102,0,0.0,425,417,-8,-0.018823529411764704,66,66,0,0.0,35,35,0,0.0,14,14,0,0.0,3,3,0,0.0,0,0,0,,597,589,-8,-0.01340033500837521,157,157,0,0.0,0,0,0,
own_v1,O2,h00036,main_combined_custom_plus_opt_1_2,raw_lift,brightened_main,False,26,2,-24,-0.9230769230769231,83,16,-67,-0.8072289156626506,1004,111,-893,-0.8894422310756972,26,1,-25,-0.9615384615384616,35,3,-32,-0.9142857142857143,30,3,-27,-0.9,5,0,-5,-1.0,8,1,-7,-0.875,0,1,1,,58,12,-46,-0.7931034482758621,161,27,-134,-0.8322981366459627,4,16,12,3.0,4,5,1,0.25,7,4,-3,-0.42857142857142855,0,1,1,,3,0,-3,-1.0,223,56,-167,-0.7488789237668162,314,18,-296,-0.9426751592356688,0,0,0,
own_v1,O2,h00036,bundle_exact_pointer_passes,bundle_verified_input,bundle_pointer_opt,False,2,2,0,0.0,16,16,0,0.0,111,111,0,0.0,1,1,0,0.0,3,3,0,0.0,3,3,0,0.0,0,0,0,,1,1,0,0.0,1,1,0,0.0,12,12,0,0.0,27,27,0,0.0,16,16,0,0.0,5,5,0,0.0,4,4,0,0.0,1,1,0,0.0,0,0,0,,56,56,0,0.0,18,18,0,0.0,0,0,0,
own_v1,O2,h00036,llvm_default_opt_boundary_3,bundle_pointer_opt,bundle_standard_opt_3,True,2,2,0,0.0,16,16,0,0.0,111,110,-1,-0.009009009009009009,1,1,0,0.0,3,3,0,0.0,3,3,0,0.0,0,0,0,,1,1,0,0.0,1,1,0,0.0,12,12,0,0.0,27,27,0,0.0,16,15,-1,-0.0625,5,5,0,0.0,4,4,0,0.0,1,1,0,0.0,0,0,0,,56,55,-1,-0.017857142857142856,18,18,0,0.0,0,0,0,
own_v1,O2,h00036,custom_storage_delift,bundle_standard_opt_3,bundle_storage_delift,False,2,2,0,0.0,16,16,0,0.0,110,110,0,0.0,1,1,0,0.0,3,3,0,0.0,3,3,0,0.0,0,0,0,,1,1,0,0.0,1,1,0,0.0,12,12,0,0.0,27,27,0,0.0,15,15,0,0.0,5,5,0,0.0,4,4,0,0.0,1,1,0,0.0,0,0,0,,55,55,0,0.0,18,18,0,0.0,0,0,0,
own_v1,O2,h00036,custom_residual_strip,bundle_storage_delift,bundle_residual_strip,False,2,2,0,0.0,16,16,0,0.0,110,110,0,0.0,1,1,0,0.0,3,3,0,0.0,3,3,0,0.0,0,0,0,,1,1,0,0.0,1,1,0,0.0,12,12,0,0.0,27,27,0,0.0,15,15,0,0.0,5,5,0,0.0,4,4,0,0.0,1,1,0,0.0,0,0,0,,55,55,0,0.0,18,18,0,0.0,0,0,0,
own_v1,O2,h00036,final_tail_opt_4_plus_custom_cleanup,bundle_residual_strip,final_clean,False,2,1,-1,-0.5,16,15,-1,-0.0625,110,109,-1,-0.00909090909090909,1,1,0,0.0,3,3,0,0.0,3,3,0,0.0,0,0,0,,1,1,0,0.0,1,1,0,0.0,12,12,0,0.0,27,27,0,0.0,15,15,0,0.0,5,5,0,0.0,4,4,0,0.0,1,1,0,0.0,0,0,0,,55,55,0,0.0,18,18,0,0.0,0,0,0,
own_v1,O2,h00037,main_combined_custom_plus_opt_1_2,raw_lift,brightened_main,False,28,9,-19,-0.6785714285714286,96,33,-63,-0.65625,1123,718,-405,-0.3606411398040962,33,4,-29,-0.8787878787878788,43,16,-27,-0.627906976744186,38,14,-24,-0.631578947368421,5,2,-3,-0.6,10,5,-5,-0.5,0,1,1,,79,96,17,0.21518987341772153,215,342,127,0.5906976744186047,7,29,22,3.142857142857143,4,38,34,8.5,5,6,1,0.2,2,3,1,0.5,4,0,-4,-1.0,301,468,167,0.5548172757475083,322,117,-205,-0.6366459627329193,0,0,0,
own_v1,O2,h00037,bundle_exact_pointer_passes,bundle_verified_input,bundle_pointer_opt,False,9,9,0,0.0,33,33,0,0.0,718,712,-6,-0.008356545961002786,4,4,0,0.0,16,16,0,0.0,14,14,0,0.0,2,2,0,0.0,5,5,0,0.0,1,1,0,0.0,96,96,0,0.0,342,342,0,0.0,29,29,0,0.0,38,34,-4,-0.10526315789473684,6,6,0,0.0,3,3,0,0.0,0,0,0,,468,468,0,0.0,117,112,-5,-0.042735042735042736,0,0,0,
own_v1,O2,h00037,llvm_default_opt_boundary_3,bundle_pointer_opt,bundle_standard_opt_3,True,9,9,0,0.0,33,33,0,0.0,712,603,-109,-0.15308988764044945,4,4,0,0.0,16,16,0,0.0,14,14,0,0.0,2,2,0,0.0,5,5,0,0.0,1,1,0,0.0,96,80,-16,-0.16666666666666666,342,253,-89,-0.260233918128655,29,29,0,0.0,34,32,-2,-0.058823529411764705,6,6,0,0.0,3,3,0,0.0,0,0,0,,468,363,-105,-0.22435897435897437,112,108,-4,-0.03571428571428571,0,0,0,
own_v1,O2,h00037,custom_storage_delift,bundle_standard_opt_3,bundle_storage_delift,False,9,9,0,0.0,33,33,0,0.0,603,603,0,0.0,4,4,0,0.0,16,16,0,0.0,14,14,0,0.0,2,2,0,0.0,5,5,0,0.0,1,1,0,0.0,80,80,0,0.0,253,253,0,0.0,29,29,0,0.0,32,32,0,0.0,6,6,0,0.0,3,3,0,0.0,0,0,0,,363,363,0,0.0,108,108,0,0.0,0,0,0,
own_v1,O2,h00037,custom_residual_strip,bundle_storage_delift,bundle_residual_strip,False,9,9,0,0.0,33,33,0,0.0,603,603,0,0.0,4,4,0,0.0,16,16,0,0.0,14,14,0,0.0,2,2,0,0.0,5,5,0,0.0,1,1,0,0.0,80,80,0,0.0,253,253,0,0.0,29,29,0,0.0,32,32,0,0.0,6,6,0,0.0,3,3,0,0.0,0,0,0,,363,363,0,0.0,108,108,0,0.0,0,0,0,
own_v1,O2,h00037,final_tail_opt_4_plus_custom_cleanup,bundle_residual_strip,final_clean,False,9,9,0,0.0,33,33,0,0.0,603,600,-3,-0.004975124378109453,4,4,0,0.0,16,16,0,0.0,14,14,0,0.0,2,2,0,0.0,5,5,0,0.0,1,1,0,0.0,80,80,0,0.0,253,250,-3,-0.011857707509881422,29,29,0,0.0,32,32,0,0.0,6,6,0,0.0,3,3,0,0.0,0,0,0,,363,360,-3,-0.008264462809917356,108,108,0,0.0,0,0,0,
own_v1,O2,h00038,main_combined_custom_plus_opt_1_2,raw_lift,brightened_main,False,28,5,-23,-0.8214285714285714,166,54,-112,-0.6746987951807228,2086,1195,-891,-0.4271332694151486,69,6,-63,-0.9130434782608695,56,13,-43,-0.7678571428571429,51,13,-38,-0.7450980392156863,5,0,-5,-1.0,20,7,-13,-0.65,0,1,1,,123,142,19,0.15447154471544716,352,509,157,0.4460227272727273,7,38,31,4.428571428571429,3,60,57,19.0,12,11,-1,-0.08333333333333333,0,4,4,,10,1,-9,-0.9,482,690,208,0.4315352697095436,634,225,-409,-0.6451104100946372,0,0,0,
own_v1,O2,h00038,bundle_exact_pointer_passes,bundle_verified_input,bundle_pointer_opt,False,5,5,0,0.0,54,54,0,0.0,1195,1182,-13,-0.010878661087866108,6,6,0,0.0,13,13,0,0.0,13,13,0,0.0,0,0,0,,7,7,0,0.0,1,1,0,0.0,142,142,0,0.0,509,509,0,0.0,38,38,0,0.0,60,60,0,0.0,11,11,0,0.0,4,4,0,0.0,1,1,0,0.0,690,690,0,0.0,225,211,-14,-0.06222222222222222,0,0,0,
own_v1,O2,h00038,llvm_default_opt_boundary_3,bundle_pointer_opt,bundle_standard_opt_3,True,5,5,0,0.0,54,54,0,0.0,1182,1008,-174,-0.14720812182741116,6,6,0,0.0,13,11,-2,-0.15384615384615385,13,11,-2,-0.15384615384615385,0,0,0,,7,5,-2,-0.2857142857142857,1,1,0,0.0,142,107,-35,-0.24647887323943662,509,433,-76,-0.14931237721021612,38,38,0,0.0,60,59,-1,-0.016666666666666666,11,11,0,0.0,4,4,0,0.0,1,1,0,0.0,690,579,-111,-0.1608695652173913,211,189,-22,-0.10426540284360189,0,0,0,
own_v1,O2,h00038,custom_storage_delift,bundle_standard_opt_3,bundle_storage_delift,False,5,5,0,0.0,54,54,0,0.0,1008,1008,0,0.0,6,6,0,0.0,11,11,0,0.0,11,11,0,0.0,0,0,0,,5,5,0,0.0,1,1,0,0.0,107,107,0,0.0,433,433,0,0.0,38,38,0,0.0,59,59,0,0.0,11,11,0,0.0,4,4,0,0.0,1,1,0,0.0,579,579,0,0.0,189,189,0,0.0,0,0,0,
own_v1,O2,h00038,custom_residual_strip,bundle_storage_delift,bundle_residual_strip,False,5,5,0,0.0,54,54,0,0.0,1008,1008,0,0.0,6,6,0,0.0,11,11,0,0.0,11,11,0,0.0,0,0,0,,5,5,0,0.0,1,1,0,0.0,107,107,0,0.0,433,433,0,0.0,38,38,0,0.0,59,59,0,0.0,11,11,0,0.0,4,4,0,0.0,1,1,0,0.0,579,579,0,0.0,189,189,0,0.0,0,0,0,
own_v1,O2,h00038,final_tail_opt_4_plus_custom_cleanup,bundle_residual_strip,final_clean,False,5,0,-5,-1.0,54,0,-54,-1.0,1008,0,-1008,-1.0,6,0,-6,-1.0,11,0,-11,-1.0,11,0,-11,-1.0,0,0,0,,5,0,-5,-1.0,1,0,-1,-1.0,107,0,-107,-1.0,433,0,-433,-1.0,38,0,-38,-1.0,59,0,-59,-1.0,11,0,-11,-1.0,4,0,-4,-1.0,1,0,-1,-1.0,579,0,-579,-1.0,189,0,-189,-1.0,0,0,0,
own_v1,O2,h00039,main_combined_custom_plus_opt_1_2,raw_lift,brightened_main,False,26,2,-24,-0.9230769230769231,99,22,-77,-0.7777777777777778,1236,158,-1078,-0.872168284789644,34,1,-33,-0.9705882352941176,37,3,-34,-0.918918918918919,32,3,-29,-0.90625,5,0,-5,-1.0,9,0,-9,-1.0,0,2,2,,71,22,-49,-0.6901408450704225,187,35,-152,-0.8128342245989305,5,22,17,3.4,2,2,0,0.0,7,6,-1,-0.14285714285714285,0,1,1,,3,0,-3,-1.0,263,81,-182,-0.6920152091254753,402,16,-386,-0.9601990049751243,0,0,0,
own_v1,O2,h00039,bundle_exact_pointer_passes,bundle_verified_input,bundle_pointer_opt,False,2,2,0,0.0,22,22,0,0.0,158,158,0,0.0,1,1,0,0.0,3,3,0,0.0,3,3,0,0.0,0,0,0,,0,0,0,,2,2,0,0.0,22,22,0,0.0,35,35,0,0.0,22,22,0,0.0,2,2,0,0.0,6,6,0,0.0,1,1,0,0.0,0,0,0,,81,81,0,0.0,16,16,0,0.0,0,0,0,
own_v1,O2,h00039,llvm_default_opt_boundary_3,bundle_pointer_opt,bundle_standard_opt_3,True,2,2,0,0.0,22,22,0,0.0,158,157,-1,-0.006329113924050633,1,1,0,0.0,3,3,0,0.0,3,3,0,0.0,0,0,0,,0,0,0,,2,2,0,0.0,22,22,0,0.0,35,35,0,0.0,22,21,-1,-0.045454545454545456,2,2,0,0.0,6,6,0,0.0,1,1,0,0.0,0,0,0,,81,80,-1,-0.012345679012345678,16,16,0,0.0,0,0,0,
own_v1,O2,h00039,custom_storage_delift,bundle_standard_opt_3,bundle_storage_delift,False,2,2,0,0.0,22,22,0,0.0,157,157,0,0.0,1,1,0,0.0,3,3,0,0.0,3,3,0,0.0,0,0,0,,0,0,0,,2,2,0,0.0,22,22,0,0.0,35,35,0,0.0,21,21,0,0.0,2,2,0,0.0,6,6,0,0.0,1,1,0,0.0,0,0,0,,80,80,0,0.0,16,16,0,0.0,0,0,0,
own_v1,O2,h00039,custom_residual_strip,bundle_storage_delift,bundle_residual_strip,False,2,2,0,0.0,22,22,0,0.0,157,157,0,0.0,1,1,0,0.0,3,3,0,0.0,3,3,0,0.0,0,0,0,,0,0,0,,2,2,0,0.0,22,22,0,0.0,35,35,0,0.0,21,21,0,0.0,2,2,0,0.0,6,6,0,0.0,1,1,0,0.0,0,0,0,,80,80,0,0.0,16,16,0,0.0,0,0,0,
own_v1,O2,h00039,final_tail_opt_4_plus_custom_cleanup,bundle_residual_strip,final_clean,False,2,1,-1,-0.5,22,21,-1,-0.045454545454545456,157,156,-1,-0.006369426751592357,1,1,0,0.0,3,3,0,0.0,3,3,0,0.0,0,0,0,,0,0,0,,2,2,0,0.0,22,22,0,0.0,35,35,0,0.0,21,21,0,0.0,2,2,0,0.0,6,6,0,0.0,1,1,0,0.0,0,0,0,,80,80,0,0.0,16,16,0,0.0,0,0,0,
own_v1,O2,h00040,main_combined_custom_plus_opt_1_2,raw_lift,brightened_main,False,31,9,-22,-0.7096774193548387,164,72,-92,-0.5609756097560976,1783,1912,129,0.0723499719573752,64,6,-58,-0.90625,56,27,-29,-0.5178571428571429,51,25,-26,-0.5098039215686274,5,2,-3,-0.6,17,13,-4,-0.23529411764705882,0,5,5,,114,157,43,0.37719298245614036,326,881,555,1.7024539877300613,4,182,178,44.5,4,35,31,7.75,18,104,86,4.777777777777778,0,2,2,,3,0,-3,-1.0,444,1225,781,1.759009009009009,531,344,-187,-0.352165725047081,0,0,0,
own_v1,O2,h00040,bundle_exact_pointer_passes,bundle_verified_input,bundle_pointer_opt,False,9,9,0,0.0,72,72,0,0.0,1912,1912,0,0.0,6,6,0,0.0,27,27,0,0.0,25,25,0,0.0,2,2,0,0.0,13,13,0,0.0,5,5,0,0.0,157,157,0,0.0,881,881,0,0.0,182,182,0,0.0,35,35,0,0.0,104,104,0,0.0,2,2,0,0.0,0,0,0,,1225,1225,0,0.0,344,344,0,0.0,0,0,0,
own_v1,O2,h00040,llvm_default_opt_boundary_3,bundle_pointer_opt,bundle_standard_opt_3,True,9,9,0,0.0,72,72,0,0.0,1912,1650,-262,-0.13702928870292888,6,6,0,0.0,27,29,2,0.07407407407407407,25,27,2,0.08,2,2,0,0.0,13,15,2,0.15384615384615385,5,5,0,0.0,157,119,-38,-0.24203821656050956,881,662,-219,-0.24858115777525538,182,178,-4,-0.02197802197802198,35,32,-3,-0.08571428571428572,104,104,0,0.0,2,2,0,0.0,0,0,0,,1225,964,-261,-0.21306122448979592,344,341,-3,-0.00872093023255814,0,0,0,
own_v1,O2,h00040,custom_storage_delift,bundle_standard_opt_3,bundle_storage_delift,False,9,9,0,0.0,72,72,0,0.0,1650,1650,0,0.0,6,6,0,0.0,29,29,0,0.0,27,27,0,0.0,2,2,0,0.0,15,15,0,0.0,5,5,0,0.0,119,119,0,0.0,662,662,0,0.0,178,178,0,0.0,32,32,0,0.0,104,104,0,0.0,2,2,0,0.0,0,0,0,,964,964,0,0.0,341,341,0,0.0,0,0,0,
own_v1,O2,h00040,custom_residual_strip,bundle_storage_delift,bundle_residual_strip,False,9,9,0,0.0,72,72,0,0.0,1650,1650,0,0.0,6,6,0,0.0,29,29,0,0.0,27,27,0,0.0,2,2,0,0.0,15,15,0,0.0,5,5,0,0.0,119,119,0,0.0,662,662,0,0.0,178,178,0,0.0,32,32,0,0.0,104,104,0,0.0,2,2,0,0.0,0,0,0,,964,964,0,0.0,341,341,0,0.0,0,0,0,
own_v1,O2,h00040,final_tail_opt_4_plus_custom_cleanup,bundle_residual_strip,final_clean,False,9,9,0,0.0,72,72,0,0.0,1650,1615,-35,-0.021212121212121213,6,6,0,0.0,29,29,0,0.0,27,27,0,0.0,2,2,0,0.0,15,15,0,0.0,5,5,0,0.0,119,119,0,0.0,662,627,-35,-0.052870090634441085,178,178,0,0.0,32,32,0,0.0,104,104,0,0.0,2,2,0,0.0,0,0,0,,964,929,-35,-0.03630705394190872,341,341,0,0.0,0,0,0,
own_v1,O3,h00001,main_combined_custom_plus_opt_1_2,raw_lift,brightened_main,False,26,9,-17,-0.6538461538461539,113,44,-69,-0.6106194690265486,1201,666,-535,-0.4454621149042465,41,4,-37,-0.9024390243902439,34,12,-22,-0.6470588235294118,29,10,-19,-0.6551724137931034,5,2,-3,-0.6,7,4,-3,-0.42857142857142855,0,1,1,,73,64,-9,-0.1232876712328767,181,320,139,0.7679558011049724,5,39,34,6.8,2,37,35,17.5,9,10,1,0.1111111111111111,0,1,1,,3,0,-3,-1.0,259,424,165,0.637065637065637,392,114,-278,-0.7091836734693877,0,0,0,
own_v1,O3,h00001,bundle_exact_pointer_passes,bundle_verified_input,bundle_pointer_opt,False,9,9,0,0.0,44,44,0,0.0,666,643,-23,-0.03453453453453453,4,4,0,0.0,12,12,0,0.0,10,10,0,0.0,2,2,0,0.0,4,4,0,0.0,1,1,0,0.0,64,64,0,0.0,320,320,0,0.0,39,39,0,0.0,37,28,-9,-0.24324324324324326,10,10,0,0.0,1,1,0,0.0,0,0,0,,424,424,0,0.0,114,93,-21,-0.18421052631578946,0,0,0,
own_v1,O3,h00001,llvm_default_opt_boundary_3,bundle_pointer_opt,bundle_standard_opt_3,True,9,9,0,0.0,44,44,0,0.0,643,571,-72,-0.1119751166407465,4,4,0,0.0,12,12,0,0.0,10,10,0,0.0,2,2,0,0.0,4,4,0,0.0,1,1,0,0.0,64,54,-10,-0.15625,320,259,-61,-0.190625,39,39,0,0.0,28,28,0,0.0,10,10,0,0.0,1,1,0,0.0,0,0,0,,424,353,-71,-0.16745283018867924,93,92,-1,-0.010752688172043012,0,0,0,
own_v1,O3,h00001,custom_storage_delift,bundle_standard_opt_3,bundle_storage_delift,False,9,9,0,0.0,44,44,0,0.0,571,571,0,0.0,4,4,0,0.0,12,12,0,0.0,10,10,0,0.0,2,2,0,0.0,4,4,0,0.0,1,1,0,0.0,54,54,0,0.0,259,259,0,0.0,39,39,0,0.0,28,28,0,0.0,10,10,0,0.0,1,1,0,0.0,0,0,0,,353,353,0,0.0,92,92,0,0.0,0,0,0,
own_v1,O3,h00001,custom_residual_strip,bundle_storage_delift,bundle_residual_strip,False,9,9,0,0.0,44,44,0,0.0,571,571,0,0.0,4,4,0,0.0,12,12,0,0.0,10,10,0,0.0,2,2,0,0.0,4,4,0,0.0,1,1,0,0.0,54,54,0,0.0,259,259,0,0.0,39,39,0,0.0,28,28,0,0.0,10,10,0,0.0,1,1,0,0.0,0,0,0,,353,353,0,0.0,92,92,0,0.0,0,0,0,
own_v1,O3,h00001,final_tail_opt_4_plus_custom_cleanup,bundle_residual_strip,final_clean,False,9,9,0,0.0,44,44,0,0.0,571,568,-3,-0.005253940455341506,4,4,0,0.0,12,12,0,0.0,10,10,0,0.0,2,2,0,0.0,4,4,0,0.0,1,1,0,0.0,54,54,0,0.0,259,256,-3,-0.011583011583011582,39,39,0,0.0,28,28,0,0.0,10,10,0,0.0,1,1,0,0.0,0,0,0,,353,350,-3,-0.0084985835694051,92,92,0,0.0,0,0,0,
own_v1,O3,h00002,main_combined_custom_plus_opt_1_2,raw_lift,brightened_main,False,26,2,-24,-0.9230769230769231,112,26,-86,-0.7678571428571429,1212,201,-1011,-0.8341584158415841,41,2,-39,-0.9512195121951219,39,9,-30,-0.7692307692307693,34,9,-25,-0.7352941176470589,5,0,-5,-1.0,10,5,-5,-0.5,0,4,4,,70,21,-49,-0.7,203,37,-166,-0.8177339901477833,5,32,27,5.4,2,4,2,1.0,9,10,1,0.1111111111111111,0,1,1,,4,1,-3,-0.75,278,94,-184,-0.6618705035971223,363,38,-325,-0.8953168044077136,0,0,0,
own_v1,O3,h00002,bundle_exact_pointer_passes,bundle_verified_input,bundle_pointer_opt,False,2,2,0,0.0,26,26,0,0.0,201,201,0,0.0,2,2,0,0.0,9,9,0,0.0,9,9,0,0.0,0,0,0,,5,5,0,0.0,4,4,0,0.0,21,21,0,0.0,37,37,0,0.0,32,32,0,0.0,4,4,0,0.0,10,10,0,0.0,1,1,0,0.0,1,1,0,0.0,94,94,0,0.0,38,38,0,0.0,0,0,0,
own_v1,O3,h00002,llvm_default_opt_boundary_3,bundle_pointer_opt,bundle_standard_opt_3,True,2,2,0,0.0,26,26,0,0.0,201,199,-2,-0.009950248756218905,2,2,0,0.0,9,9,0,0.0,9,9,0,0.0,0,0,0,,5,5,0,0.0,4,4,0,0.0,21,21,0,0.0,37,37,0,0.0,32,30,-2,-0.0625,4,4,0,0.0,10,10,0,0.0,1,1,0,0.0,1,1,0,0.0,94,92,-2,-0.02127659574468085,38,38,0,0.0,0,0,0,
own_v1,O3,h00002,custom_storage_delift,bundle_standard_opt_3,bundle_storage_delift,False,2,2,0,0.0,26,26,0,0.0,199,199,0,0.0,2,2,0,0.0,9,9,0,0.0,9,9,0,0.0,0,0,0,,5,5,0,0.0,4,4,0,0.0,21,21,0,0.0,37,37,0,0.0,30,30,0,0.0,4,4,0,0.0,10,10,0,0.0,1,1,0,0.0,1,1,0,0.0,92,92,0,0.0,38,38,0,0.0,0,0,0,
own_v1,O3,h00002,custom_residual_strip,bundle_storage_delift,bundle_residual_strip,False,2,2,0,0.0,26,26,0,0.0,199,199,0,0.0,2,2,0,0.0,9,9,0,0.0,9,9,0,0.0,0,0,0,,5,5,0,0.0,4,4,0,0.0,21,21,0,0.0,37,37,0,0.0,30,30,0,0.0,4,4,0,0.0,10,10,0,0.0,1,1,0,0.0,1,1,0,0.0,92,92,0,0.0,38,38,0,0.0,0,0,0,
own_v1,O3,h00002,final_tail_opt_4_plus_custom_cleanup,bundle_residual_strip,final_clean,False,2,1,-1,-0.5,26,25,-1,-0.038461538461538464,199,198,-1,-0.005025125628140704,2,2,0,0.0,9,9,0,0.0,9,9,0,0.0,0,0,0,,5,5,0,0.0,4,4,0,0.0,21,21,0,0.0,37,37,0,0.0,30,30,0,0.0,4,4,0,0.0,10,10,0,0.0,1,1,0,0.0,1,1,0,0.0,92,92,0,0.0,38,38,0,0.0,0,0,0,
own_v1,O3,h00003,main_combined_custom_plus_opt_1_2,raw_lift,brightened_main,False,26,2,-24,-0.9230769230769231,123,34,-89,-0.7235772357723578,1288,203,-1085,-0.842391304347826,46,1,-45,-0.9782608695652174,40,5,-35,-0.875,35,5,-30,-0.8571428571428571,5,0,-5,-1.0,11,1,-10,-0.9090909090909091,0,2,2,,81,30,-51,-0.6296296296296297,226,54,-172,-0.7610619469026548,5,24,19,3.8,2,2,0,0.0,12,11,-1,-0.08333333333333333,0,1,1,,3,0,-3,-1.0,312,110,-202,-0.6474358974358975,397,31,-366,-0.9219143576826196,0,0,0,
own_v1,O3,h00003,bundle_exact_pointer_passes,bundle_verified_input,bundle_pointer_opt,False,2,2,0,0.0,34,34,0,0.0,203,203,0,0.0,1,1,0,0.0,5,5,0,0.0,5,5,0,0.0,0,0,0,,1,1,0,0.0,2,2,0,0.0,30,30,0,0.0,54,54,0,0.0,24,24,0,0.0,2,2,0,0.0,11,11,0,0.0,1,1,0,0.0,0,0,0,,110,110,0,0.0,31,31,0,0.0,0,0,0,
own_v1,O3,h00003,llvm_default_opt_boundary_3,bundle_pointer_opt,bundle_standard_opt_3,True,2,2,0,0.0,34,34,0,0.0,203,202,-1,-0.0049261083743842365,1,1,0,0.0,5,5,0,0.0,5,5,0,0.0,0,0,0,,1,1,0,0.0,2,2,0,0.0,30,30,0,0.0,54,54,0,0.0,24,23,-1,-0.041666666666666664,2,2,0,0.0,11,11,0,0.0,1,1,0,0.0,0,0,0,,110,109,-1,-0.00909090909090909,31,31,0,0.0,0,0,0,
own_v1,O3,h00003,custom_storage_delift,bundle_standard_opt_3,bundle_storage_delift,False,2,2,0,0.0,34,34,0,0.0,202,202,0,0.0,1,1,0,0.0,5,5,0,0.0,5,5,0,0.0,0,0,0,,1,1,0,0.0,2,2,0,0.0,30,30,0,0.0,54,54,0,0.0,23,23,0,0.0,2,2,0,0.0,11,11,0,0.0,1,1,0,0.0,0,0,0,,109,109,0,0.0,31,31,0,0.0,0,0,0,
own_v1,O3,h00003,custom_residual_strip,bundle_storage_delift,bundle_residual_strip,False,2,2,0,0.0,34,34,0,0.0,202,202,0,0.0,1,1,0,0.0,5,5,0,0.0,5,5,0,0.0,0,0,0,,1,1,0,0.0,2,2,0,0.0,30,30,0,0.0,54,54,0,0.0,23,23,0,0.0,2,2,0,0.0,11,11,0,0.0,1,1,0,0.0,0,0,0,,109,109,0,0.0,31,31,0,0.0,0,0,0,
own_v1,O3,h00003,final_tail_opt_4_plus_custom_cleanup,bundle_residual_strip,final_clean,False,2,1,-1,-0.5,34,33,-1,-0.029411764705882353,202,201,-1,-0.0049504950495049506,1,1,0,0.0,5,5,0,0.0,5,5,0,0.0,0,0,0,,1,1,0,0.0,2,2,0,0.0,30,30,0,0.0,54,54,0,0.0,23,23,0,0.0,2,2,0,0.0,11,11,0,0.0,1,1,0,0.0,0,0,0,,109,109,0,0.0,31,31,0,0.0,0,0,0,
own_v1,O3,h00004,main_combined_custom_plus_opt_1_2,raw_lift,brightened_main,False,28,10,-18,-0.6428571428571429,106,40,-66,-0.6226415094339622,1472,1121,-351,-0.23845108695652173,37,4,-33,-0.8918918918918919,56,33,-23,-0.4107142857142857,51,31,-20,-0.39215686274509803,5,2,-3,-0.6,21,14,-7,-0.3333333333333333,0,5,5,,93,133,40,0.43010752688172044,316,511,195,0.6170886075949367,5,77,72,14.4,6,33,27,4.5,10,20,10,1.0,2,1,-1,-0.5,3,0,-3,-1.0,414,726,312,0.7536231884057971,432,178,-254,-0.5879629629629629,0,0,0,
own_v1,O3,h00004,bundle_exact_pointer_passes,bundle_verified_input,bundle_pointer_opt,False,10,10,0,0.0,40,40,0,0.0,1121,1117,-4,-0.003568242640499554,4,4,0,0.0,33,33,0,0.0,31,31,0,0.0,2,2,0,0.0,14,14,0,0.0,5,5,0,0.0,133,133,0,0.0,511,511,0,0.0,77,77,0,0.0,33,33,0,0.0,20,20,0,0.0,1,1,0,0.0,0,0,0,,726,726,0,0.0,178,174,-4,-0.02247191011235955,0,0,0,
own_v1,O3,h00004,llvm_default_opt_boundary_3,bundle_pointer_opt,bundle_standard_opt_3,True,10,10,0,0.0,40,40,0,0.0,1117,964,-153,-0.1369740376007162,4,4,0,0.0,33,30,-3,-0.09090909090909091,31,28,-3,-0.0967741935483871,2,2,0,0.0,14,13,-1,-0.07142857142857142,5,5,0,0.0,133,97,-36,-0.2706766917293233,511,408,-103,-0.20156555772994128,77,77,0,0.0,33,33,0,0.0,20,20,0,0.0,1,1,0,0.0,0,0,0,,726,587,-139,-0.19146005509641872,174,169,-5,-0.028735632183908046,0,0,0,
own_v1,O3,h00004,custom_storage_delift,bundle_standard_opt_3,bundle_storage_delift,False,10,10,0,0.0,40,40,0,0.0,964,964,0,0.0,4,4,0,0.0,30,30,0,0.0,28,28,0,0.0,2,2,0,0.0,13,13,0,0.0,5,5,0,0.0,97,97,0,0.0,408,408,0,0.0,77,77,0,0.0,33,33,0,0.0,20,20,0,0.0,1,1,0,0.0,0,0,0,,587,587,0,0.0,169,169,0,0.0,0,0,0,
own_v1,O3,h00004,custom_residual_strip,bundle_storage_delift,bundle_residual_strip,False,10,10,0,0.0,40,40,0,0.0,964,964,0,0.0,4,4,0,0.0,30,30,0,0.0,28,28,0,0.0,2,2,0,0.0,13,13,0,0.0,5,5,0,0.0,97,97,0,0.0,408,408,0,0.0,77,77,0,0.0,33,33,0,0.0,20,20,0,0.0,1,1,0,0.0,0,0,0,,587,587,0,0.0,169,169,0,0.0,0,0,0,
own_v1,O3,h00004,final_tail_opt_4_plus_custom_cleanup,bundle_residual_strip,final_clean,False,10,10,0,0.0,40,40,0,0.0,964,955,-9,-0.00933609958506224,4,4,0,0.0,30,30,0,0.0,28,28,0,0.0,2,2,0,0.0,13,13,0,0.0,5,5,0,0.0,97,97,0,0.0,408,407,-1,-0.0024509803921568627,77,77,0,0.0,33,33,0,0.0,20,20,0,0.0,1,1,0,0.0,0,0,0,,587,586,-1,-0.0017035775127768314,169,165,-4,-0.023668639053254437,0,0,0,
own_v1,O3,h00005,main_combined_custom_plus_opt_1_2,raw_lift,brightened_main,False,28,9,-19,-0.6785714285714286,97,35,-62,-0.6391752577319587,1082,710,-372,-0.3438077634011091,32,4,-28,-0.875,42,14,-28,-0.6666666666666666,37,12,-25,-0.6756756756756757,5,2,-3,-0.6,11,4,-7,-0.6363636363636364,0,1,1,,73,81,8,0.1095890410958904,205,360,155,0.7560975609756098,5,35,30,6.0,2,37,35,17.5,6,7,1,0.16666666666666666,0,1,1,,3,0,-3,-1.0,283,477,194,0.6855123674911661,318,112,-206,-0.6477987421383647,0,0,0,
own_v1,O3,h00005,bundle_exact_pointer_passes,bundle_verified_input,bundle_pointer_opt,False,9,9,0,0.0,35,35,0,0.0,710,701,-9,-0.01267605633802817,4,4,0,0.0,14,14,0,0.0,12,12,0,0.0,2,2,0,0.0,4,4,0,0.0,1,1,0,0.0,81,81,0,0.0,360,360,0,0.0,35,35,0,0.0,37,32,-5,-0.13513513513513514,7,7,0,0.0,1,1,0,0.0,0,0,0,,477,477,0,0.0,112,104,-8,-0.07142857142857142,0,0,0,
own_v1,O3,h00005,llvm_default_opt_boundary_3,bundle_pointer_opt,bundle_standard_opt_3,True,9,9,0,0.0,35,35,0,0.0,701,615,-86,-0.12268188302425106,4,4,0,0.0,14,14,0,0.0,12,12,0,0.0,2,2,0,0.0,4,4,0,0.0,1,1,0,0.0,81,71,-10,-0.12345679012345678,360,287,-73,-0.20277777777777778,35,35,0,0.0,32,32,0,0.0,7,7,0,0.0,1,1,0,0.0,0,0,0,,477,394,-83,-0.1740041928721174,104,101,-3,-0.028846153846153848,0,0,0,
own_v1,O3,h00005,custom_storage_delift,bundle_standard_opt_3,bundle_storage_delift,False,9,9,0,0.0,35,35,0,0.0,615,615,0,0.0,4,4,0,0.0,14,14,0,0.0,12,12,0,0.0,2,2,0,0.0,4,4,0,0.0,1,1,0,0.0,71,71,0,0.0,287,287,0,0.0,35,35,0,0.0,32,32,0,0.0,7,7,0,0.0,1,1,0,0.0,0,0,0,,394,394,0,0.0,101,101,0,0.0,0,0,0,
own_v1,O3,h00005,custom_residual_strip,bundle_storage_delift,bundle_residual_strip,False,9,9,0,0.0,35,35,0,0.0,615,615,0,0.0,4,4,0,0.0,14,14,0,0.0,12,12,0,0.0,2,2,0,0.0,4,4,0,0.0,1,1,0,0.0,71,71,0,0.0,287,287,0,0.0,35,35,0,0.0,32,32,0,0.0,7,7,0,0.0,1,1,0,0.0,0,0,0,,394,394,0,0.0,101,101,0,0.0,0,0,0,
own_v1,O3,h00005,final_tail_opt_4_plus_custom_cleanup,bundle_residual_strip,final_clean,False,9,9,0,0.0,35,35,0,0.0,615,611,-4,-0.0065040650406504065,4,4,0,0.0,14,14,0,0.0,12,12,0,0.0,2,2,0,0.0,4,4,0,0.0,1,1,0,0.0,71,71,0,0.0,287,283,-4,-0.013937282229965157,35,35,0,0.0,32,32,0,0.0,7,7,0,0.0,1,1,0,0.0,0,0,0,,394,390,-4,-0.01015228426395939,101,101,0,0.0,0,0,0,
own_v1,O3,h00006,main_combined_custom_plus_opt_1_2,raw_lift,brightened_main,False,26,9,-17,-0.6538461538461539,127,49,-78,-0.6141732283464567,1347,808,-539,-0.40014847809948034,48,2,-46,-0.9583333333333334,34,13,-21,-0.6176470588235294,29,11,-18,-0.6206896551724138,5,2,-3,-0.6,7,5,-2,-0.2857142857142857,0,1,1,,86,74,-12,-0.13953488372093023,195,419,224,1.1487179487179486,5,47,42,8.4,2,32,30,15.0,11,12,1,0.09090909090909091,0,1,1,,3,0,-3,-1.0,286,541,255,0.8916083916083916,450,109,-341,-0.7577777777777778,0,0,0,
own_v1,O3,h00006,bundle_exact_pointer_passes,bundle_verified_input,bundle_pointer_opt,False,9,9,0,0.0,49,49,0,0.0,808,784,-24,-0.0297029702970297,2,2,0,0.0,13,13,0,0.0,11,11,0,0.0,2,2,0,0.0,5,5,0,0.0,1,1,0,0.0,74,74,0,0.0,419,419,0,0.0,47,47,0,0.0,32,24,-8,-0.25,12,12,0,0.0,1,1,0,0.0,0,0,0,,541,541,0,0.0,109,91,-18,-0.1651376146788991,0,0,0,
own_v1,O3,h00006,llvm_default_opt_boundary_3,bundle_pointer_opt,bundle_standard_opt_3,True,9,9,0,0.0,49,49,0,0.0,784,665,-119,-0.15178571428571427,2,2,0,0.0,13,13,0,0.0,11,11,0,0.0,2,2,0,0.0,5,5,0,0.0,1,1,0,0.0,74,64,-10,-0.13513513513513514,419,310,-109,-0.26014319809069214,47,47,0,0.0,24,24,0,0.0,12,12,0,0.0,1,1,0,0.0,0,0,0,,541,422,-119,-0.2199630314232902,91,91,0,0.0,0,0,0,
own_v1,O3,h00006,custom_storage_delift,bundle_standard_opt_3,bundle_storage_delift,False,9,9,0,0.0,49,49,0,0.0,665,665,0,0.0,2,2,0,0.0,13,13,0,0.0,11,11,0,0.0,2,2,0,0.0,5,5,0,0.0,1,1,0,0.0,64,64,0,0.0,310,310,0,0.0,47,47,0,0.0,24,24,0,0.0,12,12,0,0.0,1,1,0,0.0,0,0,0,,422,422,0,0.0,91,91,0,0.0,0,0,0,
own_v1,O3,h00006,custom_residual_strip,bundle_storage_delift,bundle_residual_strip,False,9,9,0,0.0,49,49,0,0.0,665,665,0,0.0,2,2,0,0.0,13,13,0,0.0,11,11,0,0.0,2,2,0,0.0,5,5,0,0.0,1,1,0,0.0,64,64,0,0.0,310,310,0,0.0,47,47,0,0.0,24,24,0,0.0,12,12,0,0.0,1,1,0,0.0,0,0,0,,422,422,0,0.0,91,91,0,0.0,0,0,0,
own_v1,O3,h00006,final_tail_opt_4_plus_custom_cleanup,bundle_residual_strip,final_clean,False,9,9,0,0.0,49,49,0,0.0,665,632,-33,-0.04962406015037594,2,2,0,0.0,13,13,0,0.0,11,11,0,0.0,2,2,0,0.0,5,5,0,0.0,1,1,0,0.0,64,64,0,0.0,310,277,-33,-0.1064516129032258,47,47,0,0.0,24,24,0,0.0,12,12,0,0.0,1,1,0,0.0,0,0,0,,422,389,-33,-0.07819905213270142,91,91,0,0.0,0,0,0,
own_v1,O3,h00007,main_combined_custom_plus_opt_1_2,raw_lift,brightened_main,False,27,10,-17,-0.6296296296296297,147,45,-102,-0.6938775510204082,1633,999,-634,-0.3882424984690753,57,9,-48,-0.8421052631578947,39,13,-26,-0.6666666666666666,34,11,-23,-0.6764705882352942,5,2,-3,-0.6,11,4,-7,-0.6363636363636364,0,1,1,,97,110,13,0.13402061855670103,240,515,275,1.1458333333333333,6,34,28,4.666666666666667,2,52,50,25.0,11,12,1,0.09090909090909091,0,2,2,,3,0,-3,-1.0,343,660,317,0.924198250728863,535,168,-367,-0.685981308411215,0,0,0,
own_v1,O3,h00007,bundle_exact_pointer_passes,bundle_verified_input,bundle_pointer_opt,False,10,10,0,0.0,45,45,0,0.0,999,988,-11,-0.011011011011011011,9,9,0,0.0,13,13,0,0.0,11,11,0,0.0,2,2,0,0.0,4,4,0,0.0,1,1,0,0.0,110,110,0,0.0,515,515,0,0.0,34,34,0,0.0,52,52,0,0.0,12,12,0,0.0,2,2,0,0.0,0,0,0,,660,660,0,0.0,168,157,-11,-0.06547619047619048,0,0,0,
own_v1,O3,h00007,llvm_default_opt_boundary_3,bundle_pointer_opt,bundle_standard_opt_3,True,10,10,0,0.0,45,45,0,0.0,988,870,-118,-0.1194331983805668,9,9,0,0.0,13,13,0,0.0,11,11,0,0.0,2,2,0,0.0,4,4,0,0.0,1,1,0,0.0,110,98,-12,-0.10909090909090909,515,417,-98,-0.19029126213592232,34,34,0,0.0,52,50,-2,-0.038461538461538464,12,12,0,0.0,2,2,0,0.0,0,0,0,,660,550,-110,-0.16666666666666666,157,151,-6,-0.03821656050955414,0,0,0,
own_v1,O3,h00007,custom_storage_delift,bundle_standard_opt_3,bundle_storage_delift,False,10,10,0,0.0,45,45,0,0.0,870,870,0,0.0,9,9,0,0.0,13,13,0,0.0,11,11,0,0.0,2,2,0,0.0,4,4,0,0.0,1,1,0,0.0,98,98,0,0.0,417,417,0,0.0,34,34,0,0.0,50,50,0,0.0,12,12,0,0.0,2,2,0,0.0,0,0,0,,550,550,0,0.0,151,151,0,0.0,0,0,0,
own_v1,O3,h00007,custom_residual_strip,bundle_storage_delift,bundle_residual_strip,False,10,10,0,0.0,45,45,0,0.0,870,870,0,0.0,9,9,0,0.0,13,13,0,0.0,11,11,0,0.0,2,2,0,0.0,4,4,0,0.0,1,1,0,0.0,98,98,0,0.0,417,417,0,0.0,34,34,0,0.0,50,50,0,0.0,12,12,0,0.0,2,2,0,0.0,0,0,0,,550,550,0,0.0,151,151,0,0.0,0,0,0,
own_v1,O3,h00007,final_tail_opt_4_plus_custom_cleanup,bundle_residual_strip,final_clean,False,10,10,0,0.0,45,45,0,0.0,870,864,-6,-0.006896551724137931,9,9,0,0.0,13,13,0,0.0,11,11,0,0.0,2,2,0,0.0,4,4,0,0.0,1,1,0,0.0,98,98,0,0.0,417,411,-6,-0.014388489208633094,34,34,0,0.0,50,50,0,0.0,12,12,0,0.0,2,2,0,0.0,0,0,0,,550,544,-6,-0.01090909090909091,151,151,0,0.0,0,0,0,
own_v1,O3,h00008,main_combined_custom_plus_opt_1_2,raw_lift,brightened_main,False,27,9,-18,-0.6666666666666666,110,44,-66,-0.6,1244,916,-328,-0.26366559485530544,39,6,-33,-0.8461538461538461,40,20,-20,-0.5,35,18,-17,-0.4857142857142857,5,2,-3,-0.6,10,6,-4,-0.4,0,1,1,,84,94,10,0.11904761904761904,212,491,279,1.3160377358490567,5,40,35,7.0,2,41,39,19.5,8,9,1,0.125,0,2,2,,3,0,-3,-1.0,301,626,325,1.079734219269103,397,132,-265,-0.6675062972292192,0,0,0,
own_v1,O3,h00008,bundle_exact_pointer_passes,bundle_verified_input,bundle_pointer_opt,False,9,9,0,0.0,44,44,0,0.0,916,901,-15,-0.016375545851528384,6,6,0,0.0,20,20,0,0.0,18,18,0,0.0,2,2,0,0.0,6,6,0,0.0,1,1,0,0.0,94,94,0,0.0,491,491,0,0.0,40,40,0,0.0,41,36,-5,-0.12195121951219512,9,9,0,0.0,2,2,0,0.0,0,0,0,,626,626,0,0.0,132,118,-14,-0.10606060606060606,0,0,0,
own_v1,O3,h00008,llvm_default_opt_boundary_3,bundle_pointer_opt,bundle_standard_opt_3,True,9,9,0,0.0,44,44,0,0.0,901,799,-102,-0.11320754716981132,6,6,0,0.0,20,20,0,0.0,18,18,0,0.0,2,2,0,0.0,6,6,0,0.0,1,1,0,0.0,94,86,-8,-0.0851063829787234,491,399,-92,-0.18737270875763748,40,40,0,0.0,36,36,0,0.0,9,9,0,0.0,2,2,0,0.0,0,0,0,,626,526,-100,-0.1597444089456869,118,116,-2,-0.01694915254237288,0,0,0,
own_v1,O3,h00008,custom_storage_delift,bundle_standard_opt_3,bundle_storage_delift,False,9,9,0,0.0,44,44,0,0.0,799,799,0,0.0,6,6,0,0.0,20,20,0,0.0,18,18,0,0.0,2,2,0,0.0,6,6,0,0.0,1,1,0,0.0,86,86,0,0.0,399,399,0,0.0,40,40,0,0.0,36,36,0,0.0,9,9,0,0.0,2,2,0,0.0,0,0,0,,526,526,0,0.0,116,116,0,0.0,0,0,0,
own_v1,O3,h00008,custom_residual_strip,bundle_storage_delift,bundle_residual_strip,False,9,9,0,0.0,44,44,0,0.0,799,799,0,0.0,6,6,0,0.0,20,20,0,0.0,18,18,0,0.0,2,2,0,0.0,6,6,0,0.0,1,1,0,0.0,86,86,0,0.0,399,399,0,0.0,40,40,0,0.0,36,36,0,0.0,9,9,0,0.0,2,2,0,0.0,0,0,0,,526,526,0,0.0,116,116,0,0.0,0,0,0,
own_v1,O3,h00008,final_tail_opt_4_plus_custom_cleanup,bundle_residual_strip,final_clean,False,9,9,0,0.0,44,44,0,0.0,799,786,-13,-0.016270337922403004,6,6,0,0.0,20,20,0,0.0,18,18,0,0.0,2,2,0,0.0,6,6,0,0.0,1,1,0,0.0,86,86,0,0.0,399,386,-13,-0.03258145363408521,40,40,0,0.0,36,36,0,0.0,9,9,0,0.0,2,2,0,0.0,0,0,0,,526,513,-13,-0.024714828897338403,116,116,0,0.0,0,0,0,
own_v1,O3,h00009,main_combined_custom_plus_opt_1_2,raw_lift,brightened_main,False,26,2,-24,-0.9230769230769231,147,46,-101,-0.6870748299319728,1361,240,-1121,-0.8236590742101396,58,1,-57,-0.9827586206896551,36,4,-32,-0.8888888888888888,31,4,-27,-0.8709677419354839,5,0,-5,-1.0,8,1,-7,-0.875,0,3,3,,86,40,-46,-0.5348837209302325,216,63,-153,-0.7083333333333334,5,22,17,3.4,2,0,-2,-1.0,16,15,-1,-0.0625,0,1,1,,3,0,-3,-1.0,307,128,-179,-0.5830618892508144,426,32,-394,-0.9248826291079812,0,0,0,
own_v1,O3,h00009,bundle_exact_pointer_passes,bundle_verified_input,bundle_pointer_opt,False,2,2,0,0.0,46,46,0,0.0,240,240,0,0.0,1,1,0,0.0,4,4,0,0.0,4,4,0,0.0,0,0,0,,1,1,0,0.0,3,3,0,0.0,40,40,0,0.0,63,63,0,0.0,22,22,0,0.0,0,0,0,,15,15,0,0.0,1,1,0,0.0,0,0,0,,128,128,0,0.0,32,32,0,0.0,0,0,0,
own_v1,O3,h00009,llvm_default_opt_boundary_3,bundle_pointer_opt,bundle_standard_opt_3,True,2,2,0,0.0,46,46,0,0.0,240,239,-1,-0.004166666666666667,1,1,0,0.0,4,4,0,0.0,4,4,0,0.0,0,0,0,,1,1,0,0.0,3,3,0,0.0,40,40,0,0.0,63,63,0,0.0,22,21,-1,-0.045454545454545456,0,0,0,,15,15,0,0.0,1,1,0,0.0,0,0,0,,128,127,-1,-0.0078125,32,32,0,0.0,0,0,0,
own_v1,O3,h00009,custom_storage_delift,bundle_standard_opt_3,bundle_storage_delift,False,2,2,0,0.0,46,46,0,0.0,239,239,0,0.0,1,1,0,0.0,4,4,0,0.0,4,4,0,0.0,0,0,0,,1,1,0,0.0,3,3,0,0.0,40,40,0,0.0,63,63,0,0.0,21,21,0,0.0,0,0,0,,15,15,0,0.0,1,1,0,0.0,0,0,0,,127,127,0,0.0,32,32,0,0.0,0,0,0,
own_v1,O3,h00009,custom_residual_strip,bundle_storage_delift,bundle_residual_strip,False,2,2,0,0.0,46,46,0,0.0,239,239,0,0.0,1,1,0,0.0,4,4,0,0.0,4,4,0,0.0,0,0,0,,1,1,0,0.0,3,3,0,0.0,40,40,0,0.0,63,63,0,0.0,21,21,0,0.0,0,0,0,,15,15,0,0.0,1,1,0,0.0,0,0,0,,127,127,0,0.0,32,32,0,0.0,0,0,0,
own_v1,O3,h00009,final_tail_opt_4_plus_custom_cleanup,bundle_residual_strip,final_clean,False,2,1,-1,-0.5,46,45,-1,-0.021739130434782608,239,238,-1,-0.0041841004184100415,1,1,0,0.0,4,4,0,0.0,4,4,0,0.0,0,0,0,,1,1,0,0.0,3,3,0,0.0,40,40,0,0.0,63,63,0,0.0,21,21,0,0.0,0,0,0,,15,15,0,0.0,1,1,0,0.0,0,0,0,,127,127,0,0.0,32,32,0,0.0,0,0,0,
own_v1,O3,h00010,main_combined_custom_plus_opt_1_2,raw_lift,brightened_main,False,30,11,-19,-0.6333333333333333,124,49,-75,-0.6048387096774194,1513,1169,-344,-0.22736285525446134,44,4,-40,-0.9090909090909091,43,25,-18,-0.4186046511627907,37,22,-15,-0.40540540540540543,6,3,-3,-0.5,10,12,2,0.2,0,4,4,,112,138,26,0.23214285714285715,234,571,337,1.4401709401709402,8,73,65,8.125,2,37,35,17.5,10,13,3,0.3,0,2,2,,3,0,-3,-1.0,354,786,432,1.2203389830508475,445,166,-279,-0.6269662921348315,0,0,0,
own_v1,O3,h00010,bundle_exact_pointer_passes,bundle_verified_input,bundle_pointer_opt,False,11,11,0,0.0,49,49,0,0.0,1169,1149,-20,-0.01710863986313088,4,4,0,0.0,25,25,0,0.0,22,22,0,0.0,3,3,0,0.0,12,12,0,0.0,4,4,0,0.0,138,136,-2,-0.014492753623188406,571,571,0,0.0,73,71,-2,-0.0273972602739726,37,31,-6,-0.16216216216216217,13,13,0,0.0,2,2,0,0.0,0,0,0,,786,782,-4,-0.005089058524173028,166,155,-11,-0.06626506024096386,0,0,0,
own_v1,O3,h00010,llvm_default_opt_boundary_3,bundle_pointer_opt,bundle_standard_opt_3,True,11,11,0,0.0,49,49,0,0.0,1149,941,-208,-0.18102697998259357,4,4,0,0.0,25,24,-1,-0.04,22,21,-1,-0.045454545454545456,3,3,0,0.0,12,12,0,0.0,4,4,0,0.0,136,100,-36,-0.2647058823529412,571,401,-170,-0.29772329246935203,71,71,0,0.0,31,31,0,0.0,13,13,0,0.0,2,2,0,0.0,0,0,0,,782,576,-206,-0.26342710997442453,155,154,-1,-0.0064516129032258064,0,0,0,
own_v1,O3,h00010,custom_storage_delift,bundle_standard_opt_3,bundle_storage_delift,False,11,11,0,0.0,49,49,0,0.0,941,941,0,0.0,4,4,0,0.0,24,24,0,0.0,21,21,0,0.0,3,3,0,0.0,12,12,0,0.0,4,4,0,0.0,100,100,0,0.0,401,401,0,0.0,71,71,0,0.0,31,31,0,0.0,13,13,0,0.0,2,2,0,0.0,0,0,0,,576,576,0,0.0,154,154,0,0.0,0,0,0,
own_v1,O3,h00010,custom_residual_strip,bundle_storage_delift,bundle_residual_strip,False,11,11,0,0.0,49,49,0,0.0,941,941,0,0.0,4,4,0,0.0,24,24,0,0.0,21,21,0,0.0,3,3,0,0.0,12,12,0,0.0,4,4,0,0.0,100,100,0,0.0,401,401,0,0.0,71,71,0,0.0,31,31,0,0.0,13,13,0,0.0,2,2,0,0.0,0,0,0,,576,576,0,0.0,154,154,0,0.0,0,0,0,
own_v1,O3,h00010,final_tail_opt_4_plus_custom_cleanup,bundle_residual_strip,final_clean,False,11,11,0,0.0,49,49,0,0.0,941,930,-11,-0.011689691817215728,4,4,0,0.0,24,24,0,0.0,21,21,0,0.0,3,3,0,0.0,12,12,0,0.0,4,4,0,0.0,100,100,0,0.0,401,390,-11,-0.02743142144638404,71,71,0,0.0,31,31,0,0.0,13,13,0,0.0,2,2,0,0.0,0,0,0,,576,565,-11,-0.019097222222222224,154,154,0,0.0,0,0,0,
own_v1,O3,h00011,main_combined_custom_plus_opt_1_2,raw_lift,brightened_main,False,26,2,-24,-0.9230769230769231,102,24,-78,-0.7647058823529411,1082,157,-925,-0.8548983364140481,36,2,-34,-0.9444444444444444,34,3,-31,-0.9117647058823529,29,3,-26,-0.896551724137931,5,0,-5,-1.0,7,1,-6,-0.8571428571428571,0,2,2,,70,23,-47,-0.6714285714285714,174,39,-135,-0.7758620689655172,5,19,14,2.8,3,4,1,0.3333333333333333,7,6,-1,-0.14285714285714285,1,2,1,1.0,3,0,-3,-1.0,249,83,-166,-0.6666666666666666,344,21,-323,-0.938953488372093,0,0,0,
own_v1,O3,h00011,bundle_exact_pointer_passes,bundle_verified_input,bundle_pointer_opt,False,2,2,0,0.0,24,24,0,0.0,157,157,0,0.0,2,2,0,0.0,3,3,0,0.0,3,3,0,0.0,0,0,0,,1,1,0,0.0,2,2,0,0.0,23,23,0,0.0,39,39,0,0.0,19,19,0,0.0,4,4,0,0.0,6,6,0,0.0,2,2,0,0.0,0,0,0,,83,83,0,0.0,21,21,0,0.0,0,0,0,
own_v1,O3,h00011,llvm_default_opt_boundary_3,bundle_pointer_opt,bundle_standard_opt_3,True,2,2,0,0.0,24,24,0,0.0,157,156,-1,-0.006369426751592357,2,2,0,0.0,3,3,0,0.0,3,3,0,0.0,0,0,0,,1,1,0,0.0,2,2,0,0.0,23,23,0,0.0,39,39,0,0.0,19,18,-1,-0.05263157894736842,4,4,0,0.0,6,6,0,0.0,2,2,0,0.0,0,0,0,,83,82,-1,-0.012048192771084338,21,21,0,0.0,0,0,0,
own_v1,O3,h00011,custom_storage_delift,bundle_standard_opt_3,bundle_storage_delift,False,2,2,0,0.0,24,24,0,0.0,156,156,0,0.0,2,2,0,0.0,3,3,0,0.0,3,3,0,0.0,0,0,0,,1,1,0,0.0,2,2,0,0.0,23,23,0,0.0,39,39,0,0.0,18,18,0,0.0,4,4,0,0.0,6,6,0,0.0,2,2,0,0.0,0,0,0,,82,82,0,0.0,21,21,0,0.0,0,0,0,
own_v1,O3,h00011,custom_residual_strip,bundle_storage_delift,bundle_residual_strip,False,2,2,0,0.0,24,24,0,0.0,156,156,0,0.0,2,2,0,0.0,3,3,0,0.0,3,3,0,0.0,0,0,0,,1,1,0,0.0,2,2,0,0.0,23,23,0,0.0,39,39,0,0.0,18,18,0,0.0,4,4,0,0.0,6,6,0,0.0,2,2,0,0.0,0,0,0,,82,82,0,0.0,21,21,0,0.0,0,0,0,
own_v1,O3,h00011,final_tail_opt_4_plus_custom_cleanup,bundle_residual_strip,final_clean,False,2,1,-1,-0.5,24,23,-1,-0.041666666666666664,156,155,-1,-0.00641025641025641,2,2,0,0.0,3,3,0,0.0,3,3,0,0.0,0,0,0,,1,1,0,0.0,2,2,0,0.0,23,23,0,0.0,39,39,0,0.0,18,18,0,0.0,4,4,0,0.0,6,6,0,0.0,2,2,0,0.0,0,0,0,,82,82,0,0.0,21,21,0,0.0,0,0,0,
own_v1,O3,h00012,main_combined_custom_plus_opt_1_2,raw_lift,brightened_main,False,26,2,-24,-0.9230769230769231,83,15,-68,-0.8192771084337349,1002,109,-893,-0.8912175648702595,26,1,-25,-0.9615384615384616,35,2,-33,-0.9428571428571428,30,2,-28,-0.9333333333333333,5,0,-5,-1.0,8,0,-8,-1.0,0,2,2,,59,13,-46,-0.7796610169491526,159,26,-133,-0.8364779874213837,5,14,9,1.8,2,2,0,0.0,4,3,-1,-0.25,0,1,1,,3,0,-3,-1.0,223,55,-168,-0.7533632286995515,317,10,-307,-0.9684542586750788,0,0,0,
own_v1,O3,h00012,bundle_exact_pointer_passes,bundle_verified_input,bundle_pointer_opt,False,2,2,0,0.0,15,15,0,0.0,109,109,0,0.0,1,1,0,0.0,2,2,0,0.0,2,2,0,0.0,0,0,0,,0,0,0,,2,2,0,0.0,13,13,0,0.0,26,26,0,0.0,14,14,0,0.0,2,2,0,0.0,3,3,0,0.0,1,1,0,0.0,0,0,0,,55,55,0,0.0,10,10,0,0.0,0,0,0,
own_v1,O3,h00012,llvm_default_opt_boundary_3,bundle_pointer_opt,bundle_standard_opt_3,True,2,2,0,0.0,15,15,0,0.0,109,108,-1,-0.009174311926605505,1,1,0,0.0,2,2,0,0.0,2,2,0,0.0,0,0,0,,0,0,0,,2,2,0,0.0,13,13,0,0.0,26,26,0,0.0,14,13,-1,-0.07142857142857142,2,2,0,0.0,3,3,0,0.0,1,1,0,0.0,0,0,0,,55,54,-1,-0.01818181818181818,10,10,0,0.0,0,0,0,
own_v1,O3,h00012,custom_storage_delift,bundle_standard_opt_3,bundle_storage_delift,False,2,2,0,0.0,15,15,0,0.0,108,108,0,0.0,1,1,0,0.0,2,2,0,0.0,2,2,0,0.0,0,0,0,,0,0,0,,2,2,0,0.0,13,13,0,0.0,26,26,0,0.0,13,13,0,0.0,2,2,0,0.0,3,3,0,0.0,1,1,0,0.0,0,0,0,,54,54,0,0.0,10,10,0,0.0,0,0,0,
own_v1,O3,h00012,custom_residual_strip,bundle_storage_delift,bundle_residual_strip,False,2,2,0,0.0,15,15,0,0.0,108,108,0,0.0,1,1,0,0.0,2,2,0,0.0,2,2,0,0.0,0,0,0,,0,0,0,,2,2,0,0.0,13,13,0,0.0,26,26,0,0.0,13,13,0,0.0,2,2,0,0.0,3,3,0,0.0,1,1,0,0.0,0,0,0,,54,54,0,0.0,10,10,0,0.0,0,0,0,
own_v1,O3,h00012,final_tail_opt_4_plus_custom_cleanup,bundle_residual_strip,final_clean,False,2,1,-1,-0.5,15,14,-1,-0.06666666666666667,108,107,-1,-0.009259259259259259,1,1,0,0.0,2,2,0,0.0,2,2,0,0.0,0,0,0,,0,0,0,,2,2,0,0.0,13,13,0,0.0,26,26,0,0.0,13,13,0,0.0,2,2,0,0.0,3,3,0,0.0,1,1,0,0.0,0,0,0,,54,54,0,0.0,10,10,0,0.0,0,0,0,
own_v1,O3,h00013,main_combined_custom_plus_opt_1_2,raw_lift,brightened_main,False,26,2,-24,-0.9230769230769231,94,18,-76,-0.8085106382978723,1005,136,-869,-0.8646766169154229,33,1,-32,-0.9696969696969697,37,3,-34,-0.918918918918919,32,3,-29,-0.90625,5,0,-5,-1.0,7,1,-6,-0.8571428571428571,0,4,4,,65,22,-43,-0.6615384615384615,191,31,-160,-0.837696335078534,5,18,13,2.6,2,0,-2,-1.0,5,4,-1,-0.2,0,1,1,,6,0,-6,-1.0,261,75,-186,-0.7126436781609196,283,10,-273,-0.9646643109540636,0,0,0,
own_v1,O3,h00013,bundle_exact_pointer_passes,bundle_verified_input,bundle_pointer_opt,False,2,2,0,0.0,18,18,0,0.0,136,136,0,0.0,1,1,0,0.0,3,3,0,0.0,3,3,0,0.0,0,0,0,,1,1,0,0.0,4,4,0,0.0,22,22,0,0.0,31,31,0,0.0,18,18,0,0.0,0,0,0,,4,4,0,0.0,1,1,0,0.0,0,0,0,,75,75,0,0.0,10,10,0,0.0,0,0,0,
own_v1,O3,h00013,llvm_default_opt_boundary_3,bundle_pointer_opt,bundle_standard_opt_3,True,2,2,0,0.0,18,18,0,0.0,136,135,-1,-0.007352941176470588,1,1,0,0.0,3,3,0,0.0,3,3,0,0.0,0,0,0,,1,1,0,0.0,4,4,0,0.0,22,22,0,0.0,31,31,0,0.0,18,17,-1,-0.05555555555555555,0,0,0,,4,4,0,0.0,1,1,0,0.0,0,0,0,,75,74,-1,-0.013333333333333334,10,10,0,0.0,0,0,0,
own_v1,O3,h00013,custom_storage_delift,bundle_standard_opt_3,bundle_storage_delift,False,2,2,0,0.0,18,18,0,0.0,135,135,0,0.0,1,1,0,0.0,3,3,0,0.0,3,3,0,0.0,0,0,0,,1,1,0,0.0,4,4,0,0.0,22,22,0,0.0,31,31,0,0.0,17,17,0,0.0,0,0,0,,4,4,0,0.0,1,1,0,0.0,0,0,0,,74,74,0,0.0,10,10,0,0.0,0,0,0,
own_v1,O3,h00013,custom_residual_strip,bundle_storage_delift,bundle_residual_strip,False,2,2,0,0.0,18,18,0,0.0,135,135,0,0.0,1,1,0,0.0,3,3,0,0.0,3,3,0,0.0,0,0,0,,1,1,0,0.0,4,4,0,0.0,22,22,0,0.0,31,31,0,0.0,17,17,0,0.0,0,0,0,,4,4,0,0.0,1,1,0,0.0,0,0,0,,74,74,0,0.0,10,10,0,0.0,0,0,0,
own_v1,O3,h00013,final_tail_opt_4_plus_custom_cleanup,bundle_residual_strip,final_clean,False,2,1,-1,-0.5,18,17,-1,-0.05555555555555555,135,134,-1,-0.007407407407407408,1,1,0,0.0,3,3,0,0.0,3,3,0,0.0,0,0,0,,1,1,0,0.0,4,4,0,0.0,22,22,0,0.0,31,31,0,0.0,17,17,0,0.0,0,0,0,,4,4,0,0.0,1,1,0,0.0,0,0,0,,74,74,0,0.0,10,10,0,0.0,0,0,0,
own_v1,O3,h00014,main_combined_custom_plus_opt_1_2,raw_lift,brightened_main,False,27,3,-24,-0.8888888888888888,151,48,-103,-0.6821192052980133,1862,1288,-574,-0.3082706766917293,61,6,-55,-0.9016393442622951,49,9,-40,-0.8163265306122449,44,9,-35,-0.7954545454545454,5,0,-5,-1.0,15,4,-11,-0.7333333333333333,0,4,4,,107,131,24,0.22429906542056074,298,684,386,1.2953020134228188,8,10,2,0.25,2,51,49,24.5,14,13,-1,-0.07142857142857142,0,4,4,,7,0,-7,-1.0,413,829,416,1.0072639225181599,610,218,-392,-0.6426229508196721,0,0,0,
own_v1,O3,h00014,bundle_exact_pointer_passes,bundle_verified_input,bundle_pointer_opt,False,3,3,0,0.0,48,48,0,0.0,1288,1280,-8,-0.006211180124223602,6,6,0,0.0,9,9,0,0.0,9,9,0,0.0,0,0,0,,4,4,0,0.0,4,4,0,0.0,131,131,0,0.0,684,684,0,0.0,10,10,0,0.0,51,51,0,0.0,13,13,0,0.0,4,4,0,0.0,0,0,0,,829,829,0,0.0,218,210,-8,-0.03669724770642202,0,0,0,
own_v1,O3,h00014,llvm_default_opt_boundary_3,bundle_pointer_opt,bundle_standard_opt_3,True,3,3,0,0.0,48,48,0,0.0,1280,1093,-187,-0.14609375,6,6,0,0.0,9,9,0,0.0,9,9,0,0.0,0,0,0,,4,4,0,0.0,4,4,0,0.0,131,101,-30,-0.22900763358778625,684,547,-137,-0.20029239766081872,10,10,0,0.0,51,49,-2,-0.0392156862745098,13,13,0,0.0,4,4,0,0.0,0,0,0,,829,662,-167,-0.2014475271411339,210,207,-3,-0.014285714285714285,0,0,0,
own_v1,O3,h00014,custom_storage_delift,bundle_standard_opt_3,bundle_storage_delift,False,3,3,0,0.0,48,48,0,0.0,1093,1093,0,0.0,6,6,0,0.0,9,9,0,0.0,9,9,0,0.0,0,0,0,,4,4,0,0.0,4,4,0,0.0,101,101,0,0.0,547,547,0,0.0,10,10,0,0.0,49,49,0,0.0,13,13,0,0.0,4,4,0,0.0,0,0,0,,662,662,0,0.0,207,207,0,0.0,0,0,0,
own_v1,O3,h00014,custom_residual_strip,bundle_storage_delift,bundle_residual_strip,False,3,3,0,0.0,48,48,0,0.0,1093,1093,0,0.0,6,6,0,0.0,9,9,0,0.0,9,9,0,0.0,0,0,0,,4,4,0,0.0,4,4,0,0.0,101,101,0,0.0,547,547,0,0.0,10,10,0,0.0,49,49,0,0.0,13,13,0,0.0,4,4,0,0.0,0,0,0,,662,662,0,0.0,207,207,0,0.0,0,0,0,
own_v1,O3,h00014,final_tail_opt_4_plus_custom_cleanup,bundle_residual_strip,final_clean,False,3,2,-1,-0.3333333333333333,48,47,-1,-0.020833333333333332,1093,1084,-9,-0.008234217749313814,6,6,0,0.0,9,9,0,0.0,9,9,0,0.0,0,0,0,,4,4,0,0.0,4,4,0,0.0,101,101,0,0.0,547,539,-8,-0.014625228519195612,10,10,0,0.0,49,49,0,0.0,13,13,0,0.0,4,4,0,0.0,0,0,0,,662,654,-8,-0.012084592145015106,207,207,0,0.0,0,0,0,
own_v1,O3,h00015,main_combined_custom_plus_opt_1_2,raw_lift,brightened_main,False,26,2,-24,-0.9230769230769231,115,28,-87,-0.7565217391304347,1242,227,-1015,-0.8172302737520128,43,3,-40,-0.9302325581395349,40,10,-30,-0.75,35,10,-25,-0.7142857142857143,5,0,-5,-1.0,10,5,-5,-0.5,0,4,4,,73,24,-49,-0.6712328767123288,204,37,-167,-0.8186274509803921,5,31,26,5.2,2,4,2,1.0,9,10,1,0.1111111111111111,0,1,1,,5,2,-3,-0.6,282,96,-186,-0.6595744680851063,368,44,-324,-0.8804347826086957,0,0,0,
own_v1,O3,h00015,bundle_exact_pointer_passes,bundle_verified_input,bundle_pointer_opt,False,2,2,0,0.0,28,28,0,0.0,227,227,0,0.0,3,3,0,0.0,10,10,0,0.0,10,10,0,0.0,0,0,0,,5,5,0,0.0,4,4,0,0.0,24,24,0,0.0,37,37,0,0.0,31,33,2,0.06451612903225806,4,4,0,0.0,10,10,0,0.0,1,1,0,0.0,2,2,0,0.0,96,98,2,0.020833333333333332,44,44,0,0.0,0,0,0,
own_v1,O3,h00015,llvm_default_opt_boundary_3,bundle_pointer_opt,bundle_standard_opt_3,True,2,2,0,0.0,28,28,0,0.0,227,218,-9,-0.039647577092511016,3,3,0,0.0,10,11,1,0.1,10,11,1,0.1,0,0,0,,5,6,1,0.2,4,4,0,0.0,24,23,-1,-0.041666666666666664,37,35,-2,-0.05405405405405406,33,28,-5,-0.15151515151515152,4,4,0,0.0,10,10,0,0.0,1,1,0,0.0,2,2,0,0.0,98,90,-8,-0.08163265306122448,44,43,-1,-0.022727272727272728,0,0,0,
own_v1,O3,h00015,custom_storage_delift,bundle_standard_opt_3,bundle_storage_delift,False,2,2,0,0.0,28,28,0,0.0,218,218,0,0.0,3,3,0,0.0,11,11,0,0.0,11,11,0,0.0,0,0,0,,6,6,0,0.0,4,4,0,0.0,23,23,0,0.0,35,35,0,0.0,28,28,0,0.0,4,4,0,0.0,10,10,0,0.0,1,1,0,0.0,2,2,0,0.0,90,90,0,0.0,43,43,0,0.0,0,0,0,
own_v1,O3,h00015,custom_residual_strip,bundle_storage_delift,bundle_residual_strip,False,2,2,0,0.0,28,28,0,0.0,218,218,0,0.0,3,3,0,0.0,11,11,0,0.0,11,11,0,0.0,0,0,0,,6,6,0,0.0,4,4,0,0.0,23,23,0,0.0,35,35,0,0.0,28,28,0,0.0,4,4,0,0.0,10,10,0,0.0,1,1,0,0.0,2,2,0,0.0,90,90,0,0.0,43,43,0,0.0,0,0,0,
own_v1,O3,h00015,final_tail_opt_4_plus_custom_cleanup,bundle_residual_strip,final_clean,False,2,1,-1,-0.5,28,27,-1,-0.03571428571428571,218,217,-1,-0.0045871559633027525,3,3,0,0.0,11,11,0,0.0,11,11,0,0.0,0,0,0,,6,6,0,0.0,4,4,0,0.0,23,23,0,0.0,35,35,0,0.0,28,28,0,0.0,4,4,0,0.0,10,10,0,0.0,1,1,0,0.0,2,2,0,0.0,90,90,0,0.0,43,43,0,0.0,0,0,0,
own_v1,O3,h00016,main_combined_custom_plus_opt_1_2,raw_lift,brightened_main,False,26,2,-24,-0.9230769230769231,119,32,-87,-0.7310924369747899,1276,241,-1035,-0.8111285266457681,44,1,-43,-0.9772727272727273,36,8,-28,-0.7777777777777778,31,8,-23,-0.7419354838709677,5,0,-5,-1.0,8,5,-3,-0.375,0,4,4,,77,28,-49,-0.6363636363636364,195,64,-131,-0.6717948717948717,5,33,28,5.6,2,2,0,0.0,10,10,0,0.0,0,1,1,,3,0,-3,-1.0,277,129,-148,-0.5342960288808665,401,34,-367,-0.9152119700748129,0,0,0,
own_v1,O3,h00016,bundle_exact_pointer_passes,bundle_verified_input,bundle_pointer_opt,False,2,2,0,0.0,32,32,0,0.0,241,241,0,0.0,1,1,0,0.0,8,8,0,0.0,8,8,0,0.0,0,0,0,,5,5,0,0.0,4,4,0,0.0,28,28,0,0.0,64,64,0,0.0,33,33,0,0.0,2,2,0,0.0,10,10,0,0.0,1,1,0,0.0,0,0,0,,129,129,0,0.0,34,34,0,0.0,0,0,0,
own_v1,O3,h00016,llvm_default_opt_boundary_3,bundle_pointer_opt,bundle_standard_opt_3,True,2,2,0,0.0,32,32,0,0.0,241,240,-1,-0.004149377593360996,1,1,0,0.0,8,8,0,0.0,8,8,0,0.0,0,0,0,,5,5,0,0.0,4,4,0,0.0,28,28,0,0.0,64,64,0,0.0,33,32,-1,-0.030303030303030304,2,2,0,0.0,10,10,0,0.0,1,1,0,0.0,0,0,0,,129,128,-1,-0.007751937984496124,34,34,0,0.0,0,0,0,
own_v1,O3,h00016,custom_storage_delift,bundle_standard_opt_3,bundle_storage_delift,False,2,2,0,0.0,32,32,0,0.0,240,240,0,0.0,1,1,0,0.0,8,8,0,0.0,8,8,0,0.0,0,0,0,,5,5,0,0.0,4,4,0,0.0,28,28,0,0.0,64,64,0,0.0,32,32,0,0.0,2,2,0,0.0,10,10,0,0.0,1,1,0,0.0,0,0,0,,128,128,0,0.0,34,34,0,0.0,0,0,0,
own_v1,O3,h00016,custom_residual_strip,bundle_storage_delift,bundle_residual_strip,False,2,2,0,0.0,32,32,0,0.0,240,240,0,0.0,1,1,0,0.0,8,8,0,0.0,8,8,0,0.0,0,0,0,,5,5,0,0.0,4,4,0,0.0,28,28,0,0.0,64,64,0,0.0,32,32,0,0.0,2,2,0,0.0,10,10,0,0.0,1,1,0,0.0,0,0,0,,128,128,0,0.0,34,34,0,0.0,0,0,0,
own_v1,O3,h00016,final_tail_opt_4_plus_custom_cleanup,bundle_residual_strip,final_clean,False,2,1,-1,-0.5,32,31,-1,-0.03125,240,239,-1,-0.004166666666666667,1,1,0,0.0,8,8,0,0.0,8,8,0,0.0,0,0,0,,5,5,0,0.0,4,4,0,0.0,28,28,0,0.0,64,64,0,0.0,32,32,0,0.0,2,2,0,0.0,10,10,0,0.0,1,1,0,0.0,0,0,0,,128,128,0,0.0,34,34,0,0.0,0,0,0,
own_v1,O3,h00017,main_combined_custom_plus_opt_1_2,raw_lift,brightened_main,False,27,9,-18,-0.6666666666666666,113,42,-71,-0.6283185840707964,1543,1035,-508,-0.3292287751134154,42,4,-38,-0.9047619047619048,54,36,-18,-0.3333333333333333,49,34,-15,-0.30612244897959184,5,2,-3,-0.6,19,15,-4,-0.21052631578947367,0,5,5,,84,108,24,0.2857142857142857,297,431,134,0.4511784511784512,4,46,42,10.5,4,33,29,7.25,12,14,2,0.16666666666666666,0,1,1,,6,0,-6,-1.0,385,590,205,0.5324675324675324,474,186,-288,-0.6075949367088608,0,0,0,
own_v1,O3,h00017,bundle_exact_pointer_passes,bundle_verified_input,bundle_pointer_opt,False,9,9,0,0.0,42,42,0,0.0,1035,1029,-6,-0.005797101449275362,4,4,0,0.0,36,36,0,0.0,34,34,0,0.0,2,2,0,0.0,15,15,0,0.0,5,5,0,0.0,108,108,0,0.0,431,431,0,0.0,46,46,0,0.0,33,29,-4,-0.12121212121212122,14,14,0,0.0,1,1,0,0.0,0,0,0,,590,590,0,0.0,186,180,-6,-0.03225806451612903,0,0,0,
own_v1,O3,h00017,llvm_default_opt_boundary_3,bundle_pointer_opt,bundle_standard_opt_3,True,9,9,0,0.0,42,42,0,0.0,1029,853,-176,-0.17103984450923226,4,4,0,0.0,36,33,-3,-0.08333333333333333,34,31,-3,-0.08823529411764706,2,2,0,0.0,15,14,-1,-0.06666666666666667,5,5,0,0.0,108,72,-36,-0.3333333333333333,431,307,-124,-0.2877030162412993,46,46,0,0.0,29,27,-2,-0.06896551724137931,14,14,0,0.0,1,1,0,0.0,0,0,0,,590,430,-160,-0.2711864406779661,180,173,-7,-0.03888888888888889,0,0,0,
own_v1,O3,h00017,custom_storage_delift,bundle_standard_opt_3,bundle_storage_delift,False,9,9,0,0.0,42,42,0,0.0,853,853,0,0.0,4,4,0,0.0,33,33,0,0.0,31,31,0,0.0,2,2,0,0.0,14,14,0,0.0,5,5,0,0.0,72,72,0,0.0,307,307,0,0.0,46,46,0,0.0,27,27,0,0.0,14,14,0,0.0,1,1,0,0.0,0,0,0,,430,430,0,0.0,173,173,0,0.0,0,0,0,
own_v1,O3,h00017,custom_residual_strip,bundle_storage_delift,bundle_residual_strip,False,9,9,0,0.0,42,42,0,0.0,853,853,0,0.0,4,4,0,0.0,33,33,0,0.0,31,31,0,0.0,2,2,0,0.0,14,14,0,0.0,5,5,0,0.0,72,72,0,0.0,307,307,0,0.0,46,46,0,0.0,27,27,0,0.0,14,14,0,0.0,1,1,0,0.0,0,0,0,,430,430,0,0.0,173,173,0,0.0,0,0,0,
own_v1,O3,h00017,final_tail_opt_4_plus_custom_cleanup,bundle_residual_strip,final_clean,False,9,9,0,0.0,42,42,0,0.0,853,844,-9,-0.010550996483001172,4,4,0,0.0,33,33,0,0.0,31,31,0,0.0,2,2,0,0.0,14,14,0,0.0,5,5,0,0.0,72,72,0,0.0,307,306,-1,-0.003257328990228013,46,46,0,0.0,27,27,0,0.0,14,14,0,0.0,1,1,0,0.0,0,0,0,,430,429,-1,-0.002325581395348837,173,169,-4,-0.023121387283236993,0,0,0,
own_v1,O3,h00018,main_combined_custom_plus_opt_1_2,raw_lift,brightened_main,False,27,9,-18,-0.6666666666666666,152,63,-89,-0.5855263157894737,1539,1103,-436,-0.28330084470435346,60,4,-56,-0.9333333333333333,36,14,-22,-0.6111111111111112,31,12,-19,-0.6129032258064516,5,2,-3,-0.6,7,5,-2,-0.2857142857142857,0,1,1,,96,93,-3,-0.03125,230,598,368,1.6,5,66,61,12.2,2,39,37,18.5,16,19,3,0.1875,0,1,1,,3,0,-3,-1.0,331,758,427,1.2900302114803626,504,150,-354,-0.7023809523809523,0,0,0,
own_v1,O3,h00018,bundle_exact_pointer_passes,bundle_verified_input,bundle_pointer_opt,False,9,9,0,0.0,63,63,0,0.0,1103,1075,-28,-0.025385312783318223,4,4,0,0.0,14,14,0,0.0,12,12,0,0.0,2,2,0,0.0,5,5,0,0.0,1,1,0,0.0,93,93,0,0.0,598,598,0,0.0,66,66,0,0.0,39,30,-9,-0.23076923076923078,19,19,0,0.0,1,1,0,0.0,0,0,0,,758,758,0,0.0,150,128,-22,-0.14666666666666667,0,0,0,
own_v1,O3,h00018,llvm_default_opt_boundary_3,bundle_pointer_opt,bundle_standard_opt_3,True,9,9,0,0.0,63,63,0,0.0,1075,913,-162,-0.15069767441860465,4,4,0,0.0,14,14,0,0.0,12,12,0,0.0,2,2,0,0.0,5,5,0,0.0,1,1,0,0.0,93,84,-9,-0.0967741935483871,598,446,-152,-0.25418060200668896,66,66,0,0.0,30,30,0,0.0,19,19,0,0.0,1,1,0,0.0,0,0,0,,758,597,-161,-0.21240105540897097,128,127,-1,-0.0078125,0,0,0,
own_v1,O3,h00018,custom_storage_delift,bundle_standard_opt_3,bundle_storage_delift,False,9,9,0,0.0,63,63,0,0.0,913,913,0,0.0,4,4,0,0.0,14,14,0,0.0,12,12,0,0.0,2,2,0,0.0,5,5,0,0.0,1,1,0,0.0,84,84,0,0.0,446,446,0,0.0,66,66,0,0.0,30,30,0,0.0,19,19,0,0.0,1,1,0,0.0,0,0,0,,597,597,0,0.0,127,127,0,0.0,0,0,0,
own_v1,O3,h00018,custom_residual_strip,bundle_storage_delift,bundle_residual_strip,False,9,9,0,0.0,63,63,0,0.0,913,913,0,0.0,4,4,0,0.0,14,14,0,0.0,12,12,0,0.0,2,2,0,0.0,5,5,0,0.0,1,1,0,0.0,84,84,0,0.0,446,446,0,0.0,66,66,0,0.0,30,30,0,0.0,19,19,0,0.0,1,1,0,0.0,0,0,0,,597,597,0,0.0,127,127,0,0.0,0,0,0,
own_v1,O3,h00018,final_tail_opt_4_plus_custom_cleanup,bundle_residual_strip,final_clean,False,9,9,0,0.0,63,63,0,0.0,913,859,-54,-0.05914567360350493,4,4,0,0.0,14,14,0,0.0,12,12,0,0.0,2,2,0,0.0,5,5,0,0.0,1,1,0,0.0,84,84,0,0.0,446,392,-54,-0.1210762331838565,66,66,0,0.0,30,30,0,0.0,19,19,0,0.0,1,1,0,0.0,0,0,0,,597,543,-54,-0.09045226130653267,127,127,0,0.0,0,0,0,
own_v1,O3,h00019,main_combined_custom_plus_opt_1_2,raw_lift,brightened_main,False,26,2,-24,-0.9230769230769231,133,39,-94,-0.706766917293233,1355,280,-1075,-0.7933579335793358,51,1,-50,-0.9803921568627451,36,8,-28,-0.7777777777777778,31,8,-23,-0.7419354838709677,5,0,-5,-1.0,8,5,-3,-0.375,0,5,5,,86,37,-49,-0.5697674418604651,203,74,-129,-0.6354679802955665,5,35,30,6.0,2,2,0,0.0,13,13,0,0.0,0,1,1,,3,0,-3,-1.0,294,151,-143,-0.48639455782312924,412,42,-370,-0.8980582524271845,0,0,0,
own_v1,O3,h00019,bundle_exact_pointer_passes,bundle_verified_input,bundle_pointer_opt,False,2,2,0,0.0,39,39,0,0.0,280,280,0,0.0,1,1,0,0.0,8,8,0,0.0,8,8,0,0.0,0,0,0,,5,5,0,0.0,5,5,0,0.0,37,37,0,0.0,74,74,0,0.0,35,35,0,0.0,2,2,0,0.0,13,13,0,0.0,1,1,0,0.0,0,0,0,,151,151,0,0.0,42,42,0,0.0,0,0,0,
own_v1,O3,h00019,llvm_default_opt_boundary_3,bundle_pointer_opt,bundle_standard_opt_3,True,2,2,0,0.0,39,39,0,0.0,280,279,-1,-0.0035714285714285713,1,1,0,0.0,8,8,0,0.0,8,8,0,0.0,0,0,0,,5,5,0,0.0,5,5,0,0.0,37,37,0,0.0,74,74,0,0.0,35,34,-1,-0.02857142857142857,2,2,0,0.0,13,13,0,0.0,1,1,0,0.0,0,0,0,,151,150,-1,-0.006622516556291391,42,42,0,0.0,0,0,0,
own_v1,O3,h00019,custom_storage_delift,bundle_standard_opt_3,bundle_storage_delift,False,2,2,0,0.0,39,39,0,0.0,279,279,0,0.0,1,1,0,0.0,8,8,0,0.0,8,8,0,0.0,0,0,0,,5,5,0,0.0,5,5,0,0.0,37,37,0,0.0,74,74,0,0.0,34,34,0,0.0,2,2,0,0.0,13,13,0,0.0,1,1,0,0.0,0,0,0,,150,150,0,0.0,42,42,0,0.0,0,0,0,
own_v1,O3,h00019,custom_residual_strip,bundle_storage_delift,bundle_residual_strip,False,2,2,0,0.0,39,39,0,0.0,279,279,0,0.0,1,1,0,0.0,8,8,0,0.0,8,8,0,0.0,0,0,0,,5,5,0,0.0,5,5,0,0.0,37,37,0,0.0,74,74,0,0.0,34,34,0,0.0,2,2,0,0.0,13,13,0,0.0,1,1,0,0.0,0,0,0,,150,150,0,0.0,42,42,0,0.0,0,0,0,
own_v1,O3,h00019,final_tail_opt_4_plus_custom_cleanup,bundle_residual_strip,final_clean,False,2,1,-1,-0.5,39,38,-1,-0.02564102564102564,279,278,-1,-0.0035842293906810036,1,1,0,0.0,8,8,0,0.0,8,8,0,0.0,0,0,0,,5,5,0,0.0,5,5,0,0.0,37,37,0,0.0,74,74,0,0.0,34,34,0,0.0,2,2,0,0.0,13,13,0,0.0,1,1,0,0.0,0,0,0,,150,150,0,0.0,42,42,0,0.0,0,0,0,
own_v1,O3,h00020,main_combined_custom_plus_opt_1_2,raw_lift,brightened_main,False,28,8,-20,-0.7142857142857143,119,47,-72,-0.6050420168067226,1505,1084,-421,-0.27973421926910297,44,8,-36,-0.8181818181818182,49,17,-32,-0.6530612244897959,44,15,-29,-0.6590909090909091,5,2,-3,-0.6,14,7,-7,-0.5,0,2,2,,82,140,58,0.7073170731707317,260,543,283,1.0884615384615384,5,39,34,6.8,2,39,37,18.5,9,10,1,0.1111111111111111,0,1,1,,5,0,-5,-1.0,347,724,377,1.0864553314121037,479,158,-321,-0.6701461377870563,0,0,0,
own_v1,O3,h00020,bundle_exact_pointer_passes,bundle_verified_input,bundle_pointer_opt,False,8,8,0,0.0,47,47,0,0.0,1084,1082,-2,-0.0018450184501845018,8,8,0,0.0,17,17,0,0.0,15,15,0,0.0,2,2,0,0.0,7,7,0,0.0,2,2,0,0.0,140,140,0,0.0,543,543,0,0.0,39,39,0,0.0,39,37,-2,-0.05128205128205128,10,10,0,0.0,1,1,0,0.0,0,0,0,,724,724,0,0.0,158,156,-2,-0.012658227848101266,0,0,0,
own_v1,O3,h00020,llvm_default_opt_boundary_3,bundle_pointer_opt,bundle_standard_opt_3,True,8,8,0,0.0,47,47,0,0.0,1082,878,-204,-0.18853974121996303,8,8,0,0.0,17,17,0,0.0,15,15,0,0.0,2,2,0,0.0,7,7,0,0.0,2,2,0,0.0,140,92,-48,-0.34285714285714286,543,395,-148,-0.27255985267034993,39,39,0,0.0,37,35,-2,-0.05405405405405406,10,10,0,0.0,1,1,0,0.0,0,0,0,,724,528,-196,-0.27071823204419887,156,152,-4,-0.02564102564102564,0,0,0,
own_v1,O3,h00020,custom_storage_delift,bundle_standard_opt_3,bundle_storage_delift,False,8,8,0,0.0,47,47,0,0.0,878,878,0,0.0,8,8,0,0.0,17,17,0,0.0,15,15,0,0.0,2,2,0,0.0,7,7,0,0.0,2,2,0,0.0,92,92,0,0.0,395,395,0,0.0,39,39,0,0.0,35,35,0,0.0,10,10,0,0.0,1,1,0,0.0,0,0,0,,528,528,0,0.0,152,152,0,0.0,0,0,0,
own_v1,O3,h00020,custom_residual_strip,bundle_storage_delift,bundle_residual_strip,False,8,8,0,0.0,47,47,0,0.0,878,878,0,0.0,8,8,0,0.0,17,17,0,0.0,15,15,0,0.0,2,2,0,0.0,7,7,0,0.0,2,2,0,0.0,92,92,0,0.0,395,395,0,0.0,39,39,0,0.0,35,35,0,0.0,10,10,0,0.0,1,1,0,0.0,0,0,0,,528,528,0,0.0,152,152,0,0.0,0,0,0,
own_v1,O3,h00020,final_tail_opt_4_plus_custom_cleanup,bundle_residual_strip,final_clean,False,8,8,0,0.0,47,47,0,0.0,878,865,-13,-0.014806378132118452,8,8,0,0.0,17,17,0,0.0,15,15,0,0.0,2,2,0,0.0,7,7,0,0.0,2,2,0,0.0,92,92,0,0.0,395,382,-13,-0.03291139240506329,39,39,0,0.0,35,35,0,0.0,10,10,0,0.0,1,1,0,0.0,0,0,0,,528,515,-13,-0.02462121212121212,152,152,0,0.0,0,0,0,
own_v1,O3,h00021,main_combined_custom_plus_opt_1_2,raw_lift,brightened_main,False,27,8,-19,-0.7037037037037037,110,44,-66,-0.6,1529,854,-675,-0.44146500981033354,39,8,-31,-0.7948717948717948,58,19,-39,-0.6724137931034483,53,17,-36,-0.6792452830188679,5,2,-3,-0.6,22,5,-17,-0.7727272727272727,0,1,1,,85,111,26,0.3058823529411765,322,352,30,0.09316770186335403,4,44,40,10.0,4,31,27,6.75,12,20,8,0.6666666666666666,0,2,2,,3,0,-3,-1.0,411,508,97,0.2360097323600973,466,153,-313,-0.6716738197424893,0,0,0,
own_v1,O3,h00021,bundle_exact_pointer_passes,bundle_verified_input,bundle_pointer_opt,False,8,8,0,0.0,44,44,0,0.0,854,840,-14,-0.01639344262295082,8,8,0,0.0,19,19,0,0.0,17,17,0,0.0,2,2,0,0.0,5,5,0,0.0,1,1,0,0.0,111,111,0,0.0,352,352,0,0.0,44,44,0,0.0,31,25,-6,-0.1935483870967742,20,20,0,0.0,2,2,0,0.0,0,0,0,,508,508,0,0.0,153,139,-14,-0.0915032679738562,0,0,0,
own_v1,O3,h00021,llvm_default_opt_boundary_3,bundle_pointer_opt,bundle_standard_opt_3,True,8,8,0,0.0,44,44,0,0.0,840,713,-127,-0.15119047619047618,8,8,0,0.0,19,18,-1,-0.05263157894736842,17,16,-1,-0.058823529411764705,2,2,0,0.0,5,4,-1,-0.2,1,1,0,0.0,111,71,-40,-0.36036036036036034,352,275,-77,-0.21875,44,44,0,0.0,25,25,0,0.0,20,20,0,0.0,2,2,0,0.0,0,0,0,,508,391,-117,-0.23031496062992127,139,136,-3,-0.02158273381294964,0,0,0,
own_v1,O3,h00021,custom_storage_delift,bundle_standard_opt_3,bundle_storage_delift,False,8,8,0,0.0,44,44,0,0.0,713,713,0,0.0,8,8,0,0.0,18,18,0,0.0,16,16,0,0.0,2,2,0,0.0,4,4,0,0.0,1,1,0,0.0,71,71,0,0.0,275,275,0,0.0,44,44,0,0.0,25,25,0,0.0,20,20,0,0.0,2,2,0,0.0,0,0,0,,391,391,0,0.0,136,136,0,0.0,0,0,0,
own_v1,O3,h00021,custom_residual_strip,bundle_storage_delift,bundle_residual_strip,False,8,8,0,0.0,44,44,0,0.0,713,713,0,0.0,8,8,0,0.0,18,18,0,0.0,16,16,0,0.0,2,2,0,0.0,4,4,0,0.0,1,1,0,0.0,71,71,0,0.0,275,275,0,0.0,44,44,0,0.0,25,25,0,0.0,20,20,0,0.0,2,2,0,0.0,0,0,0,,391,391,0,0.0,136,136,0,0.0,0,0,0,
own_v1,O3,h00021,final_tail_opt_4_plus_custom_cleanup,bundle_residual_strip,final_clean,False,8,8,0,0.0,44,44,0,0.0,713,709,-4,-0.005610098176718092,8,8,0,0.0,18,18,0,0.0,16,16,0,0.0,2,2,0,0.0,4,4,0,0.0,1,1,0,0.0,71,71,0,0.0,275,274,-1,-0.0036363636363636364,44,44,0,0.0,25,25,0,0.0,20,20,0,0.0,2,2,0,0.0,0,0,0,,391,390,-1,-0.0025575447570332483,136,134,-2,-0.014705882352941176,0,0,0,
own_v1,O3,h00022,main_combined_custom_plus_opt_1_2,raw_lift,brightened_main,False,27,3,-24,-0.8888888888888888,58,10,-48,-0.8275862068965517,693,460,-233,-0.3362193362193362,13,1,-12,-0.9230769230769231,39,9,-30,-0.7692307692307693,34,9,-25,-0.7352941176470589,5,0,-5,-1.0,9,5,-4,-0.4444444444444444,0,2,2,,55,75,20,0.36363636363636365,174,213,39,0.22413793103448276,6,9,3,0.5,2,14,12,6.0,2,1,-1,-0.5,0,1,1,,4,0,-4,-1.0,235,299,64,0.2723404255319149,158,69,-89,-0.5632911392405063,0,0,0,
own_v1,O3,h00022,bundle_exact_pointer_passes,bundle_verified_input,bundle_pointer_opt,False,3,3,0,0.0,10,10,0,0.0,460,460,0,0.0,1,1,0,0.0,9,9,0,0.0,9,9,0,0.0,0,0,0,,5,5,0,0.0,2,2,0,0.0,75,75,0,0.0,213,213,0,0.0,9,9,0,0.0,14,14,0,0.0,1,1,0,0.0,1,1,0,0.0,0,0,0,,299,299,0,0.0,69,69,0,0.0,0,0,0,
own_v1,O3,h00022,llvm_default_opt_boundary_3,bundle_pointer_opt,bundle_standard_opt_3,True,3,3,0,0.0,10,10,0,0.0,460,208,-252,-0.5478260869565217,1,1,0,0.0,9,5,-4,-0.4444444444444444,9,5,-4,-0.4444444444444444,0,0,0,,5,1,-4,-0.8,2,2,0,0.0,75,25,-50,-0.6666666666666666,213,99,-114,-0.5352112676056338,9,9,0,0.0,14,7,-7,-0.5,1,1,0,0.0,1,1,0,0.0,0,0,0,,299,135,-164,-0.5484949832775919,69,26,-43,-0.6231884057971014,0,0,0,
own_v1,O3,h00022,custom_storage_delift,bundle_standard_opt_3,bundle_storage_delift,False,3,3,0,0.0,10,10,0,0.0,208,208,0,0.0,1,1,0,0.0,5,5,0,0.0,5,5,0,0.0,0,0,0,,1,1,0,0.0,2,2,0,0.0,25,25,0,0.0,99,99,0,0.0,9,9,0,0.0,7,7,0,0.0,1,1,0,0.0,1,1,0,0.0,0,0,0,,135,135,0,0.0,26,26,0,0.0,0,0,0,
own_v1,O3,h00022,custom_residual_strip,bundle_storage_delift,bundle_residual_strip,False,3,3,0,0.0,10,10,0,0.0,208,208,0,0.0,1,1,0,0.0,5,5,0,0.0,5,5,0,0.0,0,0,0,,1,1,0,0.0,2,2,0,0.0,25,25,0,0.0,99,99,0,0.0,9,9,0,0.0,7,7,0,0.0,1,1,0,0.0,1,1,0,0.0,0,0,0,,135,135,0,0.0,26,26,0,0.0,0,0,0,
own_v1,O3,h00022,final_tail_opt_4_plus_custom_cleanup,bundle_residual_strip,final_clean,False,3,2,-1,-0.3333333333333333,10,9,-1,-0.1,208,205,-3,-0.014423076923076924,1,1,0,0.0,5,5,0,0.0,5,5,0,0.0,0,0,0,,1,1,0,0.0,2,2,0,0.0,25,25,0,0.0,99,97,-2,-0.020202020202020204,9,9,0,0.0,7,7,0,0.0,1,1,0,0.0,1,1,0,0.0,0,0,0,,135,133,-2,-0.014814814814814815,26,26,0,0.0,0,0,0,
own_v1,O3,h00023,main_combined_custom_plus_opt_1_2,raw_lift,brightened_main,False,26,2,-24,-0.9230769230769231,128,34,-94,-0.734375,1402,286,-1116,-0.7960057061340942,49,2,-47,-0.9591836734693877,38,9,-29,-0.7631578947368421,33,9,-24,-0.7272727272727273,5,0,-5,-1.0,9,5,-4,-0.4444444444444444,0,4,4,,86,37,-49,-0.5697674418604651,214,43,-171,-0.7990654205607477,5,42,37,7.4,2,4,2,1.0,11,12,1,0.09090909090909091,0,1,1,,4,1,-3,-0.75,305,126,-179,-0.5868852459016394,421,51,-370,-0.8788598574821853,0,0,0,
own_v1,O3,h00023,bundle_exact_pointer_passes,bundle_verified_input,bundle_pointer_opt,False,2,2,0,0.0,34,34,0,0.0,286,286,0,0.0,2,2,0,0.0,9,9,0,0.0,9,9,0,0.0,0,0,0,,5,5,0,0.0,4,4,0,0.0,37,37,0,0.0,43,43,0,0.0,42,49,7,0.16666666666666666,4,4,0,0.0,12,12,0,0.0,1,1,0,0.0,1,1,0,0.0,126,133,7,0.05555555555555555,51,51,0,0.0,0,0,0,
own_v1,O3,h00023,llvm_default_opt_boundary_3,bundle_pointer_opt,bundle_standard_opt_3,True,2,2,0,0.0,34,34,0,0.0,286,277,-9,-0.03146853146853147,2,2,0,0.0,9,9,0,0.0,9,9,0,0.0,0,0,0,,5,5,0,0.0,4,4,0,0.0,37,37,0,0.0,43,43,0,0.0,49,40,-9,-0.1836734693877551,4,4,0,0.0,12,12,0,0.0,1,1,0,0.0,1,1,0,0.0,133,124,-9,-0.06766917293233082,51,51,0,0.0,0,0,0,
own_v1,O3,h00023,custom_storage_delift,bundle_standard_opt_3,bundle_storage_delift,False,2,2,0,0.0,34,34,0,0.0,277,277,0,0.0,2,2,0,0.0,9,9,0,0.0,9,9,0,0.0,0,0,0,,5,5,0,0.0,4,4,0,0.0,37,37,0,0.0,43,43,0,0.0,40,40,0,0.0,4,4,0,0.0,12,12,0,0.0,1,1,0,0.0,1,1,0,0.0,124,124,0,0.0,51,51,0,0.0,0,0,0,
own_v1,O3,h00023,custom_residual_strip,bundle_storage_delift,bundle_residual_strip,False,2,2,0,0.0,34,34,0,0.0,277,277,0,0.0,2,2,0,0.0,9,9,0,0.0,9,9,0,0.0,0,0,0,,5,5,0,0.0,4,4,0,0.0,37,37,0,0.0,43,43,0,0.0,40,40,0,0.0,4,4,0,0.0,12,12,0,0.0,1,1,0,0.0,1,1,0,0.0,124,124,0,0.0,51,51,0,0.0,0,0,0,
own_v1,O3,h00023,final_tail_opt_4_plus_custom_cleanup,bundle_residual_strip,final_clean,False,2,1,-1,-0.5,34,33,-1,-0.029411764705882353,277,276,-1,-0.0036101083032490976,2,2,0,0.0,9,9,0,0.0,9,9,0,0.0,0,0,0,,5,5,0,0.0,4,4,0,0.0,37,37,0,0.0,43,43,0,0.0,40,40,0,0.0,4,4,0,0.0,12,12,0,0.0,1,1,0,0.0,1,1,0,0.0,124,124,0,0.0,51,51,0,0.0,0,0,0,
own_v1,O3,h00024,main_combined_custom_plus_opt_1_2,raw_lift,brightened_main,False,27,9,-18,-0.6666666666666666,90,30,-60,-0.6666666666666666,1107,667,-440,-0.3974706413730804,29,2,-27,-0.9310344827586207,41,14,-27,-0.6585365853658537,36,12,-24,-0.6666666666666666,5,2,-3,-0.6,11,4,-7,-0.6363636363636364,0,1,1,,77,91,14,0.18181818181818182,203,304,101,0.4975369458128079,5,29,24,4.8,2,32,30,15.0,5,6,1,0.2,0,1,1,,3,0,-3,-1.0,285,425,140,0.49122807017543857,326,112,-214,-0.656441717791411,0,0,0,
own_v1,O3,h00024,bundle_exact_pointer_passes,bundle_verified_input,bundle_pointer_opt,False,9,9,0,0.0,30,30,0,0.0,667,654,-13,-0.019490254872563718,2,2,0,0.0,14,14,0,0.0,12,12,0,0.0,2,2,0,0.0,4,4,0,0.0,1,1,0,0.0,91,91,0,0.0,304,304,0,0.0,29,29,0,0.0,32,26,-6,-0.1875,6,6,0,0.0,1,1,0,0.0,0,0,0,,425,425,0,0.0,112,102,-10,-0.08928571428571429,0,0,0,
own_v1,O3,h00024,llvm_default_opt_boundary_3,bundle_pointer_opt,bundle_standard_opt_3,True,9,9,0,0.0,30,30,0,0.0,654,571,-83,-0.12691131498470948,2,2,0,0.0,14,14,0,0.0,12,12,0,0.0,2,2,0,0.0,4,4,0,0.0,1,1,0,0.0,91,71,-20,-0.21978021978021978,304,242,-62,-0.20394736842105263,29,29,0,0.0,26,26,0,0.0,6,6,0,0.0,1,1,0,0.0,0,0,0,,425,343,-82,-0.19294117647058823,102,101,-1,-0.00980392156862745,0,0,0,
own_v1,O3,h00024,custom_storage_delift,bundle_standard_opt_3,bundle_storage_delift,False,9,9,0,0.0,30,30,0,0.0,571,571,0,0.0,2,2,0,0.0,14,14,0,0.0,12,12,0,0.0,2,2,0,0.0,4,4,0,0.0,1,1,0,0.0,71,71,0,0.0,242,242,0,0.0,29,29,0,0.0,26,26,0,0.0,6,6,0,0.0,1,1,0,0.0,0,0,0,,343,343,0,0.0,101,101,0,0.0,0,0,0,
own_v1,O3,h00024,custom_residual_strip,bundle_storage_delift,bundle_residual_strip,False,9,9,0,0.0,30,30,0,0.0,571,571,0,0.0,2,2,0,0.0,14,14,0,0.0,12,12,0,0.0,2,2,0,0.0,4,4,0,0.0,1,1,0,0.0,71,71,0,0.0,242,242,0,0.0,29,29,0,0.0,26,26,0,0.0,6,6,0,0.0,1,1,0,0.0,0,0,0,,343,343,0,0.0,101,101,0,0.0,0,0,0,
own_v1,O3,h00024,final_tail_opt_4_plus_custom_cleanup,bundle_residual_strip,final_clean,False,9,9,0,0.0,30,30,0,0.0,571,571,0,0.0,2,2,0,0.0,14,14,0,0.0,12,12,0,0.0,2,2,0,0.0,4,4,0,0.0,1,1,0,0.0,71,71,0,0.0,242,242,0,0.0,29,29,0,0.0,26,26,0,0.0,6,6,0,0.0,1,1,0,0.0,0,0,0,,343,343,0,0.0,101,101,0,0.0,0,0,0,
own_v1,O3,h00025,main_combined_custom_plus_opt_1_2,raw_lift,brightened_main,False,27,8,-19,-0.7037037037037037,115,42,-73,-0.6347826086956522,1278,958,-320,-0.25039123630672927,43,5,-38,-0.8837209302325582,41,12,-29,-0.7073170731707317,36,10,-26,-0.7222222222222222,5,2,-3,-0.6,9,4,-5,-0.5555555555555556,0,2,2,,79,111,32,0.4050632911392405,234,528,294,1.2564102564102564,5,47,42,8.4,3,43,40,13.333333333333334,9,10,1,0.1111111111111111,1,2,1,1.0,5,0,-5,-1.0,318,688,370,1.1635220125786163,384,125,-259,-0.6744791666666666,0,0,0,
own_v1,O3,h00025,bundle_exact_pointer_passes,bundle_verified_input,bundle_pointer_opt,False,8,8,0,0.0,42,42,0,0.0,958,949,-9,-0.009394572025052192,5,5,0,0.0,12,12,0,0.0,10,10,0,0.0,2,2,0,0.0,4,4,0,0.0,2,2,0,0.0,111,111,0,0.0,528,528,0,0.0,47,47,0,0.0,43,37,-6,-0.13953488372093023,10,10,0,0.0,2,2,0,0.0,0,0,0,,688,688,0,0.0,125,117,-8,-0.064,0,0,0,
own_v1,O3,h00025,llvm_default_opt_boundary_3,bundle_pointer_opt,bundle_standard_opt_3,True,8,8,0,0.0,42,42,0,0.0,949,756,-193,-0.20337197049525815,5,5,0,0.0,12,12,0,0.0,10,10,0,0.0,2,2,0,0.0,4,4,0,0.0,2,2,0,0.0,111,78,-33,-0.2972972972972973,528,371,-157,-0.29734848484848486,47,47,0,0.0,37,35,-2,-0.05405405405405406,10,10,0,0.0,2,2,0,0.0,0,0,0,,688,498,-190,-0.2761627906976744,117,114,-3,-0.02564102564102564,0,0,0,
own_v1,O3,h00025,custom_storage_delift,bundle_standard_opt_3,bundle_storage_delift,False,8,8,0,0.0,42,42,0,0.0,756,756,0,0.0,5,5,0,0.0,12,12,0,0.0,10,10,0,0.0,2,2,0,0.0,4,4,0,0.0,2,2,0,0.0,78,78,0,0.0,371,371,0,0.0,47,47,0,0.0,35,35,0,0.0,10,10,0,0.0,2,2,0,0.0,0,0,0,,498,498,0,0.0,114,114,0,0.0,0,0,0,
own_v1,O3,h00025,custom_residual_strip,bundle_storage_delift,bundle_residual_strip,False,8,8,0,0.0,42,42,0,0.0,756,756,0,0.0,5,5,0,0.0,12,12,0,0.0,10,10,0,0.0,2,2,0,0.0,4,4,0,0.0,2,2,0,0.0,78,78,0,0.0,371,371,0,0.0,47,47,0,0.0,35,35,0,0.0,10,10,0,0.0,2,2,0,0.0,0,0,0,,498,498,0,0.0,114,114,0,0.0,0,0,0,
own_v1,O3,h00025,final_tail_opt_4_plus_custom_cleanup,bundle_residual_strip,final_clean,False,8,8,0,0.0,42,42,0,0.0,756,729,-27,-0.03571428571428571,5,5,0,0.0,12,12,0,0.0,10,10,0,0.0,2,2,0,0.0,4,4,0,0.0,2,2,0,0.0,78,78,0,0.0,371,344,-27,-0.07277628032345014,47,47,0,0.0,35,35,0,0.0,10,10,0,0.0,2,2,0,0.0,0,0,0,,498,471,-27,-0.05421686746987952,114,114,0,0.0,0,0,0,
own_v1,O3,h00026,main_combined_custom_plus_opt_1_2,raw_lift,brightened_main,False,27,9,-18,-0.6666666666666666,184,81,-103,-0.5597826086956522,1718,1192,-526,-0.3061699650756694,76,6,-70,-0.9210526315789473,37,17,-20,-0.5405405405405406,32,15,-17,-0.53125,5,2,-3,-0.6,7,8,1,0.14285714285714285,0,3,3,,109,114,5,0.045871559633027525,257,591,334,1.2996108949416343,4,93,89,22.25,2,37,35,17.5,22,23,1,0.045454545454545456,0,2,2,,3,0,-3,-1.0,370,801,431,1.164864864864865,539,163,-376,-0.6975881261595547,0,0,0,
own_v1,O3,h00026,bundle_exact_pointer_passes,bundle_verified_input,bundle_pointer_opt,False,9,9,0,0.0,81,81,0,0.0,1192,1159,-33,-0.027684563758389263,6,6,0,0.0,17,17,0,0.0,15,15,0,0.0,2,2,0,0.0,8,8,0,0.0,3,3,0,0.0,114,113,-1,-0.008771929824561403,591,590,-1,-0.001692047377326565,93,92,-1,-0.010752688172043012,37,28,-9,-0.24324324324324326,23,23,0,0.0,2,2,0,0.0,0,0,0,,801,798,-3,-0.003745318352059925,163,134,-29,-0.17791411042944785,0,0,0,
own_v1,O3,h00026,llvm_default_opt_boundary_3,bundle_pointer_opt,bundle_standard_opt_3,True,9,2,-7,-0.7777777777777778,81,68,-13,-0.16049382716049382,1159,905,-254,-0.2191544434857636,6,5,-1,-0.16666666666666666,17,12,-5,-0.29411764705882354,15,12,-3,-0.2,2,0,-2,-1.0,8,8,0,0.0,3,3,0,0.0,113,73,-40,-0.35398230088495575,590,424,-166,-0.28135593220338984,92,88,-4,-0.043478260869565216,28,20,-8,-0.2857142857142857,23,21,-2,-0.08695652173913043,2,2,0,0.0,0,0,0,,798,588,-210,-0.2631578947368421,134,116,-18,-0.13432835820895522,0,0,0,
own_v1,O3,h00026,custom_storage_delift,bundle_standard_opt_3,bundle_storage_delift,False,2,2,0,0.0,68,68,0,0.0,905,905,0,0.0,5,5,0,0.0,12,12,0,0.0,12,12,0,0.0,0,0,0,,8,8,0,0.0,3,3,0,0.0,73,73,0,0.0,424,424,0,0.0,88,88,0,0.0,20,20,0,0.0,21,21,0,0.0,2,2,0,0.0,0,0,0,,588,588,0,0.0,116,116,0,0.0,0,0,0,
own_v1,O3,h00026,custom_residual_strip,bundle_storage_delift,bundle_residual_strip,False,2,2,0,0.0,68,68,0,0.0,905,905,0,0.0,5,5,0,0.0,12,12,0,0.0,12,12,0,0.0,0,0,0,,8,8,0,0.0,3,3,0,0.0,73,73,0,0.0,424,424,0,0.0,88,88,0,0.0,20,20,0,0.0,21,21,0,0.0,2,2,0,0.0,0,0,0,,588,588,0,0.0,116,116,0,0.0,0,0,0,
own_v1,O3,h00026,final_tail_opt_4_plus_custom_cleanup,bundle_residual_strip,final_clean,False,2,1,-1,-0.5,68,67,-1,-0.014705882352941176,905,839,-66,-0.07292817679558011,5,5,0,0.0,12,12,0,0.0,12,12,0,0.0,0,0,0,,8,8,0,0.0,3,3,0,0.0,73,73,0,0.0,424,361,-63,-0.14858490566037735,88,88,0,0.0,20,20,0,0.0,21,21,0,0.0,2,2,0,0.0,0,0,0,,588,525,-63,-0.10714285714285714,116,116,0,0.0,0,0,0,
own_v1,O3,h00027,main_combined_custom_plus_opt_1_2,raw_lift,brightened_main,False,27,9,-18,-0.6666666666666666,186,82,-104,-0.5591397849462365,1746,1257,-489,-0.2800687285223368,77,6,-71,-0.922077922077922,40,24,-16,-0.4,35,22,-13,-0.37142857142857144,5,2,-3,-0.6,8,9,1,0.125,0,3,3,,110,137,27,0.24545454545454545,274,623,349,1.2737226277372262,4,88,84,21.0,2,37,35,17.5,21,22,1,0.047619047619047616,0,3,3,,3,0,-3,-1.0,388,851,463,1.193298969072165,553,171,-382,-0.6907775768535263,0,0,0,
own_v1,O3,h00027,bundle_exact_pointer_passes,bundle_verified_input,bundle_pointer_opt,False,9,9,0,0.0,82,82,0,0.0,1257,1219,-38,-0.030230708035003977,6,6,0,0.0,24,24,0,0.0,22,22,0,0.0,2,2,0,0.0,9,9,0,0.0,3,3,0,0.0,137,135,-2,-0.014598540145985401,623,622,-1,-0.0016051364365971107,88,87,-1,-0.011363636363636364,37,28,-9,-0.24324324324324326,22,22,0,0.0,3,3,0,0.0,0,0,0,,851,847,-4,-0.004700352526439483,171,138,-33,-0.19298245614035087,0,0,0,
own_v1,O3,h00027,llvm_default_opt_boundary_3,bundle_pointer_opt,bundle_standard_opt_3,True,9,9,0,0.0,82,82,0,0.0,1219,1065,-154,-0.12633305988515175,6,6,0,0.0,24,23,-1,-0.041666666666666664,22,21,-1,-0.045454545454545456,2,2,0,0.0,9,9,0,0.0,3,3,0,0.0,135,94,-41,-0.3037037037037037,622,511,-111,-0.17845659163987138,87,87,0,0.0,28,28,0,0.0,22,22,0,0.0,3,3,0,0.0,0,0,0,,847,695,-152,-0.179456906729634,138,137,-1,-0.007246376811594203,0,0,0,
own_v1,O3,h00027,custom_storage_delift,bundle_standard_opt_3,bundle_storage_delift,False,9,9,0,0.0,82,82,0,0.0,1065,1065,0,0.0,6,6,0,0.0,23,23,0,0.0,21,21,0,0.0,2,2,0,0.0,9,9,0,0.0,3,3,0,0.0,94,94,0,0.0,511,511,0,0.0,87,87,0,0.0,28,28,0,0.0,22,22,0,0.0,3,3,0,0.0,0,0,0,,695,695,0,0.0,137,137,0,0.0,0,0,0,
own_v1,O3,h00027,custom_residual_strip,bundle_storage_delift,bundle_residual_strip,False,9,9,0,0.0,82,82,0,0.0,1065,1065,0,0.0,6,6,0,0.0,23,23,0,0.0,21,21,0,0.0,2,2,0,0.0,9,9,0,0.0,3,3,0,0.0,94,94,0,0.0,511,511,0,0.0,87,87,0,0.0,28,28,0,0.0,22,22,0,0.0,3,3,0,0.0,0,0,0,,695,695,0,0.0,137,137,0,0.0,0,0,0,
own_v1,O3,h00027,final_tail_opt_4_plus_custom_cleanup,bundle_residual_strip,final_clean,False,9,9,0,0.0,82,82,0,0.0,1065,1056,-9,-0.008450704225352112,6,6,0,0.0,23,21,-2,-0.08695652173913043,21,19,-2,-0.09523809523809523,2,2,0,0.0,9,9,0,0.0,3,3,0,0.0,94,94,0,0.0,511,504,-7,-0.0136986301369863,87,89,2,0.022988505747126436,28,28,0,0.0,22,22,0,0.0,3,3,0,0.0,0,0,0,,695,690,-5,-0.007194244604316547,137,137,0,0.0,0,0,0,
own_v1,O3,h00028,main_combined_custom_plus_opt_1_2,raw_lift,brightened_main,False,26,2,-24,-0.9230769230769231,171,59,-112,-0.6549707602339181,1802,454,-1348,-0.7480577136514983,70,2,-68,-0.9714285714285714,36,9,-27,-0.75,31,9,-22,-0.7096774193548387,5,0,-5,-1.0,8,6,-2,-0.25,0,5,5,,126,67,-59,-0.46825396825396826,253,110,-143,-0.5652173913043478,5,46,41,8.2,2,2,0,0.0,21,20,-1,-0.047619047619047616,0,2,2,,3,0,-3,-1.0,384,228,-156,-0.40625,594,86,-508,-0.8552188552188552,0,0,0,
own_v1,O3,h00028,bundle_exact_pointer_passes,bundle_verified_input,bundle_pointer_opt,False,2,2,0,0.0,59,59,0,0.0,454,454,0,0.0,2,2,0,0.0,9,9,0,0.0,9,9,0,0.0,0,0,0,,6,6,0,0.0,5,5,0,0.0,67,67,0,0.0,110,110,0,0.0,46,46,0,0.0,2,2,0,0.0,20,20,0,0.0,2,2,0,0.0,0,0,0,,228,228,0,0.0,86,86,0,0.0,0,0,0,
own_v1,O3,h00028,llvm_default_opt_boundary_3,bundle_pointer_opt,bundle_standard_opt_3,True,2,2,0,0.0,59,59,0,0.0,454,453,-1,-0.0022026431718061676,2,2,0,0.0,9,9,0,0.0,9,9,0,0.0,0,0,0,,6,6,0,0.0,5,5,0,0.0,67,67,0,0.0,110,110,0,0.0,46,45,-1,-0.021739130434782608,2,2,0,0.0,20,20,0,0.0,2,2,0,0.0,0,0,0,,228,227,-1,-0.0043859649122807015,86,86,0,0.0,0,0,0,
own_v1,O3,h00028,custom_storage_delift,bundle_standard_opt_3,bundle_storage_delift,False,2,2,0,0.0,59,59,0,0.0,453,453,0,0.0,2,2,0,0.0,9,9,0,0.0,9,9,0,0.0,0,0,0,,6,6,0,0.0,5,5,0,0.0,67,67,0,0.0,110,110,0,0.0,45,45,0,0.0,2,2,0,0.0,20,20,0,0.0,2,2,0,0.0,0,0,0,,227,227,0,0.0,86,86,0,0.0,0,0,0,
own_v1,O3,h00028,custom_residual_strip,bundle_storage_delift,bundle_residual_strip,False,2,2,0,0.0,59,59,0,0.0,453,453,0,0.0,2,2,0,0.0,9,9,0,0.0,9,9,0,0.0,0,0,0,,6,6,0,0.0,5,5,0,0.0,67,67,0,0.0,110,110,0,0.0,45,45,0,0.0,2,2,0,0.0,20,20,0,0.0,2,2,0,0.0,0,0,0,,227,227,0,0.0,86,86,0,0.0,0,0,0,
own_v1,O3,h00028,final_tail_opt_4_plus_custom_cleanup,bundle_residual_strip,final_clean,False,2,1,-1,-0.5,59,58,-1,-0.01694915254237288,453,452,-1,-0.002207505518763797,2,2,0,0.0,9,9,0,0.0,9,9,0,0.0,0,0,0,,6,6,0,0.0,5,5,0,0.0,67,67,0,0.0,110,110,0,0.0,45,45,0,0.0,2,2,0,0.0,20,20,0,0.0,2,2,0,0.0,0,0,0,,227,227,0,0.0,86,86,0,0.0,0,0,0,
own_v1,O3,h00029,main_combined_custom_plus_opt_1_2,raw_lift,brightened_main,False,28,10,-18,-0.6428571428571429,184,90,-94,-0.5108695652173914,2035,1951,-84,-0.041277641277641275,75,17,-58,-0.7733333333333333,51,41,-10,-0.19607843137254902,46,39,-7,-0.15217391304347827,5,2,-3,-0.6,15,18,3,0.2,0,6,6,,143,190,47,0.32867132867132864,337,1015,678,2.0118694362017804,6,106,100,16.666666666666668,2,45,43,21.5,19,29,10,0.5263157894736842,0,6,6,,3,0,-3,-1.0,486,1317,831,1.7098765432098766,650,282,-368,-0.5661538461538461,0,0,0,
own_v1,O3,h00029,bundle_exact_pointer_passes,bundle_verified_input,bundle_pointer_opt,False,10,10,0,0.0,90,90,0,0.0,1951,1946,-5,-0.0025627883136852894,17,17,0,0.0,41,41,0,0.0,39,39,0,0.0,2,2,0,0.0,18,18,0,0.0,6,6,0,0.0,190,190,0,0.0,1015,1015,0,0.0,106,106,0,0.0,45,45,0,0.0,29,29,0,0.0,6,6,0,0.0,0,0,0,,1317,1317,0,0.0,282,277,-5,-0.01773049645390071,0,0,0,
own_v1,O3,h00029,llvm_default_opt_boundary_3,bundle_pointer_opt,bundle_standard_opt_3,True,10,10,0,0.0,90,90,0,0.0,1946,1688,-258,-0.13257965056526208,17,17,0,0.0,41,41,0,0.0,39,39,0,0.0,2,2,0,0.0,18,18,0,0.0,6,6,0,0.0,190,137,-53,-0.2789473684210526,1015,813,-202,-0.19901477832512315,106,106,0,0.0,45,45,0,0.0,29,29,0,0.0,6,6,0,0.0,0,0,0,,1317,1062,-255,-0.19362186788154898,277,276,-1,-0.0036101083032490976,0,0,0,
own_v1,O3,h00029,custom_storage_delift,bundle_standard_opt_3,bundle_storage_delift,False,10,10,0,0.0,90,90,0,0.0,1688,1688,0,0.0,17,17,0,0.0,41,41,0,0.0,39,39,0,0.0,2,2,0,0.0,18,18,0,0.0,6,6,0,0.0,137,137,0,0.0,813,813,0,0.0,106,106,0,0.0,45,45,0,0.0,29,29,0,0.0,6,6,0,0.0,0,0,0,,1062,1062,0,0.0,276,276,0,0.0,0,0,0,
own_v1,O3,h00029,custom_residual_strip,bundle_storage_delift,bundle_residual_strip,False,10,10,0,0.0,90,90,0,0.0,1688,1688,0,0.0,17,17,0,0.0,41,41,0,0.0,39,39,0,0.0,2,2,0,0.0,18,18,0,0.0,6,6,0,0.0,137,137,0,0.0,813,813,0,0.0,106,106,0,0.0,45,45,0,0.0,29,29,0,0.0,6,6,0,0.0,0,0,0,,1062,1062,0,0.0,276,276,0,0.0,0,0,0,
own_v1,O3,h00029,final_tail_opt_4_plus_custom_cleanup,bundle_residual_strip,final_clean,False,10,10,0,0.0,90,90,0,0.0,1688,1675,-13,-0.007701421800947867,17,17,0,0.0,41,41,0,0.0,39,39,0,0.0,2,2,0,0.0,18,18,0,0.0,6,6,0,0.0,137,137,0,0.0,813,800,-13,-0.015990159901599015,106,106,0,0.0,45,45,0,0.0,29,29,0,0.0,6,6,0,0.0,0,0,0,,1062,1049,-13,-0.01224105461393597,276,276,0,0.0,0,0,0,
own_v1,O3,h00030,main_combined_custom_plus_opt_1_2,raw_lift,brightened_main,False,26,2,-24,-0.9230769230769231,239,93,-146,-0.6108786610878661,2132,549,-1583,-0.7424953095684803,104,2,-102,-0.9807692307692307,38,4,-34,-0.8947368421052632,33,4,-29,-0.8787878787878788,5,0,-5,-1.0,9,0,-9,-1.0,0,4,4,,130,81,-49,-0.3769230769230769,304,128,-176,-0.5789473684210527,5,38,33,6.6,2,0,-2,-1.0,31,30,-1,-0.03225806451612903,0,2,2,,3,0,-3,-1.0,439,251,-188,-0.428246013667426,691,94,-597,-0.8639652677279306,0,0,0,
own_v1,O3,h00030,bundle_exact_pointer_passes,bundle_verified_input,bundle_pointer_opt,False,2,2,0,0.0,93,93,0,0.0,549,549,0,0.0,2,2,0,0.0,4,4,0,0.0,4,4,0,0.0,0,0,0,,0,0,0,,4,4,0,0.0,81,81,0,0.0,128,128,0,0.0,38,38,0,0.0,0,0,0,,30,30,0,0.0,2,2,0,0.0,0,0,0,,251,251,0,0.0,94,94,0,0.0,0,0,0,
own_v1,O3,h00030,llvm_default_opt_boundary_3,bundle_pointer_opt,bundle_standard_opt_3,True,2,2,0,0.0,93,93,0,0.0,549,548,-1,-0.0018214936247723133,2,2,0,0.0,4,4,0,0.0,4,4,0,0.0,0,0,0,,0,0,0,,4,4,0,0.0,81,81,0,0.0,128,128,0,0.0,38,37,-1,-0.02631578947368421,0,0,0,,30,30,0,0.0,2,2,0,0.0,0,0,0,,251,250,-1,-0.00398406374501992,94,94,0,0.0,0,0,0,
own_v1,O3,h00030,custom_storage_delift,bundle_standard_opt_3,bundle_storage_delift,False,2,2,0,0.0,93,93,0,0.0,548,548,0,0.0,2,2,0,0.0,4,4,0,0.0,4,4,0,0.0,0,0,0,,0,0,0,,4,4,0,0.0,81,81,0,0.0,128,128,0,0.0,37,37,0,0.0,0,0,0,,30,30,0,0.0,2,2,0,0.0,0,0,0,,250,250,0,0.0,94,94,0,0.0,0,0,0,
own_v1,O3,h00030,custom_residual_strip,bundle_storage_delift,bundle_residual_strip,False,2,2,0,0.0,93,93,0,0.0,548,548,0,0.0,2,2,0,0.0,4,4,0,0.0,4,4,0,0.0,0,0,0,,0,0,0,,4,4,0,0.0,81,81,0,0.0,128,128,0,0.0,37,37,0,0.0,0,0,0,,30,30,0,0.0,2,2,0,0.0,0,0,0,,250,250,0,0.0,94,94,0,0.0,0,0,0,
own_v1,O3,h00030,final_tail_opt_4_plus_custom_cleanup,bundle_residual_strip,final_clean,False,2,1,-1,-0.5,93,92,-1,-0.010752688172043012,548,547,-1,-0.0018248175182481751,2,2,0,0.0,4,4,0,0.0,4,4,0,0.0,0,0,0,,0,0,0,,4,4,0,0.0,81,81,0,0.0,128,128,0,0.0,37,37,0,0.0,0,0,0,,30,30,0,0.0,2,2,0,0.0,0,0,0,,250,250,0,0.0,94,94,0,0.0,0,0,0,
own_v1,O3,h00031,main_combined_custom_plus_opt_1_2,raw_lift,brightened_main,False,27,8,-19,-0.7037037037037037,164,73,-91,-0.5548780487804879,1769,1307,-462,-0.26116449971735445,66,10,-56,-0.8484848484848485,47,19,-28,-0.5957446808510638,42,17,-25,-0.5952380952380952,5,2,-3,-0.6,14,8,-6,-0.42857142857142855,0,2,2,,107,125,18,0.16822429906542055,298,697,399,1.3389261744966443,5,71,66,13.2,2,39,37,18.5,17,22,5,0.29411764705882354,0,4,4,,3,0,-3,-1.0,410,895,485,1.1829268292682926,567,183,-384,-0.6772486772486772,0,0,0,
own_v1,O3,h00031,bundle_exact_pointer_passes,bundle_verified_input,bundle_pointer_opt,False,8,8,0,0.0,73,73,0,0.0,1307,1288,-19,-0.014537107880642693,10,10,0,0.0,19,19,0,0.0,17,17,0,0.0,2,2,0,0.0,8,8,0,0.0,2,2,0,0.0,125,124,-1,-0.008,697,697,0,0.0,71,70,-1,-0.014084507042253521,39,33,-6,-0.15384615384615385,22,22,0,0.0,4,4,0,0.0,0,0,0,,895,893,-2,-0.0022346368715083797,183,167,-16,-0.08743169398907104,0,0,0,
own_v1,O3,h00031,llvm_default_opt_boundary_3,bundle_pointer_opt,bundle_standard_opt_3,True,8,8,0,0.0,73,73,0,0.0,1288,1135,-153,-0.1187888198757764,10,10,0,0.0,19,19,0,0.0,17,17,0,0.0,2,2,0,0.0,8,8,0,0.0,2,2,0,0.0,124,88,-36,-0.2903225806451613,697,581,-116,-0.16642754662840745,70,70,0,0.0,33,33,0,0.0,22,22,0,0.0,4,4,0,0.0,0,0,0,,893,741,-152,-0.1702127659574468,167,166,-1,-0.005988023952095809,0,0,0,
own_v1,O3,h00031,custom_storage_delift,bundle_standard_opt_3,bundle_storage_delift,False,8,8,0,0.0,73,73,0,0.0,1135,1135,0,0.0,10,10,0,0.0,19,19,0,0.0,17,17,0,0.0,2,2,0,0.0,8,8,0,0.0,2,2,0,0.0,88,88,0,0.0,581,581,0,0.0,70,70,0,0.0,33,33,0,0.0,22,22,0,0.0,4,4,0,0.0,0,0,0,,741,741,0,0.0,166,166,0,0.0,0,0,0,
own_v1,O3,h00031,custom_residual_strip,bundle_storage_delift,bundle_residual_strip,False,8,8,0,0.0,73,73,0,0.0,1135,1135,0,0.0,10,10,0,0.0,19,19,0,0.0,17,17,0,0.0,2,2,0,0.0,8,8,0,0.0,2,2,0,0.0,88,88,0,0.0,581,581,0,0.0,70,70,0,0.0,33,33,0,0.0,22,22,0,0.0,4,4,0,0.0,0,0,0,,741,741,0,0.0,166,166,0,0.0,0,0,0,
own_v1,O3,h00031,final_tail_opt_4_plus_custom_cleanup,bundle_residual_strip,final_clean,False,8,8,0,0.0,73,73,0,0.0,1135,1122,-13,-0.01145374449339207,10,10,0,0.0,19,19,0,0.0,17,17,0,0.0,2,2,0,0.0,8,8,0,0.0,2,2,0,0.0,88,88,0,0.0,581,568,-13,-0.022375215146299483,70,70,0,0.0,33,33,0,0.0,22,22,0,0.0,4,4,0,0.0,0,0,0,,741,728,-13,-0.017543859649122806,166,166,0,0.0,0,0,0,
own_v1,O3,h00032,main_combined_custom_plus_opt_1_2,raw_lift,brightened_main,False,26,9,-17,-0.6538461538461539,163,70,-93,-0.5705521472392638,1389,921,-468,-0.3369330453563715,66,5,-61,-0.9242424242424242,34,12,-22,-0.6470588235294118,29,10,-19,-0.6551724137931034,5,2,-3,-0.6,7,4,-3,-0.42857142857142855,0,1,1,,84,75,-9,-0.10714285714285714,219,497,278,1.269406392694064,5,57,52,10.4,2,37,35,17.5,18,19,1,0.05555555555555555,0,2,2,,3,0,-3,-1.0,308,630,322,1.0454545454545454,464,137,-327,-0.7047413793103449,0,0,0,
own_v1,O3,h00032,bundle_exact_pointer_passes,bundle_verified_input,bundle_pointer_opt,False,9,9,0,0.0,70,70,0,0.0,921,880,-41,-0.04451682953311618,5,5,0,0.0,12,12,0,0.0,10,10,0,0.0,2,2,0,0.0,4,4,0,0.0,1,1,0,0.0,75,75,0,0.0,497,497,0,0.0,57,57,0,0.0,37,28,-9,-0.24324324324324326,19,19,0,0.0,2,2,0,0.0,0,0,0,,630,630,0,0.0,137,109,-28,-0.20437956204379562,0,0,0,
own_v1,O3,h00032,llvm_default_opt_boundary_3,bundle_pointer_opt,bundle_standard_opt_3,True,9,9,0,0.0,70,70,0,0.0,880,759,-121,-0.1375,5,5,0,0.0,12,12,0,0.0,10,10,0,0.0,2,2,0,0.0,4,4,0,0.0,1,1,0,0.0,75,65,-10,-0.13333333333333333,497,387,-110,-0.22132796780684105,57,57,0,0.0,28,28,0,0.0,19,19,0,0.0,2,2,0,0.0,0,0,0,,630,510,-120,-0.19047619047619047,109,108,-1,-0.009174311926605505,0,0,0,
own_v1,O3,h00032,custom_storage_delift,bundle_standard_opt_3,bundle_storage_delift,False,9,9,0,0.0,70,70,0,0.0,759,759,0,0.0,5,5,0,0.0,12,12,0,0.0,10,10,0,0.0,2,2,0,0.0,4,4,0,0.0,1,1,0,0.0,65,65,0,0.0,387,387,0,0.0,57,57,0,0.0,28,28,0,0.0,19,19,0,0.0,2,2,0,0.0,0,0,0,,510,510,0,0.0,108,108,0,0.0,0,0,0,
own_v1,O3,h00032,custom_residual_strip,bundle_storage_delift,bundle_residual_strip,False,9,9,0,0.0,70,70,0,0.0,759,759,0,0.0,5,5,0,0.0,12,12,0,0.0,10,10,0,0.0,2,2,0,0.0,4,4,0,0.0,1,1,0,0.0,65,65,0,0.0,387,387,0,0.0,57,57,0,0.0,28,28,0,0.0,19,19,0,0.0,2,2,0,0.0,0,0,0,,510,510,0,0.0,108,108,0,0.0,0,0,0,
own_v1,O3,h00032,final_tail_opt_4_plus_custom_cleanup,bundle_residual_strip,final_clean,False,9,9,0,0.0,70,70,0,0.0,759,727,-32,-0.04216073781291173,5,5,0,0.0,12,12,0,0.0,10,10,0,0.0,2,2,0,0.0,4,4,0,0.0,1,1,0,0.0,65,65,0,0.0,387,355,-32,-0.082687338501292,57,57,0,0.0,28,28,0,0.0,19,19,0,0.0,2,2,0,0.0,0,0,0,,510,478,-32,-0.06274509803921569,108,108,0,0.0,0,0,0,
own_v1,O3,h00033,main_combined_custom_plus_opt_1_2,raw_lift,brightened_main,False,27,9,-18,-0.6666666666666666,147,62,-85,-0.5782312925170068,1750,1423,-327,-0.18685714285714286,58,6,-52,-0.896551724137931,49,34,-15,-0.30612244897959184,44,32,-12,-0.2727272727272727,5,2,-3,-0.6,16,13,-3,-0.1875,0,5,5,,116,137,21,0.1810344827586207,308,694,386,1.2532467532467533,4,48,44,11.0,4,33,29,7.25,18,20,2,0.1111111111111111,0,2,2,,4,0,-4,-1.0,428,884,456,1.0654205607476634,548,247,-301,-0.5492700729927007,0,0,0,
own_v1,O3,h00033,bundle_exact_pointer_passes,bundle_verified_input,bundle_pointer_opt,False,9,9,0,0.0,62,62,0,0.0,1423,1416,-7,-0.004919184820801124,6,6,0,0.0,34,34,0,0.0,32,32,0,0.0,2,2,0,0.0,13,13,0,0.0,5,5,0,0.0,137,137,0,0.0,694,694,0,0.0,48,48,0,0.0,33,29,-4,-0.12121212121212122,20,20,0,0.0,2,2,0,0.0,0,0,0,,884,884,0,0.0,247,240,-7,-0.02834008097165992,0,0,0,
own_v1,O3,h00033,llvm_default_opt_boundary_3,bundle_pointer_opt,bundle_standard_opt_3,True,9,9,0,0.0,62,62,0,0.0,1416,1135,-281,-0.1984463276836158,6,6,0,0.0,34,31,-3,-0.08823529411764706,32,29,-3,-0.09375,2,2,0,0.0,13,12,-1,-0.07692307692307693,5,5,0,0.0,137,103,-34,-0.24817518248175183,694,463,-231,-0.33285302593659943,48,48,0,0.0,29,27,-2,-0.06896551724137931,20,20,0,0.0,2,2,0,0.0,0,0,0,,884,619,-265,-0.2997737556561086,240,233,-7,-0.029166666666666667,0,0,0,
own_v1,O3,h00033,custom_storage_delift,bundle_standard_opt_3,bundle_storage_delift,False,9,9,0,0.0,62,62,0,0.0,1135,1135,0,0.0,6,6,0,0.0,31,31,0,0.0,29,29,0,0.0,2,2,0,0.0,12,12,0,0.0,5,5,0,0.0,103,103,0,0.0,463,463,0,0.0,48,48,0,0.0,27,27,0,0.0,20,20,0,0.0,2,2,0,0.0,0,0,0,,619,619,0,0.0,233,233,0,0.0,0,0,0,
own_v1,O3,h00033,custom_residual_strip,bundle_storage_delift,bundle_residual_strip,False,9,9,0,0.0,62,62,0,0.0,1135,1135,0,0.0,6,6,0,0.0,31,31,0,0.0,29,29,0,0.0,2,2,0,0.0,12,12,0,0.0,5,5,0,0.0,103,103,0,0.0,463,463,0,0.0,48,48,0,0.0,27,27,0,0.0,20,20,0,0.0,2,2,0,0.0,0,0,0,,619,619,0,0.0,233,233,0,0.0,0,0,0,
own_v1,O3,h00033,final_tail_opt_4_plus_custom_cleanup,bundle_residual_strip,final_clean,False,9,9,0,0.0,62,62,0,0.0,1135,1118,-17,-0.014977973568281937,6,6,0,0.0,31,31,0,0.0,29,29,0,0.0,2,2,0,0.0,12,12,0,0.0,5,5,0,0.0,103,103,0,0.0,463,448,-15,-0.032397408207343416,48,48,0,0.0,27,27,0,0.0,20,20,0,0.0,2,2,0,0.0,0,0,0,,619,604,-15,-0.024232633279483037,233,231,-2,-0.008583690987124463,0,0,0,
own_v1,O3,h00034,main_combined_custom_plus_opt_1_2,raw_lift,brightened_main,False,32,9,-23,-0.71875,171,71,-100,-0.5847953216374269,1816,1540,-276,-0.15198237885462554,67,5,-62,-0.9253731343283582,55,25,-30,-0.5454545454545454,50,23,-27,-0.54,5,2,-3,-0.6,15,6,-9,-0.6,0,1,1,,122,132,10,0.08196721311475409,323,866,543,1.6811145510835914,4,87,83,20.75,2,39,37,18.5,17,28,11,0.6470588235294118,0,2,2,,3,0,-3,-1.0,449,1086,637,1.418708240534521,568,203,-365,-0.6426056338028169,0,0,0,
own_v1,O3,h00034,bundle_exact_pointer_passes,bundle_verified_input,bundle_pointer_opt,False,9,9,0,0.0,71,71,0,0.0,1540,1534,-6,-0.003896103896103896,5,5,0,0.0,25,25,0,0.0,23,23,0,0.0,2,2,0,0.0,6,6,0,0.0,1,1,0,0.0,132,132,0,0.0,866,866,0,0.0,87,87,0,0.0,39,36,-3,-0.07692307692307693,28,28,0,0.0,2,2,0,0.0,0,0,0,,1086,1086,0,0.0,203,197,-6,-0.029556650246305417,0,0,0,
own_v1,O3,h00034,llvm_default_opt_boundary_3,bundle_pointer_opt,bundle_standard_opt_3,True,9,9,0,0.0,71,71,0,0.0,1534,1329,-205,-0.13363754889178617,5,5,0,0.0,25,25,0,0.0,23,23,0,0.0,2,2,0,0.0,6,6,0,0.0,1,1,0,0.0,132,123,-9,-0.06818181818181818,866,671,-195,-0.2251732101616628,87,87,0,0.0,36,36,0,0.0,28,28,0,0.0,2,2,0,0.0,0,0,0,,1086,882,-204,-0.1878453038674033,197,196,-1,-0.005076142131979695,0,0,0,
own_v1,O3,h00034,custom_storage_delift,bundle_standard_opt_3,bundle_storage_delift,False,9,9,0,0.0,71,71,0,0.0,1329,1329,0,0.0,5,5,0,0.0,25,25,0,0.0,23,23,0,0.0,2,2,0,0.0,6,6,0,0.0,1,1,0,0.0,123,123,0,0.0,671,671,0,0.0,87,87,0,0.0,36,36,0,0.0,28,28,0,0.0,2,2,0,0.0,0,0,0,,882,882,0,0.0,196,196,0,0.0,0,0,0,
own_v1,O3,h00034,custom_residual_strip,bundle_storage_delift,bundle_residual_strip,False,9,9,0,0.0,71,71,0,0.0,1329,1329,0,0.0,5,5,0,0.0,25,25,0,0.0,23,23,0,0.0,2,2,0,0.0,6,6,0,0.0,1,1,0,0.0,123,123,0,0.0,671,671,0,0.0,87,87,0,0.0,36,36,0,0.0,28,28,0,0.0,2,2,0,0.0,0,0,0,,882,882,0,0.0,196,196,0,0.0,0,0,0,
own_v1,O3,h00034,final_tail_opt_4_plus_custom_cleanup,bundle_residual_strip,final_clean,False,9,9,0,0.0,71,71,0,0.0,1329,1286,-43,-0.03235515425131678,5,5,0,0.0,25,25,0,0.0,23,23,0,0.0,2,2,0,0.0,6,6,0,0.0,1,1,0,0.0,123,123,0,0.0,671,628,-43,-0.06408345752608048,87,87,0,0.0,36,36,0,0.0,28,28,0,0.0,2,2,0,0.0,0,0,0,,882,839,-43,-0.048752834467120185,196,196,0,0.0,0,0,0,
own_v1,O3,h00035,main_combined_custom_plus_opt_1_2,raw_lift,brightened_main,False,30,11,-19,-0.6333333333333333,138,53,-85,-0.6159420289855072,1621,1189,-432,-0.2665021591610117,51,5,-46,-0.9019607843137255,44,25,-19,-0.4318181818181818,38,22,-16,-0.42105263157894735,6,3,-3,-0.5,11,10,-1,-0.09090909090909091,0,4,4,,115,136,21,0.1826086956521739,250,599,349,1.396,7,67,60,8.571428571428571,2,41,39,19.5,11,14,3,0.2727272727272727,0,3,3,,3,0,-3,-1.0,372,806,434,1.1666666666666667,483,167,-316,-0.6542443064182195,0,0,0,
own_v1,O3,h00035,bundle_exact_pointer_passes,bundle_verified_input,bundle_pointer_opt,False,11,11,0,0.0,53,53,0,0.0,1189,1173,-16,-0.01345668629100084,5,5,0,0.0,25,25,0,0.0,22,22,0,0.0,3,3,0,0.0,10,10,0,0.0,4,4,0,0.0,136,135,-1,-0.007352941176470588,599,599,0,0.0,67,66,-1,-0.014925373134328358,41,35,-6,-0.14634146341463414,14,14,0,0.0,3,3,0,0.0,0,0,0,,806,804,-2,-0.0024813895781637717,167,157,-10,-0.059880239520958084,0,0,0,
own_v1,O3,h00035,llvm_default_opt_boundary_3,bundle_pointer_opt,bundle_standard_opt_3,True,11,11,0,0.0,53,53,0,0.0,1173,966,-207,-0.17647058823529413,5,5,0,0.0,25,25,0,0.0,22,22,0,0.0,3,3,0,0.0,10,10,0,0.0,4,4,0,0.0,135,102,-33,-0.24444444444444444,599,425,-174,-0.2904841402337229,66,66,0,0.0,35,35,0,0.0,14,14,0,0.0,3,3,0,0.0,0,0,0,,804,597,-207,-0.2574626865671642,157,157,0,0.0,0,0,0,
own_v1,O3,h00035,custom_storage_delift,bundle_standard_opt_3,bundle_storage_delift,False,11,11,0,0.0,53,53,0,0.0,966,966,0,0.0,5,5,0,0.0,25,25,0,0.0,22,22,0,0.0,3,3,0,0.0,10,10,0,0.0,4,4,0,0.0,102,102,0,0.0,425,425,0,0.0,66,66,0,0.0,35,35,0,0.0,14,14,0,0.0,3,3,0,0.0,0,0,0,,597,597,0,0.0,157,157,0,0.0,0,0,0,
own_v1,O3,h00035,custom_residual_strip,bundle_storage_delift,bundle_residual_strip,False,11,11,0,0.0,53,53,0,0.0,966,966,0,0.0,5,5,0,0.0,25,25,0,0.0,22,22,0,0.0,3,3,0,0.0,10,10,0,0.0,4,4,0,0.0,102,102,0,0.0,425,425,0,0.0,66,66,0,0.0,35,35,0,0.0,14,14,0,0.0,3,3,0,0.0,0,0,0,,597,597,0,0.0,157,157,0,0.0,0,0,0,
own_v1,O3,h00035,final_tail_opt_4_plus_custom_cleanup,bundle_residual_strip,final_clean,False,11,11,0,0.0,53,53,0,0.0,966,958,-8,-0.008281573498964804,5,5,0,0.0,25,25,0,0.0,22,22,0,0.0,3,3,0,0.0,10,10,0,0.0,4,4,0,0.0,102,102,0,0.0,425,417,-8,-0.018823529411764704,66,66,0,0.0,35,35,0,0.0,14,14,0,0.0,3,3,0,0.0,0,0,0,,597,589,-8,-0.01340033500837521,157,157,0,0.0,0,0,0,
own_v1,O3,h00036,main_combined_custom_plus_opt_1_2,raw_lift,brightened_main,False,26,2,-24,-0.9230769230769231,83,16,-67,-0.8072289156626506,1004,111,-893,-0.8894422310756972,26,1,-25,-0.9615384615384616,35,3,-32,-0.9142857142857143,30,3,-27,-0.9,5,0,-5,-1.0,8,1,-7,-0.875,0,1,1,,58,12,-46,-0.7931034482758621,161,27,-134,-0.8322981366459627,4,16,12,3.0,4,5,1,0.25,7,4,-3,-0.42857142857142855,0,1,1,,3,0,-3,-1.0,223,56,-167,-0.7488789237668162,314,18,-296,-0.9426751592356688,0,0,0,
own_v1,O3,h00036,bundle_exact_pointer_passes,bundle_verified_input,bundle_pointer_opt,False,2,2,0,0.0,16,16,0,0.0,111,111,0,0.0,1,1,0,0.0,3,3,0,0.0,3,3,0,0.0,0,0,0,,1,1,0,0.0,1,1,0,0.0,12,12,0,0.0,27,27,0,0.0,16,16,0,0.0,5,5,0,0.0,4,4,0,0.0,1,1,0,0.0,0,0,0,,56,56,0,0.0,18,18,0,0.0,0,0,0,
own_v1,O3,h00036,llvm_default_opt_boundary_3,bundle_pointer_opt,bundle_standard_opt_3,True,2,2,0,0.0,16,16,0,0.0,111,110,-1,-0.009009009009009009,1,1,0,0.0,3,3,0,0.0,3,3,0,0.0,0,0,0,,1,1,0,0.0,1,1,0,0.0,12,12,0,0.0,27,27,0,0.0,16,15,-1,-0.0625,5,5,0,0.0,4,4,0,0.0,1,1,0,0.0,0,0,0,,56,55,-1,-0.017857142857142856,18,18,0,0.0,0,0,0,
own_v1,O3,h00036,custom_storage_delift,bundle_standard_opt_3,bundle_storage_delift,False,2,2,0,0.0,16,16,0,0.0,110,110,0,0.0,1,1,0,0.0,3,3,0,0.0,3,3,0,0.0,0,0,0,,1,1,0,0.0,1,1,0,0.0,12,12,0,0.0,27,27,0,0.0,15,15,0,0.0,5,5,0,0.0,4,4,0,0.0,1,1,0,0.0,0,0,0,,55,55,0,0.0,18,18,0,0.0,0,0,0,
own_v1,O3,h00036,custom_residual_strip,bundle_storage_delift,bundle_residual_strip,False,2,2,0,0.0,16,16,0,0.0,110,110,0,0.0,1,1,0,0.0,3,3,0,0.0,3,3,0,0.0,0,0,0,,1,1,0,0.0,1,1,0,0.0,12,12,0,0.0,27,27,0,0.0,15,15,0,0.0,5,5,0,0.0,4,4,0,0.0,1,1,0,0.0,0,0,0,,55,55,0,0.0,18,18,0,0.0,0,0,0,
own_v1,O3,h00036,final_tail_opt_4_plus_custom_cleanup,bundle_residual_strip,final_clean,False,2,1,-1,-0.5,16,15,-1,-0.0625,110,109,-1,-0.00909090909090909,1,1,0,0.0,3,3,0,0.0,3,3,0,0.0,0,0,0,,1,1,0,0.0,1,1,0,0.0,12,12,0,0.0,27,27,0,0.0,15,15,0,0.0,5,5,0,0.0,4,4,0,0.0,1,1,0,0.0,0,0,0,,55,55,0,0.0,18,18,0,0.0,0,0,0,
own_v1,O3,h00037,main_combined_custom_plus_opt_1_2,raw_lift,brightened_main,False,28,9,-19,-0.6785714285714286,96,33,-63,-0.65625,1123,718,-405,-0.3606411398040962,33,4,-29,-0.8787878787878788,43,16,-27,-0.627906976744186,38,14,-24,-0.631578947368421,5,2,-3,-0.6,10,5,-5,-0.5,0,1,1,,79,96,17,0.21518987341772153,215,342,127,0.5906976744186047,7,29,22,3.142857142857143,4,38,34,8.5,5,6,1,0.2,2,3,1,0.5,4,0,-4,-1.0,301,468,167,0.5548172757475083,322,117,-205,-0.6366459627329193,0,0,0,
own_v1,O3,h00037,bundle_exact_pointer_passes,bundle_verified_input,bundle_pointer_opt,False,9,9,0,0.0,33,33,0,0.0,718,712,-6,-0.008356545961002786,4,4,0,0.0,16,16,0,0.0,14,14,0,0.0,2,2,0,0.0,5,5,0,0.0,1,1,0,0.0,96,96,0,0.0,342,342,0,0.0,29,29,0,0.0,38,34,-4,-0.10526315789473684,6,6,0,0.0,3,3,0,0.0,0,0,0,,468,468,0,0.0,117,112,-5,-0.042735042735042736,0,0,0,
own_v1,O3,h00037,llvm_default_opt_boundary_3,bundle_pointer_opt,bundle_standard_opt_3,True,9,9,0,0.0,33,33,0,0.0,712,603,-109,-0.15308988764044945,4,4,0,0.0,16,16,0,0.0,14,14,0,0.0,2,2,0,0.0,5,5,0,0.0,1,1,0,0.0,96,80,-16,-0.16666666666666666,342,253,-89,-0.260233918128655,29,29,0,0.0,34,32,-2,-0.058823529411764705,6,6,0,0.0,3,3,0,0.0,0,0,0,,468,363,-105,-0.22435897435897437,112,108,-4,-0.03571428571428571,0,0,0,
own_v1,O3,h00037,custom_storage_delift,bundle_standard_opt_3,bundle_storage_delift,False,9,9,0,0.0,33,33,0,0.0,603,603,0,0.0,4,4,0,0.0,16,16,0,0.0,14,14,0,0.0,2,2,0,0.0,5,5,0,0.0,1,1,0,0.0,80,80,0,0.0,253,253,0,0.0,29,29,0,0.0,32,32,0,0.0,6,6,0,0.0,3,3,0,0.0,0,0,0,,363,363,0,0.0,108,108,0,0.0,0,0,0,
own_v1,O3,h00037,custom_residual_strip,bundle_storage_delift,bundle_residual_strip,False,9,9,0,0.0,33,33,0,0.0,603,603,0,0.0,4,4,0,0.0,16,16,0,0.0,14,14,0,0.0,2,2,0,0.0,5,5,0,0.0,1,1,0,0.0,80,80,0,0.0,253,253,0,0.0,29,29,0,0.0,32,32,0,0.0,6,6,0,0.0,3,3,0,0.0,0,0,0,,363,363,0,0.0,108,108,0,0.0,0,0,0,
own_v1,O3,h00037,final_tail_opt_4_plus_custom_cleanup,bundle_residual_strip,final_clean,False,9,9,0,0.0,33,33,0,0.0,603,600,-3,-0.004975124378109453,4,4,0,0.0,16,16,0,0.0,14,14,0,0.0,2,2,0,0.0,5,5,0,0.0,1,1,0,0.0,80,80,0,0.0,253,250,-3,-0.011857707509881422,29,29,0,0.0,32,32,0,0.0,6,6,0,0.0,3,3,0,0.0,0,0,0,,363,360,-3,-0.008264462809917356,108,108,0,0.0,0,0,0,
own_v1,O3,h00038,main_combined_custom_plus_opt_1_2,raw_lift,brightened_main,False,28,5,-23,-0.8214285714285714,166,54,-112,-0.6746987951807228,2086,1195,-891,-0.4271332694151486,69,6,-63,-0.9130434782608695,56,13,-43,-0.7678571428571429,51,13,-38,-0.7450980392156863,5,0,-5,-1.0,20,7,-13,-0.65,0,1,1,,123,142,19,0.15447154471544716,352,509,157,0.4460227272727273,7,38,31,4.428571428571429,3,60,57,19.0,12,11,-1,-0.08333333333333333,0,4,4,,10,1,-9,-0.9,482,690,208,0.4315352697095436,634,225,-409,-0.6451104100946372,0,0,0,
own_v1,O3,h00038,bundle_exact_pointer_passes,bundle_verified_input,bundle_pointer_opt,False,5,5,0,0.0,54,54,0,0.0,1195,1182,-13,-0.010878661087866108,6,6,0,0.0,13,13,0,0.0,13,13,0,0.0,0,0,0,,7,7,0,0.0,1,1,0,0.0,142,142,0,0.0,509,509,0,0.0,38,38,0,0.0,60,60,0,0.0,11,11,0,0.0,4,4,0,0.0,1,1,0,0.0,690,690,0,0.0,225,211,-14,-0.06222222222222222,0,0,0,
own_v1,O3,h00038,llvm_default_opt_boundary_3,bundle_pointer_opt,bundle_standard_opt_3,True,5,5,0,0.0,54,54,0,0.0,1182,1008,-174,-0.14720812182741116,6,6,0,0.0,13,11,-2,-0.15384615384615385,13,11,-2,-0.15384615384615385,0,0,0,,7,5,-2,-0.2857142857142857,1,1,0,0.0,142,107,-35,-0.24647887323943662,509,433,-76,-0.14931237721021612,38,38,0,0.0,60,59,-1,-0.016666666666666666,11,11,0,0.0,4,4,0,0.0,1,1,0,0.0,690,579,-111,-0.1608695652173913,211,189,-22,-0.10426540284360189,0,0,0,
own_v1,O3,h00038,custom_storage_delift,bundle_standard_opt_3,bundle_storage_delift,False,5,5,0,0.0,54,54,0,0.0,1008,1008,0,0.0,6,6,0,0.0,11,11,0,0.0,11,11,0,0.0,0,0,0,,5,5,0,0.0,1,1,0,0.0,107,107,0,0.0,433,433,0,0.0,38,38,0,0.0,59,59,0,0.0,11,11,0,0.0,4,4,0,0.0,1,1,0,0.0,579,579,0,0.0,189,189,0,0.0,0,0,0,
own_v1,O3,h00038,custom_residual_strip,bundle_storage_delift,bundle_residual_strip,False,5,5,0,0.0,54,54,0,0.0,1008,1008,0,0.0,6,6,0,0.0,11,11,0,0.0,11,11,0,0.0,0,0,0,,5,5,0,0.0,1,1,0,0.0,107,107,0,0.0,433,433,0,0.0,38,38,0,0.0,59,59,0,0.0,11,11,0,0.0,4,4,0,0.0,1,1,0,0.0,579,579,0,0.0,189,189,0,0.0,0,0,0,
own_v1,O3,h00038,final_tail_opt_4_plus_custom_cleanup,bundle_residual_strip,final_clean,False,5,0,-5,-1.0,54,0,-54,-1.0,1008,0,-1008,-1.0,6,0,-6,-1.0,11,0,-11,-1.0,11,0,-11,-1.0,0,0,0,,5,0,-5,-1.0,1,0,-1,-1.0,107,0,-107,-1.0,433,0,-433,-1.0,38,0,-38,-1.0,59,0,-59,-1.0,11,0,-11,-1.0,4,0,-4,-1.0,1,0,-1,-1.0,579,0,-579,-1.0,189,0,-189,-1.0,0,0,0,
own_v1,O3,h00039,main_combined_custom_plus_opt_1_2,raw_lift,brightened_main,False,26,2,-24,-0.9230769230769231,99,22,-77,-0.7777777777777778,1236,158,-1078,-0.872168284789644,34,1,-33,-0.9705882352941176,37,3,-34,-0.918918918918919,32,3,-29,-0.90625,5,0,-5,-1.0,9,0,-9,-1.0,0,2,2,,71,22,-49,-0.6901408450704225,187,35,-152,-0.8128342245989305,5,22,17,3.4,2,2,0,0.0,7,6,-1,-0.14285714285714285,0,1,1,,3,0,-3,-1.0,263,81,-182,-0.6920152091254753,402,16,-386,-0.9601990049751243,0,0,0,
own_v1,O3,h00039,bundle_exact_pointer_passes,bundle_verified_input,bundle_pointer_opt,False,2,2,0,0.0,22,22,0,0.0,158,158,0,0.0,1,1,0,0.0,3,3,0,0.0,3,3,0,0.0,0,0,0,,0,0,0,,2,2,0,0.0,22,22,0,0.0,35,35,0,0.0,22,22,0,0.0,2,2,0,0.0,6,6,0,0.0,1,1,0,0.0,0,0,0,,81,81,0,0.0,16,16,0,0.0,0,0,0,
own_v1,O3,h00039,llvm_default_opt_boundary_3,bundle_pointer_opt,bundle_standard_opt_3,True,2,2,0,0.0,22,22,0,0.0,158,157,-1,-0.006329113924050633,1,1,0,0.0,3,3,0,0.0,3,3,0,0.0,0,0,0,,0,0,0,,2,2,0,0.0,22,22,0,0.0,35,35,0,0.0,22,21,-1,-0.045454545454545456,2,2,0,0.0,6,6,0,0.0,1,1,0,0.0,0,0,0,,81,80,-1,-0.012345679012345678,16,16,0,0.0,0,0,0,
own_v1,O3,h00039,custom_storage_delift,bundle_standard_opt_3,bundle_storage_delift,False,2,2,0,0.0,22,22,0,0.0,157,157,0,0.0,1,1,0,0.0,3,3,0,0.0,3,3,0,0.0,0,0,0,,0,0,0,,2,2,0,0.0,22,22,0,0.0,35,35,0,0.0,21,21,0,0.0,2,2,0,0.0,6,6,0,0.0,1,1,0,0.0,0,0,0,,80,80,0,0.0,16,16,0,0.0,0,0,0,
own_v1,O3,h00039,custom_residual_strip,bundle_storage_delift,bundle_residual_strip,False,2,2,0,0.0,22,22,0,0.0,157,157,0,0.0,1,1,0,0.0,3,3,0,0.0,3,3,0,0.0,0,0,0,,0,0,0,,2,2,0,0.0,22,22,0,0.0,35,35,0,0.0,21,21,0,0.0,2,2,0,0.0,6,6,0,0.0,1,1,0,0.0,0,0,0,,80,80,0,0.0,16,16,0,0.0,0,0,0,
own_v1,O3,h00039,final_tail_opt_4_plus_custom_cleanup,bundle_residual_strip,final_clean,False,2,1,-1,-0.5,22,21,-1,-0.045454545454545456,157,156,-1,-0.006369426751592357,1,1,0,0.0,3,3,0,0.0,3,3,0,0.0,0,0,0,,0,0,0,,2,2,0,0.0,22,22,0,0.0,35,35,0,0.0,21,21,0,0.0,2,2,0,0.0,6,6,0,0.0,1,1,0,0.0,0,0,0,,80,80,0,0.0,16,16,0,0.0,0,0,0,
own_v1,O3,h00040,main_combined_custom_plus_opt_1_2,raw_lift,brightened_main,False,31,9,-22,-0.7096774193548387,164,72,-92,-0.5609756097560976,1783,1912,129,0.0723499719573752,64,6,-58,-0.90625,56,27,-29,-0.5178571428571429,51,25,-26,-0.5098039215686274,5,2,-3,-0.6,17,13,-4,-0.23529411764705882,0,5,5,,114,157,43,0.37719298245614036,326,881,555,1.7024539877300613,4,182,178,44.5,4,35,31,7.75,18,104,86,4.777777777777778,0,2,2,,3,0,-3,-1.0,444,1225,781,1.759009009009009,531,344,-187,-0.352165725047081,0,0,0,
own_v1,O3,h00040,bundle_exact_pointer_passes,bundle_verified_input,bundle_pointer_opt,False,9,9,0,0.0,72,72,0,0.0,1912,1912,0,0.0,6,6,0,0.0,27,27,0,0.0,25,25,0,0.0,2,2,0,0.0,13,13,0,0.0,5,5,0,0.0,157,157,0,0.0,881,881,0,0.0,182,182,0,0.0,35,35,0,0.0,104,104,0,0.0,2,2,0,0.0,0,0,0,,1225,1225,0,0.0,344,344,0,0.0,0,0,0,
own_v1,O3,h00040,llvm_default_opt_boundary_3,bundle_pointer_opt,bundle_standard_opt_3,True,9,9,0,0.0,72,72,0,0.0,1912,1650,-262,-0.13702928870292888,6,6,0,0.0,27,29,2,0.07407407407407407,25,27,2,0.08,2,2,0,0.0,13,15,2,0.15384615384615385,5,5,0,0.0,157,119,-38,-0.24203821656050956,881,662,-219,-0.24858115777525538,182,178,-4,-0.02197802197802198,35,32,-3,-0.08571428571428572,104,104,0,0.0,2,2,0,0.0,0,0,0,,1225,964,-261,-0.21306122448979592,344,341,-3,-0.00872093023255814,0,0,0,
own_v1,O3,h00040,custom_storage_delift,bundle_standard_opt_3,bundle_storage_delift,False,9,9,0,0.0,72,72,0,0.0,1650,1650,0,0.0,6,6,0,0.0,29,29,0,0.0,27,27,0,0.0,2,2,0,0.0,15,15,0,0.0,5,5,0,0.0,119,119,0,0.0,662,662,0,0.0,178,178,0,0.0,32,32,0,0.0,104,104,0,0.0,2,2,0,0.0,0,0,0,,964,964,0,0.0,341,341,0,0.0,0,0,0,
own_v1,O3,h00040,custom_residual_strip,bundle_storage_delift,bundle_residual_strip,False,9,9,0,0.0,72,72,0,0.0,1650,1650,0,0.0,6,6,0,0.0,29,29,0,0.0,27,27,0,0.0,2,2,0,0.0,15,15,0,0.0,5,5,0,0.0,119,119,0,0.0,662,662,0,0.0,178,178,0,0.0,32,32,0,0.0,104,104,0,0.0,2,2,0,0.0,0,0,0,,964,964,0,0.0,341,341,0,0.0,0,0,0,
own_v1,O3,h00040,final_tail_opt_4_plus_custom_cleanup,bundle_residual_strip,final_clean,False,9,9,0,0.0,72,72,0,0.0,1650,1615,-35,-0.021212121212121213,6,6,0,0.0,29,29,0,0.0,27,27,0,0.0,2,2,0,0.0,15,15,0,0.0,5,5,0,0.0,119,119,0,0.0,662,627,-35,-0.052870090634441085,178,178,0,0.0,32,32,0,0.0,104,104,0,0.0,2,2,0,0.0,0,0,0,,964,929,-35,-0.03630705394190872,341,341,0,0.0,0,0,0,
